آذى	ʔ aː z a
أبجورة	ʔ a b a d͡ʒ oː r a
أبغى	ʔ a b ɣ a
أبلة	ʔ a b l a
أبلة	ʔ a b ɫ a
أبله	ʔ a b l a h
أتسلق	ʔ a t s a lː a ɡ
أتكلم	ʔ a t k a lː a m
أثني	ʔ a t n i
أحبك	ʔ a ħ u bː a k
أحبك	ʔ a ħ u bː i k
أخت	ʔ u x t
أدري	ʔ a d r i
أدي	ʔ a dː i
أرخبيل	ʔ a r x a b iː l
أرقوز	ʔ a r a ɡ oː z
أزرق	ʔ a z r a ɡ
أسبوع	u s b uː ʕ
أستحمى	ʔ a s t a ħ a mː a
أسطوانة	ʔ u s tˤ u w aː n a
أصباع	ʔ u sˤ b aː ʕ
أصنصير	ʔ a sˤ a n sˤ eː r
أطالع	ʔ a tˤ aː l i ʕ
أغمض	ʔ a ɣ a mː i dˤ
أغنية	ʔ u ɣ n i j a
أغنية	ʔ u ɣ n i jː a
أقادير	ʔ a ɡ aː d iː r
أقدر	ʔ a ɡ a dː i r
أقدر	ʔ a ɡ d a r
أكرانيا	ʔ u k r aː n j a
ألبوم	a l b uː m
ألو	a l u
أملط	a m l a tˤ
أنة	ʔ a nː a
أنقليس	ʔ a n ɡ a l iː s
أهو	ʔ a h oː
أوحش	ʔ a w ħ a ʃ
أوربا	ʔ oː r u bː a
أوربا	ʔ oː r u pː a
أوسلو	ʔ oː s l oː
أوسلو	ʔ oː s l u
أوقست	ʔ oː ɡ a s t
أوقست	ʔ oː ɡ i s t
أڤكادو	ʔ a f u k aː d u
أڤكادو	ʔ a v u k aː d u
إبتزاز	ʔ i b t i z aː z
إبريق	ʔ i b r iː ɡ
إستونيا	ʔ i s t oː n j a
إسورة	ʔ i s w a r a
إسپانيا	i s b aː n j a
إسپانيا	i s p aː n j a
إلين	ʔ i l eː n
إنقلترا	i n ɡ i l t r a
إنقليزي	i n ɡ i l iː z i
إيش	ʔ eː ʃ
إيقاع	ʔ iː ɡ aː ʕ
إيميل	ʔ iː m eː l
إيوه	ʔ iː w a
اتحمم	a t ħ a mː a m
احنا	i ħ n a
ازهم	a z h a m
استشوار	i s t i ʃ w aː r
استفتاء	i s t i f t aː ʔ
استقبال	i s t i ɡ b aː l
اسم	i s i m
اشتاق	a ʃ t aː ɡ
اشترى	a ʃ t a r a
اقتصاد	i ɡ t i sˤ aː d
ال	a
ال	a l
البلقان	a l b a l ɡ aː n
الظاهر	a zˤː aː h i r
العراق	a l ʕ i r aː ɡ
الله	a ɫː a
الله	a ɫː aː
النرويج	a n n u r w iː d͡ʒ
اليونان	a l j oː n aː n
اليونان	a l j uː n aː n
الپرتغال	a l b u r t u ɣ aː l
الپرتغال	a l p u r t u ɣ aː l
اندر	a n d u r
انفقع	a n f a ɡ a ʕ
انقلاب	i n ɡ i l aː b
ب	b
ب	b aː ʔ
ب	b i
بابا	b aː b a
باتنجان	b aː t i n d͡ʒ aː n
باط	b aː tˤː
بالتوفيق	b i tː a w f iː ɡ
بانيو	b aː n j u
باي	b aː j
بجعة	b a d͡ʒ a ʕ a
بحر	b a ħ a r
بحيث	b i ħ eː s
بحيث	b i ħ eː θ
بخارى	b u x aː r a
براتا	b u rː aː t a
برادة	b a rː aː d a
برادة	b u r aː d a
برة	b a rː a
برجون	b a r a d͡ʒ oː n
برشلونة	b a r ʃ a l oː n a
برشوت	b a r a ʃ oː t
برشوت	b a r a ʃ uː t
برضه	b a r dˤ u
برق	b a r ɡ
برقر	b u r ɡ a r
برقع	b u r ɡ u ʕ
بركان	b u r k aː n
برنامج	b a r n aː m a d͡ʒ
بروتستانتي	b r oː t i s t aː n t i
بروتستانتي	p r oː t i s t aː n t i
بريك	b i r eː k
بريك	b r eː k
بريك	b u r eː k
بزبوز	b a z b uː z
بس	b a sː
بس	b i sː
بسة	b i sː a
بسرعة	b i s u r ʕ a
بسكليتة	b u s k u l eː t a
بسكوت	b i s k oː t
بشع	b i ʃ i ʕ
بطء	b u tˤ u ʔ
بطء	b u tˤ ʔ
بطريق	b a tˤ r iː ɡ
بطن	b a tˤ i n
بطيخ	b a tˤː iː x
بعدين	b a ʕ d eː n
بفتيك	b u f t eː k
بقالات	b i ɡ aː l aː t
بقالة	b i ɡ aː l a
بقدونس	b a ɡ d uː n i s
بقلاوة	b i ɡ l aː w a
بكلة	b u k l a
بلاعة	b u lː aː ʕ a
بلغاريا	b a l ɣ aː r j a
بلكن	b a l k i n
بلكونة	b a l a k oː n a
بلنتي	b a l a n t i
بلنتي	p a l a n t i
بلنسية	b a l i n s i j a
بلوزة	b i l uː z a
بلوزة	b l uː z a
بلوزة	b u l uː z a
بلوفر	b l oː f a r
بلوفر	b u l oː f a r
بلوفر	b u l oː v a r
بلوڤر	b l oː v a r
بلوڤر	b u l oː v a r
بمبه	b a m b a
بندق	b u n d u ɡ
بنزهير	b a n z a h eː r
بنزين	b a n z iː n
بنسة	b i n s a
بنسة	p i n s a
بنطلون	b a n tˤ a l oː n
بوت	b oː t
بوت	b uː t
بوري	b uː r i
بوسة	b oː s a
بوصة	b uː sˤ a
بول	b oː l
بول	p oː l
بولندا	b oː l a n d a
بوية	b oː j a
بيارة	b a jː aː r a
بيالة	b i j aː l a
بيالة	b i j ɑː l a
بيتزا	b iː t z a
بيتزا	p iː t s a
بيتزا	p iː t z a
بيج	b eː d͡ʒ
بير	b iː r
بيقل	b eː ɡ a l
بيقل	b i j ɡ u l
بيقول	b i j ɡ uː l
تابل	t aː b i l
تبرويرة	t a b i r w eː r a
تبرويرة	t a p i r w eː r a
تبسي	t i b s i
تبسي	t i p s i
تجليخ	t a d͡ʒ l iː x
تحت	t a ħ a t
تخين	t a x iː n
ترانزيت	t a r a n z iː t
ترانزيت	t r aː n z iː t
ترى	t a r a
تريقة	t a r j a ɡ a
تشاد	t ʃ aː d
تشبس	t ʃ i b s
تشبس	t ʃ i p s
تشيلي	t i ʃ iː l i
تشيلي	t ʃ iː l eː
تشيلي	t ʃ iː l i
تطبيق	t a tˤ b iː ɡ
تظليل	t a dˤ l iː l
تظليل	t a ðˤ l iː l
تعليق	t a ʕ l iː ɡ
تفل	t a fː a l
تقريبا	t a ɡ r iː b a n
تقليد	t a ɡ l iː d
تقنية	t a ɡ n i j a
تقويم	t a ɡ w iː m
تكروني	t a k r uː n i
تكنلوجيا	t i k n u l oː d͡ʒ j a
تلج	t a l d͡ʒ
تلفريك	t i l i f i r iː k
تلفريك	t i l i f r iː k
تلفزيون	t a l f i z j oː n
تلفزيون	t i l f i z j oː n
تنية	t a n j a
توابل	t a w aː b i l
توت	t uː t
توصيلة	t a w sˤ iː l a
توفو	t oː f u
توقيع	t a w ɡ iː ʕ
تونة	t uː n a
تيس	t eː s
ثابت	s aː b i t
ثابت	θ aː b i t
ثانوي	s aː n a w i
ثانوي	θ aː n a w i
ثخين	t a x iː n
ثرلر	θ r i l a r
ثعبان	t u ʕ b aː n
ثعبان	θ u ʕ b aː n
ثعلب	t a ʕ l a b
ثعلب	θ a ʕ l a b
ثقافة	s a ɡ aː f a
ثقافة	θ a ɡ aː f a
ثقب	t u ɡ b
ثقب	θ u ɡ b
ثقيل	t a ɡ iː l
ثقيل	θ a ɡ iː l
ثلج	t a l d͡ʒ
ثلج	t a lː a d͡ʒ
ثنية	t a n j a
ج	d͡ʒ
ج	d͡ʒ iː m
جا	d͡ʒ aː
جاب	d͡ʒ aː b
جاذبية	d͡ʒ aː z i b i jː a
جاذبية	d͡ʒ aː ð i b i jː a
جاروفة	d͡ʒ aː r uː f a
جاعورة	d͡ʒ aː ʕ uː r a
جالون	d͡ʒ aː l oː n
جاموس	d͡ʒ aː m uː s
جبنة	d͡ʒ u b n a
جراثيم	d͡ʒ a r aː θ iː m
جرايد	d͡ʒ a r aː j i d
جرثومة	d͡ʒ a r θ uː m a
جرثومة	d͡ʒ u r θ uː m a
جرجير	d͡ʒ a r d͡ʒ iː r
جرعة	d͡ʒ u r ʕ a
جزار	d͡ʒ a zː aː r
جزر	d͡ʒ a z i r
جزر	d͡ʒ u z a r
جزر	d͡ʒ u z u r
جزم	d͡ʒ i z a m
جزمة	d͡ʒ a z m a
جزيرة	d͡ʒ a z iː r a
جسر	d͡ʒ i s i r
جغمة	d͡ʒ u ɣ m a
جفس	d͡ʒ i f i s
جفن	d͡ʒ i f i n
جكيت	d͡ʒ a k eː t
جكيت	d͡ʒ i k eː t
جمارك	d͡ʒ a m aː r i k
جمرك	d͡ʒ u m r u k
جنب	d͡ʒ a n b
جنة	d͡ʒ a nː a
جنط	d͡ʒ a n tˤ
جو	d͡ʒ a w w
جوا	d͡ʒ oː
جوال	d͡ʒ a wː aː l
جوالات	d͡ʒ a wː aː l aː t
جوة	d͡ʒ u wː a
جوز	d͡ʒ oː z
جونتي	d͡ʒ u w a n t i
جونتي	d͡ʒ u w i n t i
جية	d͡ʒ a jː a
جيش	d͡ʒ eː ʃ
جيعان	d͡ʒ iː ʕ aː n
جينز	d͡ʒ iː n z
ح	ħ
ح	ħ a
ح	ħ aː ʔ
حابب	ħ aː b i b
حاجة	ħ aː d͡ʒ a
حب	ħ u bː
حبار	ħ a bː aː r
حبحب	ħ a b ħ a b
حبر	ħ i b i r
حبش	ħ a b a ʃ
حبق	ħ a b a ɡ
حديقة	ħ a d iː ɡ a
حراق	ħ a rː aː ɡ
حرامي	ħ a r aː m i
حرباية	ħ i r b aː j a
حرق	ħ a r a ɡ
حرق	ħ a rː a ɡ
حرق	ħ u r ɡ
حرقان	ħ a r a ɡ aː n
حرمة	ħ u r m a
حصان	ħ u sˤ aː n
حصوة	ħ a sˤ w a
حظ	ħ a zˤː
حفار	ħ a fː aː r
حفاضة	ħ u f aː dˤ a
حفيان	ħ a f j aː n
حق	ħ a ɡː
حق	ħ u ɡː
حقون	ħ a ɡː oː n
حقيقي	ħ a ɡ iː ɡ i
حكم	ħ a k a m
حكم	ħ u k u m
حلاق	ħ a lː aː ɡ
حلق	ħ a l a ɡ
حلق	ħ a l ɡ
حلق	ħ a lː a ɡ
حلق	ħ a lː i ɡ
حلقة	ħ a l a ɡ a
حلقة	ħ a l ɡ a
حلى	ħ a l a
حلى	ħ a lː a
حنجرة	ħ a n d͡ʒ a r a
حنجرة	ħ u n d͡ʒ u r a
حنش	ħ a n a ʃ
حوايج	ħ a w aː j i d͡ʒ
حوسة	ħ oː s a
حوش	ħ oː ʃ
حوم	ħ oː m
حومة	ħ oː m a
حيقول	ħ a j ɡ uː l
خ	x
خ	x aː ʔ
خاشوقة	x aː ʃ uː ɡ a
خبز	x u b u z
خرا	x a r a
خربان	x a r b aː n
خربز	x i r b i z
خربش	x a r b a ʃ
خرتيت	x a r t iː t
خرشوف	x a r ʃ uː f
خرقة	x i r ɡ a
خروف	x aː r uː f
خشم	x u ʃ u m
خفاش	x u fː aː ʃ
خفافيش	x a f aː f iː ʃ
خلاط	x a lː aː tˤ
خمر	x a m m a r
خمر	x a m u r
خنفسانة	x u n f u s aː n a
خوخ	x oː x
خیش	x eː ʃ
داك	d aː k
دايما	d aː j m a n
دبلجة	d a b l a d͡ʒ a
دبور	d a bː uː r
دجاجة	d u d͡ʒ aː d͡ʒ a
دحين	d a ħ eː n
دحين	d a ħ iː n
دحين	d a ħː iː n
دخلة	d a x l a
دربزين	d a r a b z iː n
درج	d a r a d͡ʒ
درج	d u r d͡ʒ
دركسون	d i r i k s oː n
دري	d i r i
دعا	d a ʕ a
دعسوقة	d a ʕ s uː ɡ a
دغدغة	d a ɣ d a ɣ a
دفاية	d a fː aː j a
دقاق	d a ɡː aː ɡ
دقة	d a ɡ ɡ a
دقة	d i ɡ ɡ a
دقة	d u ɡ ɡ a
دقس	d u ɡː u s
دقيق	d a ɡ iː ɡ
دقيقة	d a ɡ iː ɡ a
دلفين	d u l f iː n
دهليز	d a h l iː z
دهليز	d i h l iː z
دوب	d uː b
دوسيه	d oː s eː
دوش	d uː ʃ
دولاب	d oː l aː b
ديجافو	d eː d͡ʒ aː f uː
ديجافو	d eː d͡ʒ aː v uː
ديجاڤو	d eː d͡ʒ aː v uː
ديس	d eː s
ديسمبر	d iː s a m b a r
دينين	d eː n eː n
دينين	d iː n eː n
ذاب	d aː b
ذاك	d aː k
ذبانة	d u bː aː n a
ذرة	d u r a
ذرة	z a rː a
ذرة	ð a rː a
ذرة	ð u r a
ذنب	d a n a b
ذنب	z a n b
ذنب	ð a n a b
ذنب	ð a n b
ذهب	d a h a b
ذهب	ð a h a b
ذوق	z oː ɡ
ذوق	ð oː ɡ
ر	r
ر	r aː ʔ
رايح	r aː j i ħ
رجال	r i d͡ʒ aː l
رجال	r i d͡ʒː aː l
رجيم	r a d͡ʒ iː m
رسالة	r i s aː l a
رغوة	r a ɣ w a
رغيف	r a ɣ iː f
رقاصة	r a ɡː aː sˤ a
رقبة	r a ɡ a b a
رقم	r a ɡ a m
رقم	r a ɡ i m
ركن	r a k a n
ركن	r u k u n
رمل	r a m i l
رموت	r i m oː t
رموت	r u m uː t
رنة	r a nː a
رهيب	r a h iː b
روب	r oː b
روج	r a wː a d͡ʒ
روج	r oː d͡ʒ
روشان	r oː ʃ aː n
روما	r oː m a
رياح	r i j aː ħ
ريحان	r eː ħ aː n
ريحان	r iː ħ aː n
ريحة	r iː ħ a
زبالة	z i b aː l a
زبدة	z i b d a
زبدة	z u b d a
زحليقة	z u ħ l eː ɡ a
زر	z i rː
زرادية	z a rː aː d i jː a
زعق	z a ʕː a ɡ
زعلان	z a ʕ l aː n
زعيق	z a ʕ iː ɡ
زقاق	z u ɡ aː ɡ
زنجبيل	z a n d͡ʒ a b iː l
زهم	z a h a m
زواج	z a w aː d͡ʒ
زواجات	z a w aː d͡ʒ aː t
زوجة	z oː d͡ʒ a
زي	z a jː
ساب	s aː b
سبة	s a bː a
سبت	s a b a t
سبت	s a b t
سبتمبر	s i b t a m b a r
سبتمبر	s i p t a m b a r
سبقتي	s a b a ɡ t i
سبقتي	s b a ɡ i tː i
سبقتي	s p a ɡ i tː i
ستو	s i tː u
سجادة	s i d͡ʒː aː d a
سحاب	s a ħ aː b
سحاب	s a ħː aː b
سحلية	s a ħ l i jː a
سخافة	s a x aː f a
سديري	s i d eː r i
سرعوف	s a r ʕ uː f
سستة	s u s t a
سشوار	s i ʃ w aː r
سطحة	s a tˤ ħ a
سطل	s a tˤ i l
سطوح	s a tˤ uː ħ
سقالات	s a ɡː aː l aː t
سقالة	s a ɡː aː l a
سقط	s a ɡ a tˤ
سقف	s a ɡ f
سقى	s a ɡ a
سكينة	s a k iː n a
سكينة	s a kː iː n a
سلاحف	s a l aː ħ i f
سلحفة	s u l ħ a f a
سلسال	s i l s aː l
سلطعون	s a l tˤ a ʕ oː n
سلمات	s a l a m aː t
سلمون	s a l a m oː n
سلمون	s a l m oː n
سليق	s a l iː ɡ
سما	s a m a
سماجات	s a m aː d͡ʒ aː t
سماجة	s a m aː d͡ʒ a
سنجاب	s i n d͡ʒ aː b
سنقافورة	s i n ɡ aː f oː r a
سنقافورة	s i n ɡ aː f uː r a
سنما	s i n i m a
سواق	s a wː aː ɡ
سواويق	s a w aː w iː ɡ
سوتشي	s oː t ʃ i
سيب	s a j j a b
سيب	s iː b
سيشل	s eː ʃ i l
شات	ʃ aː t
شاحن	ʃ aː ħ i n
شاحنة	ʃ aː ħ n a
شاكوش	ʃ aː k uː ʃ
شال	ʃ aː l
شاليه	ʃ aː l eː
شاهي	ʃ aː h i
شباك	ʃ u bː aː k
شبس	ʃ i b s
شبس	ʃ i p s
شحات	ʃ a ħː aː t
شخان	ʃ u xː aː n
شراب	ʃ a r aː b
شراب	ʃ u rː aː b
شربة	ʃ u r b a
شرطة	ʃ a r tˤ a
شرطة	ʃ u r tˤ a
شرق	ʃ a r a ɡ
شرق	ʃ a r ɡ
شطاف	ʃ a tˤː aː f
شطرطون	ʃ a tˤ a r tˤ oː n
شفاط	ʃ a fː aː tˤ
شقة	ʃ i ɡː a
شقة	ʃ u ɡː a
شقرا	ʃ a ɡ r a
شقي	ʃ a ɡ i
شقي	ʃ i ɡ i
شكاقو	ʃ i k aː ɡ u
شكلاطة	ʃ u k a l aː tˤ a
شكلاطة	ʃ u k u l aː tˤ a
شلال	ʃ a lː aː l
شلق	ʃ a l a ɡ
شماغ	ʃ u m aː ɣ
شمسية	ʃ a m s i jː a
شمعة	ʃ a m ʕ a
شمعدان	ʃ a m ʕ a d aː n
شنب	ʃ a n a b
شنط	ʃ i n a tˤ
شنطة	ʃ a n tˤ a
شوف	ʃ uː f
شوق	ʃ oː ɡ
شوكة	ʃ oː k a
شوية	ʃ u w a j j a
شيرة	ʃ iː r a
شيشة	ʃ iː ʃ a
شيك	ʃ a j j a k
شيك	ʃ a j j i k
شيك	ʃ eː k
شيك	ʃ iː k
شيلي	ʃ a jː i l i
شيلي	ʃ iː l i
شيول	ʃ eː w a l
صاحب	sˤ aː ħ i b
صح	sˤ a ħː
صحن	sˤ a ħ a n
صحن	sˤ a ħ i n
صدى	sˤ a d a
صديق	sˤ a d iː ɡ
صراف	sˤ a rː aː f
صغار	sˤ u ɣ aː r
صفق	sˤ a f a ɡ
صفق	sˤ a f f a ɡ
صفيرة	sˤ u f f eː r a
صك	sˤ a kː
صمرقع	sˤ a m a r ɡ a ʕ
صمغ	sˤ a m ɣ
صموغ	sˤ u m uː ɣ
صندوق	sˤ a n d uː ɡ
صنوبر	sˤ u n oː b a r
صوتي	sˤ a w t i
صوتي	sˤ a wː i t i
صوص	sˤ oː sˤ
صوص	sˤ uː sˤ
صولجان	sˤ a w l a d͡ʒ aː n
صولجان	sˤ oː l a d͡ʒ aː n
صيف	sˤ eː f
ضباب	dˤ a b aː b
ضبع	dˤ a b ʕ
ضرطة	zˤ a r tˤ a
ضفدع	dˤ u f d a ʕ
ضمة	dˤ a mː a
طابعة	tˤ aː b ʕ ə
طاق	tˤ aː ɡ
طاقية	tˤ aː ɡ i jː a
طاوة	tˤ aː w a
طاولة	tˤ aː w l a
طبعا	tˤ a b ʕ a n
طراطيع	tˤ a r aː tˤ iː ʕ
طرقة	tˤ u r ɡ a
طريقة	tˤ a r iː ɡ a
طفاية	tˤ a f f aː j a
طفس	tˤ i f i s
طفش	tˤ a f a ʃ
طفشان	tˤ a f ʃ aː n
طقس	tˤ a ɡ s
طلقات	tˤ a l ɡ aː t
طلقة	tˤ a l ɡ a
طوط	tˤ a wː a tˤ
طوط	tˤ uː tˤ
طوق	tˤ oː ɡ
طوكيو	tˤ oː k j oː
طوكيو	tˤ oː k j u
طيارة	tˤ a jː aː r a
طييرة	tˤ u jː eː r a
ظاهرة	zˤ aː h r a
ظرف	zˤ a r f
ظفر	dˤ i f i r
ظفر	ðˤ i f i r
ظهر	dˤ a h a r
ظهر	dˤ u h u r
عبقري	ʕ ə b q ə r i
عثة	ʕ i tː a
عجينة	ʕ a d͡ʒ iː n a
عرقسوس	ʕ i r ɡ s uː s
عريان	ʕ u r j aː n
عشا	ʕ a ʃ a
عصاية	ʕ a sˤ aː j a
عضاضة	ʕ a dˤː aː dˤ a
عضة	ʕ a dˤː a
عطر	ʕ a tˤː a r
عطر	ʕ i tˤ i r
عفص	ʕ a fː a sˤ
عقال	ʕ i ɡ aː l
عقال	ʕ u ɡː aː l
عقرب	ʕ a ɡ r a b
عكاز	ʕ u k k aː z
علبة	ʕ u l b a
على	ʕ a l a
علي	ʕ a l a jː a
علي	ʕ a l i
علي	ʕ a lː i
عملة	ʕ u m l a
عميل	ʕ a m iː l
عنب	ʕ u n a b
عيش	ʕ eː ʃ
عيش	ʕ iː ʃ
عيلة	ʕ eː l a
غ	ɣ
غ	ɣ eː n
غابة	ɣ aː b a
غامق	ɣ aː m i ɡ
غايب	ɣ aː j i b
غدا	ɣ a d a
غدة	ɣ u dː a
غرق	ɣ a rː a ɡ
غرق	ɣ i r i ɡ
غرق	ʁ ɪ r ə ɡ
غلاية	ɣ a lː aː j a
غمس	ɣ a m m a s
غوص	ɣ a wː a sˤ
غوص	ɣ oː sˤ
غوص	ɣ uː sˤ
غيمة	ɣ eː m a
فاضي	f aː dˤ i
فايكنق	f aː j k i n ɡ
فايكنق	v aː j k i n ɡ
فتاحة	f a tː aː ħ a
فجر	f a d͡ʒ a r
فجر	f a d͡ʒ d͡ʒ a r
فجر	f a d͡ʒ i r
فجر	f a d͡ʒ u r
فجع	f a d͡ʒ a ʕ
فجل	f i d͡ʒ i l
فخذ	f a x d
فخذ	f a x dˤ
فراغ	f a r aː ɣ
فراولة	f a r aː w l a
فرصة	f u r sˤ a
فرعون	f i r ʕ oː n
فرن	f u r u n
فريق	f a r iː ɡ
فز	f i zː
فستان	f u s t aː n
فستق	f u s t u ɡ
فسحة	f a s ħ a
فسحة	f u s ħ a
فشار	f i ʃ aː r
فضل	f a dˤ i l
فضل	f i dˤ i l
فطور	f a tˤ uː r
فقاعة	f u ɡː aː ʕ a
فقمة	f a ɡ m a
فلان	f u l aː n
فلة	f a lː a
فلة	f i lː a
فلة	f u lː a
فلة	v i lː a
فلم	f i l i m
فلم	f i l m
فلوس	f i l uː s
فلوس	f u l uː s
فلينة	f a l iː n a
فم	f a mː
فنجان	f i n d͡ʒ aː n
فندق	f u n d u ɡ
فنيلة	f a n iː l a
فهيقة	f u h eː ɡ a
فوز	f oː z
فوق	f oː ɡ
فوق	f uː ɡ
في	f i
في	f i jː a
فيروس	f a j r uː s
فيروس	v a j r uː s
فيليه	f iː l eː
فين	f eː n
فينا	f i j a nː a
فينا	f iː n a
فينا	v i j a nː a
فيه	f iː
ق	ɡ
ق	ɡ aː f
قادس	ɡ aː d i s
قارورة	ɡ aː r uː r a
قاسي	ɡ aː s i
قاع	ɡ aː ʕ
قاعة	q aː ʕ a
قاعة	ɡ aː ʕ a
قاعدة	ɡ aː ʕ d a
قالون	ɡ aː l oː n
قام	ɡ aː m
قبر	ɡ a b u r
قبض	ɡ a b a dˤ
قبلة	ɡ i b l a
قبو	ɡ a b u
قبيلة	ɡ a b iː l a
قحبة	ɡ a ħ b a
قد	ɡ a d
قد	ɡ i d
قدر	ɡ a d a r
قدر	ɡ a d i r
قدر	ɡ i d i r
قرا	ɡ a r a
قراج	ɡ a r aː d͡ʒ
قربة	ɡ i r b a
قرد	ɡ i r d
قرر	ɡ a r r a r
قرش	ɡ i r ʃ
قرطبة	ɡ u r tˤ u b a
قرفة	ɡ i r f a
قرن	ɡ a r n
قرنبيط	ɡ a r n a b iː tˤ
قرنفل	ɡ u r u n f u l
قروب	ɡ r uː b
قروب	ɡ r uː p
قروب	ɡ u r uː b
قروش	ɡ u r uː ʃ
قري	ɡ i r i
قزاز	ɡ u z aː z
قش	ɡ a ʃː
قشتالة	ɡ a ʃ t aː l a
قشرة	ɡ i ʃ r a
قشطة	ɡ i ʃ tˤ a
قصار	ɡ u sˤ aː r
قصة	ɡ a sˤː a
قصة	ɡ i sˤː a
قصر	ɡ a sˤ sˤ a r
قصر	ɡ a sˤ u r
قطار	ɡ i tˤ aː r
قطمة	ɡ a tˤ m a
قطن	ɡ u tˤ u n
قعر	ɡ a ʕ a r
قفص	ɡ a f a sˤ
قفل	ɡ a f a l
قفل	ɡ a fː a l
قفل	ɡ u f u l
قلاب	ɡ a lː aː b
قلاية	ɡ a lː aː j a
قلب	ɡ a l b
قلم	ɡ a l a m
قلوتن	ɡ l uː t i n
قمار	ɡ u m aː r
قماش	ɡ u m aː ʃ
قمبري	ɡ a m b a r i
قناص	ɡ a n n aː sˤ
قنبلة	ɡ u n b u l a
قنديل	ɡ a n d iː l
قهر	ɡ a h a r
قهوة	ɡ a h w a
قوام	ɡ a w aː m
قوة	ɡ u wː a
قوس	ɡ oː s
قولون	ɡ oː l oː n
قيتار	ɡ iː t aː r
قيد	ɡ eː d
قيد	ɡ iː d
قيراط	ɡ iː r aː tˤ
قيمة	ɡ iː m a
كأس	k a ʔ s
كاسة	k aː s a
كافيه	k aː f eː
كاونتر	k aː w n t a r
كبت	k a b t
كبري	k a bː i r i
كبري	k u b r i
كبريت	k a b r iː t
كبنيه	k a b i n eː
كبينة	k a b iː n a
كتاب	k i t aː b
كتشب	k a t ʃ a b
كتشب	k a t ʃ a p
كتلوج	k a t a l oː d͡ʒ
كتلوق	k a t a l oː ɡ
كتلونيا	k a t a l oː n j a
كثير	k a t iː r
كثير	k a θ iː r
كحة	k a ħ ħ a
كحة	k u ħ ħ a
كذا	k a z a
كذا	k a ð a
كذا	k i d a
كذا	k i ð a
كذب	k i d i b
كذب	k i z i b
كراث	k u rː aː t
كراث	k u rː aː θ
كرتون	k a r t oː n
كرعة	k a r ʕ a
كرفتة	k a r a f i tː a
كرفتة	k a r a v i tː a
كرفس	k a r a f s
كرفس	k r a f s
كرنب	k u r u n b
كرنيش	k u r n eː ʃ
كرنيش	k u r n iː ʃ
كرنڤال	k a r n a f aː l
كرنڤال	k a r n a v aː l
كرواسون	k u r w aː s oː n
كريت	k r iː t
كريك	k u r eː k
كزبرة	k u z b a r a
كسارة	k a sː aː r a
كستنا	k a s t a n a
كشتبان	k u ʃ t u b aː n
كف	k a fː
كفتة	k u f t a
كفر	k a f a r
كفر	k u f u r
ككة	k a kː a
كلبشة	k a l a b ʃ a
كلمة	k i l m a
كلونيا	k u l oː n j a
كمان	k a m aː n
كمدينة	k u m a d iː n a
كنبة	k a n a b a
كنديشن	k u n d eː ʃ a n
كنز	k a n z
كنسل	k a n s a l
كنعت	k a n ʕ a t
كهف	k a h f
كوب	k oː b
كوب	k uː b
كوبنهاقن	k oː b i n h aː ɡ i n
كوبنهاقن	k oː p i n h aː ɡ i n
كوبون	k oː b oː n
كوبون	k uː b oː n
كوبون	k uː p oː n
كورة	k uː r a
كورساج	k oː r s aː d͡ʒ
كوريك	k oː r eː k
كوريك	k u r eː k
كوم	k oː m
كويس	k u w a j j i s
كوپون	k uː p oː n
كيف	k eː f
كيفك	k eː f a k
كيفك	k eː f i k
كيك	k eː k
كيكة	k eː k a
كييڤ	k i j eː v
كييڤ	k i j iː v
كڤر	k a v a r
كڤرتة	k u v i r t a
لاكتوز	l aː k t oː z
لبان	l u b aː n
لبنان	l i b n aː n
لحاف	l i ħ aː f
لحام	l a ħː aː m
لحام	l i ħ aː m
لحظة	l a ħ zˤ a
لحق	l a ħː a ɡ
لحق	l i ħ i ɡ
لذيذ	l a z iː z
لذيذ	l a ð iː ð
لسان	l i s aː n
لسة	l i sː a
لصقة	l a sˤ a ɡ a
لعبة	l i ʕ b a
لفت	l i f t
لق	l a ɡː
لقطات	l a ɡ tˤ aː t
لقطة	l a ɡ tˤ a
لقمة	l u ɡ m a
لقي	l i ɡ i
لقيت	l i ɡ eː t
لقيت	l i ɡ iː t
لما	l a m a
لما	l a m m a
لون	l oː n
لونين	l oː n eː n
ليش	l eː ʃ
ليقو	l eː ɡ u
ليقو	l iː ɡ u
ليل	l eː l
ليل	l iː l
ليه	l eː
ليه	l iː
ماركة	m aː r k a
مافي	m aː f i
مالقة	m aː l a ɡ a
مالقة	m aː l ɡ a
ماما	m aː m a
مايوه	m aː j oː
مايوه	m aː j oː h
مبسوط	m a b s uː tˤ
متحف	m u t ħ a f
متحمس	m u t ħ a mː i s
مترو	m i t r u
متين	m a t iː n
مثال	m i s aː l
مثال	m i θ aː l
مجاغة	m a d͡ʒ aː ɣ a
محار	m a ħ aː r
محفظة	m i ħ f a zˤ a
محل	m a ħ a lː
مخدة	m a x a d d a
مخطان	m u x tˤ aː n
مخمج	m u x a mː i d͡ʒ
مداس	m a d aː s
مدحة	m a d ħ a
مدري	m a d r i
مدوان	m i d w aː n
مراية	m i r aː j a
مربى	m u r a bː a
مرتبة	m a r t a b a
مرتبة	m u r a tː a b a
مرجيحة	m u r d͡ʒ eː ħ a
مرقة	m a r a ɡ a
مروحة	m i r w a ħ a
مروش	m a r w a ʃ
مريلة	m i r j a l a
مزهرية	m a z h a r i jː a
مزيل	m u z iː l
مساج	m a s aː d͡ʒ
مساحات	m a s aː ħ aː t
مساحات	m a sː aː ħ aː t
مساحة	m a s aː ħ a
مساحة	m a s s aː ħ a
مسبح	m a s b a ħ
مستقبل	m u s t a ɡ b a l
مستكة	m i s t i k a
مسمار	m u s m aː r
مشمش	m i ʃ m i ʃ
مصاصة	m a sˤː aː sˤ a
مصر	m a sˤ u r
مصفاية	m i sˤ f aː j a
مصقعة	m u sˤ a ɡː a ʕ a
مضاربة	m u dˤ aː r a b a
مضرب	m a dˤ r a b
مضرب	m i dˤ r a b
مطارة	m a tˤː aː r a
مطبخ	m a tˤ b a x
مطرقة	m i tˤ r a ɡ a
مظلة	m a dˤ a lː a
مظلة	m i dˤ a lː a
مع	m a ʕ
مع	m a ʕ a
معجون	m a ʕ d͡ʒ uː n
معصب	m u ʕ a sˤː i b
معليش	m a ʕ l eː ʃ
مغرفة	m i ɣ r a f a
مغناطيس	m i ɣ n aː tˤ iː s
مفتاح	m u f t aː ħ
مفك	m a f a kː
مقابلة	m u ɡ aː b a l a
مقاس	m a ɡ aː s
مقام	m a ɡ aː m
مقدار	m i ɡ d aː r
مقدونيا	m a ɡ d oː n j a
مقرف	m u ɡ r i f
مقص	m a ɡ a sˤː
مقط	m a ɡ a tˤː
مقعد	m a ɡ ʕ a d
مقعد	m u ɡ ʕ a d
مقلب	m a ɡ l a b
مقلمة	m i ɡ l a m a
مقلي	m a ɡ l i
مقهور	m a ɡ h uː r
مكرمش	m u k a r m a ʃ
مكرونة	m a k a r oː n a
مكشطة	m i k ʃ a tˤ a
مكنسة	m u k n a s a
مكوة	m a k w a
مكياج	m i k j aː d͡ʒ
مكيف	m u k a jː i f
ملحق	m u l ħ a ɡ
ملعقة	m i l ʕ a ɡ a
مليون	m i l j oː n
مناظرة	m u n aː zˤ a r a
مناكير	m a n aː k iː r
منتج	m u n t a d͡ʒ
منديل	m a n d iː l
منطقة	m a n tˤ i ɡ a
منقا	m a n ɡ a
منقار	m i n ɡ aː r
منقة	m a n ɡ a
منقل	m i n ɡ a l
منقلة	m i n ɡ a l a
منقوش	m a n ɡ uː ʃ
منكوش	m a n k uː ʃ
مهرج	m u h a rː i d͡ʒ
موعد	m a w ʕ i d
موف	m oː f
موفي	m oː f i
موقف	m a w ɡ i f
موكيت	m oː k eː t
مول	m oː l
موية	m oː j a
ميدالية	m iː d aː l i j j a
مين	m eː n
مين	m iː n
ناموسة	n aː m uː s a
نبرة	n a b r a
نجفات	n a d͡ʒ a f aː t
نجفة	n a d͡ʒ a f a
نجمة	n a d͡ʒ m a
نرفز	n a r f a z
نسي	n a sː i
نسي	n i s i
نشابة	n a ʃː aː b a
نشافة	n a ʃ ʃ aː f a
نص	n a sˤː
نص	n u sˤː
نط	n a tˤː
نطنيطة	n u tˤ n eː tˤ a
نطيطة	n u tˤ tˤ eː tˤ a
نظرة	n a zˤ r a
نقز	n a ɡ ɡ a z
نقطة	n u ɡ tˤ a
نهائي	n i h aː ʔ i
نورس	n a w r a s
هاشتاق	h aː ʃ t aː ɡ
هالوين	h a l u w iː n
هالوين	h aː l oː w iː n
هالوين	h aː l u w iː n
هذا	h aː d a
هذا	h aː ð a
هذولا	h a d oː l a
هذولا	h a ð oː l a
هذولا	h aː d oː l a
هذولا	h aː ð oː l a
هرولة	h a r w a l a
هكر	h a k a r
هكر	h a kː a r
هكر	h a kː i r
هلا	h a l a
هليون	h i l j oː n
هم	h a mː
هم	h u m
هم	h u mː a
هنقاريا	h a n ɡ aː r j a
هو	h u wː a
هي	h i jː a
هيل	h eː l
و	oː
و	u
و	uː
و	w
و	w aː w
وجع	w a d͡ʒ a ʕ
وخر	w a x x a r
ورا	w a r a
ورث	w i r s
ورث	w i r θ
ورشة	w a r ʃ a
وزغة	w a z a ɣ a
وسخ	w a s a x
وسخ	w a sː a x
وسخ	w i s i x
وقت	w a ɡ t
ولا	w a l a
ولا	w a l l a
ويكند	w iː k i n d
ياالله	j aː ɫː a h
ياقة	j aː ɡ a
يانسون	j aː n a s uː n
يانسون	j aː n s uː n
يخني	j a x n i
يرقة	j a r a ɡ a
يع	j i ʕː
يعسوب	j a ʕ s uː b
يقطين	j a ɡ tˤ iː n
يمامة	j a m aː m a
يمكن	j i m k i nː
يوم	j oː m
پ	p
پ	p aː ʔ
پروپقاندا	p r oː p a ɡ aː n d a
پستو	p i s t u
پلاستيك	p a l a s t iː k
پلاستيك	p l aː s t iː k
پلوڤر	p l oː v a r
پلوڤر	p u l oː v a r
پنسلڤينيا	p i n s i l v eː n j a
پنما	p a n a m a
پول	p oː l
پيتزا	p iː t s a
پيتزا	p iː t z a
ڤ	v
ڤ	v aː ʔ
ڤانكوڤر	f aː n k uː f a r
ڤانكوڤر	v aː n k uː v a r
ڤايكنق	v aː j k i n ɡ
ڤلة	v i lː a
ڤيتنام	v i j i t n aː m
ڤيروس	v a j r uː s
