'is	ə s
'n	ə
aag	ɑː χ
aalbessie	ɑː l b ɛ s i
aalfuik	ɑː l f œ i k
aalfuike	ɑː l f œ i k ə
aalfuikie	ɑː l f œ i k i
aalfuikies	ɑː l f œ i k i s
aalmoes	ɑː l m u s
aan	ɑː n
aanbid	ɑː n b ə t
aandete	ɑː n t ɪ ə̯ t ə
aandklok	ɑː n t k l ɔ k
aandrok	ɑː n t r ɔ k
aangaan	ɑː n χ ɑː n
aanmatiging	ɑː m ɑː t ə χ ə ŋ
aanveg	ɑː n f ɛ χ
aanvraag	ɑː n f r ɑː χ
aap	ɑː p
aarde	ɑː r d ə
aardes	ɑː r d ə s
aartappel	ɑː r t a p ə l
abba	a b a
aborsie	a b ɔ r s i
adder	a d ə r
adel	ɑː d ə l
adelstand	ɑː d ə l s t a n t
adres	a d r ɛ s
advies	a t f i s
afgaan	a f χ ɑː n
afgeleë	a f χ ə l ɪ ə
aflaai	a f l ɑː i̯
afrikaander	a f r i k ɑː n d ə r
afrikaans	a f r ɪ k ɑ̃ː s
afrikaner	a f r i k ɑː n ə r
afsaag	a f s ɑː χ
afslaandak	a f s l ɑː n d a k
afstand	a f s t a n t
aftands	a f t a n t s
afwesig	a f v ɪ ə̯ s ə x
afwesigheid	a f v ɪ ə̯ s ə x ɦ ə i̯ t
ag	a χ
agt	a χ t
akkerboom	a k ə r b ʊ ə̯ m
al	a l
alledaags	a l ə d ɑː χ s
almal	a l m a l
altaar	a l t ɑː r
altyd	a l t ə i̯ t
amerika	a m ɪ ə r ə k a
amerikaner	a m ɪ ə̯ r i k ɑː n ə r
amp	a m p
amper	a m p ə r
an	a n
andersyds	a n d ə r s ə i̯ t s
andré	a n d r ə i
anker	a ŋ k ə r
antenne	a n t ɛ n n ə
antiek	a n t i k
antiheld	ɑ n t i ɦ ɛ l d
antwoord	ɐ n t v u ə̯ r t
anys	a n ə i s
apart	a p a r t
ape	ɑː p ə
appel	a p ə l
appelkoos	a p ə l k ʊ ə s
argaïes	a r χ ɑː i s
argitek	a r ʃ i t ɛ k
argitek	a r χ i t ɛ k
arriveer	a r i f ɪ ə̯ r
arts	a r t s
as	a s
asseblief	ɑ s ə b l iː f
assegaai	a s ə χ ɑː i̯
assit	a s ə t
asyn	a s ə i n
avontuur	a f ɔ n t y r
awb	aː v i ə b i ə
baadjie	b ɑː ɪ̯ k i
baai	b ɑː i̯
baarmoeder	b ɑː r m u d ə r
baas	b ɑː s
baie	b a j ə
bak	b a k
bakkie	b a k i
baklei	b ə k l ə i̯
bal	b a l
ballingskap	b a l ə ŋ s k a p
ballon	b a l ɔ n
bamboes	b a m b u s
bandana	b a n d a n a
bandopnemer	b a n t ɔ p n ɪ ə̯ m ə r
bang	b a ŋ
bank	b a ŋ k
barnard	b a r n a r t
bed	b ɛ t
bediende	b ə d i n d ə
bedkussing	b ɛ t k œ s ə ŋ
bedoeling	b ə d u l ə ŋ
bedrog	b ə d r ɔ x
bedryf	b ə d r ə i f
beeldsend	b ɪ ə̯ l t s ɛ n t
beer	b ɪ ə r
bees	b ɪ ə s
beesvleis	b ɪ ə̯ s f l ə i̯ s
beet	b i ə̯ t
begraafplaas	b ə χ r ɑː f p l ɑː s
begrip	b ə χ r ə p
begripsraamwerk	b ə χ r ə p s r ɑː m v ɛ r k
begroting	b ə χ r ʊ ə̯ t ə ŋ
beheersing	b ə ɦ ɪ ə̯ r s ə ŋ
behoort	b ə ɦ ʊ ə r
bejaard	b ə j ɑː r t
bek	b ɛ k
bekend	b ə k ɛ n t
bekostig	b ə k ɔ s t ə χ
bekroon	b ə k r ʊ ə̯ n
belangrik	b ə l a ŋ r ə k
beleefdheid	b ə l ɪ ə̯ f t ɦ ə i̯ t
belofte	b ə l ɔ f t ə
belowe	b ə l ʊ ə̯ v ə
belus	b ə l œ s
belydenis	b ə l ə i̯ d ə n ə s
beperk	b ə p ɛ r k
beperking	b ə p ɛ r k ə ŋ
bergreeks	b ɛ r χ r ɪ ə̯ k s
bergwind	b ɛ r χ v ə n t
beroof	b ə r ʊ ə̯ f
besef	b ə s ɛ f
beset	b ə s ɛ t
besetting	b ə s ɛ t ə ŋ
besig	b ɪ ə s ə χ
beskaaf	b ə s k ɑː f
beskawing	b ə s k ɑː v ə ŋ
beskeie	b ə s k ə i̯ ə
beskou	b ə s k œ u̯
besoedel	b ə s u d ə l
besoek	b ə s u k
besoeker	b ə s u k ə r
bessie	b ɛ s i
bestanddeel	b ə s t a n d ɪ ə̯ l
bestialiteit	b ɛ s t i a l i t ə i̯ t
bestuiwing	b ə s t œ i̯ v ə ŋ
betekenis	b ə t i ə̯ k ə n ə s
beter	b ɪ ə t ə r
beton	b ə t ɔ n
betuig	b ə t œ i̯ χ
beweeg	b ə v ɪ ə̯ χ
bid	b ə t
bieg	b i χ
bier	b i r
bietjie	b i k i
biskop	b ə s k ɔ p
blaar	b l ɑː r
bladsy	b l a t s ə i̯
blaker	b l ɑː k ə r
blank	b l a ŋ k
blanke	b l a ŋ k ə
blaps	b l a p s
blignault	b l i n œ u
blignault	b l ɨ x n œ u t
bliksem	b l ə k s ə m
bliksemstraal	b l ə k s ə m s t r ɑː l
blind	b l ə n t
bloed	b l u t
bloedbank	b l u t b a ŋ k
bloedgroep	b l u t χ r u p
bloedoortapping	b l u t ʊ ə̯ r t a p ə ŋ
bloemfontein	b l u m f ɔ n t ə i̯ n
blom	b l ɔ m
blou	b l œ u̯
bloubok	b l œ u b ɔ k
blouwalvis	b l œ u̯ v a l f ə s
bly	b l ə i
bo	b ʊ ə
bobbejaan	b ɔ b ə j ɑː n
boei	b u i̯
boek	b u k
boeke	b u k ə
boekery	b u k ə r ə i̯
boelie	b u l i
boemelaar	b u m ə l ɑː r
boep	b u p
boepens	b u p ɛ̃ː s
boer	b uː r
boereplaas	b u r ə p l ɑː s
bok	b ɔ k
bokwiet	b ɔ k v i t
bol	b ɔ l
boland	b ʊ ə̯ l a n t
bolands	b ʊ ə̯ l a n t s
bom	b ɔ m
bome	b ʊ ə m ə
boogskutter	b ʊ ə̯ χ s k œ t ə r
boom	b ʊ ə m
boon	b ʊ ə̯ n
boonop	b ʊ ə̯ n ɔ p
boor	b ʊ ə r
boot	b ʊ ə t
bordeel	b ɔ r d ɪ ə̯ l
bors	b ɔː r s
borsmelk	b ɔ r s m ɛ l k
bos	b ɔ s
bosbedryf	b ɔ s b ə d r ə i f
bosse	b ɔ s ə
boswagter	b ɔ s v a χ t ə r
boswerker	b ɔ s v ɛ r k ə r
bot	b ɔ t
bote	b ʊ ə t ə
botha	b u ə t a
botter	b ɔ t ə r
bou	b œ u̯
bouval	b œ u̯ f a l
bra	b r ɑː
braai	b r ɑː i
braaivleis	b r ɑː i f l ə i s
braak	b r ɑː k
brand	b r a n t
branderplank	b r a n d ə r p l a ŋ k
bredie	b r ɪ ə̯ d i
breed	b r ɪ ə̯ t
breek	b r ɪ ə̯ k
breekwater	b r eː k ʋ aː t ə r
breekwater	b r ɪ ə̯ k v ɑː t ə r
brekfis	b r ɛ k f ə s
breuk	b r ɪ ø k
brief	b r i f
briefkaart	b r i f k ɑː r t
bries	b r i s
bril	b r ə l
bring	b r ə ŋ
brode	b r ʊ ə d ə
broederskap	b r u d ə r s k a p
broek	b r u k
bromponie	b r ɔ m p oː n i
brood	b r ʊ ə t
brug	b r œ χ
bruidskat	b r œ i̯ t s k a t
buffel	b œ f ə l
buig	b œ i̯ χ
buig	b ə i̯ χ
buis	b œ i s
buit	b œ i̯ t
buite	b œ i̯ t ə
buitenshuis	b œ i̯ t ə n s ɦ œ i̯ s
buk	b œ k
bundel	b œ n d ə l
burger	b œ r ɡ ə r
burgeroorlog	b œ r χ ə r ʊ ə̯ r l ɔ χ
buro	b y r ʊ ə̯
buur	b y r
buurman	b y r m a n
buurvrou	b y r f r œ u̯
by	b ə i
bybel	b ə i̯ b ə l
bydra	b ə i̯ d r a
bydraag	b ə i̯ d r ɑː χ
byna	b ə i̯ n a
byrie	b ə i̯ r i
byt	b ɛ i t
byvoorbeeld	b ə i f ʊ ə r b ɪ ə l t
chemie	x ɛ m i
cilliers	s ə l j e ə
coetzee	k u t s e ə
coetzee	k u t s ɪ ə
coetzer	k u t s ə r
copie	k oː p i
daagliks	d ɑː χ l ə k s
daai	d ɑː i̯
daaiman	d ɑː i̯ m ə n
daais	d ɑː i̯ s
daar	d ɑː r
daardie	d ɑː r d i
daarnatoe	d ɑː r n a t u
dader	d ɑː d ə r
dae	d ɑː ə
dag	d a χ
dagboek	d a χ b u k
dagga	d a χ a
daglig	d ɑ χ l ə χ
dak	d a k
dakpan	d a k p a n
dalk	d a l k
danig	d ɑː n ə χ
dankie	d a ŋ k i
darem	d ɑː r ə m
dassie	d a s i
dassiepis	d a s i p ə s
dat	d a t
deelname	d ɪ ə̯ l n ɑː m ə
deksel	d ɛ k s ə l
den	d ɛ n
denk	d ɛ ŋ k
denkbeeld	d ɛ ŋ k b ɪ ə̯ l t
denkbeeldig	d ɛ ŋ k b ɪ ə̯ l d ə x
deug	d ɪ ø̯ χ
deur	d ɪ ø r
deure	d ɪ ø r ə
deurtrekker	d ɪ̯ ø r t r ɛ k ə r
dialek	d i a l ɛ k
die	d i
diens	d i n s
diensstasie	d i n s t ɑː s i
diep	d i p
dier	d i r
dierasie	d i r ɑː s i
dig	d ə χ
digter	d ə χ t ə r
digterlik	d ə χ t ə r l ə k
dimensie	d i m ɛ n s i
dink	d ə ŋ k
dinq	d ɪ ŋ k
diplomasie	d i p l oː m a s i
dis	d ə s
dissie	d ə s i
dit	d ə t
dié	d i
djaar	d ʒ ɑː r
djou	d ʒ œ u̯
djulle	d ʒ œ l ə
djy	d ʒ ə i̯
doek	d u k
doeke	d u k ə
doeleinde	d u l ə i̯ n d ə
dog	d ɔ χ
dogter	d ɔ χ t ə r
dogtertjie	d ɔ χ t ə r k i
dok	d ɔ k
dokkie	d ɔ k i
dokter	d ɔ k t ə r
dokumentêr	d ʊ ə̯ k y m ɛ n t ɛː r
dommie	d ɔ m i
donder	d ɔː n ə r
donker	d ɔ ŋ k ə r
donkerte	d ɔ ŋ k ə r t ə
dons	d ɔ n s
dood	d ʊ ə t
doodgegaan	d o ə̯ t x ə x ɑː n
doodstil	d ʊ ə̯ t s t ə l
doof	d ʊ ə f
doofste	d oː f s t ə
doofste	d ʊ ə f s t ə
dophou	d ɔ p ɦ œ u̯
doringboom	d ʊ ə̯ r n b ʊ ə̯ m
dorp	d ɔ r p
dors	d ɔ r s
dorstig	d ɔ r s t ə χ
dorsvloer	d ɔ r s f l u r
dowe	d ʊ ə v ə
draad	d r ɑː t
draadstrik	d r ɑː t s t r ə k
draai	d r ɑː i
draak	d r ɑː k
drie	d r i
drif	d r ə f
drol	d r ɔ l
dronkaard	d r ɔ ŋ k ɑː r d
druipeling	d r œ i̯ p ə l ə ŋ
druk	d r œ k
drukkende	d r œ k ə n d ə
drup	d r œ p
drywer	d r ə i̯ v ə r
duif	d œ i̯ f
duik	d œ i̯ k
duikboot	d œ i̯ k b ʊ ə̯ t
duiker	d œ i̯ k ə r
duikweg	d œ i̯ k v ɛ x
duin	d œ i̯ n
duinebesie	d œ i̯ n ə b ɪ ə̯ s i
duisend	d œ i̯ s ə n t
duister	d œ i s t ə r
duisternis	d œ i̯ s t ə r n ə s
duits	d œ i̯ t s
duskant	d œ s k a n t
dwaal	d v ɑː l
dwaalleer	d v ɑː l ɪ ə̯ r
dwarsoor	d v a r s ʊ ə̯ r
edelman	ɪ ə̯ d ə l m a n
eend	ɪ ə̯ n t
eensaam	ɪ ə̯ n s ɑː m
eensaamheid	ɪ ə̯ n s ɑː m ɦ ə i̯ t
eenvoudig	ɪ ə̯ n f œ u̯ d ə χ
eers	ɪ ə̯ r s
eet	ɪ ə t
eeu	i u
eg	ɛ χ
egpaar	ɛ χ p ɑː r
eie	ə i̯ ə
eiendomsbelasting	ə i̯ ə n d ɔ m s b ə l a s t ə ŋ
eier	ə i ə r
eierstok	ə i̯ ə r s t ɔ k
eik	ə i̯ k
eiland	ə i̯ l a n t
eina	ə i̯ n a
einde	ə i̯ n d ə
ek	ɛ k
ekstase	ɛ k s t ɑː s ə
eland	ɪ ə̯ l a n t
elektrisiteit	ɪ ə̯ l ɛ k t r i s i t ə i̯ t
elf	ɛ l f
en	ə n
en	ɛ n
enersyds	ɪ ə̯ n ə r s ə i̯ t s
engte	ɛ ŋ t ə
enkel	ɛ ŋ k ə l
ensiklopedie	ɛ n s i k l ʊ ə p ə d i
entjie	ɛ ŋ k i
entstof	ɛ n t s t ɔ f
er	æː r
erfenisgebied	ɛ t f ə n ə s χ ə b i t
erfenisterrein	ɛ r f ə n ə s t ə r ə i̯ n
erfenisterrein	ɛ r f ə n ə s t ɛ r ə i̯ n
erken	ɛ r k ɛ n
erosie	ɪ ə̯ r ʊ ə̯ s i
ertjie	ɛ r k i
erts	ɛ r t s
esel	ɪ ə s ə l
ewig	ɪ ə v ə x
fabriek	f a b r i k
fantasie	f a n t a s i
fantasie	f a n t ə s i
faset	f a s ɛ t
fassineer	f a s i n ɪ ə̯ r
feeks	f ɪ ə̯ k s
fel	f ɛ l
fiets	f i t s
film	f ə l m
filterkoffie	f ə l t ə r k ɔ f i
fisant	f i s a n t
flamink	f l a m ə ŋ k
fliek	f l i k
fok	f ɔ k
foon	f ʊ ə̯ n
foonsnol	f ʊ ə̯ n s n ɔ l
fopnuus	f ɔ p n y s
formule	f ɔ r m y l ə
forseer	f ɔ r s ɪ ə̯ r
foto	f ʊ ə̯ t ʊ ə̯
fouché	f u ʃ e ə
fourie	f u r i
fouteer	f œ u t ɪ ə̯ r
framboos	f r ɑ m b u ə̯ s
francois	f r a n s w a
g'n	χ ə n
gaan	χ ɑː n
gaas	χ ɑː s
galg	χ a l χ
galm	χ a l m
gang	χ a ŋ
ganja	ɡ a n d ʒ a
gars	χ a r s
gat	χ a t
gatta	χ a t a
gebaar	χ ə b ɑː r
gebaretaal	χ ə b ɑː r ə t ɑː l
gebed	χ ə b ɛ t
gebergte	χ ə b ɛ r χ t ə
gebeurtenis	χ ə b ɪ ø r t ə n ə s
geboorte	χ ə b ʊ ə̯ r t ə
gebou	χ ə b œ u̯
gebruik	χ ə b r œ i̯ k
gedaante	χ ə d ɑː n t ə
gedagte	χ ə d ɑ χ t ə
gedagtegoed	χ ə d a χ t ə χ u t
gedig	χ ə d ə χ
gee	χ ɪ ə
geel	χ ɪ ə̯ l
geelperske	χ ɪ ə̯ l p ɛ r s k ə
geelste	χ ɪ ə l s t ə
geen	χ ɪ ə̯ n
gees	χ ɪ ə̯ s
gegaan	χ ə χ ɑː n
gegroet	χ ə χ r u t
gehad	χ ə ɦ a t
geheue	χ ə ɦ ɪ ø ə
geitjie	χ ə i k i
geld	χ ɛ l t
gele	χ ɪ ə l ə
geleë	χ ə l i ə
geleë	χ ə l ɪ ə̯
gelowig	χ ə l ʊ ə̯ v ə χ
gelowige	χ ə l ʊ ə̯ v ə χ ə
geluk	χ ə l œ k
gelukkig	χ ə l œ k ə χ
gemeenskap	χ ə m ɪ ə̯ n s k a p
gemeente	χ ə m ɪ ə̯ n t ə
gemenebes	χ ə m ɪ ə̯ n ə b ɛ s
gerug	χ ə r œ χ
gesels	χ ə s ɛ l s
gesig	χ ə s ə χ
gesiggestremde	χ ə s ə χ ə s t r ɛ m d ə
gesigsuitdrukking	χ ə s ə χ s œ i̯ t d r œ k ə ŋ
geskiedenis	χ ə s k i d ə n ə s
gesond	χ ə s ɔ n t
gesondheid	χ ə s ɔ n t ɦ ə i̯ t
gesprek	χ ə s p r ɛ k
gestalte	χ ə s t a l t ə
geur	χ ɪ ø r
gevaar	χ ə f ɑː r
gevaarlik	χ ə f ɑː r l ə k
geveg	χ ə f a χ
gevegstenue	x ə v ɛ x s t ə n y
gevoel	χ ə f u l
gewoonlik	χ ə v ʊ ə̯ n l ə k
geëet	χ ə ɪ ə t
ghong	ɡ ɔ ŋ
gif	χ ə f
gifte	χ ə f t ə
gister	χ ə s t ə r
gisteraand	χ ə s t ə r ɑː n t
giwwe	χ ə v ə
glas	χ l a s
gletser	χ l ɛ t s ə r
glimlag	χ l ə m l a χ
glo	χ l ʊ ə
god	χ ɔ t
godsdiens	χ ɔ t s d i n s
goed	χ u t
goedkeur	χ u t k ɪ ø r
goedkeuring	χ u t k ɪ ø r ɪ ŋ
gogga	χ ɔ χ a
goiing	χ ɔ i ə ŋ
gom	χ ɔ m
graad	χ r ɑː t
graf	χ r a f
granaat	χ r a n ɑː t
grasieus	χ r a s i ɪ ø s
grens	χ r ɛ n s
griekeland	χ r i k ə l a n t
groente	χ r u n t ə
groep	χ r u p
groet	χ r u t
grof	χ r ɔ f
grond	χ r ɔ n t
groot	χ r ʊ ə t
grootmens	χ r ʊ ə̯ t m ɛ n s
groottoon	χ r ʊ ə t t ʊ ə n
grot	χ r ɔ t
grové	x r u v e ə
gruweldaad	χ r y v ə l d ɑː t
guur	χ yː r
haai	ɦ ɑː i
haakspeld	ɦ ɑː k s p ɛ l t
haan	ɦ ɑː n
haar	ɦ ɑː r
haarnaald	ɦ ɑː r n ɑː l t
haarspeld	ɦ ɑː r s p ɛ l t
haastig	ɦ ɑː s t ə x
haat	ɦ ɑː t
halfrond	ɦ a l f r ɔ n t
hallo	ɦ a l ə u
ham	ɦ a m
hamer	ɦ a m ə r
hamer	ɦ ɑː m ə r
hand	ɦ a n t
handgreep	ɦ a n t χ r ɪ ə̯ p
handhaaf	ɦ a n t ɦ ɑː f
handruiker	ɦ a n t r œ i̯ k ə r
handskoen	ɦ a n t s k u n
hang	ɦ a ŋ
hangmat	ɦ a ŋ m a t
hartaanval	ɦ a r t ɑː n f a l
hartlik	ɦ a r t ə l ə k
hartoorplanting	ɦ a r t ʊ ə̯ r p l a n t ə ŋ
hauptfleisch	ɦ o ə f l i s
hauptfleisch	ɦ o ə f l i ʃ
hauptfleisch	ɦ u f l i s
hawe	ɦ ɑː v ə
heelal	ɦ ɪ ə̯ l a l
hef	ɦ ɛ f
heilig	ɦ ə i̯ l ə χ
heipaal	ɦ ə i̯ p ɑː l
heks	ɦ ɛ k s
helder	ɦ ɛ l d ə r
help	ɦ ɛ l p
hemel	ɦ ɪ ə m ə l
hemp	ɦ ɛ m p
hennep	ɦ ɛ n ə p
herfs	ɦ ɛ r f s
herinner	ɦ ɛ r ɪ n ə r
herinnering	ɦ ɛ r ə n ə r ə ŋ
hertog	ɦ ɛ r t ɔ χ
het	ə t
het	ɦ ɛ t
hier	ɦ i r
hierdie	ɦ i r d i
hiernatoe	ɦ i r n a t u
hings	ɦ ə ŋ s
hobo	ɦ ʊ ə b ʊ ə
hoed	ɦ u t
hoedband	ɦ u t b ɐ n t
hoeka	ɦ u k a
hoekom	ɦ u k ɔ m
hoender	ɦ u n ə r
hoenders	ɦ u n ə r s
hol	ɦ ɔ l
holte	ɦ ɔ l t ə
hond	ɦ ɔ n t
honger	ɦ ɔ ŋ ə r
hongersnood	ɦ ɔ ŋ ə r s n ʊ ə̯ t
hoof	ɦ ʊ ə̯ f
hoofman	ɦ ʊ ə̯ f m a n
hoofsaaklik	ɦ ʊ ə̯ f s ɑː k l ə k
hoofstad	ɦ ʊ ə̯ f s t a t
hoog	ɦ ʊ ə χ
hoogland	ɦ ʊ ə̯ χ l a n t
hoogste	ɦ ʊ ə χ s t ə
hoogtevrees	ɦ ʊ ə̯ χ t ə f r ɪ ə̯ s
hoop	ɦ ʊ ə̯ p
hoor	ɦ ʊ ə̯ r
horing	ɦ ʊ ə r ə ŋ
hospitaal	ɦ ɔ s p i t ɑː l
hou	ɦ œ u
hough	ɦ œ u x
huis	ɦ œ i s
huisves	ɦ œ i̯ s f ɛ s
hul	ɦ œ l
hulle	ɦ œ l ə
hulpbron	ɦ œ l p b r ɔ n
hupstoot	ɦ œ p s t ʊ ə̯ t
hutsmerk	ɦ œ t s m ɛ r k
hy	ɦ ə i
hys	ɦ ə i̯ s
hysbak	ɦ ə i̯ s b a k
hê	ɦ ɛː
iemand	i m a n t
iets	i t s
iewers	i v ə r s
iewers	ɪ ə̯ v ə r s
ik	ə k
impak	ə m p a k
in	ə n
indoena	ə n d u n a
industrie	ə n d œ s t r i
inent	ə n ɛ n t
inenting	ə n ɛ n t ə ŋ
inentingsveldtog	ə n ɛ n t ə ŋ s f ɛ l t ɔ χ
inhoud	ə n ɦ œ u̯ t
ink	ə ŋ k
inlei	ə n l ə i̯
innie	ə n i
innig	ə n ə x
insig	ə n s ə χ
intiem	ə n t i m
invloedsfeer	ə n f l u t s f ɪ ə̯ r
inwoner	ə n v ʊ ə n ə r
is	ə s
issie	ə s i
ja	j aː
jaar	j ɑː r
jaart	j ɑː r t
jag	j a χ
jammer	j a m ə r
jare	j ɑː r ə
jas	j a s
jellievis	d ʒ ɛ l i f ə s
jesus	j ɪ ə̯ s œ s
jil	j ə l
joel	j u l
johannesburg	j ʊ ə ɦ a n ə s b œ r χ
joint	d ʒ ɔ i̯ n t
jok	j ɔ k
jong	j ɔ ŋ
jonk	j ɔ ŋ k
joubert	j u b æː r
juis	j œ i̯ s
julle	j œ l ə
jy	j ə i
kaal	k ɑː l
kaaldans	k ɑː l d a n s
kaaps	k ɑː p s
kaapstad	k ɑː p s t a t
kaart	k ɑː r t
kaas	k ɑː s
kabeljou	k a b ə l j œ u̯
kaboedel	k a b u d ə l
kaffer	k a f ə r
kak	k a k
kakkerlak	k a k ə r l a k
kalf	k a l f
kalkoen	k a l k u n
kameel	k a m ɪ ə̯ l
kamer	k ɑː m ə r
kamera	k a m ə r a
kamp	k a m p
kan	k a n
kanaal	k a n ɑː l
kandidaat	k a n d i d ɑː t
kanker	k a ŋ k ə r
kanonkoeël	k a n ɔ n k uː l
kans	k a n s
kansvatter	k a n s f a t ə r
kapater	k a p ɑː t ə r
kapel	k a p ɛ l
kar	k a r
karakter	k a r a k t ə r
kardoes	k a r d u s
karre	k a r ə
kas	k a s
kat	k a t
katoliek	k a t ʊ ə̯ l i k
keel	k ɪ ə̯ l
keiser	k ə i̯ s ə r
kelder	k ɛ l d ə r
kelk	k ɛ l k
ken	k ɛ n
kerk	k ɛ r k
kerker	k ɛ r k ə r
kerkvader	k ɛ r k f ɑː d ə r
kerm	k ɛ r m
kernkragsentrale	k ɛ r ə n k r a χ s ɛ n t r ɑː l ə
ketel	k ɪ ə̯ t ə l
keurslyf	k ɪ ø r s l ə i̯ f
kiaat	k i ɑː t
kiaat	k ə j ɑː t
kiek	k i k
kieliebak	k i l i b a k
kierie	k i r i
kiesa	k i s a
kikvors	k ə k f ɔ r s
kil	k ə l
kim	k ə m
kind	k ə n t
kindermishandeling	k ə n d ə r m ə s ɦ a n d ə l ə ŋ
kinders	k ə n ə r s
kinderwa	k ə n d ə r v ɑː
klaaglied	k l ɑː χ l i t
klaar	k l ɑː r
klad	k l a t
klank	k l a ŋ k
klankbaan	k l a ŋ k b ɑː n
klankwet	k l a ŋ k v ɛ t
klant	k l a n t
klavier	k l a f i r
kleding	k l ɪ ø d ə ŋ
kleef	k l eː v ə n
klei	k l ə i̯
klein	k l ə i̯ n
kleinkind	k l ə i̯ n k ə n t
klem	k l ɛ m
kleur	k l ɪ ø r
kleurvol	k l ɪ ø r f ɔ l
klewerig	k l ɪ ə̯ v ə r ə x
klier	k l i r
klink	k l ə ŋ k
klinker	k l ə ŋ k ə r
klinknael	k l ə ŋ k n ɑː ə l
klinknaelbroek	k l ə ŋ k n ɑː ə l b r u k
klok	k l ɔ k
klont	k l ɔ n t
kloof	k l u ə f
klopjag	k l ɔ p j a χ
kluisenaar	k l œ i̯ s ə n ɑː r
knaag	k n ɑː χ
knaagdier	k n ɑː χ d i r
knae	k n ɑː ə
knaende	k n ɑː ə n d ə
kneg	k n ɛ χ
knoffel	k n ɔ f ə l
knoflok	k n ɔ f l ɔ k
knus	k n œ s
koei	k u i̯
koek	k u k
koeksister	k u k s ə s t ə r
koelkas	k u l k a s
koerant	k u r a n t
koeël	k uː l
koeëls	k uː l s
koffie	k ɔ f i
kokosneut	k ʊ ə̯ k ɔ s n ɪ ø t
kolgans	k ɔ l χ a n s
kolonel	k ʊ ə̯ l ʊ ə̯ n ɛ l
kolonie	k ʊ ə̯ l ʊ ə̯ n i
kom	k ɔ m
kombers	k ɔ m b ɛː r s
kombi	k ɔ m b i
kombuis	k ɔ m b œ i̯ s
komeet	k ʊ ə̯ m ɪ ə̯ t
komkommer	k ɔ m k ɔ m ə r
kommunikeer	k ɔ m y n i s ɪ ə̯ r
kompas	k ɔ m p a s
kon	k ɔ n
koning	k ʊ ə n ə ŋ
koninkryk	k ʊ ə̯ n ə ŋ k r ə i̯ k
konsentrasiekamp	k ɔ n s ɛ n t r ɑː s i k a m p
konsep	k ɔ n s ɛ p
kont	k ɔ n t
kontak	k ɔ n t a k
konteks	k ɔ n t ɛ k s
kontrak	k ɔ n t r a k
kontreikuns	k ɔ n t r ə i̯ k œ n s
kooi	k oː i
kool	k ʊ ə l
koop	k ʊ ə̯ p
kop	k ɔ p
kopende	k ʊ ə p ə n d ə
koper	k oː p ə r
kopie	k oː p i
kopie	k ʊ ə̯ p i
kopiereg	k ʊ ə̯ p i r ɛ χ
koraalrif	k ʊ ə̯ r ɑː l r ə f
korrek	k ɔ r ɛ k
korrup	k ɔ r œ p
kors	k ɔ r s
kort	k ɔ r t
kortbroek	k ɔ r t b r u k
kortliks	k ɔ r t l ə k s
kortsigtig	k ɔ r t s ə χ t ə χ
kos	k ɔ s
kots	k ɔ t s
koud	k œ u t
kous	k œ u s
kraai	k r ɑː i
kraal	k r ɑː l
krag	k r a χ
kreukel	k r ɪ ø k ə l
kreupelhout	k r ɪ ø p ə l ɦ œ u̯ t
kriek	k r i k
krige	k r i x ə
krimp	k r ə m p
krimpvark	k r ə m p f a r k
kroeg	k r u χ
kroon	k r ʊ ə̯ n
kruger	k r y j ə r
kruid	k r œ i̯ t
kruip	k r œ i̯ p
kruis	k r œ ɪ̯ s
kruk	k r œ k
kry	k r ə i
kuba	k y b a
kuier	k œ i̯ ə r
kultuur	k œ l t y r
kurk	k œ r k
kus	k œ s
kussing	k œ s ə ŋ
kwarantyn	k ʋ ɑ r ɑ n t ə i n
kweekskool	k v ɪ ə̯ k s k ʊ ə̯ l
kwessie	k v ɛ s i
kwik	k v ə k
kwyl	k v ə i̯ l
laag	l ɑː χ
laagste	l ɑː χ s t ə
laai	l ɑː i̯
laat	l ɑː t
laatmiddag	l ɑː t m ə d a χ
labuschagne	l a b u s k a x n ə
lae	l ɑː ə
laer	l ɑː ə r
lafhartig	l a f ɦ a r t ə χ
lag	ɫ ɐ χ
lam	l a m
lamp	l a m p
land	l a n t
landbou	l a n t b œ u̯
landdros	l a n d r ɔ s
landskap	l a n t s k a p
landsnaam	l a n t s n ɑː m
langs	l a ŋ s
laning	l ɑː n ə ŋ
lap	l a p
lasterveldtog	l a s t ə r f ɛ l t ɔ χ
lastig	l a s t ə x
lat	l a t
laubscher	l œ u p ʃ ə r
lawaglas	l ɑː v ə χ l a s
lede	l ɪ ə d ə
leef	l ɪ ə̯ f
leeg	l ɪ ə χ
leegste	l ɪ ə χ s t ə
leer	l ɪ ə r
leerarea	l e ə r a r ɛ a
lees	l ɪ ə s
leier	l ə i̯ ə r
lekker	l ɛ k ə r
lelik	l ɪ ə̯ l ə k
lemoen	l ə m u n
leraar	l ɪ ə̯ r ɑː r
les	l ɛ s
lesotho	l ə s u t u
letter	l ɛ t ə r
letterkunde	l ɛ t ə r k œ n d ə
letterkundig	l ɛ t ə r k œ n d ə x
leuningstoel	l ɪ ø n ə ŋ s t u l
leunstoel	l ɪ ø n s t u l
lewe	l ɪ ə v ə
lewensgeskiedenis	l ɪ ə̯ v ə n s χ ə s k i d ə n ə s
lewer	l ɪ ə̯ v ə r
liedjie	l i k i
liefde	l i f d ə
liefdesbrief	l i f d ə s b r i f
lieg	l i χ
lig	l ə χ
liggaam	l ə χ ɑː m
liggende	l ə χ ə n d ə
lint	l ə n t
lip	l ə p
lis	l ə s
lof	l ɔ f
lok	l ɔ k
lol	l ɔ l
long	l ɔ ŋ
lont	l ɔ n t
lood	l ʊ ə t
loop	l ʊ ə p
loopgraaf	l ʊ ə̯ p χ r ɑː f
losbars	l ɔ s b a r s
lug	l œ χ
lugballon	l œ χ b a l ɔ n
luis	l œ i s
luister	l œ i s t ə r
luisteraar	l œ i̯ s t ə r ɑː r
luitenant	l œ i̯ t ə n ɐ n t
lyf	l ə i f
lyk	l ə i k
lyke	l ə i k ə
lys	l ə i s
lyste	l ə i s t ə
lywe	l ə i v ə
lê	l ɛː
maak	m ɑː k
maalvleis	m ɑː l f l ə i̯ s
maan	m ɑː n
maand	m ɑː n t
maar	m ɑː r
maat	m ɑː t
madrassa	m a d r a s a
madressa	m a d r ɛ s a
mag	m a χ
magdom	m a χ d ɔ m
magie	m ɑː χ i
magies	m ɑː χ i s
magneet	m a χ n ɪ ə̯ t
majoor	m a j ʊ ə̯ r
majoor	m ə j ʊ ə̯ r
makeer	m a k eː r
makou	m a k œ u̯
makou	m ə k œ u̯
malan	m a l a n
malan	m a l a ŋ
malherbe	m a l ɦ ɛ r b ə
mamparra	m a m p a r a
man	m a n
mang	m a ŋ
mantel	m a n t ə l
mar	m a r
marais	m a r ɛː
mark	m a r k
mas	m a s
masedonië	m ɑ s ə d ʊ ə n i j ə
massa	m a s a
matras	m a t r a s
mee	m ɪ ə̯
meersinnig	m ɪ ə̯ r s ə n ə x
meester	m ɪ ə̯ s t ə r
meetkunde	m ɪ ə̯ t k œ n d ə
meetkundig	m ɪ ə̯ t k œ n d ə χ
meisie	m ə i s i
melk	m ɛ l k
melkskommel	m ɛ l k s k ɔ m ə l
melktand	m ɛ l k t a n t
mening	m ɪ ə̯ n ə ŋ
mens	m ɛ n s
mensdom	m ɛ n s d ɔ m
mensheid	m ɛ n s ɦ ə i̯ t
mert	m əː t
mes	m ɛ s
met	m ɛ t
metafoor	m ɪ ə̯ t a f ʊ ə̯ r
meul	m ɪ ø l
meule	m ɪ ø l ə
middag	m ə d a χ
mielie	m i l i
mier	m i r
mik	m ə k
mikroskoop	m i k r u s k ʊ ə̯ p
mikroskoop	m i k r ʊ ə̯ s k ʊ ə̯ p
ministerie	m ə̯ n ə̯ s t ɪ ə̯ r i
mis	m ə s
misdaad	m ə s d ɑː t
mishandel	m ə s ɦ ɑ n d ə l
misken	m ə s k ɛ n
missiel	m ə s i l
moedertaalspreker	m u d ə r t ɑː l s p r e ə̯ k ə r
moedertaalsprekers	m u d ə r t ɑː l s p r e ə̯ k ə r s
moeras	m u r a s
moes	m u s
moet	m u t
mog	m ɔ χ
moltrein	m ɔ l t r ə i̯ n
monnik	m ɔ n ə k
mooi	m oː i̯
moor	m ʊ ə̯ r
moord	m ʊ ə̯ r t
mos	m ɔ s
moskee	m ɔ s k ɪ ə̯
mossel	m ɔ s ə l
mosterd	m ɔ s t ə r t
mosterdgas	m ɔ s t ə r t χ a s
motief	m ʊ ə̯ t i f
motor	m ʊ ə̯ t ə r
mou	m œ u̯
muf	m œ f
mug	m œ χ
muggie	m œ χ i
muis	m œ i̯ s
muishond	m œ i̯ s ɦ ɔ n t
mummie	m œ m i
mus	m œ s
my	m ə i
môre	m ɔː r ə
naald	n ɑː l t
naamval	n aː m f ɑ l
nader	n ɑː d ə r
nag	n a χ
nagereg	n ɑː χ ə r ɛ χ
naguil	n a χ œ i̯ l
nasie	n ɑː s i
natuur	n a t y r
naudé	n œ u d e ə
navo	n ɑː f o ə̯
naweek	n ɑː v ɪ ə̯ k
nederland	n ɪ ə̯ d ə r l a n t
nedersetting	n ɪ ə̯ d ə r s ɛ t ə ŋ
nee	n i əː
neerdaal	n ɪ ə̯ r d ɑː l
neerlê	n i ə̯ r l ɛː
nes	n ɛ s
neuk	n ɪ ø k
neus	n ɪ ø s
neutraal	n ɪ ø t r ɑː l
nie	n i
nier	n i r
nigeries	n i χ ɪ ə̯ r i s
niks	n ə k s
nis	n ə s
nog	n ɔ χ
nommer	n ɔ m ə r
nooddruf	n ʊ ə̯ d r œ f
nooi	n oː i̯
nooit	n oː i t
noordwaarts	n ʊ ə̯ r t v ɑː r t s
noot	n ʊ ə̯ t
nortje	n ɔ r k e ə
nou	n œ u
noudat	n œ u̯ d a t
noukeurig	n œ u̯ k ɪ ø r ə χ
novelle	n ʊ ə̯ f ɛ l ə
nul	n œ l
nuus	n y s
nuut	n i t
nuut	n y t
nè	n ɛ
oefen	u f ə n
oek	u k
oerknal	u r k n a l
oes	u s
oeste	u s t ə
of	ɔ f
offisieel	ɔ f i s i ɪ ə̯ l
offisieel	ɔ f i ʃ ɪ ə̯ l
oggend	ɔ χ ə n t
ogiesdraad	ʊ ə̯ χ i s d r ɑː t
olie	ʊ ə̯ l i
olifant	ʊ ə̯ l i f a n t
olifantslurp	oː l i f ɑ n t s l u r p
omdat	ɔ m d a t
omgang	ɔ m χ a ŋ
omgewing	ɔ m χ ɪ ə̯ v ə ŋ
ommie	ɔ m i
omsons	ɔ m s ɔ n s
omstandigheid	ɔ m s t a n d ə χ ɦ ə i̯ t
onaards	ɔ n ɑː r t s
onbekend	ɔ n b ə k ɛ n t
onbeteuelbaar	ɔ n b ə t ɪ ø ə l b ɑː r
onderbroek	ɔ n ə r b r u k
onderskeidelik	ɔ n d ə r s k ə i̯ d ə l ə k
ondier	ɔ n d i r
ongelukkig	ɔ n χ ə l œ k ə χ
onkruid	ɔ ŋ k r œ i̯ t
onkruiddoder	ɔ ŋ k r œ i̯ t d ʊ ə̯ d ə r
onleesbaar	ɔ n l ɪ ə̯ s b ɑː r
onleesbaarheid	ɔ n l ɪ ə̯ s b ɑː r ɦ ə i̯ t
onnodig	ɔ n ʊ ə̯ d ə x
ons	ɔ n s
onse	ɔ n s ə
ontbyt	ɔ n t b ə i̯ t
onteenseglik	ɔ n t ɪ ə̯ n s ɛ χ l ə k
onthou	ɔ n t ɦ œ u̯
ontkenning	ɔ n t k ɛ n ə ŋ
ontploffing	ɔ n t p l ɔ f ə ŋ
ontsteking	ɔ n t s t ɪ ə̯ k ə ŋ
ontvang	ɔ n t f a ŋ
onverhoeds	ɔ n f ɛ r ɦ u t s
onvriendelik	ɔ n f r i n d ə l ə k
onwaardig	ɔ n v ɑː r d ə χ
onweer	ɔ n v ɪ ə̯ r
oog	o ə χ
ooglid	ʊ ə̯ χ l ə t
ook	ʊ ə̯ k
oom	o ə m
oond	ʊ ə̯ n t
oop	ʊ ə̯ p
oor	ʊ ə̯ r
oorbly	ʊ ə̯ r b l ə i̯ f
oorblyfsel	ʊ ə̯ r b l ə i̯ f s ə l
oorledene	ʊ ə̯ r l ɪ ə̯ d ə n ə
oorlog	ʊ ə r l ɔ χ
oorly	ʊ ə̯ r l ə ɪ̯
oorname	ʊ ə̯ r n ɑː m ə
oorslaan	ʊ ə r s l aː n
oorspoel	ʊ ə̯ r s p u l
ooswaarts	ʊ ə̯ s v ɑː r t s
opdaag	ɔ p d ɑː χ
opdrag	ɔ p d r a χ
opeet	ɔ p ɪ ə̯ t
open	ʊ ə̯ p ə n
opname	ɔ p n ɑː m ə
opstand	ɔ p s t a n t
opstandeling	ɔ p s t a n d ə l ɪ ŋ
ora	ʊ ə r a
orde	ɔ r d ə
ordentlik	ɔ r d ɛ n t l ə k
orgaan	ɔ r χ ɑː n
organisasie	ɔ r χ a n i s ɑː s i
orkes	ɔ r k ɛ s
oseaan	ʊ ə̯ s ɪ ə̯ ɑː n
ossewa	ɔ s ə v ɑː
ot	ɔ t
ou	œ u
ounooi	œ u n oː i̯
outisme	œ u̯ t ə s m ə
outjie	œ u k i
outonomie	œ u t ʊ ə n ʊ ə m i
paal	p ɑː l
padda	p a d a
padda	p a r a
paddavoet	p a d a f u t
paling	p ɑː l ɪ ŋ
paljas	p a l j a s
palmboom	p a l m b ʊ ə̯ m
pampoen	p a m p u n
pan	p a n
pap	p a p
papier	p a p iː r
paradoks	p a r a d ɔ k s
partyleier	p a r t ə i̯ l ə i̯ ə r
paspoort	p a s p ʊ ə̯ r t
passaat	p a s ɑː t
peer	p ɪ ə̯ r
pels	p ɛ l s
perd	p æː r t
perfek	p ə r f ɛ k
perfek	p ɛ r f ɛ k
pers	p æː r s
pers	p ɛ r s
pers	p ɛː r s
perske	p ɛ r s k ə
persoonlik	p ə r s ʊ ə̯ n l ə k
persoonlikheid	p ə r s ʊ ə̯ n l ə k ɦ ə i̯ t
piek	p i k
piemp	p i m p
pienaar	p i n aː r
pienk	p i ŋ k
piering	p i r ə ŋ
piesang	p i s a ŋ
pil	p ə l
pla	p l ɑː
plaas	p l ɑː s
plaasaanval	p l ɑː s ɑː n v a l
plaasdier	p l ɑː s d i r
plaasjapie	p l ɑː s j ɑː p i
plaasmoord	p l ɑː s m ʊ ə̯ r t
plaende	p l ɑː ə n d ə
plank	p l a ŋ k
platejoggie	p l ɑː t ə j ɔ χ i
plato	p l a t ʊ ə̯
platteland	p l a t ə l a n t
plek	p l ɛ k
plesier	p l ə s iː r
pluimbal	p l œ i̯ m b a l
pluk	p l œ k
poes	p u s
pofadder	p ɔ f a d ə r
polder	p ɔ l d ə r
pole	p ʊ ə l ə
polisie	p ʊ ə̯ l i s i
polisiekantoor	p ʊ ə̯ l i s i k a n t ʊ ə̯ r
pols	p ɔ l s
pomp	p ɔ m p
pools	p ʊ ə l s
poot	p ʊ ə̯ t
portret	p ɔ r t r ɛ t
positief	p ʊ ə̯ s i t i f
poskantoor	p ɔ s k a n t ʊ ə̯ r
poësie	p ʊ ə̯ ə s i
praalgraf	p r ɑː l χ r a f
praat	p r ɑː t
pragtig	p r a χ t ə χ
praktyk	p r a k t ə i̯ k
preek	p r ɪ ə̯ k
prent	p r ɛ n t
presies	p r ə s i s
pretoria	p r ə t ʊ ə r i a
prinses	p r ə n s ɛ s
produk	p r ʊ ə̯ d œ k
profeet	p r ʊ ə f ɪ ə t
proses	p r ʊ ə̯ s ɛ s
prossie	p r ɔ s i
prostituut	p r ɔ s t i t y t
protes	p r ʊ ə̯ t ɛ s
pruim	p r œ i̯ m
publikasie	p y b l i k ɑː s i
publiseer	p y b l i s ɪ ə̯ r
pyn	p ə i n
pynappel	p ə i̯ n a p ə l
pyne	p ə i n ə
pynlik	p ə i̯ n l ə k
pynstiller	p ə i̯ n s t ə l ə r
pyp	p ə i p
raadpleeg	r ɑː t p l ɪ ə̯ χ
raaf	r ɑː f
raai	r ɑː i
raap	r ɑː p
radio	r ɑː d i ʊ ə̯
rampokker	r a m p ɔ k ə r
rand	r ɐ n t
raserny	r ɑː s ə r n ə i̯
rassis	r a s ə s
reebok	r ɪ ə̯ b ɔ k
reeks	r ɪ ə̯ k s
reeksmoordenaar	r ɪ ə̯ k s m ʊ ə̯ r d ə n ɑː r
regering	r ə χ ɪ ə̯ r ə ŋ
regisseur	r ɪ ə̯ χ i s ɪ ø r
regmatig	r ɛ χ m ɑː t ə χ
regs	r ɛ χ s
regstaat	r ɛ χ s t ɑː t
reier	r ə i̯ ə r
rekenaar	r ɪ ə̯ k ə n ɑː r
renoster	r ə n ɔ s t ə r
reptiel	r ɛ p t i l
respek	r ə s p ɛ k
restaurant	r ɛ s t u r a n t
restaurant	r ɛ s t ʊ ə̯ r a n t
reus	r ɪ ø s
reën	r eː ə n
reën	r ɪ ə̯ n
riet	r i t
ring	r ə ŋ
risiko	r i s i k ʊ ə̯
ritme	r ə t m ə
rivier	r ə f iː r
riviertjie	r ə f iː r k i
robot	r ʊ ə̯ b ɔ t
roep	r u p
roereier	r u r ə i̯ ə r
rof	r ɔ f
rok	r ɔ k
rol	r ɔ l
rolle	r ɔ l ə
rolprent	r ɔ l p r ɛ n t
rolstoel	r ɔ l s t u l
rond	r ɔ n t
roofdier	r ʊ ə̯ f d i r
rooi	r oː i̯
rooibos	r oː i̯ b ɔ s
rooikappie	r oː i̯ k ɑ p i
rook	r ʊ ə̯ k
room	r ʊ ə̯ m
roos	r ʊ ə̯ s
rotstekening	r ɔ t s t ɪ ə̯ k ə n ə ŋ
rou	r œ u
rower	r ʊ ə̯ v ə r
rug	r œ χ
rugsak	r œ χ s a k
ruiker	r œ i̯ k ə r
ruim	r œ i̯ m
ruit	r œ i̯ t
ruiter	r œ i̯ t ə r
rus	r œ s
rusie	r y s i
ruïne	r y i n ə
ry	r ə i
rykdom	r ə i̯ k d ɔ m
rym	r ə i̯ m
rûe	r œː
s'n	s ə n
saal	s ɑː l
saam	s ɑː m
saamkom	s ɑː m k ɔ m
saamstel	s ɑː m s t ɛ l
saans	s ɑː n s
saffier	s a f i r
sag	s a χ
sakdoek	s a k d u k
sakeman	s ɑː k ə m a n
sakevrou	s ɑː k ə f r œ u̯
sal	s a l
salamander	s a l a m a n d ə r
salmander	s a l m a n d ə r
sambreel	s a m b r ɪ ə l
samespraak	s ɑː m ə s p r ɑː k
samevatting	s ɑː m ə f a t ə ŋ
sand	s a n t
sandkasteel	s a n t k a s t ɪ ə̯ l
sappig	s a p ə χ
schalk	s k a l k
schoeman	s k u m a n
schuster	ʃ u s t ə r
schutte	s k œ ə t ə
se	s ə
sedertdien	s ɪ ə̯ d ə r t d i n
see	s ɪ ə
seekomkommer	s ɪ ə̯ k ɔ m k ɔ m ə r
seep	s ɪ ə p
seeskap	s ɪ ə̯ s k a p
seevlak	s ɪ ə̯ f l a k
seewater	s ɪ ə̯ v ɑː t ə r
seis	s ə i s
seisoen	s ə i̯ s u n
sekere	s ɪ ə k ə r ə
sekerlik	s ɪ ə̯ k ə r l ə k
sel	s ɛ l
selde	s ɛ l d ə
selmaat	s ɛ l m ɑː t
sending	s ɛ n d ə ŋ
sent	s ɛ n t
senuweeagtig	s ɪ ə̯ n y v ɪ ə̯ a χ t ə χ
serp	s ɛ r p
servet	s ə r f ɛ t
seun	s e ø n
seuntjie	s e ø n k i
seën	s eː ə n
seën	s ɪ ə̯ n
seëning	s eː ə n ə ŋ
seëning	s ɪ ə̯ n ə ŋ
siek	s i k
siekehuis	s i k ə ɦ œ i̯ s
sieker	s i k ə r
siektekiem	s i k t ə k i m
sien	s i n
sierwa	s i r v ɑː
siet	s i t
sigbaar	s ə χ b ɑː r
siklus	s i k l œ s
silwer	s ə l v ə r
sin	s ə n
sing	s ə ŋ
sink	s ə ŋ k
sinsbou	s ə n s b œ u̯
sirkel	s ə r k ə l
sirkus	s ə r k œ s
sit	s ə t
sitkamer	s ə t k ɑː m ə r
sjokolade	ʃ ʊ ə̯ k ʊ ə̯ l ɑː d ə
skaamte	s k ɑː m t ə
skaamteloos	s k ɑː m t ə l ʊ ə̯ s
skaap	s k ɑː p
skaars	s k ɑː r s
skaatsplank	s k ɑ t s p l a ŋ k
skadu	s k ɑː d y
skaduwee	s k ɑː d ə v i ə̯
skandelik	s k a n d ə l ə k
skare	s k ɑː r ə
skarminkel	s k a r m ə ŋ k ə l
skat	s k a t
skedel	s k ɪ ə̯ d ə l
skeldparty	s k ɛ l p a r t ə i̯
skiet	s k i t
skildery	s k ə l d ə r ə i̯
skim	s k ə m
skip	s k ə p
skipbreuk	s k ə p b r ɪ ø k
skoen	s k u n
skool	s k ʊ ə̯ l
skoolmaat	s k ʊ ə̯ l m ɑː t
skoolvoeding	s k ʊ ə̯ l f u d ə ŋ
skoon	s k ʊ ə̯ n
skoorsteen	s k ʊ ə̯ r s t ɪ ə̯ n
skoot	s k ʊ ə t
skootrekenaar	s k ʊ ə t r ɪ ə̯ k ə n ɑː r
skotland	s k ɔ t l a n t
skottel	s k ɔ t ə l
skottelgoed	s k ɔ t ə l χ u t
skroef	s k r u f
skroewe	s k r u v ə
skrywer	s k r ə i̯ v ə r
skuld	s k œ l t
skuldig	s k œ l d ə χ
skuldige	s k œ l d ə χ ə
skyf	s k ə i f
skêr	s k ɛː r
slaaf	s l ɑː f
slaan	s l ɑː n
slaapkamer	s l ɑː p k ɑː m ə r
slaat	s l ɑː t
slagoffer	s l a χ ɔ f ə r
slak	s l a k
slank	s l a ŋ k
slavin	s l ɑː v ə n
slawe	s l ɑː v ə
sleutel	s l ɪ ø t ə l
sloep	s l u p
sluit	s l œ i t
slurp	s l œ r p
smeltkroes	s m ɛ l t k r u s
smid	s m ə t
smokkelhuis	s m ɔ k ə l ɦ œ i̯ s
smokkie	s m ɔ k i
smous	s m œ u̯ s
smuts	s m a t s
smuts	s m œ t s
snaaks	s n ɑː k s
snags	s n a χ s
snawel	s n ɑː v ə l
sneeu	s n i u
snert	s n ɛ r t
snik	s n ə k
snoek	s n u k
snoeker	s n u k ə r
snol	s n ɔ l
snorkel	s n ɔ r k ə l
so	s ʊ ə̯
sodoende	s ʊ ə̯ d u n d ə
soe	s u
soen	s u n
soet	s u t
soewerein	s u ʋ ə r ə i n
soewereiniteit	s u ʋ ə r ə i n i t ə i t
sog	s ɔ χ
sok	s ɔ k
soldaat	s ɔ l d ɑː t
solder	s ɔ l d ə r
somers	s ʊ ə̯ m ə r s
sommer	s ɔ m ə r
soms	s ɔ m s
son	s ɔ n
sondaar	s ɔ n d ɑː r
sondares	s ɔ n d ɑː r ɛ s
sonder	s ɔ n d ə r
sonneblom	s ɔ n ə b l ɔ m
sonnig	s ɔ n ə χ
soontoe	s ʊ ə̯ n t u
soos	s ʊ ə s
sorg	s ɔ r χ
sou	s œ u
sous	s œ u̯ s
sout	s œ u̯ t
spaarsamig	s p ɑː r s ɑː m ə χ
spaarvark	s p ɑː r f a r k
spaarwiel	s p ɑː r v i l
spanje	s p a n j ə
speel	s p ɪ ə̯ l
speelgrond	s p ɪ ə l χ r ɔ n t
spel	s p ɛ l
speld	s p ɛ l t
spelonk	s p ə l ɔ n k
spelonk	s p ɪ ə̯ l ɔ n k
spieël	s p iː l
spieëls	s p iː l s
splinternuut	s p l ə n t ə r n y t
spoedbult	s p u t b œ l t
spoel	s p u l
spook	s p ʊ ə̯ k
spoorlyn	s p ʊ ə̯ r l ə i̯ n
spoorweg	s p oː r w ɛ χ
spraakvryheid	s p r ɑː k f r ə i̯ ɦ ə i̯ t
spreektaal	s p r ɪ ə̯ k t ɑː l
spyker	s p ə i̯ k ə r
spyskaart	s p ɛ i̯ s k aː r t
staafkode	s t ɑː f k ʊ ə̯ d ə
staal	s t ɑː l
staan	s t ɑː n
staat	s t ɑː t
staatshoof	s t ɑː t s ɦ ʊ ə̯ f
stad	s t a t
stadsaal	s t a t s ɑː l
stadspoort	s t a t s p ʊ ə̯ r t
staking	s t ɑː k ə ŋ
stam	s t a m
standbeeld	s t a n t b ɪ ə̯ l t
stasie	s t ɑː s i
steekproef	s t ɪ ə̯ k p r u f
steen	s t ɪ ə̯ n
steenkool	s t ɪ ə̯ n k ʊ ə̯ l
stem	s t ɛ m
ster	s t ɛ r
stigting	s t ə χ t ə ŋ
stillewe	s t ə l l ɪ ə̯ v ə
stilte	s t ə l t ə
stoel	s t u l
stoep	s t u p
stof	s t ɔ f
stofpad	s t ɔ f p a t
stok	s t ɔ k
stokkielekker	s t ɔ k i l ɛ k ə r
stol	s t ɔ l
stoom	s t ʊ ə̯ m
stoomroller	s t ʊ ə̯ m r ɔ l ə r
storm	s t ɔ r m
stowwe	s t ɔ v ə
straal	s t r ɑː l
straat	s t r ɑː t
straatvrou	s t r ɑː t f r œ u̯
strand	s t r a n t
streek	s t r ɪ ə̯ k
streekliteratuur	s t r ɪ ə̯ k l i t ə r a t y r
strek	s t r ɛ k
strepieskode	s t r ɪ ə̯ p i s k ʊ ə̯ d ə
strik	s t r ə k
stront	s t r ɔ n t
stroop	s t r ə ʊ̯ p
stroopwafel	s t r ʊ ə̯ p v ɑː f ə l
struikelblok	s t r œ i̯ k ə l b l ɔ k
strydwa	s t r ə i t v ɑː
stug	s t œ χ
stuk	s t œ k
subsidie	s œ p s i d i
sug	s œ χ
suidwaarts	s œ i̯ t v ɑː r t s
suig	s œ i χ
suigstokkie	s œ i̯ χ s t ɔ k i
suiker	s œ i̯ k ə r
sus	s œ s
suster	s œ s t ə r
suur	s y r
swaan	s v ɑː n
swaartekrag	s v ɑː r t ə k r a χ
sweep	s v ɪ ə̯ p
sweet	s v ɪ ə̯ t
swembad	s v ə m b a t
swembad	s v ɛ m b a t
swyn	s v ə i̯ n
sy	s ə i
syfer	s ə i f ə r
sê	s ɛː
sôe	s oː ə
taal	t ɑː l
taalbeleid	t ɑː l b ə l ə i̯ t
taalgeleerde	t ɑː l χ ə l ɪ ə̯ r d ə
tabernakel	t a b ə r n ɑː k ə l
tafel	t ɑː f ə l
takbok	t a k b ɔ k
taktiek	t a k t i k
tale	t ɑː l ə
tamatie	t a m ɑː t i
tandeborsel	t a n d ə b ɔ r s ə l
tandepasta	t a n d ə p a s t a
tandepasta	t a n ə p a s t a
te	t ə
teater	t ɪ ə̯ ɑː t ə r
tee	t ɪ ə̯
teef	t i ə f
teekoppie	t ɪ ə̯ k ɔ p i
teel	t i ə̯ l
teen	t ɪ ə n
teenoor	t ɪ ə̯ n ʊ ə̯ r
teerpad	t ɪ ə̯ r p a t
tegniek	t ɛ χ n i k
tegnologies	t ɛ χ n ʊ ə̯ l ʊ ə̯ x i s
teiken	t ə i̯ k ə n
teken	t i ə̯ k ə n
tekening	t eː k ə n ɪ ŋ
tekening	t ɪ ə̯ k ə n ə ŋ
tekkie	t ɛ k i
telefoneer	t ɪ ə̯ l ə f ʊ ə̯ n ɪ ə̯ r
telefoon	t ɛ l ə f ʊ ə̯ n
telefoon	t ɪ ə̯ l ə f ʊ ə̯ n
telg	t ɛ l χ
telluur	t ɛ l y r
terblanche	t ə r b l aː n ʃ
theo	t i u
theron	t r o n
theron	t r ɔ n
tiekie	t i k i
tiekieboks	t i k i b ɔ k s
tiet	t i t
tik	t ə k
tikkop	t ə k ɔ p
tjap	t ʃ a p
tjerrie	t ʃ ɛ r i
tjoef	t ʃ u f
tjommie	t ʃ ɔ m i
tjorts	t ʃ ɔ r t s
toeka	t u k a
toenadering	t u n ɑː d ə r ə ŋ
toesig	t u s ə χ
toespraak	t u s p r ɑː k
toestel	t u s t ɛ l
tong	t ɔ ŋ
tonnel	t ɔ n ə l
tooi	t oː i̯
toonbank	t ʊ ə̯ n b a ŋ k
toor	t oː r
tor	t ɔ r
toring	t ʊ ə̯ r ə ŋ
tot	t ɔ t
tou	t œ u̯
traan	t r ɑː n
tranetrekker	t r ɑː n ə t r ɛ k ə r
trap	t r a p
tree	t r ɪ ə̯
trein	t r ə i n
treindrywer	t r ə i̯ n d r ə i̯ v ə r
tronk	t r ɔ ŋ k
tsjeggies	t ʃ ɛ χ i s
tuin	t œ i̯ n
tuis	t œ i̯ s
tuiste	t œ i̯ s t ə
tussen	t œ s ə n
twee	t v e ə
twee	t v ɪ ə̯
twyfel	t v ə i̯ f ə l
u	y
ui	œ j
uit	œ i̯ t
uitdrukking	œ i̯ t d r œ k ə ŋ
uitgawe	œ i̯ t χ ɑː v ə
uithol	œ i̯ t ɦ ɔ l
uitjie	œ j k i
uitoefen	œ i t u f ə n
uitskel	œ i̯ t s k ɛ l
uitsondering	œ i̯ t s ɔ n d ə r ə ŋ
uitspraakwoordeboek	œ i̯ t s p r ɑː k v o ə̯ r d ə b u k
uitstel	œ i̯ t s t ɛ l
uittog	œ i̯ t ɔ χ
universiteit	y n i v ɛ r s i t ə i̯ t
ure	y r ə
uur	y r
uurglas	y r χ l a s
vaal	f ɑː l
vaart	f ɑː r t
vaartuig	f ɑː r t œ i̯ χ
vader	f ɑː d ə r
vakansie	f a k a n s i
val	f a l
valskerm	f a l s k ɛ r m
van	f a n
vanaand	f ə n ɑː n t
vandag	f ə n d a χ
vandeesweek	f ə n d ɪ ə̯ s v ɪ ə̯ k
vangs	f a ŋ s
vannag	f ə n a χ
vark	f a r k
vars	f a r s
vas	f a s
vat	f a t
veel	f ɪ ə l
veertig	f ɪ ə̯ r t ə χ
veiligheid	f ə i̯ l ə χ ɦ ə i̯ t
veiling	f ə i̯ l ə ŋ
vel	f ɛ l
veldbrand	f ɛ l t b r a n t
veldfliek	f ɛ l t f l i k
veldslag	f ɛ l t s l a χ
veldtog	f ɛ l t ɔ χ
ver	f ɛ r
veral	f ə r a l
veras	f ə r a s
verbeelding	f ə r b ɪ ə̯ l d ə ŋ
verbrysel	f ə r b r ə i̯ s ə l
verby	f ə r b ə i̯
verbygaan	f ə r b ə i̯ χ ɑː n
verdagte	f ə r d a χ t ə
verdrag	f ə r d r a χ
verdwyn	f ə r d w ɛ i n
verf	f ɛ r f
vergeef	f ə r χ ɪ ə̯ f
vergeet	f ə r χ ɪ ə̯ t
vergewe	f ə r χ ɪ ə̯ v ə
verhaal	f ə r ɦ ɑː l
verhoognaam	f ə r ɦ ʊ ə̯ χ n ɑː m
verhouding	f ə r ɦ œ u̯ d ə ŋ
verjaardag	f ə r j ɑː r d a χ
verjaarsdag	f ə r j ɑː r s d a χ
verjonging	f ə r j ɔ ŋ ə ŋ
verkeer	f ə r k ɪ ə r
verkenner	f ə r k ɛ n ə r
verkenning	f ə r k ɛ n ə ŋ
verlies	f ə r l i s
verloor	f ə r l ʊ ə r
vermaak	f ə r m ɑː k
verminder	f ə r m ə n d ə r
verpas	f ə r p a s
verras	f ə r a s
verrot	f ə r ɔ t
vers	f ɛ r s
versaak	f ə r s ɑː k
versekering	f ə r s ɪ ə̯ k ə r ə ŋ
versie	f ɛ r s i
versigtig	f ə r s ə χ t ə χ
versin	f ə r s ə n
verskeep	f ə r s k ɪ ə̯ p
verskiet	f ə r s k i t
verslaan	f ə r s l ɑː n
versleg	f ə r s l ɛ χ
verspil	f ə r s p ə l
verstaan	f ə r s t ɑː n
versuip	f ə r s œ i̯ p
verte	f ɛ r t ə
vertoonvenster	f ə r t ʊ ə n f ɛ n s t ə r
vertrek	f ə r t r ɛ k
verveling	f ə r f ɪ ə̯ l ə ŋ
verwaarloos	f ə r v ɑː r l ʊ ə̯ s
verwant	f ə r v ɑ n t
verwoes	f ə r v u s
verwoesting	f ə r v u s t ə ŋ
verwyder	f ə r v ə i̯ ə r
verwysing	f ə r ʋ ə i̯ s ə ŋ
vesel	v ɪ ə̯ s ə l
veselperske	v ɪ ə̯ s ə l p ɛ r s k ə
veteraanmotor	f ɪ ə̯ t ə r ɑː n m ʊ ə̯ t ə r
vi'	f ə
viljoen	f ə l j u n
vind	f ə n t
vinger	f ə ŋ ə r
vink	f ə ŋ k
viool	f i ʊ ə̯ l
vir	f ə r
virrie	f ə r i
vis	f ə s
visagie	f ə s aː s i
visagie	f ə s aː x i
visse	f ə s ə
visser	f ə s ə r
viviers	v ə v ə j e ə
vlak	f l a k
vlakte	f l a k t ə
vlam	f l a m
vleg	f l ɛ χ
vleis	f l ə i s
vlerk	f l ɛ r k
vlieg	f l i χ
vliegtuig	f l i χ t œ i̯ χ
vliegveld	f l iː χ f ɛ l t
vlinder	f l ə n d ə r
vloei	f l u i
vloeistof	f l u i s t ɔ f
vloer	f l u r
vloot	f l ʊ ə̯ t
vlootblou	f l ʊ ə̯ t b l œ u
vlugteling	f l œ χ t ə l ə ŋ
voeding	v u d ə ŋ
voedingstof	v u d ə ŋ s t ɔ f
voedsaam	f u t s ɑː m
voedsaamheid	f u t s ɑː m ɦ ə i̯ t
voedsel	f u t s ə l
voedselgewas	v u t s ə l χ ə v a s
voetangel	f u t a ŋ ə l
voetstap	f u t s t a p
vokaal	f ʊ ə̯ k ɑː l
vol	f ɔ l
volg	f ɔ l χ
volharding	f ɔ l ɦ a r d ə ŋ
volk	f ɔ l k
volkslied	f ɔ l k s l i t
volle	f ɔ l ə
volste	f ɔ l s t ə
volste	ʋ ɔ l s t ə
volstruis	f ɔ l s t r œ i̯ s
vonk	f ɔ ŋ k
vonkprop	f ɔ ŋ k p r ɔ p
voor	f ʊ ə̯ r
voorbeeld	f ʊ ə̯ r b ɪ ə̯ l t
voorbok	f ʊ ə̯ r b ɔ k
voordeur	f ʊ ə̯ r d ɪ ø r
voorgereg	f oː r χ ə r ɛ χ
voorkom	f ʊ ə r k ɔ m
voorouer	v ʊ ə̯ r œ u̯ ə r
voorskoot	f ʊ ə r s k ʊ ə t
voortbrengsel	f ʊ ə̯ r t b r ɛ ŋ s ə l
vorm	f ɔ r m
vos	f ɔ s
voël	f oː ə l
voël	f ʊ ə̯ l
vra	f r ɑː
vraag	f r ɑː χ
vrae	f r ɑː ə
vrede	f r ɪ ə̯ d ə
vreemd	f r ɪ ə m t
vreemdeling	f r ɪ ə̯ m d ə l ə ŋ
vrees	f r ɪ ə s
vreet	f r ɪ ə t
vriendin	v r i n d ə n
vrot	f r ɔ t
vrou	f r œ u̯
vrug	f r œ χ i
vrugteskommel	f r œ χ t ə s k ɔ m ə l
vrydag	f r ə i d a χ
vuis	f œ i s
vuiste	f œ i s t ə
vulkaan	v œ l k ɑː n
vullis	f œ l ə s
vullis	f ə l ə s
vullisdrom	f œ l ə s d r ɔ m
vulstasie	f œ l s t ɑː s i
vuur	f y r
vuurblusser	f y r b l œ s ə r
vuurhout	f y r ɦ œ u̯ t
vuurhoutjie	f y r œ u̯ k i
vuurhoutjie	f y r ɦ œ u̯ k i
vuurkleur	f yː r k l ɪ ø r
vuurklip	f yː r k l ə p
vuurtoring	f y r t ʊ ə̯ r ə ŋ
vuurwerk	f y r v ɛ r k
vy	f ə i
vyand	f ə i̯ a n t
vyandig	f ə i̯ a n d ə χ
vyeboom	f ə i̯ ə b u ə̯ m
vyg	f ə i̯ χ
vygie	f ə i̯ χ i
wa	v ɑː
waagmoedig	v ɑː χ m u d ə χ
waarnatoe	v ɑː r n a t u
waatlemoen	v ɑ t l ə m u n
waatlemoen	v ɑː t l ə m u n
waens	v ɑː ə n s
wag	v a χ
walvis	v a l f ə s
wandelpad	v a n d ə l p a t
want	v a n t
wantroue	v a n t r œ u̯ ə
wantrouig	v a n t r œ u̯ ə χ
warmte	v a r m t ə
wartlemoen	v ɑ r t l ə m u n
wasbak	v a s b a k
wat	v a t
water	v ɑː t ə r
waterlemoen	v ɑː t ə r l ə m u n
waterstof	v ɑː t ə r s t ɔ f
waterstofbom	v ɑː t ə r s t ɔ f b ɔ m
waterval	v ɑː t ə r f a l
watter	v a t ə r
waëns	v ɑː ə n s
wedloop	v ɛ t l ʊ ə̯ p
weemoed	v ɪ ə̯ m u t
weergawe	v ɪ ə̯ r χ ɑː v ə
weerstand	v ɪ ə̯ r s t a n t
wees	v ɪ ə s
weet	v ɪ ə t
weg	v ɛ χ
weggaan	v ɛ χ ɑː n
weggooi	v ɛ χ χ oː i̯
wen	v ɛ n
wenteltrap	v ɛ n t ə l t r a p
werk	ʋ ɛː r k
werkersklas	v ɛ r k ə r k l a s
werksaam	v ɛ r k s ɑː m
werkwoord	v ɛ r k v ʊ ə̯ r t
wese	v ɪ ə s ə
weswaarts	v ɛ s v ɑː r t s
wet	v ɛ t
wetenskap	v ɪ ə̯ t ə n s k a p
wetgewing	v ɛ t χ ɪ ə̯ v ə ŋ
wetstoepasser	v ɛ t s t u p a s ə r
wies	v i s
wiet	v i t
wig	v ə χ
wil	v ə l
wild	v ə l t
wildebees	v ə l d ə b ɪ ə s
wildtuin	v ə l t œ i̯ n
wilg	v ə l χ
wilhelm	v ə l ɦ ɛ l ə m
wind	v ə n t
winkel	v ə ŋ k ə l
winkelsentrum	v ə ŋ k ə l s ɛ n t r œ m
winter	v ə n t ə r
wisselkoers	v ə s ə l k uː r s
wit	v ə t
witman	v ə t m a n
woensdag	v u n s d a χ
wolk	v ɔ l k
wonderlik	v ɔ n d ə r l ə k
woonstel	v ʊ ə̯ n s t ɛ l
woord	v ʊ ə r t
woordeboek	v u ə̯ r d ə b u k
word	v ɔ r t
wors	v ɔ r s
worshond	v ɔː r s ɦ ɔ n t
wrak	v r a k
wurg	v œ r χ
wy	v ə i
wyd	v ə i̯ t
wyn	v ə i̯ n
wynruit	v ə i̯ n r œ i̯ t
wysheid	v ə i̯ s ɦ ə i̯ t
wêreld	v ɛː r ə l t
wîe	v əː ə
ysig	ə i̯ s ə χ
yslik	ə i̯ s l ə k
yster	ə i s t ə r
ystervark	ə i̯ s t ə r f a r k
yt	ə i̯ t
ytie	ə i̯ t i
