آخر	ʔ aː x i r
آخرة	ʔ aː x r e
آذار	ʔ aː ð aː r
آسف	ʔ aː s e f
آلة	ʔ aː l e
آمن	ʔ aː m a n
آنس	ʔ aː n a s
آه	ʔ aː
أباجور	ʔ a b aː ʒ oː r
أبدا	ʔ a b a d a n
أبدع	ʔ a b d a ʕ
أبرز	ʔ a b r a z
أبسط	ʔ a b s a tˤ
أبطل	ʔ a b tˤ a l
أبعد	ʔ a b ʕ a d
أبن	ʔ a b b a n
أتر	ʔ a t t a r
أتلج	ʔ a t l a ʒ
أثبت	ʔ a s b a t
أثر	ʔ a s s a r
أثر	ʔ a θ θ a r
أجار	ʔ a ʒ aː r
أجر	ʔ a ʒ ʒ a r
أجل	ʔ a ʒ ʒ a l
أجنبي	ʔ a ʒ n a b i
أحرج	ʔ a ħ r a ʒ
أحرز	ʔ a ħ r a z
أخد	ʔ a x a d
أخطى	ʔ a x tˤ a
أخفى	ʔ a x f a
أخلى	ʔ a x l a
أخيرا	ʔ a x iː r a n
أدار	ʔ a d aː r
أدمن	ʔ a d m a n
أذى	ʔ a z a
أربع	ʔ a r b a ʔ
أربعة	ʔ a r b a ʕ a
أربعتعش	ʔ a r b a ʕ t a ʃ
أرجل	ʔ a r ɡ a l
أرجيلة	ʔ a r ɡ iː l e
أرشد	ʔ a r ʃ a d
أرض	ʔ a r dˤ
أرضى	ʔ a r dˤ a
أرمني	ʔ a r m a n i
أرمينيا	ʔ a r m iː n j a
أرنب	ʔ a r n a b
أزعج	ʔ a z ʕ a ʒ
أزمة	ʔ a z m e
أسبوع	ʔ u s b uː ʕ
أسرع	ʔ a s r a ʕ
أسس	ʔ a s s a s
أسكر	ʔ a s k a r
أسلم	ʔ a s l a m
أشتى	ʔ a ʃ t a
أشخاص	ʔ a ʃ x aː sˤ
أشر	ʔ a ʃ ʃ a r
أشرك	ʔ a ʃ r a k
أشهر	ʔ a ʃ h o r
أصاب	ʔ a sˤ aː b
أصبح	ʔ a sˤ b a ħ
أصبع	ʔ u sˤ b a ʕ
أصحاب	ʔ a sˤ ħ aː b
أصدقاء	ʔ a sˤ d i q aː ʔ
أصلح	ʔ a sˤ l a ħ
أضاف	ʔ a dˤ aː f
أضرب	ʔ a dˤ r a b
أضفر	ʔ u dˤ f a r
أعار	ʔ a ʕ aː r
أعجب	ʔ a ʕ ʒ a b
أعدى	ʔ a ʕ d a
أعطى	ʔ a ʕ tˤ a
أعفى	ʔ a ʕ f a
أعلن	ʔ a ʕ l a n
أعمى	ʔ a ʕ m a
أغرى	ʔ a ɣ r a
أفاد	ʔ a f aː d
أفرج	ʔ a f r a ʒ
أفرح	ʔ a f r a ħ
أفلس	ʔ a f l a s
أقل	ʔ a ɡ a l l
أقل	ʔ a ʔ a l l
أقنع	ʔ a q n a ʕ
أكد	ʔ a k k a d
أكرم	ʔ a k r a m
أكل	ʔ a k a l
أكل	ʔ a k l
أكلة	ʔ a k l e
أكم	ʔ a k a m m
أكيل	ʔ a k k iː l
ألغى	ʔ a l ɣ a
ألف	ʔ a l l a f
ألمانيا	ʔ a l mˤ aː n j a
ألهى	ʔ a l h a
أما	ʔ a m m a
أمر	ʔ a m a r
أمم	ʔ a m m a m
أمن	ʔ a m m a n
أمهل	ʔ a m h a l
أنا	ʔ a n a
أنعم	ʔ a n ʕ a m
أنف	ʔ a n f
أنقذ	ʔ a n q a z
أنهى	ʔ a n h a
أهان	ʔ a h aː n
أهدى	ʔ a h d a
أهل	ʔ a h h a l
أهل	ʔ a h l
أهمل	ʔ a h m a l
أواعي	ʔ a w aː ʕ i
أوتيل	ʔ oː t eː l
أوضة	ʔ oː dˤ a
أيام	ʔ a j j aː m
أيد	ʔ a j j a d
إبريق	ʔ i b r iː ʔ
إجا	ʔ i ʒ a
إجازة	ʔ i ʒ aː z e
إسبانيا	ʔ i s b aː n j a
إسهال	ʔ i s h aː l
إنجاص	ʔ i n ʒ aː sˤ
إيش	ʔ eː ʃ
إيطاليا	ʔ iː tˤ aː l j a
ابتز	i b t a z z
ابتسم	i b t a s a m
اتاكل	i t t aː k a l
اتحد	i t t a ħ a d
اتصل	i t t a sˤ a l
اتفق	i t t a f a ʔ
اتكل	i t t a k a l
اتهم	i t t a h a m
اجتماع	i ʒ t i m aː ʕ
اجتمع	i ʒ t a m a ʕ
اجر	ʔ i ʒ r
احتاج	i ħ t aː ʒ
احتج	i ħ t a ʒ ʒ
احترم	i ħ t a r a m
احتفل	i ħ t a f a l
احتل	i ħ t a l l
احمر	i ħ m a r r
احنا	ʔ i ħ n a
اختار	i x t aː r
اخترع	i x t a r a ʕ
اختصر	i x t a sˤ a r
اختفى	i x t a f a
اختلط	i x t a l a tˤ
اختلف	i x t a l a f
ارتاح	i r t aː ħ
ارتكب	i r t a k a b
استأجر	i s t a ʔ ʒ a r
استاهل	i s t aː h a l
استثمر	i s t a θ m a r
استجوب	i s t a ʒ w a b
استحق	i s t a ħ a ɡ ɡ
استحق	i s t a ħ a ʔ ʔ
استحلى	i s t a ħ l a
استحى	i s t a ħ a
استخدم	i s t a x d a m
استخف	i s t a x a f f
استراح	i s t a r aː ħ
استراحة	i s t i r aː ħ a
استرجى	i s t a r ʒ a
استسلم	i s t a s l a m
استشار	i s t a ʃ aː r
استشهد	i s t a ʃ h a d
استعار	i s t a ʕ aː r
استعجل	i s t a ʕ ʒ a l
استعمر	i s t a ʕ m a r
استعمل	i s t a ʕ m a l
استغرب	i s t a ɣ r a b
استغل	i s t a ɣ a l l
استغنى	i s t a ɣ n a
استفاد	i s t a f aː d
استفز	i s t a f a z z
استقال	i s t a q aː l
استقبل	i s t a ʔ b a l
استقل	i s t a ɡ a l l
استقل	i s t a ʔ a l l
استلذ	i s t a l a z z
استمر	i s t a m a r r
استنى	i s t a n n a
استورد	i s t a w r a d
استوطن	i s t a w tˤ a n
استوى	i s t a w a
اسم	ʔ i s m
اسم	ʔ u s m
اشتاق	i ʃ t aː ʔ
اشترك	i ʃ t a r a k
اشترى	i ʃ t a r a
اشتغل	i ʃ t a ɣ a l
اضطر	i dˤ tˤ a r r
اعتبر	i ʕ t a b a r
اعتذر	i ʕ t a z a r
اعترض	i ʕ t a r a dˤ
اعترف	i ʕ t a r a f
اعتزل	i ʕ t a z a l
اعتقد	i ʕ t a ɡ a d
اعتقد	i ʕ t a ʔ a d
اعتقل	i ʕ t a q a l
اعتمد	i ʕ t a m a d
اغتال	i ɣ t aː l
اغتصب	i ɣ t a sˤ a b
افتخر	i f t a x a r
افترض	i f t a r a dˤ
اقتحم	i q t a ħ a m
اقترح	i q t a r a ħ
اكتشف	i k t a ʃ a f
الأحد	i l ʔ a ħ a d
الأربعا	i l ʔ a r b i ʕ a
الأردن	i l ʔ u r d u n
الإتنين	i l ʔ i t n eː n
البترا	i l b a t r a
التخم	i l t a x a m
التزم	i l t a z a m
التغى	i l t a ɣ a
التقى	i l t a ʔ a
التلاتا	i t t a l aː t a
التلاتا	i t t u l aː t a
التهب	i l t a h a b
الجليل	i l ʒ a l iː l
الجمعة	i l ʒ u m ʕ a
الجولان	i l ʒ uː l aː n
الخليل	i l x a l iː l
الخميس	i l x a m iː s
السبت	i s s a b t
القدس	i l ʔ u d s
الله	ʔ a lˤ lˤ a
الله	ʔ a lˤ lˤ aː h
الليلة	i l l eː l e
الناصرة	i n n aː sˤ r a
النقب	i n n a q a b
اليوم	i l j oː m
اليونان	i l j uː n aː n
امتنع	i m t a n a ʕ
انأذى	i n ʔ a z a
انباع	i n b aː ʕ
انبسط	i n b a s a tˤ
انبل	i n b a l l
انت	ʔ i n t a
انت	ʔ i n t e
انتاك	i n t aː k
انتبه	i n t a b a h
انتحر	i n t a ħ a r
انتخب	i n t a x a b
انتشر	i n t a ʃ a r
انتصر	i n t a sˤ a r
انتفخ	i n t a f a x
انتقل	i n t a ɡ a l
انتقل	i n t a ʔ a l
انتمى	i n t a m a
انتو	ʔ i n t u
انتي	ʔ i n t i
انجرح	i n ʒ a r a ħ
انحاز	i n ħ aː z
انحبس	i n ħ a b a s
انحرج	i n ħ a r a ʒ
انحرق	i n ħ a r a ɡ
انحرق	i n ħ a r a ʔ
انحكى	i n ħ a k a
انحل	i n ħ a l l
اندمج	i n d a m a ʒ
انزاد	i n z aː d
انزار	i n z aː r
انزعج	i n z a ʕ a ʒ
انسجن	i n s a ʒ a n
انسحب	i n s a ħ a b
انسرق	i n s a r a ɡ
انسرق	i n s a r a ʔ
انشاف	i n ʃ aː f
انشغل	i n ʃ a ɣ a l
انشفى	i n ʃ a f a
انشهر	i n ʃ a h a r
انضم	i n dˤ a m m
انعدى	i n ʕ a d a
انعمل	i n ʕ a m a l
انعمى	i n ʕ a m a
انغلى	i n ɣ a l a
انفتح	i n f a t a ħ
انفجر	i n f a ʒ a r
انفصل	i n f a sˤ a l
انفضح	i n f a dˤ a ħ
انفك	i n f a k k
انفهق	i n f a h a ɡ
انقال	i n ɡ aː l
انقال	i n ʔ aː l
انقطع	i n ʔ a tˤ a ʕ
انكب	i n k a b b
انكتب	i n k a t a b
انمسك	i n m a s a k
انهار	i n h aː r
انولد	i n w a l a d
اهتم	i h t a m m
ايد	ʔ iː d
ايمتى	ʔ eː m t a
باب	b aː b
بابا	bˤ aː bˤ a
باحث	b aː ħ e s
بارد	b aː r e d
بارك	b aː r a k
بازلا	b aː z e l l a
باس	b aː s
باص	b aː sˤ
باع	b aː ʕ
بال	b aː l
بالغ	b aː l a ɣ
بان	b aː n
باي	bˤ aː j
ببو	b u b b u
بتر	b a t a r
بتنجان	b e t i n ʒ aː n
بث	b a θ θ
بحث	b a ħ a s
بحر	b a ħ a r
بحيرة	b u ħ a j r a
بد	b i d d
بدا	b a d a
بداية	b i d aː j e
بدري	b a d r i
بدع	b a d d a ʕ
بدل	b a d d a l
بدون	b i d uː n
بذر	b i z r
برد	b a r a d
برد	b a r d
برد	b a r r a d
بردان	b a r d aː n
برداية	b u r d aː j e
بردقان	b u r d ʔ aː n
برر	b a r r a r
برضه	b a r dˤ o
برق	b a r a ɡ
برق	b a r a ʔ
برقوق	b a r ɡ uː ɡ
برقوق	b a r ʔ uː ʔ
برنامج	b a r n aː m e ʒ
برودة	b u r uː d e
بس	b a s
بس	b i s
بسرعة	b s u r ʕ a
بسط	b a s s a tˤ
بسيدر	b s eː d e r
بشع	b a ʃ ʃ a ʕ
بصل	b a sˤ a l
بطل	b a tˤ tˤ a l
بطيخ	b a tˤ tˤ iː x
بعبش	b a ʕ b a ʃ
بعت	b a ʕ a t
بعتر	b a ʕ t a r
بعد	b a ʕ d
بعدين	b a ʕ d eː n
بعزق	b a ʕ z a ɡ
بعزق	b a ʕ z a ʔ
بعص	b a ʕ a sˤ
بعض	b a ʕ dˤ
بعيد	b a ʕ iː d
بقى	b a k a
بقي	b i ɡ i
بقي	b i ʔ i
بكر	b a k k a r
بكرة	b u k r a
بكى	b a k a
بكير	b a k k iː r
بل	b a l
بلا	b a l a
بلاش	b a l aː ʃ
بلش	b a l l a ʃ
بلغ	b a l l a ɣ
بلف	b a l a f
بنات	b a n aː t
بناية	b i n aː j e
بنت	b i n t
بندورة	b a n d oː r a
بنى	b a n a
بهار	b h aː r
بهدل	b a h d a l
بول	b a w w a l
بيت	b eː t
بين	b a j j a n
بين	b eː n
بينما	b e j n a m a
ة	a
تأخر	t ʔ a x x a r
تأذى	t ʔ a z z a
تأكد	t ʔ a k k a d
تأهل	t ʔ a h h a l
تابع	t aː b a ʕ
تار	t aː r
تبادل	t b aː d a l
تبخر	t b a x x a r
تبدل	t b a d d a l
تبرع	t b a r r a ʕ
تبع	t a b a ʕ
تجاهل	t ʒ aː h a l
تجمع	t ʒ a m m a ʕ
تجنب	t ʒ a n n a b
تجوز	t ʒ a w w a z
تجول	t ʒ a w w a l
تحارب	t ħ aː r a b
تحت	t a ħ t
تحدث	t ħ a d d a s
تحدى	t ħ a d d a
تحرش	t ħ a r r a ʃ
تحرك	t ħ a r r a k
تحسن	t ħ a s s a n
تحكم	t ħ a k k a m
تحمس	t ħ a m m a s
تحمل	t ħ a m m a l
تحمم	t ħ a m m a m
تحول	t ħ a w w a l
تخانق	t x aː n a ɡ
تخانق	t x aː n a ʔ
تخبى	t x a b b a
تخجل	t x a ʒ ʒ a l
تخرج	t x a r r a ʒ
تخرف	t x a r r a f
تخصص	t x a sˤ sˤ a sˤ
تخلف	t x a l l a f
تخلى	t x a l l a
تخوت	t x a w w a t
تخوف	t x a w w a f
تخيل	t x a j j a l
تدخل	t d a x x a l
تدرب	t d a r r a b
تدوش	t d a w w a ʃ
تذكر	t z a k k a r
تذكرة	t a z k a r a
تراجع	t r aː ʒ a ʕ
تراهن	t r aː h a n
تربى	t r a b b a
ترجم	t a r ʒ a m
ترك	t a r a k
تزوج	t z a w w a ʒ
تساءل	t s aː ʔ a l
تسرب	t s a r r a b
تسرع	t s a r r a ʕ
تسع	t i s ʕ
تسعة	t i s ʕ a
تسعتعش	t i s a ʕ t a ʃ
تسكر	t s a k k a r
تسلى	t s a l l a
تشتت	t ʃ a t t a t
تشمس	t ʃ a m m a s
تصالح	t sˤ aː l a ħ
تصرف	t sˤ a r r a f
تصور	t sˤ a w w a r
تضايق	t dˤ aː j a ʔ
تطلع	t tˤ a l l a ʕ
تطمن	t tˤ a m m a n
تطور	t tˤ a w w a r
تعامل	t ʕ aː m a l
تعاون	t ʕ aː w a n
تعايش	t ʕ aː j a ʃ
تعب	t a ʕ ʕ a b
تعب	t i ʕ i b
تعبان	t a ʕ b aː n
تعجب	t ʕ a ʒ ʒ a b
تعدى	t ʕ a d d a
تعرض	t ʕ a r r a dˤ
تعرف	t ʕ a r r a f
تعشى	t ʕ a ʃ ʃ a
تعلق	t ʕ a l l a ʔ
تعلم	t ʕ a l l a m
تعود	t ʕ a w w a d
تغدى	t ɣ a d d a
تغسل	t ɣ a s s a l
تغلب	t ɣ a l l a b
تغير	t ɣ a j j a r
تف	t a f f
تفاجأ	t f aː ʒ a ʔ
تفاح	t u f f aː ħ
تفرج	t f a r r a ʒ
تفضل	t f a dˤ dˤ a l
تقابل	i t ɡ aː b a l
تقابل	i t ʔ aː b a l
تقاتل	t ɡ aː t a l
تقاتل	t ʔ aː t a l
تقارب	t ʔ aː r a b
تقاسم	t ʔ aː s a m
تقاعد	t q aː ʕ a d
تقبل	t ʔ a b b a l
تقدم	t ɡ a d d a m
تقدم	t ʔ a d d a m
تكبر	t k a b b a r
تلات	t a l aː t
تلاتة	t a l aː t e
تلاتة	t l aː t e
تلاعب	t l aː ʕ a b
تلتعش	t a l a t t a ʃ
تلج	t a l l a ʒ
تلفن	t a l f a n
تم	t i m m
تمام	t a m aː m
تمانية	t a m aː n j e
تمدد	t m a d d a d
تمر	t a m r
تمرد	t m a r r a d
تمرن	t m a r r a n
تمشى	t m a ʃ ʃ a
تمن	t a m a n
تمنتعش	t a m a n t a ʃ
تمنى	t m a n n a
تنازل	t n aː z a l
تنتين	t i n t eː n
تندم	t n a d d a m
تنصت	t n a sˤ sˤ a t
تنعش	t n a ʃ
تنفس	t n a f f a s
تنكر	t n a k k a r
تنمر	t n a m m a r
تنى	t a n a
تنين	t n eː n
تهاوش	t h aː w a ʃ
تهرب	t h a r r a b
تواصل	t w aː sˤ a l
توب	t oː b
توبة	t oː b e
توج	t a w w a ʒ
توجه	t w a ʒ ʒ a h
توسع	t w a s s a ʕ
توصل	t w a sˤ sˤ a l
توفى	t w a f f a
توقع	t w a ɡ ɡ a ʕ
توقع	t w a ʔ ʔ a ʕ
توقف	t w a ʔ ʔ a f
ثانية	θ aː n j e
ثقف	θ a q q a f
ثلج	t a l l a ʒ
جاب	ʒ aː b
جاج	ʒ aː ʒ
جاع	ʒ aː ʕ
جاهد	ʒ aː h a d
جاوب	ʒ aː w a b
جاي	ʒ aː j
جبر	ʒ a b a r
جبنة	ʒ i b n e
جدد	ʒ a d d a d
جدو	ʒ i d d o
جرب	ʒ a r r a b
جرح	ʒ a r a ħ
جزر	ʒ a z a r
جسر	ʒ i s r
جفف	ʒ a f f a f
جلى	ʒ a l a
جمد	ʒ a m m a d
جمد	ʒ i m i d
جمع	ʒ a m a ʕ
جمل	ʒ a m m a l
جنب	ʒ a n b
جند	ʒ a n n a d
جنن	ʒ a n n a n
جنين	ʒ n iː n
جهز	ʒ a h h a z
جوز	ʒ oː z
جوع	ʒ a w w a ʕ
جوعان	ʒ uː ʕ aː n
جول	ɡ oː l
حابب	ħ aː b i b
حارب	ħ aː r a b
حاسس	ħ aː s i s
حاطط	ħ aː tˤ i tˤ
حافظ	ħ aː f a zˤ
حاكى	ħ aː k a
حاليا	ħ aː l i j j a n
حامي	h aː m i
حاول	ħ aː w a l
حب	ħ a b
حبة	ħ a b b e
حبس	ħ a b a s
حبطرش	ħ a b a tˤ r a ʃ
حبيب	ħ a b iː b
حتى	ħ a t t a
حجز	ħ a ʒ a z
حد	ħ a d d
حدث	ħ a d d a s
حدد	ħ a d d a d
حدعش	ħ d a ʃ
حذر	ħ a ð ð a r
حذف	ħ a z a f
حر	ħ a r r
حرارة	ħ a r aː r a
حرر	ħ a r r a r
حرق	ħ a r a ɡ
حرق	ħ a r a ʔ
حرك	ħ a r r a k
حرم	ħ a r r a m
حزر	ħ i z i r
حزن	ħ a z z a n
حزن	ħ i z i n
حزنان	ħ a z n aː n
حس	ħ a s
حسب	ħ a s a b
حسد	ħ a s a d
حسس	ħ a s s a s
حسن	ħ a s s a n
حشى	ħ a ʃ a
حضر	ħ a dˤ dˤ a r
حضر	ħ i dˤ i r
حط	ħ a tˤ
حفظ	ħ i f i zˤ
حق	ħ a ʔ ʔ
حقق	ħ a ɡ ɡ a ɡ
حقق	ħ a ʔ ʔ a ʔ
حك	ħ a k k
حكم	ħ a k a m
حكم	ħ a k k a m
حكى	ħ a k a
حل	ħ a l l
حلق	ħ a l a ʔ
حلل	ħ a l l a l
حلم	ħ i l i m
حلو	ħ i l u
حلى	ħ a l l a
حليب	ħ a l iː b
حم	ħ a m m
حمس	ħ a m m a s
حمص	ħ a m m a sˤ
حمق	ħ i m i ɡ
حمق	ħ i m i ʔ
حمل	ħ a m a l
حمل	ħ a m m a l
حمم	ħ a m m a m
حمى	ħ a m a
حمى	ħ a m m a
حمي	ħ i m i
حميان	ħ a m j aː n
حن	ħ a n n
حوش	ħ a w w a ʃ
حول	ħ a w w a l
حياة	ħ a j aː
حيفا	ħ eː f a
خاشوقة	x aː ʃ uː q a
خاشوقة	x aː ʃ uː ɡ a
خاف	x aː f
خالتو	x aː l t o
خالف	x aː l a f
خالو	x aː l o
خبر	x a b b a r
خبز	x a b a z
خبز	x u b z
خبط	x a b a tˤ
خبى	x a b b a
خجل	x a ʒ ʒ a l
خجل	x i ʒ i l
خدم	x a d a m
خرافي	x u r aː f i
خرب	x a r r a b
خرب	x i r i b
خربان	x a r b aː n
خربش	x a r b a ʃ
خربط	x a r b a tˤ
خرس	x i r i s
خرف	x a r r a f
خري	x i r i
خس	x a s
خسر	x i s i r
خش	x a ʃ
خص	x a sˤ sˤ
خصص	x a sˤ sˤ a sˤ
خضرة	x u dˤ r a
خطب	x a tˤ a b
خطط	x a tˤ tˤ a tˤ
خطف	x a tˤ a f
خفف	x a f f a f
خلص	x a l a sˤ
خلص	x a l l a sˤ
خلط	x a l a tˤ
خلط	x a l l a tˤ
خلع	x a l a ʕ
خلف	x a l a f
خلف	x a l l a f
خلى	x a l l a
خمس	x a m s
خمسة	x a m s e
خمستعش	x a m s t a ʃ
خنق	x a n a ɡ
خنق	x a n a ʔ
خوخ	x oː x
خوف	x a w w a f
خيار	x i j aː r
خير	x a j j a r
داب	d aː b
داخ	d aː x
دار	d aː r
دافع	d aː f a ʕ
دافي	d aː f i
داق	d aː ʔ
دايما	d aː j m a n
دبح	d a b a ħ
دبر	d a b b a r
دخل	d a x a l
دخل	d a x x a l
دخن	d a x x a n
درب	d a r r a b
دربس	d a r b a s
دردش	d a r d a ʃ
درس	d a r a s
دعم	d a ʕ a m
دعى	d a ʕ a
دغري	d u ɣ r i
دفا	d a f a
دفش	d a f a ʃ
دفع	d a f a ʕ
دفن	d a f a n
دفى	d a f f a
دفي	d i f i
دفيان	d a f j aː n
دق	d a ʔ ʔ
دقق	d a ʔ ʔ a ʔ
دقيقة	d a ɡ iː ɡ e
دقيقة	d a ʔ iː ʔ a
دكان	d u k k aː n
دل	d a l l
دلل	d a l l a l
دمر	d a m m a r
دوام	d a w aː m
دوب	d a w w a b
دور	d a w w a r
دوزن	d oː z a n
ذكر	z a k a r
ذكر	z a k k a r
راتب	r aː t e b
راجع	r aː ʒ a ʕ
راجع	r aː ʒ i ʕ
راح	r aː ħ
راضى	r aː dˤ a
رايح	r aː j i ħ
ربح	r i b i ħ
ربط	r a b a tˤ
ربى	r a b b a
رتب	r a t t a b
رجع	r a ʒ ʒ a ʕ
رجع	r i ʒ i ʕ
رحل	r a ħ a l
رحلة	r i ħ l e
رخص	r a x x a sˤ
رد	r a d
رسم	r a s a m
رش	r a ʃ ʃ
رشح	r a ʃ a ħ
رشح	r a ʃ ʃ a ħ
رفض	r a f a dˤ
رفع	r a f a ʕ
رقص	r a ɡ a sˤ
رقص	r a ʔ a sˤ
ركب	r a k k a b
ركب	r i k i b
ركز	r a k k a z
ركض	r a k a dˤ
ركع	r a k a ʕ
ركن	r a k a n
رمش	r a m a ʃ
رمش	r a m m a ʃ
رمم	r a m m a m
رمى	r a m a
رن	r a n
روج	r a w w a ʒ
روح	r a w w a ħ
ريح	r a j j a ħ
ريح	r iː ħ
ريحا	r iː ħ a
ريحان	r iː ħ aː n
زاح	z aː ħ
زاد	z aː d
زار	z aː r
زاكي	z aː k i
زبدة	z i b d e
زبط	zˤ a b a tˤ
زبط	zˤ a b b a tˤ
زبون	z b uː n
زتون	z a t uː n
زرع	z a r a ʕ
زعتر	z a ʕ t a r
زعج	z a ʕ a ʒ
زعل	z a ʕ ʕ a l
زعل	z i ʕ i l
زعلان	z a ʕ l aː n
زفت	z a f f a t
زقف	z a ʔ ʔ a f
زلمة	z a l a m e
زمان	z a m aː n
زنجبيل	z a n ʒ a b iː l
زهق	z a h h a ɡ
زهق	z a h h a ʔ
زهق	z i h i ɡ
زهق	z i h i ʔ
زهقان	z a h ʔ aː n
زوج	z a w w a ʒ
زوج	z oː ʒ
زيت	z eː t
سأل	s a ʔ a l
ساب	s aː b
سابق	s aː b a ɡ
سابق	s aː b a ʔ
ساعة	s aː ʕ a
ساعد	s aː ʕ a d
سافر	s aː f a r
ساق	s aː ɡ
ساق	s aː ʔ
ساكن	s aː k i n
سامح	s aː m a ħ
سامع	s aː m i ʕ
ساوى	s aː w a
سب	s a b b
سبب	s a b b a b
سبح	s a b a ħ
سبسب	s a b s a b
سبع	s a b ʕ
سبعة	s a b ʕ a
سبعتعش	s a b a ʕ t a ʃ
سبق	s a b a ɡ
سبق	s a b a ʔ
ست	s i t
ستة	s i t t e
ستعش	s i t t a ʃ
سجل	s a ʒ ʒ a l
سجن	s a ʒ a n
سحب	s a ħ a b
سحل	s a ħ a l
سحل	s a ħ ħ a l
سخن	s a x a n
سخن	s a x x a n
سخن	s u x n
سرق	s a r a ɡ
سرق	s a r a ʔ
سطح	s a tˤ tˤ a ħ
سقط	s a ɡ a tˤ
سقط	s a ʔ a tˤ
سكت	s a k a t
سكت	s a k k a t
سكر	s a k k a r
سكر	s i k i r
سكر	s u k k a r
سكران	s a k r aː n
سكن	s a k a n
سكينة	s i k k iː n e
سلخ	s a l a x
سلق	s a l a ʔ
سلك	s a l a k
سلم	s a l l a m
سلم	s i l i m
سلى	s a l l a
سمح	s a m a ħ
سمع	s i m i ʕ
سمى	s a m m a
سنة	s a n e
سهر	s i h i r
سوق	s a w w a ʔ
سوى	s a w w a
سيارة	s a j j aː r a
شاب	ʃ a b
شارع	ʃ aː r e ʕ
شارك	ʃ aː r a k
شاطر	ʃ aː tˤ e r
شاف	ʃ aː f
شاكوش	ʃ aː k uː ʃ
شال	ʃ aː l
شاهد	ʃ aː h a d
شاهد	ʃ aː h i d
شاي	ʃ aː j
شايف	ʃ aː j i f
شباب	ʃ a b aː b
شبع	ʃ i b i ʕ
شبعان	ʃ a b ʕ aː n
شبه	ʃ a b a h
شتت	ʃ a t t a t
شتى	ʃ a t t a
شجع	ʃ a ʒ ʒ a ʕ
شحن	ʃ a ħ a n
شخ	ʃ a x x
شخص	ʃ a x sˤ
شد	ʃ a d d
شدد	ʃ a d d a d
شراب	ʃ a r aː b
شرب	ʃ i r i b
شرح	ʃ a r a ħ
شركة	ʃ i r k e
شرى	ʃ a r a
شعل	ʃ a ʕ ʕ a l
شغل	ʃ a ɣ a l
شغل	ʃ a ɣ ɣ a l
شغل	ʃ u ɣ l
شفى	ʃ a f a
شفي	ʃ i f i
شقة	ʃ a ʔ ʔ a
شك	ʃ a k k
شكر	ʃ a k a r
شكرا	ʃ u k r a n
شكل	ʃ a k k a l
شكل	ʃ i k l
شكى	ʃ a k a
شلح	ʃ a l a ħ
شلفق	ʃ a l f a ɡ
شلفق	ʃ a l f a ʔ
شم	ʃ a m m
شمال	ʃ m aː l
شمس	ʃ a m m a s
شمس	ʃ a m s
شهر	ʃ a h r
شهى	ʃ a h h a
شو	ʃ uː
شوب	ʃ a w w a b
شوب	ʃ oː b
شوبان	ʃ oː b aː n
شوربة	ʃ oː r a b a
شوفير	ʃ u f eː r
شوكة	ʃ oː k e
شوي	ʃ w a j j
شوية	ʃ w a j j e
شيش	ʃ a j j a ʃ
شيك	ʃ a j j a k
صاح	sˤ aː ħ
صاحب	sˤ aː ħ a b
صاحب	sˤ aː ħ e b
صار	sˤ aː r
صام	sˤ aː m
صاير	sˤ aː j i r
صب	sˤ a b b
صبايا	sˤ a b aː j a
صبح	sˤ u b ħ
صبحية	sˤ a b a ħ i j j e
صبر	sˤ a b a r
صبية	sˤ a b i j j e
صحن	sˤ a ħ n
صحى	sˤ a ħ ħ a
صحي	sˤ i ħ i
صدر	sˤ a d a r
صدر	sˤ a d d a r
صدق	sˤ a d d a ɡ
صدق	sˤ a d d a ʔ
صديق	sˤ a d iː q
صرخ	sˤ a r a x
صرصور	sˤ a r sˤ uː r
صرف	sˤ a r a f
صف	sˤ a f
صفد	sˤ a f a d
صفر	sˤ i f r
صلح	sˤ a l l a ħ
صلى	sˤ a l l a
صمم	sˤ a m m a m
صوت	sˤ a w w a t
صوت	sˤ oː t
صور	sˤ a w w a r
ضاع	dˤ aː ʕ
ضاف	dˤ aː f
ضايق	dˤ aː j a ʔ
ضب	dˤ a b
ضبط	dˤ a b a tˤ
ضحك	dˤ a ħ ħ a k
ضحك	dˤ i ħ i k
ضرب	dˤ a r a b
ضعف	dˤ a ʕ ʕ a f
ضعف	dˤ i ʕ i f
ضغط	dˤ a ɣ a tˤ
ضفة	dˤ i f f e
ضل	dˤ a l l
ضم	dˤ a m m
ضوى	dˤ a w a
ضيع	dˤ a j j a ʕ
ضيف	dˤ eː f
طاب	tˤ aː b
طار	tˤ aː r
طاش	tˤ aː ʃ
طاق	tˤ aː ʔ
طالع	tˤ aː l i ʕ
طالما	tˤ aː l a m a
طب	tˤ a b
طبخ	tˤ a b a x
طبخة	tˤ a b x a
طبريا	tˤ a b a r i j j a
طبع	tˤ a b b a ʕ
طخ	tˤ a x x
طرد	tˤ a r a d
طش	tˤ a ʃ
طعم	tˤ a ʕ m
طعمى	tˤ a ʕ m a
طفى	tˤ a f a
طلب	tˤ a l a b
طلع	tˤ a l l a ʕ
طلع	tˤ i l i ʕ
طلق	tˤ a l l a ʔ
طمن	tˤ a m m a n
طور	tˤ a w w a r
طول	tˤ a w w a l
طولكرم	tˤ uː l k a r m
طيارة	tˤ a j j aː r a
طيب	tˤ a j j a b
طيب	tˤ a j j e b
طيز	tˤ iː z
ظلم	zˤ a l a m
ظن	zˤ a n n
ظهر	zˤ a h a r
عاد	ʕ aː d
عادي	ʕ aː d i
عارض	ʕ aː r a dˤ
عارف	ʕ aː r i f
عاز	ʕ aː z
عاش	ʕ aː ʃ
عاقب	ʕ aː q a b
عالج	ʕ aː l a ʒ
عامل	ʕ aː m a l
عامل	ʕ aː m i l
عاند	ʕ aː n a d
عاون	ʕ aː w a n
عايش	ʕ aː j i ʃ
عبد	ʕ a b a d
عبد	ʕ a b b a d
عبر	ʕ a b b a r
عبط	ʕ a b a tˤ
عبى	ʕ a b b a
عتم	ʕ a t t a m
عجب	ʕ a ʒ a b
عجب	ʕ a ʒ ʒ a b
عجل	ʕ a ʒ ʒ a l
عجن	ʕ a ʒ a n
عجين	ʕ a ʒ iː n
عد	ʕ a d d
عدة	ʕ i d d e
عدس	ʕ a d a s
عدل	ʕ a d d a l
عدى	ʕ a d a
عذب	ʕ a z z a b
عذر	ʕ a ð a r
عرب	ʕ a r r a b
عرج	ʕ a r a ʒ
عرس	ʕ u r s
عرض	ʕ a r a dˤ
عرض	ʕ a r r a dˤ
عرف	ʕ a r r a f
عرف	ʕ i r i f
عرق	ʕ i r i ʔ
عرقان	ʕ a r ʔ aː n
عروس	ʕ a r uː s
عريس	ʕ a r iː s
عز	ʕ a z z
عزف	ʕ a z a f
عزل	ʕ a z a l
عزل	ʕ a z z a l
عزم	ʕ a z a m
عزى	ʕ a z z a
عزيز	ʕ a z iː z
عسل	ʕ a s a l
عشا	ʕ a ʃ a
عشان	ʕ a ʃ aː n
عشر	ʕ a ʃ r
عشرة	ʕ a ʃ a r a
عشرين	ʕ i ʃ r iː n
عشق	ʕ i ʃ i ɡ
عشق	ʕ i ʃ i ʔ
عص	ʕ a sˤ sˤ
عصارة	ʕ a sˤ sˤ aː r a
عصب	ʕ a sˤ sˤ a b
عصر	ʕ a sˤ a r
عصير	ʕ a sˤ iː r
عض	ʕ a dˤ dˤ
عطس	ʕ a tˤ a s
عطش	ʕ i tˤ i ʃ
عطشان	ʕ a tˤ ʃ aː n
عطل	ʕ a tˤ tˤ a l
عطلة	ʕ o tˤ l e
عفش	ʕ a f ʃ
عفوا	ʕ a f w a n
عفى	ʕ a f a
عقد	ʕ a ɡ a d
عقد	ʕ a ɡ ɡ a d
عقد	ʕ a ʔ a d
عقد	ʕ a ʔ ʔ a d
عقم	ʕ a q q a m
عكا	ʕ a k k a
عكر	ʕ a k a r
عكس	ʕ a k a s
علاقة	ʕ a l aː q a
علق	ʕ a l l a ɡ
علق	ʕ a l l a ʔ
علق	ʕ i l i ɡ
علق	ʕ i l i ʔ
علم	ʕ a l l a m
على	ʕ a l l a
علي	ʕ i l i
عمارة	ʕ a m aː r a
عمتو	ʕ a m t o
عمد	ʕ a m m a d
عمر	ʕ a m m a r
عمر	ʕ u m r
عمل	ʕ a m a l
عمل	ʕ i m i l
عمو	ʕ a m m o
عمى	ʕ a m a
عنب	ʕ i n e b
عنب	ʕ u n o b
عند	ʕ a n n a d
عند	ʕ i n d
عنوان	ʕ i n w aː n
عنوان	ʕ u n w aː n
عنى	ʕ a n a
عود	ʕ a w w a d
عوض	ʕ a w w a dˤ
عوق	ʕ a w w a ɡ
عوق	ʕ a w w a ʔ
عوى	ʕ a w w a
عيد	ʕ a j j a d
عيد	ʕ iː d
عير	ʕ a j j a r
عيط	ʕ a j j a tˤ
عيلة	ʕ eː l e
عين	ʕ a j j a n
غاب	ɣ aː b
غار	ɣ aː r
غدا	ɣ a d a
غرد	ɣ a r r a d
غرق	ɣ i r i ʔ
غرقان	ɣ a r ʔ aː n
غريب	ɣ a r iː b
غزة	ɣ a z z e
غسل	ɣ a s a l
غسل	ɣ a s s a l
غش	ɣ a ʃ ʃ
غصب	ɣ a sˤ a b
غضبان	ɣ a dˤ b aː n
غط	ɣ a tˤ
غطس	ɣ a tˤ a s
غطى	ɣ a tˤ tˤ a
غفي	ɣ i f i
غلب	ɣ a l a b
غلب	ɣ a l l a b
غلط	ɣ i l i tˤ
غلطان	ɣ a l tˤ aː n
غلف	ɣ a l l a f
غلى	ɣ a l a
غلى	ɣ a l l a
غلي	ɣ i l i
غليان	ɣ a l j aː n
غمس	ɣ a m m a s
غمض	ɣ a m m a dˤ
غمي	ɣ i m i
غنى	ɣ a n n a
غير	ɣ a j j a r
غير	ɣ eː r
غيران	ɣ a j r aː n
غيم	ɣ a j j a m
فات	f aː t
فاجأ	f aː ʒ a ʔ
فار	f aː r
فاز	f aː z
فاسد	f aː s e d
فاصل	f aː sˤ a l
فاصوليا	f a sˤ uː l j a
فاق	f aː ʔ
فاهم	f aː h i m
فتاحة	f a t t aː ħ a
فتح	f a t a ħ
فترة	f a t r a
فحص	f a ħ a sˤ
فرج	f a r a ʒ
فرجى	f a r ʒ a
فرح	f i r i ħ
فرش	f a r a ʃ
فرشى	f a r ʃ a
فرض	f a r a dˤ
فرق	f a r a ɡ
فرق	f a r a ʔ
فرق	f a r r a ɡ
فرق	f a r r a ʔ
فشق	f a ʃ a ɡ
فشق	f a ʃ a ʔ
فشق	f a ʃ ʃ a ɡ
فشق	f a ʃ ʃ a ʔ
فصص	f a sˤ sˤ a sˤ
فصل	f a sˤ a l
فصل	f a sˤ sˤ a l
فضح	f a dˤ a ħ
فضل	f a dˤ dˤ a l
فضى	f a dˤ dˤ a
فضي	f i dˤ i
فطر	f i tˤ i r
فطور	f tˤ uː r
فقع	f a ɡ a ʕ
فقع	f a ɡ ɡ a ʕ
فقع	f a ʔ a ʕ
فقع	f a ʔ ʔ a ʕ
فكر	f a k k a r
فكك	f a k k a k
فلسطين	f a l a s tˤ iː n
فلسف	f a l s a f
فلفل	f i l f i l
فنجان	f i n ʒ aː n
فندق	f u n d u ʔ
فهم	f a h h a m
فهم	f i h i m
فهمان	f a h m aː n
فواكه	f a w aː k e h
فوت	f a w w a t
فودس	f oː d a s
فور	f a w w a r
فورص	f oː r a sˤ
فوق	f oː ɡ
فوق	f oː ʔ
في	f i
فيدس	f eː d a s
فيه	f iː h
قابل	ɡ aː b a l
قابل	ɡ aː b i l
قابل	ʔ aː b a l
قابل	ʔ aː b i l
قادر	ɡ aː d i r
قادر	ʔ aː d i r
قارن	q aː r a n
قاضی	ɡ aː dˤ a
قاضی	ʔ aː dˤ a
قاطع	ɡ aː tˤ a ʕ
قاطع	ʔ aː tˤ a ʕ
قاعد	ɡ aː ʕ i d
قاعد	ʔ aː ʕ i d
قال	ɡ aː l
قال	ʔ aː l
قام	ɡ aː m
قام	ʔ aː m
قاوم	q aː w a m
قاوم	ɡ aː w a m
قاوم	ʔ aː w a m
قبل	ɡ a b l
قبل	ɡ i b i l
قبل	ʔ a b l
قبل	ʔ i b i l
قتل	ɡ a t a l
قتل	ʔ a t a l
قح	ʔ a ħ ħ
قدام	ɡ u d d aː m
قدام	ʔ u d d aː m
قدر	ɡ a d d a r
قدر	ɡ i d i r
قدر	ʔ a d d a r
قدر	ʔ i d i r
قدم	ɡ a d d a m
قدم	ʔ a d d a m
قديش	ɡ a d d eː ʃ
قديش	ʔ a d d eː ʃ
قرا	ɡ a r a
قرا	ʔ a r a
قرب	ɡ a r r a b
قرب	ʔ a r r a b
قرر	ɡ a r r a r
قرر	ʔ a r r a r
قرص	ʔ a r a sˤ
قرض	ɡ a r a dˤ
قرض	ʔ a r a dˤ
قرف	ɡ a r r a f
قرف	ɡ i r i f
قرف	ʔ a r r a f
قرف	ʔ i r i f
قرفان	ʔ a r f aː n
قريب	ɡ a r iː b
قريب	ʔ a r iː b
قسم	ɡ a s a m
قسم	ɡ a s s a m
قسم	ʔ a s a m
قسم	ʔ a s s a m
قشطة	ɡ i ʃ tˤ a
قشطة	ʔ i ʃ tˤ a
قص	ɡ a sˤ
قص	ʔ a sˤ
قصد	ɡ a sˤ a d
قصد	ʔ a sˤ a d
قصد	ʔ a sˤ d
قضى	ʔ a dˤ a
قطار	q i tˤ aː r
قطر	ɡ a tˤ a r
قطر	ɡ a tˤ tˤ a r
قطر	ʔ a tˤ a r
قطر	ʔ a tˤ tˤ a r
قطع	ɡ a tˤ a ʕ
قطع	ɡ a tˤ tˤ a ʕ
قطع	ʔ a tˤ a ʕ
قطع	ʔ a tˤ tˤ a ʕ
قعد	ɡ a ʕ a d
قعد	ʔ a ʕ a d
قفل	ʔ a f f a l
قلب	ɡ a l a b
قلب	ɡ a l b
قلب	ʔ a l a b
قلب	ʔ a l b
قلد	ɡ a l l a d
قلد	ʔ a l l a d
قلق	ɡ i l i ɡ
قلق	ʔ i l i ʔ
قلقان	ɡ a l ɡ aː n
قلقان	ʔ a l ʔ aː n
قلل	ɡ a l l a l
قلل	ʔ a l l a l
قلم	ʔ a l a m
قلى	ʔ a l a
قلى	ʔ a l l a
قنينة	ɡ a n n iː n e
قنينة	ʔ a n n iː n e
قهوة	ʔ a h w e
قوار	ɡ u w w aː r
قوار	ʔ u w w aː r
كاسة	k aː s e
كان	k aː n
كاين	k aː j i n
كب	k a b b
كباية	k u b b aː j e
كبب	k a b b a b
كبر	k a b b a r
كبس	k a b a s
كبكب	k a b k a b
كتب	k a t a b
كتر	k a t t a r
كتر	k i t i r
كثف	k a t t a f
كذب	k a z z a b
كرر	k a r r a r
كرم	k a r r a m
كره	k i r i h
كزدر	k a z d a r
كسب	k i s i b
كسر	k a s a r
كسل	k a s s a l
كسلان	k a s l aː n
كشف	k a ʃ a f
كفى	k a f f a
كلبش	k a l b a ʃ
كلف	k a l l a f
كلم	k a l l a m
كمان	k a m aː n
كمرة	k a m a r a
كمل	k a m m a l
كنس	k a n n a s
كون	k a w w a n
كوى	k a w a
كويس	k w a j j e s
كيف	k iː f
لاحظ	l aː ħ a zˤ
لاحق	l aː ħ a ɡ
لاحق	l aː ħ a ʔ
لازم	l aː z e m
لاقى	l aː ʔ a
لام	l aː m
لبس	l a b a s
لبس	l i b i s
لبن	l a b a n
لبنة	l a b a n e
لبنة	l a b n e
لبى	l a b b a
لح	l a ħ ħ
لحد	l a ħ a d
لحس	l a ħ a s
لحظة	l a ħ zˤ a
لحق	l a ħ ħ a ɡ
لحق	l a ħ ħ a ʔ
لحق	l i ħ i ɡ
لحق	l i ħ i ʔ
لحم	l a ħ m
لخص	l a x x a sˤ
لخم	l a x a m
لزق	l a z z a ɡ
لزق	l a z z a ʔ
لزم	l i z i m
لسا	l i s s a
لطيف	l a tˤ iː f
لعب	l i ʕ i b
لغى	l a ɣ a
لف	l a f f
لفت	l a f a t
لفظ	l a f a zˤ
لقب	l a ɡ ɡ a b
لقب	l a ʔ ʔ a b
لقط	l a ɡ a tˤ
لقط	l a ɡ ɡ a tˤ
لقط	l a ʔ a tˤ
لقط	l a ʔ ʔ a tˤ
لقى	l a ʔ a
للأسف	l i l ʔ a s a f
لمس	l a m a s
لمون	l a m uː n
لوز	l oː z
ليل	l eː l
ليلة	l eː l e
مات	m aː t
مادام	m a d aː m
مارس	m aː r a s
ماشي	m aː ʃ i
ماضي	m aː dˤ i
ماما	mˤ aː mˤ a
مبارح	m b aː r e ħ
مباشر	m u b aː ʃ e r
متأخر	m i t ʔ a x x e r
متأسف	m i t ʔ a s s e f
متعود	m i t ʕ a w w e d
مثل	m a s s a l
مثل	m a θ θ a l
محاضرة	m u ħ aː dˤ a r a
محطة	m a ħ a t t a
محل	m a ħ a l l
محى	m a ħ a
مد	m a d d
مدة	m u d d e
مدح	m a d a ħ
مدير	m u d iː r
مر	m a r
مرات	m a r r aː t
مرة	m a r a
مرة	m a r r a
مرج	m a r a ʒ
مرج	m a r r a ʒ
مرض	m a r a dˤ
مرض	m i r i dˤ
مرق	m a r a ɡ
مرق	m a r a ʔ
مرق	m a r r a ɡ
مرق	m a r r a ʔ
مرمية	m a r a m i j j e
مزح	m a z a ħ
مسا	m a s a
مستقبل	m u s t a ʔ b a l
مسك	m a s a k
مسك	m i s i k
مسمار	m u s m aː r
مش	m i ʃ
مش	m u ʃ
مشترك	m u ʃ t a r a k
مشترك	m u ʃ t a r i k
مشروب	m a ʃ r uː b
مشروع	m a ʃ r uː ʕ
مشمش	m i ʃ m i ʃ
مشمش	m u ʃ m u ʃ
مشوار	m i ʃ w aː r
مشوب	m ʃ a w w e b
مشى	m a ʃ a
مص	m a sˤ sˤ
مضرب	m u dˤ r i b
مضغ	m a dˤ a ɣ
مطار	m a tˤ aː r
مطبخ	m a tˤ b a x
مطعم	m a tˤ ʕ a m
مطلب	m a tˤ l a b
مع	m a ʕ
معجنة	m ʕ a ʒ ʒ n e
معلقة	m a ʕ l a ɡ a
معلقة	m a ʕ l a ʔ a
معليش	m a ʕ l eː ʃ
مقهى	m a ʔ h a
مكان	m a k aː n
مل	m a l l
ملح	m a l ħ
ملح	m i l ħ
ملفوف	m a l f uː f
ملك	m a l a k
ملك	m a l e k
منشان	m i n ʃ aː n
منطقة	m a n tˤ i ʔ a
منع	m a n a ʕ
منيح	m n iː ħ
مول	m a w w a l
مول	m oː l
مي	mˤ a j
مية	m a j j e
مية	m i j j e
ميدان	m iː d aː n
ميز	m a j j a z
مين	m iː n
نابلس	n aː b l i s
نادرا	n aː d i r a n
نادى	n aː d a
نازل	n aː z i l
ناسب	n aː s a b
ناقش	n aː q a ʃ
ناك	n aː k
نام	n aː m
نايم	n aː j i m
نبه	n a b b a h
نبيد	n b iː d
نتق	n a t a ʔ
نجح	n i ʒ i ħ
ندم	n i d i m
ندمان	n a d m aː n
نرفز	n a r f a z
نزل	n a z z a l
نزل	n i z i l
نسي	n i s i
نشر	n a ʃ a r
نشف	n a ʃ ʃ a f
نشف	n i ʃ i f
نصح	n a sˤ a ħ
نصح	n i sˤ i ħ
نضف	n a dˤ dˤ a f
نط	n a tˤ
نظف	n a dˤ dˤ a f
نظم	n a zˤ zˤ a m
نعس	n i ʕ i s
نعسان	n a ʕ s aː n
نعنع	n a ʕ n a ʕ
نفخ	n a f a x
نفس	n a f a s
نفس	n a f f a s
نفس	n a f s
نفع	n a f a ʕ
نفى	n a f a
نقز	n a ɡ a z
نقز	n a ɡ ɡ a z
نقز	n a ʔ a z
نقز	n a ʔ ʔ a z
نقص	n a ɡ ɡ a sˤ
نقص	n a ʔ ʔ a sˤ
نقل	n a ɡ a l
نقل	n a ʔ a l
نقى	n a ɡ ɡ a
نقى	n a ʔ ʔ a
نكت	n a k k a t
نكر	n a k a r
نهار	n h aː r
نوم	n a w w a m
نوم	n oː m
نيم	n a j j a m
هاجر	h aː ʒ a r
هاجم	h aː ʒ a m
هاش	h aː ʃ
هان	h aː n
هجم	h a ʒ a m
هد	h a d d
هدد	h a d d a d
هدف	h a d a f
هدى	h a d a
هدى	h a d d a
هدي	h i d i
هرب	h a r a b
هرب	h a r r a b
هز	h a z z
هلقيت	h a l k eː t
هلقيت	h a l ʔ eː t
هم	h a m m
هم	h o m m e
هناك	h o n aː k
هو	h u w w e
هوش	h a w w a ʃ
هون	h oː n
هوية	h a w i j j e
هي	h i j j e
واجب	w aː ʒ i b
واجه	w aː ʒ a h
واحد	w aː ħ a d
واحدة	w aː ħ d e
واصل	w aː sˤ e l
وافق	w aː f a ʔ
والله	w a lˤ lˤ a
والله	w a lˤ lˤ aː h i
وثق	w a θ a ʔ
وجع	w a ʒ a ʕ
وجع	w a ʒ ʒ a ʕ
وجع	w i ʒ i ʕ
وجه	w a ʒ ʒ a h
وجه	w i ʒ h
وجه	w u ʒ h
وحد	w a ħ ħ a d
ودع	w a d d a ʕ
ورا	w a r a
ورجى	w a r ʒ a
ورم	w i r i m
وزع	w a z z a ʕ
وسخ	w a s s a x
وسخ	w i s i x
وسع	w a s s a ʕ
وسع	w i s i ʕ
وصف	w a sˤ a f
وصل	w a sˤ a l
وصل	w a sˤ sˤ a l
وصل	w i sˤ i l
وصى	w a sˤ sˤ a
وضح	w a dˤ dˤ a ħ
وطن	w a tˤ a n
وطن	w a tˤ tˤ a n
وطى	w a tˤ tˤ a
وطي	w i tˤ i
وظف	w a zˤ zˤ a f
وظيفة	w a zˤ iː f e
وعد	w a ʕ a d
وعى	w a ʕ ʕ a
وعي	w i ʕ i
وفر	w a f f a r
وقت	w a ɡ t
وقت	w a ʔ t
وقتيش	w a ɡ t eː ʃ
وقتيش	w a ʔ t eː ʃ
وقع	w a ɡ ɡ a ʕ
وقع	w a ʔ ʔ a ʕ
وقع	w i ɡ i ʕ
وقع	w i ʔ i ʕ
وقف	w a ɡ ɡ a f
وقف	w a ʔ ʔ a f
وقف	w i ɡ i f
وقف	w i ʔ i f
ولاد	w l aː d
ولد	w a l a d
ولد	w i l i d
ولع	w a l l a ʕ
ولو	w a l a w
يافا	j aː f a
يبس	j i b i s
يلا	j a lˤ lˤ a
يمين	j a m iː n
يوم	j oː m
چ	ɡ
چ	ɡ iː m
