abnum	a b n u m
abum	a b u m
abīlum	a b iː l u m
adad	a d a d
addum	a d d u m
adi	a d i
adānum	a d aː n u m
agammum	a ɡ a m m u m
akalum	a k a l u m
akkû	a k k uː
aklum	a k l u m
akālum	a k aː l u m
alaktum	a l a k t u m
alpum	a l p u m
alākum	a l aː k u m
amtum	a m t u m
amurdinnum	a m u r d i n n u m
amārum	a m aː r u m
amūtum	a m uː t u m
ana	a n a
andurārum	a n d u r aː r u m
annakum	a n n a k u m
anāku	a n aː k u
apkallum	a p k a l l u m
aplum	a p l u m
appum	a p p u m
aptum	a p t u m
aradum	a r a d u m
arantum	a r a n t u m
ardu	a r d u
ardum	a r d u m
argamannu	a r ɡ a m a n n u
ariktum	a r i k t u m
arārum	a r aː r u m
asum	a s u m
atta	a t t a
atti	a t t i
ausi'i	a u s i ʔ i
awātum	a w aː t u m
awīltum	a w iː l t u m
awīlum	a w iː l u m
aššatum	a ʃ ʃ a t u m
aššūr	a ʃ ʃ uː r
aḫum	a χ u m
aḫûm	a χ uː m
aḫātum	a χ aː t u m
balāṭum	b a l aː tˤ u m
bardu	b a r d u
bardum	b a r d u m
bibbum	b i b b u m
birkum	b i r k u m
biṣṣūrum	b i sˤ sˤ uː r u m
burāšum	b u r aː ʃ u m
bābilim	b aː b i l i m
bābum	b aː b u m
bēltum	b eː l t u m
bēlum	b eː l u m
bītum	b iː t u m
būrum	b uː r u m
daltum	d a l t u m
damqum	d a m q u m
damāqum	d a m aː q u m
dannum	d a n n u m
danānum	d a n aː n u m
darārum	d a r aː r u m
dayyānum	d a j j aː n u m
dāmum	d aː m u m
dārum	d aː r u m
dīnum	d iː n u m
eleppum	e l e p p u m
eli	e l i
eliš	e l i ʃ
ellum	e l l u m
elum	e l u m
elûm	e l uː m
elēpum	e l eː p u m
emūqum	e m uː q u m
enzum	e n z u m
eperum	e p e r u m
eqlum	e q l u m
erbet	e r b e t
erbum	e r b u m
erebum	e r e b u m
ergilum	e r ɡ i l u m
erēšum	e r eː ʃ u m
erṣetum	e r sˤ e t u m
ešeret	e ʃ e r e t
eṣemtum	e sˤ e m t u m
eṭlum	e tˤ l u m
gallûm	ɡ a l l uː m
gammalu	ɡ a m m a l u
gamārum	ɡ a m aː r u m
gišimmarum	ɡ i ʃ i m m a r u m
guḫlum	ɡ u χ l u m
idiglat	i d i ɡ l a t
idum	i d u m
idīnum	i d iː n u m
ikkarum	i k k a r u m
ilkum	i l k u m
iltum	i l t u m
ilu	i l u
ilum	i l u m
ilānū	i l aː n uː
ilū	i l uː
immerum	i m m e r u m
imērum	i m eː r u m
in	i n
ina	i n a
inūma	i n uː m a
irgilum	i r ɡ i l u m
itti	i t t i
išarum	i ʃ a r u m
išdum	i ʃ d u m
ištar	i ʃ t a r
ištu	i ʃ t u
ištēn	i ʃ t eː n
išātum	i ʃ aː t u m
iṣum	i sˤ u m
iṣṣūrum	i sˤ sˤ uː r u m
kabsum	k a b s u m
kakkabum	k a k k a b u m
kakkum	k a k k u m
kalbum	k a l b u m
kalûm	k a l uː m
kandum	k a n d u m
kankum	k a n k u m
kanākum	k a n aː k u m
kanīkum	k a n iː k u m
kappum	k a p p u m
kaprum	k a p r u m
kaspum	k a s p u m
kašdum	k a ʃ d u m
kašādum	k a ʃ aː d u m
kimtum	k i m t u m
kirium	k i r i u m
kirû	k i r uː
kirûm	k i r uː m
kišādum	k i ʃ aː d u m
kiššatum	k i ʃ ʃ a t u m
kunukkum	k u n u k k u m
kussûm	k u s s uː m
kāsum	k aː s u m
lamassum	l a m a s s u m
lamaštum	l a m a ʃ t u m
libbum	l i b b u m
lišānum	l i ʃ aː n u m
lûm	l uː m
lā	l aː
lābum	l aː b u m
līmum	l iː m u m
lītum	l iː t u m
malkum	m a l k u m
malāḫum	m a l aː χ u m
maqātum	m a q aː t u m
marduk	m a r d u k
marrum	m a r r u m
marāṣum	m a r aː sˤ u m
matqum	m a t q u m
matāqum	m a t aː q u m
mazzaztum	m a z z a z t u m
maškanum	m a ʃ k a n u m
maḫārum	m a χ aː r u m
maḫāṣum	m a χ aː sˤ u m
menûm	m e n uː m
midrum	m i d r u m
musukkannum	m u s u k k a n n u m
mutqûm	m u t q uː m
mutum	m u t u m
muškēnum	m u ʃ k eː n u m
muḫḫum	m u χ χ u m
mû	m uː
mārtum	m aː r t u m
mārum	m aː r u m
mātum	m aː t u m
mēsum	m eː s u m
mūšum	m uː ʃ u m
nadānum	n a d aː n u m
nadītum	n a d iː t u m
nagbum	n a ɡ b u m
napištum	n a p i ʃ t u m
ninua	n i n u a
niākum	n i aː k u m
nārum	n aː r u m
nēšum	n eː ʃ u m
nīšum	n iː ʃ u m
nūnum	n uː n u m
nūrum	n uː r u m
parzillum	p a r z i l l u m
parāsum	p a r aː s u m
paššūrum	p a ʃ ʃ uː r u m
pûm	p uː m
pānum	p aː n u m
pīrum	p iː r u m
pūrum	p uː r u m
qabûm	q a b uː m
qadûm	q a d uː m
qanûm	q a n uː m
qaqqadum	q a q q a d u m
qaqqarum	q a q q a r u m
qarnum	q a r n u m
qaštum	q a ʃ t u m
qerûm	q e r uː m
qimmatum	q i m m a t u m
qištum	q i ʃ t u m
qātum	q aː t u m
rapāšum	r a p aː ʃ u m
rēšum	r eː ʃ u m
samānat	s a m aː n a t
sebet	s e b e t
simmiltum	s i m m i l t u m
sinništum	s i n n i ʃ t u m
siāqum	s i aː q u m
sīsûm	s iː s uː m
sīḫum	s iː χ u m
sūqum	s uː q u m
tamkārum	t a m k aː r u m
tišīt	t i ʃ iː t
u	u
ugārum	u ɡ aː r u m
ul	u l
ummu	u m m u
ummum	u m m u m
urarṭu	u r a r tˤ u
urdu	u r d u
urdum	u r d u m
urrum	u r r u m
uznu	u z n u
uznum	u z n u m
waklum	w a k l u m
walādum	w a l aː d u m
wardu	w a r d u
wardum	w a r d u m
warādum	w a r aː d u m
warāqum	w a r aː q u m
warḫum	w a r χ u m
wēdum	w eː d u m
yâti	j aː t i
zikarum	z i k a r u m
zikrum	z i k r u m
ziqqurratum	z i q q u r r a t u m
zubbum	z u b b u m
zērum	z eː r u m
zību	z iː b u
ālikum	aː l i k u m
ālum	aː l u m
ēkallum	eː k a l l u m
ēnum	eː n u m
īkum	iː k u m
īnum	iː n u m
ša	ʃ a
šabāṭum	ʃ a b aː tˤ u m
šadûm	ʃ a d uː m
šakānum	ʃ a k aː n u m
šallūrum	ʃ a l l uː r u m
šalāmum	ʃ a l aː m u m
šalāšat	ʃ a l aː ʃ a t
šamaš	ʃ a m a ʃ
šamaššammum	ʃ a m a ʃ ʃ a m m u m
šammum	ʃ a m m u m
šamnum	ʃ a m n u m
šamû	ʃ a m uː
šamšum	ʃ a m ʃ u m
šaptum	ʃ a p t u m
šarqum	ʃ a r q u m
šarratum	ʃ a r r a t u m
šarrum	ʃ a r r u m
šarrāqum	ʃ a r r aː q u m
šarāqum	ʃ a r aː q u m
šattum	ʃ a t t u m
šaḫûm	ʃ a χ uː m
šemûm	ʃ e m uː m
šeššet	ʃ e ʃ ʃ e t
šikarum	ʃ i k a r u m
šinnum	ʃ i n n u m
šinā	ʃ i n aː
šiqlum	ʃ i q l u m
šulmum	ʃ u l m u m
šumma	ʃ u m m a
šumum	ʃ u m u m
šārtum	ʃ aː r t u m
šēdum	ʃ eː d u m
šī	ʃ iː
šīmtum	ʃ iː m t u m
šīpātum	ʃ iː p aː t u m
šū	ʃ uː
šūmū	ʃ uː m uː
ūmum	uː m u m
ḫalqum	χ a l q u m
ḫalāqum	χ a l aː q u m
ḫammurapi	χ a m m u r a p i
ḫamuštum	χ a m u ʃ t u m
ḫamšat	χ a m ʃ a t
ḫaṣṣinnum	χ a sˤ sˤ i n n u m
ḫurāṣum	χ u r aː sˤ u m
ḫurḫudum	χ u r χ u d u m
ṣabātum	sˤ a b aː t u m
ṣalmum	sˤ a l m u m
ṣerretum	sˤ e r r e t u m
ṣeḫrum	sˤ e χ r u m
ṣeḫērum	sˤ e χ eː r u m
ṣuprum	sˤ u p r u m
ṣuḫārtum	sˤ u χ aː r t u m
ṣuḫārum	sˤ u χ aː r u m
ṣābum	sˤ aː b u m
ṣēnum	sˤ eː n u m
ṭabtum	tˤ a b t u m
ṭuppum	tˤ u p p u m
ṭupšarrum	tˤ u p ʃ a r r u m
ṭābum	tˤ aː b u m
