অ	ɔ
অঁ	ɔ̃
অঁকৰা	ɔ̃ k ɔ ɹ a
অংক	ɔ ŋ k ɔ
অংগ	ɔ ŋ ɡ ɔ
অইন	ɔ ɪ n
অকল	ɔ k ɔ l
অকলশৰীয়া	ɔ k ɔ l x ɔ ɹ i a
অকলে	ɔ k ɔ l ɛ
অকাপী	ɔ k a p i
অচিনাকি	ɔ s i n a k i
অচিনাকী	ɔ s i n a k i
অজগৰ	ɔ z ɔ ɡ ɔ ɹ
অজানিতে	ɔ z a n i t ɛ
অটা	ɔ t a
অঠাৰ	ɔ t ɦ a ɹ ɔ
অণুজীৱ	ɔ n u z i b ɔ
অণুজীৱ	ɔ n u z i β ɔ
অনা	ɔ n a
অনাটন	ɔ n a t ɔ n
অনুবাদ	ɔ n u b a d
অনুবাদক	ɔ n u b a d ɔ k
অনোৱা	ɔ n ʊ a
অন্তৰ্জাল	ɔ n t ɔ ɹ z a l
অন্য	ɔ ɪ n n ɔ
অবৈধ	ɔ b ɔ ɪ d ɦ ɔ
অভাৱ	ɔ bʱ a w
অভ্যাস	ɔ ɪ b bʱ a x
অমিতা	ó m i t a
অমিয়	ɔ m i ɔ
অমিয়া	ɔ m i a
অযুত	ɔ z u t
অলপ	ɔ l ɔ p
অশোক	ɔ x ʊ k
অসম	ɔ x ɔ m
অসমীয়া	ɔ x o m i a
অহা	ɔ ɦ a
অৰকা	ɔ ɹ ɔ k a
অ’	ó
আ	a
আঁউজ	ã u z
আঁউজা	ã u z a
আঁউজোৱা	ã u z ʊ a
আঁক	ã k
আঁকা	ã k a
আঁকোৱাল	ã k ʊ a l
আঁচ	ã s
আঁচনি	ã s ɔ n i
আঁচল	ã s ɔ l
আঁচোৰ	ã s ʊ ɹ
আঁচোৰা	ã s ʊ ɹ a
আঁট	ã t
আঁঠু	ã tʰ u
আঁত	ã t
আঁতৰ	ã t ɔ ɹ
আঁতৰা	ã t ɔ ɹ a
আঁতৰোৱা	ã t ɔ ɹ ʊ a
আঁহ	ãʱ
আঁহত	ã ɦ ɔ t
আঁৰ	ã ɹ
আঁৱৰি	a ɔ ɹ i
আঁৱৰি	ã ɔ ɹ i
আঁৱৰীয়া	a ɔ ɹ i a
আঁৱৰীয়া	ã ɔ ɹ i a
আংগাৰ	a ŋ ɡ a ɹ
আই	a ɪ
আইচলেণ্ড	a i s l ɛ n
আইচ‌্ক্ৰিম	a ɪ s k ɹ i m
আইতা	a ɪ t a
আইন	a ɪ n
আইনা	a ɪ n a
আউটি	a ʊ t i
আউল	a ʊ l
আও	a ʊ
আওৰা	a ʊ ɹ a
আক	a q
আকন	a k ɔ n
আকাশ	a k a x
আকাশ	a k aʰ
আকো	a q ɔ
আকৌ	a k oː
আকৌ	a k ɔ ʊ
আকৌ	a k ɔː
আখি	a kʰ i
আখৈ	a kʰ o ɪ
আখৰ	a kʰ ɔ ɹ
আখৰ	a x ɔ ɹ
আগ	a ɡ
আগত	a ɡ ɔ t
আগতীয়াকৈ	a ɡ ɔ t i a k o ɪ
আগতে	a ɡ ɔ t ɛ
আগনি	a ɡ ɔ n i
আগুনি	a ɡ u n i
আগেয়ে	a ɡ ɛ ɛ
আঘোণ	a ɡʱ ʊ n
আঙঠা	a ŋ ɔ tʰ a
আঙঠি	a ŋ ɔ tʰ i
আঙাৰ	a ŋ a ɹ
আঙুঠি	a ŋ u tʰ i
আঙুঠি	a ŋ ʊ tʰ i
আঙুল	a ŋ u l
আঙুলি	a ŋ u l i
আঙুলিওৱা	a ŋ u l i ʊ a
আঙুলিয়া	a ŋ u l i a
আঙ্গাৰ	a ŋ ɡ a ɹ
আচল	a s ɔ l
আচলটল	a s ɔ l ɔ t ɔ l
আচহুৱা	a s ɔ ɦ u a
আচাভুৱা	a s a bʱ u a
আছে	a s ɛ
আজান	a z a n
আজি	a z i
আজিনাই	a z i n a ɪ
আজো	a z ʊ
আঞ্জা	a n z a
আট	a t
আটা	a t a
আটাই	a t a ɪ
আটাইতকে	a t a ɪ t k ɛ
আটাইতকৈ	a t a ɪ t k o ɪ
আটাহ	a t aʱ
আটিল	a t i l
আঠ	a tʰ
আঠচল্লিছ	a t s ɔ l l i s
আঠত্ৰিছ	a tʰ ɔ t ɹ i s
আঠষষ্ঠি	a t x ɔ s tʰ i
আঠসত্তৰ	a t x ɔ t t ɔ ɹ
আঠা	a tʰ a
আঠাইছ	a tʰ a ɪ s
আঠান্নব্বৈ	a tʰ a n n ɔ b b o ɪ
আঠাশী	a tʰ a x i
আঠাৱন	a tʰ a ɔ n
আঢ়ৈ	a ɹʱ o ɪ
আতৰ	a t ɔ ɹ
আথৰ	a tʰ ɔ ɹ
আদহ	a d ɔ ɦ
আদহীয়া	a d ɔ ɦ i a
আদা	a d a
আদালত	a d a l ɔ t
আদৰ	a d ɔ ɹ
আধা	a dʱ a
আধিপত্য	a dʱ i p ɔ ɪ t t ɔ
আধৰুৱা	a dʱ ɔ ɹ u a
আন	a n
আনা	a n a
আনাৰস	a n a ɹ ɔ x
আনোৱা	a n ʊ a
আন্দাজ	a n d a z
আন্ধাৰ	a n dʱ a ɹ
আপঁইতা	a p ɔ̃ i t a
আপা	a p a
আপুনি	a p u n i
আপেল	a p ɛ l
আপোন	a p ʊ n
আপোনাক	a p ʊ n a k
আপোনালোক	a p ʊ n a l ʊ k
আপোনাৰ	a p ʊ n a ɹ
আফচোচ	a p s ʊ s
আফচোচ	a pʰ s ʊ s
আফিং	a pʰ i ŋ
আফৰ	a pʰ ɔ ɹ
আবা	a b a
আবিয়ৈ	a b i o ɪ
আবেলি	a b ɛ l i
আব্বা	a b b a
আবৰ	a b ɔ ɹ
আবৰা	a b ɔ ɹ a
আম	a m
আমঠি	a m ɔ tʰ i
আমঠু	a m ɔ tʰ u
আমাৰ	a m a ɹ
আমি	a m i
আমুউৱা	a m u u a
আমুৱা	a m u a
আম্মা	a m m a
আম্মী	a m m i
আয়	a j
আল	a l
আলগ	a l ɔ ɡ
আলমাৰী	a l m a ɹ i
আলসুৱা	a l ɔ x u a
আলহী	a l ɔ ɦ i
আলি	a l i
আলু	a l u
আলুগুটি	a l u ɡ u t i
আশী	a x i
আহ	aʱ
আহা	a ɦ a
আহু	a ɦ u
আৰু	a ɹ u
আৰ্চি	a ɹ s i
আৰ্হি	a ɹ ɦ i
আৱাজ	a w a z
আৱাজ	a ʊ a z
ই	i
ই	iː
ইউজাৰ	i u z a ɹ
ইকৰা	i k ɔ ɹ a
ইগ্লো	i ɡ l ʊ
ইজ্জত	i d ʑ ɔ t
ইটানগৰ	i t a n ɔ ɡ ɔ ɹ
ইণ্ডোনেচিয়া	i n d ʊ n ɛ s i a
ইতিহাস	i t i ɦ a x
ইতৰ	i t ɔ ɹ
ইমান	i m a n
ইয়ংচাক	i j ɔ ŋ s a k
ইয়াত	i a t
ইলাচি	i l a s i
ইলিছ	i l i s
ইলীহ	i l iʱ
ইলীহি	i l i ɦ i
ইষ্টেবুল	i s t ɛ b u l
ইস্কুল	i s k u l
ইস্ত্ৰি	i s t i
ইস্ত্ৰি	i s t ɹ i
ইস্পাত	i s p a t
ঈ	i
ঈশ্বৰ	i s s ɔ ɹ
ঈহ	iʱ
উ	u
উঁই	ũ i
উঁইপোক	ũ i p ʊ k
উঁইপৰুৱা	ũ i p ɔ ɹ u a
উঁহ	uʱ
উকল	u k ɔ l
উকহ	u k ɔ ɦ
উকাহ	u k aʱ
উকিল	u k i l
উখৰা	u kʰ ɔ ɹ a
উখৰা	u x ɔ ɹ a
উগাৰ	u ɡ a ɹ
উঘলা	u ɡʱ ɔ l a
উঘাল	u ɡʱ a l
উঘালা	u ɡʱ a l a
উজনি	u z ɔ n i
উজলা	u z ɔ l a
উজান	u z a n
উট	u t
উঠোৱা	u tʰ ʊ a
উতনুৱা	u t ɔ n u a
উতল	u t ɔ l
উতলা	u t ɔ l a
উতলোৱা	u t ɔ l ʊ a
উদ	u d
উদং	u d ɔ ŋ
উদ্যোগ	u d d ʊ ɡ
উদ্যোগ	u ɪ d d ʊ ɡ
উপত্যকা	u p ɔ ɪ t t ɔ k a
উপন্যাস	u p ɔ ɪ n n a x
উফি	u pʰ i
উভত	u bʱ ɔ t
উভাল	u bʱ a l
উম	u m
উমনি	u m ɔ n i
উমা	u m a
উলিওৱা	u l i ʊ a
উলিয়া	u l i a
উলুপী	u l u p i
উলূ	u l u
উলূকাছ	u l u k a s ɔ
উলূম’ৰা	u l u m o ɹ a
উশাহ	u x aʱ
উৰ	u ɹ
উৰহ	u ɹ ɔʱ
উৰহী	u ɹ ɔ ɦ i
উৰা	u ɹ a
উৰাবাতৰি	u ɹ a b a t ɔ ɹ i
ঊ	u
ঊনআশী	u n ɔ a x i
ঊনচল্লিছ	u n s ɔ l l i s
ঊননব্বৈ	u n ɔ n ɔ b b o ɪ
ঊনপঞ্চাছ	u n ɔ p ɔ n s a s
ঊনষাঠি	u n ɔ x a tʰ i
ঊনসত্তৰ	u n ɔ x ɔ t t ɔ ɹ
ঊনৈছ	u n o ɪ s
ঊন্ত্ৰিছ	u n t ɹ i s
ঋ	ɹ i
ঌ	l i
এ	ɛ
এংগাৰ	ɛ ŋ ɡ a ɹ
এই	ɛ i
এইটো	ɛ i t ʊ
এওঁ	ɛ ʊ̃
এওঁলোক	ɛ ʊ̃ l ʊ k
এওঁৰা	ɛ ʊ ɾ a
এক	ɛ k
একচল্লিছ	ɛ k s ɔ l l i s
একত্ৰিছ	ɛ k ɔ t ɹ i s
একনায়ক	ɛ k ɔ n a ɛ ɔ k
একাডেমি	ɛ k a d ɛ m i
একাধিপতি	ɛ k a dʱ i p ɔ t i
একান্নব্বৈ	ɛ k a n n ɔ b b o ɪ
একাশী	ɛ k a x i
একাৱন	ɛ k a ɔ n
একে	ɛ k ɛ
একেলেথাৰিয়ে	ɛ k ɛ l ɛ tʰ a ɹ i ɛ
একৈছ	ɛ k o ɪ s
একো	ɛ k ʊ
এখেত	ɛ kʰ ɛ t
এঙাৰ	ɛ ŋ a ɹ
এঙ্গাৰ	ɛ ŋ ɡ a ɹ
এটা	ɛ t a
এটি	ɛ t i
এঠা	ɛ tʰ a
এণ্ড্ৰৈড	ɛ n d ɹ ɔ i d
এতিয়া	ɛ t i a
এনাই	ɛ n a ɪ
এনে	ɛ n ɛ
এনেকে	ɛ n ɛ k ɛ
এনেকৈ	ɛ n ɛ k o ɪ
এন্দুৰ	ɛ n d u ɹ
এন্ধাৰ	ɛ n dʱ a ɹ
এপ	ɛ p
এপ্লিকেচন	ɛ p l i k ɛ s ɔ n
এয়াৰপ’ৰ্ট	ɛ a ɹ p o ɹ t
এলাহ	ɛ l aʱ
এলেহুৱা	ɛ l ɛ ɦ u a
এল্পেকা	ɛ l p ɛ k a
এশ	ɛ x ɔ
এষষ্ঠি	ɛ x ɔ s tʰ i
এসত্তৰ	ɛ x ɔ t t ɔ ɹ
এহাজাৰ	ɛ ɦ a z a ɹ
এহেজাৰ	ɛ ɦ ɛ z a ɹ
এৰ	ɛ ɹ
এৰা	ɛ ɹ a
এৰাখাতী	ɛ ɹ a kʰ a t i
এৰাল	ɛ ɹ a l
এৰোৱা	ɛ ɹ ʊ a
এ’	é
ঐ	o ɪ
ঐতিহ্য	ɔ i t i d ʑ ɔ
ও	ʊ
ওঁ	o m
ওঁ	ʊ m
ওঁঠ	ʊ̃ tʰ
ওকালতি	ʊ k a l ɔ t i
ওখ	ʊ kʰ ɒ
ওখল	ʊ kʰ ɔ l
ওখৰ	ʊ kʰ ɔ ɹ
ওচৰ	ʊ s ɔ ɹ
ওজন	ʊ z ɔ n
ওজা	ʊ z a
ওটা	ʊ t a
ওঠৰ	ʊ tʰ ɔ ɹ ɔ
ওপঙা	ʊ p ɔ ŋ a
ওপৰ	ʊ p ɔ ɹ
ওলগ	ʊ l ɔ ɡ
ওলটা	ʊ l ɔ t a
ওলটোৱা	ʊ l ɔ t ʊ a
ওলমা	ʊ l ɔ m a
ওলমোৱা	ʊ l ɔ m ʊ a
ওলা	ʊ l a
ওলোটা	ʊ l ʊ t a
ওলোটোৱা	ʊ l ʊ t ʊ a
ওলোমা	ʊ l ʊ m a
ওলোমোৱা	ʊ l ʊ m ʊ a
ওলোৱা	ʊ l ʊ a
ওস্তাদ	ʊ s t a d
ওৰ	ʊ ɹ
ওৰণি	ʊ ɹ ɔ n i
ওৰোণা	ʊ ɹ ʊ n a
ঔ	o ʊ
কঁকাল	k ɔ̃ k a l
কঁকিলা	k ɔ̃ k i l a
কঁটলা	k ɔ̃ t ɔ l a
কঁটা	k ɔ̃ t a
কঁঠাল	k ɔ̃ tʰ a l
কঁপা	k ɔ̃ p a
কঁহ	k ɔ̃ ɦ
কঁহকঁহীয়া	k ɔ̃ ɦ k ɔ̃ ɦ i a
কঁহকহীয়া	k ɔ̃ ɦ k ɔ̃ ɦ i a
কঁহাৰ	k ɔ̃ ɦ a ɹ
কঁহুৱা	k ɔ̃ ɦ u a
কংগ্ৰেছ	k ɔ ŋ ɡ ɛ s
কংগ্ৰেছ	k ɔ ŋ ɡ ɹ ɛ s
কইনা	k ɔ ɪ n a
ককা	k ɔ k a
ককাই	k ɔ k a ɪ
কচা	k ɔ s a
কচু	k ɔ s u
কটা	k ɔ t a
কটোৱা	k ɔ t ʊ a
কঢ়া	k ɔ ɹʱ a
কঢ়িওৱা	k ɔ ɦ i ʊ a
কঢ়িওৱা	k ɔ ɹʱ i ʊ a
কণা	k ɔ n a
কণী	k ɔ n i
কথা	k ɔ tʰ a
কন্দা	k ɔ n d a
কন্দুৱা	k ɔ n d u a
কপাহ	k ɔ p aʱ
কপৌ	k ɔ p o ʊ
কপৌফুল	k ɔ p o ʊ pʰ u l
কবি	k ɔ b i
কম	k ɔ m
কমলা	k ɔ m l a
কমলা	k ɔ m ɔ l a
কমা	k ɔ m a
কমাৰ	k ɔ m a ɹ
কমোৱা	k ɔ m ʊ a
কলডিল	k ɔ l d i l
কলম	k ɔ l ɔ m
কলহ	k ɔ l ɔ ɦ
কলাঘুমটীয়া	k ɔ l a ɡʱ u m ɔ t i a
কলামলা	k ɔ l a m ɔ l a
কলি	k ɔ l i
কলিকতা	k ɔ l i k ɔ t a
কলিজা	k ɔ l i z a
কহ	k ɔ ɦ
কহা	k ɔ ɦ a
কাঁইট	k ã i t
কাঁইটীয়া	k ã ɪ t i a
কাঁকৰা	k ã k ɔ ɹ a
কাঁচকল	k ã s k ɔ l
কাঁচি	k ã s i
কাঁটা	k ã t a
কাঁটাচামুচ	k ã t a s a m u s
কাঁড়	k ã ɹ
কাঁহ	k ã ɦ
কাঁহী	k ã ɦ i
কাংকাৰা	k a ŋ k a ɹ a
কাই	k a i
কাই	q a i
কাউৰী	k a u ɹ i
কাকত	k a k ɔ t
কাকতি	k a k ɔ t i
কাগজ	k a ɡ ɔ z
কাচি	k a s i
কাচিহাড়	k a s i ɦ a ɹ
কাছ	k a s ɔ
কাছু	k a s u
কাজ	k a z
কাজিয়া	k a z i a
কাট	k a t
কাটা	k a t a
কাঠ	k a tʰ
কাঠফুলা	k a tʰ pʰ u l a
কাঠৰোকা	k a tʰ ɹ ʊ k a
কাঢ়া	k a ɹ a
কাঢ়া	k a ɹʱ a
কাণ	k a n
কানাই	k a n a ɪ
কানি	k a n i
কানিয়া	k a n i a
কানীয়া	k a n i a
কানু	k a n u
কান্দ	k a n
কান্দ	k a n d
কান্দা	k a n d a
কান্ধ	k a n dʱ
কান্ধ	k a nʱ
কান্ধুলি	k a n dʱ u l i
কাপুৰ	k a p u ɾ
কাপুৰ	q a p u ɾ
কাপোৰ	k a p ʊ ɹ
কামি	k a m i
কামিহাড়	k a m i ɦ a ɹ
কামোৰ	k a m ʊ ɹ
কামোৰা	k a m ʊ ɹ a
কায়ম	k a é ɔ m
কাশ্মীৰ	k a s m i ɹ
কাষ	k a kʰ
কাষ	k a x
কাষলতি	k a x l ɔ t i
কাষ্টাৰ	k a s t a ɹ
কাহ	k aʱ
কাহা	k a ɦ a
কাৰখানা	k a ɹ kʰ a n a
কাৰখানা	k a ɹ x a n a
কাৱৈ	k a o ɪ
কি	k i
কিচমিচ	k i s m i s
কিছু	k i s u
কিছুমান	k i s u m a n
কিতাপ	k i t a p
কিন	k i n
কিনা	k i n a
কিন্তু	k i n t u
কিবা	k i b a
কিমান	k i m a n
কিয়	k i ɔ
কিলাকুটি	k i l a k u t i
কিলিপ	k i l i p
কিষ্ট	k i s t ɔ
কুঁজ	k ũ z
কুঁজা	k ũ z a
কুঁহিয়াৰ	k ũ ɦ i a ɹ
কুঁৱৰী	k ũ ɔ ɹ i
কুকুহা	k u k u ɦ a
কুকুৰ	k u k u ɹ
কুকুৰা	k u k u ɹ a
কুটা	k u t a
কুটুম	k u t u m
কুঠাৰ	k u tʰ a ɹ
কুপতি	k u p t i
কুপতি	k u p ɔ t i
কুমজেলুকা	k u m z ɛ l u k a
কুমজেলেকুৱা	k u m z ɛ l ɛ k u a
কুমটি	k u m ɔ t i
কুমলীয়া	k u m ɔ l i a
কুমাৰ	k u m a ɹ
কুলা	k u l a
কুহুম	k u ɦ u m
কুহুমকাঁটা	k u ɦ u m k ã t a
কুহুমবুলীয়া	k u ɦ u m b u l i a
কুহুমসাৰ	k u ɦ u m x a ɹ
কুৰুই	k u ɹ u i
কুৰুৱা	k u ɹ u a
কুৱাং	k u a ŋ
কৃষ্ণ	k ɹ i s n ɔ
কেঁকো	k ẽ k ʊ
কেঁকোসাপ	k ẽ k ʊ x a p
কেঁকোৰা	k ẽ k ʊ ɹ a
কেঁকোৰাবিছা	k ẽ k ʊ ɹ a b i s a
কেঁচা	k ẽ s a
কেঁচি	k ɛ̃ s i
কেঁচুৱা	k ẽ s u a
কেঁটেলা	k ẽ t ɛ l a
কেঁথা	k ẽ tʰ a
কেঁহা	k ẽ ɦ a
কেও	k ɛ ʊ
কেকোসাপ	k ɛ k ʊ x a p
কেছাল’	k ɛ s a l o
কেতিয়া	k ɛ t i a
কেতিয়াবা	k ɛ t i a b a
কেনে	k ɛ n ɛ
কেনেকুৱা	k ɛ n ɛ k u a
কেনেকে	k ɛ n ɛ k ɛ
কেনেকৈ	k ɛ n ɛ k o ɪ
কেনেবাকৈ	k ɛ n ɛ b a k o ɪ
কেন্দ্ৰ	k ɛ n d ɹ ɔ
কেপিৱাৰা	k ɛ p i w a ɹ a
কেমটাই	k ɛ m ɔ t a ɪ
কেলেই	k ɛ l e
কেলেই	k ɛ l e ɪ
কেহা	k ɛ ɦ a
কেৰাচিন	k ɛ ɹ a s i n
কেৰাহী	k ɛ ɹ a ɦ i
কেৰেলুৱা	k ɛ ɹ ɛ l u a
কেৰ্কেটুৱা	k ɛ ɹ k ɛ t u a
কে’ক	k e k
কোঁৱৰ	k ʊ̃ ɔ ɹ
কোওৱা	k ʊ ʊ a
কোকলোঙা	k ʊ k l ʊ ŋ a
কোকলোঙা	k ʊ k ɔ l ʊ ŋ a
কোটি	k ʊ t i
কোদাল	k ʊ d a l
কোদালি	k ʊ d a l i
কোদো	k ʊ d ʊ
কোন	k ʊ n
কোনোবা	k ʊ n ʊ b a
কোব	k ʊ b
কোবোৱা	k ʊ b ʊ a
কোমোৰা	k ʊ m ʊ ɹ a
কোলা	k ʊ l a
কোৰ	k ʊ ɹ
কোৰোক	k ʊ ɹ ʊ k
কোৰোকা	k ʊ ɹ ʊ k a
কোৰোণা	k ʊ ɹ ʊ n a
কোৱা	k ʊ a
ক্ষ	kʰ j ɔ
কৰ	k ɔ ɹ
কৰা	k ɔ ɹ a
কৰাই	k ɔ ɹ a ɪ
কৰাহী	k ɒ ɾ a ɦ i
কৰোৱা	k ɔ ɹ ʊ a
ক‌’লা	k o l a
ক‌’লা	k ɔ l a
ক‌’লা	k ʊ l a
ক’ত	k o t
ক’ৰবাত	k ó ɹ b a t
ক’ৰবালৈ	k ó ɹ b a l ɔ ɪ
খ	kʱ ɔ
খং	kʰ ɔ ŋ
খং	x ɔ ŋ
খচকা	kʰ ɔ s ɔ k a
খচৰা	kʰ ɔ s ɔ ɹ a
খচৰা	x ɔ s ɔ ɹ a
খজুউৱা	kʰ ɔ z u a
খজুউৱা	kʰ ɔ z uː a
খজুউৱা	x ɔ z u a
খজুউৱা	x ɔ z uː a
খজুটি	kʰ ɔ z u t i
খজুটি	x ɔ z u t i
খজুলি	kʰ ɔ z u l i
খজুলি	x ɔ z u l i
খজুৱতি	kʰ ɔ z u ɔ t i
খজুৱতি	x ɔ z u ɔ t i
খটখটী	kʰ ɔ t kʰ ɔ t i
খটা	kʰ ɔ t a
খন্তি	kʰ ɔ n t i
খন্তি	x ɔ n t i
খন্দা	kʰ ɔ n d a
খহা	kʰ ɔ ɦ a
খা	kʰ a
খা	x a
খাঁটি	kʰ ã t i
খাজুৰ	kʰ a z u ɹ
খাজুৰ	x a z u ɹ
খাট	kʰ a t
খাটা	kʰ a t a
খানচামা	kʰ a n s a m a
খান্দা	kʰ a n d a
খাল	kʰ a l
খাৰু	kʰ a ɹ u
খিৰিকী	kʰ i ɹ i k i
খিৰিকী	x i ɹ i k i
খিৰোৱা	kʰ i ɹ ʊ a
খিৰোৱা	x i ɹ ʊ a
খীৰ	kʰ i ɹ
খীৰ	x i ɹ
খীৰোৱা	kʰ i ɹ ʊ a
খীৰোৱা	x i ɹ ʊ a
খুঁটা	kʰ ũ t a
খুঁটি	kʰ ũ t i
খুঁটিয়া	kʰ ũ t i a
খুঁত	kʰ ũ t
খুউৱা	kʰ u u a
খুচুৰা	kʰ u s u ɹ a
খুটা	kʰ u t a
খুটি	kʰ u t i
খুড়া	kʰ u ɹ a
খুড়ী	kʰ u ɹ i
খুদ	kʰ u d
খুন্দ	kʰ u n
খুন্দ	kʰ u n d
খুন্দ	x u n
খুন্দ	x u n d
খুন্দনা	kʰ u n d ɔ n a
খুন্দনা	x u n d ɔ n a
খুন্দনি	kʰ u n d ɔ n i
খুন্দনি	x u n d ɔ n i
খুন্দা	kʰ u n d a
খুন্দা	x u n d a
খুন্দিওৱা	kʰ u n d i ʊ a
খুন্দিয়াখুন্দি	kʰ u n d i a kʰ u n d i
খুন্দোৱা	kʰ u n d ʊ a
খুন্দোৱা	x u n d ʊ a
খুল	kʰ u l
খুৰ	kʰ u ɹ
খুৰ	x u ɹ
খুৰা	kʰ u ɹ a
খুৰা	x u ɹ a
খুৰী	kʰ u ɹ i
খুৰুৱা	kʰ u ɹ u a
খুৰুৱা	x u ɹ u a
খুৰোৱা	kʰ u ɹ ʊ a
খুৰোৱা	x u ɹ ʊ a
খুৱা	kʰ u a
খুৱা	x u a
খেজুৰ	kʰ ɛ z u ɹ
খেজুৰ	x ɛ z u ɹ
খেতি	kʰ e t i
খেতি	x e t i
খেতিয়ক	kʰ e t i ɔ k
খেতিয়ক	x e t i ɔ k
খেদা	kʰ ɛ d a
খেপিওৱা	kʰ ɛ p i ʊ a
খেপিওৱা	x ɛ p i ʊ a
খেলনা	kʰ ɛ l n a
খেলাবস্তু	kʰ ɛ l a b ɔ s t u
খেলিমেলি	kʰ ɛ l i m ɛ l i
খেলুৱৈ	kʰ ɛ l u o ɪ
খেৰ	kʰ ɛ ɹ
খোঁচা	kʰ ʊ̃ s a
খোঁচৰা	kʰ ʊ̃ s ɔ ɹ a
খোঁপা	kʰ ʊ̃ p a
খোওৱা	kʰ ʊ ʊ a
খোজ	kʰ ʊ z
খোজ	x ʊ z
খোজা	kʰ ʊ z a
খোলা	kʰ ʊ l a
খোৱা	kʰ ʊ a
খোৱা	x ʊ a
খোৱাবস্তু	kʰ ʊ a b ɔ s t u
খৰ	kʰ ɔ ɹ
খৰচ	kʰ ɔ ɹ ɔ s
খৰচ	x ɔ ɹ ɔ s
খৰচী	kʰ ɔ ɹ ɔ s i
খৰচী	x ɔ ɹ ɔ s i
খৰম	kʰ ɔ ɹ ɔ m
খৰম	x ɔ ɹ ɔ m
খৰাং	kʰ ɔ ɹ a ŋ
খৰালি	kʰ ɔ ɹ a l i
খৰি	kʰ ɔ ɹ i
খৰিকটীয়া	kʰ ɔ ɹ i k ɔ t i a
গ	ɡ ɔ
গঁড়	ɡ ɔ̃ ɹ
গঁৰাল	ɡ ɔ̃ ɹ a l
গংগাটোপ	ɡ ɔ ŋ ɡ a t ʊ p
গঙা	ɡ ɔ ŋ a
গঙাটোপ	ɡ ɔ ŋ a t ʊ p
গঙ্গাটোপ	ɡ ɔ ŋ ɡ a t ʊ p
গচকা	ɡ ɔ s ɔ k a
গছ	ɡ ɔ s
গজা	ɡ ɔ z a
গজালি	ɡ ɔ z a l i
গঢ়া	ɡ ɔ ɹʱ a
গণা	ɡ ɔ n a
গতোৱা	ɡ ɔ t ʊ a
গধুৰ	ɡ ɔ dʱ u ɹ
গধূলা	ɡ ɔ dʱ u l a
গধূলি	ɡ ɔ dʱ u l i
গন্ধবিৰিণা	ɡ ɔ n dʱ ɔ b i ɹ i n a
গম	ɡ ɔ m
গমা	ɡ ɔ m a
গল	ɡ ɔ l
গলা	ɡ ɔ l a
গলোৱা	ɡ ɔ l ʊ a
গহনা	ɡ ɔ ɦ ɔ n a
গা	ɡ aː
গাঁউ	ɡ ã u
গাঁও	ɡ ã ʊ
গাঁঠি	ɡ ã tʰ i
গাঁত	ɡ ã t
গাঁৰ	ɡ ã ɹ
গাঁৰি	ɡ ã ɹ i
গাঁৰু	ɡ ã ɹ u
গাং	ɡ a ŋ
গাই	ɡ a ɪ
গাউ	ɡ a u
গাখীৰ	ɡ a kʰ i ɹ
গাখীৰ	ɡ a x i ɹ
গাখীৰজাত	ɡ a kʰ i ɹ z a t
গাখীৰদাঁত	ɡ a kʰ i ɹ d ã t
গাগিনী	ɡ a ɡ i n i
গাড়ী	ɡ a ɹ i
গাধ	ɡ a dʱ ɔ
গান্ধবিৰিণা	ɡ a n dʱ ɔ b i ɹ i n a
গাভিনী	ɡ a bʱ i n i
গাভৰু	ɡ a bʱ ɔ ɹ u
গামোচা	ɡ a m ʊ s a
গাল	ɡ a l
গাহাম	ɡ a ɦ a m
গাহৰি	ɡ a ɦ o ɹ i
গাৱাল	ɡ a w a l
গিলা	ɡ i l a
গিৰি	ɡ i ɹ i
গু	ɡ u
গু	ɡ uː
গুঁই	ɡ ũ i
গুচা	ɡ u s a
গুচোৱা	ɡ u s ʊ a
গুটি	ɡ u t i
গুড়	ɡ u ɹ
গুড়া	ɡ u ɹ a
গুড়ি	ɡ u ɹ i
গুদাম	ɡ u d a m
গুবৰুৱা	ɡ u b ɔ ɹ u a
গুলপীয়া	ɡ u l ɔ p i a
গুলি	ɡ u l i
গুলীয়াগুলী	ɡ u l i a ɡ u l i
গুহা	ɡ u ɦ a
গুৰ	ɡ u ɹ
গুৰা	ɡ u ɹ a
গুৰি	ɡ u ɹ i
গুৰিওৱা	ɡ u ɹ i ʊ a
গুৰুবাৰ	ɡ u ɹ u b a ɹ
গুৰুমুখীয়া	ɡ u ɹ u m u kʰ i a
গুৱাহাটী	ɡ u a ɦ a t i
গেছ	ɡ ɛ s
গেছীয়	ɡ ɛ s i ɔ
গেছীয়া	ɡ ɛ s i a
গেণ্ডাৰ	ɡ ɛ n d a ɹ
গেলা	ɡ ɛ l a
গেলোৱা	ɡ ɛ l ʊ a
গেৰেজ	ɡ ɛ ɹ ɛ z
গেৰোৱা	ɡ ɛ ɹ u a
গোছ	ɡ ʊ s
গোট	ɡ ʊ t
গোটা	ɡ ʊ t a
গোটেই	ɡ ʊ t e
গোটেই	ɡ ʊ t ɛ ɪ
গোটোৱা	ɡ ʊ t ʊ a
গোধাফুটুকী	ɡ ʊ dʱ a pʰ u t u k i
গোবৰ	ɡ ʊ b ɔ ɹ
গোম	ɡ ʊ m
গোমধান	ɡ ʊ m dʱ a n
গোল	ɡ ʊ l
গোলা	ɡ ʊ l a
গোসাঁই	ɡ ʊ x ã i
গোসাঞি	ɡ ʊ x a ɪ
গোহাঁই	ɡ ʊ ɦ ã i
গোৰ	ɡ ʊ ɹ
গোৱা	ɡ ʊ a
গৌৰৱ	ɡ o ʊ ɹ ɔ w
গৰম	ɡ ɔ ɹ ɔ m
গৰাকী	ɡ ɔ ɹ a k i
গৰাহ	ɡ ɔ ɹ aʱ
গৰীয়া	ɡ ɔ ɹ i a
গৰু	ɡ o ɾ u
গৰু	ɡ ɔ ɹ u
গৰুৱা	ɡ ɔ ɹ u a
গৰৈ	ɡ ɔ ɹ o ɪ
ঘ	ɡʱ ɔ
ঘঁহনি	ɡʱ ɔ̃ ɦ ɔ n i
ঘঁহা	ɡʱ ɔ̃ ɦ a
ঘটা	ɡʱ ɔ t a
ঘড়ী	ɡʱ ɔ ɹ i
ঘনত্ব	ɡʱ ɔ n ɔ t t ɔ
ঘমা	ɡʱ ɔ m a
ঘা	ɡʱ a
ঘা	ɡʱ ã
ঘাঁহ	ɡʱ ãʱ
ঘাঁহনি	ɡʱ ã ɦ ɔ n i
ঘাই	ɡʱ a ɪ
ঘাউ	ɡʱ a u
ঘাম	ɡʱ a m
ঘামচি	ɡʱ a m ɔ s i
ঘামা	ɡʱ a m a
ঘাৰ	ɡʱ a ɹ
ঘিঁউ	ɡʱ i u
ঘিণ	ɡʱ i n
ঘুমা	ɡʱ u m a
ঘেঁহু	ɡʱ ẽ ɦ u
ঘৈণী	ɡʱ o ɪ n i
ঘোঁৰা	ɡʱ ʊ̃ ɹ a
ঘোং	ɡʱ ʊ ŋ
ঘোৰঘোৰা	ɡʱ ʊ ɹ ɡʱ ʊ ɹ a
ঘৰ	ɡʱ ɔ ɹ
ঘৰা	ɡʱ ɔ ɹ a
ঙ	ŋ ɔ
চ	s ɔ
চকা	s ɔ k a
চকী	s ɔ k i
চকু	s ɔ k u
চকুপানী	s ɔ k u p a n i
চকুলো	s ɔ k u l ʊ
চকোৱা	s ɔ k ʊ a
চক্লেট	s ɔ k l ɛ t
চকৰ	s ɔ k ɔ ɹ
চকৰা	s ɔ k ɔ ɹ a
চকৰি	s ɔ k ɔ ɹ i
চকৰিফেঁটী	s ɔ k ɔ ɹ i pʰ ẽ t i
চকৰী	s ɔ k ɔ ɹ i
চখু	s ɔ kʰ u
চতুৰ্থ	s ɔ t u t tʰ ɔ
চতুৰ্থ	s ɔ t u ɹ tʰ ɔ
চন	s ɔ n
চন্দুক	s ɔ n d u k
চন্দ্ৰ	s ɔ n d ɔ
চন্দ্ৰ	s ɔ n d ɹ ɔ
চবতকে	s ɔ b ɔ t k ɛ
চমু	s ɔ m u
চমুউৱা	s ɔ m u u a
চমুকে	s ɔ m u k ɛ
চমুকৈ	s ɔ m u k o ɪ
চমুটোকা	s ɔ m u t ʊ k a
চলা	s ɔ l a
চলোৱা	s ɔ l ʊ a
চল্লিছ	s ɔ l l i s
চহী	s ɔ ɦ i
চহৰ	s ɔ ɦ ɔ ɹ
চা	s a
চাঁদ	s ã d
চাংমাই	s a ŋ m a ɪ
চাইগা	s a ɪ ɡ a
চাক	s a k
চাকা	s a k a
চাকৈ	s a k o ɪ
চাজ	s a z
চাদৰ	s a d ɔ ɹ
চান	s a n
চান্দ	s a n
চান্দ	s a n d
চাপৰ	s a p ɔ ɹ
চাবন	s a b ɔ n
চাবাইচ	s a b a ɪ s
চাবাচ	s a b a s
চাবি	s a b i
চাবোন	s a b ʊ n
চাম	s a m
চায়না	s a é n a
চালগোম	s a l ɡ ʊ m
চালনি	s a l ɔ n i
চালা	s a l a
চাহ	s aʱ
চাহ	s aː
চাহী	s a ɦ i
চাৰি	s a ɹ i
চাৰিআলি	s a ɹ i a l i
চিংৰা	s i ŋ ɹ a
চিকা	s i k a
চিকাৰ	s i k a ɹ
চিকাৰী	s i k a ɹ i
চিকিৎসক	s i k i s s ɔ k
চিকিৎসক	s i k i t s ɔ k
চিকুট	s i k u t
চিকুটা	s i k u t a
চিকৰা	s i k ɔ ɹ a
চিগাৰেট	s i ɡ a ɹ ɛ t
চিঙৰা	s i ŋ ɔ ɹ a
চিঞৰ	s i ɔ̃ ɹ
চিঠি	s i tʰ i
চিন	s i n
চিনা	s i n a
চিনাকি	s i n a k i
চিনাকী	s i n a k i
চিন্তা	s i n t a
চিপ	s i p
চিম্পাঞ্জী	s i m p a n z i
চিয়াঁহী	s i ã ɦ i
চিলাকেন্থ	s i l a k ɛ n tʰ ɔ
চিলোৱা	s i l ʊ a
চিৰতা	s i ɹ ɔ t a
চিৰা	s i ɹ a
চিৰিয়াখানা	s i ɹ i a kʰ a n a
চিৰিয়াখানা	s i ɹ i a x a n a
চু	s u
চুঁৱৰী	s ũ ɔ ɹ i
চুঙা	s u ŋ a
চুট	s u t
চুটি	s u t i
চুটিকে	s u t i k ɛ
চুটিকৈ	s u t i k o ɪ
চুটিগল্প	s u t i ɡ ɔ l p ɔ
চুলা	s u l a
চুৰিয়া	s u ɹ i a
চূণ	s u n
চেঁচা	s ẽ s a
চেউৰী	s ɛ u ɹ i
চেনি	s e n i
চেপা	s ɛ p a
চেপেটা	s ɛ p ɛ t a
চেলা	s ɛ l a
চেলাউৰি	s ɛ l a u ɹ i
চেলেক	s ɛ l ɛ k
চেলেকা	s ɛ l ɛ k a
চেল্ফি	s ɛ l pʰ i
চেহেৰা	s ɛ ɦ ɛ ɹ a
চোঁৱৰ	s ʊ̃ ɔ ɹ
চোতাল	s ʊ t a l
চোদ	s ʊ d
চোফা	s ʊ f a
চোফা	s ʊ pʰ a
চোফা	s ʊ ɸ a
চোবা	s ʊ b a
চোবোৱা	s ʊ b ʊ a
চোলা	s ʊ l a
চোৰাং	s ʊ ɹ a ŋ
চোৰাংচোৱা	s ʊ ɹ a ŋ s ʊ a
চোৰাত	s ʊ ɹ a t
চোৱা	s ʊ a
চোৱাহিলি	s ʊ a ɦ i l i
চৌ	s o ʊ
চৌক	s o ʊ k
চৌকা	s o ʊ k a
চৌখা	s o ʊ kʰ a
চৌত্ৰিছ	s o ʊ t ɹ i s
চৌথা	s o ʊ tʰ a
চৌবিছ	s o ʊ b i s
চৌষষ্ঠি	s o ʊ x ɔ s tʰ i
চৌসত্তৰ	s o ʊ x ɔ t t ɔ ɹ
চৌৰান্নব্বৈ	s o ʊ ɹ a n n ɔ b b o ɪ
চৌৰাল্লিছ	s o ʊ ɹ a l l i s
চৌৰাশী	s o ʊ ɹ a x i
চৌৱন	s ɔ ʊ ɔ n
চৰ	s ɔ ɹ
চৰকাৰ	s ɔ ɹ k a ɹ
চৰাই	s ɔ ɹ a ɪ
চৰিওৱা	s ɔ ɹ i ʊ a
চৰিত্ৰ	s ɔ ɹ i t ɹ ɔ
চৰু	s ɔ ɹ u
চৰ্বত	s ɔ ɹ b ɔ t
চৰ্বত	s ɔː b ɔ t
চৰ্বি	s ɔ ɹ b i
চ’থা	s o tʰ a
চ’বতকে	s o b ɔ t k ɛ
ছ	ɕ ɔ
ছটিওৱা	s ɔ t i ʊ a
ছনা	s ɔ n a
ছবি	s ɔ b i
ছয়	s ɔ j
ছয়চল্লিছ	s ɔ é s ɔ l l i s
ছয়ত্ৰিছ	s ɔ é t ɹ i s
ছয়ষষ্ঠি	s ɔ é x ɔ s tʰ i
ছয়সত্তৰ	s ɔ é x ɔ t t ɔ ɹ
ছয়ান্নব্বৈ	s ɔ é a n n ɔ b b o ɪ
ছয়াশী	s ɔ é a x i
ছলি	s ɔ l i
ছাই	s a ɪ
ছাগলী	s a ɡ ɔ l i
ছাতি	s a t i
ছানা	s a n a
ছাপন	s a p ɔ n
ছাবিছ	s a b i s
ছাল	s a l
ছাৱ	s a w
ছাৱা	s a w a
ছিগা	s i ɡ a
ছিঙা	s i ŋ a
ছিটা	s i t a
ছিটিকনি	s i t i k ɔ n i
ছিটিকা	s i t i k a
ছিটিকোৱা	s i t i k ʊ a
ছিপ	s i p
ছু	s u
ছুৰী	s u ɹ i
ছেকনী	s ɛ k ɔ n i
ছেকা	s ɛ k a
ছেলোৱা	s ɛ l ʊ a
ছো	s ʊ
ছোৱা	s ʊ a
ছোৱালী	s ʊ a l i
ছৰ্পত	s ɔ ɹ p ɔ t
ছৰ্বত	s ɔ ɹ b ɔ t
ছৰ্বত	s ɔː b ɔ t
ছৱাল	s ɔ w a l
জ	z ɔ
জঁ	z ɔ̃
জঁকা	z ɔ̃ k a
জঁপা	z ɔ̃ p a
জকা	z ɔ k a
জকাই	z ɔ k a ɪ
জখলা	z ɔ kʰ ɔ l a
জখলা	z ɔ x ɔ l a
জগা	z ɔ ɡ a
জগোৱা	z ɔ ɡ ʊ a
জগৰ	z ɔ ɡ ɔ ɹ
জগৰীয়া	z ɔ ɡ ɔ ɹ i a
জঙাই	z ɔ ŋ a ɪ
জনপ্ৰিয়	z ɔ n ɔ p i ɔ
জনপ্ৰিয়	z ɔ n ɔ p ɹ i ɔ
জনা	z ɔ n a
জপনা	z ɔ p ɔ n a
জপা	z ɔ p a
জপোৱা	z ɔ p ʊ a
জবকা	z ɔ b ɔ k a
জল	z ɔ l
জলকীয়া	z ɔ l ɔ k i a
জলফাই	z ɔ l f a ɪ
জলফাই	z ɔ l pʰ a ɪ
জলফাই	z ɔ l ɸ a ɪ
জলবায়ু	z ɔ l ɔ b a j u
জলহুৱা	z ɔ l ɔ ɦ u a
জলা	z ɔ l a
জলাহ	z ɔ l aʱ
জলোৱা	z ɔ l ʊ a
জল্পে’	z ɔ l p e
জহামলা	z ɔ ɦ a m ɔ l a
জহামাল	z ɔ ɦ a m a l
জাঁত	z ã t
জাঁতমিল	z ã t m i l
জাঁতি	z ã t i
জাঁপ	z ã p
জাং	z a ŋ
জাংফাই	z a ŋ pʰ a ɪ
জাই	z a ɪ
জাক	z a k
জাকৈ	z a k o ɪ
জাখে’	z a qʰ e
জাখে’	z a xʰ e
জাখৈ	z a kʰ o ɪ
জাখ্লা	z a x l a
জাগা	z a ɡ a
জাতি	z a t i
জাতিলাউ	z a t i l a u
জান	z a n
জানা	z a n a
জানোঁ	z a n ʊ̃
জাপ	z a p
জাপা	z a p a
জাম	z a m
জামু	z a m u
জামুক	z a m u k
জাল	z a l
জালা	z a l a
জালুক	z a l u k
জাৰ	z a ɹ
জাৰা	z a ɹ a
জাৰু	z a ɹ u
জিক	z i k
জিঞাঁ	z i a
জিঞাঁ	z ĩ ã
জিনা	z i n a
জিভা	z i bʱ a
জিয়াঁ	z i a
জিয়াঁ	z ĩ ã
জিলি	z i l i
জিলিকা	z i l i k a
জিলী	z i l i
জিৰণি	z i ɹ ɔ n i
জিৰাফ	z i ɹ a pʰ
জিৰোৱা	z i ɹ ʊ a
জী	z i
জী	z iː
জীউ	z i u
জীয়	z i ɔ
জীয়া	z i a
জীৱ	z i b ɔ
জীৱ	z i β ɔ
জীৱাণু	z i b a n u
জীৱাণু	z i β a n u
জুই	z u i
জুইশলা	z u i x ɔ l a
জুইশাল	z u i x a l
জুটুলিপকা	z u t u l i p ɔ k a
জুতি	z u t i
জুপুৰি	z u p u ɹ i
জুবুৰিয়া	z u b u ɹ i a
জুলা	z u l a
জুলীয়া	z u l i a
জেং	z ɛ ŋ
জেওৰা	z ɛ ʊ ɹ a
জেকা	z ɛ k a
জেগা	z ɛ ɡ a
জেঠা	z ɛ tʰ a
জেঠাই	z ɛ tʰ a ɪ
জেঠী	z ɛ tʰ i
জেঠু	z ɛ tʰ u
জেতুকা	z ɛ t u k a
জেপ	z ɛ p
জেব্ৰা	z ɛ b ɹ a
জেলুক	z ɛ l u k
জোঁকা	z ʊ̃ k a
জোঁকাৰ	z ʊ̃ k a ɹ
জোঁৱাই	z ʊ̃ a ɪ
জোং	z ʊ ŋ
জোক	z ʊ k
জোখ	z ʊ kʰ
জোখ	z ʊ x
জোখা	z ʊ kʰ a
জোখা	z ʊ x a
জোতা	z ʊ t a
জোতাঠোঁটীয়া	z ʊ t a tʰ ʊ̃ t i a
জোন	z ʊ n
জোনবাই	z ʊ n b a ɪ
জোনাক	z ʊ n a k
জোনাকী	z ʊ n a k i
জোপোহা	z ʊ p ʊ ɦ a
জোলোঙা	z ʊ l ʊ ŋ a
জ্বলন	z ɔ l ɔ n
জ্বলা	z ɔ l a
জ্বলোৱা	z ɔ l ʊ a
জ্বালা	z a l a
জ্বৰ	z ɔ ɹ
জৰা	z ɔ ɹ a
জৰি	z ɔ ɹ i
জৰিগছ	z ɔ ɹ i ɡ ɔ s
জৰী	z ɔ ɹ i
ঝ	zʱ ɔ
ঝাড়ু	z a ɹ u
ঝাড়ু	zʱ a ɹ u
ঝাৰা	zʱ a ɹ a
ঝিঞা	zʱ i a
ঝিঞা	zʱ ĩ ã
ঝিলি	zʱ i l i
ঝিলী	zʱ i l i
ঞ	j ɔ
ট	t ɔ
টকা	t ɔ k a
টকিঅ’	t ɔ k i o
টনা	t ɔ n a
টমটম	t ɔ m t ɔ m
টাকা	t a k a
টাকা	t a q a
টানা	t a n a
টালিটোপোলা	t a l i t ʊ p ʊ l a
টিকা	t i k a
টিপা	t i p a
টিভি	t i bʱ i
টিলা	t i l a
টুকুৰা	t u k u ɹ a
টুকুৰিওৱা	t u k u ɹ i ʊ a
টুট	t u t
টুপী	t u p i
টুল	t u l
টেংকি	t ɛ ŋ k i
টেঙা	t ɛ ŋ a
টেমা	t ɛ m a
টোকা	t ʊ k a
টোপাল	t ʊ p a l
টোপোলা	t ʊ p ʊ l a
টোপোলাটাপলি	t ʊ p ʊ l a t a p ɔ l i
ঠ	tʱ ɔ
ঠগ	tʰ ɔ ɡ
ঠগা	tʰ ɔ ɡ a
ঠগোৱা	tʰ ɔ ɡ ʊ a
ঠাই	tʰ a ɪ
ঠান	tʰ a n
ঠানি	tʰ a n i
ঠাল	tʰ a l
ঠালি	tʰ a l i
ঠাৰি	tʰ a ɹ i
ঠিলা	tʰ i l a
ঠেং	tʰ ɛ ŋ
ঠেক	tʰ ɛ k
ঠোঁট	tʰ ʊ̃ t
ঠোঙা	tʰ ʊ ŋ a
ড	d ɔ
ডঁহা	d ɔ̃ ɦ a
ডবা	d ɔ b a
ডল	d ɔ l
ডলা	d ɔ l a
ড়	ɾ ɔ
ডাঁহ	d ã ɦ
ডাঁহী	d ã ɦ i
ডাঁৰ	d ã ɹ
ডাঁৰা	d ã ɹ a
ডাঁৰি	d ã ɹ i
ডাউক	d a u k
ডাক	d a k
ডাক্তৰ	d a k t ɔ ɹ
ডাঙৰ	d a ŋ ɔ ɹ
ডাঠ	d a tʰ
ডাঠুৱা	d a tʰ u a
ডাব	d a b
ডাল	d a l
ডালি	d a l i
ডালিম	d a l i m
ডালিমা	d a l i m a
ডাৱৰ	d a ɔ ɹ
ডাৱৰীয়া	d a ɔ ɹ i a
ডিঙি	d i ŋ i
ডিম	d i m
ডিমা	d i m a
ডিমৰু	d i m ɔ ɹ u
ডিল	d i l
ডিলা	d i l a
ডিলামাৰি	d i l a m a ɹ i
ডুবা	d u b a
ডুবাৰু	d u b a ɹ u
ডুৰি	d u ɹ i
ডেউকা	d ɛ u k a
ডেকা	d ɛ k a
ডেকেৰী	d ɛ k ɛ ɹ i
ডেৰা	d ɛ ɹ a
ডেৱা	d ɛ w a
ডোং	d ʊ ŋ
ডোঙা	d ʊ ŋ a
ডোল	d ʊ l
ডোৰ	d ʊ ɹ
ডোৰা	d ʊ ɹ a
ঢ	dʱ ɔ
ঢকা	dʱ ɔ k a
ঢলা	dʱ ɔ l a
ঢ়	ɾ ɔ
ঢাক	dʱ a k
ঢাকন	dʱ a k ɔ n
ঢাকনি	dʱ a k ɔ n i
ঢাকনী	dʱ a k ɔ n i
ঢাকা	dʱ a k a
ঢাপ	dʱ a p
ঢাপলি	dʱ a p ɔ l i
ঢাপলিকা	dʱ a p ɔ l i k a
ঢাপৰ	dʱ a p ɔ ɹ
ঢালা	dʱ a l a
ঢুকা	dʱ u k a
ঢেঁকী	dʱ ẽ k i
ঢেঁৰা	dʱ ẽ ɹ a
ঢোঁৰাকাউৰী	dʱ ʊ̃ ɹ a k a u ɹ i
ঢৌ	dʱ o ʊ
ণ	n ɔ
ত	t ɔ
তই	t ɔ ɪ
তজু	t ɔ z u
তত্ব	t ɔ t t ɔ
তথা	t ɔ tʰ a
তথাপি	t ɔ tʰ a p i
তপত	t ɔ p ɔ t
তপিনা	t ɔ p i n a
তবলা	t ɔ b ɔ l a
তম্বু	t ɔ m b u
তল	t ɔ l
তলা	t ɔ l a
তহঁত	t ɔ ɦ ɔ̃ t
তাঁত	t ã t
তাঁতশাল	t ã t x a l
তাঁতিনী	t ã t i n i
তাঁতী	t ã t i
তাই	t a ɪ
তাইক	t a ɪ k
তাইৰ	t a ɪ ɹ
তাও	t a ʊ
তাজমহল	t a z m ɔ ɦ ɔ l
তাজা	t a z a
তাত	t a t
তাপ	t a p
তামাম	t a m a m
তামীঘৰা	t a m i ɡʱ ɔ ɹ a
তামোল	t a m ʊ l
তাল	t a l
তাহুন	t a ɦ u n
তাৰিখ	t a ɹ i kʰ
তাৰিখ	t a ɹ i x
তিওৱা	t i ʊ a
তিতা	t i t a
তিতামৰা	t i t a m ɔ ɹ a
তিতৌ	t i t o ʊ
তিতৰ	t i t ɔ ɹ
তিনি	t i n i
তিমি	t i m i
তিয়ঁহ	t i ɒ̃ʱ
তিয়াল্লিছ	t i a l l i s
তিল	t i l
তিৰান্নব্বৈ	t i ɹ a n n ɔ b b o ɪ
তিৰাশী	t i ɹ a x i
তুতাংসামোন	t u t a ŋ x a m ʊ n
তুমি	t u m i
তুলা	t u l a
তুলি	t u l i
তুলী	t u l i
তূলী	t u l i
তৃতীয়	t ɹ i t i ɔ
তেঁতেলী	t ẽ t ɛ l i
তেইছ	t ɛ i s
তেওঁ	t ɛ ʊ̃
তেওঁলোক	t ɛ ʊ̃ l ʊ k
তেখেত	t ɛ kʰ ɛ t
তেজপিয়া	t ɛ z p i a
তেজা	t ɛ z a
তেতিয়া	t ɛ t i a
তেত্ৰিছ	t ɛ t ɹ i s
তেনে	t ɛ n ɛ
তেনেহলে	t ɛ n ɛ ɦ ɔ l ɛ
তেনেহ’লে	t ɛ n ɛ ɦ o l ɛ
তেল	t ɛ l
তেলটুপি	t ɛ l t u p i
তেলাকুচা	t ɛ l a k u s a
তেলাল	t ɛ l a l
তেলীয়া	t ɛ l i a
তেলীয়াসাৰেং	t ɛ l i a x a ɹ ɛ ŋ
তেষষ্ঠি	t ɛ x ɔ s tʰ i
তেসত্তৰ	t ɛ x ɔ t t ɔ ɹ
তেৱন	t ɛ ɔ n
তোপ	t ʊ p
তোমালোক	t ʊ m a l ʊ k
তোমাৰ	t ʊ m a ɹ
তোমোলাক	t ʊ m ʊ l a k
তোলা	t ʊ l a
ত্ৰিছ	t ɹ i s
তৰমুজ	t ɔ ɹ m u z
তৰা	t ɔ ɹ a
তৰামাছ	t ɔ ɹ a m a s
তৰোৱাল	t ɔ ɹ ʊ a l
তৰ্জমা	t ɔ ɹ z ɔ m a
থ	tʱ ɔ
থকা	tʰ ɔ k a
থপা	tʰ ɔ p a
থপিওৱা	tʰ ɔ p i ʊ a
থপৰ	tʰ ɔ p ɔ ɹ
থপৰিওৱা	tʰ ɔ p ɔ ɹ i ʊ a
থাইলেণ্ড	tʰ a ɪ l ɛ n d
থাক	tʰ a k
থাকা	tʰ a k a
থান	tʰ a n
থাপ	tʰ a p
থাপা	tʰ a p a
থাপ্পৰ	tʰ a p p ɔ ɹ
থাপৰ	tʰ a p ɔ ɹ
থাম	tʰ a m
থাল	tʰ a l
থালি	tʰ a l i
থিয়	tʰ i ɔ
থিৰ	tʰ i ɹ
থু	tʰ u
থুঁতৰি	tʰ ũ t ɔ ɹ i
থুঁপ	tʰ ũ p
থুম	tʰ u m
থোঁতা	tʰ ʊ̃ t a
থোৱা	tʰ ʊ a
দ	d ɔ
দখল	d ɔ kʰ ɔ l
দখল	d ɔ x ɔ l
দঙা	d ɔ ŋ a
দফা	d ɔ pʰ a
দবা	d ɔ b a
দবাখেল	d ɔ b a kʰ ɛ l
দবাখেল	d ɔ b a x ɛ l
দমা	d ɔ m a
দমোৱা	d ɔ m ʊ a
দমৰা	d ɔ m ɔ ɹ a
দলং	d ɔ l ɔ ŋ
দলম’ৰা	d ɔ l m o ɹ a
দলিওৱা	d ɔ l i ʊ a
দহ	d ɔ ɦ
দা	d aː
দাঁত	d ã t
দাঁৰ	d ã ɹ
দাউদাউ	d a u d a u
দাঙা	d a ŋ a
দাপোণ	d a p ʊ n
দাম	d a m
দামী	d a m i
দালাল	d a l a l
দালালি	d a l a l i
দাহ	d aʱ
দাৰি	d a ɹ i
দাৱত	d a ɔ t
দিওৱা	d i ʊ a
দিঠক	d i tʰ ɔ k
দিন	d i n
দিনকণা	d i n k ɔ n a
দিয়া	d i a
দীগ	d i ɡ
দীঘ	d i ɡ
দীঘলা	d i ɡʱ ɔ l a
দীঘলোৱা	d i ɡʱ ɔ l ʊ a
দীঘা	d i ɡʱ a
দীয়া	d i a
দুই	d u i
দুধ	d u d
দুধ	d u dʱ
দুৰাকাছ	d u ɹ a k a s ɔ
দুৱাৰ	d u a ɹ
দে	d ɛ
দেউতা	d ɛ ʊ t a
দেউতি	d ɛ u t i
দেখা	d ɛ kʰ a
দেখা	d ɛ x a
দেতা	d ɛ t a
দেহা	d ɛ ɦ a
দেৱনাগৰী	d ɛ w n a ɡ ɔ ɹ i
দেৱালী	d ɛ w a l i
দৈকলা	d ɔ i k ɔ l a
দৈনিক	d o ɪ n i k
দোতাৰা	d ʊ t a ɹ a
দোতোৰা	d ʊ t ʊ ɹ a
দোলা	d ʊ l a
দোহাৰ	d ʊ ɦ a ɹ
দোৱা	d ʊ a
দোৱাত	d ʊ a t
দৌৰা	d o ʊ ɹ a
দ্বিতীয়	d i t i ɔ
দ্বীপ	d i p
দৰা	d ɔ ɹ a
দৰ্খাস্ত	d ɔ ɹ kʰ a s t ɔ
দৰ্খাস্ত	d ɔ ɹ x a s t ɔ
দৰ্জা	d ɔ ɹ z a
দৰ্জী	d ɔ ɹ z i
দৰৱ	d ɒ ɹ ɒ β
দ’তি	d o t i
ধ	dʱ ɔ
ধঁপাত	dʱ ɔ̃ p a t
ধনিয়া	dʱ ɔ n i a
ধন্যবাদ	dʱ ɔ ɪ nː ɔ b a d
ধলা	dʱ ɔ l a
ধাতু	dʱ a t u
ধান	dʱ a n
ধাননি	dʱ a n ɔ n i
ধুতি	dʱ u t i
ধুনীয়া	dʱ u n i a
ধুন্দুলি	dʱ u n d u l i
ধুমুহা	dʱ u m u ɦ a
ধুৰা	dʱ u ɹ a
ধূলি	dʱ u l i
ধেমালি	dʱ ɛ m a l i
ধোৱা	dʱ ʊ a
ধৰ	dʱ ɔ ɹ
ধৰণ	dʱ ɔ ɹ ɔ n
ধৰ্ষণ	dʱ ɔ ɹ x ɔ n
ন	n ɔ
নংচাই	n ɔ ŋ s a ɪ
নউ	n ɔ ʊ
নকল	n ɔ k ɔ l
নক্সা	n ɔ k s a
নখ	n ɔ kʰ
নখপালিচ	n ɔ k p a l i s
নগৰ	n ɔ ɡ ɔ ɹ
নচা	n ɔ s a
নতুন	n ɔ t u n
নদী	n ɔ d i
ননী	n ɔ n i
নব্বৈ	n ɔ b b o ɪ
নমা	n ɔ m a
নমাজ	n ɔ m a z
নমোৱা	n ɔ m ʊ a
নম্বৰ	n ɔ m b ɔ ɹ
নহয়	n ɔ ɦ ɔ ɛ
নহৰু	n ɔ ɦ ɔ ɹ u
নহ’লে	n ɔ ɦ o l ɛ
নাই	n a i
নাই	n a ɪ
নাইপিয়া	n a ɪ p i a
নাও	n a ʊ
নাক	n a k
নাঙঠ	n a ŋ ɔ tʰ
নাঙল	n a ŋ ɔ l
নাচা	n a s a
নাজানোঁ	n a z a n ʊ̃
নাট	n a t
নাটনি	n a t ɔ n i
নাপিত	n a p i t
নামনি	n a m ɔ n i
নামা	n a m a
নামাজ	n a m a z
নাম্বাৰ	n a m b a ɹ
নাহৰ	n a ɦ ɔ ɹ
নাহৰফুটুকী	n a ɦ ɔ ɹ pʰ u t u k i
নাৰিকল	n a ɪ k ɔ l
নাৰিকল	n a ɹ i k ɔ l
নিংনি	n i ŋ n i
নিওৱা	n i ʊ a
নিগনি	n i ɡ ɔ n i
নিচা	n i s a
নিচান	n i s a n
নিজ	n i z
নিজা	n i z a
নিজে	n i z ɛ
নিজৰ	n i z ɔ ɹ
নিনাও	n i n a ʊ
নিমখ	n i m ɔ kʰ
নিয়া	n i a
নিয়ান্নব্বৈ	n i a n n ɔ b b o ɪ
নিয়ৰ	n i ɔ ɹ
নিযুত	n i z u t
নিলিখা	n i l i kʰ a
নিলিখা	n i l i x a
নিশাহ	n i x aʱ
নীলা	n i l a
নুমুউৱা	n u m u a
নুমুউৱা	n u m uː a
নুমুৱা	n u m u a
নে	n ɛ
নেউল	n ɛ u l
নেকি	n e k i
নেকি	n i k i
নেগুৰ	n ɛ ɡ u ɹ
নেজ	n ɛ z
নেজানোঁ	n ɛ z a n ʊ̃
নৈ	n o ɪ
নৰম	n ɔ ɹ ɔ m
প	p ɔ
পঁচপন	p ɔ̃ s p ɔ n
পঁচানব্বৈ	p ɔ̃ s a n ɔ b b o ɪ
পঁচাশী	p ɔ̃ s a x i
পঁচিছ	p ɔ̃ s i s
পঁয়ত্ৰিছ	p ɔ̃ é t ɹ i s
পঁষষ্ঠি	p ɔ̃ x ɔ s tʰ i
পঁসত্তৰ	p ɔ̃ x ɔ t t ɔ ɹ
পকা	p ɔ k a
পকোৱা	p ɔ k ʊ a
পখিলা	p ɔ kʰ i l a
পগোৱা	p ɔ ɡ ʊ a
পঘা	p ɔ ɡʱ a
পচন	p ɔ s ɔ n
পচন্দ	p ɔ s ɔ n
পচন্দ	p ɔ s ɔ n d
পচলা	p ɔ s ɔ l a
পচা	p ɔ s a
পচোৱা	p ɔ s ʊ a
পছন্দ	p ɔ s ɔ n
পছন্দ	p ɔ s ɔ n d
পছোৱা	p ɔ s ʊ a
পঞ্চল্লিছ	p ɔ n s ɔ l l i s
পঞ্চাছ	p ɔ n s a s
পঞ্জাৱ	p ɔ n z a b
পঞ্জাৱ	p ɔ n z aᵇ
পটাখৰি	p ɔ t a kʰ ɔ ɹ i
পঠা	p ɔ tʰ a
পঠিওৱা	p ɔ tʰ i ʊ a
পঠোৱা	p ɔ tʰ ʊ a
পঢ়া	p ɔ ɦ a
পঢ়া	p ɔʴ ɦ a
পঢ়াশালি	p ɔ ɦ a x a l i
পঢ়াশালি	p ɔ ɹʱ a x a l i
পঢ়োৱা	p ɔ ɦ ʊ a
পঢ়োৱা	p ɔʴ ɦ ʊ a
পতা	p ɔ t a
পথালি	p ɔ tʰ a l i
পথাৰ	p ɔ tʰ a ɹ
পথৰুৱা	p ɔ tʰ ɔ ɹ u a
পদূলি	p ɔ d u l i
পদূলিমুখ	p ɔ d u l i m u kʰ
পনিয়ল	p ɔ n i ɔ l
পনীয়া	p ɔ n i a
পনৰ	p ɒ n ɒ ɹ ɒ
পনৰ	p ɒ n ɒ ɾ ɒ
পনৰু	p ɔ n ɔ ɹ u
পল	p ɒ l ɔ
পল	p ɔ l
পলম	p ɔ l ɔ m
পলা	p ɔ l a
পলিথিন	p ɔ l i tʰ i n
পলু	p ɔ l u
পলোৱা	p ɔ l ʊ a
পশু	p ɔ x u
পহিলা	p ɔ ɦ i l a
পহু	p o ɦ u
পাঁচ	p ã s
পাঁজৰ	p ã z ɔ ɹ
পাঁজৰা	p ã z ɔ ɹ a
পাং	p a ŋ
পাইক	p a ɪ k
পাইকান	p a ɪ k a n
পাইকাৰী	p a ɪ k a ɹ i
পাউণ্ড	p a ʊ n
পাউণ্ড	p a ʊ n d
পাক	p a k
পাকঘৰ	p a ɡ ɡʱ ɔ ɹ
পাকৈত	p a k o ɪ t
পাখি	p a kʰ i
পাখি	p a x i
পাগ	p a ɡ
পাগলামি	p a ɡ ɔ l a m i
পাগুলা	p a ɡ u l a
পাগুৰি	p a ɡ u ɹ i
পাচলি	p a s ɔ l i
পাট	p a t
পাণ	p a n
পাণ্ডা	p a n d a
পাতল	p a t ɔ l
পাতিহাঁহ	p a t iʱ ã ɦ
পাত্থৰ	p a t tʰ ɔ ɹ
পাথৰ	p a tʰ ɔ ɹ
পানী	p a n i
পানীচকু	p a n i s ɔ k u
পানীলাউ	p a n i l a u
পানৈ	p a n o ɪ
পাল	p a l
পালি	p a l i
পালিচ	p a l i s
পালেং	p a l ɛ ŋ
পাহ	p aʱ
পাহাৰ	p a ɦ a ɹ
পাহি	p a ɦ i
পাহৰ	p a ɦ ɔ ɹ
পাহৰা	p a ɦ ɔ ɹ a
পাৰ	p a ɹ
পাৰ	p a ɹ ɔ
পাৰা	p a ɹ a
পাৰাউৱা	p a ɾ a u a
পাৰোৱা	p a ɹ ʊ a
পিঁজৰা	p i z ɔ ɹ a
পিক	p i k
পিকোৱা	p i k ʊ a
পিচলা	p i s ɔ l a
পিটা	p i t a
পিটিকা	p i t i k a
পিঠা	p i tʰ a
পিঠি	p i tʰ i
পিত	p i t
পিতা	p i t a
পিন্ধ	p i n dʱ
পিন্ধা	p i n dʱ a
পিপৰ	p i p ɔ ɹ
পিপৰা	p i p ɔ ɹ a
পিয়া	p i a
পিয়াঁজ	p i j a s
পিয়াঁজ	p i j a z
পিয়াহ	p i aʱ
পিহা	p i ɦ a
পিৰা	p i ɹ a
পিৰানা	p i ɹ a n a
পুঁওৱা	p ũ ʊ a
পুং	p u ŋ
পুখুৰী	p u kʰ u ɹ i
পুঠি	p u tʰ i
পুত	p u t
পুতাই	p u t a ɪ
পুতৌ	p u t o ʊ
পুথি	p u tʰ i
পুথিভঁৰাল	p u tʰ i bʱ ɔ̃ ɹ a l
পুনু	p u n u
পুলি	p u l i
পুৰণা	p u ɹ ɔ n a
পুৰণি	p u ɹ ɔ n i
পুৰুষ	p u ɹ u x
পুৱা	p u a
পূঁজ	p ũ z
পূৰঠ	p u ɹ ɔ tʰ
পৃথিৱী	p i tʰ i b i
পৃথিৱী	p i tʰ i w i
পৃথিৱী	p ɹ i tʰ i w i
পেঁপা	p ẽ p a
পেখন	p ɛ kʰ ɔ n
পেখম	p ɛ kʰ ɔ m
পেঙ্গুইন	p ɛ ŋ ɡ u i n
পেট	p ɛ t
পেটাৰি	p ɛ t a ɹ i
পেটী	p ɛ t i
পেটু	p ɛ t u
পেটুলা	p ɛ t u l a
পেল	p ɛ l
পেলা	p ɛ l a
পেলু	p e l u
পেলোৱা	p ɛ l ʊ a
পেহা	p ɛ ɦ a
পেহী	p ɛ ɦ i
পেৰা	p ɛ ɹ a
পেৰী	p e ɹ i
পৈ	p o ɪ
পৈণত	p o ɪ n ɔ t
পো	p ʊ
পোক	p ʊ k
পোকৰ	p ʊ k ɔ ɹ
পোত	p ʊ t
পোতন	p ʊ t ɔ n
পোতা	p ʊ t a
পোন	p ʊ n
পোনা	p ʊ n a
পোন্ধৰ	p ʊ n dʱ ɒ ɹ ɒ
পোহা	p ʊ ɦ a
পোহাৰ	p ʊ ɦ a ɹ
পোহৰ	p ʊ ɦ ɔ ɹ
পোহৰোৱা	p ʊ ɦ ɔ ɹ ʊ a
পোৱাল	p ʊ a l
পোৱালী	p ʊ a l i
প্লেটিপাছ	p l ɛ t i p a s
প্ৰক্ৰিয়া	p ɔ k i a
প্ৰক্ৰিয়া	p ɔ k ɹ i a
প্ৰক্ৰিয়া	p ɹ ɔ k i a
প্ৰক্ৰিয়া	p ɹ ɔ k ɹ i a
প্ৰথমতে	p ɔ tʰ ɔ m ɔ t ɛ
প্ৰথমতে	p ɹ ɔ tʰ ɔ m ɔ t ɛ
প্ৰথমে	p ɔ tʰ ɔ m ɛ
প্ৰথমে	p ɹ ɔ tʰ ɔ m ɛ
প্ৰাচীন	p ɹ a s i n
পৰ	p ɔ ɹ
পৰম্পৰা	p ɔ ɹ ɔ m p ɔ ɹ a
পৰা	p ɔ ɹ a
পৰিয়াল	p ɔ ɹ i a l
পৰুৱা	p ɔ ɹ u a
পৰ্বত	p ɔ ɹ b ɔ t
পৰ্বত	p ɔː b ɔ t
ফ	f ɔ
ফ	pʰ ɔ
ফ	ɸ ɔ
ফচল	pʰ ɔ s ɔ l
ফটকা	pʰ ɔ t ɔ k a
ফটা	pʰ ɔ t a
ফটো	pʰ ɔ t ʊ
ফণি	pʰ o n i
ফণী	pʰ o n i
ফল	f ɔ l
ফল	pʰ ɔ l
ফল	ɸ ɔ l
ফলা	pʰ ɔ l a
ফাঁক	pʰ ã k
ফাঁকু	pʰ ã k u
ফাঁকুৱা	pʰ ã k u a
ফাট	pʰ a t
ফাটা	pʰ a t a
ফান্দ	pʰ a n
ফান্দ	pʰ a n d
ফান্দ	ɸ a n
ফান্দ	ɸ a n d
ফাল	pʰ a l
ফালা	pʰ a l a
ফিঙ	pʰ i ŋ ɒ
ফিঙা	pʰ i ŋ a
ফিছা	pʰ i s a
ফিৰিঙটি	pʰ i ɹ i ŋ ɔ t i
ফিৰিঙতি	pʰ i ɹ i ŋ ɔ t i
ফুটা	pʰ u t a
ফুল	f u l
ফুল	pʰ u l
ফুল	ɸ u l
ফুলনি	pʰ u l ɔ n i
ফুলনিবাৰী	pʰ u l ɔ n i b a ɹ i
ফুলবাৰী	pʰ u l b a ɹ i
ফুলা	pʰ u l a
ফুলোৱা	pʰ u l ʊ a
ফুৰ	pʰ u ɹ
ফুৰা	pʰ u ɹ a
ফেঁচা	f ɛ s a
ফেঁচা	pʰ ɛ s a
ফেঁচা	ɸ ɛ s a
ফেঁট	pʰ ẽ t
ফেঁটী	pʰ ẽ t i
ফেঁহু	pʰ ẽ ɦ u
ফেন	pʰ ɛ n
ফেনা	pʰ ɛ n a
ফ্লেমিংগ	pʰ l ɛ m i ŋ ɡ ɔ
ফ্লেমিঙ্গ	pʰ l ɛ m i ŋ ɡ ɔ
ফৰাচী	f ɔ ɹ a s i
ফৰিং	pʰ ɔ ɹ i ŋ
ফৰিঙা	pʰ ɔ ɹ i ŋ a
ব	b ɔ
বঁটা	b ɔ̃ t a
বকলা	b ɔ k ɔ l a
বকা	b ɔ k a
বখলিওৱা	b ɔ kʰ ɔ l i ʊ a
বখলিওৱা	b ɔ x ɔ l i ʊ a
বগ	b ɔ ɡ
বগলী	b ɔ ɡ ɔ l i
বগা	b ɔ ɡ a
বগোৱা	b ɔ ɡ ʊ a
বগৰী	b ɔ ɡ ɔ ɹ i
বঙহ	b ɔ ŋ ɔ ɦ
বঙাল	b ɔ ŋ a l
বচা	b ɔ s a
বছৰ	b ɔ s ɔ ɹ
বছৰি	b ɔ s ɔ ɹ i
বছৰেক	b ɔ s ɔ ɹ ɛ k
বছৰেকীয়া	b ɔ s ɔ ɹ ɛ k i a
বজাৰ	b ɔ z a ɹ
বজোৱা	b ɔ z ʊ a
বটল	b ɔ t ɔ l
বটা	b ɔ t a
বঢ়োৱা	b a ɹʱ ʊ a
বঢ়োৱা	b ɔ ɦ ʊ a
বতাহ	b ɔ t aʱ
বত্ৰিছ	b ɔ t ɹ i s
বতৰ	b ɔ t ɔ ɹ
বতৰা	b ɔ t ɔ ɹ a
বন	b ɔ n
বনোৱা	b ɔ n ʊ a
বন্দুক	b ɔ n d u k
বন্ধ	b ɔ n
বন্ধ	b ɔ n dʱ
বন্ধ	b ɔ n dʱ ɔ
বন্ধনী	b ɔ n dʱ ɔ n i
বন্ধা	b ɔ n dʱ a
বন্ধাকবি	b ɔ n dʱ a k ɔ b i
বমি	b ɔ m i
বল	b ɔ l
বলা	b ɔ l a
বলাৎকাৰ	b ɔ l a t k a ɹ
বস্তু	b ɔ s t u
বহ	b ɔ ɦ
বহঁত	b ɔ ɦ ɔ̃ t
বহল	b ɔ ɦ ɔ l
বহলোৱা	b ɔ ɦ ɔ l ʊ a
বহা	b ɔ ɦ a
বহাগ	b ɔ ɦ a ɡ
বহিখোৱা	b ɔ ɦ i kʰ ʊ a
বহী	b oʱ i
বহোৱা	b ɔ ɦ ʊ a
বা	b a
বা	b aː
বাঁহ	b ãʱ
বাঁহগাজ	b ãʱ ɡ a z
বাঁহপাতী	b ãʱ p a t i
বাঁহফুল	b ãʱ pʰ u l
বাঁহী	b ã ɦ i
বাঃ	b aʱ
বাঃ	b aː
বাই	b a ɪ
বাইচন	b a ɪ s ɔ n
বাইছ	b a ɪ s
বাইদেউ	b a ɪ d ó
বাইদেউ	b a ɪ d ɛ ʊ
বাউল	b a u l
বাওঁ	b a ʊ̃
বাওঁফাল	b a ʊ̃ pʰ a l
বাওঁফাললৈ	b a ʊ̃ pʰ a l ɔ l o ɪ
বাওঁফালে	b a ʊ̃ pʰ a l ɛ
বাকচ	b a k ɔ s
বাকলি	b a k ɔ l i
বাকী	b a k i
বাগান	b a ɡ a n
বাগিচা	b a ɡ i s a
বাঘমাছ	b a ɡʱ ɔ m a s
বাঙ্গনা	b a ŋ ɔ n a
বাচ	b a s
বাচন	b a s ɔ n
বাছ	b a s
বাজ	b a z
বাজে	b a z ɛ
বাট	b a t
বাটি	b a t i
বাঢ়	b a ɹ
বাঢ়	b a ɹʱ
বাঢ়	b aʱ
বাঢ়নী	b a ɦ ɔ n i
বাঢ়নী	b a ɹʱ ɔ n i
বাঢ়া	b a ɦ a
বাঢ়া	b a ɹ a
বাঢ়া	b a ɹʱ a
বাঢ়ৈ	b a ɦ o ɪ
বাঢ়ৈ	b a ɹ o ɪ
বাঢ়ৈ	b a ɹʱ o ɪ
বাঢ়ৈটোকা	b a ɹʱ o ɪ t ʊ k a
বাতৰি	b a t ɔ ɹ i
বাদুলি	b a d u l i
বাধা	b a dʱ a
বান	b a n
বানপানী	b a n p a n i
বানান	b a n a n
বান্দৰ	b a n d ɔ ɹ
বান্ধ	b a n dʱ
বান্ধ	b a nʱ
বান্ধা	b a n dʱ a
বাপ	b a p
বাবুৰ্চি	b a b u ɹ s i
বাম	b a m
বামী	b a m i
বাল	b a l
বালি	b a l i
বালিছ	b a l i s
বালু	b a l u
বাল্টি	b a l t i
বাল্টিং	b a l t i ŋ
বাল্য	b a ɪ l l ɔ
বাল্যকাল	b a ɪ l l ɔ k a l
বালৰ	b a l ɔ ɹ
বাষষ্ঠি	b a x ɔ s tʰ i
বাসত্তৰ	b a x ɔ t t ɔ ɹ
বাসিন্দা	b a x i n d a
বাহ	b aʱ
বাহা	b a ɦ a
বাহিৰ	b a ɦ i ɹ
বাহিৰত	b a ɦ i ɹ ɔ t
বাহিৰা	b a ɦ i ɹ a
বাহিৰে	b a ɦ i ɹ ɛ
বাহু	b a ɦ u
বাৰি	b a ɹ i
বাৰিষা	b a ɹ i x a
বাৱন	b a ɔ n
বিক	b i k
বিকা	b i k a
বিঘা	b i ɡʱ a
বিচ	b i s
বিচনী	b i s o n i
বিচাৰ	b i s a ɹ
বিচাৰা	b i s a ɹ a
বিচৰা	b i s ɔ ɹ a
বিছ	b i s
বিছনা	b i s ɔ n a
বিছা	b i s a
বিজুলী	b i z u l i
বিনা	b i n a
বিনামূলীয়া	b i n a m u l i a
বিন্ধা	b i n dʱ a
বিভগ	b i bʱ ɔ ɡ
বিভেদ	b i bʱ ɛ d
বিমানবন্দৰ	b i m a n b ɔ n d ɔ ɹ
বিয়লি	b i ɔ l i
বিয়া	b i a
বিয়ান্নব্বৈ	b i a n n ɔ b b o ɪ
বিয়াল্লিছ	b i a l l i s
বিয়াশী	b i a x i
বিল	b i l
বিলগ	b i l ɔ ɡ
বিলা	b i l a
বিলাই	b i l a ɪ
বিলাতী	b i l a t i
বিলাহী	b i l a ɦ i
বিলৈ	b i l o ɪ
বিষ	b i x
বিষয়	b i x ɔ j
বিষা	b i x a
বিষোৱা	b i x ʊ a
বিহ	b iʱ
বিহান	b i ɦ a n
বিহু	b i ɦ u
বিৰলী	b i ɹ ɔ l i
বিৰালী	b i ɹ a l i
বিৰিং	b i ɹ i ŋ
বীজাণু	b i z a n u
বুকু	b u k u
বুজা	b u z a
বুট	b u t
বুটাম	b u t a m
বুঢ়া	b u a
বুঢ়া	b u ɦ a
বুঢ়া	b u ɹ a
বুঢ়া	b u ɹʱ a
বুঢ়া	b u ɾ a
বুঢ়া	b u ɾ ɦ a
বুঢ়ী	b u i
বুঢ়ী	b u ɦ i
বুঢ়ী	b u ɹ i
বুঢ়ী	b u ɹʱ i
বুঢ়ী	b u ɾ i
বুঢ়ী	b u ɾ ɦ i
বুধবাৰ	b u d b a ɹ
বুলা	b u l a
বুলি	b u l i
বুলীয়া	b u l i a
বৃশ্চিক	b i s s i k
বৃশ্চিক	b ɹ i s s i k
বৃহস্পতিবাৰ	b i ɦ ɔ s p ɔ t i b a ɹ
বৃহস্পতিবাৰ	b ɹ iʱ ɔ s p ɔ t i b a ɹ
বেঁকা	b ẽ k a
বেং	b ɛ ŋ
বেংক	b ɛ ŋ k
বেংছটা	b ɛ ŋ s ɔ t a
বেংছাটি	b ɛ ŋ s a t i
বেক্টেৰিয়া	b ɛ k t ɛ ɹ i a
বেগ	b ɛ ɡ
বেঙুনীয়া	b ɛ ŋ u n i a
বেঙুনীয়া	b ɛ ɡ u n i a
বেঙেনা	b ɛ ŋ ɛ n a
বেচ	b ɛ s
বেছি	b ɛ s i
বেজ	b ɛ z
বেজাৰ	b ɛ z a ɹ
বেজাৰ	b ɛ z a ɾ
বেজী	b e z i
বেটা	b ɛ t a
বেটী	b ɛ t i
বেত	b ɛ t
বেপাৰ	b ɛ p a ɹ
বেপাৰী	b ɛ p a ɹ i
বেপৰোৱা	b ɛ p ɔ ɹ ʊ a
বেমাৰ	b ɛ m a ɹ
বেয়া	b ɛ a
বেল	b ɛ l
বেলা	b ɛ l a
বেলি	b e l i
বেলেগ	b ɛ l ɛ ɡ
বেলেগকৈ	b ɛ l ɛ ɡ k o ɪ
বেল্ট	b ɛ l
বেল্ট	b ɛ l t
বেহাৰ	b ɛ ɦ a ɹ
বেহেলা	b ɛ ɦ ɛ l a
বেৰ	b ɛ ɹ
বেৰা	b ɛ ɹ a
বেৰেটি	b ɛ ɹ ɛ t i
বৈহাগ	b o ɪ ɦ a ɡ
বৈৰ্হান	b ɔ ɪ ɾ ɦ a n
বোকা	b ʊ k a
বোজা	b ʊ z a
বোন্দা	b ʊ n d a
বোন্দোৰা	b ʊ n d ʊ ɹ a
বোপা	b ʊ p a
বোপাই	b ʊ p a ɪ
বোল	b ʊ l
বোলা	b ʊ l a
বোৱনী	b ʊ n i
বোৱা	b ʊ a
বোৱাৰী	b ʊ a ɹ i
ব্যাখ্যা	b a ɪ k kʰ a
ব্যৱহাৰ	b e ɔ ɦ a ɹ
ব্যৱহাৰ	b ɛ b ɔ ɦ a ɹ
ব্ৰহ্মপুত্ৰ	b ɹ ɔ ɦ m ɔ p u t ɹ ɔ
বৎচোৱানা	b ɔ s s ʊ a n a
বৎচোৱানা	b ɔ t s ʊ a n a
বৰ	b ɔ ɹ
বৰণ	b ɔ ɹ ɔ n
বৰণীয়া	b ɔ ɹ ɔ n i a
বৰদিন	b ɔ ɹ d i n
বৰদেউতা	b ɔ ɹ ɔ d ɛ u t a
বৰদৈচিলা	b ɔ ɹ d o ɪ s i l a
বৰফ	b ɔ ɹ ɔ f
বৰফ	b ɔ ɹ ɔ pʰ
বৰফ	b ɔ ɹ ɔ ɸ
বৰমা	b ɔ ɹ m a
বৰল	b ɔ ɹ ɔ l
বৰশী	b ɔ ɹ ɔ x i
বৰষ	b ɔ ɹ ɔ x
বৰষ	b ɔ ɹ ɔ ɦ
বৰষুণ	b ɔ ɹ ɔ x u n
বৰা	b ɔ ɹ a
বৰালি	b ɔ ɹ a l i
বৰি	b o ɹ i
বৰ্ত্তা	b ɔ ɹ t t a
ব’ঠা	b o tʰ a
ব’ল	b o l
ব’লক	b o l ɔ k
ব’লা	b o l a
ব’হাগ	b oʱ a ɡ
ভ	bʱ ɔ
ভকত	bʱ ɔ k ɔ t
ভকুৱা	bʱ ɔ k u a
ভগা	bʱ ɔ ɡ a
ভগোৱা	bʱ ɔ ɡ ʊ a
ভঙা	bʱ ɔ ŋ a
ভজা	bʱ ɔ z a
ভণ্টি	bʱ ɔ n t i
ভণ্টী	bʱ ɔ n t i
ভতাৰ	bʱ ɔ t a ɹ
ভনী	bʱ o n i
ভনীটি	bʱ ɔ n i t i
ভবা	bʱ ɔ b a
ভয়	bʱ ɔ e
ভয়	bʱ ɔ j
ভহা	bʱ ɔ ɦ a
ভাঁৰ	bʱ ã ɹ
ভাই	bʱ a ɪ
ভাইটি	bʱ a ɪ t i
ভাওনা	bʱ a ʊ n a
ভাগ	bʱ a ɡ
ভাগা	bʱ a ɡ a
ভাগৰ	bʱ a ɡ ɔ ɹ
ভাঙনি	bʱ a ŋ ɔ n i
ভাঙা	bʱ a ŋ a
ভাজা	bʱ a z a
ভাট	bʱ a t
ভাটৌ	bʱ a t o ʊ
ভাত	bʱ a t
ভাদ	bʱ a d ɔ
ভাপ	bʱ a p
ভাবা	bʱ a b a
ভাল	bʱ a l
ভালকে	bʱ a l k ɛ
ভালকৈ	bʱ a l k o ɪ
ভালনে	bʱ a l n ɛ
ভালপোৱা	bʱ a l p ʊ a
ভালুক	bʱ a l u k
ভাষা	bʱ a x a
ভাহা	bʱ a ɦ a
ভাৰত	bʱ a ɹ ɔ t
ভাৰতীয়	bʱ a ɹ ɔ t i ɔ
ভাৰতীয়া	bʱ a ɹ ɔ t i a
ভাৰী	bʱ a ɹ i
ভিজা	bʱ i z a
ভিজোৱা	bʱ i z ʊ a
ভিতৰ	bʱ i t ɔ ɹ
ভিতৰত	bʱ i t ɔ ɹ ɔ t
ভিতৰুৱা	bʱ i t ɔ ɹ u a
ভিতৰুৱাল	bʱ i t ɔ ɹ u a l
ভুকা	bʱ u k a
ভুৱা	bʱ u a
ভূঁই	bʱ ũ i
ভূঁইকঁপ	bʱ ũ i k ɔ̃ p
ভূটীয়া	bʱ u t i a
ভূত	bʱ u t
ভূৰ	bʱ u ɹ
ভেক	bʱ ɛ k
ভেকোলা	bʱ ɛ k ʊ l a
ভেটা	bʱ ɛ t a
ভেটি	bʱ ɛ t i
ভেড়া	bʱ ɛ ɹ a
ভেল	bʱ ɛ l
ভেলা	bʱ ɛ l a
ভেলেকী	bʱ ɛ l ɛ k i
ভেৰা	bʱ ɛ ɹ a
ভৈয়াম	bʱ o ɪ a m
ভোক	bʱ ʊ k
ভোক্তা	bʱ ʊ k t a
ভোজ	bʱ ʊ z
ভোট	bʱ ʊ t
ভোৰ	bʱ ʊ ɹ
ভৰসা	bʱ ɔ ɹ ɔ x a
ভৰা	bʱ ɔ ɹ a
ভৰি	bʱ o ɹ i
ভৰোৱা	bʱ ɔ ɹ ʊ a
ম	m ɔ
মই	m ɔ ɪ
মইনা	m ɔ ɪ n a
মকৰা	m ɔ k ɔ ɹ a
মগ	m ɔ ɡ
মগজ	m ɔ ɡ ɔ z
মগজু	m ɔ ɡ ɔ z u
মগা	m ɔ ɡ a
মগু	m ɔ ɡ u
মঙহ	m ɔ ŋ ɔ ɦ
মঙ্গলবাৰ	m ɔ ŋ ɔ l b a ɹ
মঙ্গলবাৰ	m ɔ ŋ ɡ ɔ l b a ɹ
মচলা	m ɔ s ɔ l a
মচা	m ɔ s a
মজা	m ɔ z a
মটীয়া	m ɔ t i a
মঠা	m ɔ tʰ a
মণি	m ɔ n i
মতা	m ɔ t a
মথাউৰি	m ɔ tʰ a u ɹ i
মধুমেহ	m ɔ dʱ u m ɛ ɦ
মধুৰি	m ɔ dʱ u ɹ i
মনা	m ɔ n a
মনিয়ৰী	m ɔ n i ɔ ɹ i
মন্ত্ৰী	m ɔ n t i
মন্ত্ৰী	m ɔ n t ɹ i
ময়ূৰ	m ɔ j u ɹ
ময়ূৰী	m ɔ j u ɹ i
মলি	m ɔ l i
মস্ত	m ɔ s t ɔ
মহ	m ɔ ɦ
মহঙা	m ɔ ɦ ɔ ŋ a
মহাসাগৰ	m ɔ ɦ a x a ɡ ɔ ɹ
মহিলা	m ɔ ɦ i l a
মহী	m ɔ ɦ i
মা	m a
মা	m aː
মাংস	m a ŋ kʰ ɔ
মাংস	m a ŋ kˣ ɔ
মাংস	m a ŋ x ɔ
মাংস	m a ŋ ʃ o
মাই	m a ɪ
মাইকী	m a ɪ k i
মাও	m a ʊ
মাকৈ	m a k o ɪ
মাকো	m a k ʊ
মাক্ৰা	m a q ɾ a
মাখ	m a kʰ
মাখন	m a kʰ ɔ n
মাগা	m a ɡ a
মাগুৰ	m a ɡ u ɹ
মাছ	m a s
মাছৰোকা	m a s ɹ ʊ k a
মাজ	m a z
মাজু	m a z u
মাজেদি	m a z ɛ d i
মাজেৰে	m a z ɛ ɹ ɛ
মাটি	m a t i
মাটিকঁঠাল	m a t i k ɔ̃ tʰ a l
মাঠা	m a tʰ a
মাণিক	m a n i k
মাত	m a t
মাতা	m a t a
মাথা	m a tʰ a
মাথোঁ	m a tʰ ʊ̃
মাথোন	m a tʰ ʊ n
মান	m a n
মানচিত্ৰ	m a n s i t t ɔ
মানচিত্ৰ	m a n s i t ɹ ɔ
মানা	m a n a
মানুহ	m a n uʱ
মানুহ	m a n ɦ u
মানে	m a n ɛ
মামী	m a m i
মামৰ	m a m ɔ ɹ
মামৰী	m a m ɔ ɹ i
মাল	m a l
মালযুঁজ	m a l z ũ z
মালিক	m a l i k
মালিকনী	m a l i k ɔ n i
মালিকানা	m a l i k a n a
মাহ	m aʱ
মাহী	m a ɦ i
মাৰা	m a ɹ a
মাৰি	m a ɹ i
মাৰ্বল	m a ɹ b ɔ l
মিছা	m i s a
মিঠা	m i tʰ a
মিঠাতেল	m i tʰ a t ɛ l
মিঠালাউ	m i tʰ a l a u
মিঠালাও	m i tʰ a l a ʊ
মিতিৰ	m i t i ɹ
মিস্ত্ৰী	m i s t i
মিস্ত্ৰী	m i s t ɹ i
মিহল	m i ɦ ɔ l
মিহলা	m i ɦ ɔ l a
মিহলি	m i ɦ ɔ l i
মিহলোৱা	m i ɦ ɔ l ʊ a
মুকলি	m u k o l i
মুখ	m u kʰ
মুখ	m u x
মুচি	m u s i
মুচী	m u s i
মুজা	m u z a
মুজুৰা	m u z u ɹ a
মুঠ	m u tʰ
মুঠা	m u tʰ a
মুঠি	m u tʰ i
মুঢ়া	m u ɦ a
মুঢ়া	m u ɹ a
মুঢ়া	m u ɹʱ a
মুদা	m u d a
মুনিহ	m u n iʱ
মুহ	m uʱ
মুৰি	m u ɹ i
মুৱা	m u a
মূঢ়া	m u ɹʱ a
মূত	m u t
মূতা	m u t a
মূলা	m u l a
মূৰ	m u ɹ
মৃত্যু	m i t t u
মৃত্যু	m ɹ i t t u
মেকুৰী	m e k u ɹ i
মেঘ	m ɛ ɡ
মেঘ	m ɛ ɡʱ
মেচেকা	m ɛ s ɛ k a
মেটেকা	m ɛ t ɛ k a
মেঠন	m ɛ tʰ ɔ n
মেঠোন	m ɛ tʰ ʊ n
মেলা	m ɛ l a
মেহ	m ɛ ɦ
মেৰামতি	m ɛ ɹ a m ɔ t i
মেৰিওৱা	m ɛ ɹ i ʊ a
মে’ওনিজ	m ɛ ʊ n ɪ z
মৈ	m o ɪ
মৈটা	m o ɪ t a
মৈদাম	m o ɪ d a m
মৈধফল	m o ɪ tʰ pʰ ɔ l
মৈলাম	m o ɪ l a m
মৈৰা	m ɔ i ɹ a
মোকল	m ʊ k ɔ l
মোকলা	m ʊ k ɔ l a
মোছা	m ʊ s a
মোজা	m ʊ z a
মোত	m ʊ t
মোন	m ʊ n
মোনা	m ʊ n a
মোবাইল	m ʊ b a ɪ l
মোমাই	m ʊ m a ɪ
মোল	m ʊ l
মোলা	m ʊ l a
মোৰ	m ʊ ɹ
মৌ	m o ʊ
মৌচাক	m o ʊ s a k
মৌচুমী	m o ʊ s u m i
মৌপিয়া	m o ʊ p i a
মৌসিটা	m o ʊ x i t a
মৰ	m ɔ ɹ
মৰম	m ɔ ɹ ɔ m
মৰমলগা	m ɔ ɹ ɔ m l ɔ ɡ a
মৰমিয়াল	m ɔ ɹ ɔ m i a l
মৰমৰ	m ɔ ɹ ɔ m ɔ ɹ
মৰা	m ɔ ɹ a
মৰাঠাৰি	m ɔ ɹ a tʰ a ɹ i
মৰাপাট	m ɔ ɹ a p a t
মৰ্মৰ	m ɔ ɹ m ɔ ɹ
ম’হ	m oʱ
ম’ৰা	m o ɹ a
য	z ɔ
যঁতৰ	z ɔ̃ t ɔ ɹ
য়	j ɔ
যাঁত	z ã t
যাঁতি	z ã t i
যাচ	z a s
যাদু	z a d u
যাদুঘৰ	z a d u ɡʱ ɔ ɹ
যিমান	z i m a n
যিৰূচালেম	z i ɹ u s a l e m
যুঁজ	z ũ z
যুঁজা	z ũ z a
যুঁজাৰু	z ũ z a ɹ u
যেতিয়া	z ɛ t i a
যেনে	z ɛ n ɛ
যোগান	z ʊ ɡ a n
যোগোৱা	z ʊ ɡ ʊ a
যোৱা	z ʊ a
য’ত	z o t
ল	l ɔ
ল'ৰা	l o ɹ a
লং	l ɔ ŋ
লগত	l ɔ ɡ ɔ t
লগা	l ɔ ɡ a
লঘোন	l ɔ ɡʱ ʊ n
লতা	l ɔ t a
লতাফুটুকি	l ɔ t a pʰ u t u k i
লতামাকৰি	l ɔ t a m a k ɔ ɹ i
লতামেকুৰী	l ɔ t a m ɛ k u ɹ i
লথিওৱা	l ɔ tʰ i ʊ a
লনী	l ɔ n i
লহিয়া	l ɔ ɦ i a
লহুন	l ɔ ɦ u n
লহৰ	l ɔ ɦ ɔ ɹ
লহৰি	l ɔ ɦ ɔ ɹ i
লাই	l a ɪ
লাইখুঁটা	l a ɪ kʰ ũ t a
লাউ	l a u
লাউখোলা	l a u kʰ ʊ l a
লাউখোলা	l a u x ʊ l a
লাও	l a ʊ
লাওখোলা	l a ʊ kʰ ʊ l a
লাওখোলা	l a ʊ x ʊ l a
লাখ	l a kʰ
লাখ	l a x
লাগ	l a ɡ
লাগা	l a ɡ a
লাজ	l a z
লাজুকা	l a z u k a
লাজুকী	l a z u k i
লাথ	l a t
লাথ	l a tʰ
লাথি	l a tʰ i
লাভ	l a b
লাভ	l a bʱ
লালটি	l a l ɔ t i
লাৰা	l a ɹ a
লিচু	l i s u
লিপি	l i p i
লিপিষ্টিক	l i p i s t i k
লুইত	l u i t
লুকুউৱা	l u k u u a
লুকুৱা	l u k u a
লুটিওৱা	l u t i ʊ a
লুথুৰী	l u tʰ u ɹ i
লেচু	l ɛ s u
লেটেকু	l ɛ t ɛ k u
লেতেৰা	l ɛ t ɛ ɹ a
লেধা	l ɛ dʱ a
লেলাউটি	l ɛ l a u t i
লেহেম	l ɛ ɦ ɛ m
লেহেমীয়া	l ɛ ɦ ɛ m i a
লো	l ʊ
লোকপ্ৰিয়	l ʊ k ɔ p i ɔ
লোকপ্ৰিয়	l ʊ k ɔ p ɹ i ɔ
লোণ	l ʊ n
লৰা	l ɔ ɹ a
লৰোৱা	l ɔ ɹ ʊ a
লৱনী	l ɔ w ɔ n i
লৱনু	l ɔ w ɔ n u
ল’ৰা	l o ɹ a
ল’ৰালি	l o ɹ a l i
ল’ৰালিকাল	l o ɹ a l i k a l
শ	s
শ	x ɔ
শইচ	x ɔ ɪ s
শকত	x ɔ k ɔ t
শক্তিশালী	x ɔ k t i x a l i
শগুন	x ɔ ɡ u n
শনিবাৰ	x ɔ n i b a ɹ
শব্দ	x ɔ b d ɔ
শল	x ɔ l
শলা	x ɔ l a
শস্য	x ɔ ɪ s s ɒ
শহা	x ɔ ɦ a
শহুৰ	x ɔ ɦ u ɹ
শাঁক	x ã k
শাঁত	x ã t
শাঁতি	x ã t i
শাও	x a ʊ
শান্ত	x a n t ɔ
শামুক	x a m u k
শাল	x a l
শালি	x a l i
শালিকা	x a l i k a
শাহ	x aʱ
শাহু	x a ɦ u
শাহোন	x a ɦ ʊ n
শাৰী	x a ɹ i
শিং	x i ŋ
শিকলি	x i k ɔ l i
শিকোওৱা	x i k ʊ ʊ a
শিকোৱা	x i k ʊ a
শিক্ষা	x i k kʰ a
শিঙৰি	x i ŋ ɔ ɹ i
শিটা	x i t a
শিঠা	x i tʰ a
শিপা	x i p a
শিপিনী	x i p i n i
শিমলু	x i m ɔ l u
শিমেলি	x i m e l i
শিয়া	x i a
শিয়াল	x i a l
শিল	x i l
শিহা	x i ɦ a
শিহু	x i ɦ u
শিহুজাহাজ	x i ɦ u z a ɦ a z
শিহৰি	x i ɦ ɔ ɹ i
শুঁৰ	x ũ ɹ
শুকান	x u k a n
শুকুউৱা	x u k u a
শুকুউৱা	x u k uː a
শুকুৰবাৰ	x u k u ɹ b a ɹ
শুকুৱা	x u k u a
শুক্ৰবাৰ	x u k ɹ b a ɹ
শুঙা	x u ŋ a
শুধ	x u dʱ ɔ
শুধৰা	x u dʱ ɔ ɹ a
শুধৰোৱা	x u dʱ ɔ ɹ ʊ a
শুন	x u n
শুনা	x u n a
শুৱনি	x u ɔ n i
শুৱলা	x u ɔ l a
শূন্য	x u i n n ɔ
শেঙুন	x ɛ ŋ u n
শেলাই	x ɛ l a ɪ
শেৱালি	x ɛ w a l i
শৈশৱ	x o ɪ x ɔ w
শৈশৱকাল	x ɔ ɪ x ɒ b k a l
শো	x ʊ
শোৱা	x ʊ a
শ্ৰদ্ধা	s ɹ ɔ d dʱ a
শ্ৰীলংকা	s i l ɔ ŋ k a
শ্ৰীলংকা	s i ɹ i l ɔ ŋ k a
শ্ৰীলংকা	s ɹ i l ɔ ŋ k a
শৰণাৰ্থী	x ɔ ɹ ɔ n a ɹ tʰ i
শৰালি	x ɔ ɹ a l i
শ’ল	x o l
ষ	s
ষ	x ɔ
ষাঁড়	x ã ɹ
ষাঠি	x a tʰ i
স	s
স	x ɔ
সঁচা	x ɔ̃ s a
সঁজুলি	x ɔ̃ z u l i
সকলো	x ɔ k ɔ l ʊ
সকলোতকে	x ɔ k ɔ l ʊ t k ɛ
সকলোতকৈ	x ɔ k ɔ l ʊ t k o ɪ
সজা	x ɔ z a
সজোৱা	x ɔ z ʊ a
সণা	x ɔ n a
সতেজ	x ɔ t ɛ z
সত্তৰ	x ɔ t t ɔ ɹ
সদৰ	x ɔ d ɔ ɹ
সনা	x ɔ n a
সন্দেহ	x ɔ n d ɛʱ
সন্ধিয়া	x ɔ n dʱ i a
সন্মান	x ɔ n m a n
সপান	x ɔ p a n
সপোন	x ɔ p ʊ n
সবাতোকে	x ɔ b a t ʊ k ɛ
সবাতোকৈ	x ɔ b a t ʊ k o ɪ
সমনীয়া	x ɔ m ɔ n i a
সময়	x ɔ m ɔ ɛ
সমান	x m a n
সলনি	x ɔ l ɔ n i
সলা	x ɔ l a
সলোৱা	x ɔ l ʊ a
সহা	x ɔ ɦ a
সাঁকো	x ã k ʊ
সাঁচ	x ã s
সাঁচা	x ã s a
সাঁজ	x ã z
সাঁফৰ	x ã pʰ ɔ ɹ
সাগৰ	x a ɡ ɔ ɹ
সাঙোৰ	x a ŋ ʊ ɹ
সাজ	x a z
সাজু	x a z u
সাজো	x a z ʊ
সাত	x a t
সাতচল্লিছ	x a t s ɔ l l i s
সাতত্ৰিছ	x a t ɔ t ɹ i s
সাতষষ্ঠি	x a t x ɔ s tʰ i
সাতসত্তৰ	x a t x ɔ t t ɔ ɹ
সাতাইছ	x a t a ɪ s
সাতান্নব্বৈ	x a t a n n ɔ b b o ɪ
সাতাশী	x a t a x i
সাতাৱন	x a t a ɔ n
সান	x a n
সানা	x a n a
সাপ	x a p
সাবট	x a b ɔ t
সাবট	x a β ɔ t
সামৰ	x a m ɔ ɹ
সালসলনি	x a l x ɒ l ɒ n i
সাহ	x aʱ
সাহোন	x a ɦ ʊ n
সাৰ	x a ɹ
সাৰেং	x a ɹ ɛ ŋ
সাৱট	x a β ɔ t
সি	x i
সিঁচা	x i s a
সিজা	x i z a
সিজোৱা	x i z ʊ a
সিটা	x i t a
সিমান	x i m a n
সিহঁত	x i ɦ ɔ̃ t
সিহঁতৰ	x iʱ ɔ̃ t ɔ ɹ
সিৰ	x i ɹ
সীওৱা	x i ʊ a
সীয়া	x i a
সুঁতি	x ũ t i
সুণীয়া	x u n i a
সুবিধা	x u b i dʱ a
সুমথিৰা	x u m tʰ i ɹ a
সূচোৱা	x u s ʊ a
সূত	x u t
সূতা	x u t a
সূতাৰ	x u t a ɹ
সূৰুয	x u ɹ u z
সূৰ্য্য	x u i ɹ d ʑ ɒ
সেইটো	x ɛ i t ʊ
সেউজীয়া	x ɛ u z i a
সেওঁতা	x ɛ ʊ̃ t a
সেকা	x ɛ k a
সেমেকা	x ɛ m ɛ k a
সেৱা	x ɛ w a
সৈতে	x o ɪ t ɛ
সোঁ	x ʊ̃
সোঁত	x ʊ̃ t
সোঁতা	x ʊ̃ t a
সোঁফাল	x ʊ̃ pʰ a l
সোঁফালে	x ʊ̃ pʰ a l ɛ
সোণ	x ʊ n
সোণালী	x ʊ n a l i
সোণৰ	x ʊ n ɔ ɹ
সোতৰ	x ʊ t ɔ ɹ ɔ
সোধা	x ʊ dʱ a
সোনকালে	x ʊ n k a l ɛ
সোনাৰি	x ʊ n a ɹ i
সোপা	x ʊ p a
সোমবাৰ	x ʊ m b a ɹ
সোমোৱা	x ʊ m ʊ a
সোৱাদ	x ʊ a d
স্কুল	i s k u l
স্কুল	s k u l
স্বাধীনতা	s a dʱ i n ɔ t a
সৰ	x ɔ ɹ
সৰা	x ɔ ɹ a
সৰিয়হ	x ɔ ɹ i ɔʱ
সৰু	x ɔ ɹ u
হ	ɦ ɔ
হঁতে	ɦ ɔ̃ t ɛ
হঁয়কলি	ɦ ɔ̃ j k ɔ l i
হঁহা	ɦ ɔ ɦ a
হগা	ɦ ɔ ɡ a
হজম	ɦ ɔ z ɔ m
হতেন	ɦ ɔ t ɛ n
হনা	ɦ ɔ n a
হয়	ɦ ɔ j
হয়	ɦ ɔ é
হলা	ɦ ɔ l a
হলোৱা	ɦ ɔ l ʊ a
হলৌ	ɦ ɔ l o ʊ
হাঁওফাঁও	ɦ ã ʊ pʰ ã ʊ
হাঁচি	ɦ ã s i
হাঁচিওৱা	ɦ ã s i ʊ a
হাঁহ	ɦ ã ɦ
হাঁহঠুঁটীয়া	ɦ ã ɦ tʰ ũ t i a
হাংগৰ	ɦ a ŋ ɡ ɔ ɹ
হাওৰ	ɦ a ʊ ɹ
হাকিম	ɦ a k i m
হাগা	ɦ a ɡ a
হাঙৰ	ɦ a ŋ ɔ ɹ
হাজাৰ	ɦ a z a ɹ
হাজৰিকা	ɦ a z o ɹ i k a
হাট	ɦ a t
হাটী	ɦ a t i
হাড়	ɦ a ɹ
হাড়গিলা	ɦ a ɹ ɡ i l a
হাতমোজা	ɦ a t m ʊ z a
হাতী	ɦ a t i
হাতুৰী	ɦ a t u ɹ i
হাথী	ɦ a tʰ i
হাদং	ɦ a d ɔ ŋ
হানা	ɦ a n a
হাপা	ɦ a p a
হাবি	ɦ a b i
হামি	ɦ a m i
হামিওৱা	ɦ a m i ʊ a
হাল	ɦ a l
হালধি	h a l ɔ dʱ i
হালধীয়া	ɦ a l ɔ dʱ i a
হালুৱা	ɦ a l u a
হালোৱা	ɦ a l ʊ a
হাহাকাৰ	ɦ a ɦ a k a ɹ
হাৰ	ɦ a ɹ
হাৰা	ɦ a ɹ a
হাৱৰ	ɦ a ɔ ɹ
হিংসা	ɦ i ŋ kʰ a
হিংসা	ɦ i ŋ x a
হিচাপ	ɦ i s a p
হিম	ɦ i m
হিমালয়	ɦ i m a l ɔ j
হিয়া	ɦ i a
হিলৈ	ɦ i l o ɪ
হীৰা	ɦ i ɹ a
হুলস্থূল	ɦ u l ɔ s tʰ u l
হুৰুম	ɦ u ɹ u m
হুৱাদুৱা	ɦ u a d u a
হেঁচা	ɦ ẽ s a
হেঁতেন	ɦ ẽ t ɛ n
হেঁপা	ɦ ẽ p a
হেঁপাহ	ɦ ẽ p aʱ
হেংদাং	ɦ ɛ ŋ d a ŋ
হেঙাৰ	ɦ ɛ ŋ a ɹ
হেজাৰ	ɦ ɛ z a ɹ
হেপা	ɦ ɛ p a
হেৰুউৱা	ɦ ɛ ɹ u a
হেৰুউৱা	ɦ ɛ ɹ uː a
হেৰোৱা	ɦ ɛ ɹ ʊ a
হৈ	ɦ o ɪ
হোপা	ɦ ʊ p a
হোৱা	ɦ ʊ a
হৰা	ɦ ɔ ɹ a
হৰিণ	ɦ ɔ ɹ i n
হৰিণা	ɦ ɔ ɹ i n a
হৰিণাপহু	ɦ ɔ ɹ i n a p ɔ ɦ u
ৰ	ɹ ɔ
ৰং	ɹ ɔ ŋ
ৰখা	ɹ ɔ kʰ a
ৰঙা	ɹ ɔ ŋ a
ৰঙালাউ	ɹ ɔ ŋ a l a u
ৰঙালাও	ɹ ɔ ŋ a l a ʊ
ৰঙোৱা	ɹ ɔ ŋ ʊ a
ৰচনা	ɹ ɔ s ɔ n a
ৰছী	ɹ ɔ s i
ৰজা	ɹ ɔ z a
ৰন্ধা	ɹ ɔ n dʱ a
ৰবিবাৰ	ɹ ɔ b i b a ɹ
ৰভা	ɹ ɔ bʱ a
ৰস	ɹ ɔ x
ৰহ	ɹ ɔ ɦ
ৰহঘৰা	ɹ ɔ ɦ ɡʱ ɔ ɹ a
ৰহণ	ɹ ɔ ɦ ɔ n
ৰাং	ɹ a ŋ
ৰাংঢালী	ɹ a ŋ dʱ a l i
ৰাংপতা	ɹ a ŋ p ɔ t a
ৰাইজ	ɹ a ɪ z
ৰাজহাড়	ɹ a z ɦ a ɹ
ৰাণী	ɹ a n i
ৰাতি	ɹ a t i
ৰাতিপুৱা	ɹ a t i p u a
ৰান্ধনি	ɹ a n dʱ ɔ n i
ৰান্ধা	ɹ a n dʱ a
ৰামধেনু	ɹ a m dʱ ɛ n u
ৰিক্সা	ɹ i k s a
ৰিজোৱা	ɹ i z ʊ a
ৰিহা	ɹ i ɦ a
ৰুটি	ɹ u t i
ৰুমাল	ɹ u m a l
ৰেহা	ɹ ɛ ɦ a
ৰোক	ɹ ʊ k
ৰোকনী	ɹ ʊ k ɔ n i
ৰোকা	ɹ ʊ k a
ৰোৱা	ɹ ʊ a
ৰৌ	ɹ o ʊ
ৰ’দ	ɹ o d
ৰ’দোৱা	ɹ o d ʊ a
ৱ	w ɔ
ৱ	β ɔ
