ab	ɑ b
abad	ɑ b ɑ d
abadanlıq	ɑ b ɑ d ɑ n ɫ ɯ χ
abadlıq	ɑ b ɑ d ɫ ɯ χ
abajur	ɑ b ɑ ʒ u r
abdal	ɑ b d ɑ ɫ
abdəst	ɑ b d æ s t
abidə	ɑː b i d æ
abırsızcasına	ɑ b ɯ r s ɯ z d͡z ɑ s ɯ n ɑ
abırsızcasına	ɑ b ɯ r s ɯ z d͡ʒ ɑ s ɯ n ɑ
abş	ɑ b ʃ
ac	a d͡z
ac	ɑ d͡z
ac	ɑ d͡ʒ
ac	ɑ ʒ
aciz	ɑː d͡z i z
aciz	ɑː d͡z ɯ z
aciz	ɑː d͡ʒ i z
aciz	ɑː d͡ʒ ɯ z
aclıq	ɑ d͡z ɫ ɯ χ
aclıq	ɑ d͡ʒ ɫ ɯ χ
aclıq	ɑ ʒ d ɯ χ
aclıq	ɑ ʒ ɫ ɯ χ
acı	ɑ d͡z ɯ
acı	ɑ d͡ʒ ɯ
ad	ɑ d
ada	ɑ d ɑ
adlanmaq	ɑ d ɫ ɑ mː ɑ χ
adət	ɑː d æ t
aftafa	ɑ f t ɑ f a
afət	ɑː f æ t
ailə	ɑ i l æ
aktyor	ɑ k t y o r
aldanmaq	ɑ ɫ d ɑ n m ɑ χ
aldanmaq	ɑ ɫː ɑ n m ɑ χ
aldatmaq	ɑ ɫ d ɑ t m ɑ χ
aldatmaq	ɑ ɫː ɑ t m ɑ χ
ali	ɑː l i
alim	ɑː l i m
almaniya	ɑ ɫ m ɑ n i j ɑ
almaq	ɑ ɫ m ɑ χ
almaz	ɑ ɫ m ɑ z
alov	ɑ ɫ o v
alovlu	ɑ ɫ o v ɫ u
alqış	ɑ ɫ ɡ ɯ ʃ
alqış	ɑ ɫ ɣ ɯ ʃ
alqışlamaq	ɑ ɫ ɡ ɯ ʃ ɫ ɑ m ɑ χ
alqışlamaq	ɑ ɫ ɣ ɯ ʃ ɫ ɑ m ɑ χ
alt	ɑ ɫ t
altmış	ɑ ɫ t m ɯ ʃ
altmışıncı	ɑ l t m ɯ ʃ ɯ n d͡ʒ ɯ
altıncı	ɑ l t ɯ n d͡ʒ ɯ
altında	ɑ ɫ t ɯ n d ɑ
alver	ɑ l v e r
alınmaq	ɑ l ɯ n m ɑ χ
alınmaq	ɑ ɫ ɯ mː ɑ χ
alış	ɑ ɫ ɯ ʃ
aləm	ɑː l æ m
alət	ɑː l æ t
amal	ɑ m ɑ ɫ
amcıq	ɑ m d͡ʒ ɯ χ
amcıqgöz	ɑ m d͡ʒ ɯ ɣ ɡ œ z
amma	ɑ m b ɑ
amma	ɑ mː ɑ
ana	ɑ n ɑ
ancaq	ɑ n d͡z ɑ χ
ancaq	ɑ n d͡ʒ ɑ χ
and	ɑ n d
anlamaq	ɑ n ɫ ɑ m ɑ χ
anlayış	ɑ n ɫ ɑ j ɯ ʃ
anmaq	ɑ mː ɑ χ
anmaq	ɑ n m ɑ χ
anqırmaq	ɑ n ɡ ɯ r m ɑ χ
antigen	ɑ n t i d͡ʒ e n
aparmaq	ɑ p ɑ r m ɑ χ
ara	ɑ r ɑ
araba	ɑ r ɑ b ɑ
arabir	ɑ r ɑ b i r
aram	ɑ r ɑ m
arasında	ɑ r ɑ s ɯ n d ɑ
arayış	ɑ r ɑ j ɯ ʃ
araşdırmaq	ɑ r ɑ ʃ d ɯ r m ɑ χ
araşdırmaq	ɑ r ɑ ʃ t ɯ r m ɑ χ
ard	ɑ r d
artist	ɑ r t i s t
artmaq	ɑ r t m ɑ χ
artıq	ɑ r t ɯ χ
arvad	ɑ r v ɑ d
arxadaş	ɑ r χ ɑ d ɑ ʃ
arxaik	ɑ r χ ɑ i k
arxasında	ɑ r χ ɑ s ɯ n d ɑ
arxiv	ɑ r χ i v
arğac	ɑ r ɣ ɑ d͡z
arğac	ɑ r ɣ ɑ d͡ʒ
arıq	ɑ r ɯ ɣ
arıqlamaq	ɑ r ɯ ɣ ɫ ɑ m ɑ χ
arıquşu	ɑ r ɯ ɡ u ʃ u
asanlıq	ɑ s ɑ n ɫ ɯ χ
asanlıq	ɑ s ɑ nː ɯ χ
asqırmaq	ɑ s k ɯ r m ɑ χ
asqırmaq	ɑ s ɡ ɯ r m ɑ χ
astana	ɑ s t ɑ n a
asudə	ɑ s uː d æ
asılı	ɑ s ɯ ɫ ɯ
asılılıq	ɑ s ɯ ɫ ɯ ɫ ɯ χ
ata	ɑ t ɑ
atelye	ɑ t e l j e
atlanmaq	ɑ t ɫ ɑ n m ɑ χ
atlanmaq	ɑ tː ɑ mː ɑ χ
atmaq	ɑ t m ɑ χ
atqı	ɑ t ɡ ɯ
atım	ɑ t ɯ m
auditoriya	ɑ u d i t o r i j ɑ
avam	ɑ v ɑ m
avarçı	ɑ v ɑ r t͡s ɯ
avarçı	ɑ v ɑ r t͡ʃ ɯ
avarçəkən	ɑ v ɑ r t͡s æ t͡ʃ æ n
avarçəkən	ɑ v ɑ r t͡ʃ æ k æ n
avqust	ɑ v ɡ u s t
avro	ɑ v r o
avtomatik	a f t o m a t i k
avtoqraf	ɑ f t o ɡ r a f
avtoş	ɑ f t o ʃ
axmaq	ɑ χ m ɑ χ
axsamaq	ɑ χ s ɑ m ɑ χ
axtarmaq	ɑ χ t ɑ r m ɑ χ
axtarış	ɑ χ t ɑ r ɯ ʃ
axır	ɑ χ ɯ r
axşam	a χ ʃ a m
ayaq	ɑ j ɑ χ
ayaqqabı	ɑ j ɑ kː ɑ b ɯ
ayaqqabı	ɑ j ɑ χ k ɑ b ɯ
ayaqyalın	ɑ j ɑ ɣ j ɑ ɫ ɯ n
ayaqyolu	ɑ j ɑ ɣ j o l u
ayaz	ɑ j ɑ z
aydın	ɑ j d ɯ n
aydınlıq	ɑ j d ɯ n ɫ ɯ χ
ayin	ɑː j i n
aylanmaq	ɑ j ɫ ɑ mː ɑ χ
aylanmaq	ɑ j ɫ ɑ n m ɑ χ
aylıq	ɑ j ɫ ɯ χ
ayran	ɑ j r ɑ n
ayılmaq	ɑ j ɯ ɫ m ɑ χ
ayıq	ɑ j ɯ χ
ayıqlıq	ɑ j ɯ ɣ ɫ ɯ χ
ayırmaq	ɑ j ɯ r m ɑ χ
az	ɑ z
azad	ɑ z ɑ d
azadlıq	ɑ z ɑ d ɫ ɯ χ
azalmaq	ɑ z ɑ ɫ m ɑ χ
azlıq	ɑ z d ɯ χ
azlıq	ɑ z ɫ ɯ χ
azmaq	ɑ z m ɑ χ
azyaşlı	ɑ z j ɑ ʃ ɫ ɯ
azərbaycan	ɑː z æ r b ɑ j d͡z ɑ n
azərbaycan	ɑː z æ ɾ b ɑ j d͡ʒ ɑ n
açar	h ɑ t͡s ɑ r
açar	ɑ t͡s ɑ r
açar	ɑ t͡ʃ ɑ r
açmaq	ɑ t͡s m ɑ χ
açmaq	ɑ t͡ʃ m ɑ χ
açmaq	ɑ ʃ m ɑ χ
açılmaq	ɑ t͡s ɯ ɫ m ɑ χ
açılmaq	ɑ t͡ʃ ɯ ɫ m ɑ χ
açılış	ɑ t͡s ɯ l ɯ ʃ
açılış	ɑ t͡ʃ ɯ l ɯ ʃ
açıq	ɑ t͡s ɯ χ
açıq	ɑ t͡ʃ ɯ χ
açıqca	ɑ t͡s ɯ ɣ d͡z ɑ
açıqca	ɑ t͡ʃ ɯ ɣ d͡ʒ ɑ
açıqça	ɑ t͡ʃ ɯ ɣ d͡ʒ ɑ
açıqça	ɑ t͡ʃ ɯ χ t͡ʃ ɑ
ağac	ɑ ɣ ɑ d͡z
ağac	ɑ ɣ ɑ d͡ʒ
ağac	ɑ ɣ ɑ ʃ
ağacdələn	ɑ ɣ ɑ d ʒ d æ l æ n
ağartı	ɑ ɣ ɑ r t ɯ
ağlabatmaz	ɑ ɣ ɫ ɑ b a ɯ t m ɑ z
ağlamaq	ɑ ɣ ɫ ɑ m ɑ χ
ağlamaq	ɑː ɫ ɑ m ɑ χ
ağlasığmaz	ɑ ɣ ɫ a s ɯ ɣ m ɑ z
ağqoval	ɑ ɣ ɡ o v ɑ ɫ
ağrı	ɑ ɣ r ɯ
ağrımaq	ɑ ɣ r ɯ m ɑ χ
ağrısız	ɑ ɣ r ɯ s ɯ z
ağzıbütöv	ɑ ɣ z ɯ b y t œ v
ağzıbütöv	ɑ ɣ z ɯ p y t œ v
ağı	ɑ ɣ ɯ
ağıllı	ɑ ɣ ɯ ɫː ɯ
ağır	ɑ ɣ ɯ r
ağız	ɑ ɣ ɯ z
aş	ɑ ʃ
aşağı	ɑ ʃ ɑ ɣ ɯ
aşpaz	ɑ ʃ p ɑ z
aşı	ɑ ʃ ɯ
aşılamaq	ɑ ʃ ɯ ɫ ɑ m ɑ χ
baba	b ɑ b ɑ
bacanaq	b ɑ d͡z ɑ n ɑ χ
bacanaq	b ɑ d͡ʒ ɑ n ɑ χ
bacanaq	b ɑ ʒ ɑ n ɑ χ
bacarmaq	b ɑ d͡z ɑ r m ɑ χ
bacarmaq	b ɑ d͡ʒ ɑ r m ɑ χ
bacı	b ɑ d͡z ɯ
bacı	b ɑ d͡ʒ ɯ
bacı	b ɑ ʒ ɯ
badımcan	b ɑ d ɯ m d͡z ɑ n
badımcan	b ɑ d ɯ m d͡ʒ ɑ n
baha	b ɑ h ɑ
bahadır	b ɑ h ɑ d ɯ r
bahalı	b ɑ h ɑ ɫ ɯ
bahar	b ɑ h ɑ r
bal	b ɑ ɫ
bala	b ɑ ɫ ɑ
balaban	b ɑ ɫ ɑ b ɑ n
balaca	b ɑ ɫ ɑ d͡z ɑ
balaca	b ɑ ɫ ɑ d͡ʒ ɑ
balalayka	b ɑ ɫ ɑ ɫ ɑ j k ɑ
baldız	b ɑ ɫ d ɯ z
baltalamaq	b ɑ l t ɑ l ɑ m ɑ χ
balı	b ɑː ɫ ɯ
balıqçı	b ɑ l ɯ χ t͡s ɯ
balıqçı	b ɑ l ɯ χ t͡ʃ ɯ
balış	b ɑ ɫ ɯ ʃ
balışüzü	b ɑ ɫ ɯ ʃ y z y
bandaj	b ɑ n d ɑ ʒ
bani	b ɑː n i
barmaq	b ɑ r m ɑ χ
barmaqlamaq	b ɑ r m ɑ ɣ l ɑ m ɑ χ
barmaqlıq	b ɑ r m ɑ ɣ ɫ ɯ χ
barı	b ɑ r ɯ
barışmaq	b ɑ r ɯ ʃ m ɑ χ
barədə	b ɑː r æ d æ
basdırmaq	b ɑ s d ɯ r m ɑ χ
basmaq	b ɑ s m ɑ χ
basılmaz	b ɑ s ɯ ɫ m ɑ z
bataq	b ɑ t ɑ χ
baxmaq	b ɑ χ m ɑ χ
baxmayaraq	b ɑ χ m ɑ j ɑ r ɑ χ
baxmayaraq	b ɑ χ m ɯ j ɑ r ɑ χ
baxtalamaq	b ɑ χ d ɑ ɫ ɑ m ɑ ɣ
bayaq	b ɑ j ɑ χ
bayquş	b e j ɣ u ʃ
bayquş	b ɑ j ɡ u ʃ
bayraq	b ɑ j r ɑ χ
bazarlıq	b ɑ z ɑ r ɫ ɯ χ
bazarlıq	b ɑ z ɑ rː ɯ χ
bazlıq	b ɑ z d ɯ χ
bazlıq	b ɑ z ɫ ɯ χ
bağ	b ɑ ɣ
bağana	b ɑ ɣ ɑ n ɑ
bağban	b ɑː b ɑ n
bağlamaq	b ɑ ɣ ɫ ɑ m ɑ χ
bağlı	b ɑ ɣ l ɯ
bağır	b ɑ ɣ ɯ r
bağırmaq	b ɑ ɣ ɯ r m ɑ χ
bağırsaq	b ɑ ɣ ɯ r s ɑ χ
bağışlamaq	b ɑ ɣ ɯ ʃ t ɑ m ɑ χ
bağışlamaq	b ɑ ɣ ɯ ʃ ɫ ɑ m ɑ χ
baş	b ɑ ʃ
başdaşı	b ɑ ʃ d ɑ ʃ ɯ
başlamaq	b ɑ ʃ t ɑ m ɑ χ
başlamaq	b ɑ ʃ ɫ ɑ m ɑ χ
başlanğıc	b ɑ ʃ t ɑ n ɣ ɯ d͡z
başlanğıc	b ɑ ʃ t ɑ n ɣ ɯ d͡ʒ
başlanğıc	b ɑ ʃ ɫ ɑ n ɣ ɯ d͡z
başlanğıc	b ɑ ʃ ɫ ɑ n ɣ ɯ d͡ʒ
başqa	b ɑ ʃ k ɑ
başqa	b ɑ ʃ ɡ ɑ
başsağlığı	b ɑ ʃ s ɑ ɣ ɫ ɯ ɣ ɯ
başçı	b ɑ ʃ t͡s ɯ
başçı	b ɑ ʃ t͡ʃ ɯ
beh	b e j
belibağlı	b e l i b ɑ ɣ ɫ ɯ
belə	b e l æ
benzin	b e n z i n
beyin	b e i n
beyin	b e j i n
beynəlxalq	b e j n æ l χ ɑ l ɡ
beynəlxalq	b e j n æ l χ ɑ l χ
beynəlxalq	b e j n ɑ ɫ χ ɑ l ɡ
beynəlxalq	b e j n ɑ ɫ χ ɑ l χ
bezmək	b e z m æ j
bezmək	b e z m æ k
beşbarmaq	b e ʃ b ɑ r m ɑ χ
beşik	b e ʃ i j
beşik	b e ʃ i k
beşik	b e ʃ i ç
beşinci	b e ʃ i n d͡ʒ i
bibi	b i b i
bibər	b i b æ ɾ
bilgi	b i l ɡ i
bilik	b i l i j
bilik	b i l i k
bilik	b i l i ç
bilmək	b i l m e j
bilmək	b i l m æ j
bilmək	b i l m æ k
bilmək	b i l m ɑ χ
bilmək	b y l m ɑ χ
bioloji	b i o l o ʒ ɯ
biqeyrət	b i ɡ e j r æ t
bir	b i r
biraz	b i r ɑ z
birgə	b i r ɡ æ
birinci	b i r i m d͡z i
birinci	b i r i n d͡z i
birinci	b i r i n d͡ʒ i
birlikdə	b i r l i k d æ
birlikdə	b i r l i k t æ
birləşdirmək	b i r l æ ʃ d i r m æ j
birləşdirmək	b i rː æ ʃ d i r m æ j
birləşmək	b i r l æ ʃ m æ j
birləşmək	b i rː æ ʃ m æ j
bit	b i t
bitirmək	b i t i r m æ j
bitirmək	b i t i r m æ k
bitirmək	b i t i r m æ t͡ʃ
bitişik	b i t i ʃ i k
bitmək	b i t m e j
bitmək	b i t m æ j
bitmək	b i t m æ k
bitmək	b i t m ɑ χ
biyabanlıq	b i j ɑ b ɑ n ɫ ɯ χ
biyabanlıq	b i j ɑ b ɑ nː ɯ χ
biyabanlıq	b i j ɑ v ɑ nː ɯ χ
biçin	b i t͡s i n
biçin	b i t͡ʃ i n
bişirmək	b i ʃ i r m æ k
bişirmək	p i ʃ i r m e j
bişirmək	p i ʃ i r m æ k
bişirmək	p i ʃ i r m ɑ χ
bişmək	b i ʃ m æ k
bişmək	p i ʃ m e j
bişmək	p i ʃ m æ k
bişmək	p i ʃ m ɑ χ
bişərəf	b i ʃ æ r æ f
bolluq	b o ɫː u χ
boran	b o r r ɑ n
borc	b o r d͡z
borc	b o r d͡ʒ
boru	b o r u
boyalamaq	b o j ɑ ɫ ɑ m ɑ χ
boyamaq	b o j ɑ m ɑ χ
boyaqotu	b o j ɑ ɣ o t u
boyun	b o j u n
boyunduruq	b o j u n d u r u χ
bozbaş	b o z b ɑ ʃ
boğaz	b o ɣ ɑ z
boğmaq	b o ɣ m ɑ χ
boğulmaq	b o ɣ u ɫ m ɑ χ
boş	b o ʃ
boşalmaq	b o ʃ ɑ ɫ m ɑ χ
boşanmaq	b o ʃ ɑ mː ɑ χ
boşqab	b o ʃ ɡ ɑ b
bucaq	b u d͡z ɑ χ
bucaq	b u d͡ʒ ɑ χ
budaq	b u d ɑ χ
bugün	b u ɡ y n
bugün	b y j y n
bugün	b y ɡ y n
bulanlıq	b u ɫ ɑ n ɫ ɯ χ
bulanlıq	b u ɫ ɑ nː ɯ χ
bulanıq	b u l ɑ n ɯ χ
bulmaq	b u ɫ m ɑ χ
burada	b u r ɑ d ɑ
buradan	b u r d ɑ n
buradan	b u r ɑ d ɑ n
buraxmaq	b u r ɑ χ m ɑ χ
burda	b u ɾ d ɑ
burmaq	b u r m ɑ χ
burun	b u r u n
burğac	b u r ɣ ɑ d͡z
burğac	b u r ɣ ɑ d͡ʒ
butulka	b u t ɯ ɫ k a
butulka	p u t u l k a
butulka	p u t ɯ l k a
buynuz	b u j n u z
buyurmaq	b u j u r m ɑ χ
buzov	b u z o v
buğur	b u ɣ u r
buğur	b ɯ ɣ ɯ r
böhran	b œ h r ɑ n
böyük	b œ j y j
böyük	b œ j y k
böyük	b œ j y t͡ʃ
böyük	b œ j y ç
böyümək	b œ j y m æ j
böyümək	b œ j y m æ k
böyürtkən	b œ j y ɾ t k æ n
böyütmək	b œ j y t m æ k
bükmək	b y h m ɑ χ
bükmək	b y k m æ j
bükmək	b y k m æ k
bükmək	b y t͡ʃ m æ t͡ʃ
bükmək	b y ç m ɑ χ
bülbül	b y l b y l
bıçaq	b ɯ t͡ʃ ɑ χ
bıçaq	p t͡s ɑ χ
bıçaq	p t͡ʃ ɑ χ
bıçaq	p ɯ t͡s ɑ χ
bıçaq	p ɯ t͡ʃ ɑ χ
bədbin	b æ d b i n
bədən	b æ d æ n
bəla	b æ ɫ ɑ
bəlağət	b æ ɫ ɑː ɣ æ t
bəlağətli	b æ ɫ ɑː ɣ æ t l i
bəlağətli	b æ ɫ ɑː ɣ æ tː i
bəlkə	b æ l k æ
bəlkə	b æ l k æ m
bəlkə	b æ r k æ
bənna	b æ nː ɑ
bənzər	b æ n z æ r
bənövşə	b æ n œ v ʃ æ
bənövşəyi	b æ n œ v ʃ æ j i
bənək	b æ n æ j
bənək	b æ n æ ç
bərabər	b æ r ɑː b æ r
bərbər	b æ r b æ ɾ
bərk	b æ r k
bərkdən	b æ r k d æ n
bərkdən	b æ r k t æ n
bərpa	b æ r p ɑ
bəsləmək	b æ s l æ m æ k
bəsləmək	b æ s t æ m æ j
bəsləmək	b æ s t æ m æ k
bəxt	b æ χ t
bəxtəvər	b æ χ t æ v æ r
bəz	b æ z
bəzi	b æ z i
bəzən	b æː z æ n
calamaq	d͡z ɑ ɫ ɑ m ɑ χ
calamaq	d͡ʒ ɑ ɫ ɑ m ɑ χ
camaat	d͡z ɑ m ɑ h ɑ t
camaat	d͡z ɑ m ɑ ɑ t
camaat	d͡ʒ ɑ m ɑ h ɑ t
camaat	d͡ʒ ɑ m ɑ ɑ t
can	d͡z ɑ n
can	d͡ʒ ɑ n
casus	d͡z ɑː s u s
casus	d͡ʒ ɑː s u s
cavab	d͡z ɑ v ɑ b
cavab	d͡ʒ ɑ v ɑ b
cavablandırmaq	d͡z ɑ v ɑ b ɫ ɑ n d ɯ r m ɑ χ
cavablandırmaq	d͡ʒ ɑ v ɑ b ɫ ɑ n d ɯ r m ɑ χ
cavan	d͡z ɑ v ɑ n
cavan	d͡ʒ ɑ v ɑ n
cavanlıq	d͡z ɑ v ɑ n ɫ ɯ χ
cavanlıq	d͡z ɑ v ɑ nː ɯ χ
cavanlıq	d͡ʒ ɑ v ɑ n ɫ ɯ χ
cavanlıq	d͡ʒ ɑ v ɑ nː ɯ χ
cib	d͡z i b
cib	d͡ʒ i b
cinsi	d͡z i n s i
cinsi	d͡ʒ i n s i
cücə	d͡z y d͡z æ
cücə	d͡ʒ y d͡ʒ æ
cümhuriyyət	d͡z y m h uː r i j æ t
cümhuriyyət	d͡ʒ y m h uː r i j æ t
cümlə	d͡z y m l æ
cümlə	d͡ʒ y m l æ
cüt	d͡z y t
cüt	d͡ʒ y t
cütlük	d͡z y t l y k
cütlük	d͡ʒ y t l y k
cütçü	d͡z y t t͡s y
cütçü	d͡ʒ y t t͡ʃ y
cütçülük	d͡z y t t͡s y l y k
cütçülük	d͡ʒ y t t͡ʃ y l y k
cındır	d͡z ɯ n d ɯ r
cındır	d͡ʒ ɯ n d ɯ r
cırmaq	d͡z ɯ r m ɑ χ
cırmaq	d͡ʒ ɯ r m ɑ χ
cırıq	d͡z ɯ r ɯ χ
cırıq	d͡ʒ ɯ r ɯ χ
cığal	d͡ʒ ɯ ɣ ɑ ɫ
cəbhəçi	d͡z æ p h æ t͡s i
cəbhəçi	d͡ʒ æ p h æ t͡ʃ i
cəm	d͡z æ m
cəm	d͡ʒ æ m
cəmiyyət	d͡z æ m i j æ t
cəmiyyət	d͡ʒ æ m i j æ t
cərimə	d͡z æ r i m æ
cərimə	d͡ʒ æ r i m æ
cəsarət	d͡z æ s ɑː r æ t
cəsarət	d͡ʒ æ s ɑː r æ t
cəvabən	d͡z æ v ɑː b æ n
cəvabən	d͡ʒ æ v ɑː b æ n
cəvabən	d͡ʒ ɑ v ɑː b æ n
cəza	d͡z æ z ɑ
cəza	d͡ʒ æ z ɑ
cəzalandırmaq	d͡z æ z ɑ ɫ ɑ n d ɯ r m ɑ χ
cəzalandırmaq	d͡ʒ æ z ɑ ɫ ɑ n d ɯ r m ɑ χ
cəzalandırıcı	d͡z æ z ɑ ɫ ɑ n d ɯ r ɯ d͡z ɯ
cəzalandırıcı	d͡ʒ æ z ɑ ɫ ɑ n d ɯ r ɯ d͡ʒ ɯ
cəzalanmaq	d͡z æ z ɑ ɫ ɑ n m ɑ χ
cəzalanmaq	d͡ʒ æ z ɑ ɫ ɑ n m ɑ χ
dad	d ɑ d
dad	d ɑː d
dadı	d ɑ d ɯ
daha	d ɑ h ɑ
daim	d ɑ i m
dal	d ɑ ɫ
dala	d ɑ ɫ
dalaq	d ɑ ɫ ɑ χ
dalbadal	d ɑ ɫ b ɑ d ɑ ɫ
daldırmaq	d ɑ ɫ d ɯ r m ɑ χ
dalmaq	d ɑ ɫ m ɑ χ
dalğa	d ɑ ɫ ɣ ɑ
damar	d ɑ m ɑ r
damcı	d ɑ m d͡z ɯ
damcı	d ɑ m d͡ʒ ɯ
damla	d ɑ m ɫ ɑ
dan	d ɑ n
danimarkalı	d ɑ n i m ɑ r k ɑ ɫ ɯ
danmaq	d ɑ mː ɑ χ
danmaq	d ɑ n m ɑ χ
danna	d ɑ nː ɑ
danışdırmaq	d ɑ n ɯ ʃ d ɯ r
danışmaq	d a n ɯ ʃ m ɑ χ
danışıq	d ɑ n ɯ ʃ ɯ χ
dar	d ɑ r
daramaq	d ɑ r ɑ m ɑ χ
daraq	d ɑ r ɑ χ
dartmaq	d ɑ r t m ɑ χ
darvaza	d ɑ r v ɑ z ɑ
darılmaq	d ɑ r ɯ ɫ m ɑ χ
dava	d ɑː v ɑ
davamçı	d ɑ v ɑ m t͡s ɯ
davamçı	d ɑ v ɑ m t͡ʃ ɯ
davar	d ɑ v ɑ r
daxil	d ɑː χ i l
daxili	d ɑː χ i l i
day	d ɑ j
dayamaq	d a j ɑ m ɑ χ
dayanacaq	d ɑ j ɑ n ɑ d͡ʒ ɑ χ
dayandırmaq	d ɑ j ɑ n d ɯ r m ɑ χ
dayanmaq	d a j ɑ mː ɑ χ
dayanmaq	d a j ɑ n m ɑ χ
dayça	d ɑ j t͡s ɑ
dayça	d ɑ j t͡ʃ ɑ
dayı	d ɑ j ɯ
daz	d ɑ z
dağılmaq	d ɑ ɣ ɯ ɫ m ɑ χ
dağılmaq	d ɑː ɫ m ɑ χ
dağıntı	d ɑ ɣ ɯ n t ɯ
daş	d ɑ ʃ
daşımaq	d ɑ ʃ ɯ m ɑ χ
deaktivləşdirmək	d e ɑ k t i v l æ ʃ t i r m æ k
demək	d e m æ k
devirmək	d e v i r m æ j
devirmək	d e v i r m æ k
deyəsən	d e j æ s æ n
deyəsən	d i j æ s æ n
deşik	d e ʃ i j
deşik	d e ʃ i ç
dik	d i t͡ʃ
dikbaş	d i k b ɑ ʃ
dikbaş	d i t͡ʃ b ɑ ʃ
dikmək	d i k m æ j
dikmək	d i t͡ʃ m æ ç
diktor	d i k t o r
dil	d i l
dilim	d i l i m
dilimi	d i l i m i
dilmanc	d i l m ɑ n d͡z
dilmanc	d i l m ɑ n d͡ʒ
dilçi	d i l t͡s i
dilçi	d i l t͡ʃ i
dilçilik	d i l t͡s i l i j
dilçilik	d i l t͡s i l i k
dilçilik	d i l t͡ʃ i l i j
dilçilik	d i l t͡ʃ i l i k
dilənmək	d i l æ mː æ j
dilənmək	d i l æ mː æ k
dilənmək	d i l æ n m æ j
dilənmək	d i l æ n m æ k
dincəlmək	d i n d͡z æ l m æ j
dincəlmək	d i n d͡z æ l m æ k
dincəlmək	d i n d͡ʒ æ l m æ j
dincəlmək	d i n d͡ʒ æ l m æ k
dindirmə	d i n d i r m æ
dinləmək	d i n l æ m e j
dinləmək	d i n l æ m æ j
dinləmək	d i n l æ m æ k
dinləmək	d i n l æ m ɑ χ
dirçəliş	d i r t͡s æ l i ʃ
dirçəliş	d i r t͡ʃ æ l i ʃ
diskriminasiya	d i s k r i m i n ɑ s i j a
diş	d i ʃ
dişləmək	d i ʃ t æ m æ j
dişləmək	d i ʃ t æ m æ k
dişləmək	d i ʃ t æ m ɑ χ
dnt	d e e n t e
dolab	d o ɫ ɑ b
dolamac	d o ɫ ɑ m ɑ d͡z
doldurmaq	d o ɫ d u r m ɑ χ
dolma	d o ɫ m ɑ
dolmaq	d o ɫ m ɑ χ
dolu	d o ɫ u
dolğun	d o ɫ ɣ u n
dondurma	d o n d u r m ɑ
dondurmaq	d o n d u r m ɑ χ
donmaq	d o mː ɑ χ
donmaq	d o n m ɑ χ
donuz	d o n u z
doqquz	d o kː u z
doqquzuncu	d o ɡ ɡ u z u n d͡ʒ u
dost	d o s t
dostluq	d o s t ɫ u χ
dostluq	d o s tː u χ
doxsanıncı	d o x s ɑ n ɯ n d͡ʒ ɯ
doğmaq	d o ɣ m ɑ χ
doğramaq	d o ɣ r ɑ m ɑ χ
doğrudan	d o ɣ r u d ɑ n
doğrudan	d o ɣ u r d ɑ n
doğulmaq	d o ɣ u ɫ m ɑ χ
dua	d u ɑ
duman	d u m ɑ n
durmaq	d u r m ɑ χ
durna	d u r n ɑ
dustaq	d u s t ɑ χ
dux	d u χ
duymaq	d u j m ɑ χ
duyğu	d u j ɣ u
dönmək	d œ mː æ j
dönmək	d œ mː æ k
dönmək	d œ n m æ j
dönmək	d œ n m æ k
dönər	d œ n æ r
dönərxana	d œ n æ r χ ɑ n ɑ
dörd	d œ r d
dövlət	d e v l æ t
dövlət	d œ v l æ t
dövr	d œ v r
döymək	d œ j m æ j
döymək	d œ j m æ k
döymək	d œ j m ɑ χ
döymək	d œ ɡ m e j
döymək	d œ ɡ m æ k
döyüş	d œ j y ʃ
dözmək	d œ z m æ j
dözmək	d œ z m æ k
dözülməz	d œ z y l m æ z
dözüm	d œ z y m
dözümlü	d œ z y m l y
dözümlülük	d œ z y m l y l y j
dözümlülük	d œ z y m l y l y k
dözümsüz	d œ z y m s y z
dözümsüzlük	d œ z y m s y z l y j
dözümsüzlük	d œ z y m s y z l y k
döşək	d œ ʃ æ j
döşək	d œ ʃ æ k
döşəkağı	d œ ʃ æ j ɑ ɣ ɯ
dükan	d y k a n
dükan	d y t͡ʃ a n
dükan	t y k a n
dükan	t y t͡ʃ a n
dülgər	d y l ɡ æ r
dünyəvi	d y n j æː v i
dünən	d y n æ n
dürüst	d y r y s t
düyü	d y j y
düyə	d y j ɑ
düz	d y z
düzbucaqlı	d y z b u d͡z ɑ ɣ ɫ ɯ
düzbucaqlı	d y z b u d͡ʒ ɑ ɣ ɫ ɯ
düzgün	d y z ɡ y n
düzəlmək	d y z æ l m e j
düzəlmək	d y z æ l m æ j
düzəlmək	d y z æ l m æ k
düzəlmək	d y z æ l m ɑ χ
düzəltmək	d y z æ l t m e j
düzəltmək	d y z æ l t m æ j
düzəltmək	d y z æ l t m æ k
düzəltmək	d y z æ t m ɑ χ
düzən	d y z æ n
düş	d y ʃ
düş	t y ʃ
düşman	d y ʃ m ɑː n
düşmək	d y ʃ m æ k
düşmək	t y ʃ m æ k
düşmənçilik	d y ʃ m æ n t͡s i l i t͡ʃ
düşmənçilik	d y ʃ m æ n t͡ʃ i l i j
düşmənçilik	d y ʃ m æ n t͡ʃ i l i k
düşmənçilik	d y ʃ m æ n t͡ʃ i l i ç
düşünmək	d y ʃ y mː æ j
düşünmək	d y ʃ y mː ɑ χ
dırmıq	d ɯ r m ɯ χ
dırnaq	d ɯ r n ɑ χ
dığa	d ɯ ɣ ɑ
dışarı	d ɯ ʃ ɑ r ɯ
dədə	d æ d æ
dəfnə	d æ f n æ
dəftər	d æ f t æ r
dəfə	d æ f æ
dəli	d æ l i
dəlixana	d æ l i χ ɑ n ɑ
dəmiryol	d æ m i r j o ɫ
dəmirçi	d æ m i r t͡s i
dəmirçi	d æ m i r t͡ʃ i
dənizçilik	d æ n i z t͡s i l i ç
dənizçilik	d æ n i z t͡ʃ i l i k
dənə	d æ n æ
dəqiq	d æ ɡ i ɡ
dəqiqə	d æ ɡ i ɡ æ
dəqiqə	d æ ɡ iː ɡ æ
dəqiqə	d æː ɡ æ
dəqiqə	d ɑ ɣ ɑ
dərd	d æ r d
dərhal	d æ r h ɑ ɫ
dəri	d æ r i
dərin	d æ r i n
dərinlik	d æ r i n l i j
dərman	d æ r m ɑ n
dərs	d æ r s
dərzi	d æ r z i
dəstək	d æ s t æ j
dəstək	d æ s t æ ç
dəstəkləmək	d æ s t æ j l æ m æ k
dəstəkləmək	d æ s t æ k l æ m æ k
dəstəmaz	d æ s t æ m ɑ z
dəyirman	d æ j i r m ɑ n
dəyişdirmək	d æ j i ʃ d i r m æ j
dəyişdirmək	d æ j i ʃ d i r m æ k
dəyişdirmək	d æ j i ʃ t i r m æ j
dəyişdirmək	d æ j i ʃ t i r m æ k
dəyişkən	u n u t k ɑ n
dəyişmək	d æ j i ʃ m æ j
dəyişmək	d æ j i ʃ m æ k
dəymək	d æ j m æ j
dəymək	d æ j m æ k
dəymək	d æ j m ɑ χ
dəyməz	d æ j m æ z
dəyə	d æ j æ
dəyər	d æ j æ r
ecgahan	e j d͡z ɑ h ɑ n
ecgahan	e j d͡z ɑː n
ecgahan	e j d͡ʒ ɑ h ɑ n
ecgahan	e j d͡ʒ ɑː n
ecgahan	e ʒ ɡ æ h i n
ecgahan	æ d͡z d͡ʒ ɑ h ɑ n
ecgahan	æ ʒ ɡ e j i n
edam	eː d a m
ehtiyatla	e h t i j ɑ t ɫ ɑ
elita	e l i t ɑ
elitar	e l i t ɑ r
elxan	e l χ ɑ n
elçilik	e l t͡s i l i t͡ʃ
elçilik	e l t͡ʃ i l i k
elçilik	e l t͡ʃ i l i ç
elə	e l æ
eləmək	e l æ m æ k
en	e n
endirmə	e n d i r m æ
endirmək	e n d i r m æ j
endirmək	e n d i r m æ k
enmək	e mː æ k
enmək	e n m æ j
enmək	e n m æ k
epidemiologiya	e p i d e m i o ɫ o ɡ i j ɑ
epidemioloji	e p i d e m i o l o ʒ ɯ
epidemiya	e p i d e m i j ɑ
ertə	e r t æ
ertələmə	e r t æ l æ m æ
etdirmək	e t d i r m æ j
etdirmək	e t d i r m æ k
etdirmək	e tː i r m æ j
etdirmək	e tː i r m æ k
etimoloji	e t i m o l o ʒ ɯ
etiraf	eː t i r ɑ f
etiraz	eː t i r ɑ z
etmək	e t m æ j
etmək	e t m æ k
ev	e v
evcik	e v d͡z i t͡ʃ
evcik	e v d͡ʒ i j
evcik	e v d͡ʒ i k
evlənmək	e v l æ mː æ j
evlənmək	e v l æ mː æ k
eybəcər	e j b æ d͡z æ r
eybəcər	e j b æ d͡ʒ æ r
eyib	e j i b
eyib	æ j i b
eyib	æ ɡ i b
eyib	ɑ j ɯ b
eyləmək	e j l æ m æ k
eyləmək	e j l æ m ɑ χ
eynək	e j n æ j
eynək	e j n æ k
eynək	e j n æ ç
eşitmək	e ʃ i t m æ j
eşitmək	e ʃ i t m æ k
fabrik	f ɑ b r i k
fahişə	f ɑ h i ʃ æ
fahişəlik	f ɑ h i ʃ æ l i k
fahişəxana	f ɑ h i ʃ æ χ ɑ n ɑ
fani	f ɑː n i
fars	f ɑ r s
ferma	f e r m ɑ
fikirləşmək	f i k i r l æ ʃ m æ j
fikirləşmək	f i k i rː æ ʃ m æ j
film	f i l m
firuzə	f i r z uː z æ
fit	f i t
fonoloji	f o n o l o ʒ ɯ
futbolçu	f u t b o ɫ t ʃ u
fövqəladə	f œ v ɡ ɑ ɫ ɑ d ɑ
fındıq	f ɯ n d ɯ χ
fındıqqıran	f ɯ n d ɯ ɣ ɡ ɯ r ɑ n
fırtına	f ɯ ɾ t ɯ n ɑ
fəaliyyət	f æ ɑ l i j æ t
fəhlə	f æ h l æ
fəlsəfə	f æ l s æ f æ
fərli	f æ r l i
fərli	f æ rː i
fərq	f æ r ɡ
fərqlənmək	f æ r ɡ l æ mː æ j
fərqlənmək	f æ r ɡ l æ mː æ k
fəsil	f æ s i l
fətəli	f æ t æ l i
gec	ɡ e d͡ʒ æ
gecə	d͡ʒ e d͡z æ
gecə	ɡ e d͡ʒ æ
gecəqondu	d͡ʒ e d͡z æ ɡ o n d u
gecəqondu	ɡ e d͡ʒ æ ɡ o n d u
geniş	d͡ʒ e n i ʃ
geniş	ɡ e n i ʃ
geri	ɡ e r i
getmək	d͡ʒ e t m ɑ χ
getmək	ɡ e t m æ j
getmək	ɡ e t m æ k
geydirmə	ɡ e j d i r m æ
geyim	d͡ʒ e j i m
geyim	ɡ e j i m
geyinmək	ɡ e j i n m æ j
geyinmək	ɡ e j i n m æ k
geymək	ɡ e j m æ j
geymək	ɡ e j m æ k
gic	ɡ i d͡z
gic	ɡ i d͡ʒ
gicdıllaq	ɡ i ʒ d ɯ ɫː ɑ χ
giriş	ɡ i r i ʃ
girmək	d͡ʒ i r m ɑ χ
gizləmək	ɡ i z d æ m æ k
gizləmək	ɡ i z l æ m æ k
gizlənmək	ɡ i z d æ n m æ j
gizlənmək	ɡ i z d æ n m æ k
gizlənmək	ɡ i z l æ n m æ j
gizlənmək	ɡ i z l æ n m æ k
gizlənpaç	ɡ i z d æ n p ɑ t͡ʃ
gizlənpaç	ɡ i z l æ n p ɑ t͡ʃ
gizlətmək	ɡ i z d æ t m æ j
gizlətmək	ɡ i z d æ t m æ k
gizlətmək	ɡ i z l æ t m æ j
gizlətmək	ɡ i z l æ t m æ k
gurluq	ɡ u r ɫ u χ
gurluq	ɡ u rː u χ
göbələk	ɡ œ b æ l æ j
göbələk	ɡ œ b æ l æ k
göl	d͡ʒ œ l
göl	ɡ œ l
gömmək	ɡ œ mː æ j
gömmək	ɡ œ mː æ k
göndərmək	d͡ʒ œ n d æ r m ɑ χ
göndərmək	ɡ œ n d æ r m æ j
göndərmək	ɡ œ n d æ r m æ k
görmək	d͡ʒ œ r m ɑ χ
görmək	ɡ œ r m æ j
görmək	ɡ œ r m æ k
görünmək	d͡ʒ œ r y n m æ t͡ʃ
görünmək	ɡ œ r y n m æ j
görünmək	ɡ œ r y n m æ k
görüş	ɡ œ r y ʃ
görüşmək	ɡ œ r y ʃ m æ j
görüşmək	ɡ œ r y ʃ m æ k
görə	d͡ʒ œ r æ
görə	ɡ œ r æ
görəsən	d͡ʒ œ r æ s æ n
görəsən	ɡ œ r æ s æ n
göstəriş	ɡ œ s t æ r i ʃ
göstərmək	ɡ œ s t æ r m æ j
göstərmək	ɡ œ s t æ r m æ k
göstərmək	ɡ œ s t æ r m ɑ χ
göt	ɡ œ t
götvərən	ɡ œ t v æ r æ n
götvərənlik	ɡ œ t v æ r æ n l i j
götvərənlik	ɡ œ t v æ r æ n l i k
götürmək	ɡ œ t y r m æ j
götürmək	ɡ œ t y r m æ k
gövdə	ɡ œ v d æ
göy	d͡ʒ œ j
göy	ɡ œ j
göydələn	ɡ œ j d æ l æ n
gözləmək	d͡ʒ œ z l æ m ɑ χ
gözləmək	ɡ œ z d æ m e j
gözləmək	ɡ œ z d æ m æ k
gözləmək	ɡ œ z l æ m æ k
gözlənilməz	ɡ œ z l æ n i l m æ z
gözlənti	ɡ œ z l æ n t i
gözüaçıq	ɡ œ z y ɑ t͡s ɯ χ
gözüaçıq	ɡ œ z y ɑ t͡ʃ ɯ χ
güc	d͡ʒ y ʒ
güclü	d͡ʒ y d͡z l y
güclü	ɡ y d͡ʒ l y
gülab	d͡ʒ y l ɑ b
gülab	ɡ y l ɑ b
güllə	ɡ y lː æ
güllələmək	d ʒ y lː æ l æ m ɑ χ
güllələmək	ɡ y lː æ l æ m æ j
güllələmək	ɡ y lː æ l æ m æ k
gülmək	d͡ʒ y l m ɑ χ
gülmək	ɡ y l m æ k
gülnarə	d͡ʒ y l n ɑː r æ
gülnarə	ɡ y l n ɑː r æ
gülümsəmək	ɡ y l y m s æ m æ j
gülümsəmək	ɡ y l y m s æ m æ k
gülüş	ɡ y l y ʃ
gülərüz	ɡ y l æ r y z
gülərüzlü	ɡ y l æ r y z l y
güləş	d͡ʒ y l æ ʃ
güləş	ɡ y l æ ʃ t͡ʃ
güləşçi	d͡ʒ y l æ ʃ t͡s i
güləşçi	ɡ y l æ ʃ t͡ʃ i
gün	d͡ʒ y n
gün	ɡ y n
günah	d͡ʒ y n ɑ h
gündüz	d͡ʒ y n d y z
gündüz	ɡ y n d y z
gündəlik	d͡ʒ y n d æ l i j
gündəlik	d͡ʒ y n d æ l i k
gündəlik	ɡ y n d æ l i j
gündəlik	ɡ y n d æ l i k
günorta	ɡ y n o r t ɑ
günya	ɡ y n j ɑ
günəbaxan	ɡ y n æ b ɑ x ɑ n
gürcü	d͡ʒ y r d͡z y
gürcü	ɡ y r d͡ʒ y
gürcüstan	d͡ʒ y ɾ d͡z y s t ɑ n
güvənmək	ɡ y v æ mː æ j
güvənmək	ɡ y v æ n m æ k
gəlin	ɡ æ l i n
gəlmə	ɡ æ l m æ
gəlmək	ɡ æ l m æ j
gəlmək	ɡ æ l m æ k
gəmi	d͡ʒ æ m i
gəmi	ɡ æ m i
gəmirici	ɡ æ m i r i d͡z i
gəmirmək	ɡ æ m i r m æ j
gənc	ɡ æ n d͡z
gənc	ɡ æ n d͡ʒ
gənclik	d͡ʒ æ n d͡z l i t͡ʃ
gənclik	ɡ æ n d͡ʒ l i j
gənclik	ɡ æ n d͡ʒ l i k
gənəşmək	ɡ æ n æ ʃ m æ j
gənəşmək	ɡ æ n æ ʃ m æ k
gərgin	ɡ æ r ɡ i n
gərək	ɡ æ r æ j
gətirmək	ɡ æ t i r m æ j
gətirmək	ɡ æ t i r m æ k
gəzdirmək	d͡ʒ æ z d i r m ɑ χ
gəzdirmək	ɡ æ z d i r m e j
gəzdirmək	ɡ æ z d i r m æ j
gəzdirmək	ɡ æ z d i r m æ k
gəzmək	d͡ʒ æ z m ɑ χ
gəzmək	ɡ æ z m e j
gəzmək	ɡ æ z m æ j
gəzmək	ɡ æ z m æ k
hakim	h ɑː k i m
hakimiyyət	h ɑː k i m i j æ t
hakimiyyət	h ɑː t͡ʃ i m i j æ t
hakimiyyətçi	h ɑː k i m i j æ t t͡ʃ i
hakimiyyətçi	h ɑː t͡ʃ i m i j æ t t͡s i
halbuki	h ɑ ɫ b u k i
hamar	h ɑ m ɑ r
hamilə	h ɑ m i l æ
hamı	h ɑ mː ɯ
hamısı	h ɑ m s ɯ
hamısı	h ɑ mː ɯ s ɯ
hansı	h ɑ n s ɯ
hanı	h ɑ n ɯ
haqq	h ɑ ɡ
haqq	h ɑ χ
haqqında	h ɑ kː ɯ n d ɑ
hara	h ɑ r ɑ
harada	h ɑ r ɑ d a
haradan	h ɑ r ɑ d a n
haralı	h ɑ r ɑ ɫ ɯ
harasa	h ɑ r ɑ s ɑ
haraya	h ɑ r ɑ j ɑ
harda	h ɑ r d a
hardasa	h ɑ r d ɑ s ɑ
hasilat	h ɑː s i ɫ ɑ t
hava	h ɑ v ɑ
hazır	h ɑ z ɯ r
hazırki	h ɑ z ɯ r k i
hazırki	h ɑ z ɯ r k ɯ
hazırlamaq	h ɑ z ɯ r ɫ ɑ m ɑ χ
hazırlamaq	h ɑ z ɯ rː ɑ m ɑ χ
hazırlaşmaq	h ɑ z ɯ r ɫ ɑ ʃ m ɑ χ
hazırlaşmaq	h ɑ z ɯ rː ɑ ʃ m ɑ χ
hazırlıq	h ɑ z ɯ r ɫ ɯ χ
hazırlıq	h ɑ z ɯ rː ɯ χ
haçan	h ɑ t͡ʃ ɑ n
heykəltəraş	h e j k æ l t æ r ɑ ʃ
heç	h e t͡s
heç	h e t͡ʃ
hilal	h i l ɑ l
homoseksuallıq	h o m o s e k s u a ɫː ɯ χ
hoqqa	h o kː ɑ
hovuz	h o v u z
hökumət	h œ k uː m æ t
hökumət	h œ k y m æ t
hörmətli	h œ r m æ t l i
hörümçək	h œ r y m t͡ʃ æ j
hörümçək	h œ r y m t͡ʃ æ k
hövsələ	h œ f s æ l æ
hövsələ	h œ v s æ l æ
hövzə	h œ v z æ
hüceyrə	h y d͡ʒ e j r æ
hündür	h y n d y r
hüquq	h y ɡ u ɡ
hüzn	h y z n
hüznlü	h y z n l y
hədiyyə	h æ d i j æ
həftəlik	h æ f t æ l i j
həftəlik	h æ f t æ l i k
həftəlik	h æ f t æ l i ç
həkim	h æ k i m
hələ	h æ l æ m
həmdilli	h æ m d i lː i
həmin	h æ m i n
həmişə	h æ m i ʃ æ
həmişə	h æ mː i ʃ æ
həmişə	h æ mː æ ʃ æ
həmrəy	h æ m r æ j
həmrəy	h æ m r æ k
həmrəy	h æ m r æ ç
həmrəylik	h æ m r æ j l i j
həmrəylik	h æ m r æ j l i k
həmsöhbət	h æ m s œ h b æ t
həmsöhbət	h æ m s œ j b æ t
həmsöhbət	h æ m s œː b æ t
həmyaş	h æ m j ɑ ʃ
həqarət	h æ ɡ ɑː r æ t
həqiqi	h æ ɡ iː ɡ i
hər	h æ r
hərarət	h æ r ɑ r æ t
hərbi	h æ r b i
hərbçi	h æ r b t͡s i
hərbçi	h æ r b t͡ʃ i
hərəkət	h æ r æ k æ t
həyat	h æ j ɑ t
həzm	h æ z m
həştərxan	h æ ʃ t æ r χ ɑ n
ibarət	i b ɑː r æ t
ibrani	i b r ɑː n i
ibri	i b r i
ibrə	i b r æ
icazə	i d͡z ɑː z æ
icazə	i d͡ʒ ɑː z æ
iclas	i d͡z ɫ ɑ s
iclas	i d͡ʒ ɫ ɑ s
icma	i d͡z m ɑ
icma	i d͡ʒ m ɑ
idi	i d i
idmançı	i d m ɑ n t͡s ɯ
idmançı	i d m ɑ n t͡ʃ ɯ
iflas	i f ɫ ɑ s
igidlik	i ɡ i d l i j
igidlik	i ɡ i d l i k
ikiarvadlı	i k i ɑ r v ɑ d ɫ ɯ
ikiarvadlılıq	i k i ɑ r v ɑ d ɫ ɯ l ɯ χ
ilbiz	i l b i z
ildırım	i ɫ d ɯ r ɯ m
ildırım	ɯ ɫ d ɯ ɾ ɯ m
ilk	i l k
ilkin	i l k i n
ilkin	i l t͡ʃ i n
ilıq	i ɫ ɯ χ
ilə	i l æ
imkan	i m t͡ʃ ɑ n
inad	i n ɑ d
inanc	i n ɑ n d͡z
inanc	i n ɑ n d͡ʒ
inanmaq	i n ɑ mː ɑ χ
inanılmaz	i n ɑ n ɯ ɫ m ɑ z
inci	i n d͡z i
inci	i n d͡ʒ i
incimək	i n d͡z i m æ t͡ʃ
incimək	i n d͡ʒ i m æ j
incimək	i n d͡ʒ i m æ k
incitmək	i n d͡z i t m æ t͡ʃ
incitmək	i n d͡ʒ i t m æ j
incitmək	i n d͡ʒ i t m æ k
incə	i n d͡z æ
incə	i n d͡ʒ æ
indi	i n d i
ingilis	i ŋ ɡ i l i s
insan	i n s ɑ n
intihar	i n t i h ɑ r
ipək	i p æ j
ipək	i p æ k
iqlim	i ɡ l i m
iri	i r i
irin	i r i n
irlandiyalı	i r ɫ ɑ n d i j ɑ l ɯ
irmaq	i r m ɑ χ
irəli	i r æ l i
ishal	i s h ɑ ɫ
islandiyalı	i s ɫ ɑ n d i j ɑ l ɯ
istedadlı	i s t e d ɑ d ɫ ɯ
istedadsız	i s t e d ɑ d s ɯ z
istehsal	i s t e h s ɑ ɫ
isti	i s t i
isti	i sː i
istifadə	i s t i f ɑː d æ
istilik	i s t i l i k
istilik	i s t i l i t͡ʃ
istilik	i s t i l i ç
istilikölçən	i s t i l i j œ l t͡ʃ æ n
istilikölçən	i s t i l i k œ l t͡ʃ æ n
istilikölçən	i s t i l i t͡ʃ œ l t͡s æ n
istiot	i s t i o t
istiqamət	i s t i ɡ ɑː m æ t
istiqlal	i s t i ɡ ɫ ɑ ɫ
istiqlaliyyət	i s t i ɡ ɫ ɑː l i j æ t
istirahət	i s t i r ɑː h æ t
istəmək	i s t æ m e j
istəmək	i s t æ m æ j
istəmək	i s t æ m æ k
istəmək	i s t æ m ɑ χ
isveçli	i s v e t͡s l i
isveçli	i s v e t͡ʃ l i
isveçrəli	i s v e t͡s r æ l i
isveçrəli	i s v e t͡ʃ r æ l i
itaət	i t ɑ æ t
itaətsizlik	i t ɑ æ t s i z l i k
itburnu	i t b u r n u
itirmək	i t i r m e j
itirmək	i t i r m æ j
itirmək	i t i r m æ k
itirmək	i t i r m ɑ χ
itkin	i n k i n
itmək	i t m æ j
itmək	i t m æ k
itələmək	i t æ l æ m æ j
itələmək	i t æ l æ m æ k
ivrit	i v r i t
ixtisar	i χ t i s ɑ r
iyirmi	i j i r m i
iyirmi	i ɡ i r m i
iyirminci	i j i ɾ m i n d͡ʒ i
iynə	i j n æ
izin	i z i n
izləmək	i z l æ m e j
izləmək	i z l æ m æ j
izləmək	i z l æ m æ k
izləmək	i z l æ m ɑ χ
içində	i t͡s i n d æ
içində	i t͡ʃ i n d æ
içizdirmək	i t͡s i z d i r m æ k
içizdirmək	i t͡ʃ i z d i r m æ j
içizdirmək	i t͡ʃ i z d i r m æ k
içkili	i t͡s t͡ʃ i l i
içkili	i t͡ʃ k i l i
içmək	i t͡ʃ m æ j
içmək	i t͡ʃ m æ k
içmək	i ʃ m ɑ χ
içəri	i t͡s æ r i
içəri	i t͡ʃ æ r i
işləmək	i ʃ l æ m æ k
işləmək	i ʃ l æ m ɑ χ
işləmək	i ʃ t æ m e j
işləmək	i ʃ t æ m æ j
iştibah	i ʃ t i b ɑ h
iştirak	i ʃ t i r ɑ k
işverən	i ʃ v e r æ n
işçi	i ʃ t͡s i
işçi	i ʃ t͡ʃ i
işıq	i ʃ ɯ χ
işıq	ɯ ʃ ɯ χ
işəmək	i ʃ æ m æ j
işəmək	i ʃ æ m æ k
janr	ʒ ɑ n ɯ r
jasmin	ʒ ɑ s m i n
jurnal	ʒ u r n ɑ ɫ
jurnalist	ʒ u r n a l i s t
kamança	t͡ʃ ɑ m ɑ n t͡s ɑ
kapa	k aː p a
karp	k ɑ r p
katib	t͡ʃ aː t i b
katib	t͡ʃ aː t ɯ b
katibə	t͡ʃ aː t i b æ
kağız	t͡ʃ ɑ ɣ ɯ z
keçi	d͡ʒ e t͡s i
keçi	t͡ʃ e t͡s i
keçinmək	k e t͡ʃ i n m æ j
keçinmək	k e t͡ʃ i n m æ k
keçinmək	t͡ʃ e t͡s i n m æ t͡ʃ
keçmək	k e t͡ʃ m e j
keçmək	k e t͡ʃ m æ j
keçmək	k e t͡ʃ m æ k
keçmək	ɡ e ʃ m ɑ x
keçəl	k e t͡ʃ æ l
keçəl	t͡ʃ e t͡s æ l
keçəllənmək	k e t͡ʃ æ lː æ n m æ j
keçəllənmək	k e t͡ʃ æ lː æ n m æ k
keçəllənmək	t͡ʃ e t͡s æ lː æ n m æ t͡ʃ
ki	k i
ki	k i n
kilsə	k i l s æ
kim	k i m
kimdənsə	k i m d æ n s æ
kimdəsə	k i m d æ s æ
kimi	k i m i
kimi	t͡ʃ i m i
kiminsə	k i m i n s æ
kimisə	k i m i s æ
kimsə	k i m s æ
kimsədə	k i m s æ d æ
kimsədən	k i m s æ d æ n
kimsəni	k i m s æ n i
kimsənin	k i m s æ n i n
kimsəyə	k i m s æ j æ
kimya	k i m j a
kimya	t͡ʃ i m j a
kimyaçı	k i m j a t͡ʃ ɯ
kimyaçı	t͡ʃ i m j a t͡s ɯ
kimyəvi	k i m j æː v i
kimyəvi	t͡ʃ i m j æː v i
kiməsə	k i m æ s æ
kiriş	k i r i ʃ
kirli	k i r l i
kirpi	k i r p i
kirpik	k i r p i j
kirpik	k i r p i k
kirpik	k i r p i ç
kitabxana	k i t ɑ b χ ɑ n ɑ
kitabxanaçı	k i t ɑ b χ ɑ n ɑ t͡s i
kitabxanaçı	k i t ɑ b χ ɑ n ɑ t͡ʃ i
kiçik	k i t͡s i t͡ʃ
kiçik	k i t͡ʃ i k
kiçilmək	k i t͡ʃ i l m æ j
kiçilmək	k i t͡ʃ i l m æ k
kiçilmək	t͡ʃ i t͡s i l m æ t͡ʃ
kişibaz	k i ʃ i b ɑ z
kişibazlıq	k i ʃ i b ɑ z ɫ ɯ χ
kobud	t͡ʃ o b u d
köhnə	k œ h n æ
köhnə	k œ j n æ
kök	k œ k
kökəlmək	k œ k æ l m æ j
kökəlmək	k œ k æ l m æ k
kölgə	k œ l ɡ æ
kömür	k œ m y r
kömür	t͡ʃ œ m y r
kömək	k œ m æ j
kömək	k œ m æ k
kömək	k œ m æ t͡ʃ
könül	d͡ʒ œː l
könül	k œ n y l
köpük	k œ p y j
köpük	k œ p y k
köpək	k œ p æ j
köpək	k œ p æ k
köpək	k œ p æ ç
körpü	k œ r p y
körpə	k œ r p æ
körpə	t͡ʃ œ r p æ
kösöv	k œ s œ v
kösöv	t͡ʃ œ s œ v
köçmək	k œ t͡ʃ m æ k
köçəri	k œ t͡ʃ æ r i
köçəri	t͡ʃ œ t s æ r i
köşək	k œ ʃ æ j
köşək	k œ ʃ æ k
külək	k y l æ k
külək	t͡ʃ y l æ t͡ʃ
künc	t͡ʃ y n d͡z
kürəkçi	k y r æ k t͡ʃ i
kürəkçi	t͡ʃ y r æ t͡ʃ t͡s i
kürəkən	k y r æ k æ n
kürəkən	t͡ʃ y r æ t͡ʃ æ n
küsmək	k y s m æ j
küsmək	k y s m æ k
küçə	k y t͡s æ
küçə	k y t͡ʃ æ
küçə	t͡s y t͡s æ
küçə	t͡ʃ y t͡s æ
kəfgir	k æ f ɡ i r
kəlbətin	k æ l b æ t i n
kəlçə	k æ l t͡ʃ æ
kəlçə	t͡ʃ æ l t͡s æ
kənd	k æ n d
kənd	k æ t
kəpək	k æ p æ j
kəpək	k æ p æ k
kəpək	t͡ʃ æ p æ t͡ʃ
kəpənək	k æ p æ n æ k
kərtənkələ	k æ r t æ n k æ l æ
kərə	k æ r æ
kəsilmək	k æ s i l m e j
kəsilmək	k æ s i l m æ j
kəsilmək	k æ s i l m æ k
kəsilmək	t͡ʃ æ s i l m ɑ χ
kəsmək	k æ s m e j
kəsmək	k æ s m æ j
kəsmək	k æ s m æ k
kəsmək	t͡ʃ æ s m ɑ χ
lahiyə	ɫ ɑː h i j æ
lakin	l aː k i n
lampoçka	ɫ ɑ m b ɯ t͡s k ɑ
lampoçka	ɫ ɑ m p ɯ t͡s k ɑ
lampoçka	ɫ ɑ m p ɯ t͡ʃ k ɑ
laqeyd	ɫ ɑː ɡ e j d
layihə	ɫ ɑː j i h æ
lazım	ɫ ɑ z ɯ m
lazım	ɫ ɑː z ɯ m
lazımsız	ɫ ɑ z ɯ m s ɯ z
laçın	ɫ ɑ t͡s ɯ n
laçın	ɫ ɑ t͡ʃ ɯ n
liman	l i m ɑ n
lövbər	l œ v b æ r
lütfən	l y t f æ n
ləzgi	l æ z ɡ i
macəra	m ɑː d͡z æ r ɑ
macəra	m ɑː d͡ʒ æ r ɑ
mahnı	m ɑ h n ɯ
makedoniya	m ɑ t͡ʃ e d o n i j ɑ
mal	m ɑ ɫ
manat	m ɑ n ɑ t
mane	m ɑː n e
maraqlı	m ɑ r ɑ ɣ ɫ ɯ
masa	m ɑ s ɑ
matç	m ɑ t t͡ʃ
memar	m e m ɑ r
memar	m eː m ɑ r
meydan	m e j d ɑ n
meydança	m e j d ɑ n t͡s ɑ
meydança	m e j d ɑ n t͡ʃ ɑ
meyit	m e j i t
meyitxana	m e j i t χ ɑ n ɑ
milad	m i ɫ ɑ d
min	m i n
minbər	m i n b æ r
minmək	m i mː æ k
minmək	m i n m e j
minmək	m i n m æ k
minmək	m i n m ɑ χ
minnətdar	m i nː æ t d ɑ r
mirzə	m i r z æ
mismar	m i s m ɑ ɾ
mişar	m i ʃ ɑ r
mişar	m ɯ ʃ ɑ r
molekul	m o l e k u ɫ
molla	m o lː a
morfoloji	m o r f o l o ʒ ɯ
musiqi	m uː s i ɡ i
muxtar	m u χ t ɑ r
muştuluq	m u ʃ t u l u χ
muştuluqçu	m u ʃ t u ɫ u χ t͡s u
muştuluqçu	m u ʃ t u ɫ u χ t͡ʃ u
möcüzə	m œː d͡ʒ y z æ
mövcudluq	m œ v d͡z u d ɫ u χ
mövcudluq	m œ v d͡ʒ u d ɫ u χ
mübarizə	m u b ɑː r i z æ
mübarizə	m y b ɑː r i z æ
müflis	m y f l i s
mühacir	m y h ɑː d͡z i r
mühacir	m y h ɑː d͡ʒ i r
müharibə	m y h ɑː r i b æ
mühüm	m y h y m
mühəndis	m y h æ n d i s
mühərrik	m y h æ rː i k
müjdə	m y d͡ʒ d æ
müjdə	m y ʒ d æ
müjdəçi	m y ʒ d æ t͡s i
müjdəçi	m y ʒ d æ t͡ʃ i
münaqişə	m y n ɑː ɡ i ʃ æ
münşi	m y n ʃ i
müqavimət	m y ɡ ɑː v i m æ t
müqayisə	m y ɡ ɑː j i s æ
müqəssir	m y ɡ æ sː i r
mürəkkəb	m y r æ kː æ b
müsabiqə	m y s ɑː b i ɡ æ
müstəqil	m y s t æ ɡ i l
müstəqillik	m y s t æ ɡ i l l i j
müstəqillik	m y s t æ ɡ i l l i k
müstəqillik	m y s t æ ɡ i l l i ç
mütləq	m y t l æ k
mütləq	m y t l æ ɡ
mütəəllim	m y t æː lː i m
müvəffəqiyyət	m y v æ f æ ɡ i j æ t
müxalifət	m u χ ɑ l i f æ t
müxalifət	m y χ ɑː l i f æ t
müştəri	m y ʃ t æ r i
müşəmbə	m y ʃ æ m b æ
müəllif	m y æ lː i f
müəllim	m y æ lː i m
müəllimə	m y æ lː i m æ
mıx	m ɯ χ
məcazi	m æ d͡z ɑː z i
məcazi	m æ d͡ʒ ɑː z i
məclis	m æ d͡z l i s
məclis	m æ d͡ʒ l i s
mədrəsə	m æ d r æ s æ
mədəni	m æ d æ n i
mədəniyyət	m æ d æ n i j æ t
məfhum	m æ f h u m
məhkəmə	m æ h k æ m æ
məhsul	m æ h s u ɫ
məhşur	m æ h ʃ u r
məhəlli	m æ h æ lː i
məktub	m æ h t u b
məktub	m æ k t u b
məktəb	m æ k t æ b
məktəb	m æ ç t æ b
məlum	m æː ɫ u m
mələfə	m æ l æ f æ
məmur	m æ m u r
məmur	m æː m u r
məna	m æː n ɑ
mənasız	m æː n ɑ s ɯ z
mənfəət	m æ n f æ æ t
mənimsəmə	m æ n i m s æ m æ
mənimsəmək	m æ n i m s æ m æ j
mənimsəmək	m æ n i m s æ m æ k
mənzərə	m æ n z æ ɾ æ
məqsəd	m æ k s æ d
məqsəd	m æ ɡ s æ d
məqsədəuyğun	m æ k s æ d æ u j ɣ u n
məqsədəuyğun	m æ ɡ s æ d æ u j ɣ u n
mərasim	m æ r ɑː s i m
mərhələ	m æ r h æ l æ
mərkəzi	m æ r k æ z i
məsafə	m æ s ɑː f æ
məsləhət	m æ s l æ h æ t
məsələn	m æ s æ l æ n
mətbəx	m æ t b æ χ t
mətbəə	m æ t b æ æ
mətbəəçi	m æ t b æ æ t͡s i
mətbəəçi	m æ t b æ æ t͡ʃ i
məxəz	m æ χ æ z
məzlum	m æ z ɫ u m
məzuniyyət	m æ z u n i j æ t
məğlub	m æ ɣ ɫ u b
məğlubiyyət	m æ ɣ ɫ u b i j æ t
nadir	n ɑː d i r
nal	n ɑ ɫ
namaz	n ɑ m ɑ z
namə	n ɑː m æ
naməlum	n ɑː m æ l u m
nanə	n ɑː n æ
narahat	n ɑ r ɑ h ɑ t
narazı	n ɑ r ɑː z ɯ
narın	n ɑː r ɯ n
natamamlıq	n ɑ t ɑ m ɑ m ɫ ɯ χ
natamamlıq	n ɑ t ɑ m ɑ n ɫ ɯ χ
natəmiz	n ɑː t æ m i z
nazik	n ɑː z i k
nazir	n ɑː z i r
nazirlik	n ɑː z i r l i j
nazirlik	n ɑː z i r l i k
necə	n e d͡z æ
necə	n e d͡ʒ æ
neft	n e f t
neft	n æ f t
neftçi	n e f t t͡s i
neftçi	n e f t t͡ʃ i
neyləmək	n e j l æ m æ j
neyləmək	n e j l æ m æ k
neynəmək	n e j n æ m æ j
neynəmək	n e j n æ m æ k
neyçün	n e j t͡ʃ y n
neçiyədir	n e t͡s j æ d i r
neçiyədir	n e t͡ʃ j æ d i r
neçənci	n e t͡s æ n d͡z i
neçənci	n e t͡ʃ æ n d͡ʒ i
nifrət	n i f r æ t
nikbin	n i k b i n
niyə	n i j æ
nökər	n œ k æ r
nömrə	n œ m r æ
nöqtə	n œ k t æ
növbə	n œ v b æ
nümayəndə	n y m ɑ j æː n d æ
nümayəndə	n y m ɑː j i n d æ
nümunəvi	n y m uː n æ v i
nəcib	n æ d͡z i b
nəcib	n æ d͡ʒ i b
nəcis	n æ d͡z i s
nəcis	n æ d͡ʒ i s
nəfər	n æ f æ r
nəfəs	n æ f æ s
nəhəng	n æ h æ ŋ ɡ
nəm	n æ m
nənə	n æ n æ
nərdivan	n æ r d i v ɑ n
nəsə	n æ s æ
nəticə	n æ t i d͡z æ
nəticə	n æ t i d͡ʒ æ
nəticəsində	n æ t i d͡z æ s i n d æ
nəticəsində	n æ t i d͡ʒ æ s i n d æ
nətər	n æ t æ r
nəvə	n æ v æ
nəyinsə	n æ j i n s æ
nəyisə	n æ j i s æ
nəyəsə	n æ j æ s æ
nəzakət	n æ z ɑː k æ t
nəçi	n æ t͡s i
nəçi	n æ t͡ʃ i
ocaq	o d͡z ɑ χ
ocaq	o d͡ʒ ɑ χ
ocaqlıq	o d͡z ɑ ɣ ɫ ɯ χ
ocaqlıq	o d͡ʒ ɑ ɣ ɫ ɯ χ
odun	o d u n
olay	o ɫ ɑ j
oldu	o ɫ d u
olmaq	o l m ɑ χ
olsun	o sː u n
olsun	o ɫ s u n
onuncu	o n u n d͡ʒ u
onurğa	o n u r ɣ ɑ
orada	o r ɑ d ɑ
oradan	o r d ɑ n
oradan	o r ɑ d ɑ n
ordu	o r d u
orta	o r t ɑ
osturaq	o s t u r ɑ χ
osturaqçı	o s t u r a χ t͡s ɯ
osturaqçı	o s t u r a χ t͡ʃ ɯ
osurmaq	o s u r m ɑ χ
otaq	o t ɑ χ
otaqda	o t ɑ ɣ d ɑ
oturacaq	o t u r ɑ d͡z ɑ χ
oturacaq	o t u r ɑ d͡ʒ ɑ χ
oturmaq	o t u r m ɑ χ
otuzuncu	o t u z u n d͡ʒ u
ov	o v
ovuc	o u d͡z
ovuc	o v u d͡z
ovuc	o v u d͡ʒ
ovuq	o j u χ
ovuq	o u χ
ovuq	o v u χ
ovuq	u j u ɣ
ovuq	œ j y χ
ovuq	œː χ
ovçu	o v t͡s u
ovçu	o v t͡s ɯ
ovçu	o v t͡ʃ u
ovçu	o v t͡ʃ ɯ
oxumaq	o χ u m a χ
oxutmaq	o χ u t m ɑ χ
oxşamaq	o χ ʃ ɑ m ɑ χ
oxşar	o χ ʃ ɑ r
oxşarlıq	o χ ʃ ɑ r l ɯ χ
oyanmaq	o j ɑ mː ɑ χ
oyanmaq	o j ɑ n m ɑ χ
oyanış	o j ɑ n ɯ ʃ
oynamaq	o j n ɑ m ɑ χ
oyun	o j u n
oçerk	o t͡s e r t͡ʃ
oçerk	o t͡ʃ e r k
oğru	o ɣ r u
oğul	o ɣ u ɫ
oğurlamaq	o ɣ u rː ɑ m ɑ χ
palçıq	p ɑ ɫ t͡s ɯ χ
palçıq	p ɑ ɫ t͡ʃ ɯ χ
papaq	p ɑ p ɑ χ
parlamaq	p ɑ r l ɑ m ɑ χ
partlamaq	p ɑ r tː ɑ m ɑ χ
partlatmaq	p ɑ r tː ɑ t m ɑ χ
partlayış	p ɑ r tː ɑ j ɯ ʃ
pasxa	p ɑ s χ ɑ
paxıl	p ɑ χ ɯ ɫ
paxıllıq	p ɑ χ ɯ ɫː ɯ χ
paylaşım	p ɑ j ɫ ɑ ʃ ɯ m
paytaxt	p ɑ j t ɑ χ t
pendir	p e n d i r
petux	p e t u χ
peyvənd	p e j v æ n d
peşə	p e ʃ æ
pilotsuz	p i ɫ o t s u z
pinti	p i n t i
pis	p i s
pivə	p iː v æ
pivəxana	p iː v æ χ ɑ n ɑ
planet	p ɫ ɑ n e t
polis	p o l i s
polkovnik	p ɑ ɫ k o v n i k
populyar	p o p u l j ɑ ɾ
portuqal	p o ɾ t u ɡ ɑ l
pota	p o t ɑ
pozmaq	p o z m ɑ χ
poçt	p o t͡ʃ t
poçt	p o ʃ t
poçtalyon	p o t͡ʃ t ɑ l j o n
premyera	p r e m j e r a
prodüser	p r o d y s e r
prodüser	p r o d y sː e r
proqnozlaşdırmaq	p r o ɡ n o z l ʃ d ɯ r m ɑ χ
proqnozlaşdırmaq	p r ɑ ɡ n o z l ʃ d ɯ r m ɑ χ
proqramçı	p r o ɡ r ɑ m t͡s ɯ
proqramçı	p r o ɡ r ɑ m t͡ʃ ɯ
pul	p u ɫ
pulsuz	p u ɫ s u z
pəncərə	p e n d͡z æ r æ
pəncərə	p e n d͡ʒ æ r æ
pəncərə	p æ n d͡z æ r æ
pəncərə	p æ n d͡ʒ æ r æ
qab	ɡ ɑ b
qabaq	ɡ ɑ b ɑ χ
qabaq	ɡ ɑ v ɑ χ
qabaqcadan	ɡ ɑ b ɑ ɣ d͡ʒ ɑ d ɑ n
qabaqcıl	ɡ ɑ b ɑ ɣ d͡z ɯ ɫ
qabaqlamaq	ɡ ɑ b ɑ ɣ ɫ ɑ m ɑ χ
qabağa	ɡ ɑ b ɑ ɣ ɑ
qabağa	ɡ ɑ v ɑ ɣ ɑ
qabağında	ɡ ɑ b ɑ ɣ ɯ n d ɑ
qabırğa	ɡ ɑ b ɯ r ɣ ɑ
qada	ɡ ɑ d ɑ
qadağa	ɡ ɑ d ɑ ɣ ɑ
qadağan	ɡ ɑ d ɑ ɣ ɑ n
qadın	k ɑ d ɯ n
qadın	ɡ ɑ d ɯ n
qafqaz	ɡ ɑ f k ɑ z
qafqaz	ɡ ɑ f ɡ ɑ z
qalamaq	ɡ ɑ ɫ ɑ m ɑ χ
qalaq	ɡ ɑ ɫ ɑ χ
qalay	ɡ ɑ ɫ ɑ j
qalayçı	ɡ ɑ ɫ ɑ j t͡s ɯ
qalayçı	ɡ ɑ ɫ ɑ j t͡ʃ ɯ
qaldırmaq	ɡ ɑ l d ɯ r m ɑ χ
qalib	ɡ ɑː l i b
qalibiyyət	ɡ ɑː l i b i j j æ t
qalmaq	ɡ ɑ ɫ m ɑ χ
qalmaqal	ɡ ɑ ɫ m ɑ ɡ ɑ ɫ
qalmaqal	ɡ ɑ ɫ m ɑ ɣ ɑ ɫ
qaluboy	ɡ ɑ ɫ u b o j
qalxmaq	ɡ ɑ ɫ χ m ɑ χ
qan	ɡ ɑ n
qanad	ɡ ɑ n ɑ d
qanamaq	ɡ ɑ n ɑ m ɑ χ
qancıq	ɡ ɑ n d͡z ɯ χ
qancıq	ɡ ɑ n d͡ʒ ɯ χ
qanmaq	ɡ ɑ mː ɑ χ
qanmaq	ɡ ɑ n m ɑ χ
qanmaz	ɡ ɑ mː ɑ z
qanmaz	ɡ ɑ n m ɑ z
qanun	ɡ ɑː n u n
qapan	ɡ ɑ p ɑ n
qapaq	ɡ ɑ p ɑ χ
qapmaq	ɡ ɑ p m ɑ χ
qapı	ɡ ɑ p ɯ
qar	ɡ ɑ r
qara	ɡ æ r æ
qara	ɡ ɑ r ɑ
qaralama	ɡ ɑ r ɑ ɫ ɑ m ɑ
qaralamaq	ɡ ɑ r ɑ ɫ ɑ m ɑ χ
qaranlıq	ɡ ɑ r ɑ n ɫ ɯ χ
qaranlıq	ɡ ɑ r ɑ nː ɯ χ
qarayara	ɡ ɑ r ɑ j ɑ r ɑ
qarın	ɡ ɑ r ɯ n
qarınca	ɡ ɑ r ɯ n d͡z ɑ
qarınca	ɡ ɑ r ɯ n d͡ʒ ɑ
qarışdırmaq	ɡ ɑ r ɯ ʃ t ɯ r m ɑ χ
qarışmaq	ɡ ɑ r ɯ ʃ m ɑ χ
qarışqa	ɡ ɑ r ɯ ʃ k ɑ
qarışqa	ɡ ɑ r ɯ ʃ ɡ ɑ
qarşı	ɡ ɑ r ʃ ɯ
qarşılamaq	ɡ ɑ r ʃ ɯ ɫ ɑ m ɑ χ
qarşısında	ɡ ɑ r ʃ ɯ s ɯ n d ɑ
qarət	ɡ ɑː r æ t
qasırğa	ɡ ɑ s ɯ r ɣ a
qatı	ɡ ɑ t ɯ
qatıq	ɡ ɑ t ɯ χ
qaya	ɡ ɑ j ɑ
qayda	ɡ ɑ j d ɑ
qaydasında	ɡ ɑ j d ɑ s ɯ n d ɑ
qaynamaq	ɡ ɑ j n ɑ m ɑ χ
qaynatmaq	ɡ ɑ j n ɑ t m ɑ χ
qaytarmaq	ɡ e j t æ r m ɑ χ
qaytarmaq	ɡ ɑ j t ɑ r m ɑ χ
qayçı	ɡ e j t͡s i
qayçı	ɡ ɑ j t͡ʃ ɯ
qayğı	ɡ ɑ j ɣ ɯ
qayğıkeş	ɡ ɑ j ɣ ɯ k e ʃ
qayıdış	ɡ ɑ j ɯ d ɯ ʃ
qayınana	ɡ ɑ j ɯ n ɑ n ɑ
qayınata	ɡ ɑ j ɯ n ɑ t ɑ
qayırmaq	ɡ e j i ɾ m ɑ χ
qayırmaq	ɡ eː ɾ m ɑ χ
qayırmaq	ɡ ɑ j ɯ r m ɑ χ
qayırmaq	ɣ ɑː r m ɑ χ
qayıtmaq	ɡ e j i t m ɑ χ
qayıtmaq	ɡ eː t m ɑ χ
qayıtmaq	ɡ ɑ j ɯ t m ɑ χ
qaz	ɡ ɑ z
qazanc	ɡ ɑ z ɑ n d͡z
qazanc	ɡ ɑ z ɑ n d͡ʒ
qazanmaq	ɡ ɑ z ɑ mː ɑ χ
qazanmaq	ɡ ɑ z ɑ n m ɑ χ
qazmaq	ɡ ɑ z m ɑ χ
qazıntı	ɡ ɑ z ɯ n t ɯ
qaçaq	ɡ ɑ t͡s ɑ χ
qaçaq	ɡ ɑ t͡ʃ ɑ χ
qaçaqaç	ɡ ɑ t͡s ɑ ɡ ɑ t͡s
qaçaqaç	ɡ ɑ t͡ʃ ɑ ɡ ɑ t͡ʃ
qaçmaq	ɡ ɑ t͡s m ɑ χ
qaçmaq	ɡ ɑ t͡ʃ m ɑ χ
qaçqın	ɡ ɑ t͡s ɡ ɯ n
qaçqın	ɡ ɑ t͡ʃ ɡ ɯ n
qaçırmaq	ɡ ɑ t͡s ɯ r m ɑ χ
qaçırmaq	ɡ ɑ t͡ʃ ɯ r m ɑ χ
qaçış	ɡ ɑ t͡s ɯ ʃ
qaçış	ɡ ɑ t͡ʃ ɯ ʃ
qaş	ɡ ɑ ʃ
qaşqaldaq	ɡ ɑ ʃ ɡ ɑ l d ɑ χ
qaşımaq	ɡ ɑ ʃ ɯ m ɑ χ
qaşınmaq	ɡ ɑ ʃ ɯ n m ɑ χ
qaşıq	ɡ ɑ ʃ ɯ χ
qeyri	ɡ e j r i
qiymət	ɡ i j m æ t
qoboy	ɡ o b o j
qoca	ɡ o d͡z ɑ
qoca	ɡ o d͡ʒ ɑ
qocalıq	ɡ o d͡z ɑ ɫ ɯ χ
qocalıq	ɡ o d͡ʒ ɑ ɫ ɯ χ
qohum	ɡ o h u m
qohumluq	ɡ o h u m ɫ u χ
qol	ɡ o ɫ
qoltuq	ɡ o ɫ t u χ
qonaq	ɡ o n ɑ χ
qonaqpərvər	ɡ o n ɑ χ p æ r v æ r
qonaqpərəst	ɡ o n ɑ χ p æ r æ s t
qoparmaq	ɡ o p ɑ r m ɑ χ
qopmaq	ɡ o p m ɑ χ
qorumaq	ɡ o r u m ɑ χ
qoruqçu	ɡ o r u χ t͡s u
qoruqçu	ɡ o r u χ t͡ʃ u
qorxaq	ɡ o r χ ɑ χ
qorxaqlıq	ɡ o r χ ɑ χ ɫ ɯ χ
qorxmaq	ɡ o r χ m ɑ χ
qorxmaz	ɡ o r χ m ɑ z
qorxu	ɡ o r χ u
qorxutmaq	ɡ o r χ u t m ɑ χ
qovmaq	ɡ o v m ɑ χ
qovulma	ɡ o v u ɫ m a
qovulmaq	ɡ o v u ɫ m a χ
qovun	ɡ o h u n
qovun	ɡ o v u n
qoymaq	ɡ o j m ɑ χ
qoşmaq	ɡ o ʃ m a χ
qoşulmaq	ɡ o ʃ u ɫ m a χ
qoşun	ɡ o ʃ u n
qrip	ɡ r i p
qucaqlamaq	ɡ u d͡z a ɣ ɫ ɑ m ɑ χ
qucaqlamaq	ɡ u d͡ʒ a ɣ ɫ ɑ m ɑ χ
qucaqlaşmaq	ɡ u d͡z a ɣ ɫ ɑ ʃ m ɑ χ
qucaqlaşmaq	ɡ u d͡ʒ a ɣ ɫ ɑ ʃ m ɑ χ
quduzluq	ɡ u d u z ɫ u χ
qul	ɡ u ɫ
qulaq	ɡ u ɫ ɑ χ
qumbara	ɡ u m b ɑ r ɑ
qumuq	ɡ u m u χ
qunduz	ɡ u n d u z
qurbağa	ɡ u r b ɑ ɣ ɑ
qurmaq	ɡ u r m ɑ χ
qurnaz	ɡ u r n ɑ z
qurtarmaq	k u t a r m ɑ χ
qurtarmaq	ɡ u r t ɑ r m ɑ χ
qurtulmaq	ɡ u r t u ɫ m ɑ χ
qurtulmaq	ɡ u t u ɫ m ɑ χ
quru	ɡ u r u
qurum	ɡ u r u m
qurutmaq	ɡ u r u t m ɑ χ
qusmaq	ɡ u s m ɑ χ
quyruq	ɡ u j r u ɣ
quyu	ɡ u j u
quzey	ɡ u z e j
quş	ɡ u ʃ
qıcıqlandırmaq	ɡ ɯ d͡z ɯ ɣ ɫ ɑ n d ɯ r m ɑ χ
qıcıqlandırmaq	ɡ ɯ d͡ʒ ɯ ɣ ɫ ɑ n d ɯ r m ɑ χ
qıdıqlamaq	ɡ ɯ d ɯ ɣ ɫ ɑ m ɑ χ
qıfıl	ɡ ɯ f ɯ ɫ
qıfıllı	ɡ ɯ f ɯ ɫː ɯ
qıjı	ɡ ɯ ʒ ɯ
qılmaq	ɡ ɯ ɫ m ɑ χ
qılınmaq	ɡ ɯ ɫ ɯ mː ɑ χ
qılınmaq	ɡ ɯ ɫ ɯ n m ɑ χ
qınamaq	ɡ ɯ n ɑ m ɑ χ
qınaq	ɡ ɯ n ɑ χ
qır	ɡ ɯ r
qıraq	ɡ ɯ r ɑ χ
qıraqlar	ɡ ɯ r ɑ ɣ ɫ ɑ r
qırağı	ɡ ɯ r ɑ ɣ ɯ
qırmaq	ɡ ɯ r m ɑ χ
qırmızı	ɡ ɯ r m ɯ z ɯ
qırmızı	ɣ ɯ r m ɯ z ɯ
qırpmaq	ɡ ɯ r p m ɑ χ
qırxmaq	ɡ ɯ r χ m ɑ χ
qırğın	ɡ ɯ r ɣ ɯ n
qısa	ɡ ɯ s ɑ
qıt	ɡ ɯ t
qıymaq	ɡ ɯ j m ɑ χ
qızdırmaq	ɡ ɯ z d ɯ r m a χ
qızlıq	ɡ ɯ z ɫ ɯ χ
qızmaq	ɡ ɯ z m ɑ χ
qızılquş	ɡ ɯ z ɯ ɫ ɡ u ʃ
qızışmaq	ɡ ɯ z ɯ ʃ m ɑ χ
qığlamaq	ɡ ɯ ɣ ɫ ɑ m ɑ χ
qığılcım	ɡ ɯ ɣ ɯ ɫ d͡z ɯ m
qığılcım	ɡ ɯ ɣ ɯ ɫ d͡ʒ ɯ m
qış	ɡ ɯ ʃ
qışlaq	ɡ ɯ ʃ l ɑ χ
qışlaq	ɡ ɯ ʃ t ɑ χ
qışqırmaq	k ɯ ʃ k ɯ r m ɑ χ
qışqırmaq	ɡ ɯ ʃ ɡ ɯ r m ɑ χ
qəbiristan	ɡ æ b r i s t ɑ n
qədim	ɡ æ d i m
qədər	ɡ æ d æ ɾ
qədər	χ æ d æ r
qəhbə	ɡ æ h b æ
qəhbə	ɡ æ h p æ
qəhbəlik	ɡ æ h b æ l i j
qəhbəlik	ɡ æ h b æ l i k
qəhbəlik	ɡ æ h p æ l i j
qəhbəlik	ɡ æ h p æ l i k
qəhrəman	ɡ æ h r æ m ɑ n
qəhrəmanlıq	ɡ æ h r æ m ɑ n ɫ ɯ χ
qəhvə	ɡ æ h v æ
qəlb	ɡ æ l b
qəlyan	ɡ æ l j ɑ n
qələbə	ɡ æ l æ b æ
qənd	ɡ æ n d
qəribə	ɡ æ r iː b æ
qəssab	ɡ æ sː ɑ b
qətl	ɡ æ t l
qəzet	ɡ æ z e t
qəzəl	ɡ æ z æ l
rahat	r ɑ h ɑ t
rahatlıq	r ɑ h ɑ t l ɯ χ
rejissor	r e ʒ i sː o r
ruhi	r uː h i
rüşvət	r y ʃ v æ t
rəfiqə	r æ f iː ɡ æ
rəhbər	r æ h b æ r
rəng	r æ ŋ ɡ
rəngləmək	r æ ŋ l æ m æ k
rəğbət	r æ ɣ b æ t
rəğmən	r æ ɣ m æ n
saat	s ɑ ɑ t
sabah	s ɑ b ɑ h
sabah	z ɑ v ɑ χ
sabit	s ɑː b i t
sac	s ɑ d͡z
sac	s ɑ d͡ʒ
sadalamaq	s ɑ d ɑ ɫ ɑ m ɑ χ
sadaq	s ɑ d ɑ χ
sadə	s ɑː d æ
sahib	s ɑ h i b
sal	s ɑ ɫ
salmaq	s ɑ ɫ m ɑ χ
saman	s ɑ m ɑ n
saman	s ɑː m ɑ n
saniyə	s ɑː n i j æ
sanki	s ɑ n k i
saqqal	s ɑ k ɡ ɑ ɫ
saqqal	s ɑ kː ɑ ɫ
sarplıq	s ɑ r p ɫ ɯ χ
sarsıtmaq	s ɑ r s ɯ t m a χ
sarı	s ɑ r ɯ
sataşmaq	s ɑ t ɑ ʃ m ɑ χ
satmaq	s ɑ t m ɑ χ
satqın	s ɑ t ɡ ɯ n
satıcı	s ɑ t ɯ d͡z ɯ
satıcı	s ɑ t ɯ d͡ʒ ɯ
satış	s ɑ t ɯ ʃ
savaş	s ɑ v ɑ ʃ
saxlamaq	s ɑ χ l ɑ m ɑ χ
sayaq	s ɑ j ɑ χ
saymaq	s ɑ j m ɑ χ
sayt	s ɑ j t
sayıq	s ɑ j ɯ χ
saz	s ɑ z
saziş	ʃ ɑː z i ʃ
saç	s ɑ t͡s
saç	s ɑ t͡ʃ
saçmaq	s ɑ t͡s m ɑ χ
saçmaq	s ɑ t͡ʃ m ɑ χ
sağ	s ɑ ɣ
sağalmaq	s ɑ ɣ ɑ ɫ m ɑ χ
sağaltmaq	s ɑ ɣ ɑ ɫ t m ɑ χ
sağmaq	s ɑ ɣ m ɑ χ
sağsağan	s ɑ ɣ s a ɣ a n
sevgi	s e v ɡ i
sevindirici	s e v i n d i r i d͡z i
sevindirici	s e v i n d i r i d͡ʒ i
sevindirmək	s e v i n d i r m æ j
sevindirmək	s e v i n d i r m æ k
sevinmək	s e v i n m æ j
sevinmək	s e v i n m æ k
sevinmək	s œ j y n m ɑ χ
sevmək	s e v m æ j
sevmək	s e v m æ k
sevmək	s œ j m ɑ χ
sezmək	s e z m æ j
sezmək	s e z m æ k
seçici	s e t͡s i d͡z i
seçici	s e t͡ʃ i d͡ʒ i
seçim	s e t͡s i m
seçim	s e t͡ʃ i m
seçki	s e t͡s k i
seçki	s e t͡ʃ k i
seçmək	s e t͡s m æ j
seçmək	s e t͡s m æ k
seçmək	s e t͡ʃ m æ j
seçmək	s e t͡ʃ m æ k
seçmək	s e ʃ m ɑ χ
sidr	s i d r
sikmək	s i k m æ j
sikmək	s i k m æ k
sikmək	s i k m æ ç
silahlanmaq	s i l ɑ h l ɑ mː a χ
silahlı	s i ɫ ɑ h ɫ ɯ
silmək	s i l m æ k
simic	s i m i d͡z
simic	s i m i d͡ʒ
simiclik	s i m i d͡z l i t͡ʃ
simiclik	s i m i d͡ʒ l i j
simiclik	s i m i d͡ʒ l i k
sincab	s i n d͡z ɑ b
sincab	s i n d͡ʒ ɑ b
siqaret	s i ɡ ɑ r e t
sirkə	s i r k æ
siyahı	s i j ɑː h ɯ
siyasət	s i j ɑ s æ t
soba	s o b ɑ
sol	s o ɫ
solaxay	s o ɫ ɑ χ ɑ j
son	s o n
sonra	s o n r a m
sonra	s o n r ɑ
sonuncu	s o n u n d͡z u
sonuncu	s o n u n d͡ʒ u
sormaq	s o r m ɑ χ
soxasox	s o χ ɑ s o x
soxmaq	s o χ m ɑ χ
soyad	s o j ɑ d
soymaq	s o j m ɑ χ
soyuducu	s o j u d u d͡z u
soyuducu	s o j u d u d͡ʒ u
soyunmaq	s o j u mː ɑ χ
soyuq	s o j u χ
ssenari	sː e n ɑ r i
ssri̇	e s e s e r i
stul	s t u ɫ
stəkan	i s k æ n
su	s u
subay	s u b ɑ j
sumka	s u m k ɑ
surət	s uː r æ t
susamaq	s u s ɑ m ɑ χ
susdurmaq	s u s d u r m a χ
susdurmaq	s u s t u r m a χ
susmaq	s u s m a χ
söhbət	s œ h b æ t
söhbət	s œ h p æ t
söhbət	s œ j b æ t
söhbət	s œː b æ t
sökmək	s œ h m ɑ χ
sökmək	s œ k m æ j
sökmək	s œ k m æ k
sökmək	s œ t͡ʃ m ɑ χ
sökmək	s œ ç m ɑ χ
söküntü	s œ k y n t y
söküntü	s œ t͡ʃ y n t y
söndürmək	s œ n d y r m æ j
söndürmək	s œ n d y r m æ k
söndürmək	s œ n d y r m ɑ χ
sönmək	s œ j m æ j
sönmək	s œ n m æ k
söykəmək	s œ j k æ m æ j
söykəmək	s œ j k æ m æ k
söykənmək	s œ j k æ n m æ j
söykənmək	s œ j k æ n m æ k
söyləmək	s œ j l æ m æ j
söyləmək	s œ j l æ m æ k
söymək	s œ j m æ j
söymək	s œ j m æ k
söymək	s œ j m ɑ χ
söyüş	s œ j y ʃ
sübut	s y b u t
süfrə	s y f r æ
sülh	s y l h
sümük	s y m y j
sümük	s y m y k
sünni	s y nː i
sürgün	s y r ɡ y n
sürmək	s y r m æ j
sürmək	s y r m æ k
sürmək	s y r m ɑ χ
sürü	s y r y
sürücü	s y r y d͡z y
sürücü	s y r y d͡ʒ y
sürüşkən	s y r y ʃ k æ n
sürüşkən	s y r y ʃ ɡ æ n
süzmək	s y z m æ j
süzmək	s y z m æ k
sıfır	s ɯ f ɯ ɾ
sındırmaq	s ɯ n d ɯ r m ɑ χ
sınmaq	s ɯ mː ɑ χ
sırğa	s ɯ r ɣ ɑ
sıxmaq	s ɯ χ m a χ
sıçmaq	s ɯ t͡s m ɑ χ
sıçmaq	s ɯ t͡ʃ m ɑ χ
sıçramaq	s ɯ t͡s r ɑ j ɯ ʃ
sıçramaq	s ɯ t͡ʃ r ɑ j ɯ ʃ
sıçrayış	s ɯ t͡s r ɑ j ɯ ʃ
sıçrayış	s ɯ t͡ʃ r ɑ j ɯ ʃ
sığmaq	s ɯ ɣ m ɑ χ
səbəb	s æ b æ b
səfər	s æ f æ r
səhnə	s æ h n æ
səhv	s æ f
səhər	s æ h æ r
səksəninci	s æ ç s æ n i n d͡ʒ i
səndemə	s æ n d e m æ
səngin	s æ n d͡ʒ i n
səngin	s æ ŋ ɡ i n
səngək	s æ ŋ æ h
səngək	s æ ŋ æ ɡ
səpmək	s æ p m æ j
sərin	s æ r i n
sərinləmək	s æ r i nː æ m æ j
sərinləmək	s æ r i nː æ m æ k
səriştə	s æ r i ʃ t æ
sərnişin	s æ r n i ʃ i n
sərt	s æ r t
sərxoş	s æ r χ o ʃ
sərçə	s æ r t͡s æ
sərçə	s æ r t͡ʃ æ
səs	s æ s
səsvermə	s æ s v e r m æ
tac	t ɑ d͡z
tac	t ɑ d͡ʒ
tacir	t ɑː d͡z i r
tacir	t ɑː d͡ʒ i r
taktika	t ɑ k t i k ɑ
taktiki	t ɑ k t i k i
tala	t ɑ ɫ ɑ
talamaq	t ɑ ɫ ɑ m ɑ x
tale	t ɑː l e h
tamamilə	t æ m ɑ m iː l æ
tamamilə	t ɑ m ɑː m iː l æ
tamaşa	t ɑ m ɑ ʃ ɑ
tamaşaçı	t ɑ m ɑ ʃ ɑ t͡s ɯ
tamaşaçı	t ɑ m ɑ ʃ ɑ t͡ʃ ɯ
tanrı	t ɑ n r ɯ
tanışmaq	t ɑ n ɯ ʃ m ɑ χ
tapdalamaq	t ɑ p t ɑ ɫ ɑ m ɑ χ
tapmaq	t ɑ p m ɑ χ
tapıntı	t ɑ p ɯ n t ɯ
tapşırmaq	t ɑ p ʃ ɯ r m ɑ χ
taqət	t ɑː ɡ æ t
tar	t ɑ r
tarakan	t ɑ r ɑ k ɑ n
tarixi	t ɑː r i χ i
taun	t ɑ u n
taxmaq	t ɑ χ m ɑ χ
tayfa	t ɑ j f ɑ
tel	t e l
telefon	t e l e f o n
texnoloji	t e x n o ɫ o ʒ ɯ
tezlik	t e z d i j
tezlik	t e z d i k
tezlik	t e z d i ç
tezlik	t e z l i j
tezlik	t e z l i k
tezlik	t e z l i ç
tezliklə	t e z l i k l æ
tibb	t i b
ticarət	t i d͡z ɑ ɾ æ t
ticarət	t i d͡ʒ ɑ ɾ æ t
tikili	t i k i l i
tikili	t i t͡ʃ i l i
tikinti	t i k i n t i
tikinti	t i t͡ʃ i n t i
tikmək	t i k m e j
tikmək	t i k m æ j
tikmək	t i t͡ʃ m æ ç
tikmək	t i t͡ʃ m ɑ χ
tikə	t i k æ
tikə	t i t͡ʃ æ
tire	t i r e
tok	t o k
torpaq	t o p r ɑ χ
torpaq	t o r p ɑ χ
toxum	t o χ u m
toxunmaq	t o χ u mː ɑ χ
toyuq	t o j u χ
toz	t o z
tozağacı	t o z a ɣ a d͡z ɯ
tozağacı	t o z a ɣ a d͡ʒ ɯ
tozağacı	t o z a ɣ a ʒ ɯ
tozsoran	t o sː o r ɑ n
tuman	t u m ɑ n
tumurcuq	t u m u r d͡z u χ
tumurcuq	t u m u r d͡ʒ u χ
turşəng	t u r ʃ æ ŋ ɡ
tutmaq	d u t m ɑ χ
tutmaq	t u t m ɑ χ
tutulmaq	t u t u ɫ m ɑ χ
tökmək	t œ k m æ j
tökmək	t œ k m æ k
tökmək	t œ k m ɑ χ
tülkü	t y l k y
tünd	t y n d
tüstü	t y s t y
tüstü	t y sː i
tıncıxmaq	t ɯ n d͡z ɯ χ m ɑ χ
tıncıxmaq	t ɯ n d͡ʒ ɯ χ m ɑ χ
tısbağa	t ɯ s b ɑ ɣ ɑ
təbrik	t æ b r i k
təbrik	t æ b r i t͡ʃ
təcrübə	t æ d͡z r y b æ
təcrübə	t æ d͡ʒ r y b æ
tədbir	t æ d b i r
tədbirli	t æ d b i r l i
tədbirli	t æ d b i rː i
təfavüt	t a f o t
təfavüt	t æ f o t
təfavüt	t æ f ɑː v y t
təhqir	t æ h ɡ i r
təhsil	t æ h s i l
tək	t æ h
tək	t æ k
tək	t æ ç
təknikahlılıq	t æ t͡ʃ n i d͡ʒ a h ɫ ɯ l ɯ χ
təknikahlılıq	t æ t͡ʃ n i t͡ʃ a h ɫ ɯ l ɯ χ
təkrar	t i t͡ʃ r ɑ r
təkə	t æ k æ
təkər	t æ j æ ɾ
təkər	t æ k æ r
tələbat	t æ l æ b ɑ t
tələbat	t æ ɫ ɑ b ɑ t
tələbə	t æ l æ b æ
təmizləmək	t æ m i z d æ m æ j
təmizləmək	t æ m i z d æ m æ k
təmizləmək	t æ m i z l æ m æ j
təmizləmək	t æ m i z l æ m æ k
tər	t æ r
tərcüməçi	t æ ɾ d͡z y m æ t͡s i
tərcüməçi	t æ ɾ d͡ʒ y m æ t͡ʃ i
tərgitmək	t æ r ɡ i t m æ j
tərgitmək	t æ r ɡ i t m æ k
tərləmək	t æ rː æ m æ j
tərləmək	t æ rː æ m æ k
tərləmək	t æ rː æ m ɑ χ
tərpənmək	t æ r p æ mː m æ j
tərəfindən	t æ ɾ æ f i n d æ n
tərəfindən	t æ ɾ æ f i nː æ n
tərəvəz	t æ r æ v æ z
tərəzi	t æ r æ z i
təsirli	t æ s i r l i
təsirli	t æ s i rː i
təsirsiz	t æ s i r s i z
təxir	t æ χ i r
təzahür	t æ z ɑː h y r
təzminat	t æ z m i n ɑ t
təzə	t æ z æ
təəccüblənmək	t æ æ d͡z y b l æ n m æ t͡ʃ
təəccüblənmək	t æ æ d͡ʒ y b l æ n m æ k
uca	u d͡z ɑ
uca	u d͡ʒ ɑ
ucadan	u d͡z ɑ d ɑ n
ucadan	u d͡ʒ ɑ d ɑ n
ucqar	u d͡z ɡ ɑ r
ucqar	u d͡ʒ ɡ ɑ r
ucuz	u d͡z u z
ucuz	u d͡ʒ u z
udlaq	u d ɫ ɑ χ
udmaq	u d m ɑ χ
uduzmaq	u d u z m ɑ χ
uduzmaq	u t u z m ɑ χ
uduş	u d ɯ ʃ
ulu	u ɫ u
unudulmaz	u n u d u ɫ m ɑ z
unutmaq	u n u t m ɑ χ
unutqan	u n u t k ɑ n
utanc	u t ɑ n d͡z
utanc	u t ɑ n d͡ʒ
utanmaq	u t ɑ mː ɑ χ
uymaq	u j m ɑ χ
uyğun	u j ɣ u n
uzanmaq	u z ɑ mː ɑ χ
uzanmaq	u z ɑ n m ɑ χ
uzaq	u z ɑ χ
uzaqbaşı	u z ɑ ɣ b ɑ ʃ ɯ
uzun	u z u n
uzundraz	u z u n d r ɑ z
uçmaq	u t͡s m ɑ χ
uçmaq	u t͡ʃ m ɑ χ
uçuş	u t͡s ɯ ʃ
uçuş	u t͡ʃ ɯ ʃ
uğur	u ɣ u r
uğurlu	u ɣ u r ɫ u
uğurlu	u ɣ u rː u
uşaq	u ʃ ɑ χ
uşaqbaz	u ʃ ɑ ɣ b ɑ z
uşaqbazlıq	u ʃ ɑ χ b ɑ z ɫ ɯ χ
vacib	v ɑ d͡z ɯ b
vacib	v ɑ d͡ʒ ɯ b
vacib	v ɑː d͡z i b
vacib	v ɑː d͡ʒ i b
vaksin	v ɑ k s i n
valideyn	v ɑ l i d e j n
vanil	v ɑ n i l
varlıq	v ɑ r ɫ ɯ χ
varmaq	v ɑ r m ɑ χ
vasitə	v ɑː s i t æ
vağzal	v ɑ ɣ z ɑ ɫ
vergi	v e r ɡ i
vergi	v æ r ɡ i
vergiçi	v e r ɡ i t͡s i
vergiçi	v e r ɡ i t͡ʃ i
vergül	v e r ɡ y l
veriliş	v e r i l i ʃ
verilmək	v e r i l m æ j
verilmək	v e r i l m æ k
verilmək	v æ r i l m ɑ χ
verilmək	v æ r y l m e j
verilənlər	v e r i l æ n l æ r
vermək	v e r m æ j
vermək	v e r m æ k
vermək	v e r m ɑ χ
vermək	v æ r m æ j
vicdan	v i d͡z d ɑ n
vicdan	v i d͡ʒ d ɑ n
vicdan	v i ʒ d ɑ n
vicdansız	v i d͡z d ɑ n s ɯ z
vicdansız	v i d͡ʒ d ɑ n s ɯ z
vicdansız	v i ʒ d ɑ n s ɯ z
vilayət	v i l ɑː j æ t
vurğulamaq	v u r ɣ u ɫ ɑ m ɑ χ
vəba	v æ b ɑ
vədə	v æ d æ
vəkil	v æ k i l
vərəq	v æ r æ k
vərəq	v æ r æ ɡ
vətənpərvər	v æ t æ n p æ r v æ r
vətənpərəst	v æ t æ n p æ r æ s t
vəzi	v æ z i
vəzifə	v æ z iː f æ
vəziyyət	v æ z i j j æ t
vəzn	v æ z n
xadim	χ ɑː d i m
xala	χ ɑ ɫ ɑ
xali	x ɑː l i
xalq	χ ɑ l χ
xalq	χ ɑ ɫ k
xalq	χ ɑ ɫ ɡ
xalça	χ ɑ ɫ t͡s ɑ
xalça	χ ɑ ɫ t͡ʃ ɑ
xam	χ ɑ m
xatirə	χ ɑː t ɯ r æ
xatırlamaq	χ ɑ t ɯ r ɫ ɑ m ɑ χ
xatırlatmaq	χ ɑ t ɯ r ɫ ɑ t m ɑ χ
xeyir	χ e j i r
xiyaban	χ i j ɑ b ɑ n
xiyaban	χ i j ɑ v ɑ n
xiyaban	χ ɯ j ɑ b ɑ n
xodlamaq	χ o tː ɑ m ɑ χ
xodlanmaq	χ o tː ɑ m ɑ χ
xoş	x o ʃ
xoşagəlməz	χ o ʃ ɑ d͡ʒ æ l m æ z
xoşagəlməz	χ o ʃ ɑ ɡ æ l m æ z
xudbin	χ u d b i n
xötək	χ œ t æ j
xötək	χ œ t æ k
xötək	χ œ t æ t͡ʃ
xötək	χ œ t æ ç
xəbər	χ æ b æ r
xəmir	χ æ m i r
xərc	χ æ r d͡z
xərc	χ æ r d͡ʒ
xərcləmək	χ æ r d͡z l æ m æ k
xərcləmək	χ æ r d͡ʒ l æ m æ k
xərçəng	x æ r t͡ʃ æ ŋ ɡ
xəstə	χ æ s t æ
xəstəlik	χ æ s t æ l i j
xəstəlik	χ æ s t æ l i k
xəstəxana	χ æ s t æ χ ɑ n ɑ
xətkeş	χ æ t k e ʃ
xətçəkən	χ æ t t͡s æ t͡ʃ æ n
xətçəkən	χ æ t t͡ʃ æ k æ n
xəzinə	x æ z iː n æ
yaba	j ɑ b ɑ
yad	j ɑ d
yadplanetli	j ɑ d p l ɑ n e t l i
yal	j ɑ ɫ
yalamaq	j ɑ ɫ ɑ m ɑ χ
yalan	j a ɫ a n
yalnız	j a ɫ n ɯ z
yalnız	j ɑ ɫ n ɯ z
yalvarmaq	j ɑ ɫ v ɑ r m ɑ χ
yalın	j ɑ ɫ ɯ n
yalınayaq	j ɑ ɫ ɯ n ɑ j ɑ ɣ
yamac	j ɑ m ɑ d͡ʒ
yaman	j ɑ m ɑ n
yanacaq	j ɑ n ɑ d͡z ɑ χ
yanacaq	j ɑ n ɑ d͡ʒ ɑ χ
yanaq	j ɑ n ɑ χ
yandırmaq	j ɑ n d ɯ r m ɑ χ
yanlış	j ɑ n ɫ ɯ ʃ
yanlış	j ɑ ɫ n ɯ ʃ
yanmaq	j ɑ mː ɑ χ
yanmaq	j ɑ n m ɑ χ
yanğın	j ɑ n ɣ ɯ n
yanğınsöndürən	j ɑ n ɣ ɯ n s œ n d y r æ n
yanında	j ɑ n ɯ n d ɑ
yanıq	j ɑ n ɯ χ
yapalaq	j ɑ p ɑ ɫ a χ
yapışdırmaq	j ɑ p ɯ ʃ d ɯ r m ɑ χ
yara	j ɑ r ɑ
yaramaq	j ɑ r ɑ m ɑ χ
yaramaz	j ɑ r ɑ m ɑ z
yaranmaq	j ɑ r ɑ n m ɑ χ
yarasa	j ɑ r ɑ s ɑ
yaratmaq	j ɑ r ɑ t m ɑ χ
yaraşmaq	j ɑ r ɑ ʃ m ɑ χ
yaraşıqlı	j ɑ r ɑ ʃ ɯ ɣ ɫ ɯ
yardım	j ɑ r d ɯ m
yarmaq	j ɑ r m ɑ χ
yarpaq	j æ p r ɑ x
yarpaq	j ɑ r p ɑ χ
yarus	j ɑ r u s
yarğan	j ɑ r ɣ ɑ n
yarı	j ɑ r ɯ
yarım	j ɑ r ɯ m
yarımada	j ɑ r ɯ m ɑ d ɑ
yarımkürə	j ɑ r ɯ m k y r æ
yarımkürə	j ɑ r ɯ m t͡ʃ y r æ
yarımsavadlı	j ɑ r ɯ m s ɑ v ɑ d ɫ ɯ
yarın	j ɑ r ɯ n
yarısavadlı	j ɑ r ɯ s ɑ v ɑ d ɫ ɯ
yarış	j ɑ r ɯ ʃ
yasaq	j ɑ s ɑ χ
yastıq	j ɑ s t ɯ χ
yataq	j ɑ t ɑ χ
yatmaq	j ɑ t m ɑ χ
yatırım	j ɑ t ɯ r ɯ m
yavaş	j ɑ v ɑ ʃ
yaxa	j ɑ χ ɑ
yaxalamaq	j ɑ χ ɑ ɫ ɑ m ɑ χ
yaxmaq	j ɑ χ m ɑ χ
yaxın	j ɑ χ ɯ n
yaxınlığında	j ɑ χ ɯ n ɫ ɯ ɣ ɯ n d ɑ
yaxşı	j ɑ χ t͡s ɯ
yaxşı	j ɑ χ t͡ʃ ɯ
yaxşı	j ɑ χ ʃ ɯ
yay	j ɑ j
yaylaq	j ɑ j l ɑ χ
yaylıq	j ɑ j ɫ ɯ χ
yazdırmaq	j ɑ z d ɯ r m ɑ χ
yazmaq	j ɑ z m ɑ χ
yazı	j ɑ z ɯ
yazılış	j ɑ z ɯ l ɯ ʃ
yazın	j ɑ z ɯ n
yazıq	j ɑː z ɯ ɣ
yazıq	j ɑː z ɯ χ
yazıçı	j ɑ z ɯ t͡s ɯ
yazıçı	j ɑ z ɯ t͡ʃ ɯ
yazışmaq	j ɑ z ɯ ʃ m a χ
yağ	j ɑ ɣ
yağı	j ɑ ɣ ɯ
yağış	j a ɣ ɯ ʃ
yaş	j ɑ ʃ
yaşasın	j ɑ ʃ ɑ s ɯ n
yaşayış	j ɑ ʃ ɑ j ɯ ʃ
yaşdaş	j ɑ ʃ d ɑ ʃ
yaşlı	j ɑ ʃ ɫ ɯ
yaşıd	j ɑ ʃ ɯ d
yeddi	j e tː i
yeddinci	j e tː i n d͡z i
yeddinci	j e tː i n d͡ʒ i
yekə	j e k æ
yekə	j e t͡ʃ æ
yel	j e l
yelləncək	j e lː æ n d͡z æ t͡ʃ
yelləncək	j e lː æ n d͡ʒ æ j
yelləncək	j e lː æ n d͡ʒ æ k
yellənmək	j e lː æ n m æ j
yellənmək	j e lː æ n m æ k
yellənmək	j e lː æ n m æ t͡ʃ
yelpik	j e l p i j
yelpik	j e l p i k
yelpik	j e l p i ç
yemək	j e m æ j
yemək	j e m æ k
yemək	j e m ɑ χ
yengə	j e ŋ ɡ æ
yeni	j e n i
yenidən	j e n i d æ n
yenilməz	j e n i l m æ z
yerimək	j e r i m æ j
yerimək	j e r i m æ k
yerləşdirmək	j e r l æ ʃ d i r m æ j
yerləşdirmək	j e rː æ ʃ d i r m æ j
yerləşmək	j e r l æ ʃ m æ j
yerləşmək	j e rː æ ʃ m æ j
yersiz	j e r s i z
yetim	j e t i m
yetişdirmək	j e t i ʃ d i r m æ j
yetişdirmək	j e t i ʃ d i r m æ k
yetişmək	j e t i ʃ m æ j
yetişmək	j e t i ʃ m æ k
yetmiş	j e t m i ʃ
yetmişinci	j e t m i ʃ i n d͡ʒ i
yetmək	j e t m æ j
yetmək	j e t m æ k
yey	j e j
yey	j e ɡ
yeznə	j e z n æ
yiyə	j i j æ
yiyəsiz	j i j æ s i z
yoluxmaq	j o ɫ u χ m ɑ χ
yoluxucu	j o ɫ u χ u d͡z u
yoluxucu	j o ɫ u χ u d͡ʒ u
yorulmaq	j o r u l m ɑ χ
yorulmaz	j o r u ɫ m ɑ z
yorğan	j o r ɣ ɑ n
yorğanağı	j o r ɣ ɑ n ɑ ɣ ɯ
yorğun	j o r ɣ u n
yosun	j o s u n
yox	j o χ
yoxlamaq	j o χ ɫ ɑ m ɑ χ
yoxsa	j o χ s ɑ
yoxsul	j o x s u ɫ
yozmaq	j o z m ɑ χ
yoğurmaq	j o ɣ u r m ɑ χ
yoğurt	j o ɣ u r t
yumaq	j u m ɑ χ
yumruq	j u m r u χ
yumruq	j u m u r u χ
yumurta	j u m u r t ɑ
yumşaq	j u m u ʃ a χ
yumşaq	j u m ʃ a χ
yuva	j u v ɑ
yuva	u v ɑ
yön	j œ n
yönlü	j œ n l y
yönlü	j œ nː y
yüksək	j y k s æ k
yükçü	j y k t͡s y
yükçü	j y k t͡ʃ y
yüngül	j y n ɡ y l
yürümək	j y r y m æ j
yürümək	j y r y m æ k
yüyürmək	j y j y r m æ j
yüyürmək	j y j y r m æ k
yüzüncü	j y z y n d͡ʒ y
yırtmaq	j ɯ r t m ɑ χ
yırtıcı	j ɯ r t ɯ d͡z ɯ
yırtıcı	j ɯ r t ɯ d͡ʒ ɯ
yıxmaq	j ɯ χ m ɑ χ
yığmaq	j ɯ ɣ m ɑ χ
yığışdırmaq	j ɯ ɣ ɯ ʃ d ɯ r m ɑ χ
yığışmaq	j ɯ ɣ ɯ ʃ m ɑ χ
yəqin	j æ ɡ i n
yəqin	j æː ɡ i n
zahiri	z ɑː h i r i
zaman	z ɑ m ɑ n
zamanı	z ɑ m ɑ n ɯ
zaqafqaziya	z ɑ ɡ ɑ f ɡ ɑ z j ɑ
zavod	z ɑ v o d
zirinc	z i r i n d͡z
zirinc	z i r i n d͡ʒ
ziyil	z i j i l
zorakılıq	z o r ɑ k ɯ l ɯ χ
zorla	z o r ɫ ɑ
zorla	z o rː ɑ
zorlama	z o r ɫ ɑ m ɑ
zorlama	z o rː ɑ m ɑ
zorlamaq	z o r ɫ ɑ m ɑ χ
zorlamaq	z o rː ɑ m ɑ χ
zəfər	z æ f æ ɾ
zəfəran	z æ f æ r ɑ n
zəhmət	z æ h m æ t
zəhərli	z æ h æ r l i
zəhərli	z æ h æ rː i
zəif	z æ i f
zəiflik	z æ i f l i j
zəiflik	z æ i f l i ç
zəncir	z æ n d͡z i r
zəncir	z æ n d͡ʒ i r
zəncəfil	z æ n d͡z æ f i l
zəncəfil	z æ n d͡ʒ æ f i l
zəngin	z æ n d͡ʒ i n
zəngin	z æ ŋ ɡ i n
zərgər	z æ r ɡ æ r
zərurət	z æ r uː r æ t
zərər	z æ r æ r
çal	t͡s ɑ ɫ
çal	t͡ʃ ɑ ɫ
çalma	t͡s ɑ ɫ m ɑ
çalma	t͡ʃ ɑ ɫ m ɑ
çalmaq	t͡s ɑ ɫ m ɑ χ
çalmaq	t͡ʃ ɑ ɫ m ɑ χ
çalışmaq	t͡s ɑ ɫ ɯ ʃ m ɑ χ
çalışmaq	t͡ʃ ɑ ɫ ɯ ʃ m ɑ χ
çalışqan	t͡s ɑ ɫ ɯ ʃ ɡ ɑ n
çalışqan	t͡ʃ ɑ ɫ ɯ ʃ ɡ ɑ n
çanta	t͡s ɑ n t ɑ
çanta	t͡ʃ ɑ n t ɑ
çap	t͡s ɑ p
çap	t͡ʃ ɑ p
çaqqal	t͡s ɑ kː ɑ ɫ
çaqqal	t͡ʃ ɑ kː ɑ ɫ
çaqqı	t͡s ɑ kː ɯ
çar	t͡s ɑ r
çar	t͡ʃ ɑ r
çarə	t͡s ɑː r æ
çarə	t͡ʃ ɑː r æ
çatdırmaq	t͡s ɑ tː ɯ r m ɑ χ
çatdırmaq	t͡ʃ ɑ tː ɯ r m ɑ χ
çatmaq	t͡s ɑ t m ɑ χ
çatmaq	t͡ʃ ɑ t m ɑ χ
çatışmamazlıq	t͡s ɑ t ɯ ʃ m ɑ m ɑ z ɫ ɯ χ
çatışmamazlıq	t͡ʃ ɑ t ɯ ʃ m ɑ m ɑ z ɫ ɯ χ
çatışmaq	t͡s ɑ t ɯ ʃ m ɑ χ
çatışmaq	t͡ʃ ɑ t ɯ ʃ m ɑ χ
çatışmazlıq	t͡s ɑ t ɯ ʃ m ɑ z ɫ ɯ χ
çatışmazlıq	t͡ʃ ɑ t ɯ ʃ m ɑ z ɫ ɯ χ
çavuş	t͡s ɑ v u ʃ
çavuş	t͡ʃ ɑ v u ʃ
çaxmaq	t͡s ɑ χ m ɑ χ
çaxmaq	t͡ʃ ɑ χ m ɑ χ
çaxmaq	ʃ ɑ χ m ɑ χ
çayxana	t͡s ɑ j χ ɑ n ɑ
çayxana	t͡ʃ ɑ j χ ɑ n ɑ
çağ	t͡s ɑ ɣ
çağ	t͡ʃ ɑ ɣ
çağa	t͡s ɑ ɣ ɑ
çağa	t͡ʃ ɑ ɣ ɑ
çağdaş	t͡s a ɣ d a ʃ
çağdaş	t͡ʃ a ɣ d a ʃ
çağırmaq	t͡s ɑ ɣ ɯ r m ɑ χ
çağırmaq	t͡ʃ ɑ ɣ ɯ r m ɑ χ
çağırış	t͡s ɑ ɣ ɯ r ɯ ʃ
çağırış	t͡ʃ ɑ ɣ ɯ r ɯ ʃ
çaşdırmaq	t͡s ɑ ʃ t ɯ r m ɑ χ
çaşdırmaq	t͡ʃ ɑ ʃ t ɯ r m ɑ χ
çaşmaq	t͡s ɑ ʃ m ɑ χ
çaşmaq	t͡ʃ ɑ ʃ m ɑ χ
çeşmək	t͡s e ʃ m æ t͡ʃ
çeşmək	t͡s e ʃ m æ ç
çeşmək	t͡ʃ e ʃ m æ j
çeşmək	t͡ʃ e ʃ m æ k
çeşmək	t͡ʃ e ʃ m æ ç
çibin	t͡s i b i n
çibin	t͡ʃ i b i n
çilingər	t͡s i l i n d͡ʒ æ r
çilingər	t͡ʃ i l i n ɡ æ r
çimizdirmək	t͡s i m i z d i r m æ k
çimizdirmək	t͡ʃ i m i z d i r m æ j
çimizdirmək	t͡ʃ i m i z d i r m æ k
çirk	t͡s i r t͡ʃ
çirk	t͡s i ç
çirk	t͡ʃ i r k
çirkin	t͡s i r t͡ʃ i n
çirkin	t͡ʃ i r k i n
çirkli	t͡s i r t͡ʃ l i
çirkli	t͡ʃ i r k l i
çiskinləmək	t͡s i s t͡ʃ i n l æ m æ t͡ʃ
çiskinləmək	t͡ʃ i s k i n l æ m æ k
çisələmək	t͡s i s æ l æ m æ t͡ʃ
çisələmək	t͡ʃ i s æ l æ m æ k
çisəmək	t͡s i s æ m æ t͡ʃ
çisəmək	t͡ʃ i s æ m æ k
çiy	t͡s i j
çiy	t͡ʃ i j
çiyin	t͡s i j i n
çiyin	t͡ʃ i j i n
çiyələk	t͡ʃ i j æ l æ k
çiçək	t͡s i t͡s æ j
çiçək	t͡s i t͡s æ k
çiçək	t͡ʃ i t͡ʃ æ j
çiçək	t͡ʃ i t͡ʃ æ k
çiçəkləmək	t͡s i t͡s æ t͡ʃ l æ m æ t͡ʃ
çiçəkləmək	t͡ʃ i t͡ʃ æ k l æ m æ k
çocuq	t͡s o d͡z u χ
çocuq	t͡ʃ o d͡ʒ u χ
çoxdan	t͡s o χ d ɑ n
çoxdan	t͡ʃ o χ d ɑ n
çoxnikahlılıq	t͡s o χ n i d͡ʒ ɑ h ɫ ɯ l ɯ χ
çoxnikahlılıq	t͡s o χ n i t͡ʃ ɑ h ɫ ɯ l ɯ χ
çubuş	t͡s u b u ʃ
çubuş	t͡ʃ u b u ʃ
çuğundur	t͡ʃ u ɣ u n d u r
çökmək	t͡s œ k m æ t͡ʃ
çökmək	t͡ʃ œ k m æ j
çökmək	t͡ʃ œ k m æ k
çöl	t͡s œ l
çöl	t͡ʃ œ l
çömçəquyruq	t͡ʃ œ m t͡ʃ æ ɡ u j r u χ
çörək	t͡s œ r æ j
çörək	t͡s œ r æ t͡ʃ
çörək	t͡ʃ œ r æ j
çörək	t͡ʃ œ r æ k
çünki	t͡s y n k i
çünki	t͡s y n k y
çünki	t͡ʃ y n k i
çünki	t͡ʃ y n k y
çürük	t͡ʃ y r y h
çürük	t͡ʃ y r y j
çürük	t͡ʃ y r y k
çürük	t͡ʃ y r y ç
çıraq	t͡s ɯ r ɑ χ
çıraq	t͡ʃ ɯ r ɑ χ
çıxarmaq	t͡s ɯ χ ɑ r t m ɑ χ
çıxarmaq	t͡ʃ ɯ χ ɑ r t m ɑ χ
çıxmaq	t͡s ɯ χ m ɑ χ
çıxmaq	t͡ʃ ɯ χ m ɑ χ
çıxış	t͡s ɯ χ ɯ ʃ
çıxış	t͡ʃ ɯ χ ɯ ʃ
çəki	t͡s æ t͡ʃ i
çəki	t͡ʃ æ k i
çəkic	t͡s æ t͡ʃ i d͡z
çəkic	t͡ʃ æ k i d͡ʒ
çəkiliş	t͡s æ t͡ʃ i l i ʃ
çəkiliş	t͡ʃ æ k i l i ʃ
çəkilmək	t͡s æ k i l m æ j
çəkilmək	t͡ʃ æ k i l m æ j
çəkilmək	t͡ʃ æ k i l m æ k
çəkmək	t s æ h m ɑ χ
çəkmək	t͡s æ k m æ j
çəkmək	t͡s æ k m æ k
çəkmək	t͡ʃ æ k m æ j
çəkmək	t͡ʃ æ k m æ k
çəngəl	t͡s æ ŋ ɡ æ l
çəngəl	t͡ʃ æ ŋ ɡ æ l
çənə	t͡ʃ æ n æ
çətin	t͡s æ t i n
çətin	t͡ʃ æ t i n
çətir	t͡s æ t i r
çətir	t͡ʃ æ t i r
öd	œ d
ödlük	œ d l y j
ödlük	œ d l y k
ödlük	œ d l y ç
ödəniş	œ d æ n i ʃ
ödənişsiz	œ d æ n i ʃ s i z
öfgə	o f ɡ æ
öfgə	œ f d͡ʒ æ
öfgə	œ f ɡ æ
ögey	œ ɡ e j
ögey	œ ɡ æ j
öküz	œ k y z
öldürmək	œ l d y r m æ j
öldürmək	œ l d y r m æ k
öldürmək	œ l d y r m ɑ χ
ölkə	œ l k æ
ölmək	œ l m æ k
ölmək	œ l m ɑ χ
ölçmək	œ l t͡s m æ j
ölçmək	œ l t͡s m æ k
ölçmək	œ l t͡s m ɑ χ
ölçmək	œ l t͡ʃ m æ j
ölçmək	œ l t͡ʃ m æ k
ölçmək	œ ʃ m ɑ χ
ölçü	œ l t͡s y
ölçü	œ l t͡ʃ y
ölüm	œ l y m
ölümcül	œ l y m d͡z y l
ölümcül	œ l y m d͡ʒ y l
ölüxana	œ l y χ ɑ n ɑ
öndər	œ n d æ r
önəmli	œ n æ m l i
öpmək	œ p m æ j
öpmək	œ p m æ k
öpüşmək	œ p y ʃ m æ k
öpüşmək	œ p œ p y ʃ m æ j
ördək	œ r d æ j
ördək	œ r d æ k
ördək	œ r d æ ç
ördəkburun	œ r d æ k b u r u n
örpək	œ r p æ j
örpək	œ r p æ ç
örtmək	œ r t m æ j
örtmək	œ r t m æ k
örtmək	œ r t m ɑ χ
örtmək	œ t m ɑ χ
örtük	œ r t y j
örtük	œ r t y ç
öskürmək	œ s k y r m æ j
öskürmək	œ s ɡ y r m ɑ χ
ötkəm	œ t k æ m
ötrü	œ t r y
övlad	e v l ɑ d
övlad	œ v l ɑ d
övrə	œ v r æ
öxbə	œ h b æ
öxbə	œ x b æ
öyrənmək	œ j r æ n m æ j
öyrənmək	œ j r æ n m æ k
öyrətmək	œ j r æ t m æ j
öyrətmək	œ j r æ t m æ k
öyəc	œ j æ d͡z
öyəc	œ j æ d͡ʒ
öyəc	œ ɡ æ d͡z
öyəc	œ ɡ æ d͡ʒ
özəl	œ z æ l
ülgü	y l ɡ y
ülgüc	y l ɡ y d͡ʒ
ümid	y m i d
ünlü	y n l y
ünlü	y nː y
ünsür	y n s y r
ünvan	y n v ɑ n
ürək	y r æ j
ürək	y r æ ç
ürəmək	y r y m æ χ
ürəmək	y r æ m æ k
ürəmək	y r æ m æ ɡ
üst	y s t
üstündə	y s t y n d æ
üstünə	y s t y n æ
ütü	y t y
üzbəüz	y z b æ y z
üzmək	y z m æ j
üzmək	y z m æ k
üzmək	y z m ɑ χ
üzrə	y z r æ
üzügülər	y z y ɡ y l æ r
üzük	y z y j
üzük	y z y k
üzərində	y z æ r i n d æ
üçbucaq	y t͡s b u d͡z ɑ χ
üçbucaq	y t͡ʃ b u d͡ʒ ɑ χ
üçün	y t͡s y n
üçün	y t͡ʃ y n
üçüncü	y t͡ʃ y n d͡ʒ y
üşütmə	y ʃ y t m æ
şad	ʃ ɑ d
şadlıq	ʃ ɑ d ɫ ɯ χ
şahanə	ʃ ɑ h ɑː n æ
şahid	ʃ ɑː h i d
şahmat	ʃ ɑ h m ɑ t
şahmatçı	ʃ ɑ h m ɑ t t͡s ɯ
şahmatçı	ʃ ɑ h m ɑ t t͡ʃ ɯ
şair	ʃ ɑː i r
şalvar	ʃ ɑ ɫ v ɑ r
şam	ʃ ɑ m
şamaxı	ʃ ɑ m ɑ χ ɯ
şamçı	ʃ ɑ m t͡s ɯ
şamçı	ʃ ɑ m t͡ʃ ɯ
şapalaq	ʃ ɑ p ɑ ɫ ɑ χ
şaxta	ʃ ɑ χ t ɑ
şeir	ʃ e j i r
şer	ʃ e i r
şer	ʃ e r
şeytan	ʃ e j t ɑ n
şillələmək	ʃ i lː æ
şimali	ʃ i m ɑ l ɯ
şimali	ʃ i m ɑː l i
şimşək	ʃ i m ʃ æ j
şimşək	ʃ i m ʃ æ k
şişirtmək	ʃ i ʃ i r m æ j
şişirtmək	ʃ i ʃ i r m æ k
şiə	ʃ i j æ
şiə	ʃ i æ
şuluq	ʃ u ɫ u χ
şöbə	ʃ œː b æ
şüar	ʃ u ɑ r
şüar	ʃ y ɑ r
şübhə	ʃ y b h æ
şübhə	ʃ y p æ
şüur	ʃ y uː r
şüyüd	ʃ y j y d
şüşə	ʃ y ʃ æ
şəbəkə	ʃ æ b æ k æ
şəbəkə	ʃ æ b æ t͡ʃ æ
şəhid	ʃ æ h i d
şəhla	ʃ æ h l ɑ
şəhər	ʃ æ h æ ɾ
şəkil	ʃ æ k i l
şəkər	ʃ æ ç æ ɾ
şəlalə	ʃ æ ɫ ɑː l æ
şənbə	ʃ æ m b æ
şərh	ʃ æ r h
şəxsiyyət	ʃ æ χ s i j æ t
əbədilik	æ b æ d i l i j
əbədilik	æ b æ d i l i k
əbədiyyət	æ b æ d i j æ t
əcəl	æ d͡z æ l
əcəl	æ d͡ʒ æ l
əcəl	æ ʒ æ l
ədalət	æ d ɑː l æ t
ədat	æ d a t
ədviyyə	æ d v i j æ
ədviyyəli	æ d v i j æ l i
ədəd	æ d æ d
əfv	æ f
əgər	æ d͡ʒ æ r
əgər	æ j æ ɾ
əhali	æ h ɑː l i
əhəmiyyət	æ h æ m i j æ t
əhəmiyyətli	æ h æ m i j æ t l i
əjdaha	æ ʒ d ɑ h ɑ
əkmək	æ k m æ j
əkmək	æ k m æ k
əksinə	æ k s i n æ
əksəriyyət	æ k s æ r i j æ t
əla	æː ɫ ɑ
əlaqə	æ ɫ ɑː ɡ æ
əlaçı	æː ɫ ɑ t͡s ɯ
əlaçı	æː ɫ ɑ t͡ʃ ɯ
əlcək	æ l d͡z æ k
əlcək	æ l d͡ʒ æ k
əlcəzair	æ l d ʒ æ z ɑː i ɾ
əlcəzairli	æ l d ʒ æ z ɑː i ɾ l i
əliyalın	ɑ æ l i j ɑ ɫ ɯ n
əlli	æ l l i
əllinci	æ l l i n d͡ʒ i
əlyazı	æ l j ɑ z ɯ
əlçatmaz	æ l t͡s ɑ t m ɑ z
əlçatmaz	æ l t͡ʃ ɑ t m ɑ z
əlüstü	æ l y s t y
əmcək	æ m d͡z æ j
əmcək	æ m d͡ʒ æ j
əmi	æ m i
əmmək	æ mː æ j
əmmək	æ mː æ k
əmn	æ m n
əmr	æ m r
əmək	æ m æ j
əmək	æ m æ k
əməl	æ m æ l
ənis	æ n i s
ənsə	æ n s æ
ənənə	æ n æː n æ
ənənəvi	æ n æ n æː v i
ər	æ ɾ
ərimək	æ r i m æ j
ərimək	æ r i m æ k
əritmək	æ r i t m æ j
əritmək	æ r i t m æ k
əritmək	æ r i t m ɑ χ
əriş	æ r i ʃ
əsarət	æ s ɑː r æ t
əsgər	æ s k æ r
əsgər	æ s ɡ æ r
əsir	æ s i r
əski	æ s k i
əsnəmək	æ s n æ m æ j
əsnəmək	æ s n æ m æ k
əsrik	æ s r i j
əsrik	æ s r i k
əsrik	æ s r i t͡ʃ
əsrik	æ s r i ç
əsrik	æ s r i χ
əsrik	æ s r y j
əsrik	æ s r y χ
əsrimək	æ s r i m æ j
əsrimək	æ s r i m æ k
əsəb	æ s æ b
əsər	æ s æ r
ət	æ t
ətək	æ t æ j
ətək	æ t æ k
ətək	æ t æ t͡ʃ
əxlaq	æ h ɫ ɑ k
əxlaq	æ h ɫ ɑ ɡ
əxlaq	æ h ɫ ɑ χ
əxlaq	æ χ ɫ ɑ k
əxlaq	æ χ ɫ ɑ ɡ
əxlaq	æ χ ɫ ɑ χ
əyin	æ j i n
əyləmək	æ j l æ m æ j
əyləmək	æ j l æ m æ k
əyləncə	æ j l æ n d͡z æ
əyləncə	æ j l æ n d͡ʒ æ
əylənmək	æ j l æ n m æ j
əylənmək	æ j l æ n m æ k
əymək	æ j m æ k
əyri	æ j r i
əzizə	æ z i z æ
əşya	æ ʃ j ɑ
