абдулла	ɑ b d u ɫː ɑ
абруй	ɑ b r u j
абруйлы	ɑ b r u j ɫ ɯ̞
абыстай	ɑ b ɯ̞ s t ɑ j
абыстай	ɑ β ɯ̞ s t ɑ j
австралия	ä f s t r ä lʲ i j ä
автобус	a f t o̞ b u s
автономиялы	ä f t ä n o mʲ i j ä ɫ ɯ̞
адрес	ä d rʲ ɪ s
аждаһа	ɑ ʐ d ɑ h ɑ
азамат	ɑ z ɑ m ɑ t
азия	ä zʲ i j ä
азия	ä zʲ iʲ ä
ай	ɑ j
айбулат	ɑ j b u ɫ ɑ t
айгөл	ä j ɡ ʏ̞ l
айнур	ɑ j n u r
айныҡ	ɑ j n ɯ̞ q
айран	a j r a n
айрат	ɑ j r ɑ t
айтуған	ɑ j t u ʁ ɑ n
айырма	ɑ j ɯ̞ r m ɑ
айырым	ɑ j ɯ̞ r ɯ̞ m
айырыуса	ɑ j ɯ̞ r ɯ̞ w s ɑ
айыҡ	ɑ j ɯ̞ q
айғолаҡ	ɑ j ʁ ʊ̞ ɫ ɑ q
айғыр	ɑ j ʁ ɯ̞ r
айҙар	ɑ j ð ɑ r
айһылыу	ɑ j h ɯ̞ ɫ ɯ̞ w
актёр	a k tʲ ɵ r
ал	ɑ ɫ
алабута	ɑ ɫ ɑ b u t ɑ
алабуға	ɑ ɫ ɑ b u ʁ ɑ
алдау	ɑ ɫ d ɑ w
алдаҡсы	ɑ ɫ d ɑ q s ɯ̞
алдынғы	ɑ ɫ d ɯ̞ ŋ ɢ ɯ̞
алйырҙан	ɑ ɫ j ɯ̞ r ð ɑ n
алла	ɑ ɫː ɑ
алма	ɑ ɫ m ɑ
алмас	ɑ ɫ m ɑ s
алмаш	ɑ ɫ m ɑ ʂ
алмағас	ɑ ɫ m ɑ ʁ̞ ɑ s
алтау	ɑ ɫ t a w
алты	ɑ ɫ t ɯ̞
алтын	ɑ ɫ t ɯ̞ n
алъяпҡыс	ɑ ɫ j ɑ p q ɯ̞ s
алыҫ	ɑ ɫ ɯ̞ θ
алға	ɑ ɫ ʁ ɑ
алҡа	ɑ ɫ q ɑ
алҡыш	ɑ ɫ q ɯ̞ ʂ
алһыу	ɑ ɫ h ɯ̞ w
аманат	ɑ m ɑ n ɑ t
андорра	a n d o̞ r a
андорра	a n d o̞ rː a
андыҙ	ɑ n d ɯ̞ ð
ант	ɑ n t
аныҡ	ɑ n ɯ̞ q
апай	ɑ p ɑ j
ара	ɑ r ɑ
арауыҡ	ɑ r ɑ w ɯ̞ q
араҡы	ɑ r ɑ q ɯ̞
арба	ɑ r β ɑ
арзан	ɑ r z ɑ n
арпа	ɑ r p ɑ
арт	ɑ r t
артабан	ɑ r t ɑ β ɑ n
артылыш	ɑ r t ɯ̞ ɫ ɯ̞ ʂ
артыҡ	ɑ r t ɯ̞ q
арыш	ɑ r ɯ̞ ʂ
арыҫлан	ɑ r ɯ̞ θ ɫ ɑ n
арҡа	ɑ r q ɑ
арҡан	ɑ r q ɑ n
арҡаһында	a r q ɑ h ɯ̞ n d ɑ
ас	ɑ s
аслыҡ	ɑ s ɫ ɯ̞ q
асы	ɑ s ɯ̞
асыу	ɑ s ɯ̞ w
асыҡ	ɑ s ɯ̞ q
асҡыс	ɑ s q ɯ̞ s
ат	ɑ t
атай	ä t ä j
атай	ɑ t ɑ j
атама	ɑ t ɑ m ɑ
ау	ɑ w
ауыл	ɑ w ɯ̞ ɫ
ауырыу	ɑ w r ɯ̞ w
ауырыу	ɑ w ɯ̞ r ɯ̞ w
ауыҙ	ɑ w ɯ̞ ð
ауһаҡ	ɑ w h ɑ q
афарин	ɑ f ɑ rʲ ï n
ахыры	ɑ χ ɯ̞ r ɯ̞
ахырызаман	ɑ χ ɯ̞ r ɯ̞ z ɑ m ɑ n
аш	ɑ ʂ
аша	ɑ ʂ ɑ
ашхана	ɑ ʂ χ ɑ n ɑ
ашъяулыҡ	ɑ ʂ j ɑ w ɫ ɯ̞ q
ашыу	ɑ ʂ ɯ̞ w
ашҡаҙан	ɑ ʂ q ɑ ð ɑ n
аят	ɑ j ɑ t
аяуһыҙ	ɑ j ɑ w h ɯ̞ ð
аяҙ	ɑ j ɑ ð
аяҡ	ɑ j ɑ q
ағай	ɑ ʁ ɑ j
ағас	ɑ ʁ ɑ s
ағиҙел	ä ʁ ɪ̈͜i ð ɪ̞ l
ағым	ɑ ʁ ɯ̞ m
ағыу	ɑ ʁ ɯ̞ w
ағыш	ɑ ʁ ɯ̞ ʂ
аҙан	ɑ ð ɑ n
аҙаш	ɑ ð ɑ ʂ
аҙаҡ	ɑ ð ɑ q
аҙаҡҡы	ɑ ð ɑ qː ɯ̞
аҙбар	ɑ ð b ɑ r
аҙна	ɑ ð n ɑ
аҙналыҡ	ɑ ð n ɑ ɫ ɯ̞ q
аҙым	ɑ ð ɯ̞ m
аҙыҡ	ɑ ð ɯ̞ q
аҙған	ɑ ð ʁ ɑ n
аҡ	ɑ q
аҡбур	ɑ q b u r
аҡбуҙ	ɑ q b u ð
аҡбуҙат	ɑ q b u ð ɑ t
аҡлан	ɑ q ɫ ɑ n
аҡрын	ɑ q r ɯ̞ n
аҡрын	ɑ q ɯ̞ r ɯ̞ n
аҡса	ɑ q s ɑ
аҡсарлаҡ	ɑ q s ɑ r ɫ ɑ q
аҡш	ɑ q ɯ̞ ʂ
аҡыл	ɑ q ɯ̞ ɫ
аҡыллы	ɑ q ɯ̞ ɫː ɯ̞
аҡҡош	ɑ qː ʊ̞ ʂ
аҡһаҡ	ɑ q h ɑ q
аҡһаҡал	ɑ q h ɑ q ɑ ɫ
аҡһым	ɑ q h ɯ̞ m
аң	ɑ ŋ
аҫтыртын	ɑ θ t ɯ̞ r t ɯ̞ n
аҫҡа	ɑ θ q ɑ
бабай	b ɑ β ɑ j
бажа	b ɑ ʒ ɑ
бай	b ɑ j
байлыҡ	b ɑ j ɫ ɯ̞ q
байрам	b ɑ j r ɑ m
байрамбикә	b ä j r ä m bʲ i k æ
байрас	b ɑ j r ɑ s
байраҡ	b ɑ j r ɑ q
байтал	b ɑ j t ɑ ɫ
байтаҡ	b ɑ j t ɑ q
бал	b ɑ ɫ
бала	b ɑ ɫ ɑ
балан	b ɑ ɫ ɑ n
балауыҙ	b ɑ ɫ ɑ w ɯ̞ ð
балаҡ	b ɑ ɫ ɑ q
балаҫ	b ɑ ɫ ɑ θ
балдар	b ɑ ɫ d ɑ r
балдаҡ	b ɑ ɫ d ɑ q
балсыҡ	b ɑ ɫ s ɯ̞ q
балта	b ɑ ɫ t ɑ
балтырған	b ɑ ɫ t ɯ̞ r ʁ ɑ n
балыҡ	b ɑ ɫ ɯ̞ q
балыҡсы	b ɑ ɫ ɯ̞ q s ɯ̞
балға	b ɑ ɫ ʁ ɑ
баныу	b ɑ n ɯ̞ w
бар	b ɑ r
барабан	b ä r ä b ä n
барабансы	b ä r ä b ä n s ɯ̞
бармаҡ	b ɑ r m ɑ q
барыбер	b ɑ r ɯ̞ β ɯ̞ r
бата	b ɑ t ɑ
батмус	b ɑ t m u s
батша	b ɑ t ʂ ɑ
батыр	b ɑ t ɯ̞ r
батырлыҡ	b ɑ t ɯ̞ r ɫ ɯ̞ q
батҡаҡ	b ɑ t q ɑ q
бау	b ɑ w
бауыр	b ɑ w ɯ̞ r
бауырһаҡ	b ɑ w ɯ̞ r h ɑ q
бахыр	b ɑ χ ɯ̞ r
баш	b ɑ ʂ
башаҡ	b ɑ ʂ ɑ q
башватҡыс	b ɑ ʂ w ɑ t q ɯ̞ s
башланғыс	b ɑ ʂ ɫ ɑ ŋ ɢ ɯ̞ s
башлыса	b ɑ ʂ ɫ ɯ̞ s ɑ
башлыҡ	b ɑ ʂ ɫ ɯ̞ q
башмаҡ	b ɑ ʂ m ɑ q
башҡа	b ɑ ʂ q ɑ
башҡала	b ɑ ʂ q ɑ ɫ ɑ
башҡорт	b ɑ ʂ q ʊ̞ r t
башҡортостан	b ɑ ʂ q ʊ̞ r t ʊ̞ s t ɑ n
баған	b ɑ ʁ ɑ n
бағана	b ɑ ʁ ɑ n ɑ
баҙар	b ɑ ð ɑ r
баҙыян	b ɑ ð ɯ̞ j ɑ n
баҡа	b ɑ q ɑ
баҡса	b ɑ q s ɑ
баҡсасы	b ɑ q s ɑ s ɯ̞
баҡтиһәң	b ɑ q tʲ i h æ ŋ
баҡыр	b ɑ q ɯ̞ r
баҡһаң	b ɑ q h ɑ ŋ
баҫма	b ɑ θ m ɑ
баҫым	b ɑ θ ɯ̞ m
баҫыу	b ɑ θ ɯ̞ w
баҫҡыс	b ɑ θ q ɯ̞ s
баһа	b ɑ h ɑ
бей	b ɪ̞ j
бейек	b ɪ̞ j ɪ̞ k
бейеүсе	b ɪ̞ j ɪ̞ w s ɪ̞
бейә	b ɪ̞ j æ
бейәләй	b ɪ̞ j æ l æ j
белгес	b ɪ̞ l ɡ ɪ̞ s
белем	b ɪ̞ l ɪ̞ m
беләҙек	b ɪ̞ l æ ð ɪ̞ k
бер	b ɪ̞ r
бергә	b ɪ̞ r ɡ æ
беренсенән	b ɪ̞ r ɪ̞ n s ɪ̞ n æ n
берҙәм	b ɪ̞ r ð æ m
берәмек	b ɪ̞ r æ m ɪ̞ k
берәү	b ɪ̞ r æ w
бесәй	b ɪ̞ s æ j
бесән	b ɪ̞ s æ n
бет	b ɪ̞ t
бетеү	b ɪ̞ t ɪ̞ w
беҙ	b ɪ̞ ð
беҙгә	b ɪ̞ ð ɡ æ
беҙҙе	b ɪ̞ ðː ɪ̞
беҙҙең	b ɪ̞ ðː ɪ̞ ŋ
беҙҙә	b ɪ̞ ðː æ
беҙҙән	b ɪ̞ ðː æ n
бигерәк	bʲ i ɡ ɪ̞ r æ k
бик	bʲ i k
бикбулат	bʲ i k b u ɫ ä t
бикле	bʲ i k l ɪ̞
бикте	bʲ i k t ɪ̞
бикә	bʲ i k æ
бил	bʲ i l
билдә	b i l d æ
билдәләмә	b i l d æ l æ m æ
бирсәткә	bʲ i r s æ t k æ
бисмилла	bʲ i s mʲ i ɫ ä
бит	bʲ i t
бит	β i t
битлек	bʲ i t l ɪ̞ k
биш	bʲ i ʃ
бишек	b i ʃ ɪ̞ k
бишәү	bʲ i ʃ æ w
биҙ	bʲ i ð
биҙгәк	bʲ i ð ɡ æ k
биҙрә	bʲ i ð r æ
биҙәк	bʲ i ð æ k
бойондороҡһоҙ	b ʊ̞ j ʊ̞ n d ʊ̞ r ʊ̞ q h ʊ̞ ð
бойондороҡһоҙлоҡ	b ʊ̞ j ʊ̞ n d ʊ̞ r ʊ̞ q h ʊ̞ ð ɫ ʊ̞ q
бойороҡ	b ʊ̞ j ʊ̞ r ʊ̞ q
бойоҡ	b ʊ̞ j ʊ̞ q
бойҙай	b ʊ̞ j ð ɑ j
болан	b ʊ̞ ɫ ɑ n
болон	b ʊ̞ ɫ ʊ̞ n
болғау	b ʊ̞ ɫ ʁ ɑ w
борон	b ʊ̞ r ʊ̞ n
боронғо	b ʊ̞ r ʊ̞ ŋ ɢ ʊ̞
борос	b ʊ̞ r ʊ̞ s
борсаҡ	b ʊ̞ r s ɑ q
борғаҡ	b ʊ̞ r ʁ ɑ q
борғо	b ʊ̞ r ʁ ʊ̞
ботаҡ	b ʊ̞ t ɑ q
бохара	b ʊ̞ χ ɑ r ɑ
боҙ	b ʊ̞ ð
боҙбармаҡ	b ʊ̞ ð b ɑ r m ɑ q
боҙлауыҡ	b ʊ̞ ð ɫ ɑ w ɯ̞ q
боҙоҡ	b ʊ̞ ð ʊ̞ q
боҫ	b ʊ̞ θ
буйынса	b u j ɯ̞ n s ɑ
буйҙаҡ	b u j ð ɑ q
булараҡ	b u ɫ ɑ r ɑ q
булат	b u ɫ ä t
бур	b u r
бура	b u r ɑ
буран	b u r ɑ n
буранка	b u r ä n k ä
бураҙна	b u r ɑ ð n ɑ
бурыс	b u r ɯ̞ s
бурһыҡ	b u r h ɯ̞ q
бурһыҡ	b u r ɦ ɯ̞ q
бутҡа	b u t q ɑ
буш	b u ʂ
бушлай	b u ʂ ɫ ɑ j
буға	b u ʁ ɑ
буҡ	b u q
буҫаға	b u θ ɑ ʁ ɑ
буҫтау	b u θ t ɑ w
быйма	b ɯ̞ j m ɑ
был	b ɯ̞ ɫ
былау	b ɯ̞ ɫ ɑ w
былбыл	b ɯ̞ ɫ b ɯ̞ ɫ
былтыр	b ɯ̞ ɫ t ɯ̞ r
бырау	b ɯ̞ r ɑ w
бысаҡ	b ɯ̞ s ɑ q
бысраҡ	b ɯ̞ s r ɑ q
бысҡы	b ɯ̞ s q ɯ̞
быу	b ɯ̞ w
быуа	b ɯ̞ w ɑ
быуай	b ɯ̞ w ɑ j
быуат	b ɯ̞ w ɑ t
быяла	b ɯ̞ j ɑ ɫ ɑ
бығау	b ɯ̞ ʁ ɑ w
быҙау	b ɯ̞ ð ɑ w
бүкән	b ʏ k æ n
бүлек	b ʏ l ɪ̞ k
бүләк	b ʏ l æ k
бүре	b ʏ r ɪ̞
бүрек	b ʏ r ɪ̞ k
бүрәнә	b ʏ r æ n æ
бүтән	b ʏ t æ n
бүҙәнә	b ʏ ð æ n æ
бүҫер	b ʏ θ ɪ r
бәйге	b æ j ɡ ɪ̞
бәйләнеш	b æ j l æ n ɪ̞ ʃ
бәйләүес	b æ j l æ w ɪ̞ s
бәйғәмбәр	b æ j ʁ æ m b æ r
бәке	b æ k ɪ̞
бәлки	b æ l kʲ i
бәлә	b æ l æ
бәләкәй	b æ l æ k æ j
бәндә	b æ n d æ
бәпембә	b æ p ɪ̞ m b æ
бәпес	b æ p ɪ̞ s
бәпкә	b æ p k æ
бәпәй	b æ p æ j
бәрҙе	b æ r ð ɪ̞
бәрәкәт	b æ r æ k æ t
бәрәс	b æ r æ s
бәрәңге	b æ r æ ŋ ɡ ɪ̞
бәхет	b æ χ ɪ̞ t
бәхәс	b æ χ æ s
бәшмәк	b æ ʃ m æ k
бәүел	b æ w ɪ̞ l
бөгөн	b ʏ̞ ɡ ʏ̞ n
бөжәк	b ʏ̞ ʒ æ k
бөйө	b ʏ̞ j ʏ̞
бөйөк	b ʏ̞ j ʏ̞ k
бөйөр	b ʏ̞ j ʏ̞ r
бөркөт	b ʏ̞ r k ʏ̞ t
бөрлөгән	b ʏ̞ r l ʏ̞ ɡ æ n
бөрсә	b ʏ̞ r s æ
бөртөк	b ʏ̞ r t ʏ̞ k
бөрө	b ʏ̞ r ʏ̞
бөтә	b ʏ̞ t æ
бөтөн	b ʏ̞ t ʏ̞ n
бөтөнләй	b ʏ̞ t ʏ̞ n l æ j
бөҙрә	b ʏ̞ ð r æ
вазифа	w ä zʲ ï f ä
ватан	v ɑ t ɑ n
ватан	w ɑ t ɑ n
ватандаш	v ɑ t ɑ n d ɑ ʂ
ватандаш	w ɑ t ɑ n d ɑ ʂ
ваҡ	w a q
ваҡиға	w ä q ɯ̽͜ɪ̈ ʁ ä
ваҡыт	w ɑ q ɯ̞ t
ваҡытында	w ɑ q ɯ̞ t ɯ̞ n d ɑ
википедия	vʲ i kʲ pʲ e dʲ i j ä
вилдан	vʲ i l d ä n
вилдан	w i̠ ɫ d ɑ n
выждан	w ɯ̞ ʐ d ɑ n
вьетнам	w j ĕ t n ɑ m
вәғәҙә	w æ ʁ æ ð æ
гармун	ɡ ä r m u n
гармунсы	ɡ ä r m u n s ɯ̞
гел	ɡ ɪ̞ l
германия	ɡʲ i r m ä nʲ i j ä
гонаһ	ɡ ʊ̞ n ɑ h
гонаһ	ɡ ʊ̞ n ɑ χ
гонаһ	ɢ ʊ̞ n ɑ χ
гонаһ	ʁ ʊ̞ n ɑ χ
граждан	ɡ r ä ʐ d ä n
греция	ɡ rʲ e t͜s ɨ̞ j ä
гүзәл	ɡ ʏ z æ l
гүр	ɡ ʏ r
гәзит	ɡ æ zʲ i t
гәрәбә	ɡ æ r æ b æ
гәрәбә	ɡ æ r æ β æ
гәүһәр	ɡ æ w h æ r
гөбөргәйел	ɡ ʏ̞ β ʏ̞ r ɡ æ j ɪ̞ l
гөл	ɡ ʏ̞ l
гөлбаныу	ɡ ʏ̞ l b ä n ɯ̞ w
гөлйемеш	ɡ ʏ̞ l j ɪ̞ m ɪ̞ ʃ
гөлназ	ɡ ʏ l n ä z
даими	d ɑ i mʲ i
даирә	d ä i̯ r æ
дала	d ɑ ɫ ɑ
дана	d ɑ n ɑ
дарыу	d ɑ r ɯ̞ w
дарыухана	d ɑ r ɯ̞ w χ ɑ n ɑ
дауа	d ɑ w ɑ
дауам	d ɑ w ɑ m
дауахана	d ɑ w ɑ χ ɑ n ɑ
дауыл	d ɑ w ɯ̞ ɫ
дауыт	d ɑ w ɯ̞ t
даян	d ɑ j ɑ n
даға	d ɑ ʁ ɑ
дағстан	d ɑ ʁ ɯ̞̆ s t ɑ n
двигатель	d vʲ i ɡ a tʲ i lʲ
дебет	d ɪ̞ β ɪ̞ t
дилбегә	dʲ i l b ɪ̞ ɡ æ
дилбегә	dʲ i l β ɪ̞ ɣ æ
дилбәр	dʲ i l b æ r
дилбәр	dʲ i l β æ r
дим	dʲ i m
дин	dʲ i n
диуана	dʲ i w ɑ n ɑ
диуар	dʲ i w ä r
диңгеҙ	dʲ i ŋ ɡ ɪ̞ ð
донъя	d ʊ̞ n j ɑ
дошман	d ʊ̞ ʂ m ɑ n
доға	d ʊ̞ ʁ ɑ
дуңғыҙ	d u ŋ ɢ ɯ̞ ð
дуҫ	d u θ
дуҫлыҡ	d u θ ɫ ɯ̞ q
дым	d ɯ̞ m
дымлылыҡ	d ɯ̞ m ɫ ɯ̞ ɫ ɯ̞ q
дүрт	d ʏ r t
дүртәү	d ʏ r t æ w
дүшәмбе	d ʏ ʃ æ m b ɪ̞
дәлил	d æ lʲ i l
дәрес	d æ r ɪ̞ s
дәрәжә	d æ r æ ʒ æ
дәфтәр	d æ f t æ r
дәғүә	d æ ʁ w æ
дәүер	d æ w ɪ̞ r
дәүләт	d æ w l æ t
дөгө	d ʏ̞ ɡ ʏ̞
дөйә	d ʏ̞ j æ
дөйөм	d ʏ̞ j ʏ̞ m
дөрөҫ	d ʏ̞ r ʏ̞ θ
европа	j e̞ v r o̞ p a
егет	j ɪ̞ ɡ ɪ̞ t
егәр	j ɪ̞ ɡ æ r
егәрле	j ɪ̞ ɡ æ r l ɪ̞
ейән	j ɪ̞ j æ n
ейәнсәр	j ɪ̞ j æ n s æ r
елек	j ɪ̞ l ɪ̞ k
елем	j ɪ l ɪ̞ m
елен	j ɪ̞ l ɪ̞ n
елкә	j ɪ̞ l k æ
елкән	j ɪ̞ l k æ n
еләк	j ɪ̞ l æ k
емеш	j ɪ̞ m ɪ̞ ʃ
емтек	j ɪ̞ m t ɪ̞ k
енәйәт	j ɪ̞ n æ j æ t
ер	j ɪ̞ r
ерек	j ɪ̞ r ɪ̞ k
етди	j ɪ̞ dʲː i
ете	j ɪ̞ t ɪ̞
етегән	j ɪ̞ t ɪ̞ ɡ æ n
етем	j ɪ̞ t ɪ̞ m
етешһеҙлек	j ɪ̞ t ɪ̞ ʃ h ɪ̞ ð l ɪ̞ k
етмәһә	j ɪ̞ t m æ h æ
етәксе	j ɪ̞ t æ k s ɪ̞
етәр	j ɪ̞ t æ r
етәү	j ɪ̞ t æ w
еҙ	j ɪ̞ ð
еҙнә	j ɪ̞ ð n æ
ең	j ɪ̞ ŋ
еңгә	j ɪ̞ ŋ ɡ æ
еңел	j ɪ ŋ ɪ̞ l
еңеүсе	j ɪ̞ ŋ ɪ̞ w s ɪ̞
еҫ	j ɪ̞ θ
еүеш	j ɪ̞ w ɪ̞ ʃ
журнал	ʐ u r n ä ɫ
заман	z ɑ m ɑ n
замана	z ɑ m ɑ n ɑ
заһир	z ɑ h ï r
зифа	zʲ ï f ä
зыян	z ɯ̞ j ɑ n
зыярат	z ɯ̞ j ɑ r ɑ t
зәйнәб	z æ j n æ p
зәйнәп	z æ j n æ p
зәйтүнә	z æ j t ʏ n æ
зәңгәр	z æ ŋ ɡ æ r
зөлфиә	z ʏ̞ l fʲ iʲ æ
зөлхизә	z ʏ̞ l χ ɨ̯͜i z æ
зөләйха	z ʏ̞ l æ j χ a
зөләйха	z ʏ̞ l æ j χ æ
зөләйхә	z ʏ̞ l æ j χ æ
зөфәр	z ʏ̞ f æ r
зөһрә	z ʏ̞ h r æ
иблис	i b lʲ i s
ибраһим	i̠ b r ɑ h i̠ m
иген	i ɡ ɪ̞ n
игеҙәк	i ɡ ɪ̞ ð æ k
игеҙәктәр	i ɡ ɪ̞ ð æ k t æ r
игәү	i ɡ æ w
ижад	i̠ ʐ ä t
ижек	i ʒ ɪ̞ k
изге	i z ɡ ɪ̞
ике	i k ɪ̞
икенде	i k ɪ̞ n d ɪ̞
икмәк	i k m æ k
икәү	i k æ w
ил	i l
илдар	i l d ä r
илнур	i l n u r
ильяс	i l j ä s
илһам	i l h ä m
илһам	i ɫ h ɑ m
иләк	i l æ k
иләү	i l æ w
иман	ï m ɑ n
имза	ï m z ä
имза	ï m z ɑ
имсәк	i m s æ k
имтихан	i̠ m tʲ i̠ χ ä n
имшеү	i m ʃ ɪ̞ w
имән	i m æ n
инсан	ï n s ä n
интернет	i n t ɤ r n ɛ t
интернет	i n t ɨ r n ɛ t
инша	i̠ n ʂ ä
иншалла	ï n ʂ ä ɫː ä
инәй	i n æ j
ипләп	i p l æ p
иптәш	i p t æ ʃ
ир	i r ĕ
ир	i r̥
ирек	i r ɪ̞ k
ирекле	i r ɪ̞ k l ɪ̞
ирекмән	i r ɪ̞ k m æ n
ирен	i r ɪ̞ n
иркә	i r k æ
иркәк	i r k æ k
ирлән	i r l æ n
ирмәк	i r m æ k
иртә	i r t æ
иртәгә	i r t æ ɡ æ
иртән	i r t æ n
иртәнсәк	i r t æ n s a k
исем	i s ɪ̞ m
исемлек	i s ɪ̞ m l ɪ̞ k
искәндәр	i s k æ n d æ r
искәндәриә	i s k æ n d æ r i j æ
ислам	i̠ s ɫ ɑ m
исмаһам	ï s m ä h ä m
исрафил	ï s r ɑ fʲ ï ɫ
итек	i t ɪ̞ k
итәк	i t æ k
ихтилал	ï χ tʲ ï ɫ ɑ ɫ
ихтирам	ï χ tʲ ï r ɑ m
ихтыяж	ï χ t ɯ̞ j ɑ ʐ
ихтыяр	ï χ t ɯ̞ j ɑ r
ишек	i ʃ ɪ̞ k
ишкәк	i ʃ k æ k
ишәк	i ʃ æ k
иғлан	ï ʁ ɫ ɑ n
иғтибар	i χ t i b ä r
иғтибар	i χ t i b ɑ r
иҙел	i ð ɪ̞ l
иҙән	i ð æ n
иҡтисад	i̠ q tʲ i̠ s ä t
иң	i ŋ
иҫ	i θ
иҫерек	i θ ɪ̞ r ɪ̞ k
иҫке	i θ k ɪ̞
иҫкәртмә	i θ k æ r t m æ
иҫтәлек	i θ t æ l ɪ̞ k
иҫән	i θ æ n
иҫәп	i θ æ p
йола	j ʊ̞ ɫ ɑ
йома	j ʊ̞ m ɑ
йомабай	j ʊ̞ m ɑ b ɑ j
йомабикә	j ʊ̞ m ɑ bʲ i k æ
йомарт	j ʊ̞ m ɑ r t
йомағара	j ụ m ɑ ɣ ɑ r ɑ
йомаҡ	j ʊ̞ m ɑ q
йомортҡа	j ʊ̞ m ʊ̞ r t q ɑ
йомош	j ʊ̞ m ʊ̞ ʂ
йомран	j ʊ̞ m r ɑ n
йомро	j ʊ̞ m r ʊ̞
йомшаҡ	j ʊ̞ m ʂ ɑ q
йомғаҡ	j ʊ̞ m ʁ ɑ q
йондоҙ	j ʊ̞ n d ʊ̞ ð
йондоҙнамә	j ʊ̞ n d ʊ̞ ð n ä m æ
йорт	j ʊ̞ r t
йосоп	j ʊ̞ s ʊ̞ p
йоғошло	j ʊ̞ ʁ ʊ̞ ʂ ɫ ʊ̞
йоҙаҡ	j ʊ̞ ð ɑ̹ q
йоҙроҡ	j ʊ̞ ð r ʊ q
йоҡа	j ʊ̞ q ɑ
йоҡо	j ʊ̞ q ʊ̞
йыл	j ɯ̞ ɫ
йылан	j ɯ̞ ɫ ɑ n
йылъяҙма	j ɯ̞ ɫ j ɑ ð m ɑ
йылы	j ɯ̞ ɫ ɯ̞
йылымыс	j ɯ̞ ɫ ɯ̞ m ɯ̞ s
йылға	j ɯ̞ ɫ ʁ ɑ
йыназа	j ɯ̞ n ɑ z ɑ
йыр	j ɯ̞ r
йыраҡ	j ɯ̞ r ɑ q
йырсы	j ɯ̞ r s ɯ̞
йыртҡыс	j ɯ̞ r t q ɯ̞ s
йыуа	j ɯ̞ w ɑ
йыуан	j ɯ̞ w ɑ n
йыуаса	j ɯ̞ w ɑ s ɑ
йыш	j ɯ̞ ʂ
йышҡы	j ɯ̞ ʂ q ɯ̞
йыһан	j ɯ̞ h ɑ n
йүгән	j ʏ ɡ æ n
йүкә	j ʏ k æ
йүнәлеш	j ʏ n æ l ɪ̞ ʃ
йүргәк	j ʏ r ɡ æ k
йүтәл	j ʏ t æ l
йә	j æ
йәй	j æ j
йәйен	j æ j ɪ̞ n
йәйғор	j æ j ʁ ʊ̞ r
йәйә	j æ j æ
йәйәү	j æ j æ w
йәки	j æ kʲ i
йәкшәмбе	j æ k ʃ æ m b ɪ̞
йәл	j æ l
йәм	j æ m
йәмил	j æ mʲ i l
йәмилә	j æ mʲ i l æ
йән	j æ n
йәннәт	j æ nː æ t
йәнһүрәт	j æ n h ʏ r æ t
йәнә	j æ n æ
йәрминкә	j æ r mʲ i n k æ
йәрәхәт	j æ r æ χ æ t
йәтим	j æ tʲ i m
йәш	j æ ʃ
йәшел	j æ ʃ ɪ̞ l
йәшелсә	j æ ʃ ɪ̞ l s æ
йәшен	j æ ʃ ɪ̞ n
йәшерен	j æ ʃ ɪ̞ r ɪ̞ n
йәшник	j æ ʃ nʲ i k
йәштәр	j æ ʃ t æ r
йәшәйеш	j æ ʃ æ j ɪ̞ ʃ
йәғни	j æ ʁ nʲ i
йәүҙәт	j æ w ð æ t
йәһүд	j æ h ʏ t
йәһәннәм	j æ h æ nː æ m
йөк	j ʏ̞ k
йөкмәтке	j ʏ̞ k m æ t k ɪ̞
йөн	j ʏ̞ n
йөрәк	j ʏ̞ r æ k
йөҙ	j ʏ̞ ð
йөҙтүбән	j ʏ̞ ð t ʏ b æ n
йөҙтүбән	j ʏ̞ ð t ʏ β æ n
йөҙөк	j ʏ̞ ð ʏ̞ k
кавказ	k ä f k ä z
карап	k ä r ä p
карта	k a r t a
картуф	k ɑ r t u f
каруан	k ä r w ä n
каса	k a s a
кафыр	k ä f ɪ̈ r
кафыр	k æ f ɪ̞ r
квартал	k v ä r t ä ɫ
кг	kʲ i ɫ ä
кг	kʲ i ɫ ä ɡ r ä m
кейем	k ɪ̞ j ɪ̞ m
кейеҙ	k ɪ̞ j ɪ̞ ð
кейәү	k ɪ̞ j æ w
келәм	k ɪ̞ l æ m
кем	k ɪ̞ m
кендек	k ɪ̞ n d ɪ̞ k
кер	k ɪ̞ r
керпек	k ɪ̞ r p ɪ̞ k
кесаҙна	k ɪ̞ s ä ð n ä
кесерткән	k ɪ̞ s ɪ̞ r t k æ n
кескәй	k ɪ̞ s k æ j
кеше	k ɪ̞ ʃ ɪ̞
кешелек	k ɪ̞ ʃ ɪ̞ l ɪ̞ k
кеҫә	k ɪ̞ θ æ
кеҫәртке	k ɪ̞ θ æ r t k ɪ̞
киев	kʲ i j ɨ̞ f
киле	kʲ i l ɪ̞
килейек	kʲ i l ɪ̞ j ɪ̞ k
килен	kʲ i l ɪ̞ n
килеш	k i l ɪ̞ ʃ̟
килмешәк	kʲ i l m ɪ̞ ʃ æ k
килограмм	kʲ i ɫ ä ɡ r ä m
киләсәк	kʲ i l æ s æ k
киләһе	kʲ i l æ h ɪ̞
кимереүсе	kʲ i m ɪ̞ r ɪ̞ w s ɪ̞
кимәл	kʲ i m æ l
киндер	kʲ i n d ɪ̞ r
кинйә	kʲ i n j æ
кинәт	kʲ i n æ t
кирбес	kʲ i r b ɪ̞ s
кире	kʲ i r ɪ̞
киреһенсә	kʲ i r ɪ̞ h ɪ̞ n s æ
кис	kʲ i s
кисеү	kʲ i s ɪ̞ w
кисә	kʲ i s æ
китапхана	kʲ i t ä p χ ä n ä
кишер	kʲ i ʃ ɪ̞ r
киң	kʲ i ŋ
киңлек	kʲ i ŋ l ɪ̞ k
корея	k o r ĕ j ɑ
кукуруз	k u k u r u z
күбек	k ʏ β ɪ̞ k
күбәләк	k ʏ β æ l æ k
күгәрсен	k ʏ ɡ æ r s ɪ̞ n
күгәүен	k ʏ ɡ æ w ɪ̞ n
күк	k ʏ k
күкәй	k ʏ k æ j
күл	k ʏ l
күлдәк	k ʏ l d æ k
күләгә	k ʏ l æ ɡ æ
күләм	k ʏ l æ m
күләүек	k ʏ l æ w ɪ̞ k
күмер	k ʏ m ɪ̞ r
күп	k ʏ p
күпер	k ʏ p ɪ̞ r
күпме	k ʏ p m ɪ̞
күпселек	k ʏ p s ɪ̞ l ɪ̞ k
күрек	k ʏ r ɪ̞ k
күренеш	k ʏ r ɪ̞ n ɪ̞ ʃ
күркә	k ʏ r k æ
күрше	k ʏ r ʃ ɪ̞
күрһәткес	k ʏ r h æ t k ɪ̞ s
күскен	k ʏ s k ɪ̞ n
күстәнәс	k ʏ s t æ n æ s
күсәр	k ʏ s æ r
күт	k ʏ t
күҙлек	k ʏ ð l ɪ̞ k
күҙәнәк	k ʏ ð æ n æ k
күңел	k ʏ ŋ ɪ̞ l
күңелле	k ʏ ŋ ɪ̞ lː ɪ̞
күңелһеҙ	k ʏ ŋ ɪ̞ h ɪ̞ ð
күңелһеҙ	k ʏ ŋ ɪ̞ ɦ ɪ̞ ð
кәбеҫтә	k æ b ɪ̞ θ t æ
кәбеҫтә	k æ β ɪ̞ θ t æ
кәбән	k æ b̪ æ n
кәбән	k æ β æ n
кәзә	k æ z æ
кәйеф	k æ j ɪ̞ f
кәкре	k æ k r ɪ̞
кәкре	k æ k ɪ̞ r ɪ̞
кәкүк	k æ k ʏ k
кәләш	k æ l æ ʃ
кәм	k æ m
кәмендә	k æ m ɪ̞ n d æ
кәмеү	k æ m ɪ̞ w
кәмә	k æ m æ
кәнфит	k æ n fʲ i t
кәрт	k æ r t
кәртә	k æ r t æ
кәрәк	k æ r æ k
кәсер	k æ s ɪ̞ r
кәстрүл	k æ s t r ʏ l
кәтмән	k æ t m æ n
кәштә	k æ ʃ t æ
кәшәнә	k æ ʃ æ n æ
кәңәш	k æ ŋ æ ʃ
кәңәшмә	k æ ŋ æ ʃ m æ
кәңәшсе	k æ ŋ æ ʃ s ɪ̞
кәүҙә	k æ w ð æ
көй	k ʏ̞ j
көйә	k ʏ̞ j æ
көйәнтә	k ʏ̞ j æ n t æ
көйөнсә	k ʏ̞ j ʏ̞ n s æ
көкөрт	k ʏ̞ k ʏ̞ r t
көмбәҙ	k ʏ̞ m b æ ð
көмөш	k ʏ̞ m ʏ̞ ʃ
көнбайыш	k ʏ̞ n b ɑ j ɯ̞ ʂ
көнбағыш	k ʏ̞ n b ɑ ʁ ɯ̞ ʂ
көндәлек	k ʏ̞ n d æ l ɪ̞ k
көнкүреш	k ʏ̞ n k ʏ r ɪ̞ ʃ
көнсығыш	k ʏ̞ n s ɯ̞ ʁ ɯ̞ ʂ
көньяҡ	k ʏ̞ n j ɑ q
көрсөк	k ʏ̞ r s ʏ̞ k
көрт	k ʏ̞ r t
көртмәле	k ʏ̞ r t m æ l ɪ̞
көрәк	k ʏ̞ r æ k
көрән	k ʏ̞ r æ n
көрәш	k ʏ̞ r æ̹ ʃ
көс	k ʏ̞ s
көслө	k ʏ̞ s l ʏ̞
көстө	k ʏ̞ s t ʏ̞
көсөк	k ʏ̞ s ʏ̞ k
көтмәгәндә	k ʏ̞ t m æ ɡ æ n d æ
көтөү	k ɪ̞ t ɪ̞ w
көтөү	k ʏ̞ t ʏ̞ w
көтөүсе	k ɪ̞ t ɪ̞ w s ɪ̞
көҙ	k ʏ̞ ð
көҙгө	k ʏ̞ ð ɡ ʏ̞
көҙән	k ʏ̞ ð æ n
көҙән	k ʏ̞ ð ɶ̟ n
ләйсән	l æ j s æ n
мажара	m ɑ ʒ ɑ r ɑ
маймыл	m ɑ j m ɯ̞ ɫ
майҙан	m ɑ j ð ɑ n
майҙансыҡ	m ɑ j ð ɑ n s ɯ̞ q
маладис	m ɑ ɫ ɑ dʲ ï s
мамыҡ	m ɑ m ɯ̞ q
манара	m ɑ n ɑ r ɑ
манга	m a n ɡ a
матбуғат	m ɑ t b u ʁ ɑ t
матдә	m ä dː æ
матдә	m æ dː æ
матур	m ɑ t u r
махсус	m ɑ χ s u s
машина	m ä ʂ ɯ̞ n ä
машина	m ä ʃ i n ä
маҡсат	m ɑ q s ɑ t
маҡтансыҡ	m ɑ q t ɑ n s ɯ̞ q
маңдай	m ɑ ŋ d ɑ j
маңлай	m ɑ ŋ ɫ ɑ j
маңҡа	m ɑ ŋ q ɑ
мейе	m ɪ̞ j ɪ̞
мейес	m ɪ̞ j ɪ̞ s
мендәр	m ɪ̞ n d æ r
менәүрә	m ɪ̞ n æ w r æ
мең	m ɪ̞ ŋ
милләт	mʲ i lː æ t
милләтсе	mʲ i lː æ t s ɪ̞
милләтсел	mʲ i lː æ t s ɪ̞ l
миләш	mʲ i l æ ʃ
миләүшә	mʲ i l æ w ʃ æ
мин	mʲ i n
миндек	mʲ i n d ɪ̞ k
миндә	mʲ i n d æ
мине	mʲ i n ɪ̞
минең	mʲ i n ɪ̞ ŋ
министр	mʲ i nʲ i s t ɯ̞ r
министрлыҡ	mʲ i nʲ i s t ɯ̞ r ɫ ɯ̞ q
минут	mʲ i n u t
минән	mʲ i n æ n
мираҫ	mʲ i r ɑ θ
миҙал	mʲ i ð ä ɫ
миҙгел	mʲ i ð ɡ ɪ̞ l
миң	mʲ i ŋ
миңә	mʲ i ŋ æ
миҫал	mʲ i̠ θ ɑ ɫ
морон	m ʊ̞ r ʊ̞ n
мосолман	m ʊ̞ s ʊ̞ ɫ m ɑ n
мотлаҡ	m ʊ̞ t ɫ ɑ q
мотоцикл	m ä t ä t͡s ɯ̞ k ɯ̆ ɫ
моғайын	m ʊ̞ ʁ ɑ j ɯ̞ n
моң	m ʊ̞ ŋ
муйыл	m u j ɯ̞ ɫ
муйын	m u j ɯ̞ n
мул	m u ɫ
мулла	m u ɫː ɑ
мунса	m u n s ɑ
муса	m u s ɑ
мыжыҡ	m ɯ̞ ʐ ɯ̞ q
мыйыҡ	m ɯ̞ j ɯ̞ q
мылтыҡ	m ɯ̞ ɫ t ɯ̞ q
мырҙа	m ɯ̞ r ð ɑ
мысыр	m ɯ̞ s ɯ̞ r
мышар	m ɯ̞ ʂ ɑ r
мышы	m ɯ̞ ʂ ɯ̞
мүк	m ʏ k
мә	m æ
мәжүси	m æ ʒ ʏ sʲ i
мәжүсилек	m æ ʒ ʏ sʲ i l ɪ̞ k
мәйет	m æ j ɪ̞ t
мәккә	m æ kː æ
мәктәп	m æ k t æ p
мәл	m æ l
мәмерйә	m æ m ɪ̞ r j æ
мәней	m æ n ɪ̞ j
мәнфәғәт	m æ n f æ ʁ æ t
мәргән	m æ r ɡ æ n
мәрйен	m æ r j ɪ̞ n
мәрйәм	m æ r j æ m
мәрмәр	m æ r m æ r
мәртәбә	m æ r t æ β æ
мәрхүм	m æ r χ ʏ m
мәсет	m æ s ɪ̞ t
мәскәү	m æ s k æ w
мәсьәлә	m æ s æ l æ
мәсьәлә	m æ s ʔ æ l æ
мәхмүт	m æ χ m ʏ t
мәшәҡәт	m æ ʃ æ q æ t
мәғлүмәт	m æ ʁ l ʏ m æ t
мәғәнә	m æ ʁ æ n æ
мәҙинә	m æ ð i n æ
мәҙрәсә	m æ ð r æ s æ
мәҙәниәт	m æ ð æ nʲ iʲ æ t
мәҡәл	m æ q æ l
мәҡәлә	m æ q æ l æ
мәңге	m æ ŋ ɡ ɪ̞
мәңгелек	m æ ŋ ɡ ɪ̞ l ɪ̞ k
мәҫәл	m æ θ æ l
мәҫәлән	m æ θ æ l æ n
мөгөҙ	m ʏ̞ ɡ ʏ̞ ð
мөйөш	m ʏ̞ j ʏ̞ ʃ
мөмкин	m ʏ̞ m kʲ i n
мөмкинлек	m ʏ̞ m kʲ i n l ɪ̞ k
мөмкинселек	m ʏ̞ m kʲ i n s ɪ̞ l ɪ̞ k
мөрйә	m ʏ̞ r j æ
мөртәт	m ʏ̞ r t æ t
мөхит	m ʏ̞ χ ɨ̯͜i t
мөхәббәт	m ʏ̞ χ æ bː æ t
мөхәммәт	m ʏ χ æ mː æ t
мөхәррир	m ʏ̞ χ æ rʲː i r
мөхәрририәт	m ʏ̞ χ æ rʲː i rʲ iʲ æ t
мөьмин	m ʏ̞ ʔ m i n
мөғжизә	m ʏ̞ ʁ ʑ i z æ
мөғжизә	m ʏ̞ ʁ ʒ i z æ
мөҙҙәт	m ʏ̞ ðː æ t
мөһим	m ʏ̞ h i m
на	n ɑ
намаҙ	n ɑ m ɑ ð
намаҙлыҡ	n ɑ m ɑ ð ɫ ɯ̞ q
намыҫ	n ɑ m ɯ̞ θ
насар	n ɑ s ɑ r
науруз	n ɑ w r u z
науруз	n ɑ w r ɯ̞ z
наҙан	n ɑ ð ɑ n
нигеҙ	nʲ i ɡ ɪ̞ ð
нимә	nʲ i m æ
ниндәй	nʲ i n d æ j
нисбәт	nʲ i s b æ t
нисек	nʲ i s ɪ̞ k
нисә	nʲ i s æ
нисәнсе	nʲ i s æ n s ɪ̞
ниғмәт	nʲ i ʁ m æ t
ниғмәтулла	nʲ i ʁ m æ t u ɫː ä
ниһәйәт	nʲ i h æ j æ t
ниәт	n ɪ̞ j æ t
ниәт	nʲ iʲ æ t
норма	n o̞ r m ä
нур	n u r
нух	n u χ
нәжибә	n æ ʑ i β æ
нәжип	n æ ʑ i p
нәмә	n æ m æ
нәркәс	n æ r k æ s
нәсихәт	n æ sʲ i χ æ t
нәтижә	n æ tʲ i ʒ æ
нәфрәт	n æ f r æ t
нәшриәт	n æ ʃ rʲ iʲ æ t
нәҙек	n æ ð ɪ̞ k
нөктә	n ʏ̞ k t æ
ожмах	ʊ̞ ʐ m ɑ χ
ойошма	ʊ̞ j ʊ̞ ʂ m ɑ
ойоштороусы	ʊ̞ j ʊ̞ ʂ t ʊ̞ r ʊ̞ w s ɯ̞
ойоштороусы	ʊ̞ j ʊ̞ ʂ t ʊ̞ r ʊ̞ w s ʊ̞
оло	ʊ̞ ɫ ʊ̞
олон	ʊ̞ ɫ ʊ̞ n
олтораҡ	ʊ̞ ɫ t ʊ̞ r ɑ q
ондатра	ä n d ä t r ä
опто	ʊ̞ p t ʊ̞
орлоҡ	ʊ̞ r ɫ ʊ̞ q
оро	ʊ̞ r ʊ̞
орсоҡ	ʊ̞ r s ʊ̞ q
орҙоҡ	ʊ̞ r ð ʊ̞ q
ос	ʊ̞ s
осор	ʊ̞ s ʊ̞ r
осраҡ	ʊ̞ s r ɑ̹ q
осраҡлы	ʊ̞ s r ɑ̹ q ɫ ɯ̞
остаз	ʊ̞ s t ɑ z
осҡон	ʊ̞ s q ʊ̞ n
осһоҙ	ʊ̞ s h ʊ̞ ð
офоҡ	ʊ̞ f ʊ̞ q
оя	ʊ̞ j ɑ
оят	ʊ̞ j ɑ t
оҙаҡ	ʊ̞ ð ɑ q
оҙон	ʊ̞ ð ʊ̞ n
оҙонлоҡ	ʊ̞ ð ʊ̞ n ɫ ʊ̞ q
оҡшаш	ʊ̞ q ʂ ɑ ʂ
оҫта	ʊ̞ θ t ɑ
поезд	p o j ɪ z
поезд	p o j ɪ z d
поезд	p o j ɯ̞ z
поезд	p o j ɯ̞ z d
помидор	p ä mʲ i d ɔ r
проблема	p r ä b lʲ e m ä
проблема	p r ɐ b lʲ e m ə
процент	p r ä t͡s ɛ n t
процент	p r ɐ t͡s ɛ n t
пәйғәмбәр	p æ ʁ æ m b æ r
пәрҙә	p æ r ð æ
раббы	r ɑ bː ɯ̞
рашҡы	r ɑ ʂ q ɯ̞
редакция	rʲ ɪ d a k t͜s ɨ j ə
редакция	rʲ ɪ d ä k t͜s ɯ j ä
республика	rʲ i s p u b lʲ i k ä
риза	rʲ i z ɑ
ринат	rʲ i n ä t
рифҡәт	rʲ i f q æ t
ришат	rʲ i ʂ ä t
ришүәт	rʲ i ʃ w æ t
ришүәтсе	rʲ i ʃ w æ t s ɪ̞
риүәйәт	rʲ i w æ j æ t
рух	r u χ
рәйхана	r æ j χ ä n ä
рәмил	r æ mʲ i l
рәсем	r æ s ɪ̞ m
рәсимә	r æ sʲ i m æ
рәсми	r æ s mʲ i
рәссам	r a sː ä m
рәссам	r æ sː ä m
рәссам	r æ sː æ m
рәсәй	r æ s æ j
рәт	r æ t
рәхмәт	r æ χ m æ t
рәҡәғәт	r æ q æ ʁ æ t
рәүеф	r æ w ɪ̞ f
рәүеш	r æ w ɪ̞ ʃ
рөстәм	r ʏ̞ s t æ m
рөхсәт	r ʏ̞ χ s æ t
сабата	s ɑ β ɑ t ɑ
сабира	s ɑ bʲ i r ɑ
сабый	s ɑ β ɯ̞ j
сабыр	s ɑ b ɯ̞ r
салауат	s ɑ ɫ ɑ w ɑ t
салбар	s ɑ ɫ β ɑ r
салғы	s ɑ ɫ ʁ ɯ̞
сама	s ɑ m ɑ
самауыр	s ɑ m ɑ w ɯ̞ r
самолёт	s ä m ä lʲ ɵ t
самолёт	s ɐ m ɐ lʲ ɵ t
самолёт	s ə m ɐ lʲ ɵ t
самрау	s ɑ m r ɑ w
сана	s ɑ n ɑ
сания	s ɑ nʲ i j ɑ
сара	s ɑ r ɑ
сатыр	s ɑ t ɯ̞ r
сауап	s ɑ w ɑ p
сауҙа	s ɑ w ð ɑ
саян	s ɑ j ɑ n
саҡ	s ɑ q
саҡрым	s ɑ q r ɯ̞ m
саң	s ɑ ŋ
саңғы	s ɑ ŋ ɢ ɯ̞
светофор	sᵊ vʲ i t ä f o r
себен	s ɪ̞ β ɪ̞ n
себер	s ɪ̞ β ɪ̞ r
себеш	s ɪ̞ β ɪ̞ ʃ
сей	s ɪ̞ j
сеймал	s ɪ̞ j m ɑ ɫ
сейә	s ɪ̞ j æ
секунд	sʲ i k u n t
селдә	s ɪ̞ l d æ
селлә	s ɪ̞ lː æ
селтәр	s ɪ̞ l t æ r
селән	s ɪ̞ l æ n
селәүсен	s ɪ̞ l æ w s ɪ̞ n
сепрәк	s ɪ̞ p r æ k
сер	s ɪ̞ r
серек	s ɪ̞ r ɪ̞ k
серәкәй	s ɪ̞ r æ k æ j
сибәр	sʲ i b æ r
сибәр	sʲ i β æ r
сик	s i k
сикә	sʲ i k æ
силәбе	sʲ i l æ b ɪ̞
силәбе	sʲ i l æ β ɪ̞
симешкә	sʲ i m ɪ̞ ʃ k æ
синыф	sʲ i̠ n ɯ̞ f
сипарат	sʲ ï p ä r ä t
сипарат	sʲ ï p ɑ r ɑ t
сирек	sʲ i r ɪ̞ k
сиркәү	sʲ i r k æ w
сит	sʲ i t
ситлек	sʲ i t l ɪ̞ k
сифат	sʲ i̠ f ä t
сихыр	sʲ ï χ ɯ̞ r
сихырлы	sʲ ï χ ɯ̞ r ɫ ɯ̞
сихырсы	sʲ ï χ ɯ̞ r s ɯ̞
сиған	sʲ ï ʁ ä n
сиған	sʲ ï ʁ ɑ n
сиңерткә	sʲ i ŋ ɪ̞ r t k æ
совет	s ä vʲ e t
солан	s ʊ̞ ɫ ɑ n
солоҡ	s ʊ̞ ɫ ʊ̞ q
социаль	s ä t͡s ɯ ä lʲ
социаль	s ɐ t͡s ɨ a lʲ
соҡор	s ʊ̞ q ʊ̞ r
суйын	s u j ɯ̞ n
сулпан	s u ɫ p ɑ n
сумаҙан	s u m ɑ ð ɑ n
суртан	s u r t ɑ n
сусҡа	s u s q ɑ
сутый	s u t ɯ̞ j
суфыйсылыҡ	s u f ɯ̞ j s ɯ̞ ɫ ɯ̞ q
сыбар	s ɯ̞ β ɑ r
сыбыртҡы	s ɯ̞ β ɯ̞ r t q ɯ̞
сыбыҡ	s ɯ̞ β ɯ̞ q
сыйырсыҡ	s ɯ̞ j ɯ̞ r s ɯ̞ q
сылбыр	s ɯ̞ ɫ b ɯ̞ r
сылбыр	s ɯ̞ ɫ β ɯ̞ r
сынйыр	s ɯ̞ n j ɯ̞ r
сыр	s ɯ̞ r
сығанаҡ	s ɯ̞ ʁ ɑ n ɑ q
сыңғыҙ	s ɯ̞ ŋ ɢ ɯ̞ ð
сүкеш	s ʏ k ɪ̞ ʃ
сүл	s ʏ l
сүллек	s ʏ l l ɪ̞ k
сүмес	s ʏ m ɪ̞ s
сүп	s ʏ p
сүриә	s ʏ r iʲ æ
сүрә	s ʏ r æ
сүс	s ʏ s
сәбәп	s æ β æ p
сәй	s æ j
сәйер	s æ j ɪ̞ r
сәйет	s æ j ɪ̞ t
сәйнүк	s æ j n ʏ k
сәйхана	s æ j χ ä n ä
сәйәсәт	s æ j æ s æ t
сәйәхәт	s æ j æ χ æ t
сәкинә	s æ kʲ i n æ
сәлимә	s æ lʲ i m æ
сәләм	s æ l æ m
сәмреғош	s æ m r ɪ̞ ʁ ʊ̞ ʂ
сәнске	s æ n s k ɪ̞
сәнғәт	s æ n ɢ æ t
сәнғәт	s æ ŋ ɢ æ t
сәнәғәт	s æ n æ ɢ æ t
сәркәтип	s æ r k æ tʲ i p
сәс	s æ s
сәскә	s æ s k æ
сәсән	s æ s æ n
сәтләүек	s æ t l æ w ɪ̞ k
сәхнә	s æ χ n æ
сәғит	s æ ʁ i t
сәғәт	s æ ʁ æ t
сәңгелдәк	s æ ŋ ɡ ɪ̞ l d æ k
сәүкә	s æ w k æ
сөгөлдөр	s ʏ̞ ɡ ʏ̞ l d ʏ̞ r
сөй	s ʏ̞ j
сөнки	s ʏ̞ n kʲ i
сөсө	s ʏ̞ s ʏ̞
таба	t ɑ b ɑ
таба	t ɑ β ɑ
табаҡ	t ɑ b ɑ q
табаҡ	t ɑ β ɑ q
табут	t ɑ β u t
таж	t ɑ ʒ
тайфур	t ɑ j f u r
тайғаҡ	t ɑ j ʁ ɑ q
тал	t ɑ ɫ
талап	t ɑ ɫ ɑ p
талапсан	t ɑ ɫ ɑ p s ɑ n
талаҡ	t ɑ ɫ ɑ q
талпан	t ɑ ɫ p ɑ n
талха	t ɑ ɫ χ ɑ
талғат	t ɑ ɫ ʁ ɑ t
тамам	t ɑ m ɑ m
тамаша	t ɑ m ɑ ʂ ɑ
тамашасы	t ɑ m ɑ ʂ ɑ s ɯ̞
тамаҡ	t ɑ m ɑ q
тамсы	t ɑ m s ɯ̞
тамуҡ	t ɑ m u q
тамға	t ɑ m ʁ ɑ
танау	t ɑ n ɑ w
тантана	t ɑ n t ɑ n ɑ
таныш	t ɑ n ɯ̞ ʂ
тап	t ɑ p
тапшырыу	t ɑ p ʂ ɯ̞ r ɯ̞ w
тапҡыр	t ɑ p q ɯ̞ r
тар	t ɑ r
тараф	t ɑ r ɑ f
тарафынан	t ɑ r ɑ f ɯ̞ n ɑ n
тараҡ	t ɑ r ɑ q
тараҡан	t ɑ r ɑ q ɑ n
тарихи	t ä rʲ i χ ï͜i
тарма	t ɑ r m ɑ
тармаҡ	t ɑ r m ɑ q
тартма	t ɑ r t m ɑ
тартынҡы	t a r t ɯ̞ ŋ q ɯ̞
тары	t ɑ r ɯ̞
татыу	t ɑ t ɯ̞ w
татыулыҡ	t ɑ t ɯ̞ w ɫ ɯ̞ q
тауар	t ɑ w ɑ r
тауис	t ä w ï s
тауыш	t ɑ w ɯ̞ ʂ
тауыҡ	t ɑ w ɯ̞ q
таш	t ɑ ʂ
ташбаш	t ɑ ʂ b ɑ ʂ
ташлама	t ɑ ʂ ɫ ɑ m ɑ
ташҡын	t ɑ ʂ q ɯ̞ n
таяҡ	t ɑ j ɑ q
тағы	t ɑ ʁ ɯ̞
таҙа	t ɑ ð ɑ
таҡмаҡ	t ɑ q m ɑ q
таҡта	t ɑ q t ɑ
таҡтаташ	t ɑ q t ɑ t ɑ ʂ
таҡыр	t ɑ q ɯ̞ r
таҡырбаш	t ɑ q ɯ̞ r b ɑ ʂ
таңсулпан	t ɑ ŋ s u ɫ p ɑ n
таңһылыу	t ɑ ŋ h ɯ̞ ɫ ɯ̞ w
таҫма	t ɑ θ m ɑ
таҫтамал	t ɑ θ t ɑ m ɑ ɫ
таһир	t ä h ï r
театр	tʲ i ä t r ɯ̞
театр	tʲ i ä t ə r
тегенсе	t ɪ̞ ɡ ɪ̞ n s ɪ̞
тейен	t ɪ̞ j ɪ̞ n
тейеш	t ɪ̞ j ɪ̞ ʃ
текә	t ɪ̞ k æ
тел	t ɪ̞ l
телевизор	tʲ i lʲ i vʲ i z ɯ̞ r
телефон	tʲ i lʲ i f o̞ n
телмәр	t ɪ̞ l m æ r
теләк	t ɪ̞ l æ k
тере	t ɪ̞ r ɪ̞
терегөмөш	t ɪ̞ r ɪ̞ ɡ ʏ̞ m ʏ̞ ʃ
тереклек	t ɪ̞ r ɪ̞ k l ɪ̞ k
теркәүес	t ɪ̞ r k æ w ɪ̞ s
терпе	t ɪ̞ r p ɪ̞
терһәк	t ɪ̞ r h æ k
терәк	t ɪ̞ r æ k
теш	t ɪ̞ ʃ
теүәл	t ɪ̞ w æ l
тибет	tʲ i bʲ e̞ t
тигеҙ	tʲ i ɡ ɪ̞ ð
тигән	tʲ i ɡ æ n
тимер	tʲ i m ɪ̞ r
тимерсыбыҡ	tʲ i m ɪ̞ r s ɯ̞ β ɯ̞ q
тимәк	tʲ i m æ k
тин	tʲ i n
тир	tʲ i r
тире	tʲ i r ɪ̞
тиреҫ	tʲ i r ɪ̞ θ
тирмә	tʲ i r m æ
тирмән	tʲ i r m æ n
тирмәнсе	tʲ i r m æ n s ɪ̞
тирәк	tʲ i r æ k
тишек	tʲ i ʃ ɪ̞ k
тиҙ	tʲ i ð
тиҙлек	tʲ i ð l ɪ̞ k
тиҙәк	tʲ i ð æ k
тиң	tʲ i ŋ
тиҫбе	tʲ i θ b ɪ̞
тиҫтер	tʲ i θ t ɪ̞ r
тиҫтә	t i θ t æ
тойғо	t ʊ̞ j ʁ ʊ̞
тол	t ʊ̞ ɫ
толом	t ʊ̞ ɫ ʊ̞ m
толпар	t ʊ ɫ p ɑ r
томан	t ʊ̞ m ɑ n
томбойоҡ	t ʊ̞ m b ʊ̞ j ʊ̞ q
торлаҡ	t ʊ̞ r ɫ ɑ q
тормош	t ʊ̞ r m ʊ̞ ʂ
тормошсан	t ʊ̞ r m ʊ̞ ʂ s ɑ n
торна	t ʊ̞ r n ɑ
торош	t ʊ̞ r ʊ̞ ʂ
тотҡа	t ʊ̞ t q ɑ
тояҡ	t ʊ̞ j ɑ q
тоғро	t ʊ̞ ʁ r ʊ̞
тоҙ	t ʊ̞ ð
тоҙаҡ	t ʊ̞ ð ɑ q
тоҡ	t ʊ̞ q
тоҡом	t ʊ̞ q ʊ̞ m
тоҡор	t ʊ̞ q ʊ̞ r
тоҡсай	t ʊ̞ q s ɑ j
тубырсыҡ	t u β ɯ̞ r s ɯ̞ q
тубыҡ	t u β ɯ̞ q
туй	t u j
тулы	t u ɫ ɯ̞
тулҡын	t u ɫ q ɯ̞ n
тумыртҡа	t u m ɯ̞ r t q ɑ
тун	t u n
туп	t u p
тупраҡ	t u p r ɑ q
тупһа	t u p h ɑ
тура	t u r ɑ
тураһында	t u r ɑ h ɯ̞ n d ɑ
турғай	t u r ʁ ɑ j
тут	t u t
тутыйғош	t u t ɯ̞ j ʁ ʊ̞ ʂ
туфан	t u f ɑ n
туғай	t u ʁ ɑ j
туғыҙ	t u ʁ ɯ̞ ð
туҙ	t u ð
туҙан	t u ð ɑ n
туҡ	t u q
туҡал	t u q ɑ ɫ
туҡталыш	t u q t ɑ ɫ ɯ̞ ʂ
туҡыма	t u q ɯ̞ m ɑ
туң	t u ŋ
туңдырма	t u ŋ d ɯ̞ r m ɑ
тылсым	t ɯ̞ ɫ s ɯ̞ m
тылсымлы	t ɯ̞ ɫ s ɯ̞ m ɫ ɯ̞
тылсымсы	t ɯ̞ ɫ s ɯ̞ m s ɯ̞
тымау	t ɯ̞ m ɑ w
тынсыу	t ɯ̞ n s ɯ̞ w
тыныс	t ɯ̞ n ɯ̞ s
тыныслыҡ	t ɯ n ɯ̞ s ɫ ɯ̞ q
тырма	t ɯ̞ r m ɑ
тырнаҡ	t ɯ̞ r n ɑ q
тырыш	t ɯ̞ r ɯ̞ ʂ
тышау	t ɯ̞ ʂ ɑ w
тығыҙ	t ɯ̞ ʁ ɯ̞ ð
тыҡрыҡ	t ɯ̞ q r ɯ̞ q
түбән	t ʏ b æ n
түбән	t ʏ β æ n
түгел	t ʏ ɡ ɪ̞ l
түләүле	t ʏ l æ w l ɪ̞
түр	t ʏ r
түрә	t ʏ r æ
түтәл	t ʏ t æ l
түш	t ʏ ʃ
түшәм	t ʏ ʃ æ m
түҙемлек	t ʏ ð ɪ̞ m l ɪ̞ k
түңәрәк	t ʏ ŋ æ r æ k
тәбиғи	t æ β i ʁ ï͜i
тәбиғәт	t æ β i ʁ æ t
тәгәрмәс	t æ ɡ æ r m æ s
тәжрибә	t æ ʒ rʲ i b æ
тәкә	t æ k æ
тәкәббер	t æ k æ bː ɪ̞ r
тәлғәт	t æ l ʁ æ t
тәм	t æ m
тәмле	t æ m l ɪ̞
тәмһеҙ	t æ m h ɪ̞ ð
тәмәке	t æ m æ k ɪ̞
тәнҡит	t æ ŋ q i t
тәнәфес	t æ n æ f ɪ̞ s
тәпке	t æ p k ɪ̞
тәпәш	t æ p æ ʃ
тәрбиә	t æ r bʲ iʲ æ
тәре	t æ r ɪ̞
тәржемә	t æ r ʒ ɪ̞ m æ
тәржемәсе	t æ r ʒ ɪ̞ m æ s ɪ̞
тәрилкә	t æ rʲ i l k æ
тәртешкә	t æ r t ɪ̞ ʃ k æ
тәртип	t æ r tʲ i p
тәрән	t æ r æ n
тәсбих	t æ s bʲ i χ
тәте	t æ t ɪ̞
тәхет	t æ χ ɪ̞ t
тәғлимәт	t æ ʁ lʲ i m æ t
тәҙрә	t æ ð r æ
тәҡдим	t æ q dʲ i m
тәҡдир	t æ q dʲ i r
тәңкә	t æ ŋ k æ
тәңре	t æ ŋ r ɪ̞
тәү	t æ w
тәүге	t æ w ɡ ɪ̞
тәүлек	t æ w l ɪ̞ k
тәүтормош	t æ w t ʊ̞ r m ʊ̞ ʂ
тәүҙә	t æ w ð æ
тәһәрәт	t æ h æ r æ t
төбәк	t ʏ̞ β æ k
төймә	t ʏ̞ j m æ
төйөн	t ʏ̞ j ʏ̞ n
төкөрөк	t ʏ̞ k ʏ̞ r ʏ̞ k
төлкө	t ʏ̞ l k ʏ̞
төн	t ʏ̞ n
төндөк	t ʏ̞ n d ʏ̞ k
төньяҡ	t ʏ̞ n j ɑ q
төнәтмә	t ʏ̞ n æ t m æ
төп	t ʏ̞ p
төр	t ʏ̞ r
төркиә	t ʏ̞ r kʲ iʲ æ
төркөм	t ʏ̞ r k ʏ̞ m
төрлө	t ʏ̞ r l ʏ̞
төрмә	t ʏ̞ r m æ
төрткө	t ʏ̞ r t k ʏ̞
төрҙө	t ʏ̞ r ð ʏ̞
төрөк	t ʏ̞ r ʏ̞ k
төрөкмәнстан	t ʏ̞ r ʏ̞ k m æ n s t ä n
төтөн	t ʏ̞ t ʏ̞ n
төш	t ʏ̞ ʃ
төшөнсә	t ʏ̞ ʃ ʏ̞ n s æ
төшөрөү	t ʏ̞ ʃ ʏ̞ r
төшөрөү	t ʏ̞ ʃ ʏ̞ ɾ
төҙ	t ʏ̞ ð
төҙөүсе	t ʏ̞ ð ʏ̞ w s ɪ̞ᵝ
төҫ	t ʏ̞ θ
ужым	u ʐ ɯ̞ m
уй	u j
уймаҡ	u j m ɑ q
уйылдан	u j ɯ̞ ɫ d ɑ n
уйын	u j ɯ̞ n
уйынсыҡ	u j ɯ̞ n s ɯ̞ q
украина	u k r a i n a
ул	u ɫ
улар	u ɫ ɑ r
ултырғыс	u t ɯ̞ r ʁ ɯ̞ s
ултырғыс	u ɫ t ɯ̞ r ʁ ɯ̞ s
умарта	u m ɑ r t ɑ
умырзая	u m ɯ̞ r z ɑ j ɑ
ун	u n
унан	u n ɑ n
унау	u n a w
унда	u n d ɑ
уны	u n ɯ̞
уның	u n ɯ̞ ŋ
упҡын	u p q ɯ̞ n
урал	u r ɑ ɫ
урам	u r ɑ m
ураҡ	u r ɑ q
урман	u r m ɑ n
урта	u r t ɑ
уртаса	u r t ɑ s ɑ
уртаҡ	u r t ɑ q
урын	u r ɯ̞ n
урынбаҫар	u r ɯ̞ n b ɑ θ ɑ r
урынлы	u r ɯ̞ n ɫ ɯ̞
урыҫ	u r ɯ̞ θ
ус	u s
усаҡ	u s ɑ q
ут	u t
утрау	u t r ɑ w
утын	u t ɯ̞ n
утҡойроҡ	u t q ʊ̞ j r ʊ̞ q
уға	u ʁ ɑ
уғры	u̞ ʁ r ɯ̞
уҡ	u q
уҡлау	u q ɫ ɑ w
уҡсы	u q s ɯ̞
уҡытыусы	u q ɯ̞ t ɯ̞ w s ɯ̞
уҡыусы	u q ɯ̞ w s ɯ̞
уң	u ŋ
уңайлы	u ŋ ɑ j ɫ ɯ̞
уңайҙы	u ŋ ɑ j ð ɯ̞
уңыш	u ŋ ɯ̞ ʂ
уҫал	u θ ɑ ɫ
уҫаҡ	u θ ɑ q
фажиғә	f a ʑ i ʁ æ
фажиғә	f a ʒ ï ʁ æ
файҙа	f ɑ j ð ɑ
фарман	f ɑ r m ɑ n
фатима	f ä tʲ i̠ m ä
фатир	f ä tʲ ï r
фатиха	f ä tʲ ï χ ä
фекер	f ɪ k ɪ r
фил	fʲ i l̠
филтә	fʲ i l t æ
фирғәүен	fʲ i r ʁ æ w ɪ̞ n
форсат	f ʊ̞ r s ɑ t
фәлсәфә	f æ l s æ f æ
фәлсәфәүи	f æ l s æ f æ w i
фәлән	f æ l æ n
фән	f æ n
фәрештә	f æ r ɪ̞ ʃ t æ
фәрит	f æ rʲ i t
фәриҙә	f æ rʲ i ð æ
хаж	χ ɑ ʐ
хазина	χ ä zʲ ï n ä
хаким	χ ä kʲ i̠ m
халыҡ	χ ɑ ɫ ɯ̞ q
ханым	χ ɑ n ɯ̞ m
хас	χ ä s
хас	χ ɑ s
хата	χ ɑ t ɑ
хатта	χ ɑ tː ɑ
хаҡ	χ ɑ q
хаҡына	χ ɑ q ɯ̞ n ɑ
хаҡында	χ ɑ q ɯ̞ n d ɑ
хеҙмәт	χ ɪ̞ ð m æ t
хикәйә	χ ɨ̯͜i k æ j æ
хис	χ ɨ̯ i s
хисап	i θ æ p
хоҙай	χ ʊ̞ ð ɑ j
хоҡуҡ	χ ʊ̞ q u q
хужа	χ u ʐ ɑ
хужабикә	χ u ʐ ɑ bʲ i k æ
хужалыҡ	χ u ʐ ɑ ɫ ɯ̞ q
хуш	χ u ʂ
хыял	χ ɯ̞ j ɑ ɫ
хәбәр	χ æ β æ r
хәбәрсе	χ æ β æ r s ɪ̞
хәйер	χ æ j ɪ̞ r
хәйерсе	χ æ j ɪ̞ r s ɪ̞
хәл	χ æ l
хәмзә	χ æ m z æ
хәрби	χ æ r bʲ i
хәрби	χ æ r bʲ i j
хәреф	χ æ r ɪ̞ f
хәрәкәт	χ æ r æ k æ t
хәсән	χ æ s æ n
хәтер	χ æ t ɪ̞ r
хәҙер	χ æ ð ɪ̞ r
хәҡиҡәт	χ æ q ɨ̯͜i q æ t
хөкүмәт	χ ʏ̞ k ʏ m æ t
хөрмәт	χ ʏ̞ r m æ t
хөрмәтенә	χ ʏ̞ r m æ t ɪ̞ n æ
хөрәфәт	χ ʏ̞ r æ f æ t
хөсәйен	χ ʏ̞ s æ j ɪ̞ n
шайтан	ʂ ɑ j t ɑ n
шайыҡ	ʂ ɑ j ɯ̞ q
шалҡан	ʂ ɑ ɫ q ɑ n
шама	ʂ ɑ m ɑ
шарап	ʂ ɑ r ɑ p
шарлауыҡ	ʂ ɑ r ɫ ɑ w ɯ̞ q
шарт	ʂ ɑ r t
шаршамбы	ʂ ɑ r ʂ ɑ m b ɯ̞
шаршау	ʂ ɑ r ʂ ɑ w
шат	ʂ ɑ t
шаян	ʂ ɑ j ɑ n
шағир	ʂ ä ʁ i̠ r
шағирә	ʂ ä ʁ i̠ r æ
шаҡмаҡ	ʂ ɑ q m ɑ q
шаһит	ʂ ɑ h ï t
шеләгәй	ʃ ɪ̞ l æ ɡ æ j
шешә	ʃ ɪ̞ ʃ æ
шик	ɕ i k
шик	ʃ i k
шифа	ɕ i f ä
шифа	ʃ i f ä
шифахана	ʃ i f ä χ ä n ä
шифахана	ʃ i f ɑ χ ɑ n ɑ
шишмә	ʃ i ʃ m æ
шишә	ɕ i ʃ æ
шишәмбе	ɕ i ʃ æ m b ɪ̞
шишәмбе	ʃ i ʃ æ m b ɪ̞
шиғри	ɕ i ʁ r i
шиғриәт	ɕ i ʁ r iʲ æ t
шиғыр	ɕ i ʁ ɯ̞ r
шиғыр	ʃ i ʁ ɯ̞ r
шоңҡар	ʂ ʊ̞ ŋ q ɑ r
штат	ʂ t ɑ t
шур	ʂ u r
шыйыҡ	ʂ ɯ̞ j ɯ̞ q
шым	ʂ ɯ̞ m
шыма	ʂ ɯ̞ m ɑ
шына	ʂ ɯ̞ n ɑ
шырау	ʂ ɯ̞ r ɑ w
шырпы	ʂ ɯ̞ r p ɯ̞
шыршы	ʂ ɯ̞ r ʂ ɯ̞
шүлгән	ʃ ʏ l ɡ æ n
шәжәрә	ʃ æ ʒ æ r æ
шәкерт	ʃ æ k ɪ̞ r t
шәкәр	ʃ æ k æ r
шәл	ʃ æ l
шәм	ʃ æ m
шәмбе	ʃ æ m b ɪ̞
шәп	ʃ æ p
шәреҡ	ʂ æ r ɪ̞ q
шәриғәт	ʃ æ rʲ i ʁ æ t
шәрә	ʃ æ r æ
шәрәлек	ʃ æ r æ l ɪ̞ k
шәхес	ʃ æ χ ɪ̞ s
шәхси	ʃ æ χ sʲ i
шәхсән	ʃ æ χ s æ n
шәшке	ʃ æ ʃ k ɪ̞
шәүрә	ʃ æ w r æ
шөғөл	ʃ ʏ̞ ʁ ʏ̞ l
ыласын	ɯ̞ ɫ ɑ s ɯ̞ n
ылаҡ	ɯ̞ ɫ ɑ q
ым	ɯ̞ m
ымлыҡ	ɯ̞ m ɫ ɯ̞ q
ынйы	ɯ̞ n j ɯ̞
ынтылыш	ɯ̞ n t ɯ̞ ɫ ɯ̞ ʂ
ырым	ɯ̞ r ɯ̞ m
ырымбур	ɯ̞ r ɯ̞ m b u r
ырыу	ɯ̞ r ɯ̞ w
ырғаҡ	ɯ̞ r ɢ ɑ q
ырғаҡ	ɯ̞ r ʁ ɑ q
ысул	ɯ̞ s u ɫ
ысын	ɯ̞ s ɯ̞ n
ысынбарлыҡ	ɯ̞ s ɯ̞ n b ɑ r ɫ ɯ̞ q
ысыҡ	ɯ̞ s ɯ̞ q
ыуылдырыҡ	ɯ̞ w ɯ̞ ɫ d ɯ̞ r ɯ̞ q
ыуыҙ	ɯ̞ w ɯ̞ ð
ышаныс	ɯ̞ ʂ ɑ n ɯ̞ s
ышаныслы	ɯ̞ ʂ ɑ n ɯ̞ s ɫ ɯ̞
ыңғай	ɯ̞ ŋ ɢ ɑ j
эйе	ɪ̞ j ɪ̞
эйә	ɪ̞ j æ
эйәк	ɪ̞ j æ k
эйәр	ɪ̞ j æ r
элек	ɪ̞ l ɪ̞ k
эне	ɪ̞ n ɪ̞
энә	ɪ̞ n æ
эре	ɪ̞ r ɪ
эремсек	i̞ r i̞ m s i̞ k
эрен	ɪ̞ r ɪ̞ n
эсемлек	ɪ̞ s ɪ̞ m l ɪ̞ k
эскесе	ɪ̞ s k ɪ̞ s ɪ̞
эскәмйә	ɪ̞ s k æ m j æ
эстәлек	ɪ̞ s t æ l ɪ̞ k
эсәк	ɪ̞ s æ k
эт	ɪ̞ t
этморон	ɪ̞ t m ʊ̞ r ʊ̞ n
эш	ɪ̞ ʃ
эшләпә	ɪ̞ ʃ l æ p æ
эшмәкәр	ɪ̞ ʃ m æ k æ r
эшсе	ɪ̞ ʃ s ɪ̞
эшҡыуар	ɪ̞ ʃ q ɯ̞ w ɑ r
эшҡыуарлыҡ	ɪ̞ ʃ q ɯ̞ w ɑ r ɫ ɯ̞ q
эҙ	ɪ̞ ð
эңер	ɪ̞ ŋ ɪ̞ r
эҫе	ɪ̞ θ ɪ̞
юйғыс	j u j ʁ ɯ̞ s
юл	j u l
юлай	j u ɫ ɑ j
юлбарыҫ	j u ɫ b ɑ r ɯ̞ θ
юлбашсы	j u ɫ b ɑ ʂ s ɯ̞
юлбаҫар	j u ɫ b ɑ θ ɑ r
юлдаш	j u ɫ d ɑ ʂ
юрға	j u r ʁ ɑ
юрған	j u r ʁ ɑ n
юғары	j u ʁ ɑ r ɯ̞
юҡ	j u q
ябай	j ɑ β ɑ j
ябыҡ	j ɑ β ɯ̞ q
яй	j ɑ j
ял	j ɑ ɫ
ялан	j ɑ ɫ ɑ n
яланғас	j ɑ ɫ ɑ ŋ ɢ ɑ s
ялағай	j ɑ ɫ ɑ ʁ ɑ j
ялбыр	j ɑ ɫ β ɯ̞ r
ялтыр	j ɑ ɫ t ɯ̞ r
ялыу	j ɑ ɫ ɯ̞ w
ялған	j ɑ ɫ ʁ ɑ n
ялҡау	j ɑ ɫ q ɑ w
ялҡаулыҡ	j ɑ ɫ q ɑ w ɫ ɯ̞ q
ялҡын	j ɑ ɫ q ɯ̞ n
яман	j ɑ m ɑ n
ямау	j ɑ m ɑ w
ямғыр	j ɑ m ʁ ɯ̞ r
янсыҡ	j ɑ n s ɯ̞ q
янғын	j ɑ n ʁ ɯ̞ n
янғын	j ɑ ŋ ɢ ɯ̞ n
япония	j ä p o̞ nʲ i j ä
япраҡ	j ɑ p r ɑ q
яр	j ɑ r
яра	j ɑ r ɑ
ярай	j ɑ r ɑ j
ярамай	j ɑ r ɑ m ɑ j
ярар	j ɑ r ɑ r
ярлы	j ɑ r ɫ ɯ̞
ярма	j ɑ r m ɑ
ярсыҡ	j ɑ r s ɯ̞ q
ярты	j ɑ r t ɯ̞
яры	j ɑ r ɯ̞
ярым	j ɑ r ɯ̞ m
ярымутрау	j ɑ r ɯ̞ m u t r ɑ w
ярыш	j ɑ r ɯ̞ ʂ
ярыҡ	j ɑ r ɯ̞ q
ярғанат	j ɑ r ʁ ɑ n ɑ t
ярҙам	j ɑ r ð ɑ m
ярҙамсы	j ɑ r ð ɑ m s ɯ̞
ят	j ɑ t
яуап	j ɑ w ɑ p
яуаплы	j ɑ w ɑ p ɫ ɯ̞
яуаплылыҡ	j ɑ w ɑ p ɫ ɯ̞ ɫ ɯ̞ q
яулыҡ	j ɑ w ɫ ɯ̞ q
яурын	j ɑ w r ɯ̞ n
яхин	j ä xʲ i n
яхъя	j ɑ χ j ɑ
яға	j ɑ ʁ ɑ
яғалбай	j ɑ ʁ ɑ ɫ b ɑ j
яғыулыҡ	j ɑ ʁ ɯ̞ w ɫ ɯ̞ q
яҙ	j ɑ ð
яҙма	j ɑ ð m ɑ
яҙмыш	j ɑ ð m ɯ̞ ʂ
яҙылыусы	j ɑ ð ɯ̞ ɫ ɯ̞ w s ɯ̞
яҙыусы	j ɑ ð ɯ̞ w s ɯ̞
яҙыҡ	j ɑ ð ɯ̞ q
яҡ	j ɑ q
яҡа	j ɑ q ɑ
яҡты	j ɑ q t ɯ̞
яҡуп	j ɑ q u p
яҡшы	j ɑ q ʂ ɯ̞
яҡын	j ɑ q ɯ̞ n
яңаҡ	j ɑ ŋ ɑ q
яңы	j ɑ ŋ ɯ̞
яңылыш	j ɑ ŋ ɯ̞ ɫ ɯ̞ ʂ
яңылыҡ	j ɑ ŋ ɯ̞ ɫ ɯ̞ q
яңынан	j ɑ ŋ ɯ̞ n ɑ n
яңғыҙ	j ɑ ŋ ɢ ɯ̞ ð
яҫмыҡ	j ɑ θ m ɯ̞ q
ё	j o
ё	j ɵ
ё	ʲo
ё	ʲɵ
ғабдулла	ɢ ɑ b d u ɫː ɑ
ғабдулла	ʁ ɑ b d u ɫː ɑ
ғазраил	ɢ ɑ z r ɑ j ɯ̞ ɫ
ғазраил	ɢ ɑ z r ɑ ï ɫ
ғазраил	ʁ ɑ z r ɑ j ɯ̞ ɫ
ғазраил	ʁ ɑ z r ɑ ï ɫ
ғаилә	ɢ ä j l æ
ғайса	ɢ ɑ j s ɑ
ғайса	ʁ ɑ j s ɑ
ғалим	ɢ ɑ lʲ ï m
ғалим	ʁ ɑ lʲ ï m
ғариза	ɢ ä rʲ i z ä
ғасыр	ɢ ɑ s ɯ̞ r
ғасыр	ʁ ɑ s ɯ̞ r
ғауға	ɢ ɑ w ɢ ɑ
ғауға	ɢ ɑ w ʁ ɑ
ғашиҡ	ɢ ä ɕ i̠ q
ғашиҡ	ɢ ä ʃ i̠ q
ғашиҡ	ʁ ä ɕ i̠ q
ғашиҡ	ʁ ä ʃ i̠ q
ғибәҙәт	ɢ ɨ̯ i b æ ð æ t
ғибәҙәтхана	ɢ ɨ̯ i b æ ð æ t χ ä n ä
ғинуар	ʁ ï n w ä r
ғорур	ʁ ʊ̞ r u r
ғүмер	ʁ̝ ʏ m ɪ̞ r
ғүмерлек	ʁ̝ ʏ m ɪ̞ r l ɪ̞ k
ғүмәр	ʁ ʏ m æ r
ғәжәп	ɢ æ ʒ æ p
ғәжәп	ʁ æ ʒ æ p
ғәйбәт	ɢ æ j β æ t
ғәйбәт	ʁ æ j b æ t
ғәйбәт	ʁ æ j β æ t
ғәйеп	ɢ æ j ɪ̞ p
ғәйеп	ʁ æ j ɪ̞ p
ғәйшә	ɢ æ j ʃ æ
ғәйшә	ʁ æ j ʃ æ
ғәли	ʁ æ lʲ i
ғәлиәссәләм	ɢ æ lʲ i æ sː æ l æ m
ғәләм	ɢ æ l æ m
ғәмәл	ʁ æ m æ l
ғәрәп	ɢ æ r æ p
ғәрәп	ʁ æ r æ p
ғәскәр	ɢ æ s k æ r
ғәскәр	ʁ æ s k æ r
ғәҙел	ɢ æ ð ɪ̞ l
ғәҙәт	ɢ æ ð æ t
ғәҙәт	ʁ æ ð æ t
ғәҙәттә	ɢ æ ð æ tː æ
ғөбәйҙулла	ʁ ʏ̞ β æ j ð u ɫː ɑ
ғөмүмән	ɢ ʏ̞ m ʏ m æ n
ғөмүмән	ʁ ʏ̞ m ʏ m æ n
ҙур	ð u r
ҙурлыҡ	ð u r ɫ ɯ q
ҡабат	q ɑ β ɑ t
ҡабырға	q ɑ β ɯ̞ r ʁ ɑ
ҡабыҡ	q ɑ β ɯ̞ q
ҡаймаҡ	q ɑ j m ɑ q
ҡайнатма	q ɑ j n ɑ t m ɑ
ҡайсы	q ɑ j s ɯ̞
ҡайын	q ɑ j ɯ̞ n
ҡайыш	q ɑ j ɯ̞ ʂ
ҡайғы	q ɑ j ʁ ɯ̞
ҡайҙа	q ɑ j ð ɑ
ҡайҙан	q ɑ j ð ɑ n
ҡайһы	q ɑ j h ɯ̞
ҡала	q ɑ ɫ ɑ
ҡалай	q ɑ ɫ ɑ j
ҡалдыҡ	q ɑ ɫ d ɯ̞ q
ҡалын	q ɑ ɫ ɯ̞ n
ҡалып	q ɑ ɫ ɯ̞ p
ҡалҡан	q ɑ ɫ q ɑ n
ҡама	q ɑ m ɑ
ҡамыр	q ɑ m ɯ̞ r
ҡамыт	q ɑ m ɯ̞ t
ҡамыш	q ɑ m ɯ̞ ʂ
ҡамғаҡ	q ɑ m ʁ ɑ q
ҡан	q ɑ n
ҡанат	q ɑ n ɑ t
ҡандала	q ɑ n d ɑ ɫ ɑ
ҡанун	q ɑ n u n
ҡапсыҡ	q a p s ɯ̞ q
ҡапыл	q ɑ p ɯ̞ ɫ
ҡапҡа	q ɑ p q ɑ
ҡапҡас	q ɑ p q ɑ s
ҡар	q ɑ r
ҡара	q ɑ r ɑ
ҡарабойҙай	q ɑ r ɑ b ʊ̞ j ð ɑ j
ҡарама	q ɑ r ɑ m ɑ
ҡарамаҫтан	q ɑ r ɑ m ɑ θ t ɑ n
ҡарасҡы	q ɑ r ɑ s q ɯ̞
ҡарата	q ɑ r ɑ t ɑ
ҡарағай	q ɑ r ɑ ʁ ɑ j
ҡарағанда	q ɑ r ɑ ʁ ɑ n d ɑ
ҡарағас	q ɑ r ɑ ʁ ɑ s
ҡарағат	q ɑ r ɑ ʁ ɑ t
ҡараҡ	q ɑ r ɑ q
ҡараңғы	q ɑ r ɑ ŋ ʁ ɯ̞
ҡарлуғас	q ɑ r ɫ u ʁ ɑ s
ҡармаҡ	q ɑ r m ɑ q
ҡарсыға	q ɑ r s ɯ̞ ʁ ɑ
ҡарсыҡ	q ɑ r s ɯ̞ q
ҡарт	q ɑ r t
ҡаршы	q ɑ r ʂ ɯ̞
ҡарыш	q ɑ r ɯ̞ ʂ
ҡарға	q ɑ r ʁ ɑ
ҡарғыш	q ɑ r ʁ ɯ̞ ʂ
ҡарһылыу	q ɑ r h ɯ̞ ɫ ɯ̞ w
ҡасан	q ɑ s ɑ n
ҡасҡын	q ɑ s q ɯ̞ n
ҡат	q ɑ t
ҡатнашыусы	q ɑ t n ɑ ʂ ɯ̞ w s ɯ̞
ҡаты	q ɑ t ɯ̞
ҡатын	q ɑ t ɯ̞ n
ҡатырға	q ɑ t ɯ̞ r ʁ ɑ
ҡатыҡ	q ɑ t ɯ̞ q
ҡауаҡ	q ɑ w ɑ q
ҡаурый	q ɑ w r ɯ̞ j
ҡауын	q ɑ w ɯ̞ n
ҡауырһын	q ɑ w ɯ̞ r h ɯ̞ n
ҡауҙы	q ɑ w ð ɯ̞
ҡаш	q ɑ ʂ
ҡашығаяҡ	q ɑ ʂ ɯ̞ ʁ ɑ j ɑ q
ҡая	q ɑ j ɑ
ҡағиҙә	q ä ʁ ɨ̯ i͜ð æ
ҡағыҙ	q ɑ ʁ ɯ̞ ð
ҡаҙ	q ɑ ð
ҡаҙан	q ɑ ð ɑ n
ҡаҙаныш	q ɑ ð ɑ n ɯ̞ ʂ
ҡаҙағстан	q ɑ ð ɑ ɢ̞ ɯ̞̆ s t ɑ n
ҡаҙаҡ	q ɑ ð ɑ q
ҡаҙы	q ɑ ð ɯ̞
ҡаҡырыҡ	q ɑ q ɯ̞ r ɯ̞ q
ҡибла	q ɨ̯ i b ɫ ä
ҡиммәт	q ɨ̯ i mː æ t
ҡиммәтле	q ɨ̯ i mː æ t l ɪ̞
ҡитға	q ɯ̽͜ɪ̈ t ʁ ä
ҡойма	q ʊ̞ j m ɑ
ҡоймаҡ	q ʊ̞ j m ɑ q
ҡойо	q ʊ̞ j ʊ̞
ҡойроҡ	q ʊ̞ j r ʊ̞ q
ҡол	q ʊ̞ ɫ
ҡолаҡ	q ʊ̞ ɫ ɑ q
ҡом	q ʊ̞ m
ҡомалаҡ	q ʊ̞ m ɑ ɫ ɑ q
ҡомартҡы	q ʊ̞ m ɑ r t q ɯ̞
ҡомағай	q ʊ̞ m ɑ ʁ ɑ j
ҡомһоҙ	q ʊ̞ m h ʊ̞ ð
ҡондоҙ	q ʊ̞ n d ʊ̞ ð
ҡоно	q ʊ̞ n ʊ̞
ҡорал	q ʊ̞ r ɑ ɫ
ҡорбан	q ʊ̞ r β ɑ n
ҡоро	q ʊ̞ r ʊ̞
ҡоролоҡ	q ʊ̞ r ʊ̞ ɫ ʊ̞ q
ҡоролтай	q ʊ̞ r ʊ̞ ɫ t ɑ j
ҡором	q ʊ̞ r ʊ̞ m
ҡорос	q ʊ̞ r ʊ̞ s
ҡорот	q ʊ̞ r ʊ̞ t
ҡоротҡос	q ʊ̞ r ʊ̞ t q ʊ̞ s
ҡороҡ	q ʊ̞ r ʊ̞ q
ҡорт	q ʊ̞ r t
ҡосаҡ	q ʊ̞ s ɑ q
ҡот	q ʊ̞ t
ҡотоҡ	q ʊ̞ t ʊ̞ q
ҡош	q ʊ̞ ʂ
ҡояш	q ʊ̞ j ɑ ʂ
ҡоҙоҡ	q ʊ̞ ð ʊ̞ q
ҡоҙғон	q ʊ̞ ð ʁ ʊ̞ n
ҡуйы	q u j ɯ̞
ҡул	q u ɫ
ҡулаҡса	q u ɫ ɑ q s ɑ
ҡулланыусы	q u ɫ ɫ ɑ n ɯ̞ w s ɯ̞
ҡултамға	q u ɫ t ɑ m ʁ ɑ
ҡултыҡ	q u ɫ t ɯ̞ q
ҡулъяулыҡ	q u ɫ j ɑ w ɫ ɯ̞ q
ҡулъяҙма	q u ɫ j ɑ ð m ɑ
ҡумта	q u m t ɑ
ҡумыҙ	q u m ɯ̞ ð
ҡунаҡ	q u n ɑ q
ҡунаҡсыл	q u n ɑ q s ɯ̞ ɫ
ҡунаҡхана	q u n ɑ q χ ɑ n ɑ
ҡурай	q u r ɑ j
ҡурайсы	q u r ɑ j s ɯ̞
ҡурсаҡ	q u r s ɑ q
ҡуртым	q u r t ɯ̞ m
ҡурғаш	q u r ʁ ɑ ʂ
ҡурҡаҡ	q u r q ɑ q
ҡусты	q u s t ɯ̞
ҡутаҡ	q u t ɑ q
ҡутыр	q u t ɯ̞ r
ҡушамат	q u ʂ ɑ m ɑ t
ҡуян	q u j ɑ n
ҡуҙы	q u ð ɯ̞
ҡуҙғалаҡ	q u ð ʁ ɑ ɫ ɑ q
ҡуңыҙ	q u ŋ ɯ̞ ð
ҡыйбат	q ɯ̞ j β ɑ t
ҡыйын	q ɯ̞ j ɯ̞ n
ҡыйыу	q ɯ̞ j ɯ̞ w
ҡыл	q ɯ̞ ɫ
ҡылым	q ɯ̞ ɫ ɯ̞ m
ҡылыс	q ɯ̞ ɫ ɯ̞ s
ҡылған	q ɯ̞ ɫ ʁ ɑ n
ҡымыҙ	q ɯ̞ m ɯ̞ ð
ҡымыҙлыҡ	q ɯ̞ m ɯ̞ ð ɫ ɯ̞ q
ҡын	q ɯ̞ n
ҡына	q ɯ̞ n ɑ
ҡыпсыуыр	q ɯ̞ p s ɯ̞ w ɯ̞ r
ҡыпһыуыр	q ɯ̞ p h ɯ̞ w ɯ̞ r
ҡырау	q ɯ̞ r ɑ w
ҡырағай	q ɯ̞ r ɑ ʁ ɑ j
ҡырмыҫҡа	q ɯ̞ r m ɯ̞ θ q ɑ
ҡыртыш	q ɯ̞ r t ɯ̞ ʂ
ҡырым	q ɯ̞ r ɯ̞ m
ҡырыҫ	q ɯ̞ r ɯ̞ θ
ҡырғыс	q ɯ̞ r ʁ ɯ̞ s
ҡырғыҙ	q ɯ̞ r ʁ ɯ̞ ð
ҡырғыҙстан	q ɯ̞ r ɢ̞ ɯ̞ ð s t ɑ n
ҡытай	q ɯ̞ t ɑ j
ҡыуаҡ	q ɯ̞ w ɑ q
ҡыуыш	q ɯ̞ w ɯ̞ ʂ
ҡыш	q ɯ̞ ʂ
ҡыҙ	q ɯ̞ ð
ҡыҙыл	q ɯ̞ ð ɯ̞ ɫ
ҡыҙылса	q ɯ̞ ð ɯ̞ ɫ s ɑ
ҡыҙылтүш	q ɯ̞ ð ɯ̞ ɫ t ʏ ʃ
ҡыҙыу	q ɯ̞ ð ɯ̞ w
ҡыҙыҡ	q ɯ̞ ð ɯ̞ q
ҡыңғырау	q ɯ̞ ŋ ʁ ɯ̞ r ɑ w
ҡыҫала	q ɯ̞ θ ɑ ɫ ɑ
ҡыҫҡа	q ɯ̞ θ q ɑ
ҡыҫҡаһы	q ɯ̞ θ q ɑ h ɯ̞
ҡәбер	q æ b ɪ̞ r
ҡәбилә	q æ b i l æ
ҡәйнә	q æ j n æ
ҡәләм	q æ l æ m
ҡәләмфер	q æ l æ m f ɪ̞ r
ҡәнәфер	q æ n æ f ɪ̞ r
ҡәнәғәт	q æ n æ ʁ æ t
ҡәрҙәш	q æ r ð æ ʃ
ҡәғбә	q æ ʁ b æ
ҡәҙер	q æ ð ɪ̞ r
ҡәҙәр	q æ ð æ r
ҡәһүә	q æ h w æ
ҫупайҙы	θ u p ɑ j ð ɯ
үгеҙ	ʏ ɡ ɪ̞ ð
үгәй	ʏ ɡ æ j
үзбәк	ʏ z b æ k
үзбәкстан	ʏ z b æ k s t ɑ n
үксә	ʏ k s æ
үлем	ʏ l ɪ̞ m
үлсәү	ʏ l s æ w
үләкһә	ʏ l æ k h æ
үлән	ʏ l æ n
үпкә	ʏ p k æ
үрге	ʏ r ɡ ɪ̞
үркәс	ʏ r k æ s
үрмәксе	ʏ r m æ k s ɪ̞
үрнәк	ʏ r n æ k
үрт	ʏ r t
үрҙәк	ʏ r ð æ k
үс	ʏ s
үт	ʏ t
үтек	ʏ t ɪ̞ k
үткер	ʏ t k ɪ̞ r
үткән	ʏ t k æ n
үтмәҫ	ʏ t k ɪ̞ r
үҙ	ʏ ð
үҙаң	ʏ ð ä ŋ
үҙаң	ʏ ð ʔ ä ŋ
үҙгәреш	ʏ ð ɡ æ r ɪ̞ ʃ
үҙәк	ʏ ð æ k
үҫемлек	ʏ θ ɪ̞ m l ɪ̞ k
үҫенте	ʏ θ ɪ̞ n t ɪ̞
үҫеш	ʏ θ ɪ̞ ʃ
үҫмер	ʏ θ m ɪ̞ r
һабаҡ	h ɑ β ɑ q
һабын	h ɑ β ɯ̞ n
һай	h ɑ j
һайыҫҡан	h ɑ j ɯ̞ θ q ɑ n
һал	h ɑ ɫ
һалам	h ɑ ɫ ɑ m
һалдат	h ɑ ɫ d ɑ t
һалмауыр	h ɑ ɫ m ɑ w ɯ̞ r
һалым	h ɑ ɫ ɯ̞ m
һалыу	h ɑ ɫ ɯ̞ w
һалҡын	h a ɫ q ɯ̞ n
һаман	h ɑ m ɑ n
һамар	h ɑ m ɑ r
һан	h ɑ n
һандуғас	h ɑ n d u ʁ ɑ s
һандыҡ	h ɑ n d ɯ̞ q
һарай	h ɑ r ɑ j
һаран	h ɑ r ɑ n
һары	h ɑ r ɯ̞
һарымһаҡ	h ɑ r ɯ̞ m h ɑ q
һарытау	h ɑ r ɯ̞ t ɑ w
һарығош	h ɑ r ɯ̞ ʁ ʊ̞ ʂ
һарыҡ	h ɑ r ɯ̞ q
һатыусы	h ɑ t ɯ̞ w s ɯ̞
һау	h ɑ w
һауа	h ɑ w ɑ
һауап	h ɑ w ɑ p
һаулыҡ	h ɑ w ɫ ɯ̞ q
һауынсы	h ɑ w ɯ̞ n s ɯ̞
һауыт	h ɑ w ɯ̞ t
һағыҙ	h ɑ ʁ ɯ̞ ð
һағыҙаҡ	h ɑ ʁ ɯ̞ ð ɑ q
һаҙ	h ɑ ð
һаҙағай	h ɑ ð ɑ ʁ ɑ j
һаҙаҡ	h ɑ ð ɑ q
һаҡ	h ɑ q
һаҡал	h ɑ q ɑ ɫ
һаҡау	h ɑ q ɑ w
һаҡсы	h ɑ q s ɯ̞
һаңғырау	h ɑ ŋ ɢ ɯ̞ r ɑ w
һаҫыҡ	h ɑ θ ɯ̞ q
һейҙек	h ɪ̞ j ð ɪ̞ k
һеләгәй	h ɪ̞ l æ ɡ æ j
һеләүһен	h ɪ̞ l æ w h ɪ̞ n
һемәк	h ɪ̞ m æ k
һепертке	h ɪ̞ p ɪ̞ r t k ɪ̞
һеркә	h ɪ̞ r k æ
һеҙ	h ɪ̞ ð
һеҙ	ɦ ɪ̞ ð
һеҙгә	h ɪ̞ ð ɡ æ
һеҙҙе	h ɪ̞ ðː ɪ̞
һеҙҙең	h ɪ̞ ðː ɪ̞ ŋ
һеҙҙә	h ɪ̞ ðː æ
һеҙҙән	h ɪ̞ ðː æ n
һигеҙ	h i ɡ ɪ̞ ð
һигеҙ	h i ɣ ɪ̞ ð
һигеҙгүҙ	h i ɡ ɪ̞ ð ɡ ʏ ð
һике	h i k ɪ̞
һимеҙ	h i m ɪ̞ ð
һин	h i n
һин	ɦ i n
һинд	h ï n t
һиндә	h i n d æ
һине	h i n ɪ̞
һинең	h i n ɪ̞ ŋ
һинән	h i n æ n
һипкел	h i p k ɪ̞ l
һиптергес	h i p t ɪ̞ r ɡ ɪ̞ s
һирәк	h i r æ k
һиңә	h i ŋ æ
һоло	h ʊ̞ ɫ ʊ̞
һорау	h ʊ̞ r ɑ w
һоро	h o r o
һоҫҡо	h ʊ̞ θ q ʊ̞
һул	h u ɫ
һулаҡай	h u ɫ ɑ q ɑ j
һум	h u m
һунар	h u n ɑ r
һунарсы	h u n ɑ r s ɯ̞
һупайҙы	h u p ɑ j ð ɯ̞
һупылдаҡ	h u p ɯ̞ ɫ d ɑ q
һурпа	h u r p ɑ
һуған	h u ʁ ɑ n
һуғыш	h u ɢ̞ ɯ̞ ʂ
һуҙынҡы	h u ð ɯ̞ ŋ q ɯ̞
һуҡмаҡ	h u q m ɑ q
һуҡыр	h u q ɯ̞ r
һуңғы	h u ŋ ɢ ɯ̞
һыйыр	h ɯ̞ j ɯ̞ r
һылтанма	h ɯ ɫ t ɑ n m ɑ
һылыу	h ɯ̞ ɫ ɯ̞ w
һыра	h ɯ̞ r ɑ
һыртлан	h ɯ̞ r t ɫ ɑ n
һырға	h ɯ̞ r ʁ ɑ
һыу	h ɯ̞ w
һыуыр	h ɯ̞ w ɯ̞ r
һыуытҡыс	h ɯ̞ w ɯ̞ t q ɯ̞ s
һыуыҡ	h ɯ̞ w ɯ̞ q
һыуғояр	h ɯ̞ w ʁ ʊ̞ j ɑ r
һыуһар	h ɯ̞ w h ɑ r
һыҙат	h ɯ̞ ð ɑ t
һыҙыҡ	h ɯ̞ ð ɯ̞ q
һыҙыҡса	h ɯ̞ ð ɯ̞ q s ɑ
һүрәт	h ʏ r æ t
һүҙ	h ʏ ð
һүҙлек	h ʏ ð l ɪ̞ k
һәйбәт	h æ j β æ t
һәйкәл	h æ j k æ l
һәләт	h æ l æ t
һәм	h æ m
һәнәк	h æ n æ k
һәр	h æ r
һәүәҫкәр	h æ w æ θ k æ r
һөжүм	h ʏ̞ ʒ ʏ m
һөйкәлеш	h ʏ̞ j k æ l ɪ̞ ʃ
һөйләм	h ʏ̞ j l æ m
һөйәк	h ʏ̞ j æ k
һөйәл	h ʏ̞ j æ l
һөйөнсө	h ʏ̞ j ʏ̞ n s ʏ̞
һөйөү	h ʏ̞ j ʏ̞ w
һөлдә	h ʏ̞ l d æ̹
һөлөк	h ʏ̞ l ʏ̞ k
һөнәр	h ʏ̞ n æ r
һөргөн	h ʏ̞ r ɡ ʏ̞ n
һөт	h ʏ̞ t
һөҙһөт	h ʏ̞ ð h ʏ̞ t
һөҙәк	h ʏ̞ ð ɶ̟ k
һөҙөмтә	h ʏ̞ ð ʏ̞ m t œ̟
һөңгө	h ʏ̞ ŋ ɡ ʏ̞
әбей	æ b iʲ
әбей	æ β ɪ j
әгәр	æ ɡ æ r
әжәл	æ ʒ æ l
әйбер	æ j β ɪ̞ r
әйтелеш	æ j t ɪ̞ l ɪ̞ ʃ
әйткәндәй	æ j t k æ n d æ j
әйтәгүр	æ j t æ ɡ ʏ r
әйтәгүр	æ j t æ ɣ ʏ r
әкиәт	æ kʲ iʲ æ t
әлбиттә	æ l bʲ i tː æ
әлморон	æ l m ʊ̞ r ʊ̞ n
әлфиә	æ l fʲ iʲ æ
әмер	æ m ɪ̞ r
әнүәр	æ n w æ r
әрем	æ r ɪ̞ m
әрмән	æ r m æ n
әрмәнстан	æ r m æ n s t ä n
әссәләмәғәләйкүм	æ sː æ l æ m æ ʁ æ l æ j k ʏ m
әстерхан	æ s t ɪ̞ r χ ä n
әсәй	æ s æ j
әтәс	æ t æ s
әфәнде	æ f æ n d ɪ̞
әхирәт	æ χ ɨ͜i r æ t
әхмәт	æ χ m æ t
әшнә	æ ʃ̟ n æ
әҙ	æ ð
әҙер	æ ð ɪ̞ r
әҙһәм	æ ð h æ m
әҙәбиәт	æ ð æ bʲ iʲ æ t
әҙәм	æ ð æ m
әңгәмә	æ ŋ ɡ æ m æ
әҫәр	æ θ æ r
әүлиә	æ w lʲ iʲ æ
әүҙем	æ w ð ɪ̞ m
әүҙемлек	æ w ð ɪ̞ m l ɪ̞ k
әһәмиәт	æ h æ mʲ iʲ æ t
өгөт	ʏ̞ ɡ ʏ̞ t
өй	ʏ̞ j
өйрәк	ʏ̞ j r æ k
өйрәкморон	ʏ̞ j r æ k m ʊ̞ r ʊ̞ n
өйрәнсек	ʏ̞ j r æ n s ɪ̞ k
өйрәнсек	ʏ̞ r æ n s ɪ̞ k
өйөр	ʏ̞ j ʏ̞ r
өкө	ʏ̞ k ʏ̞
өлгө	ʏ̞ l ɡ ʏ̞
өлкә	ʏ̞ l k æ
өлкән	ʏ̞ l k æ n
өлкәр	ʏ̞ l k æ r
өлөш	ʏ̞ l ʏ̞ ʃ
өмә	ʏ̞ m æ
өмөт	ʏ̞ m ʏ̞ t
өн	ʏ̞ n
өрөк	ʏ̞ r ʏ̞ k
өс	ʏ̞ s
өсмөйөш	ʏ̞ s m̟ ʏ̞ j ʏ̞ ʃ
өсәү	ʏ̞ s æ w
өтөр	ʏ̞ t ʏ̞ r
өфө	ʏ̞ f ʏ̞
өҙәңге	ʏ̞ ð æ ŋ ɡ ɪ̞
өҙәңге	ʏ̞ ð æ̹ ŋ ɡ ʏ̞
өҙөк	ʏ̞ ð ʏ̞ k
өҙөмтә	ʏ̞ ð ʏ̞ m t æ
өҫкә	ʏ̞ θ k æ
өҫтәл	ʏ̞ θ t æ̹ l
