ཀ	* k a
ཀ	k a ˥˥
ཀ་ཀོ་ལ	* k a k o l a
ཀ་ཁུ་བྷ་ཡ	* k a kʰ u p h a j a
ཀ་ཏ་མན་ཏུ	k a ˥˥ t a ˥˥ m ɛ̃ ˩˧ t u ˥˥
ཀ་པ་ལ	* k a p a l a
ཀ་བ	* k a b a
ཀ་བ	k aː ˥˥
ཀ་ར	* k a r a
ཀ་ར	k a ˥˥ ʐ a ˥˥
ཀ་ཤི་མིར	* k a ɕ i m i r
ཀ་ཤི་མིར	k aˑ ɕ iˑ m iː ɹˑ
ཀུ་མུད	* k u m u t
ཀུན	* k u n
ཀུན	k ỹ ˥˥
ཀེ་ར	* k e r a
ཀེ་ར	k e ˥˥ ʐ a ˥˥
ཀོག་ཤི	* k o k ɕ i
ཀོག་ཤི	k oː ˥˥ ɕ i ˥˥
ཀྱི	* kʲ i
ཀྱི	k iˑ
ཀྲུང་གོ	ʈ͡ʂ u ŋ ˥˥ k o ˥˥
ཀྲུམས	* k r u m s
ཀྲུམས	ʈ͡ʂ u m ˥˩
ཀྲུའུ་ཞི	ʈ͡ʂ u ˥˥ ɕ i ˥˥
ཀྲོ་མ་ཀྲུ	ʈ͡ʂ u ˥˥ m aː ˥˥ ʈ͡ʂ uˑ
ཀླད	* k l a t
ཀླད་ཀོར	* k l a t k o r
ཀླད་ཀོར	l ɛː ˥˥ k oː ˥˥
ཀླད་པ	* k l a t p a
ཀླད་པ	l ɛː ˥˥ p a ˥˥
ཀླུང	* k l u ŋ
ཀླུང	l u ŋ ˥˩
ཀླུང་མ	* k l u ŋ m a
ཀླུང་མ	l u ŋ ˥˩ m a ˩˧
ཀློག	* k l o k
ཀློག	l o ˥˩
ཁ	* kʰ a
ཁ	kʰ a ˥˥
ཁ་ཆེ	* kʰ a t͡ɕʰ e
ཁ་ཆེ	kʰ aˑ t͡ɕʰ ɛːˑ
ཁ་ཆེའི་ཆོས་ཁང	kʰ aˑ t͡ɕʰ ɛːˑ ʔ iˑ t͡ɕʰ øːˑ kʰ a ŋˑ
ཁ་པར	* kʰ a p a r
ཁ་པར	kʰ a ˥˥ p aː ˥˥
ཁ་བཏགས	* kʰ a p t a k s
ཁ་བཏགས	kʰ a ˥˥ t a ˥˩
ཁ་འདབ	* kʰ aⁿ d a p
ཁ་ལོ་བ	* kʰ a l o b a
ཁ་སང	* kʰ a s a ŋ
ཁང་པ	* kʰ a ŋ p a
ཁང་པ	kʰ a ŋ ˥˥ p a ˥˥
ཁབ	* kʰ a p
ཁབ	kʰ a p̚ ˥˩
ཁམས	* kʰ a m s
ཁམས	kʰ a m ˥˩
ཁར	* kʰ a r
ཁར	kʰ aː ˥˥
ཁུག་སྣ	* kʰ u k z n a
ཁོ	* kʰ o
ཁོ	kʰ o ˥˥
ཁོག་ལྡིར	* kʰ o k l d i r
ཁོག་ལྡིར	kʰ oː ˥˥ t i ŋ ˥˥
ཁོང	* kʰ o ŋ
ཁོང	kʰ o ŋ ˥˥
ཁྱི	* kʰʲ i
ཁྱི	cʰ i ˥˥
ཁྱིམ	* kʰʲ i m
ཁྱིམ	cʰ i m ˥˥
ཁྱིམ་ཚང	* kʰʲ i m t͡sʰ a ŋ
ཁྱིམ་རྒྱུད	* kʰʲ i m r ɡʲ u t
ཁྱིམ་རྒྱུད	cʰ i m ˥˥ c yː ˥˩
ཁྱུང	* kʰʲ u ŋ
ཁྱུང	cʰ u ŋ ˥˥
ཁྲག	* kʰ r a k
ཁྲག	ʈ͡ʂʰ a ˥˩
ཁྲག་ཁྲིག	* kʰ r a k kʰ r i k
ཁྲག་ཁྲིག་ཆེན་པོ	* kʰ r a k kʰ r i k t͡ɕʰ e n p o
ཁྲི	* kʰ r i
ཁྲི	ʈ͡ʂʰ i ˥˥
ཁྲི	ʈ͡ʂʰ i ˥˧
ཁྲི	ʈ͡ʂʰ ə
ཁྲི	ʈ͡ʂʰ ɪ ˥˧
ཁྲིད	* kʰ r i t
ཁྲིད	ʈ͡ʂʰ i ˥˩
ཁྲིམ་དཔོན	* kʰ r i m t p o n
ཁྲུས་ཁང	* kʰ r u s kʰ a ŋ
ཁྲུས་ཁང	ʈ͡ʂʰ yː ˥˥ kʰ a ŋ ˥˥
ཁྲེ	* kʰ r e
ཁྲེ	ʈ͡ʂʰ e ˥˥
ཁྲེན་ཏུ	ʈ͡ʂʰ ẽ ˥˥ t u ˥˥
ཁྲེལ་ཡོད་པ	* kʰ r e l j o t p a
ག	* ɡ a
ག	kʰ a ˩˧
ག་པར	* ɡ a p a r
ག་པར	kʰ a ˩˧ p aː ɹ ˥˥
ག་ཚོད	* ɡ a t͡sʰ o t
ག་ཚོད	kʰ ə ˩˧ t͡sʰ ɛː ˥˩
ག་རེ	* ɡ a r e
ག་རེ	kʰ a ˩˧ ʐ e ˥˥
ག་རེ་བྱས་ནས	* ɡ a r e bʲ a s n a s
གང	* ɡ a ŋ
གང	kʰ a ŋ ˩˧˨
གང་འདྲ	* ɡ a ŋⁿ d r a
གང་འདྲ	kʰ ə ŋ ˩˧ ʈ͡ʂ ɛː ˥˩
གང་ཡིན་ཟེར་ན	* ɡ a ŋ j i n z e r n a
གངས	* ɡ a ŋ s
གངས	kʰ a ŋ ˩˧˨
གངས་ཆེན	* ɡ a ŋ s t͡ɕʰ e n
གངས་རི	* ɡ a ŋ s r i
གངས་རི	kʰ ə ŋ ˩˧ ʐ i ˥˥
གངས་རིན་པོ་ཆེ	* ɡ a ŋ s r i n p o t͡ɕʰ e
གངས་རིན་པོ་ཆེ	kʰ a ŋ ˩˧˨ ʐ ĩ ˩˧ p u ˥˥ t͡ɕʰ iˑ
གངས་སེང་གེ	* ɡ a ŋ s s e ŋ ɡ e
གངས་སེང་གེ	kʰ a ŋ ˩˧˨ s e ŋ ˥˥ k e ˥˥
གཅིག	* k t͡ɕ i k
གཅིག	h t͡ɕ ə k
གཅིག	t͡ɕ i ʔ ˥˧
གཅིག	t͡ɕ i ˥˧
གཅིག	t͡ɕ i ˥˩
གཅིག	ɣ c͡ç ə k
གཅིག	ɣ t͡ɕ e k
གཅོད	* k t͡ɕ o t
གཅོད	t͡ɕ øː ˥˩
གཉིས	* g ȵ i s
གཉིས	h ȵ i
གཉིས	ȵ i
གཉིས	ȵ i ˥˥
གཉིས	ȵ iː ˥˥
གཉིས	ɣ ȵ i
གཏམ	* k t a m
གཏམ	t a m ˥˥
གཏམ་བཟང	* k t a m b z a ŋ
གཏམ་བཟང	t a m ˥˥ s a ŋˑ
གཏམས	* k t a m s
གཏམས	t a m ˥˥
གཏུམ	* k t u m
གཏུམ	t u m ˥˩
གཏོར	* k t o r
གཏོར་མ	* k t o r m a
གཏོར་མ	t oː ˥˥ m a ˥˥
གད་ཉིག	* ɡ a t ȵ i k
གདན	* g d a n
གདན	t o nˑ
གདུགས	* g d u k s
གདུགས	t u ˩˧˨
གདོན་འདྲེ	* g d o nⁿ d r e
གདོན་འདྲེ	t o ŋ ˩˧ ʈ͡ʂ eˑ
གནང	* g n a ŋ
གནང	n a ŋ ˥˥
གནམ	* g n a m
གནམ	h n a m
གནམ	n a m ˥˥
གནམ	ɣ n a m
གནམ་གཤིས	* g n a m k ɕ i s
གནམ་གཤིས	n ə m ˥˥ ɕ i ˥˩
གནམ་གྲུ	n ə m ˥˥ ʈ͡ʂ u ˥˥
གནམ་མཚོ	* g n a m m t͡sʰ o
གནམ་མཚོ	n a m ˥˥ t͡sʰ o ˥˥
གནས	* g n a s
གནས	n ɛː ˥˩
གནས་ཚུལ	* g n a s t͡sʰ u l
གནས་ཚུལ	n ɛː ˥˥ t͡ɕ yːˑ
གཙང	* k t͡s a ŋ
གཙང	t͡s a ŋ ˥˥
གཙང་མ	* k t͡s a ŋ m a
གཙང་མ	t͡s a ŋ ˥˥ m a ˥˥
གཙོ	* k t͡s o
གཙོ	t͡s o ˥˥
གཙོ་བོ	* k t͡s o b o
གཙོ་བོ	t͡s o ˥˥ w oˑ
གཞས	* g ʑ a s
གཞས	ɕ ɛː ˩˧˨
གཞས་ཚིག	* g ʑ a s t͡sʰ i k
གཞས་ཚིག	ɕ e ˩˧ t͡sʰ i k̚ˀ ˥˩
གཞིས་ཀ	* g ʑ i s k a
གཞིས་ཀ	ɕ i ˩˧ k ə ˥˥
གཞིས་ཀ་རྩེ	* g ʑ i s k a r t͡s e
གཞིས་ཀ་རྩེ	ɕ i ˩˧ k ə ˥˥ t͡s eˑ
གཞུག་གུ	* g ʑ u k ɡ u
གཞུང	* g ʑ u ŋ
གཞུང	ɕ u ŋ ˩˧
གཞུང	ɕ u ŋ ˩˧˨
གཟའ	* g z a ɣ
གཟའ	s a ˩˧
གཟའ་ཉི་མ	* g z a ɣ ȵ i m a
གཟའ་ཉི་མ	s a ˩˧ ȵ i ˩˧ m ə ˥˥
གཟའ་པ་སངས	* g z a ɣ p a s a ŋ s
གཟའ་པ་སངས	s a ˩˧ p a ˥˥ s a ŋ ˥˩
གཟའ་ཕུར་བུ	* g z a ɣ pʰ u r b u
གཟའ་ཕུར་བུ	s a ˩˧ pʰ uː ˥˥ p u ˥˥
གཟའ་མིག་དམར	* g z a ɣ m i k d m a r
གཟའ་མིག་དམར	s a ˩˧ m iː ˩˧ m aː ˥˥
གཟའ་ཟླ་བ	* g z a ɣ z l a b a
གཟའ་ཟླ་བ	s a ˩˧ t a ˩˧ w a ˥˥
གཟའ་འཁོར	* g z a ɣᵑ kʰ o r
གཟའ་འཁོར	s a ˩˧ kʰ oː ˥˥
གཟའ་ལྷག་པ	* g z a ɣ l̥ a k p a
གཟའ་ལྷག་པ	s a ˩˧ ɬ a k̚ˀ ˥˥ p a ˥˥
གཟའ་སྤེན་པ	* g z a ɣ s p e n p a
གཟའ་སྤེན་པ	s a ˩˧ p ẽ ˥˥ p a ˥˥
གཟི	* g z i
གཟི	s i ˩˧
གཟིགས	* g z i k s
གཟིགས	s i ˩˧˨
གཟུགས་པོ	* g z u k s p o
གཟུགས་པོ	s u k̚ˀ ˩˧ p o ˥˩
གཡག	* ɡ j a k
གཡག	j a ˥˩
གཡུ	* ɡ j u
གཡུ	j u ˥˥
གཡུ་ཁ	* ɡ j u kʰ a
གཡུ་ཁ	j u ˥˥ kʰ a ˥˩
གཡུ་མདོག	* ɡ j u m d o k
གཡུ་མདོག	j u m ˥˥ t oː ˥˩
གཡུ་མཚོ	* ɡ j u m t͡sʰ o
གཡུ་མཚོ	j u m ˥˥ t͡sʰ o ˥˩
གཡུ་ལོ	* ɡ j u l o
གཡུ་ལོ	j u ˥˥ l oˑ
གཡེར་མ	* ɡ j e r m a
གཡེར་མ	j eː ɹ ˥˥ m a ˥˥
གལ་ཆེན་པོ	* ɡ a l t͡ɕʰ e n p o
གསང་སྤྱོད	* k s a ŋ s pʲ o t
གསང་སྤྱོད	s a ŋ ˥˥ t͡ɕ øː ˥˩
གསའ	* k s a ɣ
གསའ	s a ˥˥
གསར་པ	* k s a r p a
གསར་པ	s aː ˥˥ p a ˥˥
གསར་འགྱུར	* k s a rᵑ ɡʲ u r
གསར་འགྱུར	s ə ŋ ˥˥ c uː ˥˥
གསལ་བཤད	* k s a l p ɕ a t
གསུམ	* k s u m
གསུམ	h s ə m
གསུམ	s u m ˥˥
གསུམ	s u ŋ ˥˥
གསུམ	s ɑ̃ ˥˥
གསུམ	ɣ s ə m
གསེར་དཀར་པོ	s eː ɹ ˥˥ k aː ɹ ˥˥ p oˑ
གསོད	* k s o t
གསོད	s a l
གསོད	s ɛ ʔ ˥˧
གསོད	s ɛ ˥˧
གསོད	s ɛː ˥˩
གསོད	ɣ s a l
གསོན	* k s o n
གསོན	s ø̃ ˥˥
གསོན་པོ	* k s o n p o
གསོན་པོ	s ø̃ ˥˥ p a ˥˥
གསོལ་དཀྲུམ	* k s o l t k r u m
གསོལ་དཀྲུམ	s øː ˥˥ ʈ͡ʂ u m ˥˩
གི	* ɡ i
གི	k iˑ
གི་གུ	* ɡ i ɡ u
གི་གུ	kʰ i ˩˧ k u ˥˥
གུང་ཁྲན་ཏང	kʰ u ŋ ˩˧ ʈ͡ʂʰ ɛ̃ ˥˥ t a ŋ ˥˩
གུང་ཁྲན་རིང་ལུགས	kʰ u ŋ ˩˧ ʈ͡ʂʰ ɛ̃ ˥˥ ʐ i ŋ ˩˧ l u ˥˩
གུར་གུམ	* ɡ u r ɡ u m
གུར་གུམ	kʰ u ˩˧ k u m ˥˥
གོ	* ɡ o
གོ	kʰ o ˩˧
གོ་ཐལ	* ɡ o tʰ a l
གོག	* ɡ o k
གོག	kʰ o ˩˧˨
གོང	* ɡ o ŋ
གོང	kʰ o ŋ ˩˧
གོན	* ɡ o n
གོན	kʰ ø̃ ˩˧
གོམ་པ་རྒྱག	* ɡ o m p a r ɡʲ a k
གོམ་པ་རྒྱག	kʰ o m ˩˧ p a ˥˥ c a ˩˧˨
གྱི	* ɡʲ i
གྱི	k iˑ
གྱོན	* ɡʲ o n
གྱོན	kʰ ø̃ ˩˧
གྲང་མོ	* ɡ r a ŋ m o
གྲང་མོ	ʈ͡ʂʰ ə ŋ ˩˧ ŋ u ˥˥
གྲུ	* ɡ r u
གྲུ	ʈ͡ʂʰ u ˩˧
གྲུ་གསུམ	ʈ͡ʂʰ u k̚ˀ ˩˧ s u m ˥˥
གྲུ་བཞི	* ɡ r u b ʑ i
གྲུ་བཞི	ʈ͡ʂʰ u p̚ ˩˧ ɕ i ˥˥
གྲོག་མ	* ɡ r o k m a
གྲོག་མ	ʈ͡ʂʰ oː ˩˧ m a ˥˥
གྲོང་ཁྱེར	* ɡ r o ŋ kʰʲ e r
གྲོང་ཁྱེར	ʈ͡ʂʰ o ŋ ˩˧ cʰ eː ˥˥
གླག	* g l a k
གླག	l a k̚ˀ ˥˩
གླང	* g l a ŋ
གླང	l a ŋ ˥˥
གླང་ཆེན	* g l a ŋ t͡ɕʰ e n
གླང་ཆེན	l a ŋ ˥˥ t͡ɕʰ ẽ ˥˥
གླུ་དབྱངས	* g l u d bʲ a ŋ s
གླུ་དབྱངས	l u ˥˥ j a ŋ ˥˩
གློག	* g l o k
གློག	l o ˥˩
གློག་བརྙན	l oː ˥˥ ȵ ɛ̃ ˥˥
གློག་བརྙན་ཁང	l o ˥˩ ȵ ɛ̃ ˥˥ kʰ a ŋ ˥˥
ང	* ŋ a
ང	ŋ a ˩˧
ང	ŋ ɑ ˨˧˩
ང	ŋ ɑ ˩˧
ང	ŋ ɒ
ང	ŋ ɒ́
ང་ཚོ	* ŋ a t͡sʰ o
ང་ཚོ	ŋ a n ˩˧ t͡sʰ o ˥˥
ངག	* ŋ a k
ངག	ŋ a ˩˧˨
ངན	* ŋ a n
ངན	ŋ ɛ̃ ˩˧
ངན་པ	* ŋ a n p a
ངན་པ	ŋ ɛ̃ ˩˧ p aˑ
ངུ	* ŋ u
ངུ	ŋ u ˩˧
ངོ་ཚ་ཤེས་པ	* ŋ o t͡sʰ a ɕ e s p a
ཅ	* t͡ɕ a
ཅ	t͡ɕ a ˥˥
ཅིག	* t͡ɕ i k
ཅིག	t͡ɕ i ˥˩
ཅུང་ཙམ	* t͡ɕ u ŋ t͡s a m
ཅུང་ཟད	* t͡ɕ u ŋ z a t
ཅུང་ཟད་ཙམ	* t͡ɕ u ŋ z a t t͡s a m
ཆ	* t͡ɕʰ a
ཆ	t͡ɕʰ a ˥˥
ཆང	* t͡ɕʰ a ŋ
ཆང	t͡ɕʰ a ŋ ˥˥
ཆང་ནད	* t͡ɕʰ a ŋ n a t
ཆང་ནད	t͡ɕʰ a ŋ ˥˥ n ɛː ˥˩
ཆབ་མདོ	* t͡ɕʰ a p m d o
ཆབ་མདོ	t͡ɕʰ a m ˥˥ t o ˥˥
ཆབ་སྲིད	* t͡ɕʰ a p s r i t
ཆབ་སྲིད	t͡ɕʰ ə p̚ ˥˥ s i ˥˩
ཆར་པ	* t͡ɕʰ a r p a
ཆར་པ	t͡ɕʰ a r w a
ཆར་པ	t͡ɕʰ a r w æ
ཆར་པ	t͡ɕʰ a ˥˥ b a ˥˧
ཆར་པ	t͡ɕʰ aː ˥˥ p a ˥˥
ཆར་ཞོད	* t͡ɕʰ a r ʑ o t
ཆར་རླུང	* t͡ɕʰ a r r l u ŋ
ཆར་སྤྲིན	* t͡ɕʰ a r s p r i n
ཆུ	* t͡ɕʰ u
ཆུ	t͡ɕʰ u ˥˥
ཆུ་མིག	* t͡ɕʰ u m i k
ཆུ་མིག	t͡ɕʰ u ˥˥ m i ˥˥
ཆུ་ཚོད	* t͡ɕʰ u t͡sʰ o t
ཆུ་ཚོད	t͡ɕʰ o ˥˥ t͡sʰ øː ˥˩
ཆུ་རྒུན་འབྲུམ	* t͡ɕʰ u r ɡ u nᵐ b r u m
ཆུ་རྒུན་འབྲུམ	t͡ɕʰ u ˥˥ k ỹ ˩˧ ʈ͡ʂ u m ˥˥
ཆུ་ལོག	* t͡ɕʰ u l o k
ཆུ་ལོག	t͡ɕʰ u ˥˥ l o k̚ˀ ˥˩
ཆུ་ཤེལ	* t͡ɕʰ u ɕ e l
ཆུ་ཤེལ	ʈ͡ʂʰ u ˥˩ ʂ eː ɹ ˥˥
ཆུང	* t͡ɕʰ u ŋ
ཆུང་ཆུང	* t͡ɕʰ u ŋ t͡ɕʰ u ŋ
ཆུང་ཆུང	t͡ɕʰ ỹ ˥˥ t͡ɕʰ ỹ ˥˥
ཆུང་བ	* t͡ɕʰ u ŋ b a
ཆུང་བ	t͡ɕʰ u ŋ ˥˩ ŋ əˑ
ཆུང་མ	* t͡ɕʰ u ŋ m a
ཆུང་མ	t͡ɕʰ u ŋ ˥˥ m aˑ
ཆུད	* t͡ɕʰ u t
ཆེ	* t͡ɕʰ e
ཆེ་ཆུད	* t͡ɕʰ e t͡ɕʰ u t
ཆེན	* t͡ɕʰ e n
ཆེན་པོ	* t͡ɕʰ e n p o
ཆེན་པོ	t͡ɕʰ e w o
ཆེན་པོ	t͡ɕʰ ẽ ˥˥ p o ˥˥
ཆོས	* t͡ɕʰ o s
ཆོས	t͡ɕ øː ˥˩
ཆོས	t͡ɕʰ øː ˥˩
ཆོས་འཁོར	* t͡ɕʰ o sᵑ kʰ o r
ཆོས་རྒྱལ	* t͡ɕʰ o s r ɡʲ a l
ཆོས་རྒྱལ	t͡ɕʰ øː ˥˥ c ɛː ˥˥
ཆོས་ལུགས	* t͡ɕʰ o s l u k s
ཆོས་ལུགས	t͡ɕʰ øː ˥˥ l u k̚ˀ ˥˩
ཆོས་སྐད	* t͡ɕʰ o s s k a t
ཆོས་སྐད	t͡ɕʰ øː ˥˥ k ɛː ˥˩
ཇ	* d͡ʑ a
ཇ	t͡ɕʰ a ˩˧
ཇ་ལོ	* d͡ʑ a l o
ཇ་ལོ	t͡ɕʰ a ˩˧ l o ˥˥
ཇ་སྲུབ་མ	* d͡ʑ a s r u p m a
ཇ་སྲུབ་མ	t͡ɕʰ a ˩˧ s yː ˥˥ m ə ˥˥
ཇོ་མོ	* d͡ʑ o m o
ཇོ་མོ་གླང་མ	* d͡ʑ o m o g l a ŋ m a
ཇོ་མོ་གླང་མ	t͡ɕʰ o ˩˧ m o ˥˥ l a ŋ ˥˥ m a ˥˥
ཉ	* ȵ a
ཉ	ȵ a
ཉ	ȵ a ˨˧˩
ཉ	ȵ a ˩˧
ཉ	ȵ æ
ཉན་བྱེད་འཕྲུལ་ཆས	ȵ ɛ̃ ˩˧ t͡ɕ e ˥˩ ʈ͡ʂʰ yː ˥˥ t͡ɕʰ ɛː ˥˩
ཉམས	* ȵ a m s
ཉམས	ȵ a m ˩˧˨
ཉམས་མྱོང	* ȵ a m s mʲ o ŋ
ཉམས་མྱོང	ȵ a m ˩˧˨ ȵ u ŋ ˩˧
ཉར	* ȵ a r
ཉར	ȵ aː ˩˧
ཉལ	* ȵ a l
ཉལ	ȵ a
ཉལ	ȵ a l
ཉལ	ȵ e ˩˧
ཉལ	ȵ ɛ ˨˧˩
ཉལ	ȵ ɛː ˩˧
ཉི་མ	* ȵ i m a
ཉི་མ	n i ˩˧ m ɑ ˥˥
ཉི་མ	ȵ i ˩˧ m ə ˥˥
ཉི་མ	ȵ ə m a
ཉི་མ	ȵ ə m æ
ཉི་ཤུ	* ȵ i ɕ u
ཉི་ཤུ	ȵ e ˩˧ x u ˥˧
ཉི་ཤུ	ȵ i ˩˧ ɕ u ˥˥
ཉི་ཤུ	ȵ ə x h ə
ཉི་ཤུ	ȵ ɪ ˩˧ x h u ˥˧
ཉིང་ཁྲི	* ȵ i ŋ kʰ r i
ཉིང་ཁྲི	ȵ i ŋ ˩˧ ʈ͡ʂʰ i ˥˥
ཉོ	* ȵ o
ཉོན་མོངས	* ȵ o n m o ŋ s
ཏ	* t a
ཏ	t a ˥˥
ཏཱ་ལའི་བླ་མ	t a ˥˥ l ɛː ˥˥ l a ˥˥ m a ˥˥
ཏིལ	* t i l
ཏིལ	t iː ɹ ˥˥
ཐ	* tʰ a
ཐ	tʰ a ˥˥
ཐ་མ་རྡབ་ས	* tʰ a m a r d a p s a
ཐག་པ	* tʰ a k p a
ཐག་པ	tʰ a ˥˩ p a ˥˥
ཐགས་ཐོགས	* tʰ a k s tʰ o k s
ཐང	* tʰ a ŋ
ཐང	tʰ a ŋ ˥˥
ཐང་ཀ	* tʰ a ŋ k a
ཐང་ཀ	tʰ a ŋ ˥˥ k a ˥˥
ཐང་འབྲས	* tʰ a ŋᵐ b r a s
ཐང་ཤིང	* tʰ a ŋ ɕ i ŋ
ཐང་ཤིང	tʰ ə ŋ ˥˥ ɕ i ŋ ˥˥
ཐམ་པ	* tʰ a m p a
ཐམ་པ	tʰ a m ˥˥ p a ˥˥
ཐལ་བ	* tʰ a l b a
ཐལ་བ	tʰ a ˥˥ l a ˥˥
ཐུ་མོ	* tʰ u m o
ཐུག	* tʰ u k
ཐུག	tʰ u ʔ ˥˧
ཐུག	tʰ u ˥˩
ཐུག	tʰ ə k
ཐུག་པ	* tʰ u k p a
ཐུག་པ	tʰ u k̚ˀ ˥˥ p ə ˥˥
ཐུགས	* tʰ u k s
ཐུགས	t h u k̚ˀ ˥˥
ཐུགས་རྗེ	* tʰ u k s r d͡ʑ e
ཐུགས་རྗེ	tʰ u k̚ˀ ˥˥ t͡ɕ eˑ
ཐུགས་རྗེ་ཆེ	* tʰ u k s r d͡ʑ e t͡ɕʰ e
ཐུགས་རྗེ་ཆེ	tʰ u k̚ˀ ˥˥ t͡ɕ eˑ ʈ͡ʂʰ eˑ
ཐུང་ཐུང	* tʰ u ŋ tʰ u ŋ
ཐུང་ཐུང	t h u ŋ ˥˥ t h u ŋ ˥˥
ཐེབས	* tʰ e p s
ཐེབས	tʰ e ˥˩
ཐེར་འབུམ	* tʰ e rᵐ b u m
ཐེར་འབུམ	tʰ i ŋ ˥˥ p u m ˥˥
ཐེར་འབུམ་ཆེན་པོ	* tʰ e rᵐ b u m t͡ɕʰ e n p o
ཐོ་དེབ	* tʰ o d e p
ཐོབ	* tʰ o p
ཐོབ	tʰ o p̚ ˥˩
ད	* d a
ད	t aˑ
ད	tʰ a ˩˧
ད་ལྟ་བ	* d a l t a b a
ད་ལྟ་བ	tʰ a ˩˧ t a ˥˥ w aˑ
དཀར་ཆག	* t k a r t͡ɕʰ a k
དཀར་ཆག	k aː ɹ ˥˥ t͡ɕʰ a ˥˩
དཀར་པོ	* t k a r p o
དཀར་པོ	k aː ˥˥ p o ˥˥
དཀོན་མཆོག	* t k o n m t͡ɕʰ o k
དཀོན་མཆོག	k ø̃ ˥˥ ʈ͡ʂʰ o k̚ˀ ˥˩
དཀྲོལ	* t k r o l
དཀྲོལ	ʈ͡ʂ øː ˥˥
དགའ་འཁྱིལ	* d ɡ a ɣᵑ kʰʲ i l
དགུ	* d ɡ u
དགུ	g u ˧˩
དགུ	g ᴜ ˥˧
དགུ	h g ə
དགུ	k u ˩˧
དགུ	r g ə
དགུ་བཅུ	* d ɡ u p t͡ɕ u
དགུ་བཅུ	h ɡ ə p t͡ɕ ə
དགུ་བཅུ	k u p̚ ˩˧ t͡ɕ u ˥˥
དགུ་བཅུ	r g o t ɕ ə
དགུ་བཅུ	ɡ u ˥˥ t͡ɕ u ˥˧
དགུ་བཅུ	ɡ u ˧˩ t͡ɕ u ˥˧
དགུན་ཀ	* d ɡ u n k a
དགུན་ཀ	k u ŋ ˩˧ kʰ ə ˥˥
དགེ	* d ɡ e
དགེ་བཤེས	* d ɡ e p ɕ e s
དགེ་བཤེས	k e ˩˧ ɕ e ˥˩
དགེ་རྒན	* d ɡ e r ɡ a n
དགེ་རྒན	k e ˩˧ k ɛ̃ ˥˥
དགེ་ལུགས་པ	* d ɡ e l u k s p a
དགེ་ལུགས་པ	k i ˩˧ l u ˥˩ p əˑ
དགེ་སློང	* d ɡ e z l o ŋ
དགེ་སློང	k e ˩˧ l o ŋ ˥˥
དགེ་སློང་མ	* d ɡ e z l o ŋ m a
དགེ་སློང་མ	k e ˩˧ l o ŋ ˥˥ m a ˩˧
དགོངས་དག	* d ɡ o ŋ s d a k
དགོངས་དག	k o ŋ ˩˧˨ t aˑ
དགོན་པ	* d ɡ o n p a
དགོན་པ	k o m ˩˧ p a ˥˥
དགོས	* d ɡ o s
དགོས	k o ˩˧
དགྲ་བཅོམ་པ	* d ɡ r a p t͡ɕ o m p a
དགྲ་བོ	* d ɡ r a b o
དགྲ་བོ	ʈ͡ʂ a ˩˧ w o ˥˥
དང	* d a ŋ
དང	tʰ a ŋ ˩˧
དང་པོ	* d a ŋ p o
དང་པོ	tʰ a ŋ ˩˧ p o ˥˥
དངུལ	* d ŋ u l
དངུལ	h ŋ u
དངུལ	r ŋ u
དངུལ	ŋ u ˥˥
དངུལ	ŋ y ˥˥
དངུལ	ŋ yː ˥˥
དངུལ་ཁང	* d ŋ u l kʰ a ŋ
དངུལ་ཁང	ŋ yː ˥˥ kʰ a ŋ ˥˥
དངོས	* d ŋ o s
དངོས་གྲུབ	* d ŋ o s ɡ r u p
དཔར་ཆས	* t p a r t͡ɕʰ a s
དཔལ་ལྡན	* t p a l l d a n
དཔལ་ལྡན	p a n ˥˥ t ɛ̃ ˥˥
དཔེ་ཆ	* t p e t͡ɕʰ a
དཔེ་ཆ	h w e t͡ɕʰ a
དཔེ་ཆ	p e ˥˥ t͡ɕʰ a ˥˥
དཔེ་ཆ	χ w e t͡ɕ a
དཔེ་སྐྲུན	* t p e s k r u n
དཔྱ་ཁྲལ	* t pʲ a kʰ r a l
དཔྱ་ཁྲལ	t͡ɕ a ˥˥ ʈ͡ʂʰ ɛːˑ
དབང་ཕྱུག	* d b a ŋ pʰʲ u k
དབང་ཕྱུག	w ə ŋ ˥˥ t͡ɕʰ u ˥˩
དབང་སྒྱུར	* d b a ŋ z ɡʲ u r
དབང་སྒྱུར	w a ŋ ˥˥ k uː ɹˑ
དབང་སྒྱུར་བྱས	* d b a ŋ z ɡʲ u r bʲ a s
དབུ	* d b u
དབུ	ʔ u ˥˥
དབུས	* d b u s
དབུས	ʔ yː ˥˩
དབུས་གཙང	* d b u s k t͡s a ŋ
དབུས་གཙང	ʔ yː ˥˥ t͡s a ŋ ˥˥
དབྱངས	* d bʲ a ŋ s
དབྱངས	j a ŋ ˥˩
དབྱར་ཀ	* d bʲ a r k a
དབྱར་ཀ	j aː ˥˥ k a ˥˥
དབྱར་ཁ	* d bʲ a r kʰ a
དབྱར་ཁ	j aː ˥˥ kʰ a ˥˥
དབྱར་རྩྭ་དགུན་འབུ	* d bʲ a r r t͡sʷ a d ɡ u nᵐ b u
དབྱར་རྩྭ་དགུན་འབུ	j aː ˥˥ t͡s a ˥˥ k ỹ ˩˧ p u ˥˥
དབྱི་སི་ལམ་ཆོས་ལུགས	* d bʲ i s i l a m t͡ɕʰ o s l u k s
དབྱི་སི་ལམ་ཆོས་ལུགས	j iˑ s iˑ l a mˑ t͡ɕʰ øːˑ l u k̚ˀˑ
དབྱིན་གོ	j ĩ ˥˥ k o ˥˥
དབྱིན་ཇི	j ĩ ˥˥ t͡ɕ i ˥˥
དབྱིན་ཇིའི་སྐད	j ĩ ˥˥ t͡ɕ iː ˥˥ k ɛː ˥˩
དབྱེ	* d bʲ e
དབྱེ	j e ˥˥
དམ་པ	* d a m p a
དམ་པ	tʰ a m ˩˧ p a ˥˩
དམག	* d m a k
དམག་དཔུང	* d m a k t p u ŋ
དམག་མི	* d m a k m i
དམག་འཁྲུག	* d m a kᵑ kʰ r u k
དམག་འཁྲུག	m ə k̚ˀ ˥˥ ʈ͡ʂʰ u ˥˩
དམངས	* d m a ŋ s
དམངས	m a ŋ ˥˩
དམངས་གཙོ	* d m a ŋ s k t͡s o
དམངས་གཙོ	m a ŋ ˥˥ t͡s o ˥˥
དམན་པ	* d m a n p a
དམན་པ	m ɛ̃ ˥˩ p aˑ
དམར	* d m a r
དམར་པོ	* d m a r p o
དམར་པོ	m aː ˥˥ m o ˥˥
དམར་སྐྱ	* d m a r s kʲ a
དམར་སྐྱ	m aː ɹ ˥˥ c aˑ
དར	* d a r
དར	tʰ aː ɹ ˩˧
དར་ཆ	* d a r t͡ɕʰ a
དར་ཆ	tʰ aː ɹ ˩˧ t͡ɕ aˑ
དར་རྩེ་མདོ	* d a r r t͡s e m d o
དར་རྩེ་མདོ	tʰ aː ɹ ˩˧ t͡s e ˥˥ t o ˩˧
དར་ལྕོག	* d a r l t͡ɕ o k
དར་ལྕོག	tʰ aː ɹ ˩˧ t͡ɕ o k̚ˀ ˥˩
དུ་བ	* d u b a
དུ་བ	tʰ ʊː ˩˧
དུག	* d u k
དུག	t ə k
དུག	tʰ u ˩˧˨
དུང་དཀར	* d u ŋ t k a r
དུང་ཕྱུར	* d u ŋ pʰʲ u r
དུང་ཕྱུར	tʰ u ŋ ˩˧ t͡ɕʰ uː ɹ ˥˥
དུང་སྒོར	* d u ŋ z ɡ o r
དུས་དེབ	* d u s d e p
དུས་དེབ	tʰ yː ˩˧ t e p̚ˑ
དེ	* d e
དེབ	* d e p
དེབ	tʰ e p̚ ˩˧˨
དེབ་ཐེར	* d e p tʰ e r
དེབ་ཐེར	tʰ e p̚ ˩˧ tʰ eː ˥˥
དོམ	* d o m
དོམ	t o m
དོམ	t o ŋ ˩˧
དོམ	t ɑ̃ ˩˧
དོམ	tʰ o m ˩˧
དྲན་པ	* d r a n p a
དྲུག	* d r u k
དྲུག	ʈ͡ʂ u k
དྲུག	ʈ͡ʂ u ʔ ˨˧˩
དྲུག	ʈ͡ʂ ə k
དྲུག	ʈ͡ʂʰ u ˧˩
དྲུག	ʈ͡ʂʰ u ˩˧˨
དྲུག་ཅུ	* d r u k t͡ɕ u
དྲུག་ཅུ	ʈ͡ʂ u ˧˩ t͡ɕ u ˥˧
དྲུག་ཅུ	ʈ͡ʂ u ˨˧ t͡ɕ u ˥˧
དྲུག་ཅུ	ʈ͡ʂ ə k t͡ɕ ə
དྲུག་ཅུ	ʈ͡ʂʰ u k̚ˀ ˩˧ t͡ɕ u ˥˥
དྲུག་དཀར	* d r u k t k a r
དྲུང་ཡིག	* d r u ŋ j i k
དྲུང་ཡིག	ʈ͡ʂʰ u ŋ ˩˧ j i k̚ˀ ˥˥
ན	* n a
ན	n a ˥˥
ན	n a ˩˧
ན་རོ	* n a r o
ན་རོ	n a ˩˧ ʐ o ˥˥
ནག་པོ	* n a k p o
ནག་པོ	n a ˩˧ k o ˥˥
ནག་པོ	n a χ k w o
ནག་པོ	n o k k o
ནགས	* n a k s
ནགས	n a g
ནགས	n a ˩˧˨
ནགས	n a χ
ནགས	n ɑ ʔ ˨˧˩
ནང	* n a ŋ
ནང	n a ŋ ˩˧
ནང་པ	* n a ŋ p a
ནང་པ	n a ŋ ˩˧ p a ˥˥
ནང་བཞིན	* n a ŋ b ʑ i n
ནང་བཞིན	n a ŋ ˩˧˨ ɕ ĩˑ
ནང་བསྟན	* n a ŋ p s t a n
ནང་བསྟན	n a ŋ ˩˧ t ɛ̃ ˥˥
ནད	* n a t
ནད	n ɛː ˩˧˨
ནད་གཡོག	* n a t ɡ j o k
ནད་གཡོག	n ɛː ˩˧ j o k̚ˀ ˥˩
ནད་པ	* n a t p a
ནད་པ	n ɛː ˩˧ p aˑ
ནད་ཡམས	* n a t j a m s
ནད་ཡམས	n ɛː ˩˧˨ j a mˑ
ནས	* n a s
ནས	n ɛː ˩˧˨
ནས	n ɛːˑ
ནི	* n i
ནི	n iˑ
ནུབ	* n u p
ནུབ	n u p̚ ˩˧˨
ནུབ	n u ʔ ˧˩
ནུབ	n u ʔ ˨˧˩
ནུབ	n u ˩˧˨
ནུབ	n ə p
ནོར་འཁྲུལ	* n o rᵑ kʰ r u l
ནོར་འཁྲུལ	n o n ˩˧˨ ʈ͡ʂ yːˑ
ནོར་སྐལ	* n o r s k a l
ནོར་སྐལ	n oː ɹ ˩˧˨ k ɛːˑ
པ	* p a
པ	p a ˥˥
པ་སངས	* p a s a ŋ s
པ་སངས	p a ˥˥ s a ŋ ˥˩
པད་ཚལ	p ɛː ˥˥ t͡sʰ ɛː ˥˥
པན་ཆེན་བླ་མ	* p a n t͡ɕʰ e n b l a m a
པན་ཆེན་བླ་མ	p ɛ̃ ˥˥ t͡ɕʰ ẽ ˥˥ l a ˥˥ m a ˥˥
པར་ཆས	* p a r t͡ɕʰ a s
པས	* p a s
པས	p ɛː ˥˩
པི་ཝང	* p i w a ŋ
པི་ཝང	p i ˥˥ w a ŋ ˥˥
པིར	* p i r
པིར	p iː ɹ ˥˥
པོ་ཏ་ལ	* p o t a l a
པོ་ཏ་ལ	p o ˥˥ t a ˥˥ l aˑ
པོ་ཏི	* p o t i
པོ་ཏི	p u ˥˥ t i ˥˥
པོ་ལོ	* p o l o
པོ་ལོ	pʰ o ˥˥ l o ˥˥
པོད	* p o t
པོད	p øː ˥˩
ཕ	* pʰ a
ཕ	pʰ a ˥˥
ཕ་མ	* pʰ a m a
ཕག	* pʰ a k
ཕག	pʰ a ˥˩
ཕུར་བུ	* pʰ u r b u
ཕུར་བུ	pʰ u ˥˥ p u ˥˥
ཕོ	* pʰ o
ཕོ	pʰ o ˥˥
ཕོ་བྲང	* pʰ o b r a ŋ
ཕོ་བྲང	pʰ o ˥˥ ʈ͡ʂ a ŋ ˥˥
ཕོར་པ	* pʰ o r p a
ཕྱག	* pʰʲ a k
ཕྱག	t͡ɕʰ a ˥˩
ཕྱག་ན་རྡོ་རྗེ	* pʰʲ a k n a r d o r d͡ʑ e
ཕྱག་ན་རྡོ་རྗེ	t͡ɕʰ a ˥˩ n a ˥˥ t o ˩˧ t͡ɕ e ˥˥
ཕྱི	* pʰʲ i
ཕྱི	t͡ɕʰ i ˥˥
ཕྱིན	* pʰʲ i n
ཕྱིན	t͡ɕʰ ĩ ˥˩
ཕྱུ་པ	* pʰʲ u p a
ཕྱུ་པ	t͡ɕʰ u ˥˥ p ə ˥˥
ཕྱེ་མ་ལེབ	* pʰʲ e m a l e p
ཕྱེ་མ་ལེབ	t͡ɕʰ e ˥˥ m a ˥˥ l e p̚ ˥˩
ཕྲག་པ	* pʰ r a k p a
ཕྲག་པ	ʈ͡ʂʰ a k̚ˀ ˥˥ p a ˥˥
ཕྲུ་གུ	* pʰ r u ɡ u
ཕྲུ་གུ	ʈ͡ʂʰ u ˥˥ k uˑ
བ	* b a
བ	pʰ a ˩˧
བ	w a ˥˥
བ་ཕྱུགས	* b a pʰʲ u k s
བ་ཕྱུགས	pʰ a ˩˧ t͡ɕʰ u k̚ˀ ˥˩
བཀའ	* p k a ɣ
བཀའ	k a ˥˥
བཀའ་བརྒྱུད	* p k a ɣ b r ɡʲ u t
བཀའ་བརྒྱུད	k a ˥˥ c yː ˩˧˨
བཀའ་བསྒོ	* p k a ɣ b z ɡ o
བཀའ་བློན	* p k a ɣ b l o n
བཀའ་ཤག	* p k a ɣ ɕ a k
བཀའ་ཤག	k a ˥˥ ɕ a ˥˩
བཀྲ་ཤིས	* b k r a ɕ i s
བཀྲ་ཤིས	ʈ͡ʂ ə ˥˥ ɕ i ˥˩
བཀྲ་ཤིས་བདེ་ལེགས	* b k r a ɕ i s b d e l e k s
བཀྲ་ཤིས་བདེ་ལེགས	ʈ͡ʂ ə ˥˥ ɕ i ˥˩ t e ˩˧ l e ˥˩
བགོད	* b ɡ o t
བགོད	k øː ˩˧˨
བཅུ	* p t͡ɕ u
བཅུ	p t͡ɕ ə
བཅུ	t͡ɕ u ˥˥
བཅུ	t͡ɕ u ˥˧
བཅུ	t͡ɕ ə
བདག	* b d a k
བདག	t a ˩˧˨
བདག་པོ	* b d a k p o
བདག་པོ	t a k̚ˀ ˩˧ p o ˥˩
བདུག་སྤོས	* b d u k s p o s
བདུད	* b d u t
བདུད	t yː ˩˧˨
བདུན	* b d u n
བདུན	d e n ˩˧
བདུན	d u n
བདུན	d ỹ ˥˥
བདུན	h d ə n
བདུན	t ỹ ˩˧
བདུན	w d ə n
བདུན་ཅུ	* b d u n t͡ɕ u
བདུན་ཅུ	d e n ˩˧ t͡ɕ u ˥˧
བདུན་ཅུ	d ỹ ˥˥ t͡ɕ u ˥˧
བདུན་ཅུ	h d ə n t͡ɕ ə
བདུན་ཅུ	t ỹ ˩˧ t͡ɕ u ˥˥
བདུན་ཅུ	w d ə n t͡ɕ ə
བདུན་ཕྲག	* b d u n pʰ r a k
བདུན་ཕྲག	t ỹ ˩˧ ʈ͡ʂʰ a ˥˩
བདེ་ཐང	* b d e tʰ a ŋ
བདེ་ཐང	t e ˩˧ tʰ a ŋ ˥˥
བདེ་བ	* b d e b a
བདེ་བ	t e ˩˧ w a ˥˥
བདེ་ལེགས	* b d e l e k s
བདེ་ལེགས	t e ˩˧ l e ˥˩
བདེ་སྐྱིད	* b d e s kʲ i t
བདེ་སྐྱིད	t e ˩˧ c i ˥˩
བབས་ཆུ	* b a p s t͡ɕʰ u
བཙན་པོ	* p t͡s a n p o
བཙན་པོ	t͡s ɛ̃ ˥˥ p o ˥˥
བཙལ	* p t͡s a l
བཙལ	t͡s ɛː ˥˥
བཙོང	* p t͡s o ŋ
བཙོང	t͡s o ŋ ˥˥
བཙོད	* p t͡s o t
བཙོན་པ	* p t͡s o n p a
བཙོན་པ	t͡s ø̃ ˥˥ p a ˥˥
བཞག	* b ʑ a k
བཞག	ɕ a k̚ˀ ˩˧˨
བཞག	ɣ ʑ a k
བཞག	β ʑ a k
བཞད	* b ʑ a t
བཞད	ɕ ɛː ˩˧˨
བཞི	* b ʑ i
བཞི	h ʑ ə
བཞི	w ʑ ə
བཞི	ɕ i ˩˧
བཞི	ɣ ɪ ˥˧
བཞི	ʑ e
བཞི	ʒ i
བཞི་བཅུ	* b ʑ i p t͡ɕ u
བཞི་བཅུ	h ʑ ə p t͡ɕ ə
བཞི་བཅུ	w ʑ ə p t͡ɕ ə
བཞི་བཅུ	ɕ i p̚ ˩˧ t͡ɕ u ˥˥
བཞི་བཅུ	ɣ ɪ ˥˥ t͡ɕ u ˥˧
བཞི་བཅུ	ʑ e ˧˩ t͡ɕ u ˥˧
བཞིན	* b ʑ i n
བཞིན	ɕ ĩ ˩˧˨
བཟང	* b z a ŋ
བཟང	s a ŋ ˩˧˨
བཟང་ངན	* b z a ŋ ŋ a n
བཟང་ངན	s a ŋ ˩˧ ŋ ɛ̃ˑ
བཟང་ཞན	* b z a ŋ ʑ a n
བཟང་ཞན	s a ŋ ˩˧ ɕ ɛ̃ˑ
བཟོ	* b z o
བཟོ	s o ˩˧˨
བཟོ་པ	* b z o p a
བཟོ་པ	s o ˩˧ p aˑ
བཟླས་བརྗོད	* b z l a s b r d͡ʑ o t
བར་དོ	* b a r d o
བར་དོ	pʰ aː ɹ ˩˧ t o ˥˥
བརྒྱ	* b r ɡʲ a
བརྒྱ	c a ˩˧
བརྒྱ	d͡ʑ a ˥˧
བརྒྱ	h d͡ʑ a
བརྒྱ	w ɟ j a
བརྒྱད	* b r ɡʲ a t
བརྒྱད	b ɡ j a t
བརྒྱད	c ɛː ˩˧˨
བརྒྱད	d͡ʑ e ˧˩
བརྒྱད	d͡ʑ ɛ ʔ ˥˧
བརྒྱད	h d͡ʑ a l
བརྒྱད	w d͡ʑ a t
བརྒྱད	w ɟ j a l
བརྒྱད་ཅུ	* b r ɡʲ a t t͡ɕ u
བརྒྱད་ཅུ	c ɛː ˩˧ t͡ɕ u ˥˥
བརྒྱད་ཅུ	d͡ʑ a ˥˥ t͡ɕʰ u ˥˧
བརྒྱད་ཅུ	d͡ʑ e ˧˩ t͡ɕ u ˥˧
བརྒྱད་ཅུ	h d͡ʑ a t͡ɕ ə
བརྒྱད་ཅུ	w ɟ j a l t͡ɕ ə
བརྒྱུད	* b r ɡʲ u t
བརྒྱུད	c yː ˩˧˨
བརྙན	* b r ȵ a n
བརྙན	ȵ ɛ̃ ˥˥
བརྙན་འཕྲིན	ȵ ɛ̃ ˥˥ ʈ͡ʂʰ ĩ ˥˥
བརྡ	* b r d a
བརྡ	t a ˩˧
བརྡ་རྙིང	* b r d a r ȵ i ŋ
བརྡ་རྙིང	t ə ˩˧ ȵ i ŋ ˥˥
བརྡ་སྤྲོད་ཀྱི་གཞུང	* b r d a s p r o t kʲ i g ʑ u ŋ
བརྩོན་འགྲུས	* p r t͡s o nᵑ ɡ r u s
བརྩོན་འགྲུས	t͡s ỹ ˥˥ ʈ͡ʂ yː ˥˩
བརླ་ཤ	* b r l a ɕ a
བརླ་ཤ	l ɛː ˥˥ ɕ a ˥˥
བལ	* b a l
བལ	pʰ ɛː ˩˧
བལྟ	* p l t a
བལྟ	t a ˥˥
བལྟས	* p l t a s
བལྟས	t ɛː ˥˩
བཤད	* p ɕ a t
བཤད	ɕ ɛː ˥˩
བསོད་ནམས	* p s o t n a m s
བསོད་ནམས	s o ˥˥ n a m ˥˩
བསོད་ནམས	s o ˥˥ n a ˥˩
བསོད་ནམས་དཔལ་འཛོམས	* p s o t n a m s t p a lⁿ d͡z o m s
བསོད་ནམས་དཔལ་འཛོམས	s o ˥˥ n aː ˥˩ p ɛ̃ ˥˩ t͡s o mˑ
བསྟན	* p s t a n
བསྟན	t ɛ̃ ˥˥
བསྟན་པ	* p s t a n p a
བསྟན་པ	t ɛ̃ ˥˥ p a ˥˥
བསྟན་འཛིན	* p s t a nⁿ d͡z i n
བསྟན་འཛིན	t ɛ̃ ˥˥ t͡s ĩ ˥˥
བསྡུ	* b z d u
བསྡུ	t u ˩˧
བསྣན་ཚིག	n ɛ̃ ˥˥ t͡sʰ i ˥˩
བུ	* b u
བུ	pʰ u ˩˧
བུ་མོ	* b u m o
བུ་མོ	pʰ o ˩˧ m o ˥˥
བུ་རམ	* b u r a m
བུ་རམ	pʰ u ˩˧˨ ʐ a mˑ
བུད་མེད	* b u t m e t
བུད་མེད	pʰ yː ˩˧˨ m eː ˥˩
བུམ་པ	* b u m p a
བུམ་པ	pʰ u m ˩˧ p a ˥˥
བོད	* b o t
བོད	pʰ øː ˩˧˨
བོད་ཇ	* b o t d͡ʑ a
བོད་ཇ	pʰ øː ˩˧ t͡ɕ a ˥˥
བོད་པ	* b o t p a
བོད་པ	pʰ øː ˩˧ p a ˥˥
བོད་བརྒྱུད་ནང་བསྟན	* b o t b r ɡʲ u t n a ŋ p s t a n
བོད་ཡིག	* b o t j i k
བོད་ཡིག	pʰ yː ˩˧ j i ˥˩
བོད་རང་སྐྱོང་ལྗོངས	* b o t r a ŋ s kʲ o ŋ l d͡ʑ o ŋ s
བོད་རང་སྐྱོང་ལྗོངས	pʰ øː ˩˧˨ ʐ a ŋ ˩˧ c o ŋ ˥˩ t͡ɕ o ŋ ˩˧˨
བོད་ལྗོངས	* b o t l d͡ʑ o ŋ s
བོད་ལྗོངས	pʰ ø̃ ˩˧ t͡ɕ o ŋ ˥˩
བོད་སྐད	* b o t s k a t
བོད་སྐད	pʰ øː ˩˧ k ɛː ˥˩
བོན	* b o n
བོན	pʰ ø̃ ˩˧
བོན་པོ	* b o n p o
བོན་པོ	pʰ ø̃ ˩˧ p o ˥˥
བྱ	* bʲ a
བྱ	t͡ɕ a ˥˥
བྱ	t͡ɕʰ a ˩˧
བྱ	t͡ɕʰ e ˩˧˨
བྱ་གཏོར	* bʲ a k t o r
བྱ་གཏོར	t͡ɕʰ a ˩˧ t oː ɹ ˥˩
བྱ་ཚིག	* bʲ a t͡sʰ i k
བྱ་ཚིག	t͡ɕʰ ə ˩˧ t͡sʰ i ˥˩
བྱ་རྒོད	* bʲ a r ɡ o t
བྱ་རྒོད	t͡ɕʰ a ˩˧ k øː ˩˧˨
བྱང	* bʲ a ŋ
བྱང	t͡ɕʰ a ŋ ˩˧
བྱང	w ɕ a ŋ
བྱང	ɕ a ŋ
བྱང	ɕ u ŋ ˩˧
བྱང	ɕ õ ˩˧
བྱང་ཆུབ	* bʲ a ŋ t͡ɕʰ u p
བྱང་ཆུབ	t͡ɕʰ a ŋ ˩˧ t͡ɕʰ u ˥˩
བྱང་ཐང	* bʲ a ŋ tʰ a ŋ
བྱང་ཐང	t͡ɕʰ a ŋ ˩˧ tʰ a ŋ ˥˥
བྱང་བུ	* bʲ a ŋ b u
བྱམས་བརྩེ	* bʲ a m s p r t͡s e
བྱམས་བརྩེ	t͡ɕʰ a m ˩˧ t s e ˥˩
བྱི་བ	* bʲ i b a
བྱི་བ	t͡ɕʰ i ˩˧ w ə ˥˥
བྱི་རིལ	* bʲ i r i l
བྱི་རིལ	t͡sʰ i ˩˧˨ ʐ iːˑ
བྱེ	* bʲ e
བྱེ	t͡ɕʰ e ˥˥
བྱེ་བ	* bʲ e b a
བྱེ་བ	t͡ɕʰ i ˩˧ w ə ˥˥
བྱེད	* bʲ e t
བྱེད	t͡ɕʰ e ˩˧˨
བྲན	* b r a n
བྲན་གཡོག	* b r a n ɡ j o k
བྲན་གཡོག	ʈ͡ʂʰ ɛ̃ ˩˧ j o ˥˩
བྲིས	* b r i s
བྲིས	ʈ͡ʂʰ i ˩˧˨
བླ	* b l a
བླ	l a ˥˥
བླ་གཡུ	* b l a ɡ j u
བླ་གཡུ	l a ˥˥ j u ˥˥
བླ་མ	* b l a m a
བླ་མ	l a ˥˥ m a ˥˥
བླ་རི	* b l a r i
བློ	* b l o
བློ	l o ˥˥
བློ་ཁོག	* b l o kʰ o k
བློ་ཁོག	l o ˥˥ kʰ o ˥˩
བློ་བཟང	* b l o b z a ŋ
བློ་བཟང	l o ˥˥ s a ŋ ˩˧˨
བློ་མཐུན	* b l o m tʰ u n
བློ་མཐུན	l o ˥˥ tʰ ỹ ˥˥
བློ་མཐུན	l u ˥˥ tʰ ỹ ˥˥
མ	* m a
མ	m a ˩˧
མ་བྱན	* m a bʲ a n
མ་བྱན	m a ˩˧ t͡ɕ ɛ̃ˑ
མ་འོངས་པ	* m a ɣ o ŋ s p a
མ་འོངས་པ	m a ˩˧ ʔ o ŋ ˥˩ p aˑ
མཁན་པོ	* m kʰ a n p o
མཁན་པོ	kʰ ɛ̃ ˥˥ p o ˥˥
མཁོ	* m kʰ o
མཁོ་བ	* m kʰ o b a
མཁྱེན	* m kʰʲ e n
མཁྱེན	cʰ ẽ ˥˩
མཁྱེན་པ	* m kʰʲ e n p a
མཁྱེན་པ	cʰ ẽ ˥˥ p a ˥˥
མགུར་མ	* m ɡ u r m a
མགུལ	* m ɡ u l
མགུལ	k yː ˩˧
མགོ	* m ɡ o
མགོ	k o ˩˧
མགྲིན་པ	* m ɡ r i n p a
མགྲིན་པ	ʈ͡ʂ ĩ ˩˧ p ə ˥˥
མགྲོན་ཁང	* m ɡ r o n kʰ a ŋ
མགྲོན་ཁང	ʈ͡ʂ ø̃ ˩˧ kʰ a ŋ ˥˥
མངའ་ཐང	* m ŋ a ɣ tʰ a ŋ
མངའ་ཐང	ŋ a ˥˥ tʰ a ŋ ˥˥
མངའ་འབངས	* m ŋ a ɣᵐ b a ŋ s
མངའ་འབངས	ŋ a n ˥˥ p a ŋ ˥˩
མངར་མོ	* m ŋ a r m o
མངར་མོ	ŋ aː ˥˥ m o ˥˥
མངོན་བརྗོད	* m ŋ o n b r d͡ʑ o t
མངོན་བརྗོད	ŋ ø̃ ˥˥ t͡ɕ øː ˥˩
མཆོད	* m t͡ɕʰ o t
མཆོད	t͡ɕʰ øː ˥˩
མཆོད་རྟེན	* m t͡ɕʰ o t r t e n
མཆོད་རྟེན	t͡ɕʰ øː ˥˥ t ẽ ˥˥
མཇུག	* m d͡ʑ u k
མཇུག	t͡ɕ u k̚ˀ ˥˩
མཇུག་བསྡོམས	* m d͡ʑ u k b z d o m s
མཇུག་བསྡོམས	t͡ɕ u k̚ˀ ˩˧˨ t o m ˥˩
མཇུག་མ	* m d͡ʑ u k m a
མཇུག་སྒྲིལ	* m d͡ʑ u k z ɡ r i l
མཇུག་སྒྲིལ	t͡ɕ u k̚ˀ ˩˧˨ ʈ͡ʂ i ˩˧
མཉམ་དུ	* m ȵ a m d u
མཉམ་དུ	ȵ a m ˥˥ t uˑ
མཉམ་འབྲེལ་རྒྱལ་ཚོགས	ȵ a m ˥˥ ʈ͡ʂ eː ˥˥ c ɛː ˩˧ t͡sʰ o ˥˩
མཐའ་མ	* m tʰ a ɣ m a
མཐའ་མ	tʰ a ˥˥ m a ˥˥
མཐེ་པོ	* m tʰ e p o
མཐེ་བོ	* m tʰ e b o
མཐེ་བོ	tʰ e ˥˥ p oˑ
མཐེ་བོང	* m tʰ e b o ŋ
མཐེབ་གཞོང	tʰ e p̚ ˥˥ ɕ o ŋˑ
མཐོང	* m tʰ o ŋ
མཐོང	tʰ o ŋ ˥˥
མདའ	* m d a ɣ
མདའ	t a ˩˧
མདུན	* m d u n
མདུན	t u n ˩˧
མདེའུ	t i u ˩˧
མདོང་མོ	* m d o ŋ m o
མདོང་མོ	t o ŋ ˩˧ m o ˥˥
མནའ་མ	* m n a ɣ m a
མནའ་མ	n a ˥˩ m a ˩˧
མཚན	* m t͡sʰ a n
མཚན	t͡sʰ ɛ̃ ˥˥
མཚོ	* m t͡sʰ o
མཚོ	m t͡sʰ o
མཚོ	n t͡sʰ o
མཚོ	t͡sʰ o ˥˥
མཚོ	t͡sʰ o ˥˧
མཚོ	t͡sʰ u ˥˧
མཚོ་གླིང	* m t͡sʰ o g l i ŋ
མཚོ་གླིང	t͡sʰ o ˥˥ l i ŋ ˥˥
མཛོ	* m d͡z o
མཛོ	t͡s o ˩˧
མཛོ་མོ	* m d͡z o m o
མཛོ་མོ	t͡s o ˩˧ m o ˥˥
མར	* m a r
མར	m aː ˩˧
མར	m ɑ ˩˧
མར་གད	* m a r ɡ a t
མར་གད	m aː ɹ ˩˧ k ɛː ˥˩
མི	* m i
མི	m i ˩˧
མི་དམངས	* m i d m a ŋ s
མི་དམངས	m i ˩˧ m a ŋ ˥˩
མི་ཚང	* m i t͡sʰ a ŋ
མི་རྟག་པ	* m i r t a k p a
མིག	* m i k
མིག	m i ˥˩
མིག་ཆུ	* m i k t͡ɕʰ u
མིག་ཆུ	m i ˥˥ t͡ɕʰ u ˥˥
མིག་དམར	* m i k d m a r
མིག་དམར	m iː ˩˧ m aː ˥˥
མིག་འབྲས	* m i kᵐ b r a s
མིག་འབྲས	m i ŋ ˥˥ ʈ͡ʂ ɛː ˥˩
མིག་ཤེལ	* m i k ɕ e l
མིག་ཤེལ	m i ˥˩ ɕ eː ˥˥
མིང	* m i ŋ
མིང	m i ŋ ˩˧
མིང་ཚིག	* m i ŋ t͡sʰ i k
མིང་ཚིག	m i ŋ ˩˧ t͡sʰ i ˥˩
མིད་པ	* m i t p a
མིད་པ	m i k̚ˀ ˩˧ p a ˥˩
མུ་མེན	* m u m e n
མུ་མེན	m u ˩˧ m ẽˑ
མུ་སྟེགས་པ	* m u s t e k s p a
མུ་སྟེགས་པ	m u ˩˧ t i k̚ˀ ˥˩ p əˑ
མེ	* m e
མེ	m e ˩˧
མེ་ཏོག	* m e t o k
མེ་ཏོག	m e t o χ
མེ་ཏོག	m e tʰ o k
མེ་ཏོག	m e ˩˧ t o ʔ ˥˩
མེ་ཏོག	m e ˩˧ t o ˥˩
མེ་མདའ	* m e m d a ɣ
མེ་མདའ	m ẽ ˩˧ t a ˥˥
མེ་འཁོར	m e ˩˧ kʰ oː ˥˥
མེ་ལོང	* m e l o ŋ
མེ་ལོང	m e ˩˧ l o ŋ ˥˥
མེད	* m e t
མེད	m ə
མེད	m ɛː ˩˧˨
མོ	* m o
མོ	m o ˩˧
མོ་ཊ	m o ˩˧ ʈ͡ʂ a ˥˩
མོག་མོག	* m o k m o k
མོག་མོག	m o ˩˧ m o ˥˩
མོས་པ	* m o s p a
མྱུ་གུ་འབུས་པ	* mʲ u ɡ uᵐ b u s p a
ཙ	* t͡s a
ཙ	t͡s a ˥˥
ཙི་ཙི	* t͡s i t͡s i
ཙི་ཙི	t͡s i ˥˥ t͡s i ˥˥
ཙུང་ཐུང	t͡s u ŋ ˥˥ tʰ u ŋ ˥˥
ཙུང་ལི	t͡s u ŋ ˥˥ l i ˥˩
ཙོང	* t͡s o ŋ
ཙོང	t͡s o ŋ ˥˥
ཚ	* t͡sʰ a
ཚ	t͡sʰ a ˥˥
ཚ་པོ	* t͡sʰ a p o
ཚ་པོ	t͡sʰ a ˥˥ w a ˥˥
ཚ་ལུ་མ	* t͡sʰ a l u m a
ཚ་ལུ་མ	t͡sʰ ə ˥˥ l u ˥˥ m əˑ
ཚག་པར	* t͡sʰ a k p a r
ཚག་པར	t͡sʰ a k̚ˀˑ p aː ɹˑ
ཚང	* t͡sʰ a ŋ
ཚན་རིག	t͡sʰ ɛ̃ ˥˥ ʐ i ˥˩
ཚན་རིག་པ	t͡sʰ ɛ̃ ˥˥ ʐ i ˥˩ p aˑ
ཚིག	* t͡sʰ i k
ཚིག	t͡sʰ i ˥˩
ཚིག་མཛོད	* t͡sʰ i k m d͡z o t
ཚིག་མཛོད	t͡sʰ i ŋ ˥˥ t͡s øː ˥˩
ཚུལ་ཁྲིམས	* t͡sʰ u l kʰ r i m s
ཚུལ་ཁྲིམས	t͡sʰ yː ˥˥ ʈ͡ʂʰ i m ˥˥
ཚེ་རིང	* t͡sʰ e r i ŋ
ཚེ་རིང	t͡sʰ i ˥˥ ʐ i ŋ ˥˩
ཚེ་སྲོག	* t͡sʰ e s r o k
ཚེ་སྲོག	t͡sʰ e ˥˥ s o ˥˩
ཚེག	* t͡sʰ e k
ཚེག	c a j
ཚོགས་སྡེ	* t͡sʰ o k s z d e
ཚོང	* t͡sʰ o ŋ
ཚོང	t͡sʰ o ŋ ˥˥
ཚོང་པ	* t͡sʰ o ŋ p a
ཚོང་པ	t͡sʰ o ŋ ˥˥ p aˑ
ཚྭ	* t͡sʰʷ a
ཚྭ	t sʰ á
ཚྭ	t͡sʰ a
ཚྭ	t͡sʰ a ˥˥
ཚྭ	t͡sʰ a ˥˧
ཛ	* d͡z a
ཛ	t͡sʰ a ˩˧
ཝ	* w a
ཝ	w a ˩˧
ཝ་མོ	* w a m o
ཝ་མོ	w aː ˥˥ m o ˩˧
ཞ	* ʑ a
ཞ	ɕ a ˩˧
ཞང	* ʑ a ŋ
ཞབས	* ʑ a p s
ཞབས	ɕ a p̚ ˩˧
ཞབས་ཀྱུ	* ʑ a p s kʲ u
ཞབས་ཀྱུ	ɕ a p̚ ˩˧ t͡ɕ u ˥˥
ཞབས་བྲོ	* ʑ a p s b r o
ཞབས་བྲོ	ɕ a p̚ ˩˧˨ ʐ oˑ
ཞལ	* ʑ a l
ཞལ	ɕ ɛː ˩˧
ཞི་བདེ	* ʑ i b d e
ཞི་བདེ	ɕ i ˩˧ t i ˥˥
ཞིང	* ʑ i ŋ
ཞིང	ɕ i ŋ ˩˧
ཞིང་ཆེན	* ʑ i ŋ t͡ɕʰ e n
ཞེ་དྲག	* ʑ e d r a k
ཞེ་དྲག	ɕ e ˩˧˨ ʈ͡ʂ aː ˥˩
ཞེ་ས	* ʑ e s a
ཞེ་ས	ɕ e ˩˧˨ s aˑ
ཞོགས	* ʑ o k s
ཞོགས་ཇ	* ʑ o k s d͡ʑ a
ཞོགས་ཇ	ɕ oː ˩˧ t͡ɕ a ˥˥
ཞོགས་པ	* ʑ o k s p a
ཞོགས་པ	ɕ oː ˩˧ k ɛː ˥˩
ཟ	* z a
ཟ	s a ˩˧
ཟ་ཁང	* z a kʰ a ŋ
ཟ་ཁང	s a ˩˧ kʰ a ŋ ˥˥
ཟངས	* z a ŋ s
ཟངས	ʂ a k̚ˀ ˩˧˨
ཟབ་པོ	* z a p p o
ཟས	* z a s
ཟས	s ɛː ˩˧˨
ཟིང་སྐྱ	* z i ŋ s kʲ a
ཟིང་སྐྱ	s i ŋ ˩˧ c aˑ
ཟིལ་བ	* z i l b a
ཟིལ་བ	s iː ˩˧ pʰ a ˩˧
ཟུམ	* z u m
ཟུམ	s u m ˩˧
ཟླ་བ	* z l a b a
ཟླ་བ	d a ˩˧ w a ˥˧
ཟླ་བ	h d a w a
ཟླ་བ	n d a ˩˧ ɣ ɑ ˥˥
ཟླ་བ	r d a w a
ཟླ་བ	t a ˩˧ w a ˥˥
ཟླ་བོ	* z l a b o
ཟླ་བོ	t a ˩˧ w o ˥˥
འ	* ɣ a
འ	ʔ a ˩˧
འཁོར	*ᵑ kʰ o r
འཁོར	kʰ oː ɹ ˥˥
འཁོར་ལོ	*ᵑ kʰ o r l o
འཁོར་ལོ	kʰ o ˥˥ l o ˥˥
འཁྲིད	*ᵑ kʰ r i t
འཁྲིད	ʈ͡ʂʰ i ˥˩
འཁྲིད་སྟོན	*ᵑ kʰ r i t s t o n
འཁྲིད་སྟོན	ʈ͡ʂʰ i ˩˧ tʰ ø̃ˑ
འཁྲུངས་སྐར	*ᵑ kʰ r u ŋ s s k a r
འཁྲུངས་སྐར	ʈ͡ʂʰ u ŋ ˥˥ k aː ˥˥
འཁྲོལ	*ᵑ kʰ r o l
འཁྲོལ	ʈ͡ʂ øː ˥˥
འཁྲོལ	ʈ͡ʂʰ øː ˥˥
འགོག	*ᵑ ɡ o k
འགོག	k a ˥˩
འགོག	k o ˥˩
འགྲིམ་འགྲུལ	*ᵑ ɡ r i mᵑ ɡ r u l
འགྲིམ་འགྲུལ	ʈ͡ʂ i m ˩˧ ʈ͡ʂ yː ˥˥
འགྲུབ	*ᵑ ɡ r u p
འགྲུབ	ʈ͡ʂ u p̚ ˩˧˨
འགྲེང་པོ	*ᵑ ɡ r e ŋ p o
འགྲེང་པོ	n z h e ŋ ˩˧ p o ˥˥
འགྲེང་བུ	*ᵑ ɡ r e ŋ b u
འགྲེང་བུ	n z h e ŋ ˩˧ pʰ u ˩˧
འགྲོ	*ᵑ ɡ r o
འགྲོ	ʈ͡ʂ o ˩˧
འགྲོ་བ	*ᵑ ɡ r o b a
འགྲོ་བ	ʈ͡ʂ o ˩˧ w a ˥˥
འཆད	*ⁿ t͡ɕʰ a t
འཆད	t͡ɕʰ ɛː ˥˩
འཆད	ɕ ɛː ˥˩
འཆི	*ⁿ t͡ɕʰ i
འཆི	x h e ˥˧
འཆི	x h i ˥˧
འཆི	x h ə
འཆི	ɕ i ˥˥
འཆུ	*ⁿ t͡ɕʰ u
འཆུ	t͡ɕ u ˥˥
འཆུ	t͡ɕʰ yː ˥˩
འཇའ	*ⁿ d͡ʑ a ɣ
འཇའ	n d͡ʑ a
འཇའ	n ɖ͡ʐ a ˥˧
འཇའ	n ɖ͡ʐ æ
འཇའ	t͡ɕ a ˩˧
འཇིག	*ⁿ d͡ʑ i k
འཇིག	ɕ i ˥˩
འཇིག	ɕ i ˩˧˨
འཇིབ	*ⁿ d͡ʑ i p
འཇིབ	t͡ɕ i p̚ ˩˧˨
འཐག	*ⁿ tʰ a k
འཐག	tʰ a k
འཐག	tʰ a ˥˩
འཐག	ɬ a ˥˧
འཐུང	*ⁿ tʰ u ŋ
འཐུང	tʰ u ŋ ˥˥
འཐུམ	*ⁿ tʰ u m
འཐུམ	t u m ˥˩
འདབ་མ	*ⁿ d a p m a
འདས་པ	*ⁿ d a s p a
འདས་པ	t ɛː ˩˧˨ p aˑ
འདི	*ⁿ d i
འདི	t i ˩˧
འདིང	*ⁿ d i ŋ
འདིང	t i ŋ ˥˥
འདུན་པ	*ⁿ d u n p a
འདེབས	*ⁿ d e p s
འདེབས	t ə p̚ ˥˩
འཕུར	*ᵐ pʰ u r
འབབ	*ᵐ b a p
འབབ	n b a p
འབབ	p ɑ ʔ ˨˧˩
འབབ	p ə p̚ ˩˧˨
འབབ་ཚུགས	*ᵐ b a p t͡sʰ u k s
འབབ་ཚུགས	p ə p̚ ˩˧ t͡sʰ u ˥˩
འབའ	*ᵐ b a ɣ
འབུམ	*ᵐ b u m
འབུམ	n b ə m
འབུམ	p u m ˩˧
འབྱར	*ᵐ bʲ a r
འབྱར	t͡ɕ aː ˩˧
འབྱེ	*ᵐ bʲ e
འབྱེ	t͡ɕʰ e ˥˥
འབྱེད	*ᵐ bʲ e t
འབྱེད	t͡ɕʰ e ˥˥
འབྱོར	*ᵐ bʲ o r
འབྱོར	t͡ɕ aː ˩˧
འབྱོར	t͡ɕ oː ˩˧
འབྲས	*ᵐ b r a s
འབྲས	n ɖ͡ʐ e
འབྲས	n ɖ͡ʐ e ˩˧
འབྲས	n ɖ͡ʐ i
འབྲས	n ɖ͡ʐ ɛ ˥˥
འབྲས	ʈ͡ʂ ɛː ˩˧˨
འབྲས་བུ	*ᵐ b r a s b u
འབྲས་བུ	ʈ͡ʂ ɛː ˩˧ p u ˥˥
འབྲས་མོ་ལྗོངས	*ᵐ b r a s m o l d͡ʑ o ŋ s
འབྲས་མོ་ལྗོངས	ʈ͡ʂ ɛː ˩˧ m o ˥˥ t͡ɕ o ŋ ˩˧˨
འབྲས་ལྗོངས	*ᵐ b r a s l d͡ʑ o ŋ s
འབྲས་ལྗོངས	ʈ͡ʂ ɛ̃ ˩˧ t͡ɕ o ŋ ˥˩
འབྲས་ལྗོངས་སྐད	*ᵐ b r a s l d͡ʑ o ŋ s s k a t
འབྲས་ལྗོངས་སྐད	ʈ͡ʂ ɛ̃ ˩˧ t͡ɕ o ŋ ˥˥ k ɛː ˥˩
འབྲི	*ᵐ b r i
འབྲི	p i ˩˧
འབྲི	ʈ͡ʂʰ i ˩˧
འབྲི་ཆུ	*ᵐ b r i t͡ɕʰ u
འབྲི་ཆུ	ʈ͡ʂ i ˩˧ t͡ɕʰ u ˥˥
འབྲུག	*ᵐ b r u k
འབྲུག	m ɖ͡ʐ ə k
འབྲུག	n ɖ͡ʐ u k
འབྲུག	n ɖ͡ʐ u ʔ ˥˧
འབྲུག	n ɖ͡ʐ ə k
འབྲུག	ʈ͡ʂ u ˩˧˨
འབྲུག་པ	*ᵐ b r u k p a
འབྲུག་པ	ʈ͡ʂ u k̚ˀ ˩˧ p ə ˥˥
འབྲུག་མོ	*ᵐ b r u k m o
འབྲུག་ཡུལ	*ᵐ b r u k j u l
འབྲུག་ཡུལ	ʈ͡ʂ u k̚ˀ ˩˧ j yː ˥˥
འབྲུག་སྐད	*ᵐ b r u k s k a t
འབྲུག་སྐད	ʈ͡ʂ u ˩˧ k ɛː ˥˩
འབྲུག་སྐད་རྒྱག	*ᵐ b r u k s k a t r ɡʲ a k
འབྲུག་སྐད་རྒྱག	ʈ͡ʂ u ˩˧ k ɛː ˥˩ c a ˩˧˨
འབྲོག་པ	*ᵐ b r o k p a
འབྲོག་པ	ʈ͡ʂ o k̚ˀ ˩˧ p a ˥˥
འཚོ་བ	*ⁿ t͡sʰ o b a
འཚོ་བ	t͡sʰ o ˥˥ w aˑ
འཛམ་གླིང	*ⁿ d͡z a m g l i ŋ
འཛམ་གླིང	t͡s a m ˩˧ l i ŋ ˥˥
འཛིན	*ⁿ d͡z i n
འཛིན	s i m ˩˧
འཛིན	t͡s ĩ ˩˧
འཛུད	*ⁿ d͡z u t
འཛུམ	*ⁿ d͡z u m
འཛུམ	s u m ˩˧
འཛུམ	t͡s u m ˥˩
འཛུམ	t͡s u m ˩˧˨
འཛུམས	*ⁿ d͡z u m s
འཛུམས	t͡s u m ˥˩
འཛུམས	t͡s u m ˩˧˨
འི	* ɣ i
འི	ʔ i ˩˧
འུ	* ɣ u
འུ་སུ	* ɣ u s u
འུ་སུ	ʔ u ˩˧˨ s uˑ
འོ་ན	* ɣ o n a
འོ་ན	ʔ o ˩˧ n aˑ
འོ་མ	* ɣ o m a
འོ་མ	o m a
འོ་མ	o ˩˧ m a ˥˧
འོ་མ	ɣ o ˩˧ m a ˥˧
འོ་མ	ʔ o ˩˧ m a ˥˥
འོང	* ɣ o ŋ
འོང	ʔ o ŋ ˩˧˨
འོངས	* ɣ o ŋ s
འོངས	ʔ o ŋ ˩˧˨
འོད	* ɣ o t
འོད	ʔ øː ˩˧˨
ཡ	* j a
ཡ	j a ˩˧
ཡག་པོ	* j a k p o
ཡག་པོ	j a k̚ˀ ˩˧ p o ˥˥
ཡང	* j a ŋ
ཡང	j a ŋ ˩˧
ཡང	j ɛː ˥˥
ཡབ	* j a p
ཡབ	j a p̚ ˥˩
ཡར་ཀླུངས་གཙང་པོ	* j a r k l u ŋ s k t͡s a ŋ p o
ཡར་ཀླུངས་གཙང་པོ	j əː ˩˧ l u ŋ ˥˩ t͡s a ŋ ˥˥ p o ˥˥
ཡི་གེ	* j i ɡ e
ཡི་གེ	j i ˩˧ k i ˥˥
ཡི་དམ	* j i d a m
ཡི་དམ	j i ˩˧ t ə m ˥˥
ཡི་ཙི	* j i t͡s i
ཡི་ཙི	j i ˩˧ t͡s i ˥˩
ཡིད་བཞིན་ནོར་བུ	* j i t b ʑ i n n o r b u
ཡིན	* j i n
ཡིན	j ĩ ˩˧
ཡུང་བ	* j u ŋ b a
ཡུན་ནན་ཞིང་ཆེན	* j u n n a n ʑ i ŋ t͡ɕʰ e n
ཡུལ	* j u l
ཡུལ	j yː ˩˧
ཡེ་ཤེས	* j e ɕ e s
ཡེ་ཤེས	j i ˩˧ ɕ i ˥˩
ཡོང	* j o ŋ
ཡོང	j o ŋ ˩˧
ཡོད	* j o t
ཡོད	j øː ˩˧˨
ར	* r a
ར	ʐ a ˩˧
རག་ལས	* r a k l a s
རང	* r a ŋ
རང	ʐ a ŋ ˩˧
རང་དབང	* r a ŋ d b a ŋ
རང་དབང	ʐ a ŋ ˩˧ w a ŋ ˥˥
རང་བྱུང	* r a ŋ bʲ u ŋ
རང་བྱུང	ʐ ə ŋ ˩˧ t͡ɕ u ŋ ˥˥
རང་བྱུང་ཁམས	* r a ŋ bʲ u ŋ kʰ a m s
རང་བྱུང་ཁམས	ʐ ə ŋ ˩˧ t͡ɕ u ŋ ˥˥ kʰ a m ˥˩
རང་རྟོགས	* r a ŋ r t o k s
རང་རྟོགས	ʐ a ŋ ˩˧ t o k̚ˀ ˥˩
རང་སྐྱོང	* r a ŋ s kʲ o ŋ
རང་སྐྱོང	ʐ a ŋ ˩˧ c o ŋ ˥˩
རང་སྐྱོང་ལྗོངས	* r a ŋ s kʲ o ŋ l d͡ʑ o ŋ s
རང་སྐྱོང་ལྗོངས	ʐ a ŋ ˩˧ c o ŋ ˥˩ t͡ɕ o ŋ ˩˧˨
རབ་གནས	* r a p g n a s
རབ་བཀྲམ	* r a p b k r a m
རབ་བཀྲམ་ཆེན་པོ	* r a p b k r a m t͡ɕʰ e n p o
རབས	* r a p s
རབས	ʐ ə p̚ ˩˧˨
རི	* r i
རི	ʐ i ˩˧
རི་བོ	* r i b o
རི་བོ	ʐ i ˩˧ w u ˥˥
རི་མོ	* r i m o
རི་མོ	ʐ i ˩˧ m o ˥˥
རི་ལི	ʐ i ˩˧ l i ˥˥
རིག་པ	* r i k p a
རིག་པ	ʐ i k̚ˀ ˩˧ p ə ˥˥
རིགས་རྒྱུད	* r i k s r ɡʲ u t
རིགས་རྒྱུད	ʐ i k̚ˀ ˩˧ c yː ˥˩
རིང་ལུགས	* r i ŋ l u k s
རིང་ལུགས	ʐ i ŋ ˩˧ l u ˥˩
རིན་ཆེན	* r i n t͡ɕʰ e n
རིན་ཆེན	ʐ ĩ ˩˧ t͡ɕʰ ẽ ˥˥
རིན་ཐང	* r i n tʰ a ŋ
རིན་ཐང	ʐ ĩ ˩˧ tʰ a ŋ ˥˥
རིན་པོ་ཆེ	* r i n p o t͡ɕʰ e
རིན་པོ་ཆེ	ʐ i m ˩˧ p u ˥˥ t͡ɕʰ iˑ
རེ	* r e
རེ	ʐ e ˩˧
རེ་བ	* r e b a
རེ་བ	ʐ e ˩˧ w a ˥˥
རེད	* r e t
རེད	ʐ e ˩˧˨
རོ	* r o
རོ་སྒམ	* r o z ɡ a m
རོ་སྒམ	ʐ o ˩˧ k a m ˩˧˨
རོལ	* r o l
རོལ	ʐ øː ˩˧
རོལ་གཞས	* r o l g ʑ a s
རོལ་ཆ	* r o l t͡ɕʰ a
རོལ་ཆ	ʐ øː ˩˧ t͡ɕʰ a ˥˥
རོལ་མོ	* r o l m o
རོལ་མོ	ʐ øː ˩˧ m o ˥˥
རྐང	* r k a ŋ
རྐང་པ	* r k a ŋ p a
རྐང་པ	h k a ŋ w a
རྐང་པ	k a ŋ b a
རྐང་པ	k a ŋ ˥˥ p a ˥˥
རྐང་པ	k u ŋ ˥˥ b a ˥˧
རྐང་པ	k õ ˥˥ m b a ˥˧
རྐང་པ	r k o ŋ ŋ w a
རྐང་བ	* r k a ŋ b a
རྐང་འཁོར	* r k a ŋᵑ kʰ o r
རྐང་འཁོར	k a ŋ ˥˥ kʰ oː ˥˥
རྐང་རྩེད་སྤོ་ལོ	* r k a ŋ r t͡s e t s p o l o
རྐང་རྩེད་སྤོ་ལོ	k a ŋ ˥˥ t͡s e ˥˩ p o ˥˥ l o ˥˥
རྐུ	* r k u
རྐུ	k u ˥˥
རྐུན་མ	* r k u n m a
རྐུན་མ	k u ˥˥ m a ˥˩
རྐྱང	* r kʲ a ŋ
རྐྱང	c a ŋ ˥˥
རྐྱལ་རྒྱག	* r kʲ a l r ɡʲ a k
རྐྱལ་རྒྱག	c ɛː ˥˥ c a ˩˧˨
རྒན	* r ɡ a n
རྒན་པོ	* r ɡ a n p o
རྒལ	* r ɡ a l
རྒལ	k ɛː ˩˧
རྒིལ་འག་སྨེ་ཡེར	* r ɡ i l ɣ a k z m e j e r
རྒུན་འབྲུམ	* r ɡ u nᵐ b r u m
རྒུན་འབྲུམ	k ỹ ˩˧ ʈ͡ʂ u m ˥˥
རྒོད	* r ɡ o t
རྒོད	k øː ˩˧˨
རྒྱ	* r ɡʲ a
རྒྱ	c a ˩˧
རྒྱ་གར	* r ɡʲ a ɡ a r
རྒྱ་གར	c a ˩˧ k aː ˥˥
རྒྱ་ནག	* r ɡʲ a n a k
རྒྱ་ནག	c a ˩˧ n a ˥˩
རྒྱ་མཚོ	* r ɡʲ a m t͡sʰ o
རྒྱ་མཚོ	c a ˩˧ t͡sʰ o ˥˥
རྒྱ་མི	* r ɡʲ a m i
རྒྱ་མི	c ə ˩˧ m i ˥˥
རྒྱ་སེར	* r ɡʲ a s e r
རྒྱ་སེར	c a ˩˧ s eː ˥˥
རྒྱ་སྐད	* r ɡʲ a s k a t
རྒྱ་སྐད	c a ˩˧ k ɛː ˥˩
རྒྱན་ཚིག	* r ɡʲ a n t͡sʰ i k
རྒྱན་ཚིག	c ɛ̃ ˩˧ t͡sʰ i ˥˩
རྒྱན་སྤྲས	* r ɡʲ a n s p r a s
རྒྱན་སྤྲས	c ɛ̃ ˩˧ ʈ͡ʂ ɛː ˥˩
རྒྱལ	* r ɡʲ a l
རྒྱལ	c ɛː ˩˧
རྒྱལ་ཁབ	* r ɡʲ a l kʰ a p
རྒྱལ་ཁབ	g y a l k h a p̚ˑ
རྒྱལ་པོ	* r ɡʲ a l p o
རྒྱལ་པོ	c ɛː ˩˧ p o ˥˥
རྒྱལ་བ	* r ɡʲ a l b a
རྒྱལ་རབས	* r ɡʲ a l r a p s
རྒྱལ་རབས	c ɛː ˩˧ ʐ ə p̚ ˥˩
རྒྱལ་རྩེ	* r ɡʲ a l r t͡s e
རྒྱལ་རྩེ	c a ŋ ˩˧ t͡s e ˥˥
རྒྱལ་སྲིད	* r ɡʲ a l s r i t
རྒྱལ་སྲིད	c ɛː ˩˧ s i ˥˩
རྒྱུ་དཀར	* r ɡʲ u t k a r
རྒྱུ་དཀར	c u ˩˧ k aː ˥˥
རྒྱུ་ནག	* r ɡʲ u n a k
རྒྱུ་ནག	c u ˩˧ n a ˥˩
རྒྱུ་མ	* r ɡʲ u m a
རྒྱུ་མ	c u ˩˧ m a ˥˩
རྒྱུད	* r ɡʲ u t
རྔུལ	* r ŋ u l
རྔུལ	r ŋ u
རྔུལ	ŋ y ˥˥
རྔུལ	ŋ y ˥˧
རྔུལ	ŋ yː ˥˥
རྔུལ	ŋ̊ ə l
རྗེ	* r d͡ʑ e
རྗེ	t͡ɕ e ˥˥
རྗེས་དྲན	* r d͡ʑ e s d r a n
རྗེས་དྲན	t͡ɕ eː ˩˧ ʈ͡ʂ ɛ̃ ˥˥
རྗེས་མ	* r d͡ʑ e s m a
རྗེས་མ	t͡ɕ e ˩˧ m aˑ
རྗོད	* r d͡ʑ o t
རྗོད	t͡ɕ øː ˩˧˨
རྙིང	* r ȵ i ŋ
རྙིང	ȵ i ŋ ˥˥
རྙིང་པ	* r ȵ i ŋ p a
རྙིང་པ	ȵ i ŋ ˥˥ p ə ˥˥
རྟ	* r t a
རྟ	t a ˥˥
རྟགས	* r t a k s
རྟགས་མ	* r t a k s m a
རྟོག	* r t o k
རྟོག	t a ˥˩
རྡུལ་ཕྲན	* r d u l pʰ r a n
རྡུལ་ཕྲན	t yː ˩˧ ʈ͡ʂʰ ɛ̃ ˥˥
རྡོ	* r d o
རྡོ	t o ˩˧
རྡོ་རྗེ	* r d o r d͡ʑ e
རྡོ་རྗེ	t oː ˩˧ t͡ɕ e ˥˥
རྣ་བ	* r n a b a
རྣ་བ	n a ˥˥ w a ˥˥
རྣམ	* r n a m
རྣམ་ཐར	* r n a m tʰ a r
རྣམ་ཐར	n a m ˥˥ tʰ aː ˥˥
རྣམ་དབྱེ	* r n a m d bʲ e
རྣམ་དབྱེ	n a m ˥˥ j e ˥˥
རྣམ་པ	* r n a m p a
རྣམ་པ	n a m ˥˥ p a ˥˥
རྣམ་ཤེས	* r n a m ɕ e s
རྣམ་ཤེས	n a m ˥˥ ɕ e ˥˩
རྣམས​	n a m ˥˥
རྨ་ཁ	* r m a kʰ a
རྨ་བྱ	m a p̚ ˥˥ t͡ɕ a ˥˥
རྨོ་མོ	* r m o m o
རྨོ་མོ	m o ˥˥ m o ˥˥
རྩ་བ	* r t͡s a b a
རྩ་བ	t͡s aː ˥˥
རྩམ་པ	* r t͡s a m p a
རྩམ་པ	t͡s a m ˥˥ p a ˥˥
རྩི	* r t͡s i
རྩི	t͡s i ˥˥
རྩི་ཤིང	* r t͡s i ɕ i ŋ
རྩི་ཤིང	t͡s i ˥˥ ɕ i ŋ ˥˥
རྩིག	* r t͡s i k
རྩིག	t͡s i ˥˩
རྩིག་པ	* r t͡s i k p a
རྩིག་པ	t͡s i k̚ˀ ˥˥ p ə ˥˥
རྩེ	* r t͡s e
རྩེ	h t͡s e
རྩེ	t͡s e ˥˥
རྩེད	* r t͡s e t
རྩེད་མོ	* r t͡s e t m o
རྩེད་མོ	t͡s e ˥˥ m o ˥˥
རྩོམ	* r t͡s o m
རྩོམ	t͡s o m ˥˩
རྩོམ་པ་པོ	* r t͡s o m p a p o
རྩོམ་མཁན	* r t͡s o m m kʰ a n
རྩོམ་མཁན	t͡s o m ˥˥ ŋ ɛ̃ˑ
རྩྭ	* r t͡sʷ a
རྩྭ	t͡s a ˥˥
རྫ	* r d͡z a
རྫ	t͡s a ˩˧
རྫ་ཆུ	* r d͡z a t͡ɕʰ u
རྫ་རྡོ	* r d͡z a r d o
རྫས	* r d͡z a s
རྫོགས་ཆེན	* r d͡z o k s t͡ɕʰ e n
རྫོགས་ཆེན	t͡s o ŋ ˩˧ t͡ɕʰ ẽ ˥˥
རྫོང	* r d͡z o ŋ
རྫོང	t͡s a ŋ ˩˧˨
རྫོང	t͡s o ŋ ˩˧
རླངས	* r l a ŋ s
རླབས	* r l a p s
རླབས	l ə p̚ ˥˩
རླབས་ཆེན	* r l a p s t͡ɕʰ e n
རླབས་ཆེན	l ə p̚ ˥˥ t͡ɕʰ ẽ ˥˥
རླུང	* r l u ŋ
རླུང	l u ŋ ˥˥
རླུང	l ũ ˥˥
རླུང	w l o ŋ
རླུང་གཡབ	* r l u ŋ ɡ j a p
རླུང་གཡབ	l u ŋ ˥˥ j ə p̚ ˥˩
རླུང་རྟ	* r l u ŋ r t a
རླུང་རྟ	l u ŋ ˥˥ t ə ˥˥
ལ	* l a
ལ	l a ˩˧
ལ	l aˑ
ལ་དྭགས	* l a dʷ a k s
ལ་དྭགས	l a ˩˧ t a ˥˩
ལ་ཕུག	* l a pʰ u k
ལ་ཕུག	l ə ˩˧ p u ˥˩
ལག་པ	* l a k p a
ལག་པ	l a k̚ˀ ˩˧ p a ˥˥
ལང	* l a ŋ
ལང	l a ŋ ˩˧
ལམ	* l a m
ལམ	l a m ˩˧
ལམ་ཐག	* l a m tʰ a k
ལི	* l i
ལི	l i ˩˧
ལི་ཝང	* l i w a ŋ
ལི་ཝང	l i ˩˧˨ w a ŋˑ
ལི་ཤི	* l i ɕ i
ལི་ཤི	l i ˩˧ ɕ i ˥˥
ལི་ཤི་མཚོན་འཁོར	* l i ɕ i m t͡sʰ o nᵑ kʰ o r
ལུག	* l u k
ལུག	l u ˩˧˨
ལུང་པ	* l u ŋ p a
ལུང་པ	l u ŋ ˩˧ p a ˩˧
ལུད	* l u t
ལུད	l yː ˩˧˨
ལེགས	* l e k s
ལེགས	l e ˩˧˨
ལེགས་པོ	* l e k s p o
ལེགས་པོ	l e k̚ˀ ˩˧ p o ˥˥
ལེགས་སྦྱར	* l e k s z bʲ a r
ལེགས་སྦྱར	l e k̚ˀ ˩˧ t͡ɕ aː ˥˥
ལེགས་སྦྱར་སྐད	* l e k s z bʲ a r s k a t
ལེགས་སྦྱར་སྐད	l e k̚ˀ ˩˧ t͡ɕ aː ˥˥ k ɛː ˥˩
ལེན	* l e n
ལེན	l ẽ ˩˧
ལོ	* l o
ལོ	l o ˩˧
ལོ་གསར	* l o k s a r
ལོ་གསར	l øː ˩˧ s aː ˥˥
ལོ་མ	* l o m a
ལོ་མ	l o ˩˧ m a ˥˥
ལོ་ཙཱ་བ	l o ˩˧ t͡s a ˥˥ w aˑ
ལོ་རྒྱུས	* l o r ɡʲ u s
ལོ་རྒྱུས	l u ˩˧ c yː ˥˩
ལྔ	* l ŋ a
ལྔ	h ŋ a
ལྔ	r ŋ a
ལྔ	r ŋ æ
ལྔ	ŋ a
ལྔ	ŋ a ˥˥
ལྔ	ŋ a ˥˧
ལྔ་བཅུ	* l ŋ a p t͡ɕ u
ལྔ་བཅུ	h ŋ a p t͡ɕ ə
ལྔ་བཅུ	r ŋ a p t͡ɕ ə
ལྔ་བཅུ	ŋ a u ˥˥ t͡ɕ u ˥˧
ལྔ་བཅུ	ŋ a ˥˧ t͡ɕ u ˥˧
ལྔ་བཅུ	ŋ ə p̚ ˥˥ t͡ɕ u ˥˥
ལྕགས	* l t͡ɕ a k s
ལྕགས	h t͡ɕ a k
ལྕགས	r t͡ɕ a k
ལྕགས	t͡ɕ a ˥˩
ལྕགས	t͡ɕ ɑ ʔ ˥˧
ལྕགས་ལམ	* l t͡ɕ a k s l a m
ལྕགས་ལམ	t͡ɕ a k̚ˀ ˥˥ l a m ˥˥
ལྕམ	* l t͡ɕ a m
ལྕམ	t͡ɕ a m ˥˥
ལྕེ	* l t͡ɕ e
ལྕེ	t͡ɕ e ˥˥
ལྕེ་ཚ	* l t͡ɕ e t͡sʰ a
ལྕེ་ཚ	t͡ɕ e ˥˥ t͡sʰ aˑ
ལྕོག་ཙེ	t͡ɕ o k̚ˀ ˥˥ t͡s e ˥˥
ལྗགས	* l d͡ʑ a k s
ལྗགས	t͡ɕ a ˩˧˨
ལྗང་ཁུ	* l d͡ʑ a ŋ kʰ u
ལྗང་ཁུ	t͡ɕ ə ŋ ˩˧ k u ˥˥
ལྗོངས	* l d͡ʑ o ŋ s
ལྗོངས	t͡ɕ o ŋ ˩˧˨
ལྟ	* l t a
ལྟ	h t a
ལྟ	r t a
ལྟ	t a ˥˥
ལྟ	t a ˥˧
ལྟ་བ	* l t a b a
ལྟ་བ	t a ˥˥ w a ˥˥
ལྟ་བུ	* l t a b u
ལྟ་བུ	t ə ˥˥ p u ˥˥
ལྟ་སྟངས	* l t a s t a ŋ s
ལྟ་སྟངས	t a ˥˥ t a ŋ ˥˩
ལྟ་སྲུང	* l t a s r u ŋ
ལྟ་སྲུང	t a ˥˥ ʂ u ŋ ˥˩
ལྟབ	* l t a p
ལྟབ	t ə p̚ ˥˩
ལྟབ་པ	* l t a p p a
ལྟམ	* l t a m
ལྟེ་ཁུང	* l t e kʰ u ŋ
ལྟེ་ཁུང	t e ˥˥ kʰ u ŋ ˥˥
ལྟེ་བ	* l t e b a
ལྟེ་བ	t e ˥˥ w a ˥˥
ལྟེ་བ	t ɛː ˥˥
ལྟེམས	* l t e m s
ལྟོ	* l t o
ལྟོ	t o ˥˥
ལྡག	* l d a k
ལྡག	h d a k
ལྡག	r d a k
ལྡག	t a ˩˧˨
ལྡག	ɕ o ʔ ˨˧˩
ལྡག	ɖ͡ʐ i ˥˧
ལྡན	* l d a n
ལྡན	t ɛ̃ ˩˧
ལྡིར	* l d i r
ལྡིར	t iː ɹ ˩˧
ལྡུམ་ར	* l d u m r a
ལྡུམ་ར	t u m ˩˧ ʐ a ˥˥
ལྡོག	* l d o k
ལྡོག	t o ˩˧˨
ལྦུ་བ	* l b u b a
ལྦུ་བ	p ʊː ˩˧
ལྷ	* l̥ a
ལྷ	ɬ a ˥˥
ལྷ་ཁང	* l̥ a kʰ a ŋ
ལྷ་ཁང	ɬ a ˥˥ kʰ a ŋ ˥˥
ལྷ་གཅིག	l̥ a ˥˥ t͡ɕ i k̚ ˥˨
ལྷ་མོ	* l̥ a m o
ལྷ་མོ	ɬ a ˥˥ m o ˥˥
ལྷ་མོ་དགོན	* l̥ a m o d ɡ o n
ལྷ་ས	* l̥ a s a
ལྷ་ས	ɬ ɛː ˥˥ s a ˥˥
ལྷ་ས་བ	* l̥ a s a b a
ལྷ་ས་བ	ɬ ɛː ˥˥ s a ˥˩
ལྷག་པ	* l̥ a k p a
ལྷག་པ	ɬ a k̚ˀ ˥˥ p a ˥˥
ལྷག་མཐོང	* l̥ a k m tʰ o ŋ
ལྷག་མཐོང	ɬ a k̚ˀ ˥˥ tʰ o ŋ ˥˥
ལྷགས་པ	* l̥ a k s p a
ལྷགས་པ	ɬ a k̚ˀ ˥˥ p a ˥˥
ལྷོ	* l̥ o
ལྷོ	ɬ o
ལྷོ	ɬ o ˥˥
ལྷོ	ɬ o ˥˧
ལྷོ	ɬ u ˥˧
ལྷོ་པ	* l̥ o p a
ཤ	* ɕ a
ཤ	ɕ a ˥˥
ཤངས	* ɕ a ŋ s
ཤངས	ɕ a ŋ ˥˩
ཤར	* ɕ a r
ཤར	x h a r
ཤར	x h a ˥˧
ཤར	ɕ aː ˥˥
ཤར་བ	ɕ é r p a
ཤར་བ	ɕ éː p a
ཤིང	* ɕ i ŋ
ཤིང	ɕ i ŋ ˥˥
ཤིང་ཏོག	* ɕ i ŋ t o k
ཤིང་ཏོག	ɕ i ŋ ˥˥ t o ˥˩
ཤིང་ནགས	* ɕ i ŋ n a k s
ཤིང་ནགས	ɕ i ŋ ˥˥ n a ˥˩
ཤིང་བརྐོས	* ɕ i ŋ p r k o s
ཤིང་བརྐོས	ɕ i ŋ ˥˥ k øː ˥˩
ཤིང་འབྲས	* ɕ i ŋᵐ b r a s
ཤིང་འབྲས	ɕ i ŋ ˥˥ ʈ͡ʂ ɛː ˥˩
ཤིང་སྡོང	* ɕ i ŋ z d o ŋ
ཤིང་སྡོང	ɕ i ŋ ˥˥ t o ŋ ˥˥
ཤིན་ཏུ་སྦྱང་བ	* ɕ i n t u z bʲ a ŋ b a
ཤུག་པ	* ɕ u k p a
ཤུག་པ	ʂ u k̚ˀ ˥˩ p a ˥˩
ཤུབས	* ɕ u p s
ཤུབས	ɕ u p̚ ˥˩
ཤེལ	* ɕ e l
ཤེལ	ɕ eː ˥˥
ཤེལ་དམ	* ɕ e l d a m
ཤེལ་དམ	ɕ eː ˥˥ t a m ˥˥
ཤེལ་སྒོ	* ɕ e l z ɡ o
ཤེལ་སྒོ	ɕ eː ˥˥ k o ˥˥
ཤེས	* ɕ e s
ཤེས	ɕ ẽ ˥˩
ཤེས་པ	* ɕ e s p a
ཤེས་པ	ɕ e ˥˥ p a ˥˥
ཤེས་བྱ	* ɕ e s bʲ a
ཤེས་བྱ	ɕ eː ˥˥ t͡ɕ a ˥˥
ཤོག་བུ	* ɕ o k b u
ཤོག་བུ	ɕ u ˥˥ k u ˥˥
ཤོར	* ɕ o r
ཤོར	ɕ oː ˥˥
ཤོས	* ɕ o s
ཤོས	ɕ øːˑ
ས	* s a
ས	s a ˥˥
ས་ཁུལ	* s a kʰ u l
ས་ཁུལ	s a ˥˥ kʰ yː ˥˥
ས་ཡ	* s a j a
ས་ཡ	s a ˥˥ j a ˥˥
ས་རྟགས	* s a r t a k s
སང་ཉིན	* s a ŋ ȵ i n
སང་ཉིན	s a ŋ ˥˥ ȵ ĩ ˩˧
སངས་རྒྱས	* s a ŋ s r ɡʲ a s
སངས་རྒྱས	s a ŋ ˥˥ c ɛː ˥˩
སད	* s a t
སད	s ɛː ˥˩
སིལ་ར	* s i l r a
སིལ་ར	s iː ˥˥ ʐ a ˩˧
སུ	* s u
སུ	s u ˥˥
སུམ་ཅུ	* s u m t͡ɕ u
སུམ་ཅུ	s u m ˥˥ t͡ɕ u ˥˥
སུམ་ཅུ	s u ŋ ˥˥ t͡ɕ u ˥˧
སུམ་ཅུ	sʰ ɑ̃ ˥˥ t͡ɕ u ˥˧
སུམ་ཅུ	sʰ ə m t͡ɕ ə
སུམ་རྟགས	* s u m r t a k s
སེང	* s e ŋ
སེང	s e ŋ ˥˥
སེང་གེ	* s e ŋ ɡ e
སེང་གེ	s e ŋ ˥˥ k e ˥˥
སེམས	* s e m s
སེམས	s a m ˥˩
སེམས	s e m ˥˩
སེམས་ཅན	* s e m s t͡ɕ a n
སེམས་ཅན	s e m ˥˥ t͡ɕ ɛ̃ ˥˥
སེམས་པ	* s e m s p a
སེམས་པ	s e m ˥˥ p a ˥˥
སེམས་སྡེ	* s e m s z d e
སེམས་སྡེ	s e m ˥˩ t e ˩˧˨
སེར	* s e r
སེར	s eː ˥˥
སོ	* s o
སོ	s o ˥˥
སོ་པ	* s o p a
སོ་པ	s o ˥˥ p a ˥˥
སོག་པོ	* s o k p o
སོག་པོ	s o k̚ˀ ˥˥ p o ˥˩
སོགས	* s o k s
སོགས	s o ˥˩
སྐད	* s k a t
སྐད	k ɛː ˥˩
སྐད་བརྡ་རིག་པ	* s k a t b r d a r i k p a
སྐད་བརྡ་རིག་པ	k ɛː ˥˥ t a ˥˥ ʐ i k̚ˀ ˩˧ p ə ˥˥
སྐམ་པོ	* s k a m p o
སྐམ་པོ	k a m ˥˥ p o ˥˥
སྐར་མ	* s k a r m a
སྐར་མ	h k a r m a
སྐར་མ	k a ˥˥ m a ˥˧
སྐར་མ	k aː ˥˥ m a ˥˥
སྐར་མ	r k a r m æ
སྐུ	* s k u
སྐུ	k u ˥˥
སྐུལ་ཚིག	* s k u l t͡sʰ i k
སྐུལ་ཚིག	k yː ˥˥ t͡sʰ i ˥˩
སྐྱ་བོ	* s kʲ a b o
སྐྱ་བོ	c a ˥˥ p oˑ
སྐྱིད་པོ	* s kʲ i t p o
སྐྱིད་པོ	c i ˥˥ p oˑ
སྐྱུར་མོ	* s kʲ u r m o
སྐྱུར་མོ	c uː ˥˥ m u ˥˥
སྐྱེ་དམན	* s kʲ e d m a n
སྐྱེ་དམན	c e ˥˥ m ɛ̃ ˥˥
སྐྱོང	* s kʲ o ŋ
སྐྱོང	k o ŋ ˥˩
སྐྱོབ་པ	* s kʲ o p p a
སྐྲ་གཞུག	* s k r a g ʑ u k
སྐྲ་གཞུག	ʈ͡ʂ a ˥˥ ɕ u k̚ˀˑ
སྒ	* z ɡ a
སྒ	k a ˩˧
སྒ་སེར	* z ɡ a s e r
སྒང་ཐོག	* z ɡ a ŋ tʰ o k
སྒང་ཐོག	k a ŋ ˩˧ tʰ o ˥˩
སྒམ	* z ɡ a m
སྒམ	g ɑ ŋ ˩˧
སྒམ	g ɑ̃ ˥˥
སྒམ	h g a m
སྒམ	k a m ˩˧
སྒམ	r g a m
སྒལ་པ	* z ɡ a l p a
སྒལ་པ	k ɛː ˩˧ p aˑ
སྒེ་ཁུང	* z ɡ e kʰ u ŋ
སྒེ་ཁུང	k i ˩˧ kʰ u ŋ ˥˥
སྒེའུ་ཁུང	k i ˩˧ kʰ u ŋ ˥˥
སྒོ	* z ɡ o
སྒོ	g o ˧˩
སྒོ	g ᴜ ˥˧
སྒོ	h g o
སྒོ	k o ˩˧
སྒོ	r g o
སྒོ་ལྕགས	* z ɡ o l t͡ɕ a k s
སྒོ་ལྕགས	k o n ˩˧ t͡ɕ a ˥˩
སྒོག་པ	* z ɡ o k p a
སྒོག་པ	k o k̚ˀ ˩˧ p a ˥˥
སྒོང་ང	* z ɡ o ŋ ŋ a
སྒོང་ང	k o ŋ ˩˧ ŋ a ˥˥
སྒོར་མོ	* z ɡ o r m o
སྒྱུ་རྩལ	* z ɡʲ u r t͡s a l
སྒྱུ་རྩལ	c u ˩˧ t͡s ɛː ˥˥
སྒྱུར	* z ɡʲ u r
སྒྱུར	c uː ɹ ˩˧
སྒྲ	* z ɡ r a
སྒྲ	ʈ͡ʂ a ˩˧
སྒྲ་གདངས	* z ɡ r a g d a ŋ s
སྒྲ་གདངས	ʈ͡ʂ a n ˩˧ t a ŋ ˥˩
སྒྲ་སྙན	* z ɡ r a z ȵ a n
སྒྲ་སྙན	ʈ͡ʂ a m ˩˧ ȵ ɛ̃ ˥˥
སྒྲིག	* z ɡ r i k
སྒྲིག	ʈ͡ʂ i ˩˧˨
སྒྲིག་འཛུགས	* z ɡ r i kⁿ d͡z u k s
སྒྲིལ	* z ɡ r i l
སྒྲིལ	ʈ͡ʂ i ˩˧
སྒྲུབ	* z ɡ r u p
སྒྲུབ	ʈ͡ʂ u p̚ ˩˧˨
སྒྲུབ་ཐབས	* z ɡ r u p tʰ a p s
སྒྲུབ་ཐབས	ʈ͡ʂ u p̚ ˩˧ tʰ ə p̚ ˥˩
སྔ	* z ŋ a
སྔ	h ŋ a
སྔ	ŋ a ˥˥
སྔ	ŋ̊ a ˥˧
སྔ་དྲོ	* z ŋ a d r o
སྔ་དྲོ	ŋ a ˥˥ ʈ͡ʂ o ˥˥
སྔ་དྲོ་བདེ་ལེགས	* z ŋ a d r o b d e l e k s
སྔ་དྲོ་བདེ་ལེགས	ŋ a ˥˥ ʈ͡ʂ o ˥˥ t e ˩˧ l e ˥˩
སྔོན་པོ	* z ŋ o n p o
སྔོན་པོ	ŋ ø̃ ˥˥ p o ˥˥
སྙམ	* z ȵ a m
སྙམ	ȵ a m ˥˥
སྙིང	* z ȵ i ŋ
སྙིང	ȵ i ŋ ˥˥
སྙིང་རྗེ	* z ȵ i ŋ r d͡ʑ e
སྙིང་རྗེ	ȵ i ŋ ˥˥ t͡ɕ eˑ
སྟངས	* s t a ŋ s
སྟངས	t a ŋ ˥˩
སྟོང	* s t o ŋ
སྟོང	h t o ŋ
སྟོང	r t o ŋ
སྟོང	t o ŋ ˥˥
སྟོང	t o ŋ ˥˩
སྟོང	t u ŋ ˥˥
སྟོང	t ũ ˥˥
སྟོང་པ་ཉིད	* s t o ŋ p a ȵ i t
སྟོན	* s t o n
སྟོན	h t o n
སྟོན	t ɛ̃ ˥˥
སྟོན	t ẽ ˥˥
སྟོན་ཀ	* s t o n k a
སྟོན་ཀ	t ø̃ ˥˥ k a ˥˥
སྟོན་པ	* s t o n p a
སྟོན་པ	t ø̃ ˥˥ p a ˥˥
སྟོབས	* s t o p s
སྟོབས	t o p̚ ˥˩
སྟོབས་རྒྱས	* s t o p s r ɡʲ a s
སྟོབས་རྒྱས	t o p̚ ˥˥ c ɛː ˥˥
སྡུག་བསྔལ	* z d u k b z ŋ a l
སྡུག་བསྔལ	t u ˩˧ ŋ ɛː ˥˥
སྡུད	* z d u t
སྡུད	t u ˩˧
སྡུར	* z d u r
སྡུར	t uː ɹ ˩˧
སྡུར་བ	* z d u r b a
སྡེ་རིགས	* z d e r i k s
སྡོད	* z d o t
སྡོད	t ɛː ˩˧˨
སྡོམ	* z d o m
སྡོམ	h d o m
སྡོམ	r d o m
སྡོམ	t o m ˩˧
སྣ	* z n a
སྣ	n a ˥˥
སྣ་མིན་སྣ་ཚོགས	* z n a m i n z n a t͡sʰ o k s
སྣ་མིན་སྣ་ཚོགས	n a ˥˥ m ɛ̃ ˥˥ n a ˥˥ t͡sʰ o ˥˩
སྣུབ	* z n u p
སྣུབ	n u p̚ ˥˩
སྣུམ་འཁོར	* z n u mᵑ kʰ o r
སྤ་སེ	* s p a s e
སྤང་རྒྱན	* s p a ŋ r ɡʲ a n
སྤང་རྒྱན	p a ŋ ˥˥ c ɛ̃ˑ
སྤང་སྤོས	* s p a ŋ s p o s
སྤེན་པ	* s p e n p a
སྤེན་པ	p ẽ ˥˥ p a ˥˥
སྤོ་བོ	* s p o b o
སྤོ་བོ	p o ˥˥ w o ˥˥
སྤོ་ལོ	* s p o l o
སྤོ་ལོ	p o ˥˥ l o ˥˥
སྤོས	* s p o s
སྤོས	p øː ˥˩
སྤྱང་ཀི	* s pʲ a ŋ k i
སྤྱང་ཀི	t͡ɕ ə ŋ ˥˥ k u ˥˥
སྤྱང་པོ	* s pʲ a ŋ p o
སྤྱང་པོ	t͡ɕ a ŋ ˥˥ p oˑ
སྤྱན	* s pʲ a n
སྤྱན	t͡ɕ ɛ̃ ˥˥
སྤྱི་མཐུན་རྒྱལ་ཁབ	* s pʲ i m tʰ u n r ɡʲ a l kʰ a p
སྤྱི་མཐུན་རྒྱལ་ཁབ	t͡ɕ ĩˑ t ỹˑ g y a l kʰ a p̚ˑ
སྤྱི་ཚོགས	* s pʲ i t͡sʰ o k s
སྤྱི་ཚོགས	t͡ɕ i ˥˥ t͡sʰ o ˥˩
སྤྱི་ཚོགས་རིང་ལུགས	* s pʲ i t͡sʰ o k s r i ŋ l u k s
སྤྱི་ཚོགས་རིང་ལུགས	t͡ɕ i ˥˥ t͡sʰ o ˥˩ ʐ i ŋ ˩˧ l u ˥˩
སྤྱི་ལེ	* s pʲ i l e
སྤྲིང	* s p r i ŋ
སྤྲིང	ʈ͡ʂ i ŋ ˥˥
སྤྲིན	* s p r i n
སྤྲིན	w ʈ͡ʂ ə n
སྤྲིན	ʂ ə n
སྤྲིན	ʈ͡ʂ ĩ ˥˥
སྤྲིན་པ	* s p r i n p a
སྤྲིན་པ	ʈ͡ʂ ĩ ˥˥ p ə ˥˥
སྤྲུལ	* s p r u l
སྤྲུལ	ʈ͡ʂ yː ˥˥
སྤྲུལ་པ	* s p r u l p a
སྤྲུལ་པ	ʈ͡ʂ yː ˥˥ p ə ˥˥
སྤྲུལ་སྐུ	* s p r u l s k u
སྤྲུལ་སྐུ	ʈ͡ʂ yː ˥˥ k u ˥˥
སྤྲེའུ	p i u ˥˥
སྦག་སྦག	* z b a k z b a k
སྦལ་བ	* z b a l b a
སྦས་ཡུལ	* z b a s j u l
སྦི་ཅི་ལི	p i ˩˧ t͡ɕ i ˥˥ l iˑ
སྦྱང	* z bʲ a ŋ
སྦྱང	t͡ɕ a ŋ ˩˧
སྦྱིན	* z bʲ i n
སྦྱིན	t͡ɕ ĩ ˩˧
སྦྱིན་པ	* z bʲ i n p a
སྦྱིན་པ	t͡ɕ ĩ ˩˧ p ə ˥˥
སྦྱོར	* z bʲ o r
སྦྱོར	t͡ɕ aː ˩˧
སྦྱོར་ཀློག	* z bʲ o r k l o k
སྦྱོར་ཀློག	t͡ɕ aː ˩˧ l o ˥˩
སྦྲང་རྩི	* z b r a ŋ r t͡s i
སྦྲང་རྩི	ʈ͡ʂ ə ŋ ˩˧ t͡s i ˥˥
སྦྲུལ	* z b r u l
སྦྲུལ	r u
སྦྲུལ	r u ˥˧
སྦྲུལ	ɖ͡ʐ y ˥˥
སྦྲུལ	ʈ͡ʂ yː ˩˧
སྨན	* z m a n
སྨན	m ɛ̃ ˥˥
སྨན་ཁང	* z m a n kʰ a ŋ
སྨན་ཁང	m ɛ̃ ˥˥ kʰ a ŋ ˥˥
སྨན་པ	* z m a n p a
སྨན་པ	h m a n p a
སྨན་པ	m ɛ̃ ˥˥ p a ˥˥
སྨན་པ	m̥ e n ˥˥ b a ˥˧
སྨན་པ	m̥ ẽ ˥˥ m b a ˥˧
སྨན་པ	ɣ m̥ a n m b a
སྨུག་པ	* z m u k p a
སྨུག་པ	m u k̚ˀ ˥˥ p ə ˥˥
སྨྲ	* z m r a
སྨྲ	m a ˥˥
སྨྲ་བ	* z m r a b a
སྨྲ་བ	m a ˥˥ w aˑ
སྲང་ལམ	* s r a ŋ l a m
སྲང་ལམ	ʈ͡ʂ a ŋ ˥˥ l a ŋ ˥˥
སྲས	* s r a s
སྲས	s ɛː ˥˩
སྲས་མོ	* s r a s m o
སྲས་མོ	s ɛː ˥˥ m o ˥˥
སྲིང་མོ	* s r i ŋ m o
སྲིད	* s r i t
སྲིད	s i ˥˩
སྲོག	* s r o k
སྲོག	s o ʔ ˥˧
སྲོག	s o ˥˩
སྲོག	ʂ o g
སྲོག	ʂ o χ
སླར	* z l a r
སླར	l aː ɹ ˥˩
སློབ	* z l o p
སློབ	l ə p̚ ˥˩
སློབ་ཁང	* z l o p kʰ a ŋ
སློབ་ཁང	l o p̚ ˥˥ kʰ a ŋ ˥˥
སློབ་ཁྲིད	* z l o p kʰ r i t
སློབ་ཁྲིད	l o p̚ ˥˥ ʈ͡ʂʰ i ˥˩
སློབ་ཁྲིད་བྱེད	* z l o p kʰ r i t bʲ e t
སློབ་ཁྲིད་བྱེད	l o p̚ ˥˥ ʈ͡ʂʰ i ˥˩ t͡ɕʰ e ˩˧˨
སློབ་གྲྭ	* z l o p g rʷ a
སློབ་གྲྭ	l a p̚ ˥˥ ʈ͡ʂ a ˥˥
སློབ་གྲྭ་ཆེན་མོ	* z l o p g rʷ a t͡ɕʰ e n m o
སློབ་གྲྭ་ཆེན་མོ	l a p̚ ˥˥ ʈ͡ʂ a ˥˥ t͡ɕʰ ẽ ˥˥ m o ˥˥
སློབ་ཕྲུག	* z l o p pʰ r u k
སློབ་ཕྲུག	l u p̚ ˥˥ ʈ͡ʂʰ u ˥˩
སློབ་སྟོན	* z l o p s t o n
སློབ་སྟོན	l o p̚ ˥˥ t ø̃ˑ
ཧ	* h a
ཧ	h a ˥˥
ཧ་ཡང	* h a j a ŋ
ཧ་ཡང	h a ˥˥ j a ŋ ˥˥
ཨ	* ʔ a
ཨ	ʔ a ˥˥
ཨ་ཆུང	* ʔ a t͡ɕʰ u ŋ
ཨ་ཆུང	ʔ ə ˩˧ t͡ɕʰ u ŋ ˥˥
ཨ་ཕ	* ʔ a pʰ a
ཨ་མ	* ʔ a m a
ཨ་མ	ʔ a ˥˥ m a ˥˥
ཨ་མདོ	* ʔ a m d o
ཨ་མདོ	ʔ a m ˥˥ t o ˥˥
ཨ་རག	* ʔ a r a k
ཨ་རག	ʔ a ˥˥ ʐ a ˥˩
ཨ་ལྕག	* ʔ a l t͡ɕ a k
ཨ་ལྕག	ʔ a ˥˥ t͡ɕ a k̚ˀ ˥˩
ཨང་གྲངས	* ʔ a ŋ ɡ r a ŋ s
ཨང་གྲངས	ʔ a ŋ ˥˥ ʈ͡ʂ a ŋ ˥˩
ཨེམ་ཆི	ʔ e m ˥˥ t͡ɕʰ i ˥˥
ཨོཾ	ʔ o m ˥˥
