adawngteh	ʔ a ˧ d ɔ̃ ˩ t e ʔ ˧
adawteh	ʔ a ˧ d ɔ ˩ t e ʔ ˧
ae	ʔ ɛ ˧
aedawngte	ʔ ɛ ˧ d ɔ̃ ˩ t e ˧
aedawte	ʔ ɛ ˧ d ɔ ˩ t e ˧
aengpang	ʔ ɛ̃ ˥ p ã ˩
aetaete	ɛ ˧ t ɛ ˧ t e ˧
aetö	ʔ ɛ ˧ t ɵ ˩
amaw	ʔ a ˧ m ɔ ˥
angfa	ʔ ã ˥ f a ˩
angjü	ʔ ã ˥ j ɨ ˥
angpawng	ʔ ã ˥ p ɔ̃ ˥
angra	ʔ ã ˥ r a ˩
angte	ʔ ã ˩ t e ˧
angxynglyng	ʔ ã ˧ qʰ ɘ̃ ˥ l ɘ̃ ˥
awikaw	ʔ ɔ i̯ ˩ k ɔ ˥
awngte	ʔ ɔ̃ ˥ t e ˧
awngtekhämi	ʔ ɔ̃ ˧ t e ˧ kʰ ə m i ˧
awte	ʔ ɔ ˧ t e ˧
baenaw	b ɛ ˧ n ɔ ˩
baenawtäki	b ɛ ˧ n ɔ ˩ t ə k i ˥
baesung	b ɛ ˧ s ũ ˩
baete	b ɛ ˩ t e ˧
baiphö	b a i̯ ˩ pʰ ɵ ˥
bakungte	b a ˥ k ũ ˥ t e ˧
bangtang	b ã ˧ t ã ˧
bangte	b ã ˩ t e ˧
bate	b a ˥ t e ˧
bawisawsate	b ɔ i̯ ˩ sʰ ɔ ˥ sʰ a ˧ t e ˧
bawmö	b ɔ ˧ m ɵ ˥
bawnaingte	b ɔ ˧ n ã ĩ̯ ˧ t e ˧
bawngbähae	b ɔ̃ ˩ b ə h ɛ ˥
bedawngkeilei	b e ˧ d ɔ̃ ˧ k e i̯ ˥ l e i̯ ˥
bejate	b e ˧ j a ˩ t e ˧
bera	b e ˧ r a ˩
beracäpi	b e ˧ r a ˩ s ə p i ˥
beramäte	b e ˧ r a ˩ m ə t e ˩
berarungpui	b e ˧ r a ˩ r ũ ˧ p u i̯ ˥
bing	b ĩ ˧
bite	b i ˩ t e ˧
bote	b o ˥ t e ˧
bungkö	b ũ ˥ k ɵ ˩
bädete	b ə d e ˥ t e ˧
bädungte	b ə d ũ ˥ t e ˧
bädute	b ə d u ˧ t e ˧
bähaengte	b ə h ɛ̃ ˧ t e ˧
bähangte	b ə h ã ˧ t e ˧
bähawite	b ə h ɔ i̯ ˥ t e ˧
bähunae	b ə h u ˧ n ɛ ˥
bäjawngte	b ə j ɔ̃ ˩ t e ˧
bäjawte	b ə j ɔ ˥ t e ˧
bäjungtui	b ə j ũ ˧ t u i̯ ˥
bäjö	b ə j ɵ ˥
bäjöketang	b ə j ɵ ˧ k e ˧ t ã ˥
bäjökätangsate	b ə j ɵ ˥ k ə t ã ˥ sʰ a ˧ t e ˧
bäjöngang	b ə j ɵ ˧ ŋ ã ˥
bäjösesi	b ə j ɵ ˥ sʰ e ˥ sʰ i ˧
bälaengpang	b ə l ɛ̃ ˧ p ã ˥
bälai	b ə l a i̯ ˩
bälaw	b ə l ɔ ˥
bälawi	b ə l ɔ i̯ ˥
bälawng	b ə l ɔ̃ ˥
bälawte	b ə l ɔ ˩ t e ˧
bäleite	b ə l e i̯ ˥ t e ˧
bäli	b ə l i ˥
bälikhawngrawng	b ə l i ˥ kʰ ɔ̃ ˥ r ɔ̃ ˥
bälilolang	b ə l i ˥ l o ˩ l ã ˥
bälo	b ə l o ˥
bälote	b ə l o ˥ t e ˧
bälung	b ə l ũ ˥
bälungbyngte	b ə l ũ ˩ b ɘ̃ ˥ t e ˧
bälungduite	b ə l ũ ˩ d u i̯ ˥ t e ˧
bälungkikaehüte	b ə l ũ ˩ k i ˥ k ɛ ˧ h ɨ ˥ t e ˧
bälunglaingte	b ə l ũ ˩ l ã ĩ̯ ˧ t e ˧
bälungsate	b ə l ũ ˩ sʰ a ˥ t e ˧
bälungsite	b ə l ũ ˩ sʰ i ˥ t e ˧
bälute	b ə l u ˧ t e ˧
bärawite	b ə r ɔ i̯ ˧ t e ˧
bärui	b ə r u i̯ ˩
bäruidaengngaeng	b ə r u i̯ ˩ d ɛ̃ ˥ ŋ ɛ̃ ˥
bäruikhawngte	b ə r u i̯ ˩ kʰ ɔ̃ ˩ t e ˧
bäruimädi	b ə r u i̯ ˩ m ə d i ˩
bäruitoka	b ə r u i̯ ˩ t o ˥ k a ˧
bärute	b ə r u ˧ t e ˧
bäsaete	b ə sʰ ɛ ˥ t e ˧
bäsawbähingte	b ə sʰ ɔ ˧ b ə h ĩ ˩ t e ˧
bö	b ɵ ˧
böthawngnae	b ɵ ˧ tʰ ɔ̃ ˩ n ɛ ˥
böthawngte	b ɵ ˧ tʰ ɔ̃ ˩ t e ˧
bötukädite	b ɵ ˧ t u ˥ k ə d i ˩ t e ˧
büte	b ɨ ˥ t e ˧
caerang	s ɛ ˥ r ã ˥
cate	s a ˥ t e ˧
caw	s ɔ ˩
cawfi	s ɔ ˩ f i ˩
cawpai	s ɔ ˩ p a i̯ ˩
co	s o ˥
cungphra	s ũ ˥ pʰ r a ˥
cäkae	s ə k ɛ ˥
cäkae	s ə k ɛ ˩
cäko	s ə k o ˧
cänai	s ə n a i̯ ˩
cäpaw	s ə p ɔ ˧
cäphö	s ə pʰ ɵ ˥
cüngrai	s ɨ̃ ˧ r a i̯ ˩
daikung	d a i̯ ˧ k ũ ˥
düte	d ɨ ˧ t e ˧
ekhu	ʔ e ˥ kʰ u ˧
ete	e ˧ t e ˧
haengte	h ɛ̃ ˩ t e ˧
hawte	h ɔ ˥ t e ˧
hite	h i ˧ t e ˧
huite	h u i̯ ˥ t e ˧
ing	ʔ ĩ ˥
ingpho	ʔ ĩ ˥ pʰ o ˧
ite	ʔ i ˥ t e ˧
jaengkui	j ɛ̃ ˧ k u i̯ ˥
jangdüng	j ã ˧ d ɨ̃ ˥
jawte	j ɔ ˧ t e ˧
jung	j ũ ˩
kaeba	k ɛ ˧ b a ˥
kai	k a i̯ ˥
kaice	k a i̯ ˥ s e ˩
kangby	k ã ˧ b ɘ ˩
kangmäre	k ã ˧ m ə r e ˧
kangpraw	k ã ˧ p r ɔ ˥
kawcaw	k ɔ ˧ s ɔ ˥
keite	k e i̯ ˥ t e ˧
khawi	kʰ ɔ i̯ ˩
khawraw	kʰ ɔ ˥ r ɔ ˥
khimi	kʰ i ˧ m i ˥
khämibui	kʰ ə m i ˧ b u i̯ ˧
khämimätawngky	kʰ ə m i ˥ m ə t ɔ̃ ˩ k ɘ ˧
khö	kʰ ɵ ˩
khü	kʰ ɨ ˥
kivae	k i ˥ v ɛ ˥
kungbäje	k ũ ˥ b ə j e ˩
käcawi	k ə s ɔ i̯ ˩
kädang	k ə d ã ˩
kädangbö	k ə d ã ˩ b ɵ ˧
kädapaete	k ə d a ˧ p ɛ ˧ t e ˧
kädete	k ə d e ˩ t e ˧
kädui	k ə d u i̯ ˩
kädüng	k ə d ɨ̃ ˥
kälai	k ə l a i̯ ˥
kälai	k ə l a i̯ ˩
kälu	k ə l u ˧
kälung	k ə l ũ ˥
käni	k ə n i ˩
käsaete	k ə sʰ ɛ ˩ t e ˧
käsai	k ə sʰ a i̯ ˩
käthing	k ə tʰ ĩ ˩
kätho	k ə tʰ o ˧
käving	k ə v ĩ ˩
labu	l a ˥ b u ˥
laifaw	l a i̯ ˥ f ɔ ˥
lakhae	l a ˥ kʰ ɛ ˥
langaw	l a ˥ ŋ ɔ ˩
law	l ɔ ˧
li	l i ˥
lolang	l o ˩ l ã ˥
löpaeng	l ɵ ˩ p ɛ̃ ˩
löqyng	l ɵ ˩ q ɘ̃ ˥
löxi	l ɵ ˩ qʰ i ˥
mai	m a i̯ ˥
maidüte	m a i̯ ˥ d ɨ ˧ t e ˧
maikangte	m a i̯ ˥ k ã ˧ t e ˧
maikhü	m a i̯ ˥ kʰ ɨ ˥
maimö	m a i̯ ˥ m ɵ ˥
maipa	m a i̯ ˥ p a ˧
maiphaw	m a i̯ ˥ pʰ ɔ ˥
maiphawkaete	m a i̯ ˧ pʰ ɔ ˧ k ɛ ˥ t e ˧
maite	m a i̯ ˧ t e ˧
maithawngte	m a i̯ ˥ tʰ ɔ̃ ˥ t e ˧
maitinae	m a i̯ ˥ t i ˧ n ɛ ˥
masingkung	m a ˧ sʰ ĩ ˥ k ũ ˥
mawng	m ɔ̃ ˥
mawpai	m ɔ ˧ p a i̯ ˥
metakäthothai	m e ˧ t a ˥ k ə tʰ o ˥ tʰ a i̯ ˧
metathai	m e ˩ t a ˥ tʰ a i̯ ˧
mibawi	m i ˥ b ɔ i̯ ˥
mipawicäpi	m i ˧ p ɔ i̯ ˥ s ə p i ˥
mityng	m i ˧ t ɘ̃ ˩
mityngqita	m i ˧ t ɘ̃ ˩ q i ˥ t a ˥
mocae	m o ˧ s ɛ ˥
muilaw	m u i̯ ˧ l ɔ ˥
mycy	m ɘ ˧ s ɘ ˧
mäce	m ə s e ˩
mädaengte	m ə d ɛ̃ ˩ t e ˧
mäkhawite	m ə m ɔ i̯ ˧ t e ˧
mälaw	m ə l ɔ ˥
mälawi	m ə l ɔ i̯ ˥
mälawng	m ə l ɔ̃ ˥
mänahu	m ə n a ˥ h u ˧
mänaithai	m ə n a i̯ ˥ tʰ a i̯ ˧
mänangte	m ə n ã ˧ t e ˧
mänuijite	m ə n u i̯ ˩ j i ˥ t e ˧
mänuite	m ə n u i̯ ˩ t e ˧
mänuiteh	m ə n u i̯ ˩ t e ʔ ˧
mänyte	m ə n ɘ ˧ t e ˧
märü	m ə r ɨ ˧
mätangte	m ə t ã ˥ t e ˧
mätawngky	m ə t ɔ̃ ˩ k ɘ ˧
mätawngkysate	m ə t ɔ̃ ˩ k ɘ ˧ sʰ a ˧ t e ˧
mätawngmätang	m ə t ɔ̃ ˩ m ə t ã ˩
mätawngte	m ə t ɔ̃ ˩ t e ˧
mätawte	m ə t ɔ ˧ t e ˧
mätengteh	m ə t ẽ ˩ t e ʔ ˧
mätha	m ə tʰ a ˧
mäthate	m ə tʰ a ˧ t e ˧
mäthi	m ə tʰ i ˧
mäthojate	m ə tʰ o ˧ j a ˧ t e ˧
mäthote	m ə tʰ o ˧ t e ˧
mäthuikhate	m ə tʰ u i̯ ˩ kʰ a ˥ t e ˧
mäthuite	m ə tʰ u i̯ ˧ t e ˧
mätute	m ə t u ˥ t e ˧
mätute	m ə t u ˧ t e ˧
möte	m ɵ ˥ t e ˧
müngte	m ɨ̃ ˩ t e ˧
nang	n ã ˥
nangce	n ã ˥ s e ˩
nawmädi	n ɔ ˧ m ə d i ˩
nawngmäsaw	n ɔ̃ ˧ m ə s ɔ ˧
nawryng	n ɔ ˧ r ɘ̃ ˩
ngaite	ŋ a i̯ ˧ t e ˧
nänaw	n ə n ɔ ˥
paesaeng	p ɛ ˥ sʰ ɛ̃ ˥
paesäkaethai	p ɛ ˧ sʰ ə k ɛ ˩ tʰ a i̯ ˧
paetae	p ɛ ˥ t ɛ ˥
paimäxei	p a i̯ ˥ m ə qʰ e i̯ ˩
pangkae	p ã ˥ k ɛ ˩
pangkae	p ã ˧ k ɛ ˩
pangle	p ã ˧ l e ˧
panglepyng	p ã ˧ l e ˧ p ɘ̃ ˥
pangletuilawngte	p ã ˧ l e ˧ t u i̯ ˩ l ɔ̃ ˥ t e ˧
pangrawi	p ã ˧ r ɔ i̯ ˥
pangtävahaitäkhute	p ã ˩ t ə v a ˩ h a i̯ ˧ t ə kʰ u ˧ t e ˧
pangtävang	p ã ˩ t ə v ã ˩
pawi	p ɔ i̯ ˥
pawnawngte	p ɔ ˩ n ɔ̃ ˧ t e ˧
pawpraete	p ɔ ˧ p r ɛ ˧ t e ˧
pawte	p ɔ ˥ t e ˧
pebyng	p e ˧ b ɘ̃ ˥
pedaing	p e ˧ d ã ĩ̯
pedangsärae	p e ˧ d ã ˥ sʰ ə r ɛ ˥
petawng	p e ˥ t ɔ̃ ˥
pething	p e ˧ tʰ ĩ ˥
phangpha	pʰ ã ˥ pʰ a ˧
phawisae	pʰ ɔ i̯ ˥ sʰ ɛ ˩
phawisaemäkaite	pʰ ɔ i̯ ˥ sʰ ɛ ˧ m ə k a i̯ ˧ t e ˧
phawte	pʰ ɔ ˩ t e ˧
phejawngdai	pʰ e ˧ j ɔ̃ ˥ d a i̯ ˩
pheledaengdai	pʰ e ˧ l e ˧ d ɛ̃ ˥ d a i̯ ˩
phuite	pʰ u i̯ ˥ t e ˧
phungphi	pʰ ũ ˩ pʰ i ˩
phüsävü	pʰ ɨ ˥ sʰ ə v ɨ ˩
phüta	pʰ ɨ ˥ t a ˥
pila	p i ˧ l a ˥
prangjate	p r ã ˩ j a ˧ t e ˧
pybü	p ɘ ˧ b ɨ ˧
pyngte	p ɘ̃ ˥ t e ˧
pyte	p ɘ ˥ t e ˧
qaengta	q ɛ̃ ˧ t a ˥
rawijae	r ɔ i̯ ˧ j ɛ ˥
rawte	r ɔ ˥ t e ˧
sangphraeng	sʰ ã ˧ pʰ r ɛ̃ ˩
sate	sʰ a ˥ t e ˧
sate	sʰ a ˧ t e ˧
sawhangte	sʰ ɔ ˩ h ã ˩ t e ˧
seisi	sʰ e i̯ ˧ sʰ i ˩
si	sʰ i ˩
site	sʰ i ˥ t e ˧
sobähi	sʰ o ˥ b ə h i ˥
sui	sʰ u i̯ ˩
sungja	sʰ ũ ˧ j a ˥
sädangtui	s ə d ã ˧ t u i̯ ˥
säni	sʰ ə n i ˩
säphrüng	sʰ ə pʰ r ɨ̃ ˩
sätang	sʰ ə t ã ˧
säthaw	sʰ ə tʰ ɔ ˩
süng	sʰ ɨ̃ ˥
taengpaw	t ɛ̃ ˧ p ɔ ˥
taite	t a i̯ ˩ t e ˧
tangbaeng	t ã ˧ b ɛ̃ ˩
tawngri	t ɔ̃ ˧ r i ˥
tawthete	t ɔ ˧ tʰ e ˧ t e ˧
thawprate	tʰ ɔ ˧ p r a ˥ t e ˧
thikawng	tʰ i ˧ k ɔ̃ ˥
thing	tʰ ĩ ˥
thung	tʰ ũ ˧
tu	t u ˩
tui	t u i̯ ˥
tyngte	t ɘ̃ ˩ t e ˧
täbawng	t ə b ɔ̃ ˧
täbö	t ə b ɵ ˧
täkai	t ə k a i̯ ˩
täkingte	t ə k ĩ ˩ t e ˧
täkui	t ə k u i̯ ˩
täli	t ə l i ˧
tämae	t ə m ɛ ˧
tämai	t ə m a i̯ ˧
tämangte	t ə m ã ˧ t e ˧
tämaw	t ə m ɔ ˩
tängaite	t ə ŋ a i̯ ˩ t e ˧
täpawpa	t ə p ɔ ˧ p a ˧
täphrate	t ə pʰ r a ˧ t e ˧
täprung	t ə p r ũ ˥
täre	t ə r e ˩
täri	t ə r i ˥
täri	t ə r i ˩
täryngte	t ə r ɘ̃ ˧ t e ˧
tärüte	t ə r ɨ ˧ t e ˧
tävaw	t ə v ɔ ˥
tävaw	t ə v ɔ ˧
tävaw	t ə v ɔ ˩
tävawng	t ə v ɔ̃ ˩
udawng	ʔ u ˥ d ɔ̃ ˥
ui	ʔ u i̯ ˥
ungsingkung	ʔ ũ ˧ sʰ ĩ ˧ k ũ ˥
vaihi	v a i̯ ˩ h i ˩
vang	v ã ˧
vawcawng	v ɔ ˩ s ɔ̃ ˥
y	ʔ ɘ ˥
äblung	ə b l ũ ˥
äbung	ʔ ə b ũ ˥
äfaw	ʔ ə f ɔ ˩
ähi	ʔ ə h i ˩
ähu	ʔ ə h u ˧
äjo	ʔ ə j o ˧
älö	ʔ ə l ɵ ˩
ämi	ʔ ə m i ˧
ämih	ʔ ə m i ʔ ˧
ämäkei	ʔ ə m ə k e i̯ ˥
ängang	ʔ ə ŋ ã ˥
ängaphöpete	ʔ ə ŋ a ˥ pʰ ɵ ˥ p e ˥ t e ˧
äni	ʔ ə n i ˩
änice	ʔ ə n i ˧ s e ˩
äpa	ʔ ə p a ˧
äphai	ʔ ə pʰ a i̯ ˩
äqawng	ʔ ə q ɔ̃ ˩
äse	ʔ ə s e ˧
ätabung	ʔ ə t a ˧ b ũ ˥
ätha	ʔ ə tʰ a ˧
äthai	ʔ ə tʰ a i̯ ˧
ätüng	ʔ ə t ɨ̃ ˩
ävang	ʔ ə v ã ˩
öte	ʔ ɵ ˧ t e ˧
üng	ʔ ɨ̃ ˥
