aba	a b a
abbachjà	a bː a t j a
abbaghià	a bː a ɡ j a
abbaghjà	a bː a d j a
accumpagnà	a kː ũ p a ɲ ɲ a
aceddu	a t ʃ ɛ ɖ ɖ u
aceddu	a t͡ʃ e ɖː u
acellu	a t͡ʃ e lː u
acqua	a kːʷ a
acque	a kːʷ e
acula	a k u l a
acule	a k u l e
africa	a f r i k a
aghju	a d j u
aghjutà	a d j u t a
agnulu	a ɲ u l u
agostu	a ɡ o s t u
ai	a j
aiacciu	a j a t t ʃ u
aiutà	a j u t a
albu	a l b u
alzà	a l t͡s a
amacu	a m a k u
ambacu	a m b a k u
amicu	a m i k u
amà	a m a
anatomia	a n a t o m i a
anatumia	a n a t u m i a
anca	ã k a
anche	ã k ɛ
andà	a n d a
anfibi	ã f i b i
anfibiu	ã f i b i u
anghjulu	a n d j u l u
animale	a n i m a l e
annu	ã nː u
anticu	ã n t i k u
aostu	a o s t u
apa	a p a
approntà	a pː r õ n t a
appruntà	a pː r ũ n t a
aprile	a p ɾ i l e
aprili	a p r i l i
arabia	a r a b i a
arabu	a r a b u
arba	a r b a
argentinu	a r d͡ʒ e n t i n u
argentu	a r d͡ʒ e n t u
arghientu	a r ɡ i e n t u
arghjentu	a r d j e n t u
aria	a r i a
arigentu	a r i d͡ʒ e n t u
ariu	a r i u
articulu	a r t i k u l u
artropodu	a r t r o p o d u
asia	a z j a
asinu	a s i n u
assai	a s s a ɪ̯
atmosfera	a t m o s f e r a
atmusfera	a t m u s f e r a
attivu	a t t i v u
auropeanu	a u̯ r ɔ p e a n u
avvedaci	a b ɛ d a t͡ʃ i
avvedeci	a b ɛ d e t͡ʃ i
avvideci	a b i d e t͡ʃ i
avè	a v e
azotu	a z o t u
azuru	a d͡z u r u
banca	b a n k a
banchieru	b a n k i e r u
bavosu	b a v o s u
beccazza	b e k k a t͡sː a
beddu	b ɛ dː u
beddula	b ɛ dː u l a
beiera	b e ɪ̯ e r a
belgica	b e l d͡ʒ i k a
bellu	b ɛ l l u
bellula	b ɛ lː u l a
bellule	b ɛ lː u l e
ben	b ɛ n
bene	b ɛ n e
biancu	b j ã n k u
bicazza	b i k a t͡sː a
bicazzu	b i k a t͡sː u
biccazza	b i k k a t͡sː a
biccazzu	b i k k a t͡sː u
bicchieru	b i kː i e r u
bichjere	b i t j e r e
bichjeri	b i t j e r i
bichjeru	b i t j e r u
biera	b i e r a
biochimica	b i ɔ k i m i k a
biuchimica	b i u k i m i k a
bonghjornu	b ɔ̃ n d j ɔ r n u
bongiornu	b ɔ̃ n d͡ʒ ɔ r n u
bonu	b ɔ n u
boscu	b ɔ s k u
bracciu	b r a t͡ʃː u
brocciu	b r o t t ʃ u
bruna	b r u n a
brune	b r u n e
bruni	b r u n i
brunu	b r u n u
butirru	b u t i rː u
butiru	b u t i r u
buttiglia	b u t t i l j a
bè	b ɛ
caghia	k a ɡ i a
caghiarella	k a ɡ i a r e lː a
caghiu	k a ɡ i u
caghja	k a d j a
caghjarella	k a d j a r e lː a
caghjarellu	k a d j a r e lː u
caghju	k a d j u
cameddu	k a m e dː u
camella	k a m e lː a
camellu	k a m e lː u
camelu	k a m e l u
caminu	k a m i n u
camminu	k a m m i n u
campà	k ã m p a
cane	k a n ɛ
canguru	k ã n ɡ u r u
cantu	k ã t u
cantà	k ã t a
canzona	k ã t͡s ɔ n a
capu	k a b u
capu	k a p u
carminu	k a r m i n u
carnivuru	k a r n i v u r u
carta	k a r t a
casa	k a z a
castoru	k a s t ɔ r u
cavallu	k a v a lː u
celeste	t͡ʃ e l e s t e
celestu	t͡ʃ e l e s t u
chj	c
chjamà	t j a m a
chjichja	t j i t j a
chjì	c i
chì	k i
ciaddu	t͡ʃ a dː u
cilestu	t͡ʃ i l e s t u
cina	t͡ʃ i n a
cinque	t͡ʃ ĩ n k w e
cinqui	t͡ʃ ĩ n k w i
citai	t͡ʃ i t a i̯
cità	t͡ʃ i t a
codilonga	k ɔ d i l ɔ n ɡ a
codipinnacciuta	k o d i p i nː a t͡ʃː u t a
consonante	k o n s o n a n t e
corsica	k o r s i ɡ a
corsica	k ɔ r s i k a
corsica	k ɔ r s i ɡ a
corsu	k o r s u
corsu	k ɔ r s u
coscia	k o ʃ ʃ a
cricetu	k r i t͡ʃ e t u
cumpagnu	k u m p a ɲ u
cumprà	k u m p r a
cunigliu	k u n i l j u
cunigliulu	k u n i l j u l u
cunsunante	k u n s u n a n t e
cunsunanti	k u n s u n a n t i
cunsunente	k u n s u n e n t e
dece	d e d͡ʒ ɛ
deci	d e t͡ʃ i
dicennove	d i d͡ʒ ɛ n n o w ɛ
dicennove	d i t͡ʃ ɛ n n o w ɛ
dicessette	d i d͡ʒ ɛ s s e t t ɛ
dicessette	d i t͡ʃ ɛ s s e t t ɛ
dicessetti	d i t͡ʃ e s s e tː i
diciassetti	d i t͡ʃ a s s e tː i
dicinnove	d i t͡ʃ i n n ɔ v e
diciottu	d i d͡ʒ o t t u
diciottu	d i t͡ʃ o t t u
dinochju	d i n ɔ t j u
dodeci	d ɔ d ɛ d͡ʒ i
dodeci	d ɔ d ɛ t͡ʃ i
dodici	d ɔ d i t͡ʃ i
dui	d u i
duie	d u j e
e	ɛ
ecologia	e k ɔ l ɔ d͡ʒ i a
ecolugia	e k ɔ l u d͡ʒ i a
eculugia	e k u l u d͡ʒ i a
eiu	e j u
elefante	e l e f ã n t e
eliu	e l i u
ella	ɛ lː a
elle	ɛ lː e
ellu	ɛ lː u
embriologia	ɛ m b r i ɔ l ɔ d͡ʒ i a
embriolugia	ɛ m b r i ɔ l u d͡ʒ i a
embriulugia	ɛ m b r i u l u d͡ʒ i a
erba	ɛ r b a
ermellinu	ɛ r m e l l i n u
essa	e s s a
esse	e s s ɛ
est	ɛ s t
este	ɛ s t e
europeanu	e u̯ r ɔ p e a n u
europeu	e u̯ r ɔ p e u
eurupeu	e u̯ r u p e u
farina	f a r i n a
faroese	f a r ɔ ɛ z ɛ
fica	f i k a
fiorale	f j o r a l e
fisiologia	f i s i ɔ l ɔ d͡ʒ i a
fisiolugia	f i s i ɔ l u d͡ʒ i a
fisiulugia	f i s i u l u d͡ʒ i a
focu	f ɔ k u
foculu	f ɔ k u l u
forse	f ɔ r s ɛ
francia	f r ã t͡ʃ a
fruntiera	f r ũ t i e r a
furmiculaiu	f u r m i k u l a j u
gallu	ɡ a lː u
gattu	ɡ a tː u
ghiacaru	ɡ i a k a r u
ghiattu	ɡ j a tː u
ghj	ɟ
ghjacaru	ɟ a k a r u
ghjacaru	ɟ a ɡ a r u
ghjaddu	d j a dː u
ghjallu	d j a lː u
ghjattu	d j a tː u
ghjinochju	d j i n ɔ t j u
ghjornu	ɡʲ o r n u
ghjè	ɟ ɛ
giallu	d͡ʒ a lː u
giappone	d͡ʒ a p p ɔ n ɛ
glucosiu	ɡ l u k ɔ s i u
glutinu	ɡ l u d i n u
glutinu	ɡ l u t i n u
granu	ɡ r a n u
grecu	ɡ r ɛ k u
grecu	ɡ r ɛ ɡ u
grisgiu	ɡ r i ʒ u
hà	a
hè	ɛ
idrogenu	i d r ɔ d͡ʒ e n u
idrugenu	i d r u d͡ʒ e n u
ignè	i ɲ e
infettatu	ĩ n f e t t a t u
infettà	ĩ n f ɛ t t a
inglese	i n ɡ l ɛ z ɛ
intinghje	i n t i n d j ɛ
irlanda	i r l ã n d a
isiè	i s i e
iè	i e
jacaru	j a k a r u
kazakistan	k a d͡z a k i s t ã n
la	l a
lama	l a m a
lamantinu	l a m ã n t ĩ n u
lattosiu	l a t t o s i u
lefra	l e f r a
leida	l ɛ j d a
lepra	l e p r a
lettu	l e tː u
leura	l e w r a
levra	l e v r a
levre	l e v r e
levru	l e v r u
levura	l e v u r a
lontra	l õ n t r a
luni	l u n i
luntanu	l ũ n t a n u
lupu	l u p u
là	l a
magia	m a d͡ʒ i a
magnà	m a ɲ ɲ a
magu	m a ɡ u
mammacara	m a mː a k a r a
mancese	m ã t ʃ ɛ z ɛ
manghià	m ã ɡ j a
manghjà	m ã d j a
marsupiale	m a r s u p i a l e
martelli	m a r t e lː i
martellu	m a r t e lː u
marti	m a ɾ t i
marti	m æ ɾ t i
medicina	m e d i t͡ʃ i n a
mercuri	m ɛ ɾ k u ɾ i
micciu	m i t͡ʃː u
midicina	m i d i t͡ʃ i n a
migliu	m i l j u
mula	m u l a
mulu	m u l u
musicante	m u z i k ã n t e
musicante	m u z i ɡ ã n t e
negligenza	n e ɡ l i d͡ʒ ɛ̃ n t͡s a
negru	n ɛ ɡ r u
neru	n ɛ r u
nigligenza	n i ɡ l i d͡ʒ ɛ̃ n t͡s a
noi	n ɔ j
nord	n ɔ r d
nordu	n ɔ r d u
nove	n ɔ w ɛ
novi	n ɔ v i
nucleare	n u k l e a r e
ocellu	o t͡ʃ e lː u
oncolugia	o n k o l u d͡ʒ i a
onculugia	o n k u l u d͡ʒ i a
ondeci	ɔ̃ n d ɛ d͡ʒ i
ondeci	ɔ̃ n d ɛ t͡ʃ i
ondici	õ n d i t͡ʃ i
opossum	o p o sː u m
ornitorincu	o r n i t o r i n k u
orsi	ɔ r s i
orsu	ɔ r s u
ottene	o tː ɛ n e
ottenutu	o tː ɛ n u t u
ottu	o t t u
oviparu	o v i p a r u
parighji	p a r i d j i
parlà	p a ɾ l a
piaghja	p j a d j a
porcu	p ɔ r k u
prontu	p r o n t u
quattordeci	k w a t t ɔ ɾ d ɛ d͡ʒ i
quattordici	k w a t t o r d i t͡ʃ i
quattru	k w a t t ɾ u
quindeci	k w ĩ n d ɛ d͡ʒ i
quindici	k w i n d i t͡ʃ i
radioattivu	r a d i o a t t i v u
radiuattivu	r a d i u a t t i v u
reghjone	r e d j o n e
regione	r e d͡ʒ o n e
renna	r ɛ nː a
risa	r i s a
rossu	r o sː u
rubbriu	r u bː r i u
rubriu	r u b r i u
rubru	r u b r u
ruditore	r u d i t ɔ r e
samere	s a m e r e
sameru	s a m e r u
sapè	s a b ɛ
sapè	s a p ɛ
sardegna	s a r d ɛ ɲ ɲ a
sarra	s a rː a
sarrale	s a r r a l e
sciaccallu	ʃ a k k a lː u
scientificu	ʃ ẽ n t i f i k u
scintificu	ʃ ĩ n t i f i k u
seca	s ɛ k a
sedeci	s ɛ d ɛ d͡ʒ i
sedeci	s ɛ d ɛ t͡ʃ i
sedici	s ɛ d i t͡ʃ i
sega	s ɛ ɡ a
sei	s e j
serra	s ɛ rː a
serrale	s ɛ r r a l e
sette	s e t t ɛ
setti	s e tː i
so	s o
staghjone	s t a ɟ ɔ n e
statu	s t a t u
stella	s t e lː a
studiu	s t u d i u
studiu	s t u d j u
succhiasangue	s u ɡ ɡ j a s a n ɡ w e
suchjasangue	s u c a s a n ɡ w e
sud	s u d
sudeste	s u d e s t e
sudu	s u d u
sumere	s u m e r e
sumeru	s u m e r u
sì	s i
sò	s ɔ
tarra	t a rː a
tassu	t a sː u
tedescu	t ɛ d ɛ s k u
terra	t ɛ rː a
terranu	t e r r a n u
terrenu	t e r r ɛ n u
teste	t ɛ s t e
tichju	t i t j u
topu	t ɔ p u
topufuragnu	t ɔ p u f u r ã ɲ u
tradottu	t r a d ɔ tː u
traduce	t r a d u t͡ʃ e
traducia	t r a d u t͡ʃ a
traduttu	t r a d u tː u
tredeci	t r ɛ d ɛ d͡ʒ i
tredici	t r ɛ d i t͡ʃ i
trè	t ɾ ɛ
turchinu	t u r k i n u
tuttu	t u tː u
tè	t ɛ
tù	t u
ucellu	u t͡ʃ e lː u
una	u n a
unculugia	u n k u l u d͡ʒ i a
università	u n i v ɛ r s i t a
unu	u n u
uttena	u tː ɛ n a
uttene	u tː ɛ n e
vacca	v a kː a
vendetta	v ẽ n d ɛ t t a
venti	v ɛ̃ n t i
verde	b ɛ r d ɛ
verde	v ɛ r d ɛ
vermont	v ɛ r m ɔ̃ t
vicinu	v i t͡ʃ i n u
vindetta	v ĩ n d ɛ t t a
vindette	v ĩ n d ɛ t t e
vinochju	v i n ɔ t j u
vinti	b ĩ n t i
vinti	v ĩ n t i
visone	v i s ɔ n e
visoni	v i s ɔ n i
voi	v ɔ j
volpe	v o l p e
volpi	v o l p i
vorpe	v o r p e
vucale	v u k a l e
vulpi	v u l p i
zancaru	t s ã k a r u
zebaru	z ɛ b a r u
zebra	z ɛ b r a
zebru	z ɛ b r u
zoologia	z o o l ɔ d͡ʒ i a
zoolugia	z o o l u d͡ʒ i a
zuulugia	z u u l u d͡ʒ i a
è	ɛ
