bbr	b ɛ b ɛ r
bbt	b ɛ b ɛ t
bbwt	b ɛ b uː t
bdt	b ɛ d ɛ t
bdš	b ɛ d ɛ ʃ
bgs	b ɛ ɡ ɛ s
bhꜣw	b ɛ h ɑ uː
bjf	b i f
bjk	b i k
bjn	b aː j i n
bjn	b aː ʔ ə n
bjn	b i n
bjn	β oː ʔ ə n
bjnt	b a j n V t
bjnt	b a j n V ʔ
bjnt	b i n ɛ t
bjnt	β a j n ə
bjrwnygꜣt	b i r uː n iː ɡ ɑ t
bjrwnygꜣt	β ə ɾ ə n iː k ə
bjt	b i j a t
bjt	b i j a ʔ
bjt	b i t
bjt	β ə j a ʔ
bjtj	b i j a t V j
bjtj	b i t i
bjtj	β ə j a t ə
bjꜣ	b i ɑ
bjꜣt	b i ɑ t
bjꜣyt	b i ɑ iː t
bkꜣ	b ɛ k ɑ
bn	b ɛ n
bnbnt	b ɛ n b ɛ n ɛ t
bnr	b i n i j
bnr	b i n i ɾ
bnr	b ɛ n ɛ r
bnr	β ə n e ʔ
bns	b ɛ n ɛ s
bntj	b ɛ n t i
bntwt	b ɛ n t uː t
bnw	b ɛ n uː
bnš	b ɛ n ɛ ʃ
bs	b ɛ s
btj	b ɛ t i
btꜣ	b ɛ t ɑ
bw	b uː
bwt	b uː t
bwtj	b uː t i
bzj	b ɛ z i
bšj	b ɛ ʃ i
bšṯ	b ɛ ʃ ɛ t͡ʃ
bḥdt	b ɛ ħ d ɛ t
bḥn	b ɛ ħ ɛ n
bḥs	b ɛ ħ ɛ s
bḥz	b ɛ ħ ɛ z
bḫnt	b ɛ x n ɛ t
bṯ	b ɛ t͡ʃ
bẖbẖ	b ɛ ç b ɛ ç
bꜣ	b i ʀ
bꜣ	b ɑ
bꜣ	β e j
bꜣbꜣrw	b ɑ b ɑ r uː
bꜣgj	b i ʀ kʼ i t
bꜣgj	b i ʀ kʼ i ʔ
bꜣgj	b iː kʼ a ʔ
bꜣgj	b ɑ ɡ i
bꜣgj	β iː kʼ ə
bꜣgsw	b ɑ ɡ s uː
bꜣj	b ɑ i
bꜣjr	b ɑ i r
bꜣjr	β ø ʔ ɾ ə
bꜣk	b aː ʀ a k
bꜣk	b aː ʔ ə k
bꜣk	b ɑ k
bꜣk	β oː ʔ ə k
bꜣkt	b a ʀ k a t
bꜣkt	b a ʀ k a ʔ
bꜣkt	b aː k a ʔ
bꜣkt	b ɑ k ɛ t
bꜣkt	β oː k ə
bꜣkw	b a ʀ k a w
bꜣkw	b aː k ə ʔ
bꜣkw	b ɑ k uː
bꜣkw	β oː k
bꜣkꜣ	b ɑ k ɑ
bꜣs	b ɑ s
bꜣst	b ɑ s ɛ t
bꜣstt	b u ʀ i s t i t
bꜣstt	b u ʀ i s t i ʔ
bꜣstt	b ɑ s t ɛ t
bꜣstt	ʔ u β e s t ə
bꜣt	b aː ʀ a t
bꜣt	b aː ʀ a ʔ
bꜣt	b ɑ t
bꜣt	β oː ʔ ə
bꜣw	b a ʀ uː w a w
bꜣw	b ɑ uː
bꜣw	b ə ʔ uː w ə ʔ
bꜣw	β eː w
bꜣyt	b ɑ iː t
bꜣḥ	b ɑ ħ
bꜣẖ	b ɑ ç
bꜣẖw	b a ʀ ç a w
bꜣẖw	b aː ç ə ʔ
bꜣẖw	b ɑ ç uː
bꜣẖw	β oː ç
bꜥr	b ɑː r
bꜥḥ	b ɑː ħ
bꜥḥj	b i ʕ ħ i t
bꜥḥj	b i ʕ ħ i ʔ
bꜥḥj	b ɑː ħ i
bꜥḥj	β e ʕ ħ ə
bꜥḥw	b ɑː ħ uː
db	d ɛ b
db	tʼ e p
db	tʼ i b
dbn	d ɛ b ɛ n
dbn	tʼ iː b a n
dbn	tʼ iː β ə n
dbnt	d ɛ b n ɛ t
dbḥ	d ɛ b ɛ ħ
dbḥ	tʼ aː b a ħ
dbḥ	tʼ oː β ə ħ
dbꜣ	d ɛ b ɑ
ddw	d ɛ d uː
dgj	d ɛ ɡ i
dgm	d ɛ ɡ ɛ m
dgm	tʼ eː kʼ ə m
dgm	tʼ uː kʼ V m
dgꜣj	d ɛ ɡ ɑ i
dhnt	d ɛ h n ɛ t
dj	d i
djnw	d i n uː
djw	d i uː
djw	tʼ iː j a w
djw	tʼ iː w
djw	tʼ iː w ə ʔ
dm	d ɛ m
dmj	d ɛ m i
dmj	tʼ iː m i j
dmj	tʼ iː m i ʔ
dmj	tʼ iː m ə
dmḏ	d ɛ m ɛ d͡ʒ
dmḏj	d ɛ m ɛ d͡ʒ i
dmḏj	tʼ aː m a cʼ
dmḏj	tʼ aː m a tʼ
dmḏj	tʼ e m tʼ ə
dmḏj	tʼ i m cʼ i t
dmḏj	tʼ i m tʼ i ʔ
dmḏj	tʼ oː m ə tʼ
dmꜣt	d ɛ m ɑ t
dn	d ɛ n
dnd	d ɛ n ɛ d
dng	d ɛ n ɛ ɡ
dnjt	d ɛ n i t
dnjt	tʼ a n j u t
dnjt	tʼ a n j u ʔ
dnjt	tʼ a n ʔ ə
dns	d ɛ n ɛ s
dp	d ɛ p
dpt	d ɛ p ɛ t
dpt	tʼ Vː p u t
dpt	tʼ Vː p u ʔ
dpt	tʼ Vː p ə
dpt	tʼ iː p V t
dpt	tʼ iː p V ʔ
dpt	tʼ iː p ə
dpy	d ɛ p iː
dqr	d ɛ k ɛ r
dr	d ɛ r
drp	d ɛ r ɛ p
ds	d ɛ s
dsj	d ɛ s i
dwn	d uː n
dwn	tʼ aː w a n
dwn	tʼ oː w ə n
dwꜣ	d uː ɑ
dwꜣt	d uː ɑ t
dwꜣt	tʼ eː ʔ
dwꜣt	tʼ u w ʀ a t
dwꜣt	tʼ u w ʀ a ʔ
dwꜣt	tʼ uː ʔ ə ʔ
dwꜣtj	d uː ɑ t i
dwꜣw	d uː ɑ uː
dyw	d iː uː
dyw	tʼ i j j a w
dšr	d ɛ ʃ ɛ r
dšr	tʼ a ɾ a ʃ
dšr	tʼ a ʃ a ɾ
dšr	tʼ aː ɾ i ʃ
dšr	tʼ aː ʃ i ɾ
dšr	tʼ eː ʃ ə
dšr	tʼ oː ɾ ə ʃ
dšr	tʼ uː ʃ V ɾ
dšr	tʼ uː ʃ V ʔ
dšr	tʼ ə ɾ a ʃ
dšrt	d ɛ ʃ r ɛ t
dšrt	tʼ a ʃ ɾ a t
dšrt	tʼ a ʃ ɾ a ʔ
dšrt	tʼ a ʃ ɾ ə
dḥr	d ɛ ħ ɛ r
dꜣ	d ɑ
dꜣb	d ɑ b
dꜣdꜣ	d ɑ d ɑ
dꜣjr	d ɑ i r
dꜣr	d ɑ r
dꜣt	d ɑ t
fdq	f ɛ d ɛ k
fgn	f ɛ ɡ ɛ n
fk	f ɛ k
fn	f ɛ n
fnḏ	f ɛ n ɛ d͡ʒ
fnḫw	f ɛ n ɛ x uː
fnṯ	f e n t
fnṯ	f i n c u w
fnṯ	f i n t a ʔ
fnṯ	f i n t u w
fnṯ	f ɛ n ɛ t͡ʃ
ftft	f ɛ t f ɛ t
fḫ	f ɛ x
fḫt	f ɛ x ɛ t
fꜣj	f iː ʀ i t
fꜣj	f iː ʀ i ʔ
fꜣj	f iː ʔ ə
fꜣj	f ɑ i
fꜣt	f ɑ t
gbb	kʼ eː β
gbb	kʼ uː b a b
gbb	ɡ ɛ b ɛ b
gbtjw	ɡ ɛ b t i uː
gbꜣ	ɡ ɛ b ɑ
gm	ɡ ɛ m
gmgm	kʼ a m kʼ a m
gmgm	kʼ a m kʼ ə m
gmgm	ɡ ɛ m ɡ ɛ m
gmj	kʼ iː m i t
gmj	kʼ iː m i ʔ
gmj	kʼ iː m ə
gmj	ɡ ɛ m i
gmt	ɡ ɛ m ɛ t
gmḥ	ɡ ɛ m ɛ ħ
gmḥt	ɡ ɛ m ħ ɛ t
gnn	kʼ a n a n
gnn	kʼ ə n a n
gnn	ɡ ɛ n ɛ n
gnẖ	ɡ ɛ n ɛ ç
gp	kʼ aː p
gp	kʼ eː p
gp	kʼ oː p
gp	kʼ uː p a w
gp	ɡ ɛ p
gr	kʼ aː ɾ
gr	kʼ aː ʔ
gr	kʼ oː ʔ
gr	ɡ ɛ r
grg	kʼ a l kʼ
grg	kʼ a l kʼ u w
grg	kʼ a l kʼ ə ʔ
grg	ɡ ɛ r ɛ ɡ
grgt	kʼ a ɾ uː kʼ V t
grgt	kʼ a ɾ uː kʼ V ʔ
grgt	kʼ ə ɾ eː kʼ ə
grgt	kʼ ə ɾ uː kʼ a ʔ
grgt	ɡ ɛ r ɡ ɛ t
grt	ɡ ɛ r ɛ t
grw	ɡ ɛ r uː
grḥ	kʼ aː ɾ a ħ
grḥ	kʼ oː ɾ ə ħ
grḥ	ɡ ɛ r ɛ ħ
gs	kʼ a s
gs	ɡ ɛ s
gstj	kʼ a s t
gstj	kʼ a s t V j
gstj	ɡ ɛ s t i
gsꜣ	ɡ ɛ s ɑ
gwš	ɡ uː ʃ
gwꜣwꜣ	ɡ uː ɑ uː ɑ
gḥs	kʼ a ħ a s
gḥs	kʼ ə ħ a s
gḥs	ɡ ɛ ħ ɛ s
gꜣbt	kʼ a ʀ b a t
gꜣbt	kʼ a ʀ b a ʔ
gꜣbt	kʼ oː β ə
gꜣbt	ɡ ɑ b ɛ t
gꜣw	ɡ ɑ uː
gꜣš	kʼ e ʃ
gꜣš	ɡ ɑ ʃ
h	h ɛ
hb	h ɛ b
hbhb	h ɛ b h ɛ b
hbj	h i b j a w
hbj	h i j b a w
hbj	h iː b ə ʔ
hbj	h iː p
hbj	h ɛ b i
hbnj	h ɛ b n i
hd	h ɛ d
hh	h ɛ h
hj	h e j
hj	h i
hj	h i j
hkr	h ɛ k ɛ r
hmhmt	h ɛ m h ɛ m ɛ t
hmy	h ɛ m iː
hn	h ɛ n
hndwꜣy	h ɛ n d uː ɑ iː
hnn	h ɛ n ɛ n
hnw	h iː n
hnw	h iː n a w
hnw	h iː n ə ʔ
hnw	h ɛ n uː
hp	h ɛ p
hp	ħ e p
hp	ħ i p
hr	h aː ɾ
hr	h oː ɾ
hr	h ɛ r
hrm	h ɛ r ɛ m
hrw	h a ɾ u w w a w
hrw	h a ɾ w u w
hrw	h a ʔ w
hrw	h a ʔ w u w
hrw	h a ʔ w ə ʔ
hrw	h ə ɾ u w w ə ʔ
hrw	h ə ɾ ø w w
hrw	h ɛ r uː
hwhw	h uː h uː
hy	h iː
hꜣ	h ɑ
hꜣb	h aː ʀ a b
hꜣb	h oː ʔ ə β
hꜣb	h ɑ b
hꜣj	h e ʔ j a ʔ
hꜣj	h e ʔ j ə
hꜣj	h i ʀ j i t
hꜣj	h i ʀ j i ʔ
hꜣj	h ɑ i
hꜣkr	h ɑ k ɛ r
hꜣw	h ɑ uː
j	i
jb	i b
jb	j i b
jb	ʔ e p
jbhyt	i b h iː t
jbj	i b i
jbj	j iː b i t
jbj	j iː b i ʔ
jbj	ʔ iː β ə
jbn	i b ɛ n
jbr	i b ɛ r
jbt	i b ɛ t
jbt	j iː b a t
jbt	j iː b a ʔ
jbt	ʔ iː β ə
jbḥ	i b ɛ ħ
jbṯt	i b t͡ʃ ɛ t
jbꜣ	i b ɑ
jd	i d
jdb	i d ɛ b
jdbwj	i d ɛ b uː i
jdj	i d i
jdmj	i d m i
jdmj	j V tʼ uː m V j
jdmj	ʔ ə tʼ eː m
jdr	i d ɛ r
jdt	i d ɛ t
jdt	ʔ a ʔ tʼ ə
jdw	i d uː
jdwmꜥ	i d uː m ɑː
jdyt	i d iː t
jdḥw	i d ħ uː
jf	i f
jfd	i f ɛ d
jfd	j aː f a tʼ
jfd	ʔ oː f ə tʼ
jfdnw	i f ɛ d n uː
jfdw	i f ɛ d uː
jfdw	j a f tʼ a w
jfdw	ʔ ə f tʼ a w
jft	i f ɛ t
jgrt	i ɡ r ɛ t
jhm	i h ɛ m
jj	i ʔ i
jj	j iː j i t
jj	j iː j i ʔ
jj	ʔ iː ʔ
jj	ʔ iː ʔ ə ʔ
jjwj	i ʔ i uː i
jkm	i k ɛ m
jkn	i k ɛ n
jky	i k iː
jm	i m
jmj	i m i
jmj	j a m i j
jmj	j iː m i t
jmj	j iː m i ʔ
jmj	ʔ iː m a ʔ
jmj	ʔ iː m ə
jmj	ʔ ə m e ʔ
jmjtw	i m i t uː
jmn	i m ɛ n
jmn	j a m aː n u w
jmn	j a m iː n i j
jmn	ʔ a m aː n ə ʔ
jmn	ʔ a m iː n
jmn	ʔ a m oː n
jmnt	i m ɛ n ɛ t
jmnt	j a m aː n u t
jmnt	j a m n a t
jmnt	j a m n a ʔ
jmnt	j a m n ə
jmntj	i m ɛ n t i
jmntj	j a m i n t i j
jmntj	ʔ ə m e n t
jmntt	i m ɛ n ɛ t ɛ t
jmntt	j a m i n t i t
jmntt	j a m i n t i ʔ
jmntt	ʔ a m e n t ə
jmnḥ	i m n ɛ ħ
jmr	i m ɛ r
jmst	i m s ɛ t
jmstj	i m s ɛ t i
jmw	i m uː
jmwr	i m uː r
jmy	i m iː
jmḏr	i m d͡ʒ ɛ r
jmḥ	i m ɛ ħ
jmḥt	i m ħ ɛ t
jmꜣ	i m ɑ
jmꜣt	i m ɑ t
jmꜣḫ	i m ɑ x
jmꜣḫw	i m ɑ x uː
jn	i n
jnb	i n ɛ b
jnbt	i n b ɛ t
jnd	i n ɛ d
jnj	i n i
jnj	j iː n i t
jnj	j iː n i ʔ
jnj	ʔ iː n ə
jnjwbꜣ	i n i uː b ɑ
jnk	i n ɛ k
jnk	j a n a k
jnk	ʔ a n a k
jnm	i n ɛ m
jnn	i n ɛ n
jnn	j a n a n
jnn	ʔ a n a n
jnpw	i n ɛ p uː
jnpw	j a n aː p a w
jnpw	ʔ a n aː p ə ʔ
jnpw	ʔ a n oː p
jnpwt	i n p uː ɛ t
jnq	i n ɛ k
jnr	i n ɛ r
jnr	j aː n a ɾ
jnr	j aː n a ʔ
jnr	ʔ oː n ə
jnst	i n s ɛ t
jnswj	i n s uː i
jnt	i n ɛ t
jntjrwywꜣšꜣ	i n t i r uː iː uː ɑ ʃ ɑ
jnw	i n uː
jnḥ	i n ɛ ħ
jnꜥ	i n ɑː
jp	i p
jp	j aː p
jp	ʔ oː p
jpf	i p ɛ f
jpn	i p ɛ n
jpt	i p ɛ t
jpt	ʔ a p a t
jptf	i p t ɛ f
jptn	i p t ɛ n
jptw	i p t uː
jpw	i p uː
jpwj	i p uː i
jpḥ	i p ɛ ħ
jqdw	i k ɛ d uː
jqr	i k ɛ r
jqr	j aː qʼ a ɾ
jqr	j aː qʼ a ʔ
jqr	j aː qʼ i ɾ
jqr	j aː qʼ i ʔ
jqr	j oː qʼ ə
jqḥw	i k ɛ ħ uː
jr	i r
jrj	i r i
jrj	j iː ɾ i t
jrj	j iː ɾ i ʔ
jrj	ʔ iː ɾ a ʔ
jrj	ʔ iː ɾ ə
jrkt	i r k ɛ t
jrm	i r ɛ m
jrp	i r ɛ p
jrp	j uː ɾ a p
jrp	ʔ eː ɾ ə p
jrsjrnꜣt	i r s i r ɛ n ɑ t
jrt	i r ɛ t
jrt	j iː ɾ a t
jrt	j iː ɾ a ʔ
jrt	ʔ iː ɾ ə
jrtjw	i r t i uː
jrw	i r uː
jrwrꜣ	i r uː r ɑ
jrwt	i r uː t
jry	i r iː
jrṯt	i r t͡ʃ ɛ t
jrṯt	j V ɾ aː c a t
jrṯt	j V ɾ aː t a ʔ
jrṯt	ʔ ə ɾ oː t ə
js	i s
jsbnbn	i s b ɛ n b ɛ n
jspt	i s p ɛ t
jspt	j i s p a t
jspt	j i s p a ʔ
jspt	ʔ e s p a ʔ
jspt	ʔ e s p ə
jsqꜣrnj	i s k ɑ r ɛ n i
jsqꜣrwnj	i s k ɑ r uː n i
jsr	i s ɛ r
jsry	i s r iː
jst	i s ɛ t
jsw	i s uː
jsw	j iː s V w
jsw	ʔ iː s
jsw	ʔ iː s ə ʔ
jswr	i s uː r
jsṯ	i s ɛ t͡ʃ
jt	i t
jt	j a t j a w
jt	j a ʔ t ə
jt	j a ʔ t ə ʔ
jt	j aː t i j
jt	j aː t ə ʔ
jt	j oː t
jtj	i t i
jtmw	i t ɛ m uː
jtn	i t ɛ n
jtn	j aː t i n
jtn	j aː t ə j
jtn	j oː t ə j
jtnw	i t ɛ n uː
jtrt	i t r ɛ t
jtrw	i t ɛ r uː
jtrw	j a t ɾ a w
jtrw	j a ʔ ɾ
jtrw	j a ʔ ɾ a w
jty	i t iː
jtḥ	i t ɛ ħ
jtḥ	j aː t a ħ
jtḥ	ʔ oː t ə ħ
jw	i uː
jwd	i uː d
jwdnb	i uː d n ɛ b
jwf	i uː f
jwf	j a w f aː w a w
jwf	j u w f u w
jwf	ʔ a f oː j
jwf	ʔ a ʔ f aː j ə ʔ
jwf	ʔ u ʔ f ə ʔ
jwf	ʔ ø ʔ f
jwh	i uː h
jwj	i uː i
jwjt	i uː i t
jwjw	i uː i uː
jwms	i uː m ɛ s
jwn	i uː n
jwn	j a w i n
jwn	ʔ a w e n
jwn	ʔ a w i n
jwnj	i uː n i
jwnt	i uː n ɛ t
jwntj	i uː n ɛ t i
jwnw	i uː n uː
jwnw	j aː n a w
jwnw	ʔ aː n ə ʔ
jwnw	ʔ oː n ə
jwnyt	i uː n iː t
jwr	i uː r
jwrꜣḥy	i uː r ɑ ħ iː
jwsw	i uː s uː
jwt	i uː t
jwtj	i uː t i
jwtt	i uː t ɛ t
jwwj	i uː ʔ uː i
jwyt	i uː iː t
jwḥ	i uː ħ
jwꜣ	i uː ɑ
jwꜥ	i uː ɑː
jwꜥt	i uː ɑː t
jwꜥw	i uː ɑː uː
jwꜥw	j a w ʕ
jwꜥw	j a w ʕ a w
jwꜥw	j a w ʕ ə ʔ
jyt	i ʔ iː t
jz	i z
jzft	i z f ɛ t
jzft	j a z aː f a t
jzft	ʔ a s aː f a ʔ
jzft	ʔ a s oː f ə
jzftj	i z f ɛ t i
jzkn	i z k ɛ n
jzr	i z ɛ r
jzr	j a s ɾ V w
jzr	j a z ɾ V w
jzr	ʔ a s ɾ
jzwt	i z uː t
jšdt	i ʃ ɛ d ɛ t
jšst	i ʃ ɛ s ɛ t
jšš	i ʃ ɛ ʃ
jḥ	i ħ
jḥ	j a ħ i j
jḥ	j a ħ i w w
jḥ	ʔ ə ħ e w w
jḥ	ʔ ə ħ e ʔ
jḥw	i ħ uː
jḥw	j a ħ aː w a w
jḥw	ʔ ə ħ oː w
jḫ	i x
jḫ	j u χ
jḫ	ʔ u χ
jḫ	ʔ ø χ
jḫmt	i x m ɛ t
jḫr	i x ɛ r
jḫt	i x ɛ t
jḫḫw	i x ɛ x uː
jṯj	i t͡ʃ i
jṯꜣ	i t͡ʃ ɑ
jꜣbj	i ɑ b i
jꜣbt	i ɑ b ɛ t
jꜣbt	j a ʀ b a t
jꜣbt	j a ʀ b a ʔ
jꜣbt	j oː β ə
jꜣbtj	i ɑ b t i
jꜣbtj	j a ʀ i b t i j
jꜣbtj	ʔ ə j e β t
jꜣbtt	i ɑ b ɛ t ɛ t
jꜣdw	i ɑ d uː
jꜣft	i ɑ f ɛ t
jꜣjw	i ɑ i uː
jꜣkb	i ɑ k ɛ b
jꜣkbyt	i ɑ k ɛ b iː t
jꜣmw	i ɑ m uː
jꜣq	i ɑ k
jꜣqt	i ɑ k ɛ t
jꜣqt	j u ʀ qʼ a t
jꜣqt	j u ʀ qʼ a ʔ
jꜣqt	ʔ eː qʼ ə
jꜣqt	ʔ uː qʼ a ʔ
jꜣr	i ɑ r
jꜣrrt	i ɑ r ɛ r ɛ t
jꜣrrt	j a ʀ l a l j a t
jꜣrrt	j a ʀ l a l j a ʔ
jꜣrrt	ʔ a l a l ʔ ə
jꜣrw	i ɑ r uː
jꜣs	i ɑ s
jꜣt	i ɑ t
jꜣtjw	i ɑ t i uː
jꜣtt	i ɑ t ɛ t
jꜣw	i ɑ uː
jꜣw	j a ʀ a w
jꜣw	ʔ ə ʔ a w
jꜣwj	i ɑ uː i
jꜣwt	i ɑ uː t
jꜣš	i ɑ ʃ
jꜣḫmjnš	i ɑ x m i n ɛ ʃ
jꜣḫw	i ɑ x uː
jꜣḫw	j a ʀ χ a w
jꜣḫw	j oː χ
jꜣꜣ	i ɑ ʔ ɑ
jꜣꜣt	i ɑ ʔ ɑ t
jꜣꜣyt	i ɑ ʔ ɑ iː t
jꜣꜥ	i ɑ ʔ ɑː
jꜥb	i ɑː b
jꜥf	i ɑː f
jꜥj	i ɑː i
jꜥn	i ɑː n
jꜥn	j a ʕ i n
jꜥn	ʔ a ʕ e n
jꜥnt	i ɑː n ɛ t
jꜥnw	i ɑː n uː
jꜥr	i ɑː r
jꜥrt	i ɑː r ɛ t
jꜥḥ	i ɑː ħ
jꜥḥ	j a j ħ u w
jꜥḥ	j a ʔ ħ
jꜥḥ	j a ʔ ħ ə ʔ
jꜥḥ	j a ʕ ħ u w
jꜥꜣ	i ɑː ʔ ɑ
kbn	k a b a n
kbn	k ə β a n
kbn	k ɛ b ɛ n
kf	k ɛ f
kfj	k ɛ f i
kftjw	k ɛ f t i uː
kftyw	k ɛ f t iː uː
kfꜣ	k ɛ f ɑ
kj	k i
kkw	k ɛ k uː
km	k aː m
km	k eː m
km	k oː m
km	k uː m a w
km	k ɛ m
kmbjṯt	k ɛ m b i t͡ʃ ɛ t
kmm	k a m a m
kmm	k ə m a m
kmm	k ɛ m ɛ m
kmt	k eː m ə
kmt	k uː m a t
kmt	k uː m a ʔ
kmt	k ɛ m ɛ t
kmyt	k ɛ m iː t
kns	k ɛ n ɛ s
knꜥnw	k ɛ n ɑː n uː
krtj	k ɛ r t i
ksj	k ɛ s i
ksw	k ɛ s uː
ktt	k a t a t
ktt	k a t a ʔ
ktt	k ə t a ʔ
ktt	k ɛ t ɛ t
kw	k uː
ky	k iː
kš	k ɛ ʃ
kꜣ	k a ʀ
kꜣ	k a ʔ
kꜣ	k u ʀ
kꜣ	k u ʔ
kꜣ	k ø ʔ
kꜣ	k ɑ
kꜣhs	k ɑ h ɛ s
kꜣj	k ɑ i
kꜣkꜣ	k ɑ k ɑ
kꜣm	k a ʀ m
kꜣm	k a ʀ n V w
kꜣm	k oː m
kꜣm	k ɑ m
kꜣmn	k ɑ m ɛ n
kꜣmw	k a ʀ m i w
kꜣmw	k a ʀ m i w w a w
kꜣmw	k ɑ m uː
kꜣmw	k ə m e ʔ
kꜣmw	k ə m e ʔ w
kꜣnꜥnꜥ	k ɑ n ɑː n ɑː
kꜣp	k aː ʀ a p
kꜣp	k oː ʔ ə p
kꜣp	k ɑ p
kꜣpt	k a ʀ p a t
kꜣpt	k a ʀ p a ʔ
kꜣpt	k aː p a ʔ
kꜣpt	k oː p ə
kꜣpt	k ɑ p ɛ t
kꜣpw	k ɑ p uː
kꜣr	k ɑ r
kꜣry	k ɑ r iː
kꜣs	k ɑ s
kꜣt	k ɑ t
kꜣw	k ɑ uː
kꜣwtj	k ɑ uː t i
kꜣš	k ɑ ʃ
kꜣštꜣ	k ɑ ʃ t ɑ
m	m a
m	m ə
m	m̩
m	ɛ m
mds	m ɛ d ɛ s
mdt	m aː tʼ a t
mdt	m aː tʼ a ʔ
mdt	m oː tʼ ə
mdt	m ə tʼ ə t
mdt	m ɛ d ɛ t
mdw	m a tʼ u w w
mdw	m aː tʼ a w
mdw	m oː tʼ
mdw	m ə tʼ ø w w
mdw	m ɛ d uː
mdwj	m e tʼ w ə
mdwj	m i tʼ w i t
mdwj	m i tʼ w i ʔ
mdwj	m ɛ d uː i
mfkꜣt	m a f a k ʀ a t
mfkꜣt	m a f a k ʀ a ʔ
mfkꜣt	m ə f a ʔ k ə
mfkꜣt	m ɛ f k ɑ t
mgꜣ	m ɛ ɡ ɑ
mhj	m ɛ h i
mj	m i
mjgꜣdn	m i ɡ ɑ d ɛ n
mjktj	m i k t i
mjn	m i n
mjnb	m i n ɛ b
mjnj	m e ʔ n a ʔ
mjnj	m e ʔ n ə
mjnj	m i j n i t
mjnj	m i j n i ʔ
mjnj	m i n i
mjnt	m i n ɛ t
mjt	m i t
mjtj	m i t i
mjtt	m i t ɛ t
mjtw	m i t uː
mjw	m i uː
mjw	m i ʀ j u w
mjwj	m i uː i
mjzt	m i z ɛ t
mjḫꜣt	m i j u χ ʀ i t
mjḫꜣt	m i j u χ ʀ i ʔ
mjḫꜣt	m i x ɑ t
mjḫꜣt	m ø ʔ χ ə
mjḫꜣt	m ə ʔ u ʔ χ a ʔ
mkj	m iː k i t
mkj	m iː k i ʔ
mkj	m iː k ə
mkj	m ɛ k i
mkt	m ɛ k ɛ t
mm	m ɛ m
mmj	m ɛ m i
mn	m aː n
mn	m oː n
mn	m ɛ n
mnhz	m a n h a s
mnhz	m a n h a z
mnhz	m a n h ə s
mnhz	m ɛ n h ɛ z
mnj	m a n i j
mnj	m ə n e ʔ
mnj	m ɛ n i
mnjt	m ɛ n i t
mnjw	m ɛ n i uː
mnmn	m ɛ n m ɛ n
mnmnt	m ɛ n m ɛ n ɛ t
mnt	m aː n a t
mnt	m aː n a ʔ
mnt	m oː n ə
mnt	m ɛ n ɛ t
mnty	m V n aː t i j
mnty	m ə n oː t ə
mnty	m ɛ n t iː
mnw	m ɛ n uː
mnwt	m ɛ n uː t
mnyt	m ɛ n iː t
mnḏ	m a n a cʼ
mnḏ	m a n a tʼ
mnḏ	m ə n a tʼ
mnḏ	m ɛ n ɛ d͡ʒ
mnḏm	m ɛ n d͡ʒ ɛ m
mnḏr	m ɛ n d͡ʒ ɛ r
mnḏt	m ɛ n d͡ʒ ɛ t
mnḥ	m ɛ n ɛ ħ
mnḥtj	m ɛ n ħ ɛ t i
mnḫ	m ɛ n ɛ x
mnḫt	m a w n aː χ i t
mnḫt	m a w n aː χ i ʔ
mnḫt	m ə n oː χ ə
mnḫt	m ɛ n x ɛ t
mnṯw	m o n t uː
mnṯw	m ɛ n t͡ʃ uː
mnꜥt	m ɛ n ɑː t
mr	m a ɾ
mr	m a ʔ
mr	m aː ɾ
mr	m e ʔ
mr	m i ʔ
mr	m oː ɾ
mr	m ɛ r
mrj	m e j ʔ ə
mrj	m i j j i ʔ
mrj	m i ɾ j i t
mrj	m ɛ r i
mrkbt	m ɛ r k ɛ b ɛ t
mrrt	m ɛ r ɛ r ɛ t
mrt	m ɛ r ɛ t
mrw	m eː ɾ
mrw	m uː ɾ a w
mrw	m ɛ r uː
mrwryt	m ɛ r uː r iː t
mrwt	m ɛ r uː t
mry	m ɛ r iː
mryt	m V ɾ aː j a t
mryt	m V ɾ aː j a ʔ
mryt	m ə ɾ oː ʔ
mryt	m ɛ r iː t
mrḥt	m V ɾ i ħ j a t
mrḥt	m V ɾ i ħ j a ʔ
mrḥt	m ə ɾ e ħ ʔ ə
mrḥt	m ɛ r ħ ɛ t
ms	m e s
ms	m i s
ms	m ɛ s
msdmt	m i s tʼ uː m i t
msdmt	m i s tʼ uː m i ʔ
msdmt	m ə s tʼ eː m ə
msdmt	m ɛ s d ɛ m ɛ t
msdw	m a s cʼ i w
msdw	m a s tʼ
msdw	m a s tʼ i w
msdw	m ɛ s ɛ d uː
msj	m iː s i t
msj	m iː s i ʔ
msj	m iː s ə
msj	m ɛ s i
msjꜣt	m a s j aː ʀ i t
msjꜣt	m a s j aː ʀ i ʔ
msjꜣt	m ə s oː ʔ
msjꜣt	m ə s ʔ aː ʔ ə ʔ
msjꜣt	m ɛ s i ɑ t
msktt	m ɛ s ɛ k t ɛ t
mskꜣ	m ɛ s k ɑ
msn	m ɛ s ɛ n
msqt	m a s qʼ aː ɾ i t
msqt	m a s qʼ aː ɾ i ʔ
msqt	m ə s qʼ aː ɾ a ʔ
msqt	m ə s qʼ oː ɾ ə
msqt	m ɛ s k ɛ t
mswt	m i s j aː w a t
mswt	m i s j aː w a ʔ
mswt	m ə s oː w ə
mswt	m ɛ s uː t
msyt	m ɛ s iː t
msḏj	m a s cʼ a j
msḏj	m a s tʼ a j
msḏj	m a s tʼ ə
msḏj	m ɛ s ɛ d͡ʒ i
msḏr	m e s t͡ʃ a ʔ
msḏr	m e s t͡ʃʼ ə
msḏr	m i s cʼ i ɾ
msḏr	m i s t͡ʃʼ i ʔ
msḏr	m ɛ s d͡ʒ ɛ r
msḥ	m ɛ s ɛ ħ
msḫn	m e s χ ə n
msḫn	m i s χ i n
msḫn	m ɛ s x ɛ n
msḫtyw	m ɛ s x ɛ t iː uː
msꜣḏt	m a s w i ʀ cʼ i t
msꜣḏt	m a s w i ʀ tʼ i ʔ
msꜣḏt	m ə s w iː tʼ ə
msꜣḏt	m ɛ s ɑ d͡ʒ ɛ t
mt	m ɛ t
mtj	m ɛ t i
mtr	m ɛ t ɛ r
mtrt	m e ʔ ɾ ə
mtrt	m i t ɾ a t
mtrt	m i ʔ ɾ a ʔ
mtrt	m ɛ t r ɛ t
mtt	m eː t ə
mtt	m uː t a t
mtt	m ɛ t ɛ t
mtw	m ɛ t uː
mtwt	m ɛ t uː t
mw	m a w
mw	m uː
mwjbw	m uː i b uː
mwt	m aː w a t
mwt	m aː w a ʔ
mwt	m e ʔ w ə
mwt	m i ʔ w a t
mwt	m i ʔ w a ʔ
mwt	m oː w
mwt	m uː t
mww	m uː ʔ uː
my	m iː
mz	m ɛ z
mzwr	m ɛ z uː r
mzwt	m ɛ z uː t
mzḥ	m V s a ħ
mzḥ	m V z a ħ
mzḥ	m ə s a ħ
mzḥ	m ɛ z ɛ ħ
mšrw	m ɛ ʃ r uː
mšw	m ɛ ʃ uː
mšꜥ	m a ʃ ʕ a j
mšꜥ	m a ʕ ʃ ə
mšꜥ	m ɛ ʃ ɑː
mḏrj	m e tʼ ɾ a ʔ
mḏrj	m e tʼ ɾ ə
mḏrj	m i cʼ ɾ i t
mḏrj	m i tʼ ɾ i ʔ
mḏrj	m ɛ d͡ʒ ɛ r i
mḏt	m ɛ d͡ʒ ɛ t
mḏw	m eː tʼ
mḏw	m uː cʼ a w
mḏw	m uː tʼ a w
mḏw	m uː tʼ ə ʔ
mḏw	m ɛ d͡ʒ uː
mḏwtj	m u cʼ a w aː t a j
mḏwtj	m u t͡ʃʼ a w aː t a j
mḏwtj	m ə t͡ʃʼ ə w aː t ə ʔ
mḏwtj	m ə t͡ʃʼ ə w oː t
mḏwtj	m ɛ d͡ʒ uː t i
mḏḥ	m ɛ d͡ʒ ɛ ħ
mḏꜣt	m ɛ d͡ʒ ɑ t
mḏꜣy	m ɛ d͡ʒ ɑ iː
mḥ	m ɛ ħ
mḥj	m ɛ ħ i
mḥn	m ɛ ħ ɛ n
mḥsḥs	m a ħ a s ħ a s
mḥsḥs	m ə ħ a s ħ ə s
mḥsḥs	m ɛ ħ ɛ s ħ ɛ s
mḥt	m ɛ ħ ɛ t
mḥtj	m ɛ ħ t i
mḥtjw	m ɛ ħ t i uː
mḥtt	m ɛ ħ t ɛ t
mḥw	m ɛ ħ uː
mḥyt	m a ħ iː j V t
mḥyt	m a ħ iː j V ʔ
mḥyt	m a ħ uː j V t
mḥyt	m a ħ uː j V ʔ
mḥyt	m ə ħ eː ʔ
mḥyt	m ə ħ eː ʔ ə ʔ
mḥyt	m ə ħ uː ʔ ə ʔ
mḥyt	m ɛ ħ iː t
mḫꜣt	m ɛ x ɑ t
mṯn	m ɛ t͡ʃ ɛ n
mṯwn	m a c w a n
mṯwn	m a ʔ w a n
mṯwn	m a ʔ w ə n
mṯwn	m ɛ t͡ʃ uː n
mṯꜣ	m ɛ t͡ʃ ɑ
mẖ	m ɛ ç
mẖnt	m ɛ ç n ɛ t
mẖr	m ɛ ç ɛ r
mẖtw	m ɛ ç t uː
mẖꜥqt	m a ç ʕ aː qʼ i t
mẖꜥqt	m a ç ʕ aː qʼ i ʔ
mẖꜥqt	m ə ç ʕ oː qʼ ə
mẖꜥqt	m ɛ ç ɑː k ɛ t
mꜣ	m ɑ
mꜣj	m aː j ə ʔ
mꜣj	m aː ʀ i j
mꜣj	m oː j
mꜣj	m ɑ i
mꜣnw	m ɑ n uː
mꜣqt	m a j ʀ aː qʼ i t
mꜣqt	m a j ʀ aː qʼ i ʔ
mꜣqt	m oː qʼ ə
mꜣqt	m ɑ k ɛ t
mꜣqt	m ə ʔ aː qʼ a ʔ
mꜣqꜣrꜣ	m ɛ k ɛ r
mꜣr	m ø ʔ
mꜣr	m ɑ r
mꜣt	m aː ʀ i t
mꜣt	m aː ʀ i ʔ
mꜣt	m aː ʔ ə ʔ
mꜣt	m oː ʔ
mꜣt	m ɑ t
mꜣtt	m ɑ t ɛ t
mꜣwj	m i ʀ w i t
mꜣwj	m i ʀ w i ʔ
mꜣwj	m iː w ə
mꜣwj	m ɑ uː i
mꜣwt	m a ʀ w a t
mꜣwt	m a ʀ w a ʔ
mꜣwt	m oː w ə
mꜣwt	m ɑ uː t
mꜣy	m ɑ iː
mꜣṯ	m ɑ t͡ʃ
mꜣẖ	m aː ʀ a ç
mꜣẖ	m oː ʔ ə ç
mꜣẖ	m ɑ ç
mꜣꜣ	m ɑ ʔ ɑ
mꜣꜥ	m a ʕ
mꜣꜥ	m aː ʀ a ʕ
mꜣꜥ	m oː ʔ ə ʕ
mꜣꜥ	m ɑ ʔ ɑː
mꜣꜥt	m eː ʕ ə
mꜣꜥt	m u ʀ ʕ a t
mꜣꜥt	m u ʀ ʕ a ʔ
mꜣꜥt	m uː ʕ a ʔ
mꜣꜥt	m ɑ ʔ ɑː t
mꜣꜥtj	m ɑ ʔ ɑː t i
mꜣꜥw	m ɑ ʔ ɑː uː
mꜥbꜣ	m a ʕ b a ʀ
mꜥbꜣ	m ɑː b ɑ
mꜥkꜣ	m ɑː k ɑ
mꜥnḏt	m V ʕ n i cʼ w V t
mꜥnḏt	m V ʕ n i tʼ w V ʔ
mꜥnḏt	m ɑː n d͡ʒ ɛ t
mꜥnḏt	m ə ʕ n e tʼ w a ʔ
mꜥnḏt	m ə ʕ n e tʼ w ə
mꜥq	m ɑː k
mꜥr	m ɑː r
mꜥḥꜥt	m a j ħ i ʕ w a ʔ
mꜥḥꜥt	m a ʕ ħ i ʕ w a t
mꜥḥꜥt	m ɑː ħ ɑː t
mꜥḥꜥt	m ə ħ e ʕ w ə
n	n e
n	n i
n	ɛ n
nb	n a β ʔ ə
nb	n e p
nb	n eː β
nb	n i b
nb	n iː b u w
nb	n ɛ b
nbj	n iː b i t
nbj	n iː b i ʔ
nbj	n iː β ə
nbj	n ɛ b i
nbnb	n ɛ b n ɛ b
nbs	n ɛ b ɛ s
nbt	n iː b a t
nbt	n iː b a ʔ
nbt	n iː β ə
nbt	n ɛ b ɛ t
nbtj	n ɛ b t i
nbw	n aː b a w
nbw	n oː β
nbw	n ɛ b uː
nf	n ɛ f
nfj	n iː f i t
nfj	n iː f i ʔ
nfj	n iː f ə
nfj	n ɛ f i
nfr	n aː f i ɾ
nfr	n aː f i ʔ
nfr	n aː f ə
nfr	n oː f ə
nfr	n ɛ f ɛ r
nfrt	n a f ɾ a t
nfrt	n a f ɾ a ʔ
nfrt	n a f ɾ ə
nfrt	n ɛ f ɛ r ɛ t
nfrtj	n ɛ f ɛ r t i
nfrw	n a f ɾ a w
nfrw	n ɛ f ɛ r uː
nfrwt	n ɛ f r uː t
nfꜣ	n ɛ f ɑ
ngꜣw	n ɛ ɡ ɑ uː
nhj	n ɛ h i
nhm	n ɛ h ɛ m
nhmhm	n ɛ h ɛ m h ɛ m
nhp	n aː h a p
nhp	n oː h ə p
nhp	n ɛ h ɛ p
nht	n aː h a t
nht	n aː h a ʔ
nht	n oː h ə
nht	n ɛ h ɛ t
nhw	n ɛ h uː
nhzj	n e h s ə
nhzj	n i h s i ʔ
nhzj	n i h z i t
nhzj	n ɛ h z i
nhꜣy	n ɛ h ɑ iː
nj	n i
nj	n i j
nj	n ə ʔ
njk	n i k
njs	n i s
njtjt	n i t i t
njw	n i uː
njꜣj	n i ɑ i
nk	n ɛ k
nkt	n u k u t
nkt	n u k u ʔ
nkt	n ə k ø ʔ
nkt	n ɛ k ɛ t
nkw	n ɛ k uː
nmj	n iː m
nmj	n iː m a ʔ
nmj	n iː m i j
nmj	n iː m i t
nmj	n iː m i ʔ
nmj	n iː m ə
nmj	n iː m ə ʔ
nmj	n ɛ m i
nmnm	n ɛ m n ɛ m
nms	n ɛ m ɛ s
nmsw	n ɛ m s uː
nmt	n ɛ m ɛ t
nmtj	n ɛ m t i
nmtt	n ɛ m t ɛ t
nmw	n ɛ m uː
nmḥ	n ɛ m ɛ ħ
nmꜣrṯ	n ɛ m ɑ r ɛ t͡ʃ
nmꜥ	n ɛ m ɑː
nn	n ɛ n
nnj	n ɛ n i
nnw	n aː n a w
nnw	n oː n
nnw	n ɛ n uː
nnšm	j
nnšm	n
nnšm	n a j ʃ
nnšm	n a n ʃ V m
nnšm	n a n ʃ V w
nnšm	n ɛ n ʃ ɛ m
npnpt	n ɛ p n ɛ p ɛ t
npꜣw	n ɛ p ɑ uː
nqdd	n ɛ k d ɛ d
nqꜥ	n ɛ k ɑː
nqꜥwt	n ə qʼ oː ʔ
nqꜥwt	n ɛ k ɑː uː t
nrj	n ɛ r i
nrt	n aː ɾ a t
nrt	n aː ɾ a ʔ
nrt	n oː ɾ ə
nrt	n ɛ r ɛ t
nrw	n ɛ r uː
ns	l e s
ns	l i s
ns	n ɛ s
nsrt	n a s ɾ a t
nsrt	n a s ɾ a ʔ
nsrt	n a s ɾ ə
nsrt	n ɛ s r ɛ t
nst	n ɛ s ɛ t
nswt	n i j s iː w a t
nswt	n i s iː w a ʔ
nswt	n ɛ s uː t
nswt	ʔ ə n s iː ʔ
nswt	ʔ ə n s iː ʔ ə ʔ
nswtyw	n ɛ s uː t iː uː
nsyt	n ɛ s iː t
nt	n ɛ t
ntb	n ɛ t ɛ b
ntf	n V t a f
ntf	n ə t a f
ntf	n ɛ t ɛ f
ntf	ɛ n t ɛ f
ntj	n i t i j
ntj	n ə t e ʔ
ntj	n ɛ t i
ntj	ɛ n t i
ntk	n V t a k
ntk	n ə t a k
ntk	n ɛ t ɛ k
ntk	ɛ n t ɛ k
nts	n V t a s
nts	n ə t a s
nts	n ɛ t ɛ s
nts	ɛ n t ɛ s
ntsn	n ɛ t ɛ s ɛ n
ntsn	ɛ n t ɛ s ɛ n
ntsnj	n ɛ t ɛ s ɛ n i
ntsnj	ɛ n t ɛ s ɛ n i
ntt	n ɛ t ɛ t
ntt	ɛ n t ɛ t
nttn	n ɛ t ɛ t ɛ n
nttn	ɛ n t ɛ t ɛ n
ntw	n ə t a w
ntw	n ɛ t uː
ntw	ɛ n t uː
ntṯ	n V t a ʔ
ntṯ	n ə t a ʔ
ntṯ	n ɛ t ɛ t͡ʃ
ntṯ	ɛ n t ɛ t͡ʃ
ntṯn	n V t aː c a n
ntṯn	n V t aː t a n
ntṯn	n ə t oː t ə n
ntṯn	n ɛ t ɛ t͡ʃ ɛ n
ntṯn	ɛ n t ɛ t͡ʃ ɛ n
nw	n u w w u w
nw	n uː
nw	n ø w w
nwd	n uː d
nwdt	n uː d ɛ t
nwdw	n uː d uː
nwj	n uː i
nwt	n eː ʔ ə
nwt	n uː t
nwt	n uː ʔ a t
nwt	n uː ʔ a ʔ
nwtj	n uː t i
nwtkꜣrṯ	n uː t k ɑ r ɛ t͡ʃ
nwtwt	n uː t uː t
nwy	n uː iː
nwyt	n uː iː t
nwḥ	n uː ħ
nwḫ	n uː x
nyny	n iː n iː
nznzn	n ɛ z ɛ n z ɛ n
nš	n ɛ ʃ
nšm	n ɛ ʃ ɛ m
nšmt	n ɛ ʃ m ɛ t
nšnj	n ɛ ʃ n i
nšp	n aː ʃ a p
nšp	n oː ʃ ə p
nšp	n ɛ ʃ ɛ p
nšt	n ɛ ʃ ɛ t
nḏ	n ɛ d͡ʒ
nḏdnḏd	n ɛ d͡ʒ ɛ d n ɛ d͡ʒ ɛ d
nḏm	n aː cʼ a m
nḏm	n aː cʼ i m
nḏm	n aː tʼ a m
nḏm	n aː tʼ i m
nḏm	n oː tʼ ə m
nḏm	n ɛ d͡ʒ ɛ m
nḏnḏ	n ɛ d͡ʒ n ɛ d͡ʒ
nḏr	n ɛ d͡ʒ ɛ r
nḏrj	n ɛ d͡ʒ ɛ r i
nḏs	n aː cʼ a s
nḏs	n aː tʼ a s
nḏs	n oː tʼ ə s
nḏs	n ɛ d͡ʒ ɛ s
nḏt	n ɛ d͡ʒ ɛ t
nḏyt	n ɛ d͡ʒ iː t
nḏꜣ	n ɛ d͡ʒ ɑ
nḏꜣw	n ɛ d͡ʒ ɑ uː
nḏꜣḏꜣ	n ɛ d͡ʒ ɑ d͡ʒ ɑ
nḥ	n ɛ ħ
nḥbt	n ɛ ħ b ɛ t
nḥd	n ɛ ħ ɛ d
nḥm	n aː ħ a m
nḥm	n oː ħ ə m
nḥm	n ɛ ħ ɛ m
nḥmn	n ɛ ħ m ɛ n
nḥr	n ɛ ħ ɛ r
nḥrj	n ɛ ħ r i
nḥrw	n ɛ ħ ɛ r uː
nḥsj	n ɛ ħ s i
nḥtj	n e ħ t ə
nḥtj	n i ħ t i t
nḥtj	n i ħ t i ʔ
nḥtj	n ɛ ħ ɛ t i
nḥḏt	n u t ʃʼ ħ a ʔ
nḥḏt	n u ħ cʼ a t
nḥḏt	n u ħ t ʃʼ a ʔ
nḥḏt	n ø t ʃʼ ħ ə
nḥḏt	n ø ħ t ʃʼ ə
nḥḏt	n ɛ ħ d͡ʒ ɛ t
nḥḥ	n e ʔ ħ ə ħ
nḥḥ	n i j ħ a ħ
nḥḥ	n ɛ ħ ɛ ħ
nḫ	n ɛ x
nḫbt	n ɛ x b ɛ t
nḫbḫb	n ɛ x ɛ b x ɛ b
nḫj	n ɛ x i
nḫn	n ɛ x ɛ n
nḫnt	n ɛ x n ɛ t
nḫnw	n ɛ x ɛ n uː
nḫt	n ɛ x ɛ t
nḫwt	n ɛ x uː t
nḫꜣw	n ɛ x ɑ uː
nḫꜣḫꜣ	n ɛ x ɑ x ɑ
nṯr	n aː c a ɾ
nṯr	n aː t a ʔ
nṯr	n oː t ə
nṯr	n ɛ t͡ʃ ɛ r
nṯrj	n u c ɾ i j
nṯrj	n u c ɾ i t
nṯrj	n u t ɾ i j
nṯrj	n u t ɾ i ʔ
nṯrj	n ə t ɾ e ʔ
nṯrj	n ɛ t͡ʃ r i
nṯrj	n ɛ t͡ʃ ɛ r i
nṯrt	n a c aː ɾ a t
nṯrt	n a t aː ɾ a ʔ
nṯrt	n ə t oː ɾ ə
nṯrt	n ɛ t͡ʃ ɛ r ɛ t
nṯrtj	n ɛ t͡ʃ ɛ r t i
nṯrw	n a c uː ɾ a w [ 1 ]
nṯrw	n a t uː ɾ a w
nṯrw	n ə t eː ɾ ə
nṯrw	n ɛ t͡ʃ ɛ r uː
nṯryt	n ɛ t͡ʃ r iː t
nẖnm	n ɛ ç n ɛ m
nẖs	n ɛ ç ɛ s
nꜣ	n i ʀ
nꜣ	n ɑ
nꜣ	n ə ʔ
nꜣj	n e j
nꜣj	n ɑ i
nꜣy	n ɑ iː
nꜣyw	n ɑ iː uː
nꜣḏꜣ	n ɑ d͡ʒ ɑ
nꜣḏꜣrw	n ɑ d͡ʒ ɑ r uː
nꜥj	n ɑː i
nꜥr	n ɑː r
nꜥrt	n ɑː r ɛ t
nꜥꜥ	n ɑː ʔ ɑː
p	p ɛ
pds	p ɛ d ɛ s
pf	p ɛ f
pfꜣ	p ɛ f ɑ
pgꜣ	p ɛ ɡ ɑ
pj	p i
pn	p ɛ n
pnw	p iː n
pnw	p iː n a w
pnw	p iː n ə ʔ
pnw	p ɛ n uː
pnꜥ	p aː n a ʕ
pnꜥ	p oː n ə ʕ
pnꜥ	p ɛ n ɑː
ppy	p ɛ p iː
pqt	p ɛ k ɛ t
pr	p aː ɾ u w
pr	p aː ɾ ə ʔ
pr	p oː ɾ
pr	p ɛ r
prj	p iː ɾ a ʔ
prj	p iː ɾ i t
prj	p iː ɾ i ʔ
prj	p iː ɾ ə
prj	p ɛ r i
prt	p a ɾ aː j i t
prt	p a ɾ aː j i ʔ
prt	p u ɾ u t
prt	p u ɾ u ʔ
prt	p ə ɾ aː ʔ ə ʔ
prt	p ə ɾ oː ʔ
prt	p ə ɾ ø ʔ
prt	p ɛ r ɛ t
prwypwsꜣ	p ɛ r uː iː p uː s ɑ
psg	p aː s a kʼ
psg	p oː kʼ ə s
psg	p ɛ s ɛ ɡ
psj	p iː s i t
psj	p iː s i ʔ
psj	p iː s ə
psj	p ɛ s i
psmṯk	p ɛ s m ɛ t͡ʃ ɛ k
psš	p aː s a ʃ
psš	p oː s ə ʃ
psš	p ɛ s ɛ ʃ
psšt	p u s ʃ a t
psšt	p u s ʃ a ʔ
psšt	p ø ʃ ʃ ə
psšt	p ɛ s ʃ ɛ t
psštj	p ɛ s ʃ ɛ t i
psḏ	p ɛ s ɛ d͡ʒ
psḏj	p e s tʼ ə
psḏj	p i s cʼ i t
psḏj	p i s tʼ i ʔ
psḏj	p ɛ s ɛ d͡ʒ i
psḏjw	p i s cʼ i j j a w
psḏjw	p ɛ s ɛ d͡ʒ i uː
psḏntjw	p ɛ s d͡ʒ ɛ n t i uː
psḏnw	p ɛ s ɛ d͡ʒ n uː
psḏt	p i s iː cʼ a t
psḏt	p i s iː tʼ a ʔ
psḏt	p ə s iː tʼ ə
psḏt	p ɛ s ɛ d͡ʒ ɛ t
psḏw	p i s iː cʼ a w
psḏw	p i s iː tʼ a w
psḏw	p ə s iː tʼ
psḏw	p ə s iː tʼ ə ʔ
psḏw	p ɛ s ɛ d͡ʒ uː
pt	p e ʔ
pt	p eː w ə
pt	p i t
pt	p i ʔ
pt	p uː w a t
pt	p uː w a ʔ
pt	p ɛ t
ptpt	p ɛ t p ɛ t
ptr	p ɛ t ɛ r
ptwꜣrwmys	p ɛ t uː ɑ r uː m iː s
ptḥ	p i t a ħ
ptḥ	p ə t a ħ
ptḥ	p ɛ t ɛ ħ
pw	p uː
pwnt	p uː n ɛ t
pwntjw	p uː n t i uː
pwrꜣsꜣtj	p uː r ɑ s ɑ t i
pwy	p uː iː
py	p iː
pzn	p ɛ z ɛ n
pzḥ	p aː s a ħ
pzḥ	p aː z a ħ
pzḥ	p oː s ə ħ
pzḥ	p ɛ z ɛ ħ
pzḫ	p aː s a χ
pzḫ	p aː z a χ
pzḫ	p oː s ə χ
pzḫ	p ɛ z ɛ x
pšn	p ɛ ʃ ɛ n
pḏ	p ɛ d͡ʒ
pḏt	p iː cʼ a t
pḏt	p iː tʼ a ʔ
pḏt	p iː tʼ ə
pḏt	p ɛ d͡ʒ ɛ t
pḏtj	p ɛ d͡ʒ ɛ t i
pḥ	p aː ħ
pḥ	p oː ħ
pḥ	p ɛ ħ
pḥrr	p ɛ ħ r ɛ r
pḥtj	p e ħ t ə
pḥtj	p i ħ t a j
pḥtj	p ɛ ħ t i
pḥwj	p ɛ ħ uː i
pẖr	p ɛ ç ɛ r
pẖrt	p ɛ ç r ɛ t
pꜣ	p i ʀ
pꜣ	p ɑ
pꜣ	p ə
pꜣ	p ə ʔ
pꜣj	p ɑ i
pꜣq	p ɑ k
pꜣqj	p i ʀ qʼ i t
pꜣqj	p i ʀ qʼ i ʔ
pꜣqj	p iː qʼ ə
pꜣqj	p ɑ k i
pꜣqt	p ɑ k ɛ t
pꜣw	p ɑ uː
pꜣwt	p ɑ uː t
pꜣwtj	p ɑ uː t i
pꜣy	p ɑ iː
pꜣz	p ɑ z
pꜣḏ	p ɑ d͡ʒ
pꜣḫd	p ɑ x ɛ d
pꜥt	p eː ʕ ə
pꜥt	p iː ʕ a ʔ
pꜥt	p ɑː t
qbb	k ɛ b ɛ b
qbb	qʼ a b a b
qbb	qʼ ə β a p
qbw	k ɛ b uː
qbḥ	k ɛ b ɛ ħ
qbḥw	k ɛ b ɛ ħ uː
qd	k ɛ d
qd	qʼ aː tʼ
qd	qʼ oː tʼ
qdd	k ɛ d ɛ d
qdj	k ɛ d i
qdj	qʼ e tʼ ʔ ə
qdj	qʼ i tʼ j i t
qdj	qʼ i tʼ j i ʔ
qdj	qʼ i tʼ ʔ a ʔ
qdnw	k ɛ d n uː
qdt	k ɛ d ɛ t
qdtt	k ɛ d t ɛ t
qdš	k ɛ d ɛ ʃ
qdšw	k ɛ d ʃ uː
qjs	k i s
qmd	k ɛ m ɛ d
qmꜣ	k ɛ m ɑ
qnb	k ɛ n ɛ b
qnbt	k ɛ n b ɛ t
qnj	k ɛ n i
qnj	qʼ e n j ə
qnj	qʼ i n j i t
qnj	qʼ i n j i ʔ
qnjt	k ɛ n i t
qnjw	k ɛ n i uː
qnt	k ɛ n ɛ t
qnw	k ɛ n uː
qnyt	k ɛ n iː t
qqtj	k ɛ k t i
qrf	k ɛ r ɛ f
qrf	qʼ a ɾ a f
qrf	qʼ ə ɾ a f
qrft	k ɛ r f ɛ t
qrr	k ɛ r ɛ r
qrrt	k ɛ r ɛ r ɛ t
qrs	k ɛ r ɛ s
qrs	qʼ aː ɾ a s
qrs	qʼ aː ʔ s
qrs	qʼ oː ʔ s
qrst	k ɛ r ɛ s ɛ t
qrsw	k ɛ r ɛ s uː
qrwjwꜣpꜣdrꜣ	k ɛ r uː i uː ɑ p ɑ d r ɑ
qs	k ɛ s
qs	qʼ e s
qs	qʼ i s
qsn	k ɛ s ɛ n
qsnt	k ɛ s ɛ n ɛ t
qysrs	k iː s r ɛ s
qꜣb	k ɑ b
qꜣbt	k ɑ b ɛ t
qꜣbt	qʼ i ʀ b V t
qꜣbt	qʼ i ʀ b V ʔ
qꜣbt	qʼ iː b a ʔ
qꜣbt	qʼ iː β ə
qꜣdt	k ɑ d ɛ t
qꜣj	k ɑ i
qꜣqꜣw	k ɑ k ɑ uː
qꜣr	k ɑ r
qꜣs	k ɑ s
qꜣꜣ	k ɑ ʔ ɑ
qꜣꜥ	k ɑ ʔ ɑː
qꜥḥ	k ɑː ħ
r	j i ɾ
r	j i ʔ
r	ɛ r
r	ɝ
r	ɾ a ʀ
r	ɾ a ʔ
r	ɾ aː ʀ a w
r	ɾ oː w
r	ʔ ə
r	ʔ ə ʔ
rbw	r ɛ b uː
rd	r ɛ d
rd	ɾ a tʼ w a w
rd	ɾ a tʼ ʔ
rd	ɾ aː tʼ u w
rd	ɾ e tʼ
rd	ɾ i tʼ
rd	ɾ oː tʼ
rhn	r ɛ h ɛ n
rhn	ɾ aː h a n
rhn	ɾ e h n ə
rhn	ɾ i h n i t
rhn	ɾ i h n i ʔ
rhn	ɾ oː h ə n
rk	r ɛ k
rkḥ	r ɛ k ɛ ħ
rkḥ	ɾ aː k a ħ
rkḥ	ɾ oː k ə ħ
rm	r ɛ m
rmj	r ɛ m i
rmj	ɾ iː m a
rmj	ɾ iː m i t
rmj	ɾ iː m i ʔ
rmj	ɾ iː m ə
rmn	r ɛ m ɛ n
rmrm	r ɛ m r ɛ m
rmrmt	r ɛ m r ɛ m ɛ t
rmyt	r a m iː j V t
rmyt	r a m iː j V ʔ
rmyt	r ə m eː ʔ
rmyt	r ə m eː ʔ ə ʔ
rmyt	r ɛ m iː t
rmṯ	r ɛ m ɛ t͡ʃ
rmṯ	ɾ aː m a c
rmṯ	ɾ aː m a ʔ
rmṯ	ɾ oː m ə
rmṯt	r ɛ m ɛ t͡ʃ ɛ t
rmṯt	ɾ a m c a t
rmṯt	ɾ a m t a ʔ
rmṯt	ɾ a m t ə
rn	r ɛ n
rn	ɾ e n
rn	ɾ i n
rnn	r ɛ n ɛ n
rnp	r ɛ n ɛ p
rnpj	r ɛ n ɛ p i
rnpj	ɾ e n p a ʔ
rnpj	ɾ e n p ə
rnpj	ɾ i n p i t
rnpj	ɾ i n p i ʔ
rnpt	r ɛ n p ɛ t
rnpt	ɾ a n p a t
rnpt	ɾ a n p a w w a t
rnpt	ɾ a n p a w w a ʔ
rnpt	ɾ a n p a ʔ
rnpt	ɾ a n p ə
rnpt	ɾ ə n p a w w ə
rnpwt	r ɛ n p uː t
rnpwt	ɾ i n p iː w a t
rqj	r ɛ k i
rqj	ɾ iː qʼ i t
rqj	ɾ iː qʼ i ʔ
rqj	ɾ iː qʼ ə
rrj	r ɛ r i
rrj	ɾ iː ɾ
rrj	ɾ iː ɾ i j
rrj	ɾ iː ɾ ə ʔ
rs	r ɛ s
rsj	r ɛ s i
rsw	r ɛ s uː
rswt	r ɛ s uː t
rtḥ	r ɛ t ɛ ħ
rtḥtj	r ɛ t ħ ɛ t i
rwd	r uː d
rwj	r uː i
rwt	r uː t
rwḏ	r uː d͡ʒ
rwḏt	r uː d͡ʒ ɛ t
rwḏt	ɾ a w cʼ i t
rwḏt	ɾ a w tʼ a ʔ
rwḏt	ɾ a w tʼ i ʔ
rwḏt	ɾ a w tʼ ə
rš	r ɛ ʃ
ršrš	r ɛ ʃ r ɛ ʃ
ršw	r ɛ ʃ uː
ršwt	r ɛ ʃ uː t
ršwt	ɾ a ʃ w a t
ršwt	ɾ a ʃ w a ʔ
ršwt	ɾ a ʃ ʔ ə
rḏj	r ɛ d͡ʒ i
rḏj	tʼ iː ʔ
rḏj	ɾ V cʼ iː j i t
rḏj	ɾ V tʼ iː j i ʔ
rḏj	ɾ ə tʼ iː ʔ ə ʔ
rḏw	r ɛ d͡ʒ uː
rḥw	r ɛ ħ uː
rḥwj	r ɛ ħ uː i
rḫ	r ɛ x
rḫs	r ɛ x ɛ s
rḫyt	l V χ iː j a t
rḫyt	l V χ iː j a ʔ
rḫyt	l ə χ eː ʔ
rḫyt	l ə χ iː ʔ ə ʔ
rḫyt	r ɛ x iː t
rṯnw	r ɛ t͡ʃ ɛ n uː
rꜣ	r ɑ
rꜥ	r ɑː
rꜥ	ɾ eː ʕ
rꜥ	ɾ iː ʕ u w
rꜥ	ɾ iː ʕ ə ʔ
s	s ɛ
sbj	s ɛ b i
sbjw	s ɛ b i uː
sbk	s ɛ b ɛ k
sbn	s ɛ b ɛ n
sbnw	s ɛ b ɛ n uː
sbq	s ɛ b ɛ k
sbtj	s ɛ b t i
sbḥ	s ɛ b ɛ ħ
sbḫt	s ɛ b x ɛ t
sbꜣ	s a b a ʀ
sbꜣ	s iː b a ʀ
sbꜣ	s iː b ə ʔ
sbꜣ	s iː β
sbꜣ	s ə β a ʔ
sbꜣ	s ɛ b ɑ
sbꜣgj	s ɛ b ɑ ɡ i
sbꜣqj	s ɛ b ɑ k i
sbꜣtj	s ɛ b ɑ t i
sbꜣyt	s a b a ʀ j a t
sbꜣyt	s a b a ʀ j a ʔ
sbꜣyt	s ə b aː ʔ ə ʔ
sbꜣyt	s ə β oː ʔ
sbꜣyt	s ɛ b ɑ iː t
sd	s aː tʼ
sd	s e tʼ
sd	s i tʼ
sd	s oː tʼ
sd	s ɛ d
sdb	s ɛ d ɛ b
sdm	s ɛ d ɛ m
sdmj	s ɛ d ɛ m i
sdwḫ	s ɛ d uː x
sdyt	s ɛ d iː t
sdꜣ	s ɛ d ɑ
sf	s e f
sf	s i f
sf	s ɛ f
sfkk	s ɛ f ɛ k ɛ k
sfsf	s ɛ f s ɛ f
sfḫ	s ɛ f ɛ x
sfḫjw	s a f χ i j j a w
sfḫjw	s ɛ f x i uː
sfḫnw	s ɛ f ɛ x n uː
sfḫw	s a f χ a w
sfḫw	s a f χ ə ʔ
sfḫw	s a χ f
sfḫw	s ɛ f ɛ x uː
sfḫḫ	s ɛ f ɛ x ɛ x
sfṯ	s ɛ f ɛ t͡ʃ
sgnn	s a kʼ n a n
sgnn	s a ʔ kʼ ə n
sgnn	s ɛ ɡ ɛ n ɛ n
sgr	s ɛ ɡ ɛ r
shꜣj	s ɛ h ɑ i
sj	s i
sj	s i j
sjdj	s ɛ i d i
sjhm	s ɛ i h ɛ m
sjm	s i m
sjn	s i n
sjnj	s i n i
sjnw	s i n uː
sjsjw	s a ɾ s i j j a w
sjsjw	s i s i uː
sjsnw	s i s n uː
sjsw	i
sjsw	s a j s a w
sjsw	s a ɾ s a w
sjsw	s i s uː
sjsw	ʔ ə s s a w
sjzj	s ɛ i z i
sjꜣ	s aː j a ʀ
sjꜣ	s aː ʔ ə ʔ
sjꜣ	s i ɑ
sjꜣ	s oː ʔ
sjꜣt	s ɛ i ɑ t
sjꜥr	s i ɑː r
sk	s ɛ k
skj	s ɛ k i
skm	s ɛ k ɛ m
skn	s ɛ k ɛ n
sksj	s ɛ k s i
sksk	s ɛ k s ɛ k
skt	s ɛ k ɛ t
skꜣ	s ɛ k ɑ
sm	s ɛ m
smdt	s ɛ m d ɛ t
smj	s ɛ m i
smn	s i m iː n i t
smn	s i m iː n i ʔ
smn	s ə m iː n ə
smn	s ɛ m ɛ n
smnmn	s ɛ m ɛ n m ɛ n
smnḫ	s ɛ m ɛ n ɛ x
smr	s ɛ m ɛ r
smsj	s ɛ m ɛ s i
smsm	s ɛ m s ɛ m
smsw	s ɛ m ɛ s uː
smt	s ɛ m ɛ t
smw	s iː m
smw	s iː m i w
smw	s iː m ə ʔ
smw	s ɛ m uː
smwn	s ɛ m uː n
smḥ	s ɛ m ɛ ħ
smḥj	s ɛ m ħ i
smḫ	s ɛ m ɛ x
smꜣ	s ɛ m ɑ
smꜣwj	s ɛ m ɑ uː i
sn	s a n
sn	s a n uː w a w
sn	s ə n eː w
sn	s ɛ n
snb	s ɛ n ɛ b
snbb	s ɛ n b ɛ b
snbj	s ɛ n b i
snd	s ɛ n ɛ d
snfj	s ɛ n ɛ f i
snfr	s ɛ n ɛ f ɛ r
snj	s ɛ n i
snm	s ɛ n ɛ m
snmyt	s ɛ n m iː t
snnw	s ɛ n ɛ n uː
snq	s aː n a qʼ
snq	s oː n ə qʼ
snq	s ɛ n ɛ k
snsn	s a n s a n
snsn	s a n s ə n
snsn	s ɛ n s ɛ n
snt	s aː n a t
snt	s aː n a ʔ
snt	s oː n ə
snt	s ɛ n ɛ t
snwj	s i n u w w a j
snwj	s ə n u w w ə ʔ
snwj	s ə n ø w w
snwj	s ɛ n uː i
snwtt	s ɛ n uː t ɛ t
snwḫ	s ɛ n uː x
snšmšm	s ɛ n ɛ ʃ ɛ m ʃ ɛ m
snḏ	s i n i cʼ
snḏ	s i n i tʼ
snḏ	s ə n e tʼ
snḏ	s ɛ n ɛ d͡ʒ
snḏm	s ɛ n ɛ d͡ʒ ɛ m
snḏw	s ɛ n ɛ d͡ʒ uː
snḥ	s aː n a ħ
snḥ	s oː n ə ħ
snḥ	s ɛ n ɛ ħ
snḫbḫb	s ɛ n ɛ x ɛ b x ɛ b
snḫn	s ɛ n ɛ x ɛ n
snṯ	s ɛ n ɛ t͡ʃ
snṯr	s a n c a ɾ
snṯr	s a n t a ʔ
snṯr	s a n t ə
snṯr	s ɛ n ɛ t͡ʃ ɛ r
spd	s ɛ p ɛ d
spdt	s a p tʼ a t
spdt	s a p tʼ a ʔ
spdt	s a p tʼ ə
spdt	s o p d ɛ t
spdt	s ɛ p d ɛ t
spdt	s ɛ p ɛ d ɛ t
spdw	s ɛ p d uː
spdḏ	s a p tʼ a cʼ
spdḏ	s a p tʼ a tʼ
spdḏ	s a p tʼ a ʔ
spdḏ	s a p tʼ ə
spdḏ	s ɛ p d ɛ d͡ʒ
spj	s ɛ p i
spr	s ɛ p ɛ r
sprw	s ɛ p ɛ r uː
spt	s aː p a t
spt	s aː p a ʔ
spt	s oː p ə
spt	s ɛ p ɛ t
spḥ	s ɛ p ɛ ħ
spꜣt	s ɛ p ɑ t
sqbb	s ɛ k ɛ b ɛ b
sqbbwj	s ɛ k ɛ b ɛ b uː i
sqbḥ	s ɛ k ɛ b ɛ ħ
sqd	s ɛ k ɛ d
sqdj	s ɛ k ɛ d i
sqr	s ɛ k ɛ r
sqꜣj	s ɛ k ɑ i
sr	s ɛ r
srd	s ɛ r ɛ d
srf	s ɛ r ɛ f
srmj	s ɛ r ɛ m i
srt	s ɛ r ɛ t
srw	s ɛ r uː
srwj	s ɛ r uː i
srwḏ	s ɛ r uː d͡ʒ
srwḫ	s ɛ r uː x
srḫ	s ɛ r ɛ x
ssf	s ɛ s ɛ f
ssm	s ɛ s ɛ m
ssmt	s ɛ s ɛ m ɛ t
ssn	s ɛ s ɛ n
sspd	s ɛ s ɛ p ɛ d
ssḫ	s ɛ s ɛ x
ssꜣj	s ɛ s ɑ i
st	s ɛ t
stj	s ɛ t i
stp	s a t p a w
stp	s aː t a p
stp	s oː t ə p
stp	s ɛ t ɛ p
stpt	s ɛ t ɛ p ɛ t
stt	s ɛ t ɛ t
stwt	s ɛ t uː t
stš	s ɛ t ɛ ʃ
stẖ	s eː t ə x
stẖ	s uː t V ç
stẖ	s ɛ t ɛ ç
stẖj	s ɛ t ç i
stꜣ	s ɛ t ɑ
sw	s u
sw	s u w
sw	s uː
swdfj	s ɛ w ɛ d ɛ f i
swn	s uː n
swn	s ɛ w ɛ n
swnt	s uː n ɛ t
swnw	s uː n uː
swrd	s ɛ w ɛ r ɛ d
swsḫ	s ɛ w ɛ s ɛ x
swt	s uː t
swḏ	s ɛ w ɛ d͡ʒ
swḏꜣ	s ɛ w ɛ d͡ʒ ɑ
swḥt	s a w ħ V t
swḥt	s a w ħ V ʔ
swḥt	s oː ħ ə
swḥt	s uː ħ ɛ t
swḫ	s uː x
swḫꜣ	s uː x ɑ
swꜣj	s e ʔ j a ʔ
swꜣj	s e ʔ j ə
swꜣj	s i w ʀ i t
swꜣj	s i w ʀ i ʔ
swꜣj	s uː ɑ i
swꜣḏ	s ɛ w ɑ d͡ʒ
swꜥb	s ɛ w ɑː b
sš	s ɛ ʃ
sšd	s ɛ ʃ ɛ d
sšm	s ɛ ʃ ɛ m
sšmj	s ɛ ʃ ɛ m i
sšmm	s ɛ ʃ ɛ m ɛ m
sšmw	s ɛ ʃ m uː
sšp	s ɛ ʃ ɛ p
sšpt	s a ʃ aː p a t
sšpt	s ɛ ʃ p ɛ t
sšpt	ʃ aː p a ʔ
sšpt	ʃ oː p ə
sšr	s ɛ ʃ ɛ r
sšrw	s ɛ ʃ r uː
sštꜣ	s ɛ ʃ t ɑ
sḏ	s ɛ d͡ʒ
sḏb	s ɛ d͡ʒ ɛ b
sḏd	s e t͡ʃʼ ʔ ə
sḏd	s i cʼ tʼ i t
sḏd	s i t͡ʃʼ ʔ i ʔ
sḏd	s ɛ d͡ʒ ɛ d
sḏd	tʼ
sḏd	ʔ
sḏfꜣ	s e tʼ f ə
sḏfꜣ	s e tʼ f ə ʔ
sḏfꜣ	s i cʼ f i ʀ
sḏfꜣ	s i tʼ f i ʀ
sḏfꜣ	s ɛ d͡ʒ ɛ f ɑ
sḏm	s a cʼ i m n a
sḏm	s a cʼ m a
sḏm	s a cʼ m i w
sḏm	s aː cʼ a m
sḏm	s aː cʼ i m
sḏm	s aː tʼ a m
sḏm	s oː tʼ ə m
sḏm	s ɛ d͡ʒ ɛ m
sḏmw	s ɛ d͡ʒ ɛ m uː
sḏr	s ɛ d͡ʒ ɛ r
sḏrt	s ɛ d͡ʒ r ɛ t
sḏt	s ɛ d͡ʒ ɛ t
sḏwj	s ɛ d͡ʒ uː i
sḏꜣ	s ɛ d͡ʒ ɑ
sḥd	s ɛ ħ ɛ d
sḥmyt	s ɛ ħ m iː t
sḥqr	s ɛ ħ ɛ k ɛ r
sḥqꜣ	s ɛ ħ ɛ k ɑ
sḥrj	s ɛ ħ ɛ r i
sḥtm	s ɛ ħ ɛ t ɛ m
sḥtp	s ɛ ħ ɛ t ɛ p
sḥḏ	s ɛ ħ ɛ d͡ʒ
sḥḏw	s e ħ tʼ
sḥḏw	s i ħ cʼ V w
sḥḏw	s i ħ tʼ V w
sḥḏw	s ɛ ħ d͡ʒ uː
sḥꜣbj	s ɛ ħ ɑ b i
sḥꜣj	s ɛ ħ ɑ i
sḫd	s ɛ x ɛ d
sḫdḫd	s ɛ x ɛ d x ɛ d
sḫm	s ɛ x ɛ m
sḫmt	s e χ m ə
sḫmt	s i χ m i t
sḫmt	s i χ m i ʔ
sḫmt	s ɛ x m ɛ t
sḫn	s ɛ x ɛ n
sḫntj	s ɛ x ɛ n ɛ t i
sḫpj	s ɛ x ɛ p i
sḫpr	s ɛ x ɛ p ɛ r
sḫr	s ɛ x ɛ r
sḫry	s ɛ x r iː
sḫt	s aː χ a t
sḫt	s aː χ a ʔ
sḫt	s oː χ ə
sḫt	s ɛ x ɛ t
sḫtj	s e χ t
sḫtj	s i χ t V j
sḫtj	s ɛ x t i
sḫw	s ɛ x uː
sḫꜣj	s e χ ʔ a ʔ
sḫꜣj	s e χ ʔ ə
sḫꜣj	s i χ ʀ i t
sḫꜣj	s i χ ʀ i ʔ
sḫꜣj	s ɛ x ɑ i
sḫꜣw	s ɛ x ɑ uː
sḫꜥj	s ɛ x ɑː i
sṯ	s ɛ t͡ʃ
sṯjt	s ɛ t͡ʃ i t
sṯnj	s ɛ t͡ʃ ɛ n i
sṯt	s ɛ t͡ʃ ɛ t
sṯzj	s ɛ t͡ʃ ɛ z i
sṯzw	s ɛ t͡ʃ ɛ z uː
sṯꜣ	s aː c a ʀ
sṯꜣ	s aː t a ʀ
sṯꜣ	s oː t ə
sṯꜣ	s ɛ t͡ʃ ɑ
sṯꜣt	s ɛ t͡ʃ ɑ t
sẖkr	s ɛ ç k ɛ r
sẖr	s ɛ ç ɛ r
sẖt	s ɛ ç ɛ t
sꜣ	s ɑ
sꜣbt	s ɑ b ɛ t
sꜣdjꜥmj	s ɑ d i ɑː m i
sꜣg	s ɑ ɡ
sꜣgꜣ	s a kʼ
sꜣgꜣ	s ɛ ɡ
sꜣj	s iː ʀ i t
sꜣj	s iː ʀ i ʔ
sꜣj	s iː ʔ a
sꜣj	s iː ʔ ə
sꜣj	s ɑ i
sꜣngꜣr	s ɑ n ɡ ɑ r
sꜣq	s aː ʀ a qʼ
sꜣq	s aː ʔ ə qʼ
sꜣq	s oː ʔ ə qʼ
sꜣq	s ɑ k
sꜣrꜣqw	s ɑ r ɑ k uː
sꜣsꜣ	s ɑ s ɑ
sꜣḥ	s ɑ ħ
sꜣḫ	s ɛ ɑ x
sꜣḫꜣḫ	s ɛ ɑ x ɑ x
sꜣꜣ	s ɑ ʔ ɑ
sꜥb	s ɑː b
sꜥnj	s ɛ ɑː n i
sꜥnḫ	s a ʕ n a χ
sꜥnḫ	s a ʕ n ə χ
sꜥnḫ	s ɛ ɑː n x
sꜥq	s ɛ ɑː k
sꜥr	s ɛ ɑː r
sꜥsꜥ	s ɑː s ɑː
sꜥšꜣ	s ɛ ɑː ʃ ɑ
sꜥḥ	s ɑː ħ
sꜥḥꜥ	s ɛ ɑː ħ ɑː
sꜥꜣj	s ɛ ɑː ʔ ɑ i
t	t ɛ
tf	t e f
tf	t i f
tf	t ɛ f
tfn	t ɛ f ɛ n
tfnt	t ɛ f n ɛ t
tfnwt	t ɛ f n uː t
tfꜣ	t ɛ f ɑ
thj	t ɛ h i
thm	t ɛ h ɛ m
thw	t ɛ h uː
tj	t i
tjkrṯ	t i k r ɛ t͡ʃ
tjmsqw	t i m ɛ s k uː
tjsw	t i s uː
tjt	t i t
tjtj	t i t i
tjw	t i uː
tjꜥꜣ	t i ɑː ʔ ɑ
tkk	t ɛ k ɛ k
tkn	t ɛ k ɛ n
tkꜣ	t aː k a ʀ
tkꜣ	t aː k ə ʔ
tkꜣ	t oː k
tkꜣ	t ɛ k ɑ
tkꜣw	t iː k
tkꜣw	t iː k i w
tkꜣw	t iː k ə ʔ
tkꜣw	t ɛ k ɑ uː
tm	j a t aː m u w
tm	t ɛ m
tm	ʔ a t aː m ə ʔ
tm	ʔ a t oː m
tmm	t ɛ m ɛ m
tmt	t ɛ m ɛ t
tmꜣ	t ɛ m ɑ
tn	t ɛ n
tnj	t ɛ n i
tnm	t ɛ n ɛ m
tnmw	t ɛ n ɛ m uː
tnw	t ɛ n uː
tnṯ	t ɛ n ɛ t͡ʃ
tp	cʼ a p
tp	t ɛ p
tp	tʼ a p
tpj	t a p i j
tpj	t ə p e j
tpj	t ɛ p i
tpr	t ɛ p ɛ r
tpt	t ɛ p ɛ t
tr	t ɛ r
ttj	t a t i j
ttj	t ɛ t i
tw	t uː
twn	t uː n
twr	t uː r
twt	t a w aː t i j
twt	t uː t
twt	t ə w aː t ə ʔ
twt	t ə w oː t
twy	t uː iː
twꜣ	t uː ɑ
twꜣwt	t uː ɑ uː t
tybꜣrys	t iː b ɑ r iː s
tyts	t iː t ɛ s
tšꜣ	t aː š a ʀ
tšꜣ	t oː š ə
tšꜣ	t ɛ ʃ ɑ
tḫj	t iː χ i t
tḫj	t iː χ i ʔ
tḫj	t iː χ ə
tḫj	t ɛ x i
tḫn	t ɛ x ɛ n
tꜣ	t a ʀ
tꜣ	t a ʔ
tꜣ	t i ʀ
tꜣ	t ɑ
tꜣ	t ə
tꜣ	t ə ʔ
tꜣhꜣrqꜣ	t ɑ h ɑ r k ɑ
tꜣj	t ɑ i
tꜣw	t a ʀ w a w
tꜣw	t oː w
tꜣw	t ɑ uː
tꜣwj	t a ʀ w V j
tꜣwj	t aː w ə ʔ
tꜣwj	t oː w
tꜣwj	t ɑ uː i
tꜣy	t ɑ iː
tꜣš	t a ʀ a ʃ
tꜣš	t ɑ ʃ
tꜣš	t ə ʔ a ʃ
w	uː
wbd	w ɛ b ɛ d
wbn	w ɛ b ɛ n
wbnt	w ɛ b n ɛ t
wbnw	w ɛ b ɛ n uː
wbḫ	w a b a χ
wbḫ	w ə β a χ
wbḫ	w ɛ b ɛ x
wbꜣ	w ɛ b ɑ
wbꜣyt	w ɛ b ɑ iː t
wdfj	w e tʼ f ə
wdfj	w i tʼ f i t
wdfj	w i tʼ f i ʔ
wdfj	w ɛ d ɛ f i
wdj	w ɛ d i
wdn	w ɛ d ɛ n
wdpw	w ɛ d p uː
wdḥw	w ɛ d ɛ ħ uː
wfj	w ɛ f i
wfꜣ	w a f
wfꜣ	w a f ʀ u w
wfꜣ	w a f ʔ ə ʔ
wfꜣ	w aː f a ʀ
wfꜣ	w aː f ə ʔ
wfꜣ	w oː f
wfꜣ	w ɛ f ɑ
wgg	w ɛ ɡ ɛ ɡ
wj	w i
wjn	w i n
wjꜣ	w i ɑ
wmt	w ɛ m ɛ t
wmwt	w ɛ m uː t
wn	w a n
wn	w aː n
wn	w oː n
wn	w ɛ n
wnb	w ɛ n ɛ b
wngbw	w ɛ n ɛ ɡ b uː
wnj	w iː n i t
wnj	w iː n i ʔ
wnj	w iː n ə
wnj	w ɛ n i
wnjs	w a n j a s
wnjs	w ɛ n i s
wnm	w aː n a m
wnm	w oː n ə m
wnm	w ɛ n ɛ m
wnmj	w ɛ n m i
wnmt	w ɛ n m ɛ t
wnmw	w ɛ n ɛ m uː
wnn	w a n a n
wnn	w ə n a n
wnn	w ɛ n ɛ n
wnnt	w ɛ n ɛ n ɛ t
wnt	w ɛ n ɛ t
wnwn	w ɛ n uː n
wnwt	w V n aː w a t
wnwt	w V n aː w a ʔ
wnwt	w ə n aː ʔ ə ʔ
wnwt	w ə n oː ʔ
wnwt	w ɛ n uː t
wnḏw	w ɛ n d͡ʒ uː
wnḏwt	w ɛ n ɛ d͡ʒ uː t
wnḫwj	w ɛ n ɛ x uː i
wpj	w ɛ p i
wprt	w ɛ p r ɛ t
wps	w ɛ p ɛ s
wpt	w ɛ p ɛ t
wpw	w ɛ p uː
wpwt	w a p w u t
wpwt	w a p w u ʔ
wpwt	w a p w ə
wpwt	w ɛ p uː t
wpwtj	w a p w u t j V w
wpwtj	w a p w uː t i j
wpwtj	w ə p w eː t
wpwtj	w ə p w ø t j
wpwtj	w ɛ p uː t i
wr	w eː ɾ
wr	w uː ɾ a w
wr	w ɛ r
wrm	w V ɾ a m
wrm	w V ɾ aː m
wrm	w ə ɾ a m
wrm	w ə ɾ oː m
wrm	w ɛ r ɛ m
wrmt	w ɛ r m ɛ t
wrr	w a ɾ a ɾ
wrr	w a ɾ a ʔ
wrr	w ə ɾ a ʔ
wrr	w ɛ r ɛ r
wrrt	w V ɾ i ɾ j V t
wrrt	w V ɾ i ʔ j V ʔ
wrrt	w ə ɾ e ʔ j ə
wrrt	w ɛ r ɛ r ɛ t
wrryt	w ɛ r ɛ r iː t
wrs	w ɛ r ɛ s
wrt	w eː ɾ ə
wrt	w uː ɾ a t
wrt	w uː ɾ a ʔ
wrt	w ɛ r ɛ t
wrš	w ɛ r ɛ ʃ
wršy	w ɛ r ʃ iː
wrḏ	w ɛ r ɛ d͡ʒ
wrḥ	w ɛ r ɛ ħ
ws	w ɛ s
wsj	w iː s i t
wsj	w iː s i ʔ
wsj	w iː s ə
wsj	w ɛ s i
wsjr	w a s j iː ɾ i t
wsjr	w a s j iː ɾ i ʔ
wsjr	w ə s iː ɾ ə
wsjr	w ə s ʔ iː ɾ a ʔ
wsjr	w ɛ s i r
wsn	w ɛ s ɛ n
wspjsyns	w ɛ s p i s iː n ɛ s
wsr	w ɛ s ɛ r
wsrt	w ɛ s r ɛ t
wsrw	w ɛ s ɛ r uː
wst	w ɛ s ɛ t
wsḫ	w ɛ s ɛ x
wsḫt	w e s χ ə
wsḫt	w i s χ a t
wsḫt	w i s χ a ʔ
wsḫt	w ɛ s x ɛ t
wsṯn	w a s c a n
wsṯn	w a s t a n
wsṯn	w a s t ə n
wsṯn	w ɛ s t͡ʃ ɛ n
wt	w ɛ t
wtḫ	w ɛ t ɛ x
wtṯ	w ɛ t ɛ t͡ʃ
wzf	w aː s a f
wzf	w aː z a f
wzf	w oː s ə f
wzf	w ɛ z ɛ f
wzfw	w ɛ z ɛ f uː
wzš	w ɛ z ɛ ʃ
wš	w ɛ ʃ
wšb	w aː ʃ a b
wšb	w oː ʃ ə β
wšb	w ɛ ʃ ɛ b
wšd	w aː ʃ a tʼ
wšd	w oː ʃ ə tʼ
wšd	w ɛ ʃ ɛ d
wšn	w ɛ ʃ ɛ n
wšr	w ɛ ʃ ɛ r
wšš	w ɛ ʃ ɛ ʃ
wḏ	w ɛ d͡ʒ
wḏb	w aː cʼ a b
wḏb	w aː tʼ a b
wḏb	w oː tʼ ə b
wḏb	w ɛ d͡ʒ ɛ b
wḏj	w ɛ d͡ʒ i
wḏt	w ɛ d͡ʒ ɛ t
wḏyt	w ɛ d͡ʒ iː t
wḏꜣ	w ɛ d͡ʒ ɑ
wḏꜣt	w ɛ d͡ʒ ɑ t
wḏꜥ	w aː cʼ a ʕ
wḏꜥ	w aː t͡ʃʼ a ʕ
wḏꜥ	w aː t͡ʃʼ ə ʕ
wḏꜥ	w oː t͡ʃʼ ə ʕ
wḏꜥ	w ɛ d͡ʒ ɑː
wḥm	w ɛ ħ ɛ m
wḥmt	w ɛ ħ m ɛ t
wḥmyt	w ɛ ħ m iː t
wḥyt	w ɛ ħ iː t
wḥꜣ	w ɛ ħ ɑ
wḥꜣt	w a ħ ʀ a t
wḥꜣt	w a ħ ʀ a ʔ
wḥꜣt	w a ħ ʔ ə
wḥꜣt	w ɛ ħ ɑ t
wḥꜥ	w ɛ ħ ɑː
wḫd	w ɛ x ɛ d
wḫdt	w ɛ x d ɛ t
wḫdw	w ɛ x ɛ d uː
wḫt	w a χ iː ʀ a t
wḫt	w a χ iː ʀ a ʔ
wḫt	w ə χ eː ʔ ə
wḫt	w ə χ iː ʔ a
wḫt	w ɛ x ɛ t
wḫꜣ	w iː χ
wḫꜣ	w iː χ i ʀ
wḫꜣ	w iː χ ə ʔ
wḫꜣ	w ɛ x ɑ
wṯz	w ɛ t͡ʃ ɛ z
wꜣ	w ɑ
wꜣb	w ɑ b
wꜣg	w ɑ ɡ
wꜣj	w ɑ i
wꜣjwrjy	w ɑ i uː r i ʔ iː
wꜣr	w ɑ r
wꜣs	w ɑ s
wꜣsj	w ɑ s i
wꜣst	w ɑ s ɛ t
wꜣsꜣrkn	w ɑ s ɑ r k ɛ n
wꜣt	w ɑ t
wꜣw	w ɑ uː
wꜣwꜣt	w ɑ uː ɑ t
wꜣyšꜣtjsꜣpy	w ɑ iː ʃ ɑ t i s ɑ p iː
wꜣḏ	w aː ʀ i cʼ
wꜣḏ	w aː ʀ i tʼ
wꜣḏ	w oː ʔ ə tʼ
wꜣḏ	w ɑ d͡ʒ
wꜣḏt	w ɑ d͡ʒ ɛ t
wꜣḏw	w ɑ d͡ʒ uː
wꜣḥ	w aː ʀ a ħ
wꜣḥ	w oː ʔ ə ħ
wꜣḥ	w ɑ ħ
wꜣḥyt	w ɑ ħ iː t
wꜣḫj	w ɑ x i
wꜥ	w u ʕ ʕ u w
wꜥ	w u ʕ ʕ ə ʔ
wꜥ	w ø ʕ ʕ
wꜥ	w ɑː
wꜥ	w ə ʕ
wꜥb	w a ʕ a b
wꜥb	w eː ʕ ə p
wꜥb	w iː ʕ a b
wꜥb	w ɑː b
wꜥb	w ə ʕ a p
wꜥbt	w ɑː b ɛ t
wꜥf	w ɑː f
wꜥj	w i ʕ j i t
wꜥj	w ɑː i
wꜥr	w ɑː r
wꜥrt	w ɑː r ɛ t
wꜥtj	w u ʕ t i j
wꜥtj	w ɑː t i
wꜥtj	w ə ʕ t e ʔ
wꜥw	w eː ʕ ə
wꜥw	w iː ʕ i w
wꜥw	w iː ʕ ə ʔ
wꜥw	w ɑː uː
wꜥḥ	w ɑː ħ
wꜥꜣ	w i ʕ i ʀ
wꜥꜣ	w ɑː ʔ ɑ
wꜥꜣ	w ə ʕ e j
wꜥꜥw	w ɑː ʔ ɑː uː
ym	iː m
ypw	iː p uː
yrdwnꜣ	iː r d uː n ɑ
ysrjꜣr	iː s r i ɑ r
ywnj	iː uː n i
yḥ	iː ħ
yꜣ	iː ɑ
z	s eː w
z	s u ʀ
z	s u ʀ w a w
z	s u ʔ
z	s uː w ə ʔ
z	s ø ʔ
z	z u ʀ
z	z u ʀ w a w
z	z ɑ
z	z ɛ
zbj	z ɛ b i
zbn	z ɛ b ɛ n
zbṯ	z ɛ b ɛ t͡ʃ
zfn	z ɛ f ɛ n
zft	s eː f ə
zft	s iː f a ʔ
zft	z iː f a t
zft	z ɛ f ɛ t
zfṯ	s aː f a ʔ
zfṯ	s oː f ə
zfṯ	z aː f a c
zfṯ	z ɛ f ɛ t͡ʃ
zfṯyw	z ɛ f t͡ʃ iː uː
zj	z i
zjn	z i n
zjnw	s e j n
zjnw	s i j n V w
zjnw	z i j n V w
zjnw	z i n uː
zkr	s aː k a ʔ
zkr	s oː k ə
zkr	z aː k a ɾ
zkr	z ɛ k ɛ r
zmyt	z ɛ m iː t
zmꜣ	s a m a ʀ
zmꜣ	s ə m a ʔ
zmꜣ	z a m a ʀ
zmꜣ	z ɛ m ɑ
zmꜣyt	z ɛ m ɑ iː t
zn	z ɛ n
znb	z ɛ n ɛ b
znbt	z ɛ n b ɛ t
znf	s i n a f
znf	s ə n a f
znf	z i n a f
znf	z ɛ n ɛ f
znj	s iː n i ʔ
znj	s iː n ə
znj	z iː n i t
znj	z ɛ n i
znt	z ɛ n ɛ t
znḥm	s u n ħ uː m V w
znḥm	s ə n ħ eː m
znḥm	z u n ħ uː m V w
znḥm	z ɛ n ħ ɛ m
zp	s a p
zp	z a p
zp	z ɛ p
zpj	z ɛ p i
zpt	z ɛ p ɛ t
zpꜣ	z ɛ p ɑ
zr	z ɛ r
zt	s u ʔ
zt	s ø ʔ
zt	z u t
zt	z ɛ t
zwn	z uː n
zwr	s aː w a j
zwr	s aː w ə ʔ
zwr	s oː w
zwr	z aː w a ɾ
zwr	z uː r
zwt	z uː t
zy	z iː
zšj	z ɛ ʃ i
zšn	s aː ʃ a n
zšn	s oː ʃ ə n
zšn	z a ʃ aː ʃ a n
zšn	z ɛ ʃ ɛ n
zšy	z ɛ ʃ iː
zššt	z ɛ ʃ ɛ ʃ ɛ t
zšꜣ	z ɛ ʃ ɑ
zḥ	z ɛ ħ
zḫj	z ɛ x i
zḫn	z ɛ x ɛ n
zḫz	z ɛ x ɛ z
zẖj	z ɛ ç i
zẖꜣ	s i ç i ʀ
zẖꜣ	s ə ç e j
zẖꜣ	z i ç i ʀ
zẖꜣ	z ɛ ç ɑ
zẖꜣw	s a ç
zẖꜣw	s a ç ʀ a w
zẖꜣw	s a ç ʀ aː w a w
zẖꜣw	s a ç ʔ ə ʔ
zẖꜣw	s ə ç oː j
zẖꜣw	s ə ç ʔ aː j ə ʔ
zẖꜣw	z a ç ʀ a w
zẖꜣw	z a ç ʀ aː w a w
zẖꜣw	z ɛ ç ɑ uː
zꜣ	s iː ʀ
zꜣ	s iː ʔ
zꜣ	z iː ʀ
zꜣ	z ɑ
zꜣb	s iː ʀ i b
zꜣb	s iː ʔ ə β
zꜣb	z iː ʀ i b
zꜣb	z ɑ b
zꜣt	s iː ʀ u ʔ
zꜣt	s iː ʔ a ʔ
zꜣt	s iː ʔ ə
zꜣt	z iː ʀ u t
zꜣt	z ɑ t
zꜣw	z ɑ uː
zꜣwtj	s V ʀ j a w t V j
zꜣwtj	s ə j a w t
zꜣwtj	s ə ʔ j a w t ə ʔ
zꜣwtj	z V ʀ j a w t V j
zꜣwtj	z ɑ uː t i
zꜣy	z ɑ iː
zꜣṯ	z ɑ t͡ʃ
zꜣṯw	z ɑ t͡ʃ uː
š	ʃ ɛ
šbb	ʃ ɛ b ɛ b
šbn	ʃ ɛ b ɛ n
šbw	ʃ ɛ b uː
šdj	ʃ ɛ d i
šdw	ʃ ɛ d uː
šdšd	ʃ ɛ d ʃ ɛ d
šfd	ʃ ɛ f ɛ d
šfdw	ʃ ɛ f ɛ d uː
šfj	ʃ ɛ f i
šftw	ʃ ɛ f t uː
šfw	ʃ ɛ f uː
šfyt	ʃ ə f eː ʔ
šfyt	ʃ ɛ f iː t
šmj	ʃ i j j V ʔ
šmj	ʃ i m j V t
šmj	ʃ ə
šmj	ʃ ɛ m i
šmm	ʃ ɛ m ɛ m
šmmt	ʃ ɛ m ɛ m ɛ t
šms	ʃ e m s ə
šms	ʃ i m s i j
šms	ʃ ɛ m ɛ s
šmsw	ʃ ɛ m s uː
šmswt	ʃ ɛ m s uː t
šmt	ʃ ɛ m ɛ t
šmw	ʃ aː m a w
šmw	ʃ oː m
šmw	ʃ ɛ m uː
šmꜥ	ʃ ɛ m ɑː
šmꜥw	ʃ ɛ m ɑː uː
šmꜥyt	ʃ ɛ m ɑː iː t
šn	ʃ eː n ə
šn	ʃ uː n V j
šn	ʃ uː n ə ʔ
šn	ʃ ɛ n
šnbt	ʃ ɛ n b ɛ t
šnft	j
šnft	n
šnft	ʃ e n f ə
šnft	ʃ i n f V t
šnft	ʃ i n f V ʔ
šnft	ʃ ɛ n f ɛ t
šnj	ʃ iː n i t
šnj	ʃ iː n i ʔ
šnj	ʃ iː n ə
šnj	ʃ ɛ n i
šns	ʃ ɛ n ɛ s
šntt	ʃ ɛ n t ɛ t
šnw	ʃ V n u w
šnw	ʃ ə n ø ʔ
šnw	ʃ ɛ n uː
šnwt	ʃ ɛ n uː t
šnḏwt	ʃ ɛ n d͡ʒ uː t
šnṯ	ʃ ɛ n ɛ t͡ʃ
šnꜥtj	ʃ ɛ n ɑː t i
šnꜥw	ʃ ɛ n ɑː uː
šps	ʃ ɛ p ɛ s
špsj	ʃ e p s a ʔ
špsj	ʃ e p s ə
špsj	ʃ i p s i t
špsj	ʃ i p s i ʔ
špsj	ʃ ɛ p ɛ s i
špss	ʃ ɛ p s ɛ s
špssw	ʃ ɛ p s ɛ s uː
špst	ʃ e p s a ʔ
špst	ʃ e p s ə
špst	ʃ i p s a t
špst	ʃ i p s a ʔ
špst	ʃ ɛ p s ɛ t
špꜣ	ʃ ɛ p ɑ
šr	ʃ eː ɾ ə
šr	ʃ uː ɾ i j
šr	ʃ uː ɾ ə ʔ
šr	ʃ ɛ r
šrr	ʃ a ɾ a ɾ
šrr	ʃ a ɾ a ʔ
šrr	ʃ ə ɾ a ʔ
šrr	ʃ ɛ r ɛ r
šrt	ʃ ɛ r ɛ t
šs	ʃ ɛ s
šsm	ʃ ɛ s ɛ m
šsp	ʃ ɛ s ɛ p
šspw	ʃ ɛ s p uː
šsr	ʃ ɛ s ɛ r
šsꜣ	ʃ ɛ s ɑ
šsꜣw	ʃ ɛ s ɑ uː
št	ʃ e ʔ
št	ʃ i t
št	ʃ i ʔ
št	ʃ ɛ t
štj	ʃ ɛ t i
štw	ʃ ɛ t uː
štyw	ʃ ɛ t iː uː
štꜣ	ʃ ɛ t ɑ
štꜣw	ʃ ɛ t ɑ uː
šw	ʃ uː
šwj	ʃ uː i
šwt	ʃ uː t
šwꜣw	ʃ uː ɑ uː
šzp	ʃ aː p
šzp	ʃ aː z a p
šzp	ʃ oː p
šzp	ʃ ɛ z ɛ p
šzpt	ʃ ɛ z p ɛ t
ššy	ʃ ɛ ʃ iː
šꜣ	ʃ ɑ
šꜣbw	ʃ ɑ b uː
šꜣbꜣkꜣ	ʃ ɑ b ɑ k ɑ
šꜣbꜣtꜣkꜣ	ʃ ɑ b ɑ t ɑ k ɑ
šꜣd	ʃ ɑ d
šꜣq	ʃ ɑ k
šꜣqb	ʃ ɑ k ɛ b
šꜣqw	ʃ ɑ k uː
šꜣrm	ʃ ɑ r ɛ m
šꜣs	ʃ ɑ s
šꜣsw	ʃ ɑ s uː
šꜣwꜣbtj	ʃ ɑ uː ɑ b t i
šꜣšꜣnq	ʃ ɑ ʃ ɑ n ɛ k
šꜣꜥ	ʃ a ʀ a ʕ
šꜣꜥ	ʃ a ʕ
šꜣꜥ	ʃ ɑ ʔ ɑː
šꜣꜥ	ʃ ə ʔ a ʕ
šꜥ	ʃ ɑː
šꜥd	ʃ ɑː d
šꜥt	ʃ ɑː t
šꜥwt	ʃ ɑː uː t
šꜥy	ʃ aː ʕ V j
šꜥy	ʃ oː ʕ ə ʔ
šꜥy	ʃ ɑː iː
ḏbt	cʼ aː b V t
ḏbt	d͡ʒ ɛ b ɛ t
ḏbt	tʼ aː b V ʔ
ḏbt	tʼ oː β ə
ḏbꜣ	cʼ aː b a ʀ
ḏbꜣ	d͡ʒ ɛ b ɑ
ḏbꜣ	tʼ aː b a ʀ
ḏbꜣ	tʼ oː β ə
ḏbꜣt	d͡ʒ ɛ b ɑ t
ḏbꜣw	d͡ʒ ɛ b ɑ uː
ḏbꜥ	cʼ a b a ʕ
ḏbꜥ	cʼ aː b a ʕ
ḏbꜥ	cʼ uː b a ʕ
ḏbꜥ	d͡ʒ ɛ b ɑː
ḏbꜥ	tʼ a b a ʕ
ḏbꜥ	tʼ aː b a ʕ
ḏbꜥ	tʼ eː β ə ʕ
ḏbꜥ	tʼ oː β ə ʕ
ḏbꜥ	tʼ uː b a ʕ
ḏbꜥ	tʼ ə β a ʕ
ḏbꜥw	d͡ʒ ɛ b ɑː uː
ḏbꜥwt	d͡ʒ ɛ b ɑː uː t
ḏd	cʼ aː tʼ
ḏd	cʼ i tʼ n u
ḏd	d͡ʒ ɛ d
ḏd	t
ḏd	tʼ
ḏd	t͡ʃʼ aː ʔ
ḏd	t͡ʃʼ oː ʔ
ḏd	ʔ
ḏdb	d͡ʒ ɛ d ɛ b
ḏdft	d͡ʒ ɛ d f ɛ t
ḏdj	d͡ʒ ɛ d i
ḏdw	d͡ʒ ɛ d uː
ḏdꜣ	d͡ʒ ɛ d ɑ
ḏfd	d͡ʒ ɛ f ɛ d
ḏfḏ	d͡ʒ ɛ f ɛ d͡ʒ
ḏfꜣ	d͡ʒ ɛ f ɑ
ḏmꜥ	cʼ aː m i ʕ
ḏmꜥ	d͡ʒ ɛ m ɑː
ḏmꜥ	t͡ʃʼ aː m i ʕ
ḏmꜥ	t͡ʃʼ oː m ə ʕ
ḏnb	d͡ʒ ɛ n ɛ b
ḏnd	d͡ʒ ɛ n ɛ d
ḏnjt	d͡ʒ ɛ n i t
ḏnnt	d͡ʒ ɛ n ɛ n ɛ t
ḏnḥ	cʼ uː n a ħ
ḏnḥ	d͡ʒ ɛ n ɛ ħ
ḏnḥ	tʼ eː n ə ħ
ḏnḥ	tʼ uː n a ħ
ḏr	d͡ʒ ɛ r
ḏrj	d͡ʒ ɛ r i
ḏrt	cʼ aː ɾ a t
ḏrt	d͡ʒ ɛ r ɛ t
ḏrt	tʼ aː ɾ a ʔ
ḏrt	tʼ oː ɾ ə
ḏrtj	d͡ʒ ɛ r t i
ḏrtjw	d͡ʒ ɛ r t i uː
ḏrw	d͡ʒ ɛ r uː
ḏryt	d͡ʒ ɛ r iː t
ḏrḏr	d͡ʒ ɛ r d͡ʒ ɛ r
ḏs	d͡ʒ ɛ s
ḏsr	d͡ʒ ɛ s ɛ r
ḏsrt	d͡ʒ ɛ s r ɛ t
ḏt	cʼ a j t u w
ḏt	d͡ʒ ɛ t
ḏt	t͡ʃʼ a j t
ḏt	t͡ʃʼ a j t u w
ḏt	t͡ʃʼ a j t ə ʔ
ḏw	cʼ a w
ḏw	d͡ʒ uː
ḏw	tʼ a w
ḏwj	d͡ʒ uː i
ḏwjw	d͡ʒ uː i uː
ḏws	d͡ʒ uː s
ḏwt	d͡ʒ uː t
ḏḥwtj	cʼ V ħ a w t i j
ḏḥwtj	d͡ʒ ɛ ħ uː t i
ḏḥwtj	tʼ V ħ a w t i j
ḏḥwtj	tʼ ə ħ a w t
ḏḥwtj	tʼ ə ħ a w t ə ʔ
ḏḥwtt	cʼ a ħ a w t a t
ḏḥwtt	d͡ʒ ɛ ħ uː t ɛ t
ḏḥwtt	tʼ a ħ a w t a ʔ
ḏḥwtt	tʼ ə ħ a w t ə
ḏḥꜥ	d͡ʒ ɛ ħ ɑː
ḏꜣ	d͡ʒ ɑ
ḏꜣdw	d͡ʒ ɑ d uː
ḏꜣf	cʼ aː ʀ a f
ḏꜣf	d͡ʒ ɑ f
ḏꜣf	t͡ʃʼ aː ʀ a f
ḏꜣf	t͡ʃʼ oː ʔ ə f
ḏꜣhꜣ	d͡ʒ ɑ h ɑ
ḏꜣj	d͡ʒ ɑ i
ḏꜣjs	d͡ʒ ɑ i s
ḏꜣr	d͡ʒ ɑ r
ḏꜣt	d͡ʒ ɑ t
ḏꜣtt	d͡ʒ ɑ t ɛ t
ḏꜣyt	d͡ʒ ɑ iː t
ḏꜣyw	d͡ʒ ɑ iː uː
ḏꜣḏꜣ	cʼ a ʀ cʼ a ʀ
ḏꜣḏꜣ	d͡ʒ ɑ d͡ʒ ɑ
ḏꜣḏꜣ	t͡ʃʼ a ʀ t͡ʃʼ a ʀ
ḏꜣḏꜣ	t͡ʃʼ aː t͡ʃʼ ə ʔ
ḏꜣḏꜣ	t͡ʃʼ oː t͡ʃʼ
ḏꜣḏꜣt	d͡ʒ ɑ d͡ʒ ɑ t
ḏꜣḏꜣw	d͡ʒ ɑ d͡ʒ ɑ uː
ḏꜥ	d͡ʒ ɑː
ḏꜥm	d͡ʒ ɑː m
ḏꜥnt	cʼ u ʕ n a t
ḏꜥnt	d͡ʒ ɑː n ɛ t
ḏꜥnt	t͡ʃʼ u ʕ n a ʔ
ḏꜥnt	t͡ʃʼ ø ʕ n ə
ḏꜥr	d͡ʒ ɑː r
ḥbnnwt	ħ ɛ b n ɛ n uː t
ḥbs	ħ a b a s
ḥbs	ħ ə β a s
ḥbs	ħ ɛ b ɛ s
ḥbsw	ħ ɛ b ɛ s uː
ḥbsyt	ħ ɛ b s iː t
ḥbw	ħ ɛ b uː
ḥbꜣbꜣ	ħ ɛ b ɑ b ɑ
ḥdb	ħ ɛ d ɛ b
ḥfn	ħ ɛ f ɛ n
ḥfꜣt	ħ a f aː ʀ a t
ḥfꜣt	ħ a f aː ʀ a ʔ
ḥfꜣt	ħ ə f aː ʔ a ʔ
ḥfꜣt	ħ ə f oː ʔ ə
ḥfꜣt	ħ ɛ f ɑ t
ḥfꜣw	ħ a f
ḥfꜣw	ħ a f ʀ a w
ḥfꜣw	ħ a f ʀ aː w a w
ḥfꜣw	ħ a f ʔ ə ʔ
ḥfꜣw	ħ ə f oː j
ḥfꜣw	ħ ə f ʔ aː j ə ʔ
ḥfꜣw	ħ ɛ f ɑ uː
ḥjp	ħ i p
ḥjpt	ħ i p ɛ t
ḥkn	ħ ɛ k ɛ n
ḥknw	ħ ɛ k ɛ n uː
ḥkꜣ	ħ ɛ k ɑ
ḥm	ħ ɛ m
ḥmj	ħ ɛ m i
ḥmsj	ħ e m s a ʔ
ḥmsj	ħ e m s ə
ḥmsj	ħ i m s i t
ḥmsj	ħ i m s i ʔ
ḥmsj	ħ ɛ m ɛ s i
ḥmt	ħ i j a m w a t
ḥmt	ħ i j a m w a ʔ
ḥmt	ħ iː m a t
ḥmt	ħ iː m a ʔ
ḥmt	ħ iː m ə
ḥmt	ħ ə j a m w ə
ḥmt	ħ ɛ m ɛ t
ḥmw	ħ i m i w
ḥmw	ħ ə m e ʔ
ḥmw	ħ ɛ m uː
ḥmwt	ħ ɛ m uː t
ḥmww	ħ ɛ m uː ʔ uː
ḥmy	ħ ɛ m iː
ḥmꜣt	ħ ɛ m ɑ t
ḥn	ħ ɛ n
ḥnj	ħ ɛ n i
ḥnk	ħ aː n a k
ḥnk	ħ oː n ə k
ḥnk	ħ ɛ n ɛ k
ḥnkt	ħ ɛ n k ɛ t
ḥnkyt	ħ ɛ n k iː t
ḥnmmt	ħ ɛ n m ɛ m ɛ t
ḥnmnm	ħ ɛ n ɛ m n ɛ m
ḥnn	ħ ɛ n ɛ n
ḥnqt	ħ ɛ n k ɛ t
ḥns	ħ ɛ n ɛ s
ḥnt	ħ ɛ n ɛ t
ḥnw	ħ ə n e w
ḥnw	ħ ɛ n uː
ḥnwt	ħ ɛ n uː t
ḥnꜥ	ħ ɛ n ɑː
ḥnꜥj	ħ ɛ n ɑː i
ḥnꜥw	ħ ɛ n ɑː uː
ḥp	ħ u j p V w
ḥp	ħ ø ʔ p
ḥp	ħ ɛ p
ḥpt	ħ ɛ p ɛ t
ḥpy	ħ ɛ p iː
ḥqr	ħ a qʼ a ɾ
ḥqr	ħ a qʼ a ʔ
ḥqr	ħ ə qʼ a ʔ
ḥqr	ħ ɛ k ɛ r
ḥqt	ħ ɛ k ɛ t
ḥqꜣ	ħ ɛ k ɑ
ḥqꜣt	ħ ɛ k ɑ t
ḥr	ħ a ɾ
ḥr	ħ a ʔ
ḥr	ħ aː ɾ u w
ḥr	ħ aː ɾ ə ʔ
ḥr	ħ oː ɾ ə
ḥr	ħ ɛ r
ḥrj	ħ a ɾ i j
ḥrj	ħ ə ɾ e j
ḥrj	ħ ɛ r i
ḥrrt	ħ a ɾ uː ɾ a t
ḥrrt	ħ a ɾ uː ɾ a ʔ
ḥrrt	ħ ə ɾ eː ɾ ə
ḥrrt	ħ ɛ r ɛ r ɛ t
ḥrt	ħ ɛ r ɛ t
ḥs	ħ ɛ s
ḥsb	ħ ɛ s ɛ b
ḥsbwt	ħ ɛ s b uː t
ḥsj	ħ ɛ s i
ḥsq	ħ ɛ s ɛ k
ḥtj	ħ ɛ t i
ḥtm	ħ ɛ t ɛ m
ḥtp	ħ aː t i p
ḥtp	ħ o t ɛ p
ḥtp	ħ oː t ə p
ḥtp	ħ ɛ t ɛ p
ḥtpt	ħ ɛ t ɛ p ɛ t
ḥtpw	ħ a t p a w
ḥtpw	ħ a ʔ p
ḥtpw	ħ a ʔ p a w
ḥtpw	ħ ɛ t ɛ p uː
ḥtpwt	ħ ɛ t ɛ p uː t
ḥtrj	ħ ɛ t r i
ḥtrw	ħ ɛ t ɛ r uː
ḥts	ħ ɛ t ɛ s
ḥtt	ħ ɛ t ɛ t
ḥtyt	ħ ɛ t iː t
ḥw	ħ uː
ḥwj	ħ uː i
ḥwn	ħ uː n
ḥwnt	ħ uː n ɛ t
ḥwrw	ħ uː r uː
ḥwt	ħ a w ə
ḥwt	ħ aː w i t
ḥwt	ħ aː w i ʔ
ḥwt	ħ oː w ə
ḥwt	ħ uː t
ḥwt	ħ ə w ə
ḥww	ħ uː ʔ uː
ḥwꜣ	ħ aː w a ʀ
ḥwꜣ	ħ aː w ə ʔ
ḥwꜣ	ħ oː w
ḥwꜣ	ħ uː ɑ
ḥwꜣꜣt	ħ uː ɑ ʔ ɑ t
ḥwꜥ	ħ uː ɑː
ḥzj	ħ ɛ z i
ḥzmn	ħ ɛ z m ɛ n
ḥzp	ħ ɛ z ɛ p
ḥzt	ħ ɛ z ɛ t
ḥzy	ħ ɛ z iː
ḥzꜣ	ħ ɛ z ɑ
ḥzꜣt	ħ ɛ z ɑ t
ḥḏ	ħ aː cʼ
ḥḏ	ħ aː tʼ
ḥḏ	ħ e tʼ
ḥḏ	ħ eː tʼ
ḥḏ	ħ i cʼ
ḥḏ	ħ i tʼ
ḥḏ	ħ oː tʼ
ḥḏ	ħ uː cʼ a w
ḥḏ	ħ uː tʼ a w
ḥḏ	ħ ɛ d͡ʒ
ḥḏj	ħ ɛ d͡ʒ i
ḥḏt	ħ e cʼ j ə
ḥḏt	ħ u cʼ j a t
ḥḏt	ħ u cʼ j a ʔ
ḥḏt	ħ ɛ d͡ʒ ɛ t
ḥḏw	ħ ɛ d͡ʒ uː
ḥḥ	ħ a ħ
ḥḥ	ħ ɛ ħ
ḥḥj	ħ ɛ ħ i
ḥḥw	ħ ɛ ħ uː
ḥṯṯt	ħ a c c a t
ḥṯṯt	ħ a ʔ t͡ʃ a ʔ
ḥṯṯt	ħ ə ʔ t͡ʃ a ʔ
ḥṯṯt	ħ ɛ t͡ʃ ɛ t͡ʃ ɛ t
ḥꜣ	ħ ɑ
ḥꜣb	ħ a p
ḥꜣb	ħ a ʀ a b
ḥꜣb	ħ ɑ b
ḥꜣb	ħ ə ʔ a b
ḥꜣbj	ħ i ʀ b i t
ḥꜣbj	ħ i ʀ b i ʔ
ḥꜣbj	ħ iː b a ʔ
ḥꜣbj	ħ iː β ə
ḥꜣbj	ħ ɑ b i
ḥꜣj	ħ ɑ i
ḥꜣm	ħ ɑ m
ḥꜣp	ħ aː ʀ a p
ḥꜣp	ħ oː ʔ ə p
ḥꜣp	ħ ɑ p
ḥꜣq	ħ ɑ k
ḥꜣt	ħ eː ʔ
ḥꜣt	ħ uː ʀ i t
ḥꜣt	ħ uː ʀ i ʔ
ḥꜣt	ħ ɑ t
ḥꜣtj	ħ eː t
ḥꜣtj	ħ u ʀ iː t i j
ḥꜣtj	ħ ɑ t i
ḥꜣtt	ħ ɑ t ɛ t
ḥꜣw	ħ ɑ uː
ḥꜣyt	ħ ɑ iː t
ḥꜣḥꜣ	ħ ɑ ħ ɑ
ḥꜥb	ħ ɑː b
ḥꜥj	ħ ɑː i
ḥꜥpj	ħ V j p i j
ḥꜥpj	ħ V ʕ p i j
ḥꜥpj	ħ ɑː p i
ḥꜥpj	ħ ə p e j
ḥꜥpj	ħ ə ʔ p e j
ḥꜥt	ħ ɑː t
ḥꜥw	ħ ɑː uː
ḥꜥḏꜣ	ħ ɑː d͡ʒ ɑ
ḥꜥꜥwt	ħ ɑː ʔ ɑː uː t
ḫ	x ɛ
ḫbj	x ɛ b i
ḫbs	x ɛ b ɛ s
ḫbzt	x ɛ b z ɛ t
ḫbzwt	x ɛ b z uː t
ḫbꜣ	x ɛ b ɑ
ḫbꜣ	χ aː b a ʀ
ḫbꜣ	χ oː p
ḫdj	x ɛ d i
ḫdj	χ iː tʼ i t
ḫdj	χ iː tʼ i ʔ
ḫdj	χ iː tʼ ə
ḫft	x ɛ f ɛ t
ḫftj	x ɛ f t i
ḫftt	x ɛ f ɛ t ɛ t
ḫftw	x ɛ f ɛ t uː
ḫfꜣꜣt	x ɛ f ɑ ʔ ɑ t
ḫfꜥ	x ɛ f ɑː
ḫm	x ɛ m
ḫm	χ aː m
ḫm	χ oː m
ḫmnjw	x ɛ m n i uː
ḫmnjw	χ a m n i j j a w
ḫmnnw	x ɛ m ɛ n n uː
ḫmnw	x ɛ m ɛ n uː
ḫmnw	χ a m aː n a w
ḫmnw	χ ə m aː n ə ʔ
ḫmnw	χ ə m oː n
ḫmnyw	x ɛ m ɛ n iː uː
ḫmt	x ɛ m ɛ t
ḫmtnw	x ɛ m ɛ t n uː
ḫmtw	x ɛ m ɛ t uː
ḫmtw	χ a m t
ḫmtw	χ a m t a w
ḫmtw	χ a m t ə ʔ
ḫmw	x ɛ m uː
ḫmꜥt	x ɛ m ɑː t
ḫn	x ɛ n
ḫnd	x ɛ n ɛ d
ḫndw	x ɛ n d uː
ḫnfw	x ɛ n ɛ f uː
ḫnj	x ɛ n i
ḫnm	x ɛ n ɛ m
ḫnms	x ɛ n m ɛ s
ḫnmt	x ɛ n m ɛ t
ḫnmw	x ɛ n ɛ m uː
ḫnp	x ɛ n ɛ p
ḫnr	x ɛ n ɛ r
ḫnrt	x ɛ n r ɛ t
ḫnrtt	x ɛ n r ɛ t ɛ t
ḫnsw	x ɛ n s uː
ḫnsw	χ a n s
ḫnsw	χ a n s V w
ḫnsw	χ a n s ə ʔ
ḫnt	x ɛ n ɛ t
ḫntj	x ɛ n t i
ḫntj	x ɛ n ɛ t i
ḫntj	χ e n t ə
ḫntj	χ i n t i t
ḫntj	χ i n t i ʔ
ḫntw	x ɛ n ɛ t uː
ḫntyt	x ɛ n t iː t
ḫntš	x ɛ n t ɛ ʃ
ḫnws	x ɛ n uː s
ḫnz	x ɛ n ɛ z
ḫpd	x ɛ p ɛ d
ḫpdwj	x ɛ p d uː i
ḫpj	x ɛ p i
ḫpr	x ɛ p ɛ r
ḫpr	χ aː p a ɾ
ḫpr	χ aː p a ʔ
ḫpr	χ oː p ə
ḫprj	x ɛ p r i
ḫprr	x ɛ p r ɛ r
ḫprw	x ɛ p ɛ r uː
ḫprw	χ u p i ɾ w a w
ḫprw	χ u p ɾ a w
ḫprw	χ ø p ɾ
ḫprw	χ ə p e ʔ ɾ
ḫprš	x ɛ p r ɛ ʃ
ḫpš	x o p ɛ ʃ
ḫpš	x ɛ p ɛ ʃ
ḫpš	χ aː p V ʃ
ḫpš	χ oː p ə ʃ
ḫr	x ɛ r
ḫrj	x ɛ r i
ḫrp	x ɛ r ɛ p
ḫrp	χ aː ɾ a p
ḫrp	χ oː ɾ ə p
ḫrpw	x ɛ r p uː
ḫrs	x ɛ r ɛ s
ḫrt	x ɛ r ɛ t
ḫrw	x ɛ r uː
ḫrw	χ a ɾ a w
ḫrw	χ ə ɾ a w
ḫrwy	x ɛ r uː iː
ḫrwyw	x ɛ r uː iː uː
ḫryt	x ɛ r iː t
ḫsbd	x ɛ s b ɛ d
ḫsbḏ	x ɛ s b ɛ d͡ʒ
ḫsf	x ɛ s ɛ f
ḫsf	χ aː s a f
ḫsf	χ oː s ə f
ḫsfj	x ɛ s f i
ḫsr	x ɛ s ɛ r
ḫt	x ɛ t
ḫt	χ e ʔ
ḫt	χ i t
ḫt	χ i ʔ
ḫtj	x ɛ t i
ḫtj	χ iː t a ʔ
ḫtj	χ iː t i t
ḫtj	χ iː t i ʔ
ḫtj	χ iː t ə
ḫtm	x ɛ t ɛ m
ḫtḫt	x ɛ t x ɛ t
ḫtꜣ	x ɛ t ɑ
ḫw	x uː
ḫwd	x uː d
ḫwj	x uː i
ḫwzj	x uː z i
ḫwzj	χ i w z i t
ḫšꜣyꜣrwšꜣ	x ɛ ʃ ɑ iː ɑ r uː ʃ ɑ
ḫḫ	x ɛ x
ḫḫ	χ e χ
ḫḫ	χ i χ
ḫꜣ	x ɑ
ḫꜣ	χ a ʀ
ḫꜣ	χ a ʔ
ḫꜣb	x ɑ b
ḫꜣbꜣbꜣšꜣ	x ɑ b ɑ b ɑ ʃ ɑ
ḫꜣj	x ɑ i
ḫꜣjw	x ɑ i uː
ḫꜣm	x ɑ m
ḫꜣrw	x ɑ r uː
ḫꜣrw	χ u ɾ ɾ a w
ḫꜣrw	χ ø ɾ ɾ
ḫꜣst	x ɑ s ɛ t
ḫꜣstjw	x ɑ s t i uː
ḫꜣt	x ɑ t
ḫꜣtb	x ɑ t ɛ b
ḫꜣwj	x ɑ uː i
ḫꜣwt	x ɑ uː t
ḫꜣy	x ɑ iː
ḫꜣyt	x ɑ iː t
ḫꜣz	x ɑ z
ḫꜣḫ	x ɑ x
ḫꜣḫꜣ	x ɑ x ɑ
ḫꜣꜥ	x ɑ ʔ ɑː
ḫꜣꜥ	χ aː ʀ a ʕ
ḫꜣꜥ	χ oː ʔ ə ʕ
ḫꜥj	x ɑː i
ḫꜥj	χ a ʕ j a
ḫꜥj	χ e ʕ j ə
ḫꜥj	χ i ʕ j i t
ḫꜥj	χ i ʕ j i ʔ
ḫꜥw	x ɑː uː
ṯb	t͡ʃ ɛ b
ṯbwt	t͡ʃ ɛ b uː t
ṯm	t͡ʃ ɛ m
ṯms	t͡ʃ ɛ m ɛ s
ṯmt	t͡ʃ ɛ m ɛ t
ṯmḥ	t͡ʃ ɛ m ɛ ħ
ṯmꜣ	t͡ʃ ɛ m ɑ
ṯn	t͡ʃ ɛ n
ṯnj	c aː n a j
ṯnj	t aː n a j
ṯnj	t oː n
ṯnj	t͡ʃ ɛ n i
ṯnm	t͡ʃ ɛ n ɛ m
ṯnw	t͡ʃ ɛ n uː
ṯnwt	t͡ʃ ɛ n uː t
ṯnḥr	t͡ʃ ɛ n ħ ɛ r
ṯnṯꜣt	t͡ʃ ɛ n t͡ʃ ɑ t
ṯpḥt	t͡ʃ ɛ p ħ ɛ t
ṯrm	c aː ɾ a m
ṯrm	t͡ʃ aː ɾ a m
ṯrm	t͡ʃ oː ɾ ə m
ṯrm	t͡ʃ ɛ r ɛ m
ṯrp	t͡ʃ ɛ r ɛ p
ṯrt	c aː ɾ a t
ṯrt	t aː ɾ a ʔ
ṯrt	t oː ɾ ə
ṯrt	t͡ʃ ɛ r ɛ t
ṯw	t͡ʃ uː
ṯwfj	t͡ʃ a w f
ṯwfj	t͡ʃ uː f i
ṯwn	t͡ʃ uː n
ṯwt	t͡ʃ uː t
ṯz	c iː z u w
ṯz	t͡ʃ iː s u w
ṯz	t͡ʃ iː s ə
ṯz	t͡ʃ ɛ z
ṯzj	c iː z i t
ṯzj	t͡ʃ iː s i ʔ
ṯzj	t͡ʃ iː s ə
ṯzj	t͡ʃ ɛ z i
ṯzm	t͡ʃ ɛ z ɛ m
ṯzt	t͡ʃ ɛ z ɛ t
ṯztj	t͡ʃ ɛ z t i
ṯš	t͡ʃ ɛ ʃ
ṯḥn	t͡ʃ ɛ ħ ɛ n
ṯḥnt	t͡ʃ ɛ ħ n ɛ t
ṯḥnw	t͡ʃ ɛ ħ ɛ n uː
ṯḥw	t͡ʃ ɛ ħ uː
ṯꜣ	t͡ʃ ɑ
ṯꜣj	c i ʀ j i t
ṯꜣj	t͡ʃ i ʀ j i ʔ
ṯꜣj	t͡ʃ iː ʔ a ʔ
ṯꜣj	t͡ʃ iː ʔ ə
ṯꜣj	t͡ʃ ɑ i
ṯꜣm	t͡ʃ ɑ m
ṯꜣr	t͡ʃ ɑ r
ṯꜣtj	t͡ʃ ɑ t i
ṯꜣtt	t͡ʃ ɑ t ɛ t
ṯꜣw	c i ʀ w i t
ṯꜣw	c u ʀ w u w
ṯꜣw	t eː w
ṯꜣw	t u ʀ w u w
ṯꜣw	t͡ʃ i ʀ w i ʔ
ṯꜣw	t͡ʃ iː w ə
ṯꜣw	t͡ʃ ɑ uː
ṯꜣy	t͡ʃ ɑ iː
ẖdb	ç aː tʼ a b
ẖdb	ç oː tʼ ə β
ẖdb	ç ɛ d ɛ b
ẖkr	ç ɛ k ɛ r
ẖkrw	ç ɛ k ɛ r uː
ẖn	ç ɛ n
ẖnj	ç ɛ n i
ẖnm	ç ɛ n ɛ m
ẖnmt	ç a n m a ʔ
ẖnmt	ç a n m ə
ẖnmt	ç ɛ n m ɛ t
ẖnmw	ç a n aː m a w
ẖnmw	ç ə n oː m
ẖnmw	ç ɛ n m uː
ẖnn	ç ɛ n ɛ n
ẖnnw	ç ɛ n ɛ n uː
ẖntj	ç ɛ n t i
ẖnw	ç aː n a w
ẖnw	ç aː n ə ʔ
ẖnw	ç oː n
ẖnw	ç ɛ n uː
ẖnyt	ç ɛ n iː t
ẖpꜣ	ç a p l a w
ẖpꜣ	ç ə p l e
ẖpꜣ	ç ɛ p ɑ
ẖpꜣw	ç ɛ p ɑ uː
ẖr	ç u ɾ
ẖr	ç u ʔ
ẖr	ç ø ʔ
ẖr	ç ɛ r
ẖrd	ç a ɾ a tʼ
ẖrd	ç ə ɾ a tʼ
ẖrd	ç ɛ r ɛ d
ẖrdw	ç ɛ r ɛ d uː
ẖrj	ç u ɾ i j
ẖrj	ç ə ɾ e j
ẖrj	ç ɛ r i
ẖrt	ç u ɾ i t
ẖrt	ç u ɾ i ʔ
ẖrt	ç ə ɾ e ʔ
ẖrt	ç ɛ r ɛ t
ẖrw	ç ɛ r uː
ẖrwj	ç ɛ r uː i
ẖt	ç eː w ə
ẖt	ç uː w a t
ẖt	ç uː w a ʔ
ẖt	ç ɛ t
ẖzj	ç iː s i ʔ
ẖzj	ç iː s ə
ẖzj	ç iː z i t
ẖzj	ç ɛ z i
ẖꜣr	ç ɑ r
ẖꜣrt	ç ɑ r ɛ t
ẖꜣt	ç ɑ t
ẖꜣyt	ç ɑ iː t
ẖꜥm	ç ɑː m
ẖꜥq	ç ɑː k
ꜣ	ɑ
ꜣb	ɑ b
ꜣbb	ɑ b ɛ b
ꜣbb	ʔ ə β a β
ꜣbd	ɑ b ɛ d
ꜣbd	ʀ a b a tʼ
ꜣbd	ʀ a b u tʼ w
ꜣbd	ʀ a b uː tʼ a w
ꜣbd	ʔ ə β a tʼ
ꜣbd	ʔ ə β eː tʼ
ꜣbd	ʔ ə β ø tʼ ʔ
ꜣbj	ɑ b i
ꜣbnjnj	ɑ b n i n i
ꜣbnn	ɑ b n ɛ n
ꜣbt	ɑ b ɛ t
ꜣbw	j eː β
ꜣbw	j uː b ə ʔ
ꜣbw	ɑ b uː
ꜣbw	ʀ aː b a w
ꜣbw	ʀ uː b a w
ꜣbw	ʔ aː b ə ʔ
ꜣbw	ʔ oː β
ꜣbwt	ɑ b uː t
ꜣby	ɑ b iː
ꜣbyt	ɑ b iː t
ꜣbḏw	ɑ b ɛ d͡ʒ uː
ꜣbḏw	ʀ a b aː cʼ a w
ꜣbḏw	ʀ a b aː tʼ a w
ꜣbḏw	ʔ ə β oː tʼ
ꜣbḫ	ɑ b ɛ x
ꜣbḫ	ʀ aː b a χ
ꜣbḫ	ʔ oː β ə χ
ꜣbḫt	ɑ b x ɛ t
ꜣbꜣb	ɑ b ɑ b
ꜣd	ɑ d
ꜣd	ʀ aː tʼ
ꜣd	ʔ aː tʼ
ꜣd	ʔ oː tʼ
ꜣdt	ɑ d ɛ t
ꜣdw	ɑ d uː
ꜣdw	ʀ aː tʼ a w
ꜣdw	ʔ aː tʼ ə ʔ
ꜣdw	ʔ oː tʼ
ꜣf	ɑ f
ꜣfj	ɑ f i
ꜣfjw	ɑ f i uː
ꜣfr	ɑ f ɛ r
ꜣfꜣf	ɑ f ɑ f
ꜣfꜥ	ɑ f ɑː
ꜣgbj	ɑ ɡ b i
ꜣhd	ɑ h ɛ d
ꜣhmt	ɑ h m ɛ t
ꜣhw	ɑ h uː
ꜣj	ɑ i
ꜣjs	ɑ i s
ꜣjwj	ɑ i uː i
ꜣk	ɑ k
ꜣkr	ɑ k ɛ r
ꜣkwt	ɑ k uː t
ꜣm	ɑ m
ꜣmj	ɑ m i
ꜣmm	ɑ m ɛ m
ꜣmm	ʀ a m a m
ꜣmm	ʔ ə m a m
ꜣmmt	ɑ m ɛ m ɛ t
ꜣmmw	ɑ m ɛ m uː
ꜣms	ɑ m ɛ s
ꜣmw	ɑ m uː
ꜣmwt	ɑ m uː t
ꜣmꜥ	ɑ m ɑː
ꜣmꜥt	ɑ m ɑː t
ꜣpd	ɑ p ɛ d
ꜣpd	ʀ aː p V tʼ
ꜣpd	ʔ oː p ə tʼ
ꜣpdwt	ɑ p d uː t
ꜣpḥ	ɑ p ɛ ħ
ꜣpꜣrwywsꜣ	ɑ p ɑ r uː iː uː s ɑ
ꜣq	ɑ k
ꜣqw	ɑ k uː
ꜣqḥw	ɑ k ɛ ħ uː
ꜣr	ɑ r
ꜣrwksjndrs	ɑ r uː k s i n ɛ d r ɛ s
ꜣrwtꜣḫšꜣšꜣs	ɑ r uː t ɑ x ʃ ɑ ʃ ɑ s
ꜣryt	ɑ r iː t
ꜣs	ɑ s
ꜣsbyw	ɑ s b iː uː
ꜣst	ɑ s ɛ t
ꜣst	ʀ uː s a t
ꜣst	ʀ uː s a ʔ
ꜣst	ʔ eː s ə
ꜣst	ʔ uː s a ʔ
ꜣsḫ	ɑ s ɛ x
ꜣt	ɑ t
ꜣtf	ɑ t ɛ f
ꜣtjwt	ɑ t i uː t
ꜣtp	ɑ t ɛ p
ꜣtpwt	ɑ t p uː t
ꜣtyt	ɑ t iː t
ꜣw	ɑ uː
ꜣw	ʀ a w
ꜣw	ʔ a w
ꜣwj	ɑ uː i
ꜣwj	ʀ aː w a j
ꜣwj	ʔ oː w
ꜣwr	ɑ uː r
ꜣwsw	ɑ uː s uː
ꜣwt	ɑ uː t
ꜣwtqrtr	ɑ uː t ɛ k r ɛ t ɛ r
ꜣwšꜣ	ɑ uː ʃ ɑ
ꜣwšꜣmm	ɑ uː ʃ ɑ m ɛ m
ꜣwšꜣmm	ʔ u ʀ u ʃ a l i m u m
ꜣwḥ	ɑ uː ħ
ꜣwḫ	ɑ uː x
ꜣyt	ɑ iː t
ꜣz	ɑ z
ꜣzb	ɑ z ɛ b
ꜣzḫ	ɑ z ɛ x
ꜣzḫ	ʀ aː s a χ
ꜣzḫ	ʀ aː z a χ
ꜣzḫ	ʔ oː s ə χ
ꜣš	ɑ ʃ
ꜣšr	ɑ ʃ ɛ r
ꜣšrt	ɑ ʃ r ɛ t
ꜣḥ	ɑ ħ
ꜣḥt	j oː ħ ə
ꜣḥt	ɑ ħ ɛ t
ꜣḥt	ʀ aː ħ a t
ꜣḥt	ʀ aː ħ a ʔ
ꜣḫ	ɑ x
ꜣḫ	ʀ aː χ
ꜣḫ	ʀ iː χ u w
ꜣḫ	ʔ aː χ
ꜣḫ	ʔ iː χ
ꜣḫ	ʔ iː χ ə ʔ
ꜣḫ	ʔ oː χ
ꜣḫf	ɑ x ɛ f
ꜣḫfḫf	ɑ x ɛ f x ɛ f
ꜣḫt	ɑ x ɛ t
ꜣḫtj	ɑ x t i
ꜣḫw	ɑ x uː
ꜣḫw	ʀ aː χ a w
ꜣḫw	ʔ aː χ ə ʔ
ꜣḫw	ʔ oː χ
ꜣḫyt	ɑ x iː t
ꜣḫꜣḫ	ɑ x ɑ x
ꜣṯj	ɑ t͡ʃ i
ꜣṯp	ɑ t͡ʃ ɛ p
ꜣṯp	ʀ aː c a p
ꜣṯp	ʀ aː t a p
ꜣṯp	ʔ oː t ə p
ꜣṯpw	ɑ t͡ʃ ɛ p uː
ꜣṯt	ɑ t͡ʃ ɛ t
ꜣṯwt	ɑ t͡ʃ uː t
ꜣṯyt	ɑ t͡ʃ iː t
ꜣẖꜥ	ɑ ç ɑː
ꜣẖꜥt	ɑ ç ɑː t
ꜣꜣ	ɑ ʔ ɑ
ꜣꜣt	ɑ ʔ ɑ t
ꜣꜣtꜣ	ɑ ʔ ɑ t ɑ
ꜣꜥbt	ɑ ʔ ɑː b ɛ t
ꜣꜥfj	ɑ ʔ ɑː f i
ꜣꜥw	ɑ ʔ ɑː uː
ꜣꜥz	ɑ ʔ ɑː z
ꜣꜥꜥ	ɑ ʔ ɑː ʔ ɑː
ꜣꜥꜥbw	ɑ ʔ ɑː ɑː b uː
ꜣꜥꜥnj	ɑ ʔ ɑː ɑː n i
ꜣꜥꜥt	ɑ ʔ ɑː ɑː t
ꜣꜥꜥw	ɑ ʔ ɑː ɑː uː
ꜣꜥꜥwj	ɑ ʔ ɑː ɑː uː i
ꜥ	d uː j
ꜥ	ɑː
ꜥ	ʕ eː j
ꜥ	ʕ uː j
ꜥb	ɑː b
ꜥbj	ɑː b i
ꜥbnḫ	ɑː b n ɛ x
ꜥbw	ɑː b uː
ꜥbw	ʕ aː b a w
ꜥbw	ʕ oː β
ꜥbḫn	ɑː b x ɛ n
ꜥbꜣ	ɑː b ɑ
ꜥbꜥb	ɑː b ɑː b
ꜥf	ɑː f
ꜥff	ɑː f ɛ f
ꜥff	ʕ u f f V j
ꜥff	ʕ ø f f
ꜥftj	ɑː f t i
ꜥfḏt	ɑː f d͡ʒ ɛ t
ꜥfꜣy	ɑː f ɑ iː
ꜥgt	ɑː ɡ ɛ t
ꜥkꜣ	ɑː k ɑ
ꜥm	ɑː m
ꜥmm	ɑː m ɛ m
ꜥmr	ɑː m ɛ r
ꜥmḏ	ɑː m ɛ d͡ʒ
ꜥmḏ	ʕ oː m ə t͡ʃʼ
ꜥmꜥm	ɑː m ɑː m
ꜥmꜥt	ɑː m ɑː t
ꜥmꜥt	ʕ a m ʕ a t
ꜥmꜥt	ʕ a m ʕ a ʔ
ꜥmꜥt	ʕ a m ʕ ə
ꜥmꜥꜣ	ɑː m ɑː ʔ ɑ
ꜥmꜥꜣt	ɑː m ɑː ʔ ɑ ɛ t
ꜥn	ɑː n
ꜥnb	ɑː n ɛ b
ꜥnb	ʕ V n aː b V w
ꜥnb	ʕ a n oː β ə
ꜥnj	ɑː n i
ꜥnn	ɑː n ɛ n
ꜥnn	ʕ a n a n
ꜥnq	ɑː n ɛ k
ꜥnqt	ɑː n k ɛ t
ꜥnt	ɑː n ɛ t
ꜥntj	ɑː n t i
ꜥntjt	ɑː n t i t
ꜥntjw	ɑː n t i uː
ꜥnḏ	ɑː n ɛ d͡ʒ
ꜥnḏw	ɑː n d͡ʒ uː
ꜥnḏw	ʕ a n cʼ a w w u w
ꜥnḏw	ʕ a n tʼ a w w u w
ꜥnḏw	ʕ ə n tʼ a w w ə
ꜥnḫ	ɑː n x
ꜥnḫ	ʕ a n a χ
ꜥnḫ	ʕ aː n a χ
ꜥnḫ	ʕ aː n ə χ
ꜥnḫ	ʕ oː n ə χ
ꜥnḫwj	ɑː n x uː i
ꜥnꜥn	ɑː n ɑː n
ꜥpj	ɑː p i
ꜥpr	ɑː p ɛ r
ꜥpšꜣy	ɑː p ʃ ɑ iː
ꜥq	ɑː k
ꜥq	ʕ aː qʼ
ꜥq	ʕ oː qʼ
ꜥqw	ɑː k uː
ꜥqw	ʕ a qʼ w
ꜥqw	ʕ a qʼ w u w
ꜥqyt	ɑː k iː t
ꜥqꜣ	ɑː k ɑ
ꜥrf	ɑː r ɛ f
ꜥrq	ɑː r ɛ k
ꜥrq	ʕ a l a qʼ
ꜥrq	ʕ a l aː qʼ a w
ꜥrq	ʕ a l oː qʼ
ꜥrq	ʕ aː l a qʼ
ꜥrq	ʕ oː l ə qʼ
ꜥrqy	ɑː r k iː
ꜥrrwt	ɑː r ɛ r uː t
ꜥrt	ɑː r ɛ t
ꜥsṯjrṯt	ɑː s t͡ʃ i r t͡ʃ ɛ t
ꜥt	ɑː t
ꜥtḫ	ɑː t ɛ x
ꜥwt	ɑː uː t
ꜥwꜣ	ɑː uː ɑ
ꜥwꜣj	ɑː uː ɑ i
ꜥwꜣy	ɑː uː ɑ iː
ꜥš	ɑː ʃ
ꜥš	ʕ aː ʃ
ꜥš	ʕ oː ʃ
ꜥšm	ɑː ʃ ɛ m
ꜥšꜣ	ɑː ʃ ɑ
ꜥšꜣ	ʕ a ʃ e j
ꜥšꜣ	ʕ i ʃ i ʀ
ꜥšꜣt	ɑː ʃ ɑ t
ꜥḏ	ɑː d͡ʒ
ꜥḏt	ɑː d͡ʒ ɛ t
ꜥḥ	ɑː ħ
ꜥḥꜣ	ɑː ħ ɑ
ꜥḥꜣw	ɑː ħ ɑ uː
ꜥḥꜣwtj	ɑː ħ ɑ uː t i
ꜥḥꜣwtj	ʕ a ħ ʀ a w t i j
ꜥḥꜣwtj	ʕ ə ħ a w t
ꜥḥꜥ	ɑː ħ ɑː
ꜥḥꜥ	ʕ aː ħ a ʕ
ꜥḥꜥ	ʕ aː ħ ə ʕ
ꜥḥꜥ	ʕ oː ħ ə ʕ
ꜥḥꜥw	j a ħ j a w
ꜥḥꜥw	ɑː ħ ɑː uː
ꜥḥꜥw	ʕ a ħ ʕ a w
ꜥḫm	ɑː x ɛ m
ꜥḫm	ʕ aː χ a m
ꜥḫm	ʕ oː χ ə m
ꜥḫḫw	ɑː x ɛ x uː
ꜥẖj	ɑː ç i
ꜥẖm	ɑː ç ɛ m
ꜥẖm	ʕ a ç aː m a w
ꜥẖm	ʕ a ç oː m
ꜥꜣ	i ʕ a ʀ
ꜥꜣ	ɑː ʔ ɑ
ꜥꜣ	ʕ a ʀ
ꜥꜣ	ʕ a ʔ
ꜥꜣ	ʕ o ʔ
ꜥꜣb	ɑː ʔ ɑ b
ꜥꜣdt	ɑː ʔ ɑ d ɛ t
ꜥꜣg	ɑː ʔ ɑ ɡ
ꜥꜣj	ɑː ʔ ɑ i
ꜥꜣj	ʕ i ʀ j i t
ꜥꜣj	ʕ i ʀ j i ʔ
ꜥꜣj	ʕ iː ʔ ə
ꜥꜣm	ɑː ʔ ɑ m
ꜥꜣmt	ɑː ʔ ɑ m ɛ t
ꜥꜣnbpꜣjr	ɑː ʔ ɑ n ɛ b p ɑ i r
ꜥꜣpp	ɑː ʔ ɑ p ɛ p
ꜥꜣpp	ʕ V ʀ p aː p V w
ꜥꜣpp	ʕ a p oː p
ꜥꜣpp	ʕ a ʔ p aː p ə ʔ
ꜥꜣt	ɑː ʔ ɑ t
ꜥꜣw	ɑː ʔ ɑ uː
ꜥꜣꜥ	ɑː ʔ ɑ ʔ ɑː
ꜥꜥb	ɑː ʔ ɑː b
ꜥꜥft	ɑː ʔ ɑː f ɛ t
ꜥꜥj	ɑː ʔ ɑː i
ꜥꜥw	ɑː ʔ ɑː uː
