άαχεν	ɐˑ ɐ ç e n
άγγελοσ	a ŋ ɟ ɛ l ɔ s
άγιε	a ʝ e
άγχοσ	a ŋ x ɔ s
άθυρμα	a θ i ɾ m a
άλφα	a l f a
άμεσοσ	a m ɛ s ɔ s
άντρασ	a n d r a s
άπαπα	a p a p a
άργιλοσ	a ɾ ʝ i l o s
άργυροσ	a ɾ ʝ i ɾ o s
άρησ	a r i s
άσφαλτοσ	a s f a l t o s
άχυρο	a ç i ɾ o
έαρ	e̞ a r
ένα	e̞ n a
ένασ	e̞ n a s
ένρινοσ	e n̪ r i n o s
έξη	ɛ k s i
έξι	ɛ k s i
έξυπνοσ	ɛ k s i p n ɔ s
έπιπλο	e̞ p i p l o̞
ήλιο	i l i o
ήλιο	i ʎ o
ήλιον	i l i o n
ήμαρτον	i m a ɾ t o n
ήρα	i r a
ίπταμαι	iˑ p͡t ɐ m e̞
ίσισ	i s i s
αίμα	e m a
αίνιγμα	ɛ n i ɣ m a
αίσιοσ	ɛ s i ɔ s
αβάπτιστοσ	ɐ v ɐˑ p t i s t o s
αβαείο	ɐ v ɐ iˑ o
αβρότητα	ɐ v r oˑ t i t ɐ
αγάπη	a ɣ a p i
αγγαρεία	a ŋ ɡ a ɾ i a
αγγελία	a ŋ ɟ e l i a
αγγελτήριο	a ŋ ɟ e l t i r i o
αγκάθι	a ŋ ɡ a θ i
αγκομαχητό	a ŋ ɡ o m a ç i t o
αγκώνασ	a ŋ ɡ o n a s
αγοριού	a ɣ ɔ ɾ ʝ u
αγοριών	a ɣ ɔ ɾ ʝ ɔ n
αγριόπαπια	a ɣ r i o̞ p a p ç a
αγόρια	a ɣ ɔ ɾ ʝ a
αδύνατοσ	a ð i n a t o s
αινίγματα	ɛ n i ɡ m a t a
αινίγματα	ɛ n i ɣ m a t a
αινίγματοσ	ɛ n i ɡ m a t ɔ s
αινίγματοσ	ɛ n i ɣ m a t ɔ s
αινιγμάτων	ɛ n i ɡ m a t ɔ n
αινιγμάτων	ɛ n i ɣ m a t ɔ n
αινιγματικόσ	ɛ n i ɣ m a t i k ɔ s
ακαριαίοσ	a k a ɾ i ɛ ɔ s
ακούω	a k u o
αλάτι	a l a t i
αλεύρι	a l e v ɾ i
αμέσωσ	a m ɛ s ɔ s
αμίμητοσ	a m i m ɛ t ɔ s
ανάρτηση	a n a ɾ t i s i
ανακατάληψη	ɐ n ɐ k ɐ t ɐ ʎ i p s i
ανακαταλαμβάνω	ɐ n ɐ k ɐ t ɐ l ɐ ɱ v ɐ n o̞
ανατομία	a n a t ɔ m i a
ανδροπρεπήσ	a n ð r o p r e p i s
ανθοκομία	a n a t ɔ m i a
ανθρωποφάγοσ	a n θ ɾ ɔ p ɔ f a ɣ ɔ s
αντικλεπτικόσ	a n d i k l e p t i k o s
ανωμαλία	a n ɔ m a l i a
απάτη	a p a t i
απατεώνασ	a p a t ɛ ɔ n a s
απατηλόσ	a p a t i l ɔ s
απιστία	a p i s t i a
απλόσ	a p l ɔ s
απλώσ	a p l ɔ s
απόστροφοσ	a p ɔ s t ɾ ɔ f ɔ s
απόψε	a p o p s e
αριθμόσ	a r i θ m o s
αρχιεπίσκοποσ	a r ç i e p i s k o p o s
αρχισυντάκτησ	a r ç i s i n d a k t i s
ασθένεια	a s θ ɛ n i a
αστείο	a s t i ɔ
αστρολογία	a s t ɾ ɔ l ɔ ʝ i a
αυνανισμόσ	a v n a n i s m ɔ s
αυτοκίνητο	a f t o k i n i t o
αυτόγραφο	a f t ɔ ɣ ɾ a f ɔ
αφθώδησ	a f θ o ð i s
αφοπλισμόσ	a f ɔ p l i z m ɔ s
αχάτησ	a x a t i s
βάσεισ	v a s i s
βαθυκύανο	v a θ i c i a n o̞
βιβλίο	v i v l i o
βλέπομαι	v l e p o m e
βλέπω	v l e p o
βοηθητικόσ	v ɔ i θ i t i k ɔ s
βρέχει	v r e ç i
βραδινόσ	v ɾ a ð i n o s
βροχή	v ɾ o ç i
γάλα	ɣ a l a
γίγαντασ	ʝ i ɣ ɐ n d ɐ s
γίνομαι	ʝ i n o m e
γαλλία	ɣ ɐ lˑ i ɐ
γαμήσου	ɣ a m i s u
γαμηθείτε	ɣ a m i θ i t e
γεμάτοσ	ʝ e̞ m a t o̞ s
γενναίοσ	ʝ e n e o s
γη	ʝ i
για	ʝ a
γιαούρτι	ʝ a u ɾ t i
γιόντα	ʝ o d a
γνωστικισμόσ	ɣ n ɔ s t i c i s m ɔ s
γροθιά	ɣ r o θ ç a
γυμνόσ	ʝ i m n ɔ s
γυμνότητα	ʝ i m n ɔ t i t a
γυναίκα	ʝ i n e̞ k a
γόνατο	ɣ ɔ n a t ɔ
δάσοσ	ð a s ɔ s
δέκα	ð e̞ k a
δέντρο	ð e̞ n d r o̞
δέρμα	ð ɛ ɾ m a
δε	ð e̞
δεκάξι	ð e k a k s i
δεκαέξι	ð e k a e k s i
δεκαεπτά	ð e k a e p t a
δεκαεφτά	ð e k a e f t a
δεκαοκτώ	ð e k a o k t o
δεκαοχτώ	ð e k a o x t o
δημιουργία	ð i m i u ɾ ʝ i a
δημόσιοσ	ð i m o s i o s
διάβολοσ	ð i a v o l o s
διάβολοσ	ð ʝ a v o l o s
διάλοσ	ð i a l o s
διάλοσ	ð ʝ a l o s
διάολοσ	ð i a o l o s
διάολοσ	ð ʝ a o l o s
διαλέγομαι	ð i a l e ɣ o m e
διαμάντι	ð i a m a n d i
δουλειά	ð u ʎ a
δρύπη	ð ɾ i p i
δυο	ð ʝ o
δυστυχία	ð i s t i ç i a
δόντι	ð ɔ n d i
δύω	ð i o
είκοσι	i k ɔ s i
εγχειρίδιο	e ŋ ç i r i ð i o
εδώ	e̞ ð o̞
ειδοποιόσ	i ð o p ç o s
εικοσάδα	i k ɔ s a ð a
ειλικρινήσ	i l i k ɾ i n i s
εισ	i s
εκατοντάδα	e k a t o d a ð a
εκγύμναση	e k ʝ i m n a s i
εκεί	e̞ c i
εκχιονιστήρασ	e k ç i o n i s t i r a s
ελληνικά	e ʎ i ɲ i k a
εμείσ	e̞ m i s
εν	e n
ενενήντα	e n e n i n d a
εξήντα	e k s i n d a
επικόσ	ɛ p i k ɔ s
ερίφιο	e r i f ɪ o
ερωτικόσ	ɛ r ɔ t i k ɔ s
εσείσ	e̞ s i s
εσύ	e̞ s i
ευγενικόσ	ɛ v ʝ ɛ n i k ɔ s
ευγνωμοσύνη	ɛ v ɣ n ɔ m ɔ s i n i
ζήτηση	z i t i s i
ζαφείρι	z a f i r i
ζεστόσ	z e̞ s t o̞ s
ζουρνάσ	z u ɾ n a s
θάλασσα	θ a l a s a
θάνατοσ	θ a n a t o s
θείοσ	θ i ɔ s
θηλή	θ i l i
θηλυπρεπήσ	t h i l i p r e p i s
ιπτάμενοσ	i p͡t ɐ m e̞ n o̞ s̠
ισραήλ	i z ɾ a i l
ιώ	i o
καμήλα	k a m i l a
καράβι	k a r a v i
καράβια	k a r a v ʝ a
καρυδιά	k a r i ð ʝ a
καφετιέρα	k a f e t ç e r a
κεφάλι	c e̞ f a l i
κεφαλή	c e̞ f a l i
κηλίδα	c i l i ð a
κινηματογραφικόσ	c i n i m a t ɔ ɣ ɾ a f i k ɔ s
κλίνω	k l i n o
κλείνω	k l i n o
κλειδί	k l i ð i
κλειτορίδα	k l i t ɔ ɾ i ð a
κλουβί	k l u v i
κολλέγιο	k o l e ʝ i o
κολοτούμπα	k o l o t u m b a
κοντά	k o̞ n d a
κουβέρτα	k u v ɛ ɾ t a
κουδούνι	k u ð u n i
κουνιάδοσ	k u ɲ a ð o s
κρεβάτι	k ɾ ɛ v a t i
κυκλική	c i k l i c i
κωλαράκι	k o l a ɾ a k i
κωλαράκοσ	k o l a ɾ a k o s
κωλοτούμπα	k o l o t u m b a
κόκαλο	k o k a l o
κώλοσ	k o l o s
λάρυγγασ	l a ɾ i ŋ ɡ a s
λίπανση	l i p a n s i
λεονάρδοσ	l ɛ ɔ n a ɾ ð ɔ s
λεωνάρδοσ	l ɛ ɔ n a ɾ ð ɔ s
λινάρι	l i n a ɾ i
λιπαίνω	l i p ɛ n ɔ
λιπαντικό	l i p a n d i k ɔ
λιπαντικόσ	l i p a n d i k ɔ s
λογικά	l ɔ ʝ i k a
λογικήσ	l ɔ ʝ i c i s
λωτόσ	l ɔ t ɔ s
λόγια	l o ʝ a
λόγοσ	l o ɣ o s
λύκαινα	l i k e n a
μάγοσ	m ɐ ɣ o̞ s̠
μάτι	m a t i
μαγειρική	m a ʝ i ɾ i c i
μακριά	m a k r i a
μαλακία	m a l a c i a
μαλαπέρδα	m a l a p e r ð a
μαλλιά	m a ʎ a
μαμά	m a m a
μαμίσιοσ	m a m i s ç o s
μαραγκόσ	m ɐ ɾ ɐ ŋ ɡ o̞ s̠
μαριχουάνα	m a ɾ i χ w a n a
μασχάλεσ	m a s x a l ɛ s
μασχάλησ	m a s x a l i s
μασχαλών	m a s x a l ɔ n
μαύροσ	m a v r o s
με	m e̞
μεξικού	m e̞ k͡s̠ i k u
μετά	m e̞ t a
μετάφραση	m ɛ t a f ɾ a s i
μηχανή	m i x ɐ ɲ i
μικροσκόπιο	m i k r o s k o p i o
μικρόσ	m i k r o̞ s
μορφίνη	m ɔ ɾ f i n i
μουσακάσ	m u s a k a s
μουσική	m u s i c i
μούρη	m u ɾ i
μούτρο	m u ɾ i
μπίρα	b i r a
μπουγάτσα	b u ɣ a t s a
μπριζόλα	b r i z o̞ l a
μπύρα	b i r a
μυστήριο	m i s t i ɾ i ɔ
μυστηριώδησ	m i s t i ɾ i ɔ ð i s
νέοσ	n e̞ o̞ s
ναίκα	n e̞ k a
ναι	n e̞
ναρκωτικό	n a ɾ k ɔ t i k ɔ
ναρκωτικόσ	n a ɾ k ɔ t i k ɔ s
ναυαγοσώστησ	n a v a ɣ ɔ s ɔ s t i s
νερομάνα	n e̞ r o̞ m a n a
νύχι	n i ç i
νύχτα	n i x t a
νύχτα	ɲ i x t a
ξανά	k s a n a
ξουτ	k s u t
ξυλουργόσ	k s̠ i l u r ɣ o̞ s̠
ογδόντα	o ɣ ð o n d a
οδόσ	o ð o s
οικοδομή	i k ɔ ð ɔ m i
ομοφυλοφιλία	ɔ m ɔ f i l ɔ f i l i a
ομοφυλοφιλίασ	ɔ m ɔ f i l ɔ f i l i a s
ονείρου	ɔ n i r u
ονείρων	ɔ n i r ɔ n
οξύθυμοσ	ɔ k s i θ i m ɔ s
ορχιδέα	ɔ ɾ ç i ð ɛ a
οστό	o̞ s t o̞
ουρανόσ	u r a n o s
ουσιαστικό	u s i a s t i k ɔ
πάθοσ	p a θ o s
πάλη	p a l i
πάλι	p a l i
πέντε	p e̞ n d e̞
παιχνίδι	p e̞ x n i ð i
πανεπιστήμιο	p a n e p i s t i m i o
παράδεισοσ	p a r a ð i s ɔ s
παράθυρο	p a ɾ a θ i ɾ ɔ
παράφωνοσ	p a ɾ a f o n o s
παραίσθηση	p a r ɛ s θ i s i
παραίσθησησ	p a r ɛ s θ i s i s
παραισθήσεισ	p a r ɛ s θ i s i s
παραισθήσεων	p a r ɛ s θ i s ɛ ɔ n
παραισθήσεωσ	p a r ɛ s θ i s ɛ ɔ s
παρανομιάζω	p a r a n o m ɲ a z o
παραφωνία	p a ɾ a f o n i a
πατήρ	p a t i r
πεθαίνω	p e θ e n o
πειράζω	p i ɾ a z o
περίνεο	p ɛ r i n ɛ ɔ
περίπλοκοσ	p ɛ ɾ i p l ɔ k ɔ s
πια	p ç a
πιγούνι	p i ɣ u n i
πιο	p ç o
πλάτων	p l a t ɔ n
πλήρησ	p l i r i s
ποιοσ	p ç o s
πορδούλα	p o ɾ ð u l a
πορνείο	p ɔ ɾ n i ɔ
πορνογράφοσ	p ɔ r n ɔ ɣ ɾ a f ɔ s
πορνογραφία	p ɔ r n ɔ ɣ r a f i a
πορνογραφικόσ	p ɔ r n ɔ ɣ r a f i k ɔ s
πορτοκαλάδα	p ɔ ɾ t ɔ k a l a ð a
πορτρέτο	p o̞ r t r e̞ t o̞
πορτραίτο	p o̞ r t r e̞ t o̞
πουλιά	p u ʎ a
προσωπικότητα	p ɾ ɔ s ɔ p i k ɔ t i t a
προσωπογραφία	p r o̞ s o̞ p o̞ ɣ r a f i a
πυρετόσ	p i ɾ ɛ t ɔ s
πόσθη	p ɔ s θ i
ραδιόφωνο	r a ð i o f o n o
ραντάρ	ɾ a d a ɾ
ρύγχοσ	r i ŋ x o̞ s
ρύζι	ɾ i z i
σάντουιτσ	s a n d u i t s
σαμποδρόμιο	s̠ ɐᵐ b o̞ ð ɾ o̞ m ɲ̟ o̞
σατανάσ	s a t a n a s
σε	s ɛ
σελίδα	s ɛ l i ð a
σελίδασ	s ɛ l i ð a s
σελίδεσ	s ɛ l i ð ɛ s
σελίδων	s ɛ l i ð ɔ n
σεξουαλικόσ	s e k s u a l i k ɔ s
σεξουαλικότητα	s e k s u a l i k ɔ t i t a
σιωπηλόσ	s i o p i l o s
σκαντζόχοιροσ	s̠ k ɐⁿ d͡z̠ o̞ ç i ɾ o̞ s̠
σκατουλάκι	s k a t u l a k i
σκατουλίτσα	s k a t u l i t s a
σκατούλι	s k a t u l i
σκηνή	s c i n i
σκοινί	s c i n i
σπόροσ	s p o̞ r o̞ s
στάση	s t a s i
στραβομουτσουνιάζω	s t ɾ a v o m u t͡s u ɲ a z o
στύση	s t i s i
συγγενικόσ	s i ŋ ɟ ɛ n i k ɔ s
συγκλήτου	s̠ i ŋ ɡ l iˑ t u
συγκλήτου	s̠ i ŋ͡ɡ l iˑ t u
συγκλητικόν	s̠ i ŋ ɡ l i t i k o̞ n
συγκλητικόν	s̠ i ŋ͡ɡ l i t i k o̞ n
συκώτι	s i k o̞ t i
συνεργόσ	s i n e r ɣ o s
σχήμα	s ç i m a
σχιζοφρένεια	s ç i z o f ɾ e ɲ a
σωστόσ	s o̞ s t o̞ s
σύγκλητον	s̠ i ŋ ɡ l i t o̞ n
σύγκλητον	s̠ iˑ ŋ͡ɡ l i t o̞ n
τέκνο	t ɛ k n ɔ
τέσσερα	t e s e r a
τέσσερεισ	t e̞ s e̞ ɾ i s
τέσσερισ	t e̞ s e̞ ɾ i s
ταμειακόσ	t ɐ m ʝ ɐ k o̞ s
τεμπέλησ	t ɛ b ɛ l i s
τηγανίζω	t i ɣ a n i z o
τρένο	t r e̞ n o̞
τρία	t r i a
τραίνο	t r e̞ n o̞
τραγούδι	t r a ɣ u ð i
τραγόπαπασ	t ɾ a ɣ o p a p a s
τρελαίνω	t ɾ e l e n o
τροία	t r i a
τσιγάρο	t s i ɣ a r ɔ
τσουτσούνι	t͡s u t͡s u n i
τσούλα	t͡s u l a
υπερφυσικόσ	i p ɛ ɾ f i s i k ɔ s
φέγγω	f e ŋ ɡ o
φαλάκρα	f a l a k r a
φαλλικόσ	f a l i k ɔ s
φαλλόσ	f a l ɔ s
φεγγάρι	f e ŋ ɡ a r i
φθινόπωρο	f θ i n o p o r o
φι	f i
φλόγα	f l ɔ ɣ a
φταίω	f t e o
φωτιά	f o t ç a
φωτόνιο	f o t o n i o
χέμινγουεϊ	ç e m i ŋ ɣ u e i
χείμαρρε	ç i m a ɾ e
χείμαρρο	ç i m a ɾ o
χείμαρροι	ç i m a ɾ i
χείμαρροσ	ç i m a ɾ o s
χείμαρρου	ç i m a ɾ u
χείμαρρουσ	ç i m a ɾ u s
χείμαρρων	ç i m a ɾ o n
χειμάρρου	ç i m a ɾ u
χειμάρρουσ	ç i m a ɾ u s
χειμώνασ	ç i m o n a s
χριστιανοσύνη	x ɾ i s t ç a n o s i n i
χύνω	ç i n o
ψάρι	p s a r i
ψευδοπάτωμα	p s ɛ v ð ɔ p a t ɔ m a
ψυχή	p s i ç i
ψυχολογία	p s i x ɔ l ɔ ʝ i a
όλοσ	o̞ l o̞ s
όνειρα	ɔ n i r a
όνειρο	ɔ n i r ɔ
όροσ	o̞ r o̞ s
όρχισ	o ɾ ç i s
όσχεο	o s ç e o
όχι	o̞ ç i
