a	a
aba	a β̞ a
abade	a β̞ a ð̞ e̞
abadegai	a β̞ a ð̞ e̞ ɣ̞ a i̯
abadesa	a β̞ a ð̞ e̞ s̺ a
abadia	a β̞ a ð̞ i a
abadiano	a β̞ a ð̞ j a n o̞
abagune	a β̞ a ɣ̞ u n e̞
abako	a β̞ a k o̞
abantaila	a β̞ ã n̪ t̪ a i̯ l a
abantaila	a β̞ ã n̪ t̪ a ʎ a
abendu	a β̞ ẽ̞ n̪ d̪ u
abentura	a β̞ ẽ̞ n̪ t̪ u ɾ a
abenturazale	a β̞ ẽ̞ n̪ t̪ u ɾ a s̻ a l e̞
aberastasun	a β̞ e̞ ɾ a s̺ t̪ a s̺ ũ n
aberats	a β̞ e̞ ɾ a t͡s̺
abere	a β̞ e̞ ɾ e̞
aberri	a β̞ e̞ r i
abertzale	a β̞ e̞ r t͡s̻ a l e̞
abertzaletasun	a β̞ e̞ r t͡s̻ a l e̞ t̪ a s̺ ũ n
abes	a β̞ e̞ s̺
abesbatza	a β̞ e̞ z̺ β̞ a t͡s̻ a
abeslari	a β̞ e̞ z̺ l a ɾ i
abeste	a β̞ e̞ s̺ t̪ e̞
abesten	a β̞ e̞ s̺ t̪ ẽ̞ n
abesti	a β̞ e̞ s̺ t̪ i
abestu	a β̞ e̞ s̺ t̪ u
abestuko	a β̞ e̞ s̺ t̪ u k o̞
abizen	a β̞ i s̻ ẽ̞ n
abkhazera	a β̞ x a s̻ e̞ ɾ a
abkhazia	a β̞ x a s̻ i a
abkhaziar	a β̞ x a s̻ i a r
aboitiz	a β̞ o̞ i̯ t̪ i s̻
abstraktu	a β̞ s̺ t̪ r a k t̪ u
abundi	a β̞ ũ n̪ d̪ i
abundio	a β̞ ũ n̪ d̪ j o̞
aburu	a β̞ u ɾ u
abuztu	a β̞ u s̻ t̪ u
adar	a ð̞ a r
adibide	a ð̞ i β̞ i ð̞ e̞
adibidez	a ð̞ i β̞ i ð̞ e̞ s̻
adimen	a ð̞ i m ẽ̞ n
adiskide	a ð̞ i s̺ k i ð̞ e̞
adiskidetasun	a ð̞ i s̺ k i ð̞ e̞ t̪ a s̺ ũ n
aditu	a ð̞ i t̪ u
aditz	a ð̞ i t͡s̻
aditzondo	a ð̞ i t͡s̻ õ̞ n̪ d̪ o̞
adizki	a ð̞ i s̻ k i
adizkitegi	a ð̞ i s̻ k i t̪ e̞ ɣ̞ i
adolba	a ð̞ o̞ l β̞ a
adore	a ð̞ o̞ ɾ e̞
ados	a ð̞ o̞ s̺
adoste	a ð̞ o̞ s̺ t̪ e̞
adosten	a ð̞ o̞ s̺ t̪ ẽ̞ n
adostu	a ð̞ o̞ s̺ t̪ u
adostuko	a ð̞ o̞ s̺ t̪ u k o̞
adreilu	a ð̞ r e̞ i̯ l u
adreilu	a ð̞ r e̞ ʎ u
afari	a f a ɾ i
afganistan	a f ɣ̞ a n i s̺ t̪ ã n
afganistandar	a f ɣ̞ a n i s̺ t̪ ã n̪ d̪ a r
agate	a ɣ̞ a t̪ e̞
agirre	a ɣ̞ i r e̞
agor	a ɣ̞ o̞ r
agorril	a ɣ̞ o̞ r i l
agur	a ɣ̞ u r
ahabia	a a β̞ i a
ahabia	a ɦ a β̞ i a
ahai	ã h̃ ã ĩ
ahal	a a l
ahal	a ɦ a l
ahalke	a a l k e̞
ahalke	a ɦ a l k e̞
ahate	a a t̪ e̞
ahate	a ɦ a t̪ e̞
ahate	ã h̃ ã t e
ahatz	a a t͡s̻
ahatz	a ɦ a t͡s̻
ahazte	a a s̻ t̪ e̞
ahazte	a ɦ a s̻ t̪ e̞
ahazten	a a s̻ t̪ ẽ̞ n
ahazten	a ɦ a s̻ t̪ ẽ̞ n
ahaztu	a a s̻ t̪ u
ahaztu	a ɦ a s̻ t̪ u
ahaztuko	a a s̻ t̪ u k o̞
ahaztuko	a ɦ a s̻ t̪ u k o̞
ahuntz	a ũ n t͡s̻
ahuntz	a ɦ ũ n t͡s̻
aihen	a i̯ ɦ ẽ̞ n
aihen	a i̯ ẽ̞ n
ainara	a i̯ n a ɾ a
ainarba	a i̯ n a r β̞ a
ainarba	a ɲ a r β̞ a
aingeru	ã ĩ̯ ŋ ɡ e̞ ɾ u
aingira	ã ĩ̯ ŋ ɡ i ɾ a
ainhoa	a i̯ n o̞ a
aintzane	ã ĩ̯ n t͡s̻ a n e̞
aire	a i̯ ɾ e̞
aise	a i̯ s̺ e̞
aita	a i̯ t̪ a
aitaginarreba	a i̯ t̪ a ɣ̞ i n a r e̞ β̞ a
aitaginarreba	a i̯ t̪ a ɣ̞ i ɲ a r e̞ β̞ a
aitatxi	a i̯ t̪ a t͡ʃ i
aitona	a i̯ t̪ o̞ n a
aitor	a i̯ t̪ o̞ r
aitzur	a i̯ t͡s̻ u r
aizkolari	a i̯ s̻ k o̞ l a ɾ i
aizkora	a i̯ s̻ k o̞ ɾ a
aizto	a i̯ s̻ t̪ o̞
akelarre	a k e̞ l a r e̞
aker	a k e̞ r
akordeoi	a k o̞ r ð̞ e̞ o̞ i̯
akrobata	a k r o̞ β̞ a t̪ a
aktiba	a k t̪ i β̞ a
aktibatu	a k t̪ i β̞ a t̪ u
aktibatuko	a k t̪ i β̞ a t̪ u k o̞
aktibatze	a k t̪ i β̞ a t͡s̻ e̞
aktibatzen	a k t̪ i β̞ a t͡s̻ ẽ̞ n
aktore	a k t̪ o̞ ɾ e̞
alaba	a l a β̞ a
alai	a l a i̯
albaitari	a l β̞ a i̯ t̪ a ɾ i
albania	a l β̞ a n i a
albaniar	a l β̞ a n i a r
albaniera	a l β̞ a n i e̞ ɾ a
alda	a l̪ d̪ a
aldapa	a l̪ d̪ a p a
aldatu	a l̪ d̪ a t̪ u
aldatuko	a l̪ d̪ a t̪ u k o̞
aldatze	a l̪ d̪ a t͡s̻ e̞
aldatzen	a l̪ d̪ a t͡s̻ ẽ̞ n
alde	a l̪ d̪ e̞
aldizkari	a l̪ d̪ i s̻ k a ɾ i
aleman	a l e̞ m ã n
alemanera	a l e̞ m a n e̞ ɾ a
alemania	a l e̞ m a n i a
alemaniar	a l e̞ m a n i a r
aljeria	a l x e̞ ɾ i a
aljeria	a ʎ j e̞ ɾ i a
alkandora	a l k ã n̪ d̪ o̞ ɾ a
alkandorak	a l k ã n̪ d̪ o̞ ɾ a k
alkandorek	a l k ã n̪ d̪ o̞ ɾ e̞ k
alkate	a l k a t̪ e̞
alkohol	a l k o̞ o̞ l
alkohol	a l k o̞ ɦ o̞ l
alkohola	a l k o̞ o̞ l a
alkohola	a l k o̞ ɦ o̞ l a
alkoholan	a l k o̞ o̞ l ã n
alkoholan	a l k o̞ ɦ o̞ l ã n
alkoholen	a l k o̞ o̞ l ẽ̞ n
alkoholen	a l k o̞ ɦ o̞ l ẽ̞ n
alkoholi	a l k o̞ o̞ l i
alkoholi	a l k o̞ ɦ o̞ l i
alkoholik	a l k o̞ o̞ l i k
alkoholik	a l k o̞ ɦ o̞ l i k
altxoin	a lʲ t͡ʃ õ̞ ĩ̯ n
altxor	a lʲ t͡ʃ o̞ r
aluminio	a l u m i n i o̞
ama	a m a
amaginarreba	a m a ɣ̞ i n a r e̞ β̞ a
amaginarreba	a m a ɣ̞ i ɲ a r e̞ β̞ a
amaraun	a m a ɾ ã ũ̯ n
amatasun	a m a t̪ a s̺ ũ n
amesgaizto	a m e̞ z̺ ɣ̞ a i̯ s̻ t̪ o̞
amets	a m e̞ t͡s̺
ametz	a m e̞ t͡s̻
anaia	a n a i̯ a
anana	a n a n a
andaia	ã n̪ d̪ a i̯ a
ander	ã n̪ d̪ e̞ r
andere	ã n̪ d̪ e̞ ɾ e̞
andereño	ã n̪ d̪ e̞ ɾ e̞ ɲ o̞
andorra	ã n̪ d̪ o̞ r a
andorratar	ã n̪ d̪ o̞ r a t̪ a r
andorratarra	ã n̪ d̪ o̞ r a t̪ a r a
andorratarrak	ã n̪ d̪ o̞ r a t̪ a r a k
andorratarraren	ã n̪ d̪ o̞ r a t̪ a r a ɾ ẽ̞ n
andorratarrari	ã n̪ d̪ o̞ r a t̪ a r a ɾ i
andorratarrei	ã n̪ d̪ o̞ r a t̪ a r e̞ i
andorratarrek	ã n̪ d̪ o̞ r a t̪ a r e̞ k
andorratarren	ã n̪ d̪ o̞ r a t̪ a r ẽ̞ n
andorratarri	ã n̪ d̪ o̞ r a t̪ a r i
andre	ã n̪ d̪ r e̞
angola	ã ŋ ɡ o̞ l a
animalia	a n i m a l i a
anime	a n i m e̞
anker	ã ŋ k e̞ r
antartika	ã n̪ t̪ a r t̪ i k a
antigua	ã n̪ t̪ i ɣ̞ w a
antimikrobiar	ã n̪ t̪ i m i k r o̞ β̞ i a r
antton	ã nʲ t͡ʃ õ̞ n
antton	ã ɲ c õ̞ n
antxeta	ã nʲ t͡ʃ e̞ t̪ a
antxieta	ã nʲ t͡ʃ j e̞ t̪ a
antzara	ã n t͡s̻ a ɾ a
apaiz	a p a i̯ s̻
apaizgai	a p a i̯ z̻ ɣ̞ a i̯
apar	a p a r
apez	a p e̞ s̻
apezpiku	a p e̞ s̻ p i k u
apiril	a p i ɾ i l
apo	a p o̞
aprobetxategi	a p r o̞ β̞ e̞ t͡ʃ a t̪ e̞ ɣ̞ i
araba	a ɾ a β̞ a
arabiera	a ɾ a β̞ i e̞ ɾ a
arabisagar	a ɾ a β̞ i s̺ a ɣ̞ a r
aramu	a ɾ a m u
aran	a ɾ ã n
aranondo	a ɾ a n õ̞ n̪ d̪ o̞
arbola	a r β̞ o̞ l a
ardi	a r ð̞ i
ardo	a r ð̞ o̞
arellano	a ɾ e̞ ʎ a n o̞
argi	a r ɣ̞ i
argitsu	a r ɣ̞ i t͡s̺ u
aristotele	a ɾ i s̺ t̪ o̞ t̪ e̞ l e̞
aritz	a ɾ i t͡s̻
armenia	a r m e̞ n i a
armeniar	a r m e̞ n i a r
armeniera	a r m e̞ n i e̞ ɾ a
armiarma	a r m i a r m a
arotz	a ɾ o̞ t͡s̻
aroztegi	a ɾ o̞ s̻ t̪ e̞ ɣ̞ i
arrain	a r ã ĩ̯ n
arrano	a r a n o̞
arranotegi	a r a n o̞ t̪ e̞ ɣ̞ i
arrantzale	a r ã n t͡s̻ a l e̞
arratoi	a r a t̪ o̞ i̯
arraun	a r ã ũ̯ n
arrigorriaga	a r i ɣ̞ o̞ r i a ɣ̞ a
arroda	a r o̞ ð̞ a
arrosa	a r o̞ s̺ a
arrunt	a r ũ n̪ t̪
artaburu	a r t̪ a β̞ u ɾ u
arte	a r t̪ e̞
artile	a r t̪ i l e̞
artile	a r t̪ i ʎ e̞
arto	a r t̪ o̞
artseniko	a r t͡s̺ e̞ n i k o̞
artxipelago	a r t͡ʃ i p e̞ l a ɣ̞ o̞
artzain	a r t͡s̻ ã ĩ̯ n
askatasun	a s̺ k a t̪ a s̺ ũ n
aske	a s̺ k e̞
asko	a s̺ k o̞
aste	a s̺ t̪ e̞
astearte	a s̺ t̪ e̞ a r t̪ e̞
asteazken	a s̺ t̪ e̞ a s̻ k ẽ̞ n
asteburu	a s̺ t̪ e̞ β̞ u ɾ u
astelehen	a s̺ t̪ e̞ l e̞ ɦ ẽ̞ n
astelehen	a s̺ t̪ e̞ l e̞ ẽ̞ n
asteroide	a s̺ t̪ e̞ ɾ o̞ i̯ ð̞ e̞
asto	a s̺ t̪ o̞
asturiera	a s̺ t̪ u ɾ i e̞ ɾ a
asun	a s̺ ũ n
atari	a t̪ a ɾ i
atariko	a t̪ a ɾ i k o̞
ate	a t̪ e̞
atena	a t̪ e̞ n a
atera	a t̪ e̞ ɾ a
atorra	a t̪ o̞ r a
atxeki	a t͡ʃ e̞ k i
atxekiko	a t͡ʃ e̞ k i k o̞
atxekitze	a t͡ʃ e̞ k i t͡s̻ e̞
atxekitzen	a t͡ʃ e̞ k i t͡s̻ ẽ̞ n
atze	a t͡s̻ e̞
atzean	a t͡s̻ e̞ ã n
atzelari	a t͡s̻ e̞ l a ɾ i
atzo	a t͡s̻ o̞
aukera	a u̯ k e̞ ɾ a
aukeratu	a u̯ k e̞ ɾ a t̪ u
aukeratuko	a u̯ k e̞ ɾ a t̪ u k o̞
aukeratze	a u̯ k e̞ ɾ a t͡s̻ e̞
aukeratzen	a u̯ k e̞ ɾ a t͡s̻ ẽ̞ n
aurki	a u̯ r k i
aurkitu	a u̯ r k i t̪ u
aurkituko	a u̯ r k i t̪ u k o̞
aurkitze	a u̯ r k i t͡s̻ e̞
aurkitzen	a u̯ r k i t͡s̻ ẽ̞ n
aurpegi	a u̯ r p e̞ ɣ̞ i
aurre	a u̯ r e̞
australia	a u̯ s̺ t̪ r a l i a
austria	a u̯ s̺ t̪ r i a
austriar	a u̯ s̺ t̪ r i a r
autobide	a u̯ t̪ o̞ β̞ i ð̞ e̞
auzo	a u̯ s̻ o̞
azal	a s̻ a l
azaro	a s̻ a ɾ o̞
azazkal	a s̻ a s̻ k a l
azerbaijan	a s̻ e̞ r β̞ a i̯ j ã n
azerbaijandar	a s̻ e̞ r β̞ a i̯ j ã n̪ d̪ a r
azerbaijanera	a s̻ e̞ r β̞ a i̯ j a n e̞ ɾ a
azeri	a s̻ e̞ ɾ i
azerikeria	a s̻ e̞ ɾ i k e̞ ɾ i a
azeriki	a s̻ e̞ ɾ i k i
azerikume	a s̻ e̞ ɾ i k u m e̞
azeritegi	a s̻ e̞ ɾ i t̪ e̞ ɣ̞ i
azkar	a s̻ k a r
azken	a s̻ k ẽ̞ n
azkonar	a s̻ k o̞ n a r
azoka	a s̻ o̞ k a
azpi	a s̻ p i
azpian	a s̻ p i ã n
azpititulu	a s̻ p i t̪ i t̪ u l u
azukre	a s̻ u k r e̞
b	b e̞
ba	b a
baba	b a β̞ a
babazorro	b a β̞ a s̻ o̞ r o̞
badia	b a ð̞ i a
bagenbiltza	b a ɣ̞ ẽ̞ m b i l t͡s̻ a
bagenegi	b a ɣ̞ e̞ n e̞ ɣ̞ i
bagenegitza	b a ɣ̞ e̞ n e̞ ɣ̞ i t͡s̻ a
bageneki	b a ɣ̞ e̞ n e̞ k i
bagenekizki	b a ɣ̞ e̞ n e̞ k i s̻ k i
bagenekusa	b a ɣ̞ e̞ n e̞ k u s̺ a
bagenekuski	b a ɣ̞ e̞ n e̞ k u s̺ k i
bagenentzu	b a ɣ̞ e̞ n ẽ̞ n t͡s̻ u
bagenentzuzki	b a ɣ̞ e̞ n ẽ̞ n t͡s̻ u s̻ k i
bagenerakuski	b a ɣ̞ e̞ n e̞ ɾ a k u s̺ k i
bagenerakutsa	b a ɣ̞ e̞ n e̞ ɾ a k u t͡s̺ a
bagenihardu	b a ɣ̞ e̞ n i a r ð̞ u
bagenihardu	b a ɣ̞ e̞ n i ɦ a r ð̞ u
bageniharduka	b a ɣ̞ e̞ n i a r ð̞ u k a
bageniharduka	b a ɣ̞ e̞ n i ɦ a r ð̞ u k a
bagenirau	b a ɣ̞ e̞ n i ɾ a u̯
bagenirudi	b a ɣ̞ e̞ n i ɾ u ð̞ i
bagentoz	b a ɣ̞ ẽ̞ n̪ t̪ o̞ s̻
bageunde	b a ɣ̞ ẽ̞ ũ̯ n̪ d̪ e̞
bagil	b a ɣ̞ i l
bagina	b a ɣ̞ i n a
bagina	b a ɣ̞ i ɲ a
bagindoaz	b a ɣ̞ ĩ n̪ d̪ o̞ a s̻
bagintez	b a ɣ̞ ĩ n̪ t̪ e̞ s̻
bahegi	b a e̞ ɣ̞ i
bahegi	b a ɦ e̞ ɣ̞ i
bahegitza	b a e̞ ɣ̞ i t͡s̻ a
bahegitza	b a ɦ e̞ ɣ̞ i t͡s̻ a
baheki	b a e̞ k i
baheki	b a ɦ e̞ k i
bahekizki	b a e̞ k i s̻ k i
bahekizki	b a ɦ e̞ k i s̻ k i
bahekusa	b a e̞ k u s̺ a
bahekusa	b a ɦ e̞ k u s̺ a
bahekuski	b a e̞ k u s̺ k i
bahekuski	b a ɦ e̞ k u s̺ k i
bahenbil	b a ɦ ẽ̞ m b i l
bahenbil	b a ẽ̞ m b i l
bahendi	b a ɦ ẽ̞ n̪ d̪ i
bahendi	b a ẽ̞ n̪ d̪ i
bahengo	b a ɦ ẽ̞ ŋ ɡ o̞
bahengo	b a ẽ̞ ŋ ɡ o̞
bahentor	b a ɦ ẽ̞ n̪ t̪ o̞ r
bahentor	b a ẽ̞ n̪ t̪ o̞ r
bahentzu	b a ɦ ẽ̞ n t͡s̻ u
bahentzu	b a ẽ̞ n t͡s̻ u
bahentzuzki	b a ɦ ẽ̞ n t͡s̻ u s̻ k i
bahentzuzki	b a ẽ̞ n t͡s̻ u s̻ k i
baherakuski	b a e̞ ɾ a k u s̺ k i
baherakuski	b a ɦ e̞ ɾ a k u s̺ k i
baherakutsa	b a e̞ ɾ a k u t͡s̺ a
baherakutsa	b a ɦ e̞ ɾ a k u t͡s̺ a
bahihardu	b a i a r ð̞ u
bahihardu	b a ɦ i ɦ a r ð̞ u
bahiharduka	b a i a r ð̞ u k a
bahiharduka	b a ɦ i ɦ a r ð̞ u k a
bahindoa	b a ĩ n̪ d̪ o̞ a
bahindoa	b a ɦ ĩ n̪ d̪ o̞ a
bahintz	b a ĩ n t͡s̻
bahintz	b a ɦ ĩ n t͡s̻
bahirau	b a i ɾ a u̯
bahirau	b a ɦ i ɾ a u̯
bahirudi	b a i ɾ u ð̞ i
bahirudi	b a ɦ i ɾ u ð̞ i
bai	b a i̯
baina	b a i̯ n a
baina	b a ɲ a
baino	b a i̯ n o̞
baino	b a ɲ o̞
baita	b a i̯ t̪ a
bakarrik	b a k a r i k
bake	b a k e̞
baketu	b a k e̞ t̪ u
baketuko	b a k e̞ t̪ u k o̞
baketze	b a k e̞ t͡s̻ e̞
baketzen	b a k e̞ t͡s̻ ẽ̞ n
bakteriofago	b a k t̪ e̞ ɾ i o̞ f a ɣ̞ o̞
baldin	b a l̪ d̪ ĩ n
balebil	b a l e̞ β̞ i l
balebiltza	b a l e̞ β̞ i l t͡s̻ a
baledi	b a l e̞ ð̞ i
balegi	b a l e̞ ɣ̞ i
balegite	b a l e̞ ɣ̞ i t̪ e̞
balegitza	b a l e̞ ɣ̞ i t͡s̻ a
balegitzate	b a l e̞ ɣ̞ i t͡s̻ a t̪ e̞
balego	b a l e̞ ɣ̞ o̞
baleki	b a l e̞ k i
balekite	b a l e̞ k i t̪ e̞
balekizki	b a l e̞ k i s̻ k i
balekizkite	b a l e̞ k i s̻ k i t̪ e̞
balekusa	b a l e̞ k u s̺ a
balekusate	b a l e̞ k u s̺ a t̪ e̞
balekuski	b a l e̞ k u s̺ k i
balekuskite	b a l e̞ k u s̺ k i t̪ e̞
balentzu	b a l ẽ̞ n t͡s̻ u
balentzute	b a l ẽ̞ n t͡s̻ u t̪ e̞
balentzuzki	b a l ẽ̞ n t͡s̻ u s̻ k i
balentzuzkite	b a l ẽ̞ n t͡s̻ u s̻ k i t̪ e̞
balerakuski	b a l e̞ ɾ a k u s̺ k i
balerakuskite	b a l e̞ ɾ a k u s̺ k i t̪ e̞
balerakutsa	b a l e̞ ɾ a k u t͡s̺ a
balerakutsate	b a l e̞ ɾ a k u t͡s̺ a t̪ e̞
baletor	b a l e̞ t̪ o̞ r
baletoz	b a l e̞ t̪ o̞ s̻
baleude	b a l e̞ u̯ ð̞ e̞
balihardu	b a l i a r ð̞ u
balihardu	b a l i ɦ a r ð̞ u
baliharduka	b a l i a r ð̞ u k a
baliharduka	b a l i ɦ a r ð̞ u k a
balihardukate	b a l i a r ð̞ u k a t̪ e̞
balihardukate	b a l i ɦ a r ð̞ u k a t̪ e̞
balihardute	b a l i a r ð̞ u t̪ e̞
balihardute	b a l i ɦ a r ð̞ u t̪ e̞
balihoa	b a l i o̞ a
balihoa	b a l i ɦ o̞ a
balihoaz	b a l i o̞ a s̻
balihoaz	b a l i ɦ o̞ a s̻
balira	b a l i ɾ a
balirau	b a l i ɾ a u̯
baliraute	b a l i ɾ a u̯ t̪ e̞
balirudi	b a l i ɾ u ð̞ i
balirudite	b a l i ɾ u ð̞ i t̪ e̞
balitez	b a l i t̪ e̞ s̻
balitz	b a l i t͡s̻
bana	b a n a
banatu	b a n a t̪ u
banatuko	b a n a t̪ u k o̞
banatze	b a n a t͡s̻ e̞
banatzen	b a n a t͡s̻ ẽ̞ n
bandalismo	b ã n̪ d̪ a l i z̺ m o̞
banegi	b a n e̞ ɣ̞ i
banegitza	b a n e̞ ɣ̞ i t͡s̻ a
baneki	b a n e̞ k i
banekizki	b a n e̞ k i s̻ k i
banekusa	b a n e̞ k u s̺ a
banekuski	b a n e̞ k u s̺ k i
banenbil	b a n ẽ̞ m b i l
banendi	b a n ẽ̞ n̪ d̪ i
banengo	b a n ẽ̞ ŋ ɡ o̞
banentor	b a n ẽ̞ n̪ t̪ o̞ r
banentorkio	b a n ẽ̞ n̪ t̪ o̞ r k i o̞
banentzu	b a n ẽ̞ n t͡s̻ u
banentzuzki	b a n ẽ̞ n t͡s̻ u s̻ k i
banerakuski	b a n e̞ ɾ a k u s̺ k i
banerakutsa	b a n e̞ ɾ a k u t͡s̺ a
banihardu	b a n i a r ð̞ u
banihardu	b a n i ɦ a r ð̞ u
baniharduka	b a n i a r ð̞ u k a
baniharduka	b a n i ɦ a r ð̞ u k a
banindoa	b a n ĩ n̪ d̪ o̞ a
banintz	b a n ĩ n t͡s̻
banirau	b a n i ɾ a u̯
banirudi	b a n i ɾ u ð̞ i
banpiro	b ã m p i ɾ o̞
barantaila	b a ɾ ã n̪ t̪ a i̯ l a
barantaila	b a ɾ ã n̪ t̪ a ʎ a
barazkari	b a ɾ a s̻ k a ɾ i
barbuda	b a r β̞ u ð̞ a
bare	b a ɾ e̞
bariku	b a ɾ i k u
barna	b a r n a
barrabil	b a r a β̞ i l
barre	b a r e̞
barren	b a r ẽ̞ n
barrena	b a r e̞ n a
bart	b a r t̪
basajaun	b a s̺ a j ã ũ̯ n
basajaun	b a s̺ a x ã ũ̯ n
baseliza	b a s̺ e̞ l i s̻ a
baserri	b a s̺ e̞ r i
baserritar	b a s̺ e̞ r i t̪ a r
baserritartu	b a s̺ e̞ r i t̪ a r t̪ u
baserritartuko	b a s̺ e̞ r i t̪ a r t̪ u k o̞
baserritartze	b a s̺ e̞ r i t̪ a r t͡s̻ e̞
baserritartzen	b a s̺ e̞ r i t̪ a r t͡s̻ ẽ̞ n
baso	b a s̺ o̞
basurde	b a s̺ u r ð̞ e̞
bat	b a t̪
bata	b a t̪ a
bataio	b a t̪ a i̯ o̞
batak	b a t̪ a k
batean	b a t̪ e̞ ã n
batek	b a t̪ e̞ k
baten	b a t̪ ẽ̞ n
batera	b a t̪ e̞ ɾ a
batez	b a t̪ e̞ s̻
bati	b a t̪ i
batzuetan	b a t͡s̻ u e̞ t̪ ã n
bazenbiltza	b a s̻ ẽ̞ m b i l t͡s̻ a
bazenbiltzate	b a s̻ ẽ̞ m b i l t͡s̻ a t̪ e̞
bazenegi	b a s̻ e̞ n e̞ ɣ̞ i
bazenegite	b a s̻ e̞ n e̞ ɣ̞ i t̪ e̞
bazenegitza	b a s̻ e̞ n e̞ ɣ̞ i t͡s̻ a
bazenegitzate	b a s̻ e̞ n e̞ ɣ̞ i t͡s̻ a t̪ e̞
bazeneki	b a s̻ e̞ n e̞ k i
bazenekite	b a s̻ e̞ n e̞ k i t̪ e̞
bazenekizki	b a s̻ e̞ n e̞ k i s̻ k i
bazenekizkite	b a s̻ e̞ n e̞ k i s̻ k i t̪ e̞
bazenekusa	b a s̻ e̞ n e̞ k u s̺ a
bazenekusate	b a s̻ e̞ n e̞ k u s̺ a t̪ e̞
bazenekuski	b a s̻ e̞ n e̞ k u s̺ k i
bazenekuskite	b a s̻ e̞ n e̞ k u s̺ k i t̪ e̞
bazenentzu	b a s̻ e̞ n ẽ̞ n t͡s̻ u
bazenentzute	b a s̻ e̞ n ẽ̞ n t͡s̻ u t̪ e̞
bazenentzuzki	b a s̻ e̞ n ẽ̞ n t͡s̻ u s̻ k i
bazenentzuzkite	b a s̻ e̞ n ẽ̞ n t͡s̻ u s̻ k i t̪ e̞
bazenerakuski	b a s̻ e̞ n e̞ ɾ a k u s̺ k i
bazenerakuskite	b a s̻ e̞ n e̞ ɾ a k u s̺ k i t̪ e̞
bazenerakutsa	b a s̻ e̞ n e̞ ɾ a k u t͡s̺ a
bazenerakutsate	b a s̻ e̞ n e̞ ɾ a k u t͡s̺ a t̪ e̞
bazenihardu	b a s̻ e̞ n i a r ð̞ u
bazenihardu	b a s̻ e̞ n i ɦ a r ð̞ u
bazeniharduka	b a s̻ e̞ n i a r ð̞ u k a
bazeniharduka	b a s̻ e̞ n i ɦ a r ð̞ u k a
bazenihardukate	b a s̻ e̞ n i a r ð̞ u k a t̪ e̞
bazenihardukate	b a s̻ e̞ n i ɦ a r ð̞ u k a t̪ e̞
bazenihardute	b a s̻ e̞ n i a r ð̞ u t̪ e̞
bazenihardute	b a s̻ e̞ n i ɦ a r ð̞ u t̪ e̞
bazenirau	b a s̻ e̞ n i ɾ a u̯
bazeniraute	b a s̻ e̞ n i ɾ a u̯ t̪ e̞
bazenirudi	b a s̻ e̞ n i ɾ u ð̞ i
bazenirudite	b a s̻ e̞ n i ɾ u ð̞ i t̪ e̞
bazentoz	b a s̻ ẽ̞ n̪ t̪ o̞ s̻
bazentozte	b a s̻ ẽ̞ n̪ t̪ o̞ s̻ t̪ e̞
bazeunde	b a s̻ ẽ̞ ũ̯ n̪ d̪ e̞
bazeundete	b a s̻ ẽ̞ ũ̯ n̪ d̪ e̞ t̪ e̞
bazina	b a s̻ i n a
bazina	b a s̻ i ɲ a
bazindoaz	b a s̻ ĩ n̪ d̪ o̞ a s̻
bazindoazte	b a s̻ ĩ n̪ d̪ o̞ a s̻ t̪ e̞
bazinete	b a s̻ i n e̞ t̪ e̞
bazinete	b a s̻ i ɲ e̞ t̪ e̞
bazintez	b a s̻ ĩ n̪ t̪ e̞ s̻
bazintezte	b a s̻ ĩ n̪ t̪ e̞ s̻ t̪ e̞
be	b e̞
bebil	b e̞ β̞ i l
bebiltza	b e̞ β̞ i l t͡s̻ a
bederatzi	b e̞ ð̞ e̞ ɾ a t͡s̻ i
bedi	b e̞ ð̞ i
begi	b e̞ ɣ̞ i
begira	b e̞ ɣ̞ i ɾ a
begiratu	b e̞ ɣ̞ i ɾ a t̪ u
begiratuko	b e̞ ɣ̞ i ɾ a t̪ u k o̞
begiratze	b e̞ ɣ̞ i ɾ a t͡s̻ e̞
begiratzen	b e̞ ɣ̞ i ɾ a t͡s̻ ẽ̞ n
begite	b e̞ ɣ̞ i t̪ e̞
begitza	b e̞ ɣ̞ i t͡s̻ a
bego	b e̞ ɣ̞ o̞
behar	b e̞ a r
behar	b e̞ ɦ a r
behartsu	b e̞ a r t͡s̺ u
behartsu	b e̞ ɦ a r t͡s̺ u
behi	b e̞ i
behi	b e̞ ɦ i
beki	b e̞ k i
bekie	b e̞ k i e̞
bekite	b e̞ k i t̪ e̞
bekizki	b e̞ k i s̻ k i
bekizkite	b e̞ k i s̻ k i t̪ e̞
bekusa	b e̞ k u s̺ a
bekusate	b e̞ k u s̺ a t̪ e̞
bekuski	b e̞ k u s̺ k i
bekuskite	b e̞ k u s̺ k i t̪ e̞
belarri	b e̞ l a r i
beldur	b e̞ l̪ d̪ u r
bele	b e̞ l e̞
belgika	b e̞ l ɣ̞ i k a
belgikar	b e̞ l ɣ̞ i k a r
beltx	b e̞ lʲ t͡ʃ
beltz	b e̞ l t͡s̻
belz	b e̞ l s̻
bentzu	b ẽ̞ n t͡s̻ u
bentzute	b ẽ̞ n t͡s̻ u t̪ e̞
bentzuzki	b ẽ̞ n t͡s̻ u s̻ k i
bentzuzkite	b ẽ̞ n t͡s̻ u s̻ k i t̪ e̞
bera	b e̞ ɾ a
berakuski	b e̞ ɾ a k u s̺ k i
berakuskite	b e̞ ɾ a k u s̺ k i t̪ e̞
berakutsa	b e̞ ɾ a k u t͡s̺ a
berakutsate	b e̞ ɾ a k u t͡s̺ a t̪ e̞
berde	b e̞ r ð̞ e̞
berdin	b e̞ r ð̞ ĩ n
berdintasun	b e̞ r ð̞ ĩ n̪ t̪ a s̺ ũ n
bere	b e̞ ɾ e̞
beren	b e̞ ɾ ẽ̞ n
berilio	b e̞ ɾ i l i o̞
bernedo	b e̞ r n e̞ ð̞ o̞
bero	b e̞ ɾ o̞
beroa	b e̞ ɾ o̞ a
beroate	b e̞ ɾ o̞ a t̪ e̞
beroatza	b e̞ ɾ o̞ a t͡s̻ a
beroatzate	b e̞ ɾ o̞ a t͡s̻ a t̪ e̞
berori	b e̞ ɾ o̞ ɾ i
berpiztu	b e̞ r p i s̻ t̪ u
berri	b e̞ r i
berriro	b e̞ r i ɾ o̞
bertso	b e̞ r t͡s̺ o̞
bertsolari	b e̞ r t͡s̺ o̞ l a ɾ i
besape	b e̞ s̺ a p e̞
beso	b e̞ s̺ o̞
beste	b e̞ s̺ t̪ e̞
beti	b e̞ t̪ i
betor	b e̞ t̪ o̞ r
betoz	b e̞ t̪ o̞ s̻
betza	b e̞ t͡s̻ a
beude	b e̞ u̯ ð̞ e̞
beutza	b e̞ u̯ t͡s̻ a
bi	b i
bide	b i ð̞ e̞
bidegorri	b i ð̞ e̞ ɣ̞ o̞ r i
bidesari	b i ð̞ e̞ s̺ a ɾ i
bielorrusia	b j e̞ l o̞ r u s̺ i a
bielorrusiera	b j e̞ l o̞ r u s̺ i e̞ ɾ a
bigarren	b i ɣ̞ a r ẽ̞ n
bihar	b i a r
bihar	b i ɦ a r
bihardu	b i a r ð̞ u
bihardu	b i ɦ a r ð̞ u
biharduka	b i a r ð̞ u k a
biharduka	b i ɦ a r ð̞ u k a
bihardukate	b i a r ð̞ u k a t̪ e̞
bihardukate	b i ɦ a r ð̞ u k a t̪ e̞
bihardute	b i a r ð̞ u t̪ e̞
bihardute	b i ɦ a r ð̞ u t̪ e̞
bihoa	b i o̞ a
bihoa	b i ɦ o̞ a
bihoaz	b i o̞ a s̻
bihoaz	b i ɦ o̞ a s̻
bihotz	b i o̞ t͡s̻
bihotz	b i ɦ o̞ t͡s̻
bikoitz	b i k o̞ i̯ t͡s̻
bikote	b i k o̞ t̪ e̞
bilatu	b i l a t̪ u
bilatu	b i ʎ a t̪ u
bilbo	b i l β̞ o̞
bildil	b i l̪ d̪ i l
bira	b i ɾ a
birau	b i ɾ a u̯
biraute	b i ɾ a u̯ t̪ e̞
birika	b i ɾ i k a
birudi	b i ɾ u ð̞ i
birudite	b i ɾ u ð̞ i t̪ e̞
bitez	b i t̪ e̞ s̻
bizar	b i s̻ a r
boilur	b o̞ i̯ l u r
boilur	b o̞ ʎ u r
boro	b o̞ ɾ o̞
boronde	b o̞ ɾ õ̞ n̪ d̪ e̞
bosgarren	b o̞ z̺ ɣ̞ a r ẽ̞ n
boskoitz	b o̞ s̺ k o̞ i̯ t͡s̻
bosniera	b o̞ z̺ n i e̞ ɾ a
bost	b o̞ s̺ t̪
bosten	b o̞ s̺ t̪ ẽ̞ n
bostortz	b o̞ s̺ t̪ o̞ r t͡s̻
bozkatu	b o̞ s̻ k a t̪ u
bretoiera	b r e̞ t̪ o̞ i̯ e̞ ɾ a
bukatu	b u k a t̪ u
bulgaria	b u l ɣ̞ a ɾ i a
bulgarian	b u l ɣ̞ a ɾ i ã n
bulgariera	b u l ɣ̞ a ɾ i e̞ ɾ a
burdina	b u r ð̞ i n a
burdina	b u r ð̞ i ɲ a
burdinbide	b u r ð̞ ĩ m b i ð̞ e̞
burdingintza	b u r ð̞ ĩ ŋ ɡ ĩ n t͡s̻ a
buru	b u ɾ u
buruil	b u ɾ u i l
burukomin	b u ɾ u k o̞ m ĩ n
burumuin	b u ɾ u m u ĩ n
buruz	b u ɾ u s̻
c	s̻ e̞
carmeltazita	k a r m e̞ l̪ t̪ a s̻ i t̪ a
d	d̪ e̞
da	d̪ a
dabil	d̪ a β̞ i l
dabilela	d̪ a β̞ i l e̞ l a
dabilela	d̪ a β̞ i ʎ e̞ l a
dabilen	d̪ a β̞ i l ẽ̞ n
dabilen	d̪ a β̞ i ʎ ẽ̞ n
dabilke	d̪ a β̞ i l k e̞
dabiltza	d̪ a β̞ i l t͡s̻ a
dabiltzala	d̪ a β̞ i l t͡s̻ a l a
dabiltzan	d̪ a β̞ i l t͡s̻ ã n
dabilzke	d̪ a β̞ i l s̻ k e̞
dadila	d̪ a ð̞ i l a
dadila	d̪ a ð̞ i ʎ a
dadin	d̪ a ð̞ ĩ n
dagi	d̪ a ɣ̞ i
dagigu	d̪ a ɣ̞ i ɣ̞ u
dagik	d̪ a ɣ̞ i k
dagin	d̪ a ɣ̞ ĩ n
dagit	d̪ a ɣ̞ i t̪
dagite	d̪ a ɣ̞ i t̪ e̞
dagitza	d̪ a ɣ̞ i t͡s̻ a
dagitzagu	d̪ a ɣ̞ i t͡s̻ a ɣ̞ u
dagitzak	d̪ a ɣ̞ i t͡s̻ a k
dagitzan	d̪ a ɣ̞ i t͡s̻ ã n
dagitzat	d̪ a ɣ̞ i t͡s̻ a t̪
dagitzate	d̪ a ɣ̞ i t͡s̻ a t̪ e̞
dagitzazu	d̪ a ɣ̞ i t͡s̻ a s̻ u
dagitzazue	d̪ a ɣ̞ i t͡s̻ a s̻ u e̞
dagizu	d̪ a ɣ̞ i s̻ u
dagizue	d̪ a ɣ̞ i s̻ u e̞
dago	d̪ a ɣ̞ o̞
dagoela	d̪ a ɣ̞ o̞ e̞ l a
dagoen	d̪ a ɣ̞ o̞ ẽ̞ n
dagoke	d̪ a ɣ̞ o̞ k e̞
dagonil	d̪ a ɣ̞ o̞ n i l
daiteke	d̪ a i̯ t̪ e̞ k e̞
daitezela	d̪ a i̯ t̪ e̞ s̻ e̞ l a
daitezen	d̪ a i̯ t̪ e̞ s̻ ẽ̞ n
daitezke	d̪ a i̯ t̪ e̞ s̻ k e̞
daki	d̪ a k i
dakigu	d̪ a k i ɣ̞ u
dakik	d̪ a k i k
dakin	d̪ a k ĩ n
dakit	d̪ a k i t̪
dakite	d̪ a k i t̪ e̞
dakizki	d̪ a k i s̻ k i
dakizkigu	d̪ a k i s̻ k i ɣ̞ u
dakizkik	d̪ a k i s̻ k i k
dakizkin	d̪ a k i s̻ k ĩ n
dakizkit	d̪ a k i s̻ k i t̪
dakizkite	d̪ a k i s̻ k i t̪ e̞
dakizkizu	d̪ a k i s̻ k i s̻ u
dakizkizue	d̪ a k i s̻ k i s̻ u e̞
dakizu	d̪ a k i s̻ u
dakizue	d̪ a k i s̻ u e̞
dakusa	d̪ a k u s̺ a
dakusagu	d̪ a k u s̺ a ɣ̞ u
dakusak	d̪ a k u s̺ a k
dakusan	d̪ a k u s̺ ã n
dakusat	d̪ a k u s̺ a t̪
dakusate	d̪ a k u s̺ a t̪ e̞
dakusazu	d̪ a k u s̺ a s̻ u
dakusazue	d̪ a k u s̺ a s̻ u e̞
dakuski	d̪ a k u s̺ k i
dakuskigu	d̪ a k u s̺ k i ɣ̞ u
dakuskik	d̪ a k u s̺ k i k
dakuskin	d̪ a k u s̺ k ĩ n
dakuskit	d̪ a k u s̺ k i t̪
dakuskite	d̪ a k u s̺ k i t̪ e̞
dakuskizu	d̪ a k u s̺ k i s̻ u
dakuskizue	d̪ a k u s̺ k i s̻ u e̞
daniera	d̪ a n i e̞ ɾ a
danimarka	d̪ a n i m a r k a
dantzu	d̪ ã n t͡s̻ u
dantzugu	d̪ ã n t͡s̻ u ɣ̞ u
dantzuk	d̪ ã n t͡s̻ u k
dantzun	d̪ ã n t͡s̻ ũ n
dantzut	d̪ ã n t͡s̻ u t̪
dantzute	d̪ ã n t͡s̻ u t̪ e̞
dantzuzki	d̪ ã n t͡s̻ u s̻ k i
dantzuzkigu	d̪ ã n t͡s̻ u s̻ k i ɣ̞ u
dantzuzkik	d̪ ã n t͡s̻ u s̻ k i k
dantzuzkin	d̪ ã n t͡s̻ u s̻ k ĩ n
dantzuzkit	d̪ ã n t͡s̻ u s̻ k i t̪
dantzuzkite	d̪ ã n t͡s̻ u s̻ k i t̪ e̞
dantzuzkizu	d̪ ã n t͡s̻ u s̻ k i s̻ u
dantzuzkizue	d̪ ã n t͡s̻ u s̻ k i s̻ u e̞
dantzuzu	d̪ ã n t͡s̻ u s̻ u
dantzuzue	d̪ ã n t͡s̻ u s̻ u e̞
darakuski	d̪ a ɾ a k u s̺ k i
darakuskigu	d̪ a ɾ a k u s̺ k i ɣ̞ u
darakuskik	d̪ a ɾ a k u s̺ k i k
darakuskin	d̪ a ɾ a k u s̺ k ĩ n
darakuskit	d̪ a ɾ a k u s̺ k i t̪
darakuskite	d̪ a ɾ a k u s̺ k i t̪ e̞
darakuskizu	d̪ a ɾ a k u s̺ k i s̻ u
darakuskizue	d̪ a ɾ a k u s̺ k i s̻ u e̞
darakutsa	d̪ a ɾ a k u t͡s̺ a
darakutsagu	d̪ a ɾ a k u t͡s̺ a ɣ̞ u
darakutsak	d̪ a ɾ a k u t͡s̺ a k
darakutsan	d̪ a ɾ a k u t͡s̺ ã n
darakutsat	d̪ a ɾ a k u t͡s̺ a t̪
darakutsate	d̪ a ɾ a k u t͡s̺ a t̪ e̞
darakutsazu	d̪ a ɾ a k u t͡s̺ a s̻ u
darakutsazue	d̪ a ɾ a k u t͡s̺ a s̻ u e̞
darama	d̪ a ɾ a m a
daratulu	d̪ a ɾ a t̪ u l u
darik	d̪ a ɾ i k
darin	d̪ a ɾ ĩ n
daroa	d̪ a ɾ o̞ a
daroagu	d̪ a ɾ o̞ a ɣ̞ u
daroak	d̪ a ɾ o̞ a k
daroan	d̪ a ɾ o̞ ã n
daroat	d̪ a ɾ o̞ a t̪
daroate	d̪ a ɾ o̞ a t̪ e̞
daroatza	d̪ a ɾ o̞ a t͡s̻ a
daroatzagu	d̪ a ɾ o̞ a t͡s̻ a ɣ̞ u
daroatzak	d̪ a ɾ o̞ a t͡s̻ a k
daroatzan	d̪ a ɾ o̞ a t͡s̻ ã n
daroatzat	d̪ a ɾ o̞ a t͡s̻ a t̪
daroatzate	d̪ a ɾ o̞ a t͡s̻ a t̪ e̞
daroatzazu	d̪ a ɾ o̞ a t͡s̻ a s̻ u
daroatzazue	d̪ a ɾ o̞ a t͡s̻ a s̻ u e̞
daroazu	d̪ a ɾ o̞ a s̻ u
daroazue	d̪ a ɾ o̞ a s̻ u e̞
dateke	d̪ a t̪ e̞ k e̞
dator	d̪ a t̪ o̞ r
datorke	d̪ a t̪ o̞ r k e̞
datorrela	d̪ a t̪ o̞ r e̞ l a
datorren	d̪ a t̪ o̞ r ẽ̞ n
datoz	d̪ a t̪ o̞ s̻
datozela	d̪ a t̪ o̞ s̻ e̞ l a
datozen	d̪ a t̪ o̞ s̻ ẽ̞ n
datozke	d̪ a t̪ o̞ s̻ k e̞
datxekie	d̪ a t͡ʃ e̞ k i e̞
datxekigu	d̪ a t͡ʃ e̞ k i ɣ̞ u
datxekik	d̪ a t͡ʃ e̞ k i k
datxekin	d̪ a t͡ʃ e̞ k ĩ n
datxekio	d̪ a t͡ʃ e̞ k i o̞
datxekit	d̪ a t͡ʃ e̞ k i t̪
datxekizu	d̪ a t͡ʃ e̞ k i s̻ u
datxekizue	d̪ a t͡ʃ e̞ k i s̻ u e̞
datxezkie	d̪ a t͡ʃ e̞ s̻ k i e̞
datxezkigu	d̪ a t͡ʃ e̞ s̻ k i ɣ̞ u
datxezkik	d̪ a t͡ʃ e̞ s̻ k i k
datxezkin	d̪ a t͡ʃ e̞ s̻ k ĩ n
datxezkio	d̪ a t͡ʃ e̞ s̻ k i o̞
datxezkit	d̪ a t͡ʃ e̞ s̻ k i t̪
datxezkizu	d̪ a t͡ʃ e̞ s̻ k i s̻ u
datxezkizue	d̪ a t͡ʃ e̞ s̻ k i s̻ u e̞
datza	d̪ a t͡s̻ a
daude	d̪ a u̯ ð̞ e̞
daudeke	d̪ a u̯ ð̞ e̞ k e̞
daudela	d̪ a u̯ ð̞ e̞ l a
dauden	d̪ a u̯ ð̞ ẽ̞ n
dautza	d̪ a u̯ t͡s̻ a
de	d̪ e̞
deabru	d̪ e̞ a β̞ r u
dei	d̪ e̞ i̯
deia	d̪ e̞ i̯ a
deien	d̪ e̞ i̯ ẽ̞ n
deira	d̪ e̞ i̯ ɾ a
deiri	d̪ e̞ i̯ ɾ i
deitara	d̪ e̞ i̯ t̪ a ɾ a
deitura	d̪ e̞ i̯ t̪ u ɾ a
deiz	d̪ e̞ i̯ s̻
desberdin	d̪ e̞ z̺ β̞ e̞ r ð̞ ĩ n
desberdintasun	d̪ e̞ z̺ β̞ e̞ r ð̞ ĩ n̪ t̪ a s̺ ũ n
dihardu	d̪ i a r ð̞ u
dihardu	d̪ i ɦ a r ð̞ u
dihardugu	d̪ i a r ð̞ u ɣ̞ u
dihardugu	d̪ i ɦ a r ð̞ u ɣ̞ u
diharduk	d̪ i a r ð̞ u k
diharduk	d̪ i ɦ a r ð̞ u k
diharduka	d̪ i a r ð̞ u k a
diharduka	d̪ i ɦ a r ð̞ u k a
dihardukagu	d̪ i a r ð̞ u k a ɣ̞ u
dihardukagu	d̪ i ɦ a r ð̞ u k a ɣ̞ u
dihardukak	d̪ i a r ð̞ u k a k
dihardukak	d̪ i ɦ a r ð̞ u k a k
dihardukan	d̪ i a r ð̞ u k ã n
dihardukan	d̪ i ɦ a r ð̞ u k ã n
dihardukat	d̪ i a r ð̞ u k a t̪
dihardukat	d̪ i ɦ a r ð̞ u k a t̪
dihardukate	d̪ i a r ð̞ u k a t̪ e̞
dihardukate	d̪ i ɦ a r ð̞ u k a t̪ e̞
dihardukazu	d̪ i a r ð̞ u k a s̻ u
dihardukazu	d̪ i ɦ a r ð̞ u k a s̻ u
dihardukazue	d̪ i a r ð̞ u k a s̻ u e̞
dihardukazue	d̪ i ɦ a r ð̞ u k a s̻ u e̞
dihardun	d̪ i a r ð̞ ũ n
dihardun	d̪ i ɦ a r ð̞ ũ n
dihardut	d̪ i a r ð̞ u t̪
dihardut	d̪ i ɦ a r ð̞ u t̪
dihardute	d̪ i a r ð̞ u t̪ e̞
dihardute	d̪ i ɦ a r ð̞ u t̪ e̞
diharduzu	d̪ i a r ð̞ u s̻ u
diharduzu	d̪ i ɦ a r ð̞ u s̻ u
diharduzue	d̪ i a r ð̞ u s̻ u e̞
diharduzue	d̪ i ɦ a r ð̞ u s̻ u e̞
dira	d̪ i ɾ a
dirateke	d̪ i ɾ a t̪ e̞ k e̞
dirau	d̪ i ɾ a u̯
diraugu	d̪ i ɾ a u̯ ɣ̞ u
dirauk	d̪ i ɾ a u̯ k
diraun	d̪ i ɾ ã ũ̯ n
diraut	d̪ i ɾ a u̯ t̪
diraute	d̪ i ɾ a u̯ t̪ e̞
dirauzu	d̪ i ɾ a u̯ s̻ u
dirauzue	d̪ i ɾ a u̯ s̻ u e̞
dirudi	d̪ i ɾ u ð̞ i
dirudigu	d̪ i ɾ u ð̞ i ɣ̞ u
dirudik	d̪ i ɾ u ð̞ i k
dirudin	d̪ i ɾ u ð̞ ĩ n
dirudit	d̪ i ɾ u ð̞ i t̪
dirudite	d̪ i ɾ u ð̞ i t̪ e̞
dirudizu	d̪ i ɾ u ð̞ i s̻ u
dirudizue	d̪ i ɾ u ð̞ i s̻ u e̞
diskoetxe	d̪ i s̺ k o̞ e̞ t͡ʃ e̞
doa	d̪ o̞ a
doake	d̪ o̞ a k e̞
doan	d̪ o̞ ã n
doaz	d̪ o̞ a s̻
doazen	d̪ o̞ a s̻ ẽ̞ n
doazke	d̪ o̞ a s̻ k e̞
domeka	d̪ o̞ m e̞ k a
donostia	d̪ o̞ n o̞ s̺ t̪ j a
dortoka	d̪ o̞ r t̪ o̞ k a
dromedario	d̪ r o̞ m e̞ ð̞ a ɾ i o̞
e	e̞
ebiakoitz	e̞ β̞ i a k o̞ i̯ t͡s̻
edan	e̞ ð̞ ã n
edari	e̞ ð̞ a ɾ i
eder	e̞ ð̞ e̞ r
edertasun	e̞ ð̞ e̞ r t̪ a s̺ ũ n
edin	e̞ ð̞ ĩ n
edonor	e̞ ð̞ o̞ n o̞ r
edozer	e̞ ð̞ o̞ s̻ e̞ r
eduki	e̞ ð̞ u k i
edukiko	e̞ ð̞ u k i k o̞
edukitze	e̞ ð̞ u k i t͡s̻ e̞
edukitzen	e̞ ð̞ u k i t͡s̻ ẽ̞ n
edun	e̞ ð̞ ũ n
efe	e̞ f e̞
egia	e̞ ɣ̞ i a
egiaz	e̞ ɣ̞ i a s̻
egiazko	e̞ ɣ̞ i a s̻ k o̞
egiaztatu	e̞ ɣ̞ i a s̻ t̪ a t̪ u
egik	e̞ ɣ̞ i k
egin	e̞ ɣ̞ ĩ n
egingo	e̞ ɣ̞ ĩ ŋ ɡ o̞
egitasmo	e̞ ɣ̞ i t̪ a z̺ m o̞
egite	e̞ ɣ̞ i t̪ e̞
egiten	e̞ ɣ̞ i t̪ ẽ̞ n
egitzak	e̞ ɣ̞ i t͡s̻ a k
egitzan	e̞ ɣ̞ i t͡s̻ ã n
egitzazu	e̞ ɣ̞ i t͡s̻ a s̻ u
egitzazue	e̞ ɣ̞ i t͡s̻ a s̻ u e̞
egizu	e̞ ɣ̞ i s̻ u
egizue	e̞ ɣ̞ i s̻ u e̞
egon	e̞ ɣ̞ õ̞ n
egongo	e̞ ɣ̞ õ̞ ŋ ɡ o̞
egote	e̞ ɣ̞ o̞ t̪ e̞
egoten	e̞ ɣ̞ o̞ t̪ ẽ̞ n
eguazten	e̞ ɣ̞ u a s̻ t̪ ẽ̞ n
egubakoitz	e̞ ɣ̞ u β̞ a k o̞ i̯ t͡s̻
eguberri	e̞ ɣ̞ u β̞ e̞ r i
eguen	e̞ ɣ̞ u ẽ̞ n
egun	e̞ ɣ̞ ũ n
egur	e̞ ɣ̞ u r
eguzkitsu	e̞ ɣ̞ u s̻ k i t͡s̺ u
ehe	ẽ h̃ ẽ
ehiza	e̞ i s̻ a
ehiza	e̞ ɦ i s̻ a
ehun	e̞ ũ n
ehun	e̞ ɦ ũ n
ekain	e̞ k ã ĩ̯ n
ekaiztsu	e̞ k a i̯ s̻ t͡s̺ u
ekark	e̞ k a r k
ekarna	e̞ k a r n a
ekarri	e̞ k a r i
ekialde	e̞ k i a l̪ d̪ e̞
ele	e̞ l e̞
elefante	e̞ l e̞ f ã n̪ t̪ e̞
eliza	e̞ l i s̻ a
elkar	e̞ l k a r
elkarlan	e̞ l k a r l ã n
elkarrekin	e̞ l k a r e̞ k ĩ n
elkarren	e̞ l k a r ẽ̞ n
elkarrengan	e̞ l k a r ẽ̞ ŋ ɡ ã n
elkarrengana	e̞ l k a r ẽ̞ ŋ ɡ a n a
elkarrenganaino	e̞ l k a r ẽ̞ ŋ ɡ a n a i̯ n o̞
elkarrenganaino	e̞ l k a r ẽ̞ ŋ ɡ a n a ɲ o̞
elkarrenganako	e̞ l k a r ẽ̞ ŋ ɡ a n a k o̞
elkarrenganantz	e̞ l k a r ẽ̞ ŋ ɡ a n ã n t͡s̻
elkarrengandik	e̞ l k a r ẽ̞ ŋ ɡ ã n̪ d̪ i k
elkarrengatik	e̞ l k a r ẽ̞ ŋ ɡ a t̪ i k
elkarrentzat	e̞ l k a r ẽ̞ n t͡s̻ a t̪
elkarrez	e̞ l k a r e̞ s̻
elkarri	e̞ l k a r i
eltxo	e̞ lʲ t͡ʃ o̞
emagaldu	e̞ m a ɣ̞ a l̪ d̪ u
emakume	e̞ m a k u m e̞
eman	e̞ m ã n
eme	e̞ m e̞
enara	e̞ n a ɾ a
ene	e̞ n e̞
enegan	e̞ n e̞ ɣ̞ ã n
enigmatiko	e̞ n i ɣ̞ m a t̪ i k o̞
entzuk	ẽ̞ n t͡s̻ u k
entzun	ẽ̞ n t͡s̻ ũ n
entzuzu	ẽ̞ n t͡s̻ u s̻ u
entzuzue	ẽ̞ n t͡s̻ u s̻ u e̞
epail	e̞ p a i̯ l
eper	e̞ p e̞ r
erabili	e̞ ɾ a β̞ i l i
erabili	e̞ ɾ a β̞ i ʎ i
erakutsak	e̞ ɾ a k u t͡s̺ a k
erakutsan	e̞ ɾ a k u t͡s̺ ã n
erakutsazu	e̞ ɾ a k u t͡s̺ a s̻ u
erakutsazue	e̞ ɾ a k u t͡s̺ a s̻ u e̞
erakutsi	e̞ ɾ a k u t͡s̺ i
eraman	e̞ ɾ a m ã n
erbi	e̞ r β̞ i
erdara	e̞ r ð̞ a ɾ a
erdi	e̞ r ð̞ i
ereiaro	e̞ ɾ e̞ i̯ a ɾ o̞
eri	e̞ ɾ i
erion	e̞ ɾ i õ̞ n
erlategi	e̞ r l a t̪ e̞ ɣ̞ i
erlauntza	e̞ r l ã ũ̯ n t͡s̻ a
ermita	e̞ r m i t̪ a
erne	e̞ r n e̞
eroak	e̞ ɾ o̞ a k
eroan	e̞ ɾ o̞ ã n
eroango	e̞ ɾ o̞ ã ŋ ɡ o̞
eroate	e̞ ɾ o̞ a t̪ e̞
eroaten	e̞ ɾ o̞ a t̪ ẽ̞ n
eroazu	e̞ ɾ o̞ a s̻ u
eroazue	e̞ ɾ o̞ a s̻ u e̞
erori	e̞ ɾ o̞ ɾ i
eros	e̞ ɾ o̞ s̺
erosak	e̞ ɾ o̞ s̺ a k
erosan	e̞ ɾ o̞ s̺ ã n
erosazu	e̞ ɾ o̞ s̺ a s̻ u
erosazue	e̞ ɾ o̞ s̺ a s̻ u e̞
erosi	e̞ ɾ o̞ s̺ i
erosiek	e̞ ɾ o̞ s̺ i e̞ k
erosien	e̞ ɾ o̞ s̺ i ẽ̞ n
erosiok	e̞ ɾ o̞ s̺ i o̞ k
erosion	e̞ ɾ o̞ s̺ i õ̞ n
erostak	e̞ ɾ o̞ s̺ t̪ a k
erostan	e̞ ɾ o̞ s̺ t̪ ã n
errain	e̞ r ã ĩ̯ n
erraldoi	e̞ r a l̪ d̪ o̞ i̯
erran	e̞ r ã n
errauts	e̞ r a u̯ t͡s̺
erraz	e̞ r a s̻
erre	e̞ r e̞
erreferentzia	e̞ r e̞ f e̞ ɾ ẽ̞ n t͡s̻ i a
erregina	e̞ r e̞ ɣ̞ i n a
erregina	e̞ r e̞ ɣ̞ i ɲ a
erreka	e̞ r e̞ k a
errepide	e̞ r e̞ p i ð̞ e̞
errepika	e̞ r e̞ p i k a
erresuma	e̞ r e̞ s̺ u m a
errez	e̞ r e̞ s̻
errota	e̞ r o̞ t̪ a
erru	e̞ r u
errumania	e̞ r u m a n i a
errumaniar	e̞ r u m a n i a r
errumaniera	e̞ r u m a n i e̞ ɾ a
errusia	e̞ r u s̺ i a
errusiar	e̞ r u s̺ i a r
errusiera	e̞ r u s̺ i e̞ ɾ a
ertz	e̞ r t͡s̻
ertzain	e̞ r t͡s̻ ã ĩ̯ n
esan	e̞ s̺ ã n
ese	e̞ s̺ e̞
esker	e̞ s̺ k e̞ r
eskozia	e̞ s̺ k o̞ s̻ i a
eskribitu	e̞ s̺ k r i β̞ i t̪ u
esku	e̞ s̺ k u
eskubila	e̞ s̺ k u β̞ i l a
eskubila	e̞ s̺ k u β̞ i ʎ a
eslovakia	e̞ z̺ l o̞ β̞ a k i a
eslovakiar	e̞ z̺ l o̞ β̞ a k i a r
eslovakiera	e̞ z̺ l o̞ β̞ a k i e̞ ɾ a
eslovenia	e̞ z̺ l o̞ β̞ e̞ n i a
esloveniar	e̞ z̺ l o̞ β̞ e̞ n i a r
esloveniera	e̞ z̺ l o̞ β̞ e̞ n i e̞ ɾ a
esne	e̞ z̺ n e̞
espainia	e̞ s̺ p a i̯ n i a
espainia	e̞ s̺ p a ɲ i a
espainiar	e̞ s̺ p a i̯ n i a r
espainiar	e̞ s̺ p a ɲ i a r
esperanto	e̞ s̺ p e̞ ɾ ã n̪ t̪ o̞
espresuki	e̞ s̺ p r e̞ s̺ u k i
estatu	e̞ s̺ t̪ a t̪ u
estatua	e̞ s̺ t̪ a t̪ u a
estatua	e̞ s̺ t̪ a t̪ w a
estonia	e̞ s̺ t̪ o̞ n i a
estoniako	e̞ s̺ t̪ o̞ n i a k o̞
estonian	e̞ s̺ t̪ o̞ n i ã n
estoniar	e̞ s̺ t̪ o̞ n i a r
estoniera	e̞ s̺ t̪ o̞ n i e̞ ɾ a
estralurtar	e̞ s̺ t̪ r a l u r t̪ a r
eta	e̞ t̪ a
eten	e̞ t̪ ẽ̞ n
etete	e̞ t̪ e̞ t̪ e̞
etor	e̞ t̪ o̞ r
etorri	e̞ t̪ o̞ r i
etorriko	e̞ t̪ o̞ r i k o̞
etortze	e̞ t̪ o̞ r t͡s̻ e̞
etortzen	e̞ t̪ o̞ r t͡s̻ ẽ̞ n
etsai	e̞ t͡s̺ a i̯
etxe	e̞ t͡ʃ e̞
etzan	e̞ t͡s̻ ã n
etzango	e̞ t͡s̻ ã ŋ ɡ o̞
etzate	e̞ t͡s̻ a t̪ e̞
etzaten	e̞ t͡s̻ a t̪ ẽ̞ n
etzi	e̞ t͡s̻ i
euli	e̞ u̯ l i
eurak	e̞ u̯ ɾ a k
euri	e̞ u̯ ɾ i
eurok	e̞ u̯ ɾ o̞ k
euskadi	e̞ u̯ s̺ k a ð̞ i
euskal	e̞ u̯ s̺ k a l
euskaldun	e̞ u̯ s̺ k a l̪ d̪ ũ n
euskaltegi	e̞ u̯ s̺ k a l̪ t̪ e̞ ɣ̞ i
euskara	e̞ u̯ s̺ k a ɾ a
euskera	e̞ u̯ s̺ k e̞ ɾ a
euzkadi	e̞ u̯ s̻ k a ð̞ i
ez	e̞ s̻
ezagut	e̞ s̻ a ɣ̞ u t̪
ezagutu	e̞ s̻ a ɣ̞ u t̪ u
ezagutuko	e̞ s̻ a ɣ̞ u t̪ u k o̞
ezagutze	e̞ s̻ a ɣ̞ u t͡s̻ e̞
ezagutzen	e̞ s̻ a ɣ̞ u t͡s̻ ẽ̞ n
ezberdin	e̞ z̻ β̞ e̞ r ð̞ ĩ n
ezberdintasun	e̞ z̻ β̞ e̞ r ð̞ ĩ n̪ t̪ a s̺ ũ n
ezer	e̞ s̻ e̞ r
ezeri	e̞ s̻ e̞ ɾ i
ezezagun	e̞ s̻ e̞ s̻ a ɣ̞ ũ n
ezker	e̞ s̻ k e̞ r
ezkerra	e̞ s̻ k e̞ r a
ezko	e̞ s̻ k o̞
ezkondu	e̞ s̻ k õ̞ n̪ d̪ u
ezkongabe	e̞ s̻ k õ̞ ŋ ɡ a β̞ e̞
ezkontza	e̞ s̻ k õ̞ n t͡s̻ a
ezkutatu	e̞ s̻ k u t̪ a t̪ u
ezpel	e̞ s̻ p e̞ l
eztarri	e̞ s̻ t̪ a r i
ezti	e̞ s̻ t̪ i
eñe	e̞ ɲ e̞
f	e̞ f e̞
fanfarroi	f ã ɱ f a r o̞ i̯
fetitxe	f e̞ t̪ i t͡ʃ e̞
fetitxismo	f e̞ t̪ i t͡ʃ i z̺ m o̞
finlandia	f ĩ n l ã n̪ d̪ i a
finlandiar	f ĩ n l ã n̪ d̪ i a r
finlandiera	f ĩ n l ã n̪ d̪ i e̞ ɾ a
flatulentzia	f l a t̪ u l ẽ̞ n t͡s̻ i a
fluor	f l u o̞ r
frantses	f r ã n t͡s̺ e̞ s̺
frantzia	f r ã n t͡s̻ i a
frantziar	f r ã n t͡s̻ i a r
fruta	f r u t̪ a
g	ɡ e̞
gabarra	ɡ a β̞ a r a
gabiltza	ɡ a β̞ i l t͡s̻ a
gabiltzan	ɡ a β̞ i l t͡s̻ ã n
gabilzke	ɡ a β̞ i l s̻ k e̞
gai	ɡ a i̯
gailu	ɡ a i̯ l u
gailu	ɡ a ʎ u
gailur	ɡ a i̯ l u r
gailur	ɡ a ʎ u r
gaitezen	ɡ a i̯ t̪ e̞ s̻ ẽ̞ n
gaitezke	ɡ a i̯ t̪ e̞ s̻ k e̞
gaizki	ɡ a i̯ s̻ k i
gaizto	ɡ a i̯ s̻ t̪ o̞
galdu	ɡ a l̪ d̪ u
galeper	ɡ a l e̞ p e̞ r
gales	ɡ a l e̞ s̺
galesera	ɡ a l e̞ s̺ e̞ ɾ a
galiziar	ɡ a l i s̻ i a r
galtzak	ɡ a l t͡s̻ a k
galtzarbe	ɡ a l t͡s̻ a r β̞ e̞
galtzari	ɡ a l t͡s̻ a ɾ i
galtzerdi	ɡ a l t͡s̻ e̞ r ð̞ i
galtzetin	ɡ a l t͡s̻ e̞ t̪ ĩ n
gamelu	ɡ a m e̞ l u
gara	ɡ a ɾ a
garabi	ɡ a ɾ a β̞ i
garagar	ɡ a ɾ a ɣ̞ a r
garagardo	ɡ a ɾ a ɣ̞ a r ð̞ o̞
garagarril	ɡ a ɾ a ɣ̞ a r i l
garai	ɡ a ɾ a i̯
garateke	ɡ a ɾ a t̪ e̞ k e̞
garbantzu	ɡ a r β̞ ã n t͡s̻ u
garesti	ɡ a ɾ e̞ s̺ t̪ i
gari	ɡ a ɾ i
garil	ɡ a ɾ i l
garizuma	ɡ a ɾ i s̻ u m a
gasteiz	ɡ a s̺ t̪ e̞ i̯ s̻
gatazka	ɡ a t̪ a s̻ k a
gatoz	ɡ a t̪ o̞ s̻
gatozen	ɡ a t̪ o̞ s̻ ẽ̞ n
gatozke	ɡ a t̪ o̞ s̻ k e̞
gatxezkie	ɡ a t͡ʃ e̞ s̻ k i e̞
gatxezkik	ɡ a t͡ʃ e̞ s̻ k i k
gatxezkin	ɡ a t͡ʃ e̞ s̻ k ĩ n
gatxezkio	ɡ a t͡ʃ e̞ s̻ k i o̞
gatxezkizu	ɡ a t͡ʃ e̞ s̻ k i s̻ u
gatxezkizue	ɡ a t͡ʃ e̞ s̻ k i s̻ u e̞
gatz	ɡ a t͡s̻
gau	ɡ a u̯
gaude	ɡ a u̯ ð̞ e̞
gaudeke	ɡ a u̯ ð̞ e̞ k e̞
gauden	ɡ a u̯ ð̞ ẽ̞ n
gauenara	ɡ a u̯ e̞ n a ɾ a
gaupasa	ɡ a u̯ p a s̺ a
gaur	ɡ a u̯ r
gautza	ɡ a u̯ t͡s̻ a
gauza	ɡ a u̯ s̻ a
gazi	ɡ a s̻ i
gaztaina	ɡ a s̻ t̪ a i̯ n a
gaztaina	ɡ a s̻ t̪ a ɲ a
gazte	ɡ a s̻ t̪ e̞
gaztela	ɡ a s̻ t̪ e̞ l a
gaztelania	ɡ a s̻ t̪ e̞ l a n i a
gaztelera	ɡ a s̻ t̪ e̞ l e̞ ɾ a
gela	ɡ e̞ l a
genbiltzan	ɡ ẽ̞ m b i l t͡s̻ ã n
genbilzke	ɡ ẽ̞ m b i l s̻ k e̞
genbilzkeen	ɡ ẽ̞ m b i l s̻ k e̞ ẽ̞ n
genegien	ɡ e̞ n e̞ ɣ̞ i ẽ̞ n
genegike	ɡ e̞ n e̞ ɣ̞ i k e̞
genegitzake	ɡ e̞ n e̞ ɣ̞ i t͡s̻ a k e̞
genegitzan	ɡ e̞ n e̞ ɣ̞ i t͡s̻ ã n
genekien	ɡ e̞ n e̞ k i ẽ̞ n
genekike	ɡ e̞ n e̞ k i k e̞
genekizke	ɡ e̞ n e̞ k i s̻ k e̞
genekizkien	ɡ e̞ n e̞ k i s̻ k i ẽ̞ n
genekusan	ɡ e̞ n e̞ k u s̺ ã n
genekusazke	ɡ e̞ n e̞ k u s̺ a s̻ k e̞
genekuske	ɡ e̞ n e̞ k u s̺ k e̞
genekuskien	ɡ e̞ n e̞ k u s̺ k i ẽ̞ n
genentzuen	ɡ e̞ n ẽ̞ n t͡s̻ u ẽ̞ n
genentzuke	ɡ e̞ n ẽ̞ n t͡s̻ u k e̞
genentzuzke	ɡ e̞ n ẽ̞ n t͡s̻ u s̻ k e̞
genentzuzkien	ɡ e̞ n ẽ̞ n t͡s̻ u s̻ k i ẽ̞ n
generakuske	ɡ e̞ n e̞ ɾ a k u s̺ k e̞
generakuskien	ɡ e̞ n e̞ ɾ a k u s̺ k i ẽ̞ n
generakutsan	ɡ e̞ n e̞ ɾ a k u t͡s̺ ã n
generakutsazke	ɡ e̞ n e̞ ɾ a k u t͡s̺ a s̻ k e̞
generoake	ɡ e̞ n e̞ ɾ o̞ a k e̞
generoan	ɡ e̞ n e̞ ɾ o̞ ã n
generoatzan	ɡ e̞ n e̞ ɾ o̞ a t͡s̻ ã n
generoazke	ɡ e̞ n e̞ ɾ o̞ a s̻ k e̞
geniharduen	ɡ e̞ n i a r ð̞ u ẽ̞ n
geniharduen	ɡ e̞ n i ɦ a r ð̞ u ẽ̞ n
genihardukake	ɡ e̞ n i a r ð̞ u k a k e̞
genihardukake	ɡ e̞ n i ɦ a r ð̞ u k a k e̞
genihardukan	ɡ e̞ n i a r ð̞ u k ã n
genihardukan	ɡ e̞ n i ɦ a r ð̞ u k ã n
geniharduke	ɡ e̞ n i a r ð̞ u k e̞
geniharduke	ɡ e̞ n i ɦ a r ð̞ u k e̞
genirauen	ɡ e̞ n i ɾ a u̯ ẽ̞ n
genirauke	ɡ e̞ n i ɾ a u̯ k e̞
genirudien	ɡ e̞ n i ɾ u ð̞ i ẽ̞ n
genirudike	ɡ e̞ n i ɾ u ð̞ i k e̞
genkizkien	ɡ ẽ̞ ŋ k i s̻ k i ẽ̞ n
genkizkion	ɡ ẽ̞ ŋ k i s̻ k i õ̞ n
gentozen	ɡ ẽ̞ n̪ t̪ o̞ s̻ ẽ̞ n
gentozke	ɡ ẽ̞ n̪ t̪ o̞ s̻ k e̞
gentozkeen	ɡ ẽ̞ n̪ t̪ o̞ s̻ k e̞ ẽ̞ n
gentxezkiake	ɡ ẽ̞ nʲ t͡ʃ e̞ s̻ k i a k e̞
gentxezkian	ɡ ẽ̞ nʲ t͡ʃ e̞ s̻ k i ã n
gentxezkieke	ɡ ẽ̞ nʲ t͡ʃ e̞ s̻ k i e̞ k e̞
gentxezkien	ɡ ẽ̞ nʲ t͡ʃ e̞ s̻ k i ẽ̞ n
gentxezkinake	ɡ ẽ̞ nʲ t͡ʃ e̞ s̻ k i n a k e̞
gentxezkinake	ɡ ẽ̞ nʲ t͡ʃ e̞ s̻ k i ɲ a k e̞
gentxezkinan	ɡ ẽ̞ nʲ t͡ʃ e̞ s̻ k i n ã n
gentxezkinan	ɡ ẽ̞ nʲ t͡ʃ e̞ s̻ k i ɲ ã n
gentxezkioke	ɡ ẽ̞ nʲ t͡ʃ e̞ s̻ k i o̞ k e̞
gentxezkion	ɡ ẽ̞ nʲ t͡ʃ e̞ s̻ k i õ̞ n
gentxezkizueke	ɡ ẽ̞ nʲ t͡ʃ e̞ s̻ k i s̻ u e̞ k e̞
gentxezkizuen	ɡ ẽ̞ nʲ t͡ʃ e̞ s̻ k i s̻ u ẽ̞ n
gentxezkizuke	ɡ ẽ̞ nʲ t͡ʃ e̞ s̻ k i s̻ u k e̞
gentxezkizun	ɡ ẽ̞ nʲ t͡ʃ e̞ s̻ k i s̻ ũ n
georgia	ɡ e̞ o̞ r ɣ̞ i a
georgiar	ɡ e̞ o̞ r ɣ̞ i a r
georgiera	ɡ e̞ o̞ r ɣ̞ i e̞ ɾ a
gerezi	ɡ e̞ ɾ e̞ s̻ i
gero	ɡ e̞ ɾ o̞
gerra	ɡ e̞ r a
gerri	ɡ e̞ r i
gerriko	ɡ e̞ r i k o̞
geu	ɡ e̞ u̯
geundeke	ɡ ẽ̞ ũ̯ n̪ d̪ e̞ k e̞
geundekeen	ɡ ẽ̞ ũ̯ n̪ d̪ e̞ k e̞ ẽ̞ n
geunden	ɡ ẽ̞ ũ̯ n̪ d̪ ẽ̞ n
geuntzake	ɡ ẽ̞ ũ̯ n t͡s̻ a k e̞
geuntzan	ɡ ẽ̞ ũ̯ n t͡s̻ ã n
geure	ɡ e̞ u̯ ɾ e̞
gezi	ɡ e̞ s̻ i
ghana	ɡ a n a
ghanan	ɡ a n ã n
gibel	ɡ i β̞ e̞ l
giltza	ɡ i l t͡s̻ a
giltzurrun	ɡ i l t͡s̻ u r ũ n
ginarreba	ɡ i n a r e̞ β̞ a
ginarreba	ɡ i ɲ a r e̞ β̞ a
ginateke	ɡ i n a t̪ e̞ k e̞
ginateke	ɡ i ɲ a t̪ e̞ k e̞
ginatekeen	ɡ i n a t̪ e̞ k e̞ ẽ̞ n
ginatekeen	ɡ i ɲ a t̪ e̞ k e̞ ẽ̞ n
gindoazen	ɡ ĩ n̪ d̪ o̞ a s̻ ẽ̞ n
gindoazke	ɡ ĩ n̪ d̪ o̞ a s̻ k e̞
gindoazkeen	ɡ ĩ n̪ d̪ o̞ a s̻ k e̞ ẽ̞ n
ginen	ɡ i n ẽ̞ n
ginen	ɡ i ɲ ẽ̞ n
gintezen	ɡ ĩ n̪ t̪ e̞ s̻ ẽ̞ n
gintezke	ɡ ĩ n̪ t̪ e̞ s̻ k e̞
gintezkeen	ɡ ĩ n̪ t̪ e̞ s̻ k e̞ ẽ̞ n
gipuzkoa	ɡ i p u s̻ k o̞ a
gipuzkoan	ɡ i p u s̻ k o̞ ã n
gizon	ɡ i s̻ õ̞ n
goaz	ɡ o̞ a s̻
goazen	ɡ o̞ a s̻ ẽ̞ n
goazke	ɡ o̞ a s̻ k e̞
gogo	ɡ o̞ ɣ̞ o̞
goilara	ɡ o̞ i̯ l a ɾ a
goilara	ɡ o̞ ʎ a ɾ a
goiz	ɡ o̞ i̯ s̻
gontz	ɡ õ̞ n t͡s̻
gora	ɡ o̞ ɾ a
gorosti	ɡ o̞ ɾ o̞ s̺ t̪ i
gorotzil	ɡ o̞ ɾ o̞ t͡s̻ i l
gorri	ɡ o̞ r i
gorrimin	ɡ o̞ r i m ĩ n
gorrimotel	ɡ o̞ r i m o̞ t̪ e̞ l
gorringo	ɡ o̞ r ĩ ŋ ɡ o̞
gosaldu	ɡ o̞ s̺ a l̪ d̪ u
gotzon	ɡ o̞ t͡s̻ õ̞ n
gozo	ɡ o̞ s̻ o̞
grezia	ɡ r e̞ s̻ i a
gris	ɡ r i s̺
gu	ɡ u
guda	ɡ u ð̞ a
guk	ɡ u k
gune	ɡ u n e̞
guneka	ɡ u n e̞ k a
gurdi	ɡ u r ð̞ i
gure	ɡ u ɾ e̞
guri	ɡ u ɾ i
gurpil	ɡ u r p i l
h	a t͡ʃ e̞
h	ɦ a t͡ʃ e̞
habe	a β̞ e̞
habe	ɦ a β̞ e̞
habil	a β̞ i l
habil	ɦ a β̞ i l
habilen	a β̞ i ʎ ẽ̞ n
habilen	ɦ a β̞ i l ẽ̞ n
habilke	a β̞ i l k e̞
habilke	ɦ a β̞ i l k e̞
hadi	a ð̞ i
hadi	ɦ a ð̞ i
hadin	a ð̞ ĩ n
hadin	ɦ a ð̞ ĩ n
hagin	a ɣ̞ ĩ n
hagin	ɦ a ɣ̞ ĩ n
hago	a ɣ̞ o̞
hago	ɦ a ɣ̞ o̞
hagoen	a ɣ̞ o̞ ẽ̞ n
hagoen	ɦ a ɣ̞ o̞ ẽ̞ n
hagoke	a ɣ̞ o̞ k e̞
hagoke	ɦ a ɣ̞ o̞ k e̞
haiei	a i̯ e̞ i
haiei	ɦ a i̯ e̞ i
haiek	a i̯ e̞ k
haiek	ɦ a i̯ e̞ k
haien	a i̯ ẽ̞ n
haien	ɦ a i̯ ẽ̞ n
haiteke	a i̯ t̪ e̞ k e̞
haiteke	ɦ a i̯ t̪ e̞ k e̞
haitz	a i̯ t͡s̻
haitz	ɦ a i̯ t͡s̻
haiz	a i̯ s̻
haiz	ɦ a i̯ s̻
haizateke	a i̯ s̻ a t̪ e̞ k e̞
haizateke	ɦ a i̯ s̻ a t̪ e̞ k e̞
haize	a i̯ s̻ e̞
haize	ɦ a i̯ s̻ e̞
haizetsu	a i̯ s̻ e̞ t͡s̺ u
haizetsu	ɦ a i̯ s̻ e̞ t͡s̺ u
hakar	a k a r
hakar	ɦ a k a r
hakien	a k i ẽ̞ n
hakien	ɦ a k i ẽ̞ n
hala	a l a
hala	ɦ a l a
haltz	a l t͡s̻
haltz	ɦ a l t͡s̻
hamabi	a m a β̞ i
hamabi	ɦ a m a β̞ i
hamabost	a m a β̞ o̞ s̺ t̪
hamabost	ɦ a m a β̞ o̞ s̺ t̪
hamaika	a m a i̯ k a
hamaika	ɦ a m a i̯ k a
hamairu	a m a i̯ ɾ u
hamairu	ɦ a m a i̯ ɾ u
hamalau	a m a l a u̯
hamalau	ɦ a m a l a u̯
hamar	a m a r
hamar	ɦ a m a r
han	ã n
han	ɦ ã n
haragi	a ɾ a ɣ̞ i
haragi	ɦ a ɾ a ɣ̞ i
haran	a ɾ ã n
haran	ɦ a ɾ ã n
haren	a ɾ ẽ̞ n
haren	ɦ a ɾ ẽ̞ n
hari	a ɾ i
hari	ɦ a ɾ i
haritz	a ɾ i t͡s̻
haritz	ɦ a ɾ i t͡s̻
haritzezko	a ɾ i t͡s̻ e̞ s̻ k o̞
haritzezko	ɦ a ɾ i t͡s̻ e̞ s̻ k o̞
harizki	a ɾ i s̻ k i
harizki	ɦ a ɾ i s̻ k i
hark	a r k
hark	ɦ a r k
harri	a r i
harri	ɦ a r i
hartan	a r t̪ ã n
hartan	ɦ a r t̪ ã n
hartara	a r t̪ a ɾ a
hartara	ɦ a r t̪ a ɾ a
hartarat	a r t̪ a ɾ a t̪
hartarat	ɦ a r t̪ a ɾ a t̪
hartz	a r t͡s̻
hartz	ɦ a r t͡s̻
hasi	a s̺ i
hasi	ɦ a s̺ i
haste	a s̺ t̪ e̞
haste	ɦ a s̺ t̪ e̞
hasten	a s̺ t̪ ẽ̞ n
hasten	ɦ a s̺ t̪ ẽ̞ n
hator	a t̪ o̞ r
hator	ɦ a t̪ o̞ r
hatorke	a t̪ o̞ r k e̞
hatorke	ɦ a t̪ o̞ r k e̞
hatorren	a t̪ o̞ r ẽ̞ n
hatorren	ɦ a t̪ o̞ r ẽ̞ n
hatxe	a t͡ʃ e̞
hatxe	ɦ a t͡ʃ e̞
hatxekie	a t͡ʃ e̞ k i e̞
hatxekie	ɦ a t͡ʃ e̞ k i e̞
hatxekigu	a t͡ʃ e̞ k i ɣ̞ u
hatxekigu	ɦ a t͡ʃ e̞ k i ɣ̞ u
hatxekio	a t͡ʃ e̞ k i o̞
hatxekio	ɦ a t͡ʃ e̞ k i o̞
hatxekit	a t͡ʃ e̞ k i t̪
hatxekit	ɦ a t͡ʃ e̞ k i t̪
hatza	a t͡s̻ a
hatza	ɦ a t͡s̻ a
hau	a u̯
hau	ɦ a u̯
hauei	a u̯ e̞ i
hauei	ɦ a u̯ e̞ i
hauek	a u̯ e̞ k
hauek	ɦ a u̯ e̞ k
hauen	a u̯ ẽ̞ n
hauen	ɦ a u̯ ẽ̞ n
hauka	a u̯ k a
hauka	ɦ a u̯ k a
haukat	a u̯ k a t̪
haukat	ɦ a u̯ k a t̪
hazil	a s̻ i l
hazil	ɦ a s̻ i l
hebreera	e̞ β̞ r e̞ e̞ ɾ a
hebreera	ɦ e̞ β̞ r e̞ e̞ ɾ a
hega	e̞ ɣ̞ a
hega	ɦ e̞ ɣ̞ a
hegal	e̞ ɣ̞ a l
hegal	ɦ e̞ ɣ̞ a l
hegalari	e̞ ɣ̞ a l a ɾ i
hegalari	ɦ e̞ ɣ̞ a l a ɾ i
hegien	e̞ ɣ̞ i ẽ̞ n
hegien	ɦ e̞ ɣ̞ i ẽ̞ n
hegike	e̞ ɣ̞ i k e̞
hegike	ɦ e̞ ɣ̞ i k e̞
hegitzake	e̞ ɣ̞ i t͡s̻ a k e̞
hegitzake	ɦ e̞ ɣ̞ i t͡s̻ a k e̞
hegitzan	e̞ ɣ̞ i t͡s̻ ã n
hegitzan	ɦ e̞ ɣ̞ i t͡s̻ ã n
hego	e̞ ɣ̞ o̞
hego	ɦ e̞ ɣ̞ o̞
hekien	e̞ k i ẽ̞ n
hekien	ɦ e̞ k i ẽ̞ n
hekike	e̞ k i k e̞
hekike	ɦ e̞ k i k e̞
hekizke	e̞ k i s̻ k e̞
hekizke	ɦ e̞ k i s̻ k e̞
hekizkien	e̞ k i s̻ k i ẽ̞ n
hekizkien	ɦ e̞ k i s̻ k i ẽ̞ n
hekusan	e̞ k u s̺ ã n
hekusan	ɦ e̞ k u s̺ ã n
hekusazke	e̞ k u s̺ a s̻ k e̞
hekusazke	ɦ e̞ k u s̺ a s̻ k e̞
hekuske	e̞ k u s̺ k e̞
hekuske	ɦ e̞ k u s̺ k e̞
hekuskien	e̞ k u s̺ k i ẽ̞ n
hekuskien	ɦ e̞ k u s̺ k i ẽ̞ n
helburu	e̞ l β̞ u ɾ u
helburu	ɦ e̞ l β̞ u ɾ u
helio	e̞ l i o̞
helio	ɦ e̞ l i o̞
hemen	e̞ m ẽ̞ n
hemen	ɦ e̞ m ẽ̞ n
henbilen	ɦ ẽ̞ m b i l ẽ̞ n
henbilen	ẽ̞ m b i ʎ ẽ̞ n
henbilke	ɦ ẽ̞ m b i l k e̞
henbilke	ẽ̞ m b i l k e̞
henbilkeen	ɦ ẽ̞ m b i l k e̞ ẽ̞ n
henbilkeen	ẽ̞ m b i l k e̞ ẽ̞ n
hendin	ɦ ẽ̞ n̪ d̪ ĩ n
hendin	ẽ̞ n̪ d̪ ĩ n
hengoen	ɦ ẽ̞ ŋ ɡ o̞ ẽ̞ n
hengoen	ẽ̞ ŋ ɡ o̞ ẽ̞ n
hengoke	ɦ ẽ̞ ŋ ɡ o̞ k e̞
hengoke	ẽ̞ ŋ ɡ o̞ k e̞
hengokeen	ɦ ẽ̞ ŋ ɡ o̞ k e̞ ẽ̞ n
hengokeen	ẽ̞ ŋ ɡ o̞ k e̞ ẽ̞ n
henkien	ɦ ẽ̞ ŋ k i ẽ̞ n
henkien	ẽ̞ ŋ k i ẽ̞ n
henkion	ɦ ẽ̞ ŋ k i õ̞ n
henkion	ẽ̞ ŋ k i õ̞ n
hentorke	ɦ ẽ̞ n̪ t̪ o̞ r k e̞
hentorke	ẽ̞ n̪ t̪ o̞ r k e̞
hentorkeen	ɦ ẽ̞ n̪ t̪ o̞ r k e̞ ẽ̞ n
hentorkeen	ẽ̞ n̪ t̪ o̞ r k e̞ ẽ̞ n
hentorren	ɦ ẽ̞ n̪ t̪ o̞ r ẽ̞ n
hentorren	ẽ̞ n̪ t̪ o̞ r ẽ̞ n
hentxekidake	ɦ ẽ̞ nʲ t͡ʃ e̞ k i ð̞ a k e̞
hentxekidake	ẽ̞ nʲ t͡ʃ e̞ k i ð̞ a k e̞
hentxekidan	ɦ ẽ̞ nʲ t͡ʃ e̞ k i ð̞ ã n
hentxekidan	ẽ̞ nʲ t͡ʃ e̞ k i ð̞ ã n
hentxekieke	ɦ ẽ̞ nʲ t͡ʃ e̞ k i e̞ k e̞
hentxekieke	ẽ̞ nʲ t͡ʃ e̞ k i e̞ k e̞
hentxekien	ɦ ẽ̞ nʲ t͡ʃ e̞ k i ẽ̞ n
hentxekien	ẽ̞ nʲ t͡ʃ e̞ k i ẽ̞ n
hentxekiguke	ɦ ẽ̞ nʲ t͡ʃ e̞ k i ɣ̞ u k e̞
hentxekiguke	ẽ̞ nʲ t͡ʃ e̞ k i ɣ̞ u k e̞
hentxekigun	ɦ ẽ̞ nʲ t͡ʃ e̞ k i ɣ̞ ũ n
hentxekigun	ẽ̞ nʲ t͡ʃ e̞ k i ɣ̞ ũ n
hentxekioke	ɦ ẽ̞ nʲ t͡ʃ e̞ k i o̞ k e̞
hentxekioke	ẽ̞ nʲ t͡ʃ e̞ k i o̞ k e̞
hentxekion	ɦ ẽ̞ nʲ t͡ʃ e̞ k i õ̞ n
hentxekion	ẽ̞ nʲ t͡ʃ e̞ k i õ̞ n
hentzake	ɦ ẽ̞ n t͡s̻ a k e̞
hentzake	ẽ̞ n t͡s̻ a k e̞
hentzan	ɦ ẽ̞ n t͡s̻ ã n
hentzan	ẽ̞ n t͡s̻ ã n
hentzuen	ɦ ẽ̞ n t͡s̻ u ẽ̞ n
hentzuen	ẽ̞ n t͡s̻ u ẽ̞ n
hentzuke	ɦ ẽ̞ n t͡s̻ u k e̞
hentzuke	ẽ̞ n t͡s̻ u k e̞
hentzuzke	ɦ ẽ̞ n t͡s̻ u s̻ k e̞
hentzuzke	ẽ̞ n t͡s̻ u s̻ k e̞
hentzuzkien	ɦ ẽ̞ n t͡s̻ u s̻ k i ẽ̞ n
hentzuzkien	ẽ̞ n t͡s̻ u s̻ k i ẽ̞ n
herakuske	e̞ ɾ a k u s̺ k e̞
herakuske	ɦ e̞ ɾ a k u s̺ k e̞
herakuskien	e̞ ɾ a k u s̺ k i ẽ̞ n
herakuskien	ɦ e̞ ɾ a k u s̺ k i ẽ̞ n
herakutsan	e̞ ɾ a k u t͡s̺ ã n
herakutsan	ɦ e̞ ɾ a k u t͡s̺ ã n
herakutsazke	e̞ ɾ a k u t͡s̺ a s̻ k e̞
herakutsazke	ɦ e̞ ɾ a k u t͡s̺ a s̻ k e̞
heren	e̞ ɾ ẽ̞ n
heren	ɦ e̞ ɾ ẽ̞ n
herenegun	e̞ ɾ e̞ n e̞ ɣ̞ ũ n
herenegun	ɦ e̞ ɾ e̞ n e̞ ɣ̞ ũ n
heroake	e̞ ɾ o̞ a k e̞
heroake	ɦ e̞ ɾ o̞ a k e̞
heroan	e̞ ɾ o̞ ã n
heroan	ɦ e̞ ɾ o̞ ã n
heroatzan	e̞ ɾ o̞ a t͡s̻ ã n
heroatzan	ɦ e̞ ɾ o̞ a t͡s̻ ã n
heroazke	e̞ ɾ o̞ a s̻ k e̞
heroazke	ɦ e̞ ɾ o̞ a s̻ k e̞
herri	e̞ r i
herri	ɦ e̞ r i
heu	e̞ u̯
heu	ɦ e̞ u̯
heuk	e̞ u̯ k
heuk	ɦ e̞ u̯ k
heure	e̞ u̯ ɾ e̞
heure	ɦ e̞ u̯ ɾ e̞
hezur	e̞ s̻ u r
hezur	ɦ e̞ s̻ u r
hezurdura	e̞ s̻ u r ð̞ u ɾ a
hezurdura	ɦ e̞ s̻ u r ð̞ u ɾ a
hezurtegi	e̞ s̻ u r t̪ e̞ ɣ̞ i
hezurtegi	ɦ e̞ s̻ u r t̪ e̞ ɣ̞ i
hi	i
hi	ɦ i
hidrogeno	i ð̞ r o̞ ɣ̞ e̞ n o̞
hidrogeno	ɦ i ð̞ r o̞ ɣ̞ e̞ n o̞
hiena	i e̞ n a
hiena	ɦ i e̞ n a
higan	i ɣ̞ ã n
higan	ɦ i ɣ̞ ã n
hiharduen	i a r ð̞ u ẽ̞ n
hiharduen	ɦ i ɦ a r ð̞ u ẽ̞ n
hihardukake	i a r ð̞ u k a k e̞
hihardukake	ɦ i ɦ a r ð̞ u k a k e̞
hihardukan	i a r ð̞ u k ã n
hihardukan	ɦ i ɦ a r ð̞ u k ã n
hiharduke	i a r ð̞ u k e̞
hiharduke	ɦ i ɦ a r ð̞ u k e̞
hik	i k
hik	ɦ i k
hil	i l
hil	ɦ i l
hindoake	ĩ n̪ d̪ o̞ a k e̞
hindoake	ɦ ĩ n̪ d̪ o̞ a k e̞
hindoakeen	ĩ n̪ d̪ o̞ a k e̞ ẽ̞ n
hindoakeen	ɦ ĩ n̪ d̪ o̞ a k e̞ ẽ̞ n
hindoan	ĩ n̪ d̪ o̞ ã n
hindoan	ɦ ĩ n̪ d̪ o̞ ã n
hinteke	ĩ n̪ t̪ e̞ k e̞
hinteke	ɦ ĩ n̪ t̪ e̞ k e̞
hintekeen	ĩ n̪ t̪ e̞ k e̞ ẽ̞ n
hintekeen	ɦ ĩ n̪ t̪ e̞ k e̞ ẽ̞ n
hintzateke	ĩ n t͡s̻ a t̪ e̞ k e̞
hintzateke	ɦ ĩ n t͡s̻ a t̪ e̞ k e̞
hintzatekeen	ĩ n t͡s̻ a t̪ e̞ k e̞ ẽ̞ n
hintzatekeen	ɦ ĩ n t͡s̻ a t̪ e̞ k e̞ ẽ̞ n
hintzen	ĩ n t͡s̻ ẽ̞ n
hintzen	ɦ ĩ n t͡s̻ ẽ̞ n
hirauen	i ɾ a u̯ ẽ̞ n
hirauen	ɦ i ɾ a u̯ ẽ̞ n
hirauke	i ɾ a u̯ k e̞
hirauke	ɦ i ɾ a u̯ k e̞
hire	i ɾ e̞
hire	ɦ i ɾ e̞
hiregan	i ɾ e̞ ɣ̞ ã n
hiregan	ɦ i ɾ e̞ ɣ̞ ã n
hiri	i ɾ i
hiri	ɦ i ɾ i
hirigintza	i ɾ i ɣ̞ ĩ n t͡s̻ a
hirigintza	ɦ i ɾ i ɣ̞ ĩ n t͡s̻ a
hiru	i ɾ u
hiru	ɦ i ɾ u
hirudien	i ɾ u ð̞ i ẽ̞ n
hirudien	ɦ i ɾ u ð̞ i ẽ̞ n
hirudike	i ɾ u ð̞ i k e̞
hirudike	ɦ i ɾ u ð̞ i k e̞
hirugarren	i ɾ u ɣ̞ a r ẽ̞ n
hirugarren	ɦ i ɾ u ɣ̞ a r ẽ̞ n
hiruhortz	i ɾ u o̞ r t͡s̻
hiruhortz	ɦ i ɾ u ɦ o̞ r t͡s̻
hirukoitz	i ɾ u k o̞ i̯ t͡s̻
hirukoitz	ɦ i ɾ u k o̞ i̯ t͡s̻
hitan	i t̪ ã n
hitan	ɦ i t̪ ã n
hiztegi	i s̻ t̪ e̞ ɣ̞ i
hiztegi	ɦ i s̻ t̪ e̞ ɣ̞ i
hoa	o̞ a
hoa	ɦ o̞ a
hoake	o̞ a k e̞
hoake	ɦ o̞ a k e̞
hoan	o̞ ã n
hoan	ɦ o̞ ã n
hodei	o̞ ð̞ e̞ i̯
hodei	ɦ o̞ ð̞ e̞ i̯
hogei	o̞ ɣ̞ e̞ i̯
hogei	ɦ o̞ ɣ̞ e̞ i̯
honek	o̞ n e̞ k
honek	ɦ o̞ n e̞ k
honen	o̞ n ẽ̞ n
honen	ɦ o̞ n ẽ̞ n
honi	o̞ n i
honi	ɦ o̞ n i
hor	o̞ r
hor	ɦ o̞ r
hori	o̞ ɾ i
hori	ɦ o̞ ɾ i
horrek	o̞ r e̞ k
horrek	ɦ o̞ r e̞ k
horren	o̞ r ẽ̞ n
horren	ɦ o̞ r ẽ̞ n
horri	o̞ r i
horri	ɦ o̞ r i
hostaro	o̞ s̺ t̪ a ɾ o̞
hostaro	ɦ o̞ s̺ t̪ a ɾ o̞
hots	o̞ t͡s̺
hots	ɦ o̞ t͡s̺
hotz	o̞ t͡s̻
hotz	ɦ o̞ t͡s̻
hozkailu	o̞ s̻ k a ʎ u
hozkailu	ɦ o̞ s̻ k a i̯ l u
hungaria	ũ ŋ ɡ a ɾ i a
hungaria	ɦ ũ ŋ ɡ a ɾ i a
hungariako	ũ ŋ ɡ a ɾ i a k o̞
hungariako	ɦ ũ ŋ ɡ a ɾ i a k o̞
hungarian	ũ ŋ ɡ a ɾ i ã n
hungarian	ɦ ũ ŋ ɡ a ɾ i ã n
hungariar	ũ ŋ ɡ a ɾ i a r
hungariar	ɦ ũ ŋ ɡ a ɾ i a r
hungariera	ũ ŋ ɡ a ɾ i e̞ ɾ a
hungariera	ɦ ũ ŋ ɡ a ɾ i e̞ ɾ a
hur	u r
hur	ɦ u r
hura	u ɾ a
hura	ɦ u ɾ a
huts	u t͡s̺
huts	ɦ u t͡s̺
hutsik	u t͡s̺ i k
hutsik	ɦ u t͡s̺ i k
i	i
ia	i a
iaz	i a s̻
ibai	i β̞ a i̯
ibaiadar	i β̞ a i̯ a ð̞ a r
ibaibarren	i β̞ a i̯ β̞ a r ẽ̞ n
ibaiburu	i β̞ a i̯ β̞ u ɾ u
ibaiertz	i β̞ a i̯ e̞ r t͡s̻
ibairatu	i β̞ a i̯ ɾ a t̪ u
ibar	i β̞ a r
ibili	i β̞ i l i
ibili	i β̞ i ʎ i
idatzi	i ð̞ a t͡s̻ i
idazle	i ð̞ a z̻ l e̞
ido	i ð̞ o̞
igande	i ɣ̞ ã n̪ d̪ e̞
igaz	i ɣ̞ a s̻
igel	i ɣ̞ e̞ l
igo	i ɣ̞ o̞
igork	i ɣ̞ o̞ r k
igorna	i ɣ̞ o̞ r n a
igorri	i ɣ̞ o̞ r i
igorzu	i ɣ̞ o̞ r s̻ u
igorzue	i ɣ̞ o̞ r s̻ u e̞
iharduk	i a r ð̞ u k
iharduk	i ɦ a r ð̞ u k
ihardukak	i a r ð̞ u k a k
ihardukak	i ɦ a r ð̞ u k a k
ihardukan	i a r ð̞ u k ã n
ihardukan	i ɦ a r ð̞ u k ã n
ihardukazu	i a r ð̞ u k a s̻ u
ihardukazu	i ɦ a r ð̞ u k a s̻ u
ihardukazue	i a r ð̞ u k a s̻ u e̞
ihardukazue	i ɦ a r ð̞ u k a s̻ u e̞
iharduki	i a r ð̞ u k i
iharduki	i ɦ a r ð̞ u k i
ihardun	i a r ð̞ ũ n
ihardun	i ɦ a r ð̞ ũ n
iharduzu	i a r ð̞ u s̻ u
iharduzu	i ɦ a r ð̞ u s̻ u
iharduzue	i a r ð̞ u s̻ u e̞
iharduzue	i ɦ a r ð̞ u s̻ u e̞
ihi	i i
ihi	i ɦ i
ikasgai	i k a z̺ ɣ̞ a i̯
ikasi	i k a s̺ i
ikatz	i k a t͡s̻
iker	i k e̞ r
ikertu	i k e̞ r t̪ u
ikus	i k u s̺
ikusak	i k u s̺ a k
ikusan	i k u s̺ ã n
ikusazu	i k u s̺ a s̻ u
ikusazue	i k u s̺ a s̻ u e̞
ikusi	i k u s̺ i
ikusiko	i k u s̺ i k o̞
ikuste	i k u s̺ t̪ e̞
ikusten	i k u s̺ t̪ ẽ̞ n
ilargi	i l a r ɣ̞ i
ilargi	i ʎ a r ɣ̞ i
ilargitar	i l a r ɣ̞ i t̪ a r
ilargitar	i ʎ a r ɣ̞ i t̪ a r
ilbeltz	i l β̞ e̞ l t͡s̻
ile	i l e̞
ile	i ʎ e̞
ilen	i l ẽ̞ n
ilen	i ʎ ẽ̞ n
ilertz	i l e̞ r t͡s̻
ilertz	i ʎ e̞ r t͡s̻
ilun	i l ũ n
ilun	i ʎ ũ n
inbutu	ĩ m b u t̪ u
indaba	ĩ n̪ d̪ a β̞ a
independentzia	ĩ n̪ d̪ e̞ p ẽ̞ n̪ d̪ ẽ̞ n t͡s̻ i a
indonesiera	ĩ n̪ d̪ o̞ n e̞ s̺ i e̞ ɾ a
informazio	ĩ ɱ f o̞ r m a s̻ i o̞
ingalaterra	ĩ ŋ ɡ a l a t̪ e̞ r a
ingelera	ĩ ŋ ɡ e̞ l e̞ ɾ a
ingeles	ĩ ŋ ɡ e̞ l e̞ s̺
inon	i n õ̞ n
inon	i ɲ õ̞ n
inor	i n o̞ r
inor	i ɲ o̞ r
inora	i n o̞ ɾ a
inora	i ɲ o̞ ɾ a
inoren	i n o̞ ɾ ẽ̞ n
inoren	i ɲ o̞ ɾ ẽ̞ n
inori	i n o̞ ɾ i
inori	i ɲ o̞ ɾ i
internazional	ĩ n̪ t̪ e̞ r n a s̻ i o̞ n a l
intsektu	ĩ n t͡s̺ e̞ k t̪ u
intxaur	ĩ nʲ t͡ʃ a u̯ r
inurri	i n u r i
inurri	i ɲ u r i
inurritegi	i n u r i t̪ e̞ ɣ̞ i
inurritegi	i ɲ u r i t̪ e̞ ɣ̞ i
ipar	i p a r
ipotx	i p o̞ t͡ʃ
ipurdi	i p u r ð̞ i
ipurtzulo	i p u r t͡s̻ u l o̞
irail	i ɾ a i̯ l
irakasle	i ɾ a k a z̺ l e̞
irakatsak	i ɾ a k a t͡s̺ a k
irakatsan	i ɾ a k a t͡s̺ ã n
irakatsazu	i ɾ a k a t͡s̺ a s̻ u
irakatsazue	i ɾ a k a t͡s̺ a s̻ u e̞
irakatsi	i ɾ a k a t͡s̺ i
irakin	i ɾ a k ĩ n
irakurle	i ɾ a k u r l e̞
irakurri	i ɾ a k u r i
irauk	i ɾ a u̯ k
iraun	i ɾ ã ũ̯ n
irauzu	i ɾ a u̯ s̻ u
irauzue	i ɾ a u̯ s̻ u e̞
iritzi	i ɾ i t͡s̻ i
irla	i r l a
irlanda	i r l ã n̪ d̪ a
irten	i r t̪ ẽ̞ n
irudi	i ɾ u ð̞ i
irudik	i ɾ u ð̞ i k
irudiko	i ɾ u ð̞ i k o̞
irudin	i ɾ u ð̞ ĩ n
irudizu	i ɾ u ð̞ i s̻ u
irudizue	i ɾ u ð̞ i s̻ u e̞
iruña	i ɾ u ɲ a
iruñea	i ɾ u ɲ e̞ a
islandia	i z̺ l ã n̪ d̪ i a
islandiar	i z̺ l ã n̪ d̪ i a r
islandiera	i z̺ l ã n̪ d̪ i e̞ ɾ a
ispilu	i s̺ p i l u
ispilu	i s̺ p i ʎ u
italia	i t̪ a l i a
italian	i t̪ a l i ã n
italiar	i t̪ a l i a r
italiera	i t̪ a l i e̞ ɾ a
ito	i t̪ o̞
itsasalde	i t͡s̺ a s̺ a l̪ d̪ e̞
itsasoratu	i t͡s̺ a s̺ o̞ ɾ a t̪ u
itsu	i t͡s̺ u
itsusi	i t͡s̺ u s̺ i
iturri	i t̪ u r i
itzal	i t͡s̻ a l
itzuli	i t͡s̻ u l i
itzultzaile	i t͡s̻ u l t͡s̻ a i̯ l e̞
itzultzaile	i t͡s̻ u l t͡s̻ a ʎ e̞
ixa	i ʃ a
izan	i s̻ ã n
izango	i s̻ ã ŋ ɡ o̞
izar	i s̻ a r
izate	i s̻ a t̪ e̞
izaten	i s̻ a t̪ ẽ̞ n
izeba	i s̻ e̞ β̞ a
izeko	i s̻ e̞ k o̞
izen	i s̻ ẽ̞ n
izenlagun	i s̻ ẽ̞ n l a ɣ̞ ũ n
izerdi	i s̻ e̞ r ð̞ i
izokin	i s̻ o̞ k ĩ n
izotz	i s̻ o̞ t͡s̻
izotzil	i s̻ o̞ t͡s̻ i l
izter	i s̻ t̪ e̞ r
izurde	i s̻ u r ð̞ e̞
j	j o̞ t̪ a
j	x o̞ t̪ a
jaio	j a i̯ o̞
jaio	x a i̯ o̞
jaka	j a k a
jaka	x a k a
jakadun	j a k a ð̞ ũ n
jakadun	x a k a ð̞ ũ n
jakik	j a k i k
jakik	x a k i k
jakin	j a k ĩ n
jakin	x a k ĩ n
jakitzak	j a k i t͡s̻ a k
jakitzak	x a k i t͡s̻ a k
jakitzan	j a k i t͡s̻ ã n
jakitzan	x a k i t͡s̻ ã n
jakitzazu	j a k i t͡s̻ a s̻ u
jakitzazu	x a k i t͡s̻ a s̻ u
jakitzazue	j a k i t͡s̻ a s̻ u e̞
jakitzazue	x a k i t͡s̻ a s̻ u e̞
jakizu	j a k i s̻ u
jakizu	x a k i s̻ u
jakizue	j a k i s̻ u e̞
jakizue	x a k i s̻ u e̞
jan	d͡ʒ a n
jan	j a n
jan	j ã n
jan	x a n
jan	x ã n
jan	ɟ a n
jan	ʒ a n
janari	j a n a ɾ i
janari	x a n a ɾ i
japonia	j a p o̞ n i a
japonia	x a p o̞ n i a
japoniera	j a p o̞ n i e̞ ɾ a
japoniera	x a p o̞ n i e̞ ɾ a
jardun	j a r ð̞ ũ n
jardun	x a r ð̞ ũ n
jarraiki	j a r a i̯ k i
jarraiki	x a r a i̯ k i
jeltzale	j e̞ l t͡s̻ a l e̞
jeltzale	x e̞ l t͡s̻ a l e̞
jengibre	x ẽ̞ n x i β̞ r e̞
joan	d͡ʒ o a n
joan	j o a n
joan	j o̞ ã n
joan	x o a n
joan	x o̞ ã n
joan	ɟ o a n
joan	ʒ o a n
jokatu	j o̞ k a t̪ u
jokatu	x o̞ k a t̪ u
jorrail	j o̞ r a i̯ l
jorrail	x o̞ r a i̯ l
jota	d͡ʒ o t a
jota	j o t a
jota	j o̞ t̪ a
jota	x o t a
jota	x o̞ t̪ a
jota	ɟ o t a
jota	ʒ o t a
jugoslavia	j u ɣ̞ o̞ z̺ l a β̞ i a
jugoslavian	j u ɣ̞ o̞ z̺ l a β̞ i ã n
k	k a
ka	k a
kaixo	k a i̯ ʃ o̞
kako	k a k o̞
kale	k a l e̞
kaltzita	k a l t͡s̻ i t̪ a
kamerun	k a m e̞ ɾ ũ n
kameu	k a m e̞ u
kanpai	k ã m p a i̯
karbono	k a r β̞ o̞ n o̞
karlistada	k a r l i s̺ t̪ a ð̞ a
karlistaldi	k a r l i s̺ t̪ a l̪ d̪ i
karmele	k a r m e̞ l e̞
karramarro	k a r a m a r o̞
katagorri	k a t̪ a ɣ̞ o̞ r i
kate	k a t̪ e̞
katu	k a t̪ u
kazakhera	k a s̻ a x e̞ ɾ a
kazakhstan	k a s̻ a x s̺ t̪ ã n
ke	k e̞
kemen	k e̞ m ẽ̞ n
ketsu	k e̞ t͡s̺ u
kilate	k i l a t̪ e̞
kirol	k i ɾ o̞ l
kirolari	k i ɾ o̞ l a ɾ i
kiroldegi	k i ɾ o̞ l̪ d̪ e̞ ɣ̞ i
koaderno	k o̞ a ð̞ e̞ r n o̞
kobre	k o̞ β̞ r e̞
koilara	k o̞ i̯ l a ɾ a
koilara	k o̞ ʎ a ɾ a
koinata	k o̞ i̯ n a t̪ a
koinata	k o̞ ɲ a t̪ a
koinatu	k o̞ i̯ n a t̪ u
koinatu	k o̞ ɲ a t̪ u
kokots	k o̞ k o̞ t͡s̺
kokotx	k o̞ k o̞ t͡ʃ
koronabirus	k o̞ ɾ o̞ n a β̞ i ɾ u s̺
korsikera	k o̞ r s̺ i k e̞ ɾ a
koru	k o̞ ɾ u
kroazia	k r o̞ a s̻ i a
kroaziar	k r o̞ a s̻ i a r
kroaziera	k r o̞ a s̻ i e̞ ɾ a
ku	k u
kuku	k u k u
kukutxeztul	k u k u t͡ʃ e̞ s̻ t̪ u l
kulero	k u l e̞ ɾ o̞
kume	k u m e̞
l	e̞ l e̞
labar	l a β̞ a r
labe	l a β̞ e̞
labezomorro	l a β̞ e̞ s̻ o̞ m o̞ r o̞
labezomorroa	l a β̞ e̞ s̻ o̞ m o̞ r o̞ a
labezomorroak	l a β̞ e̞ s̻ o̞ m o̞ r o̞ a k
labezomorroarenganantz	l a β̞ e̞ s̻ o̞ m o̞ r o̞ a ɾ ẽ̞ ŋ ɡ a n ã n t͡s̻
labezomorroek	l a β̞ e̞ s̻ o̞ m o̞ r o̞ e̞ k
labezomorroenganantz	l a β̞ e̞ s̻ o̞ m o̞ r o̞ ẽ̞ ŋ ɡ a n ã n t͡s̻
labezomorrok	l a β̞ e̞ s̻ o̞ m o̞ r o̞ k
labezomorrorenganako	l a β̞ e̞ s̻ o̞ m o̞ r o̞ ɾ ẽ̞ ŋ ɡ a n a k o̞
labezomorrorenganantz	l a β̞ e̞ s̻ o̞ m o̞ r o̞ ɾ ẽ̞ ŋ ɡ a n ã n t͡s̻
labezomorrorengandik	l a β̞ e̞ s̻ o̞ m o̞ r o̞ ɾ ẽ̞ ŋ ɡ ã n̪ d̪ i k
labezomorrorik	l a β̞ e̞ s̻ o̞ m o̞ r o̞ ɾ i k
labezomorrotzat	l a β̞ e̞ s̻ o̞ m o̞ r o̞ t͡s̻ a t̪
labur	l a β̞ u r
laga	l a ɣ̞ a
lagun	l a ɣ̞ ũ n
lagundu	l a ɣ̞ ũ n̪ d̪ u
laino	l a i̯ n o̞
laino	l a ɲ o̞
lapur	l a p u r
lapurkume	l a p u r k u m e̞
lapurreria	l a p u r e̞ ɾ i a
lapurreta	l a p u r e̞ t̪ a
lapurtu	l a p u r t̪ u
lapurtxori	l a p u r t͡ʃ o̞ ɾ i
laratro	l a ɾ a t̪ r o̞
lari	l a ɾ i
larunbat	l a ɾ ũ m b a t̪
lastail	l a s̺ t̪ a i̯ l
laster	l a s̺ t̪ e̞ r
lau	l a u̯
lauburu	l a u̯ β̞ u ɾ u
laugarren	l a u̯ ɣ̞ a r ẽ̞ n
lauhortz	l a u̯ o̞ r t͡s̻
lauhortz	l a u̯ ɦ o̞ r t͡s̻
laukoitz	l a u̯ k o̞ i̯ t͡s̻
laurden	l a u̯ r ð̞ ẽ̞ n
lebilke	l e̞ β̞ i l k e̞
lebilzke	l e̞ β̞ i l s̻ k e̞
legike	l e̞ ɣ̞ i k e̞
legikete	l e̞ ɣ̞ i k e̞ t̪ e̞
legitzake	l e̞ ɣ̞ i t͡s̻ a k e̞
legitzakete	l e̞ ɣ̞ i t͡s̻ a k e̞ t̪ e̞
legoke	l e̞ ɣ̞ o̞ k e̞
lehen	l e̞ ɦ ẽ̞ n
lehen	l e̞ ẽ̞ n
lehendabizi	l e̞ ɦ ẽ̞ n̪ d̪ a β̞ i s̻ i
lehendabizi	l e̞ ẽ̞ n̪ d̪ a β̞ i s̻ i
lehendakari	l e̞ ɦ ẽ̞ n̪ d̪ a k a ɾ i
lehendakari	l e̞ ẽ̞ n̪ d̪ a k a ɾ i
lekike	l e̞ k i k e̞
lekikete	l e̞ k i k e̞ t̪ e̞
lekizke	l e̞ k i s̻ k e̞
lekizkete	l e̞ k i s̻ k e̞ t̪ e̞
lekusazke	l e̞ k u s̺ a s̻ k e̞
lekusazkete	l e̞ k u s̺ a s̻ k e̞ t̪ e̞
lekuske	l e̞ k u s̺ k e̞
lekuskete	l e̞ k u s̺ k e̞ t̪ e̞
lelo	l e̞ l o̞
lentzeria	l ẽ̞ n t͡s̻ e̞ ɾ i a
lentzuke	l ẽ̞ n t͡s̻ u k e̞
lentzukete	l ẽ̞ n t͡s̻ u k e̞ t̪ e̞
lentzuzke	l ẽ̞ n t͡s̻ u s̻ k e̞
lentzuzkete	l ẽ̞ n t͡s̻ u s̻ k e̞ t̪ e̞
lepo	l e̞ p o̞
lera	l e̞ ɾ a
lerak	l e̞ ɾ a k
lerakuske	l e̞ ɾ a k u s̺ k e̞
lerakuskete	l e̞ ɾ a k u s̺ k e̞ t̪ e̞
lerakutsazke	l e̞ ɾ a k u t͡s̺ a s̻ k e̞
lerakutsazkete	l e̞ ɾ a k u t͡s̺ a s̻ k e̞ t̪ e̞
leraren	l e̞ ɾ a ɾ ẽ̞ n
lerari	l e̞ ɾ a ɾ i
lerei	l e̞ ɾ e̞ i
lerek	l e̞ ɾ e̞ k
leroake	l e̞ ɾ o̞ a k e̞
leroakete	l e̞ ɾ o̞ a k e̞ t̪ e̞
leroazke	l e̞ ɾ o̞ a s̻ k e̞
leroazkete	l e̞ ɾ o̞ a s̻ k e̞ t̪ e̞
letonia	l e̞ t̪ o̞ n i a
letoniera	l e̞ t̪ o̞ n i e̞ ɾ a
letorke	l e̞ t̪ o̞ r k e̞
letozke	l e̞ t̪ o̞ s̻ k e̞
letxekiake	l e̞ t͡ʃ e̞ k i a k e̞
letxekidake	l e̞ t͡ʃ e̞ k i ð̞ a k e̞
letxekieke	l e̞ t͡ʃ e̞ k i e̞ k e̞
letxekiguke	l e̞ t͡ʃ e̞ k i ɣ̞ u k e̞
letxekinake	l e̞ t͡ʃ e̞ k i n a k e̞
letxekinake	l e̞ t͡ʃ e̞ k i ɲ a k e̞
letxekioke	l e̞ t͡ʃ e̞ k i o̞ k e̞
letxekizueke	l e̞ t͡ʃ e̞ k i s̻ u e̞ k e̞
letxekizuke	l e̞ t͡ʃ e̞ k i s̻ u k e̞
letxezkiake	l e̞ t͡ʃ e̞ s̻ k i a k e̞
letxezkidake	l e̞ t͡ʃ e̞ s̻ k i ð̞ a k e̞
letxezkieke	l e̞ t͡ʃ e̞ s̻ k i e̞ k e̞
letxezkiguke	l e̞ t͡ʃ e̞ s̻ k i ɣ̞ u k e̞
letxezkinake	l e̞ t͡ʃ e̞ s̻ k i n a k e̞
letxezkinake	l e̞ t͡ʃ e̞ s̻ k i ɲ a k e̞
letxezkioke	l e̞ t͡ʃ e̞ s̻ k i o̞ k e̞
letxezkizueke	l e̞ t͡ʃ e̞ s̻ k i s̻ u e̞ k e̞
letxezkizuke	l e̞ t͡ʃ e̞ s̻ k i s̻ u k e̞
letzake	l e̞ t͡s̻ a k e̞
leudeke	l e̞ u̯ ð̞ e̞ k e̞
leun	l ẽ̞ ũ̯ n
leutzake	l e̞ u̯ t͡s̻ a k e̞
lihardukake	l i a r ð̞ u k a k e̞
lihardukake	l i ɦ a r ð̞ u k a k e̞
lihardukakete	l i a r ð̞ u k a k e̞ t̪ e̞
lihardukakete	l i ɦ a r ð̞ u k a k e̞ t̪ e̞
liharduke	l i a r ð̞ u k e̞
liharduke	l i ɦ a r ð̞ u k e̞
lihardukete	l i a r ð̞ u k e̞ t̪ e̞
lihardukete	l i ɦ a r ð̞ u k e̞ t̪ e̞
lihoake	l i o̞ a k e̞
lihoake	l i ɦ o̞ a k e̞
lihoazke	l i o̞ a s̻ k e̞
lihoazke	l i ɦ o̞ a s̻ k e̞
lino	l i n o̞
lino	l i ɲ o̞
lipschitzar	l i p ʃ i t͡s̻ a r
lirateke	l i ɾ a t̪ e̞ k e̞
lirauke	l i ɾ a u̯ k e̞
liraukete	l i ɾ a u̯ k e̞ t̪ e̞
lirudike	l i ɾ u ð̞ i k e̞
lirudikete	l i ɾ u ð̞ i k e̞ t̪ e̞
liteke	l i t̪ e̞ k e̞
litezke	l i t̪ e̞ s̻ k e̞
litio	l i t̪ i o̞
lituania	l i t̪ u a n i a
lituaniera	l i t̪ u a n i e̞ ɾ a
litzateke	l i t͡s̻ a t̪ e̞ k e̞
lizar	l i s̻ a r
lizarki	l i s̻ a r k i
lorail	l o̞ ɾ a i̯ l
lotazil	l o̞ t̪ a s̻ i l
lotsa	l o̞ t͡s̺ a
lotu	l o̞ t̪ u
lur	l u r
lurra	l u r a
luze	l u s̻ e̞
luzetasun	l u s̻ e̞ t̪ a s̺ ũ n
m	e̞ m e̞
madari	m a ð̞ a ɾ i
madril	m a ð̞ r i l
mahai	m a a i̯
mahai	m a ɦ a i̯
mahats	m a a t͡s̺
mahats	m a ɦ a t͡s̺
mahuka	m a u k a
mahuka	m a ɦ u k a
maiatz	m a i̯ a t͡s̻
maitatu	m a i̯ t̪ a t̪ u
maitemin	m a i̯ t̪ e̞ m ĩ n
makaronesia	m a k a ɾ o̞ n e̞ s̺ i a
maketo	m a k e̞ t̪ o̞
makito	m a k i t̪ o̞
malin	m a l ĩ n
malta	m a l̪ t̪ a
maltera	m a l̪ t̪ e̞ ɾ a
mapa	m a p a
marasma	m a ɾ a z̺ m a
maroko	m a ɾ o̞ k o̞
marroi	m a r o̞ i̯
marti	m a r t̪ i
martitzen	m a r t̪ i t͡s̻ ẽ̞ n
martxo	m a r t͡ʃ o̞
mazedoniera	m a s̻ e̞ ð̞ o̞ n i e̞ ɾ a
mea	m e̞ a
meatze	m e̞ a t͡s̻ e̞
mehe	m e̞ e̞
mehe	m e̞ ɦ e̞
mendate	m ẽ̞ n̪ d̪ a t̪ e̞
mendebal	m ẽ̞ n̪ d̪ e̞ β̞ a l
mendi	m ẽ̞ n̪ d̪ i
merkatu	m e̞ r k a t̪ u
mesede	m e̞ s̺ e̞ ð̞ e̞
mesedez	m e̞ s̺ e̞ ð̞ e̞ s̻
meza	m e̞ s̻ a
mezu	m e̞ s̻ u
mezulari	m e̞ s̻ u l a ɾ i
mezularitza	m e̞ s̻ u l a ɾ i t͡s̻ a
milesker	m i l e̞ s̺ k e̞ r
milesker	m i ʎ e̞ s̺ k e̞ r
min	m ĩ n
mina	m i n a
mina	m i ɲ a
minatu	m i n a t̪ u
mintzatu	m ĩ n t͡s̻ a t̪ u
misantropo	m i s̺ ã n̪ t̪ r o̞ p o̞
moldavia	m o̞ l̪ d̪ a β̞ i a
moldavian	m o̞ l̪ d̪ a β̞ i ã n
mongoliera	m õ̞ ŋ ɡ o̞ l i e̞ ɾ a
motz	m o̞ t͡s̻
muga	m u ɣ̞ a
mutil	m u t̪ i l
n	e̞ n e̞
nabil	n a β̞ i l
nabilen	n a β̞ i l ẽ̞ n
nabilen	n a β̞ i ʎ ẽ̞ n
nabilke	n a β̞ i l k e̞
nadin	n a ð̞ ĩ n
nago	n a ɣ̞ o̞
nagoen	n a ɣ̞ o̞ ẽ̞ n
nagoke	n a ɣ̞ o̞ k e̞
naiteke	n a i̯ t̪ e̞ k e̞
naiz	n a i̯ s̻
naizateke	n a i̯ s̻ a t̪ e̞ k e̞
nakar	n a k a r
nakie	n a k i e̞
nano	n a n o̞
naski	n a s̺ k i
nator	n a t̪ o̞ r
natorke	n a t̪ o̞ r k e̞
natorkio	n a t̪ o̞ r k i o̞
natorkioke	n a t̪ o̞ r k i o̞ k e̞
natorkion	n a t̪ o̞ r k i õ̞ n
natorren	n a t̪ o̞ r ẽ̞ n
natxekie	n a t͡ʃ e̞ k i e̞
natxekik	n a t͡ʃ e̞ k i k
natxekin	n a t͡ʃ e̞ k ĩ n
natxekio	n a t͡ʃ e̞ k i o̞
natxekizu	n a t͡ʃ e̞ k i s̻ u
natxekizue	n a t͡ʃ e̞ k i s̻ u e̞
natza	n a t͡s̻ a
nauka	n a u̯ k a
nazioarteko	n a s̻ i o̞ a r t̪ e̞ k o̞
neba	n e̞ β̞ a
nederlandera	n e̞ ð̞ e̞ r l ã n̪ d̪ e̞ ɾ a
negien	n e̞ ɣ̞ i ẽ̞ n
negike	n e̞ ɣ̞ i k e̞
negitzake	n e̞ ɣ̞ i t͡s̻ a k e̞
negitzan	n e̞ ɣ̞ i t͡s̻ ã n
neguil	n e̞ ɣ̞ u i l
nekatu	n e̞ k a t̪ u
nekien	n e̞ k i ẽ̞ n
nekike	n e̞ k i k e̞
nekizke	n e̞ k i s̻ k e̞
nekizkien	n e̞ k i s̻ k i ẽ̞ n
nekusan	n e̞ k u s̺ ã n
nekusazke	n e̞ k u s̺ a s̻ k e̞
nekuske	n e̞ k u s̺ k e̞
nekuskien	n e̞ k u s̺ k i ẽ̞ n
nenbilen	n ẽ̞ m b i l ẽ̞ n
nenbilen	n ẽ̞ m b i ʎ ẽ̞ n
nenbilke	n ẽ̞ m b i l k e̞
nenbilkeen	n ẽ̞ m b i l k e̞ ẽ̞ n
nendin	n ẽ̞ n̪ d̪ ĩ n
nengoen	n ẽ̞ ŋ ɡ o̞ ẽ̞ n
nengoke	n ẽ̞ ŋ ɡ o̞ k e̞
nengokeen	n ẽ̞ ŋ ɡ o̞ k e̞ ẽ̞ n
nenkien	n ẽ̞ ŋ k i ẽ̞ n
nenkion	n ẽ̞ ŋ k i õ̞ n
nentorke	n ẽ̞ n̪ t̪ o̞ r k e̞
nentorkeen	n ẽ̞ n̪ t̪ o̞ r k e̞ ẽ̞ n
nentorkioke	n ẽ̞ n̪ t̪ o̞ r k i o̞ k e̞
nentorkiokeen	n ẽ̞ n̪ t̪ o̞ r k i o̞ k e̞ ẽ̞ n
nentorkion	n ẽ̞ n̪ t̪ o̞ r k i õ̞ n
nentorren	n ẽ̞ n̪ t̪ o̞ r ẽ̞ n
nentxekiake	n ẽ̞ nʲ t͡ʃ e̞ k i a k e̞
nentxekian	n ẽ̞ nʲ t͡ʃ e̞ k i ã n
nentxekieke	n ẽ̞ nʲ t͡ʃ e̞ k i e̞ k e̞
nentxekien	n ẽ̞ nʲ t͡ʃ e̞ k i ẽ̞ n
nentxekinake	n ẽ̞ nʲ t͡ʃ e̞ k i n a k e̞
nentxekinake	n ẽ̞ nʲ t͡ʃ e̞ k i ɲ a k e̞
nentxekinan	n ẽ̞ nʲ t͡ʃ e̞ k i n ã n
nentxekinan	n ẽ̞ nʲ t͡ʃ e̞ k i ɲ ã n
nentxekioke	n ẽ̞ nʲ t͡ʃ e̞ k i o̞ k e̞
nentxekion	n ẽ̞ nʲ t͡ʃ e̞ k i õ̞ n
nentxekizueke	n ẽ̞ nʲ t͡ʃ e̞ k i s̻ u e̞ k e̞
nentxekizuen	n ẽ̞ nʲ t͡ʃ e̞ k i s̻ u ẽ̞ n
nentxekizuke	n ẽ̞ nʲ t͡ʃ e̞ k i s̻ u k e̞
nentxekizun	n ẽ̞ nʲ t͡ʃ e̞ k i s̻ ũ n
nentzake	n ẽ̞ n t͡s̻ a k e̞
nentzan	n ẽ̞ n t͡s̻ ã n
nentzuen	n ẽ̞ n t͡s̻ u ẽ̞ n
nentzuke	n ẽ̞ n t͡s̻ u k e̞
nentzuzke	n ẽ̞ n t͡s̻ u s̻ k e̞
nentzuzkien	n ẽ̞ n t͡s̻ u s̻ k i ẽ̞ n
neon	n e̞ õ̞ n
nerakuske	n e̞ ɾ a k u s̺ k e̞
nerakuskien	n e̞ ɾ a k u s̺ k i ẽ̞ n
nerakutsan	n e̞ ɾ a k u t͡s̺ ã n
nerakutsazke	n e̞ ɾ a k u t͡s̺ a s̻ k e̞
neroake	n e̞ ɾ o̞ a k e̞
neroan	n e̞ ɾ o̞ ã n
neroatzan	n e̞ ɾ o̞ a t͡s̻ ã n
neroazke	n e̞ ɾ o̞ a s̻ k e̞
neska	n e̞ s̺ k a
neskenegun	n e̞ s̺ k e̞ n e̞ ɣ̞ ũ n
neu	n e̞ u̯
neuk	n e̞ u̯ k
neure	n e̞ u̯ ɾ e̞
neurekin	n e̞ u̯ ɾ e̞ k ĩ n
neuri	n e̞ u̯ ɾ i
neurri	n e̞ u̯ r i
ni	n i
nigan	n i ɣ̞ ã n
niharduen	n i a r ð̞ u ẽ̞ n
niharduen	n i ɦ a r ð̞ u ẽ̞ n
nihardukake	n i a r ð̞ u k a k e̞
nihardukake	n i ɦ a r ð̞ u k a k e̞
nihardukan	n i a r ð̞ u k ã n
nihardukan	n i ɦ a r ð̞ u k ã n
niharduke	n i a r ð̞ u k e̞
niharduke	n i ɦ a r ð̞ u k e̞
nik	n i k
nindoake	n ĩ n̪ d̪ o̞ a k e̞
nindoakeen	n ĩ n̪ d̪ o̞ a k e̞ ẽ̞ n
nindoan	n ĩ n̪ d̪ o̞ ã n
ninteke	n ĩ n̪ t̪ e̞ k e̞
nintekeen	n ĩ n̪ t̪ e̞ k e̞ ẽ̞ n
nintzateke	n ĩ n t͡s̻ a t̪ e̞ k e̞
nintzatekeen	n ĩ n t͡s̻ a t̪ e̞ k e̞ ẽ̞ n
nintzen	n ĩ n t͡s̻ ẽ̞ n
nirauen	n i ɾ a u̯ ẽ̞ n
nirauke	n i ɾ a u̯ k e̞
nire	n i ɾ e̞
niregan	n i ɾ e̞ ɣ̞ ã n
nirudien	n i ɾ u ð̞ i ẽ̞ n
nirudike	n i ɾ u ð̞ i k e̞
nitan	n i t̪ ã n
nitrogeno	n i t̪ r o̞ x e̞ n o̞
noa	n o̞ a
noake	n o̞ a k e̞
noan	n o̞ ã n
nola	n o̞ l a
non	n õ̞ n
nor	n o̞ r
nora	n o̞ ɾ a
norbait	n o̞ r β̞ a i̯ t̪
nori	n o̞ ɾ i
nork	n o̞ r k
nortzuk	n o̞ r t͡s̻ u k
norvegia	n o̞ r β̞ e̞ ɣ̞ i a
norvegiera	n o̞ r β̞ e̞ ɣ̞ i e̞ ɾ a
o	o̞
objektu	o̞ β̞ j e̞ k t̪ u
odol	o̞ ð̞ o̞ l
ogi	o̞ ɣ̞ i
ohe	o̞ e̞
ohe	o̞ ɦ e̞
oheratu	o̞ e̞ ɾ a t̪ u
oheratu	o̞ ɦ e̞ ɾ a t̪ u
ohoin	o̞ õ̞ ĩ̯ n
ohoin	o̞ ɦ õ̞ ĩ̯ n
oilaur	o̞ i̯ l a u̯ r
oilaur	o̞ ʎ a u̯ r
oin	õ̞ ĩ̯ n
oinarri	o̞ i̯ n a r i
oinarri	o̞ ɲ a r i
oka	o̞ k a
okela	o̞ k e̞ l a
okin	o̞ k ĩ n
okzitaniera	o̞ k s̻ i t̪ a n i e̞ ɾ a
olerkari	o̞ l e̞ r k a ɾ i
olerkaritza	o̞ l e̞ r k a ɾ i t͡s̻ a
olerki	o̞ l e̞ r k i
olibondo	o̞ l i β̞ õ̞ n̪ d̪ o̞
olo	o̞ l o̞
omonier	o̞ m o̞ n i e̞ r
on	õ̞ n
onddo	õ̞ ɲ ɟ o̞
ondo	õ̞ n̪ d̪ o̞
ongi	õ̞ ŋ ɡ i
onil	o̞ n i l
ontzi	õ̞ n t͡s̻ i
or	o̞ r
ordenagailu	o̞ r ð̞ e̞ n a ɣ̞ a i̯ l u
ordenagailu	o̞ r ð̞ e̞ n a ɣ̞ a ʎ u
ordenatu	o̞ r ð̞ e̞ n a t̪ u
ordots	o̞ r ð̞ o̞ t͡s̺
orein	o̞ ɾ ẽ̞ ĩ̯ n
oreka	o̞ ɾ e̞ k a
orratz	o̞ r a t͡s̻
orri	o̞ r i
orril	o̞ r i l
ortzegun	o̞ r t͡s̻ e̞ ɣ̞ ũ n
ortzi	o̞ r t͡s̻ i
ortzirale	o̞ r t͡s̻ i ɾ a l e̞
osaba	o̞ s̺ a β̞ a
oso	o̞ s̺ o̞
ospe	o̞ s̺ p e̞
oste	o̞ s̺ t̪ e̞
ostean	o̞ s̺ t̪ e̞ ã n
ostegun	o̞ s̺ t̪ e̞ ɣ̞ ũ n
ostiral	o̞ s̺ t̪ i ɾ a l
otsail	o̞ t͡s̺ a i̯ l
otso	o̞ t͡s̺ o̞
oxigeno	o̞ k s̺ i x e̞ n o̞
ozpin	o̞ s̻ p ĩ n
oztin	o̞ s̻ t̪ ĩ n
oñati	o̞ ɲ a t̪ i
p	p e̞
pago	p a ɣ̞ o̞
pandemia	p ã n̪ d̪ e̞ m i a
pandora	p ã n̪ d̪ o̞ ɾ a
panparroi	p ã m p a r o̞ i̯
patata	p a t̪ a t̪ a
patxaran	p a t͡ʃ a ɾ ã n
pauso	p a u̯ s̺ o̞
pe	p e̞
penintsula	p e̞ n ĩ n t͡s̺ u l a
pintxo	p ĩ nʲ t͡ʃ o̞
pinu	p i n u
pinu	p i ɲ u
piraña	p i ɾ a ɲ a
pirinioak	p i ɾ i n i o̞ a k
piztu	p i s̻ t̪ u
plangintza	p l ã ŋ ɡ ĩ n t͡s̻ a
plantain	p l ã n̪ t̪ ã ĩ̯ n
poeta	p o̞ e̞ t̪ a
polen	p o̞ l ẽ̞ n
polit	p o̞ l i t̪
politikari	p o̞ l i t̪ i k a ɾ i
polje	p o̞ l ʎ e̞
polonia	p o̞ l o̞ n i a
polonian	p o̞ l o̞ n i ã n
poloniera	p o̞ l o̞ n i e̞ ɾ a
porru	p o̞ r u
porrusalda	p o̞ r u s̺ a l̪ d̪ a
portugaldar	p o̞ r t̪ u ɣ̞ a l̪ d̪ a r
portugalera	p o̞ r t̪ u ɣ̞ a l e̞ ɾ a
portuges	p o̞ r t̪ u ɣ̞ e̞ s̺
potasio	p o̞ t̪ a s̺ i o̞
pozoi	p o̞ s̻ o̞ i̯
pozoidun	p o̞ s̻ o̞ i̯ ð̞ ũ n
pozoidura	p o̞ s̻ o̞ i̯ ð̞ u ɾ a
pozoitasun	p o̞ s̻ o̞ i̯ t̪ a s̺ ũ n
pozoitsu	p o̞ s̻ o̞ i̯ t͡s̺ u
pozoitu	p o̞ s̻ o̞ i̯ t̪ u
putakume	p u t̪ a k u m e̞
q	k u
r	e̞ r e̞
rabbi	r a β̞ i
robot	r o̞ β̞ o̞ t̪
s	e̞ s̺ e̞
sagar	s̺ a ɣ̞ a r
sagardo	s̺ a ɣ̞ a r ð̞ o̞
sagarrondo	s̺ a ɣ̞ a r õ̞ n̪ d̪ o̞
sagu	s̺ a ɣ̞ u
saguzar	s̺ a ɣ̞ u s̻ a r
saldu	s̺ a l̪ d̪ u
salmenta	s̺ a l m ẽ̞ n̪ t̪ a
sardexka	s̺ a r ð̞ e̞ ʃ k a
sartalde	s̺ a r t̪ a l̪ d̪ e̞
sartu	s̺ a r t̪ u
satan	s̺ a t̪ ã n
sator	s̺ a t̪ o̞ r
sei	s̺ e̞ i̯
seigarren	s̺ e̞ i̯ ɣ̞ a r ẽ̞ n
seikoitz	s̺ e̞ i̯ k o̞ i̯ t͡s̻
seiren	s̺ e̞ i̯ ɾ ẽ̞ n
sekretu	s̺ e̞ k r e̞ t̪ u
seme	s̺ e̞ m e̞
senide	s̺ e̞ n i ð̞ e̞
serbia	s̺ e̞ r β̞ i a
serbiera	s̺ e̞ r β̞ i e̞ ɾ a
serbokroaziera	s̺ e̞ r β̞ o̞ k r o̞ a s̻ i e̞ ɾ a
setemere	s̺ e̞ t̪ e̞ m e̞ ɾ e̞
sits	s̺ i t͡s̺
siziliera	s̺ i s̻ i l i e̞ ɾ a
sofokles	s̺ o̞ f o̞ k l e̞ s̺
soil	s̺ o̞ i̯ l
soilik	s̺ o̞ i̯ l i k
soilik	s̺ o̞ ʎ i k
soin	s̺ õ̞ ĩ̯ n
somaliera	s̺ o̞ m a l i e̞ ɾ a
sorbalda	s̺ o̞ r β̞ a l̪ d̪ a
sorgin	s̺ o̞ r ɣ̞ ĩ n
sortalde	s̺ o̞ r t̪ a l̪ d̪ e̞
sortu	s̺ o̞ r t̪ u
su	s̺ u
sudur	s̺ u ð̞ u r
suedia	s̺ u e̞ ð̞ i a
suediera	s̺ u e̞ ð̞ i e̞ ɾ a
sufre	s̺ u f r e̞
suge	s̺ u ɣ̞ e̞
suhi	s̺ u i
suhi	s̺ u ɦ i
suitza	s̺ u i t͡s̻ a
sumendi	s̺ u m ẽ̞ n̪ d̪ i
sur	s̺ u r
t	t̪ e̞
taberna	t̪ a β̞ e̞ r n a
tailandiera	t̪ a i̯ l ã n̪ d̪ i e̞ ɾ a
talo	t̪ a l o̞
taratulu	t̪ a ɾ a t̪ u l u
tarte	t̪ a r t̪ e̞
tarteka	t̪ a r t̪ e̞ k a
tatami	t̪ a t̪ a m i
tauromakia	t̪ a u̯ ɾ o̞ m a k i a
taxilari	t̪ a k s̺ i l a ɾ i
te	t̪ e̞
telezabor	t̪ e̞ l e̞ s̻ a β̞ o̞ r
tigre	t̪ i ɣ̞ r e̞
tigrea	t̪ i ɣ̞ r e̞ a
tigreari	t̪ i ɣ̞ r e̞ a ɾ i
tigrez	t̪ i ɣ̞ r e̞ s̻
tipula	t̪ i p u l a
titulu	t̪ i t̪ u l u
tobera	t̪ o̞ β̞ e̞ ɾ a
toki	t̪ o̞ k i
topa	t̪ o̞ p a
tunisia	t̪ u n i s̺ i a
tunisian	t̪ u n i s̺ i ã n
turkia	t̪ u r k i a
turkiera	t̪ u r k i e̞ ɾ a
txahal	t͡ʃ a a l
txahal	t͡ʃ a ɦ a l
txakaviera	t͡ʃ a k a β̞ i e̞ ɾ a
txakolin	t͡ʃ a k o̞ l ĩ n
txakur	t͡ʃ a k u r
txakurkume	t͡ʃ a k u r k u m e̞
txantxangorri	t͡ʃ ã nʲ t͡ʃ ã ŋ ɡ o̞ r i
txapel	t͡ʃ a p e̞ l
txapeldun	t͡ʃ a p e̞ l̪ d̪ ũ n
txar	t͡ʃ a r
txatxar	t͡ʃ a t͡ʃ a r
txatxarkeria	t͡ʃ a t͡ʃ a r k e̞ ɾ i a
txekiera	t͡ʃ e̞ k i e̞ ɾ a
txerri	t͡ʃ e̞ r i
txerrikume	t͡ʃ e̞ r i k u m e̞
txerto	t͡ʃ e̞ r t̪ o̞
txetnik	t͡ʃ e̞ t̪ n i k
tximino	t͡ʃ i m i n o̞
tximino	t͡ʃ i m i ɲ o̞
txina	t͡ʃ i n a
txinera	t͡ʃ i n e̞ ɾ a
txingurri	t͡ʃ ĩ ŋ ɡ u r i
txirrin	t͡ʃ i r ĩ n
txirrindu	t͡ʃ i r ĩ n̪ d̪ u
txirrindulari	t͡ʃ i r ĩ n̪ d̪ u l a ɾ i
txirrindularitza	t͡ʃ i r ĩ n̪ d̪ u l a ɾ i t͡s̻ a
txokolate	t͡ʃ o̞ k o̞ l a t̪ e̞
txori	t͡ʃ o̞ ɾ i
u	u
uda	u ð̞ a
udaberri	u ð̞ a β̞ e̞ r i
udal	u ð̞ a l
udaletxe	u ð̞ a l e̞ t͡ʃ e̞
udazken	u ð̞ a s̻ k ẽ̞ n
ugatz	u ɣ̞ a t͡s̻
ugaztun	u ɣ̞ a s̻ t̪ ũ n
uhandre	u ã n̪ d̪ r e̞
uhandre	u ɦ ã n̪ d̪ r e̞
uharte	u a r t̪ e̞
uharte	u ɦ a r t̪ e̞
uhartedi	u a r t̪ e̞ ð̞ i
uhartedi	u ɦ a r t̪ e̞ ð̞ i
uhartegi	u a r t̪ e̞ ɣ̞ i
uhartegi	u ɦ a r t̪ e̞ ɣ̞ i
ukondo	u k õ̞ n̪ d̪ o̞
ukondu	u k õ̞ n̪ d̪ u
ukraina	u k r a i̯ n a
ukrainan	u k r a i̯ n ã n
ukrainera	u k r a i̯ n e̞ ɾ a
ulertu	u l e̞ r t̪ u
ume	u m e̞
umedun	u m e̞ ð̞ ũ n
unai	u n a i̯
untxi	ũ nʲ t͡ʃ i
ur	u r
urde	u r ð̞ e̞
urdin	u r ð̞ ĩ n
urizaharra	u ɾ i s̻ a a r a
urizaharra	u ɾ i s̻ a ɦ a r a
urre	u r e̞
urri	u r i
urrieta	u r i e̞ t̪ a
urril	u r i l
urtaro	u r t̪ a ɾ o̞
urtarril	u r t̪ a r i l
urte	u r t̪ e̞
urtxintxa	u r t͡ʃ ĩ nʲ t͡ʃ a
usategi	u s̺ a t̪ e̞ ɣ̞ i
uso	u s̺ o̞
usteldu	u s̺ t̪ e̞ l̪ d̪ u
utz	u t͡s̻
utzak	u t͡s̻ a k
utzan	u t͡s̻ ã n
utzazu	u t͡s̻ a s̻ u
utzazue	u t͡s̻ a s̻ u e̞
utzi	u t͡s̻ i
uve	u β̞ e̞
uzbekera	u z̻ β̞ e̞ k e̞ ɾ a
uzta	u s̻ t̪ a
uztail	u s̻ t̪ a i̯ l
v	u β̞ e̞
vietnamera	b i e̞ t̪ n a m e̞ ɾ a
x	i ʃ a
xabier	ʃ a β̞ j e̞ r
xaboi	ʃ a β̞ o̞ i̯
xake	ʃ a k e̞
xakelari	ʃ a k e̞ l a ɾ i
xanpu	ʃ ã m p u
xurgagailu	ʃ u r ɣ̞ a ɣ̞ a i̯ l u
xurgagailu	ʃ u r ɣ̞ a ɣ̞ a ʎ u
yarda	j a r ð̞ a
z	s̻ e̞ t̪ a
zabiltza	s̻ a β̞ i l t͡s̻ a
zabiltzan	s̻ a β̞ i l t͡s̻ ã n
zabiltzate	s̻ a β̞ i l t͡s̻ a t̪ e̞
zabiltzaten	s̻ a β̞ i l t͡s̻ a t̪ ẽ̞ n
zabilzke	s̻ a β̞ i l s̻ k e̞
zabilzkete	s̻ a β̞ i l s̻ k e̞ t̪ e̞
zahar	s̻ a a r
zahar	s̻ a ɦ a r
zahi	s̻ a i
zahi	s̻ a ɦ i
zain	s̻ ã ĩ̯ n
zainbelar	s̻ ã ĩ̯ m b e̞ l a r
zaingorri	s̻ ã ĩ̯ ŋ ɡ o̞ r i
zaintxuri	s̻ ã ĩ̯ nʲ t͡ʃ u ɾ i
zaintzuri	s̻ ã ĩ̯ n t͡s̻ u ɾ i
zainurdin	s̻ a i̯ n u r ð̞ ĩ n
zainurdin	s̻ a ɲ u r ð̞ ĩ n
zainzuri	s̻ ã ĩ̯ n s̻ u ɾ i
zaitez	s̻ a i̯ t̪ e̞ s̻
zaitezen	s̻ a i̯ t̪ e̞ s̻ ẽ̞ n
zaitezke	s̻ a i̯ t̪ e̞ s̻ k e̞
zaitezkete	s̻ a i̯ t̪ e̞ s̻ k e̞ t̪ e̞
zaitezte	s̻ a i̯ t̪ e̞ s̻ t̪ e̞
zaitezten	s̻ a i̯ t̪ e̞ s̻ t̪ ẽ̞ n
zakil	s̻ a k i l
zakur	s̻ a k u r
zaldi	s̻ a l̪ d̪ i
zaldun	s̻ a l̪ d̪ ũ n
zama	s̻ a m a
zamari	s̻ a m a ɾ i
zapaburu	s̻ a p a β̞ u ɾ u
zapaldu	s̻ a p a l̪ d̪ u
zapalkeria	s̻ a p a l k e̞ ɾ i a
zapalketa	s̻ a p a l k e̞ t̪ a
zapalkuntza	s̻ a p a l k ũ n t͡s̻ a
zapatu	s̻ a p a t̪ u
zara	s̻ a ɾ a
zarateke	s̻ a ɾ a t̪ e̞ k e̞
zaratekete	s̻ a ɾ a t̪ e̞ k e̞ t̪ e̞
zarautz	s̻ a ɾ a u̯ t͡s̻
zarete	s̻ a ɾ e̞ t̪ e̞
zaroatzan	s̻ a ɾ o̞ a t͡s̻ ã n
zatekeen	s̻ a t̪ e̞ k e̞ ẽ̞ n
zatoz	s̻ a t̪ o̞ s̻
zatozen	s̻ a t̪ o̞ s̻ ẽ̞ n
zatozke	s̻ a t̪ o̞ s̻ k e̞
zatozkete	s̻ a t̪ o̞ s̻ k e̞ t̪ e̞
zatozte	s̻ a t̪ o̞ s̻ t̪ e̞
zatozten	s̻ a t̪ o̞ s̻ t̪ ẽ̞ n
zatxezkidate	s̻ a t͡ʃ e̞ s̻ k i ð̞ a t̪ e̞
zatxezkie	s̻ a t͡ʃ e̞ s̻ k i e̞
zatxezkiete	s̻ a t͡ʃ e̞ s̻ k i e̞ t̪ e̞
zatxezkigu	s̻ a t͡ʃ e̞ s̻ k i ɣ̞ u
zatxezkigute	s̻ a t͡ʃ e̞ s̻ k i ɣ̞ u t̪ e̞
zatxezkio	s̻ a t͡ʃ e̞ s̻ k i o̞
zatxezkiote	s̻ a t͡ʃ e̞ s̻ k i o̞ t̪ e̞
zatxezkit	s̻ a t͡ʃ e̞ s̻ k i t̪
zaude	s̻ a u̯ ð̞ e̞
zaudeke	s̻ a u̯ ð̞ e̞ k e̞
zaudekete	s̻ a u̯ ð̞ e̞ k e̞ t̪ e̞
zauden	s̻ a u̯ ð̞ ẽ̞ n
zaudete	s̻ a u̯ ð̞ e̞ t̪ e̞
zaudeten	s̻ a u̯ ð̞ e̞ t̪ ẽ̞ n
zauri	s̻ a u̯ ɾ i
zautza	s̻ a u̯ t͡s̻ a
zautzate	s̻ a u̯ t͡s̻ a t̪ e̞
zazpi	s̻ a s̻ p i
zazpigarren	s̻ a s̻ p i ɣ̞ a r ẽ̞ n
zazpikoitz	s̻ a s̻ p i k o̞ i̯ t͡s̻
zazpiren	s̻ a s̻ p i ɾ ẽ̞ n
ze	s̻ e̞
zebilen	s̻ e̞ β̞ i l ẽ̞ n
zebilen	s̻ e̞ β̞ i ʎ ẽ̞ n
zebilkeen	s̻ e̞ β̞ i l k e̞ ẽ̞ n
zebiltzan	s̻ e̞ β̞ i l t͡s̻ ã n
zebilzkeen	s̻ e̞ β̞ i l s̻ k e̞ ẽ̞ n
zedin	s̻ e̞ ð̞ ĩ n
zegien	s̻ e̞ ɣ̞ i ẽ̞ n
zegiten	s̻ e̞ ɣ̞ i t̪ ẽ̞ n
zegitzan	s̻ e̞ ɣ̞ i t͡s̻ ã n
zegitzaten	s̻ e̞ ɣ̞ i t͡s̻ a t̪ ẽ̞ n
zegoen	s̻ e̞ ɣ̞ o̞ ẽ̞ n
zegokeen	s̻ e̞ ɣ̞ o̞ k e̞ ẽ̞ n
zein	s̻ ẽ̞ ĩ̯ n
zekien	s̻ e̞ k i ẽ̞ n
zekion	s̻ e̞ k i õ̞ n
zekiten	s̻ e̞ k i t̪ ẽ̞ n
zekizkien	s̻ e̞ k i s̻ k i ẽ̞ n
zekizkion	s̻ e̞ k i s̻ k i õ̞ n
zekizkiten	s̻ e̞ k i s̻ k i t̪ ẽ̞ n
zekusan	s̻ e̞ k u s̺ ã n
zekusaten	s̻ e̞ k u s̺ a t̪ ẽ̞ n
zekuskien	s̻ e̞ k u s̺ k i ẽ̞ n
zekuskiten	s̻ e̞ k u s̺ k i t̪ ẽ̞ n
zemendi	s̻ e̞ m ẽ̞ n̪ d̪ i
zen	s̻ ẽ̞ n
zenbaki	s̻ ẽ̞ m b a k i
zenbiltzan	s̻ ẽ̞ m b i l t͡s̻ ã n
zenbiltzaten	s̻ ẽ̞ m b i l t͡s̻ a t̪ ẽ̞ n
zenbilzke	s̻ ẽ̞ m b i l s̻ k e̞
zenbilzkeen	s̻ ẽ̞ m b i l s̻ k e̞ ẽ̞ n
zenbilzkete	s̻ ẽ̞ m b i l s̻ k e̞ t̪ e̞
zenbilzketen	s̻ ẽ̞ m b i l s̻ k e̞ t̪ ẽ̞ n
zenegien	s̻ e̞ n e̞ ɣ̞ i ẽ̞ n
zenegike	s̻ e̞ n e̞ ɣ̞ i k e̞
zenegikete	s̻ e̞ n e̞ ɣ̞ i k e̞ t̪ e̞
zenegiten	s̻ e̞ n e̞ ɣ̞ i t̪ ẽ̞ n
zenegitzake	s̻ e̞ n e̞ ɣ̞ i t͡s̻ a k e̞
zenegitzakete	s̻ e̞ n e̞ ɣ̞ i t͡s̻ a k e̞ t̪ e̞
zenegitzan	s̻ e̞ n e̞ ɣ̞ i t͡s̻ ã n
zenegitzaten	s̻ e̞ n e̞ ɣ̞ i t͡s̻ a t̪ ẽ̞ n
zenekien	s̻ e̞ n e̞ k i ẽ̞ n
zenekike	s̻ e̞ n e̞ k i k e̞
zenekikete	s̻ e̞ n e̞ k i k e̞ t̪ e̞
zenekiten	s̻ e̞ n e̞ k i t̪ ẽ̞ n
zenekizke	s̻ e̞ n e̞ k i s̻ k e̞
zenekizkete	s̻ e̞ n e̞ k i s̻ k e̞ t̪ e̞
zenekizkien	s̻ e̞ n e̞ k i s̻ k i ẽ̞ n
zenekizkiten	s̻ e̞ n e̞ k i s̻ k i t̪ ẽ̞ n
zenekusan	s̻ e̞ n e̞ k u s̺ ã n
zenekusaten	s̻ e̞ n e̞ k u s̺ a t̪ ẽ̞ n
zenekusazke	s̻ e̞ n e̞ k u s̺ a s̻ k e̞
zenekusazkete	s̻ e̞ n e̞ k u s̺ a s̻ k e̞ t̪ e̞
zenekuske	s̻ e̞ n e̞ k u s̺ k e̞
zenekuskete	s̻ e̞ n e̞ k u s̺ k e̞ t̪ e̞
zenekuskien	s̻ e̞ n e̞ k u s̺ k i ẽ̞ n
zenekuskiten	s̻ e̞ n e̞ k u s̺ k i t̪ ẽ̞ n
zenentzuen	s̻ e̞ n ẽ̞ n t͡s̻ u ẽ̞ n
zenentzuke	s̻ e̞ n ẽ̞ n t͡s̻ u k e̞
zenentzukete	s̻ e̞ n ẽ̞ n t͡s̻ u k e̞ t̪ e̞
zenentzuten	s̻ e̞ n ẽ̞ n t͡s̻ u t̪ ẽ̞ n
zenentzuzke	s̻ e̞ n ẽ̞ n t͡s̻ u s̻ k e̞
zenentzuzkete	s̻ e̞ n ẽ̞ n t͡s̻ u s̻ k e̞ t̪ e̞
zenentzuzkien	s̻ e̞ n ẽ̞ n t͡s̻ u s̻ k i ẽ̞ n
zenentzuzkiten	s̻ e̞ n ẽ̞ n t͡s̻ u s̻ k i t̪ ẽ̞ n
zenerakuske	s̻ e̞ n e̞ ɾ a k u s̺ k e̞
zenerakuskete	s̻ e̞ n e̞ ɾ a k u s̺ k e̞ t̪ e̞
zenerakuskien	s̻ e̞ n e̞ ɾ a k u s̺ k i ẽ̞ n
zenerakuskiten	s̻ e̞ n e̞ ɾ a k u s̺ k i t̪ ẽ̞ n
zenerakutsan	s̻ e̞ n e̞ ɾ a k u t͡s̺ ã n
zenerakutsaten	s̻ e̞ n e̞ ɾ a k u t͡s̺ a t̪ ẽ̞ n
zenerakutsazke	s̻ e̞ n e̞ ɾ a k u t͡s̺ a s̻ k e̞
zenerakutsazkete	s̻ e̞ n e̞ ɾ a k u t͡s̺ a s̻ k e̞ t̪ e̞
zeneroake	s̻ e̞ n e̞ ɾ o̞ a k e̞
zeneroakete	s̻ e̞ n e̞ ɾ o̞ a k e̞ t̪ e̞
zeneroan	s̻ e̞ n e̞ ɾ o̞ ã n
zeneroaten	s̻ e̞ n e̞ ɾ o̞ a t̪ ẽ̞ n
zeneroatzan	s̻ e̞ n e̞ ɾ o̞ a t͡s̻ ã n
zeneroatzaten	s̻ e̞ n e̞ ɾ o̞ a t͡s̻ a t̪ ẽ̞ n
zeneroazke	s̻ e̞ n e̞ ɾ o̞ a s̻ k e̞
zeneroazkete	s̻ e̞ n e̞ ɾ o̞ a s̻ k e̞ t̪ e̞
zeniharduen	s̻ e̞ n i a r ð̞ u ẽ̞ n
zeniharduen	s̻ e̞ n i ɦ a r ð̞ u ẽ̞ n
zenihardukake	s̻ e̞ n i a r ð̞ u k a k e̞
zenihardukake	s̻ e̞ n i ɦ a r ð̞ u k a k e̞
zenihardukakete	s̻ e̞ n i a r ð̞ u k a k e̞ t̪ e̞
zenihardukakete	s̻ e̞ n i ɦ a r ð̞ u k a k e̞ t̪ e̞
zenihardukan	s̻ e̞ n i a r ð̞ u k ã n
zenihardukan	s̻ e̞ n i ɦ a r ð̞ u k ã n
zenihardukaten	s̻ e̞ n i a r ð̞ u k a t̪ ẽ̞ n
zenihardukaten	s̻ e̞ n i ɦ a r ð̞ u k a t̪ ẽ̞ n
zeniharduke	s̻ e̞ n i a r ð̞ u k e̞
zeniharduke	s̻ e̞ n i ɦ a r ð̞ u k e̞
zenihardukete	s̻ e̞ n i a r ð̞ u k e̞ t̪ e̞
zenihardukete	s̻ e̞ n i ɦ a r ð̞ u k e̞ t̪ e̞
zeniharduten	s̻ e̞ n i a r ð̞ u t̪ ẽ̞ n
zeniharduten	s̻ e̞ n i ɦ a r ð̞ u t̪ ẽ̞ n
zenirauen	s̻ e̞ n i ɾ a u̯ ẽ̞ n
zenirauke	s̻ e̞ n i ɾ a u̯ k e̞
zeniraukete	s̻ e̞ n i ɾ a u̯ k e̞ t̪ e̞
zenirauten	s̻ e̞ n i ɾ a u̯ t̪ ẽ̞ n
zenirudien	s̻ e̞ n i ɾ u ð̞ i ẽ̞ n
zenirudike	s̻ e̞ n i ɾ u ð̞ i k e̞
zenirudikete	s̻ e̞ n i ɾ u ð̞ i k e̞ t̪ e̞
zeniruditen	s̻ e̞ n i ɾ u ð̞ i t̪ ẽ̞ n
zenkizkien	s̻ ẽ̞ ŋ k i s̻ k i ẽ̞ n
zenkizkieten	s̻ ẽ̞ ŋ k i s̻ k i e̞ t̪ ẽ̞ n
zenkizkion	s̻ ẽ̞ ŋ k i s̻ k i õ̞ n
zenkizkioten	s̻ ẽ̞ ŋ k i s̻ k i o̞ t̪ ẽ̞ n
zentozen	s̻ ẽ̞ n̪ t̪ o̞ s̻ ẽ̞ n
zentozke	s̻ ẽ̞ n̪ t̪ o̞ s̻ k e̞
zentozkeen	s̻ ẽ̞ n̪ t̪ o̞ s̻ k e̞ ẽ̞ n
zentozkete	s̻ ẽ̞ n̪ t̪ o̞ s̻ k e̞ t̪ e̞
zentozketen	s̻ ẽ̞ n̪ t̪ o̞ s̻ k e̞ t̪ ẽ̞ n
zentozten	s̻ ẽ̞ n̪ t̪ o̞ s̻ t̪ ẽ̞ n
zentxezkidake	s̻ ẽ̞ nʲ t͡ʃ e̞ s̻ k i ð̞ a k e̞
zentxezkidakete	s̻ ẽ̞ nʲ t͡ʃ e̞ s̻ k i ð̞ a k e̞ t̪ e̞
zentxezkidan	s̻ ẽ̞ nʲ t͡ʃ e̞ s̻ k i ð̞ ã n
zentxezkidaten	s̻ ẽ̞ nʲ t͡ʃ e̞ s̻ k i ð̞ a t̪ ẽ̞ n
zentxezkieke	s̻ ẽ̞ nʲ t͡ʃ e̞ s̻ k i e̞ k e̞
zentxezkiekete	s̻ ẽ̞ nʲ t͡ʃ e̞ s̻ k i e̞ k e̞ t̪ e̞
zentxezkien	s̻ ẽ̞ nʲ t͡ʃ e̞ s̻ k i ẽ̞ n
zentxezkieten	s̻ ẽ̞ nʲ t͡ʃ e̞ s̻ k i e̞ t̪ ẽ̞ n
zentxezkiguke	s̻ ẽ̞ nʲ t͡ʃ e̞ s̻ k i ɣ̞ u k e̞
zentxezkigukete	s̻ ẽ̞ nʲ t͡ʃ e̞ s̻ k i ɣ̞ u k e̞ t̪ e̞
zentxezkigun	s̻ ẽ̞ nʲ t͡ʃ e̞ s̻ k i ɣ̞ ũ n
zentxezkiguten	s̻ ẽ̞ nʲ t͡ʃ e̞ s̻ k i ɣ̞ u t̪ ẽ̞ n
zentxezkioke	s̻ ẽ̞ nʲ t͡ʃ e̞ s̻ k i o̞ k e̞
zentxezkiokete	s̻ ẽ̞ nʲ t͡ʃ e̞ s̻ k i o̞ k e̞ t̪ e̞
zentxezkion	s̻ ẽ̞ nʲ t͡ʃ e̞ s̻ k i õ̞ n
zentxezkioten	s̻ ẽ̞ nʲ t͡ʃ e̞ s̻ k i o̞ t̪ ẽ̞ n
zentzuen	s̻ ẽ̞ n t͡s̻ u ẽ̞ n
zentzuten	s̻ ẽ̞ n t͡s̻ u t̪ ẽ̞ n
zentzuzkien	s̻ ẽ̞ n t͡s̻ u s̻ k i ẽ̞ n
zentzuzkiten	s̻ ẽ̞ n t͡s̻ u s̻ k i t̪ ẽ̞ n
zer	s̻ e̞ r
zerakuskien	s̻ e̞ ɾ a k u s̺ k i ẽ̞ n
zerakuskiten	s̻ e̞ ɾ a k u s̺ k i t̪ ẽ̞ n
zerakutsan	s̻ e̞ ɾ a k u t͡s̺ ã n
zerakutsaten	s̻ e̞ ɾ a k u t͡s̺ a t̪ ẽ̞ n
zerbait	s̻ e̞ r β̞ a i̯ t̪
zerbitzu	s̻ e̞ r β̞ i t͡s̻ u
zerbitzugune	s̻ e̞ r β̞ i t͡s̻ u ɣ̞ u n e̞
zerekin	s̻ e̞ ɾ e̞ k ĩ n
zeren	s̻ e̞ ɾ ẽ̞ n
zerentzat	s̻ e̞ ɾ ẽ̞ n t͡s̻ a t̪
zerez	s̻ e̞ ɾ e̞ s̻
zergatik	s̻ e̞ r ɣ̞ a t̪ i k
zeri	s̻ e̞ ɾ i
zerk	s̻ e̞ r k
zero	s̻ e̞ ɾ o̞
zeroan	s̻ e̞ ɾ o̞ ã n
zeroaten	s̻ e̞ ɾ o̞ a t̪ ẽ̞ n
zeroatzaten	s̻ e̞ ɾ o̞ a t͡s̻ a t̪ ẽ̞ n
zerogarren	s̻ e̞ ɾ o̞ ɣ̞ a r ẽ̞ n
zerri	s̻ e̞ r i
zertaz	s̻ e̞ r t̪ a s̻
zeru	s̻ e̞ ɾ u
zeta	s̻ e̞ t̪ a
zetorkeen	s̻ e̞ t̪ o̞ r k e̞ ẽ̞ n
zetorren	s̻ e̞ t̪ o̞ r ẽ̞ n
zetozen	s̻ e̞ t̪ o̞ s̻ ẽ̞ n
zetozkeen	s̻ e̞ t̪ o̞ s̻ k e̞ ẽ̞ n
zetxekian	s̻ e̞ t͡ʃ e̞ k i ã n
zetxekidan	s̻ e̞ t͡ʃ e̞ k i ð̞ ã n
zetxekien	s̻ e̞ t͡ʃ e̞ k i ẽ̞ n
zetxekigun	s̻ e̞ t͡ʃ e̞ k i ɣ̞ ũ n
zetxekinan	s̻ e̞ t͡ʃ e̞ k i n ã n
zetxekinan	s̻ e̞ t͡ʃ e̞ k i ɲ ã n
zetxekion	s̻ e̞ t͡ʃ e̞ k i õ̞ n
zetxekizuen	s̻ e̞ t͡ʃ e̞ k i s̻ u ẽ̞ n
zetxekizun	s̻ e̞ t͡ʃ e̞ k i s̻ ũ n
zetxezkian	s̻ e̞ t͡ʃ e̞ s̻ k i ã n
zetxezkidan	s̻ e̞ t͡ʃ e̞ s̻ k i ð̞ ã n
zetxezkien	s̻ e̞ t͡ʃ e̞ s̻ k i ẽ̞ n
zetxezkigun	s̻ e̞ t͡ʃ e̞ s̻ k i ɣ̞ ũ n
zetxezkinan	s̻ e̞ t͡ʃ e̞ s̻ k i n ã n
zetxezkinan	s̻ e̞ t͡ʃ e̞ s̻ k i ɲ ã n
zetxezkion	s̻ e̞ t͡ʃ e̞ s̻ k i õ̞ n
zetxezkizuen	s̻ e̞ t͡ʃ e̞ s̻ k i s̻ u ẽ̞ n
zetxezkizun	s̻ e̞ t͡ʃ e̞ s̻ k i s̻ ũ n
zetzan	s̻ e̞ t͡s̻ ã n
zeu	s̻ e̞ u̯
zeudekeen	s̻ e̞ u̯ ð̞ e̞ k e̞ ẽ̞ n
zeuden	s̻ e̞ u̯ ð̞ ẽ̞ n
zeundeke	s̻ ẽ̞ ũ̯ n̪ d̪ e̞ k e̞
zeundekeen	s̻ ẽ̞ ũ̯ n̪ d̪ e̞ k e̞ ẽ̞ n
zeundekete	s̻ ẽ̞ ũ̯ n̪ d̪ e̞ k e̞ t̪ e̞
zeundeketen	s̻ ẽ̞ ũ̯ n̪ d̪ e̞ k e̞ t̪ ẽ̞ n
zeunden	s̻ ẽ̞ ũ̯ n̪ d̪ ẽ̞ n
zeundeten	s̻ ẽ̞ ũ̯ n̪ d̪ e̞ t̪ ẽ̞ n
zeuntzake	s̻ ẽ̞ ũ̯ n t͡s̻ a k e̞
zeuntzakete	s̻ ẽ̞ ũ̯ n t͡s̻ a k e̞ t̪ e̞
zeuntzan	s̻ ẽ̞ ũ̯ n t͡s̻ ã n
zeuntzaten	s̻ ẽ̞ ũ̯ n t͡s̻ a t̪ ẽ̞ n
zeure	s̻ e̞ u̯ ɾ e̞
zeutzan	s̻ e̞ u̯ t͡s̻ ã n
zezeil	s̻ e̞ s̻ e̞ i̯ l
zezen	s̻ e̞ s̻ ẽ̞ n
zezenkari	s̻ e̞ s̻ ẽ̞ ŋ k a ɾ i
zi	s̻ i
zigilu	s̻ i ɣ̞ i l u
zigilu	s̻ i ɣ̞ i ʎ u
ziharduen	s̻ i a r ð̞ u ẽ̞ n
ziharduen	s̻ i ɦ a r ð̞ u ẽ̞ n
zihardukan	s̻ i a r ð̞ u k ã n
zihardukan	s̻ i ɦ a r ð̞ u k ã n
zihardukaten	s̻ i a r ð̞ u k a t̪ ẽ̞ n
zihardukaten	s̻ i ɦ a r ð̞ u k a t̪ ẽ̞ n
ziharduten	s̻ i a r ð̞ u t̪ ẽ̞ n
ziharduten	s̻ i ɦ a r ð̞ u t̪ ẽ̞ n
zihoakeen	s̻ i o̞ a k e̞ ẽ̞ n
zihoakeen	s̻ i ɦ o̞ a k e̞ ẽ̞ n
zihoan	s̻ i o̞ ã n
zihoan	s̻ i ɦ o̞ ã n
zihoazen	s̻ i o̞ a s̻ ẽ̞ n
zihoazen	s̻ i ɦ o̞ a s̻ ẽ̞ n
zihoazkeen	s̻ i o̞ a s̻ k e̞ ẽ̞ n
zihoazkeen	s̻ i ɦ o̞ a s̻ k e̞ ẽ̞ n
zikoina	s̻ i k o̞ i̯ n a
zikoina	s̻ i k o̞ ɲ a
zilar	s̻ i l a r
zilar	s̻ i ʎ a r
zinateke	s̻ i n a t̪ e̞ k e̞
zinateke	s̻ i ɲ a t̪ e̞ k e̞
zinatekeen	s̻ i n a t̪ e̞ k e̞ ẽ̞ n
zinatekeen	s̻ i ɲ a t̪ e̞ k e̞ ẽ̞ n
zinatekete	s̻ i n a t̪ e̞ k e̞ t̪ e̞
zinatekete	s̻ i ɲ a t̪ e̞ k e̞ t̪ e̞
zinateketen	s̻ i n a t̪ e̞ k e̞ t̪ ẽ̞ n
zinateketen	s̻ i ɲ a t̪ e̞ k e̞ t̪ ẽ̞ n
zindoazen	s̻ ĩ n̪ d̪ o̞ a s̻ ẽ̞ n
zindoazke	s̻ ĩ n̪ d̪ o̞ a s̻ k e̞
zindoazkeen	s̻ ĩ n̪ d̪ o̞ a s̻ k e̞ ẽ̞ n
zindoazkete	s̻ ĩ n̪ d̪ o̞ a s̻ k e̞ t̪ e̞
zindoazketen	s̻ ĩ n̪ d̪ o̞ a s̻ k e̞ t̪ ẽ̞ n
zindoazten	s̻ ĩ n̪ d̪ o̞ a s̻ t̪ ẽ̞ n
zinen	s̻ i n ẽ̞ n
zinen	s̻ i ɲ ẽ̞ n
zineten	s̻ i n e̞ t̪ ẽ̞ n
zineten	s̻ i ɲ e̞ t̪ ẽ̞ n
zintezen	s̻ ĩ n̪ t̪ e̞ s̻ ẽ̞ n
zintezke	s̻ ĩ n̪ t̪ e̞ s̻ k e̞
zintezkeen	s̻ ĩ n̪ t̪ e̞ s̻ k e̞ ẽ̞ n
zintezkete	s̻ ĩ n̪ t̪ e̞ s̻ k e̞ t̪ e̞
zintezketen	s̻ ĩ n̪ t̪ e̞ s̻ k e̞ t̪ ẽ̞ n
zintezten	s̻ ĩ n̪ t̪ e̞ s̻ t̪ ẽ̞ n
zintzur	s̻ ĩ n t͡s̻ u r
zipre	s̻ i p r e̞
ziratekeen	s̻ i ɾ a t̪ e̞ k e̞ ẽ̞ n
zirauen	s̻ i ɾ a u̯ ẽ̞ n
zirauten	s̻ i ɾ a u̯ t̪ ẽ̞ n
ziren	s̻ i ɾ ẽ̞ n
zirkonio	s̻ i r k o̞ n i o̞
zirudien	s̻ i ɾ u ð̞ i ẽ̞ n
ziruditen	s̻ i ɾ u ð̞ i t̪ ẽ̞ n
zitekeen	s̻ i t̪ e̞ k e̞ ẽ̞ n
zitezen	s̻ i t̪ e̞ s̻ ẽ̞ n
zitezkeen	s̻ i t̪ e̞ s̻ k e̞ ẽ̞ n
ziztatu	s̻ i s̻ t̪ a t̪ u
zoaz	s̻ o̞ a s̻
zoazen	s̻ o̞ a s̻ ẽ̞ n
zoazke	s̻ o̞ a s̻ k e̞
zoazkete	s̻ o̞ a s̻ k e̞ t̪ e̞
zoazte	s̻ o̞ a s̻ t̪ e̞
zoazten	s̻ o̞ a s̻ t̪ ẽ̞ n
zolda	s̻ o̞ l̪ d̪ a
zori	s̻ o̞ ɾ i
zorion	s̻ o̞ ɾ i õ̞ n
zorionak	s̻ o̞ ɾ i o̞ n a k
zorri	s̻ o̞ r i
zortzi	s̻ o̞ r t͡s̻ i
zortzigarren	s̻ o̞ r t͡s̻ i ɣ̞ a r ẽ̞ n
zortzikoitz	s̻ o̞ r t͡s̻ i k o̞ i̯ t͡s̻
zortziren	s̻ o̞ r t͡s̻ i ɾ ẽ̞ n
zozo	s̻ o̞ s̻ o̞
zu	s̻ u
zubi	s̻ u β̞ i
zuek	s̻ u e̞ k
zuhaitz	s̻ u a i̯ t͡s̻
zuhaitz	s̻ u ɦ a i̯ t͡s̻
zuhaixka	s̻ u a i̯ ʃ k a
zuhaixka	s̻ u ɦ a i̯ ʃ k a
zuhamu	s̻ u a m u
zuhamu	s̻ u ɦ a m u
zuhamuxka	s̻ u a m u ʃ k a
zuhamuxka	s̻ u ɦ a m u ʃ k a
zuhur	s̻ u u r
zuhur	s̻ u ɦ u r
zuk	s̻ u k
zulagailu	s̻ u l a ɣ̞ a i̯ l u
zulagailu	s̻ u l a ɣ̞ a ʎ u
zulatu	s̻ u l a t̪ u
zulo	s̻ u l o̞
zulogune	s̻ u l o̞ ɣ̞ u n e̞
zumake	s̻ u m a k e̞
zumarraga	s̻ u m a r a ɣ̞ a
zur	s̻ u r
zurgin	s̻ u r ɣ̞ ĩ n
zurgina	s̻ u r ɣ̞ i n a
zurgina	s̻ u r ɣ̞ i ɲ a
zurginak	s̻ u r ɣ̞ i n a k
zurginak	s̻ u r ɣ̞ i ɲ a k
zurginarekin	s̻ u r ɣ̞ i n a ɾ e̞ k ĩ n
zurginarekin	s̻ u r ɣ̞ i ɲ a ɾ e̞ k ĩ n
zurginaren	s̻ u r ɣ̞ i n a ɾ ẽ̞ n
zurginaren	s̻ u r ɣ̞ i ɲ a ɾ ẽ̞ n
zurginarengan	s̻ u r ɣ̞ i n a ɾ ẽ̞ ŋ ɡ ã n
zurginarengan	s̻ u r ɣ̞ i ɲ a ɾ ẽ̞ ŋ ɡ ã n
zurginarengana	s̻ u r ɣ̞ i n a ɾ ẽ̞ ŋ ɡ a n a
zurginarengana	s̻ u r ɣ̞ i ɲ a ɾ ẽ̞ ŋ ɡ a n a
zurginarenganaino	s̻ u r ɣ̞ i n a ɾ ẽ̞ ŋ ɡ a n a i̯ n o̞
zurginarenganaino	s̻ u r ɣ̞ i ɲ a ɾ ẽ̞ ŋ ɡ a n a ɲ o̞
zurginarenganako	s̻ u r ɣ̞ i n a ɾ ẽ̞ ŋ ɡ a n a k o̞
zurginarenganako	s̻ u r ɣ̞ i ɲ a ɾ ẽ̞ ŋ ɡ a n a k o̞
zurginarenganantz	s̻ u r ɣ̞ i n a ɾ ẽ̞ ŋ ɡ a n ã n t͡s̻
zurginarenganantz	s̻ u r ɣ̞ i ɲ a ɾ ẽ̞ ŋ ɡ a n ã n t͡s̻
zurginarengandik	s̻ u r ɣ̞ i n a ɾ ẽ̞ ŋ ɡ ã n̪ d̪ i k
zurginarengandik	s̻ u r ɣ̞ i ɲ a ɾ ẽ̞ ŋ ɡ ã n̪ d̪ i k
zurginarengatik	s̻ u r ɣ̞ i n a ɾ ẽ̞ ŋ ɡ a t̪ i k
zurginarengatik	s̻ u r ɣ̞ i ɲ a ɾ ẽ̞ ŋ ɡ a t̪ i k
zurginarentzat	s̻ u r ɣ̞ i n a ɾ ẽ̞ n t͡s̻ a t̪
zurginarentzat	s̻ u r ɣ̞ i ɲ a ɾ ẽ̞ n t͡s̻ a t̪
zurginari	s̻ u r ɣ̞ i n a ɾ i
zurginari	s̻ u r ɣ̞ i ɲ a ɾ i
zurginaz	s̻ u r ɣ̞ i n a s̻
zurginaz	s̻ u r ɣ̞ i ɲ a s̻
zurgindegi	s̻ u r ɣ̞ ĩ n̪ d̪ e̞ ɣ̞ i
zurginei	s̻ u r ɣ̞ i n e̞ i
zurginei	s̻ u r ɣ̞ i ɲ e̞ i
zurginek	s̻ u r ɣ̞ i n e̞ k
zurginek	s̻ u r ɣ̞ i ɲ e̞ k
zurginekin	s̻ u r ɣ̞ i n e̞ k ĩ n
zurginekin	s̻ u r ɣ̞ i ɲ e̞ k ĩ n
zurginen	s̻ u r ɣ̞ i n ẽ̞ n
zurginen	s̻ u r ɣ̞ i ɲ ẽ̞ n
zurginengan	s̻ u r ɣ̞ i n ẽ̞ ŋ ɡ ã n
zurginengan	s̻ u r ɣ̞ i ɲ ẽ̞ ŋ ɡ ã n
zurginengana	s̻ u r ɣ̞ i n ẽ̞ ŋ ɡ a n a
zurginengana	s̻ u r ɣ̞ i ɲ ẽ̞ ŋ ɡ a n a
zurginenganaino	s̻ u r ɣ̞ i n ẽ̞ ŋ ɡ a n a i̯ n o̞
zurginenganaino	s̻ u r ɣ̞ i ɲ ẽ̞ ŋ ɡ a n a ɲ o̞
zurginenganako	s̻ u r ɣ̞ i n ẽ̞ ŋ ɡ a n a k o̞
zurginenganako	s̻ u r ɣ̞ i ɲ ẽ̞ ŋ ɡ a n a k o̞
zurginenganantz	s̻ u r ɣ̞ i n ẽ̞ ŋ ɡ a n ã n t͡s̻
zurginenganantz	s̻ u r ɣ̞ i ɲ ẽ̞ ŋ ɡ a n ã n t͡s̻
zurginengandik	s̻ u r ɣ̞ i n ẽ̞ ŋ ɡ ã n̪ d̪ i k
zurginengandik	s̻ u r ɣ̞ i ɲ ẽ̞ ŋ ɡ ã n̪ d̪ i k
zurginengatik	s̻ u r ɣ̞ i n ẽ̞ ŋ ɡ a t̪ i k
zurginengatik	s̻ u r ɣ̞ i ɲ ẽ̞ ŋ ɡ a t̪ i k
zurginentzat	s̻ u r ɣ̞ i n ẽ̞ n t͡s̻ a t̪
zurginentzat	s̻ u r ɣ̞ i ɲ ẽ̞ n t͡s̻ a t̪
zurginez	s̻ u r ɣ̞ i n e̞ s̻
zurginez	s̻ u r ɣ̞ i ɲ e̞ s̻
zurgini	s̻ u r ɣ̞ i n i
zurgini	s̻ u r ɣ̞ i ɲ i
zurginik	s̻ u r ɣ̞ i n i k
zurginik	s̻ u r ɣ̞ i ɲ i k
zurgintza	s̻ u r ɣ̞ ĩ n t͡s̻ a
zurgintzat	s̻ u r ɣ̞ ĩ n t͡s̻ a t̪
zuri	s̻ u ɾ i
zuzen	s̻ u s̻ ẽ̞ n
zuzenbide	s̻ u s̻ ẽ̞ m b i ð̞ e̞
zuzenbidezko	s̻ u s̻ ẽ̞ m b i ð̞ e̞ s̻ k o̞
zuzendu	s̻ u s̻ ẽ̞ n̪ d̪ u
zuzentasun	s̻ u s̻ ẽ̞ n̪ t̪ a s̺ ũ n
zuzentzaile	s̻ u s̻ ẽ̞ n t͡s̻ a i̯ l e̞
zuzentzaile	s̻ u s̻ ẽ̞ n t͡s̻ a ʎ e̞
zuñiga	s̻ u ɲ i ɣ̞ a
ñ	e̞ ɲ e̞
