abbabarn	a pː a p a t n
abbati	a p ɛ aːʰ t ɪ
agað	ɛː a
ahorn	a h ɔ ɻ ɳ
aka	ɛ aːʰ k a
akarn	ɛ aːʰ k a ɻ ɳ
aksal	aʰ k s a l
akslatræ	a k s l a t ɾ ɛ aː
akur	ɛ aːʰ k ʊ ɹ
ala	ɛ aː l a
alaska	a l a s k a
alda	a l t a
aldinbori	a l t ɪ n p oː ɹ ɪ
aleksandur	a l ɛ k s a n t ʊ ɹ
alga	a l k a
ali	ɛ aː l ɪ
alisfrøði	ɛ aː l ɪ s f ɾ øː j ɪ
allur	a t l ʊ ɹ
altar	a l̥ t a ɹ
altari	a l̥ t a r ɪ
alv	a l v
andlát	a n l ɔ ɑːʰ t
angola	a ŋ k oː l a
annu	a nː ʊ
anorakkur	a n o ɹ aʰ kː ʊ ɹ
apa	ɛ aːʰ p a
apaldur	ɛ aːʰ p a l t ʊ ɹ
app	aʰ pː
appilsin	aʰ pː ɪ l s iː n
appilsindjús	aʰ pː ɪ l s iː n t͡ʃ ʉ uː s
appilsintræ	aʰ pː ɪ l s iː n tʰ ɹ ɛ aː
aprikosa	a p ɹ i k oː s a
argi	a ɹ t͡ʃ ɪ
argið	a ɹ t͡ʃ ɪ
ari	ɛ aː ɹ ɪ
arinbjørn	ɛ aː ɹ ɪ n p j œ t n
arnar	a ɻ ɳ a ɹ
arnbjørn	a ɻ ɳ p j œ t n
arnheiður	a ɻ ɳ h a iː j ʊ ɹ
arni	a ɻ ɳ ɪ
ask	a s k
askur	a s k ʊ ɹ
asni	a s n ɪ
astma	a s m a
at	ɛ aːʰ t
ata	ɛ aːʰ t a
atli	aʰ t l ɪ
avi	ɛ aː v ɪ
avokado	a v o k aː t o
aðal	ɛː a l
aðalheiður	e̞ː a l h a iː j ʊ ɹ
b	p
babba	p a pː a
babbað	p a pː a
babbi	p a pː ɪ
babbið	p a pː ɪ
bagal	p eː a l
baka	p ɛ aːʰ k a
bakari	p ɛ aːʰ k a ɹ ɪ
bakarí	p ɛ aːʰ k a ɹ ʊ i
bakkus	p aʰ kː ʊ s
baksturvøra	p aʰ k s t ʊ ɹ v øː ɹ a
baldur	p a l t ʊ ɹ
baltasar	p a l̥ t a s a ɹ
banka	p a ŋ̊ k a
banka	p ɛ ŋ̊ k a
bankarnir	p a ŋ̊ k a ɹ n ɪ ɹ
banki	p a ɲ̊ t͡ʃ ɪ
bara	p ɛ aː ɹ a
barki	p a ɹ̥ t͡ʃ ɪ
barmur	p a ɹ m ʊ ɹ
bast	p a s t
battarí	p a tː a ɹ ʊ iː j
bei	p a iː j
belti	p ɛ l̥ t ɪ
bending	p ɛ n t ɪ ŋ k
benin	p e n iː n
benjamin	p ɛ n j a m i n
benjardøgg	p ɛ ɲː a ɹ t œ kː
bera	p eː ɹ a
bergur	p ɛ ɹ k ʊ ɹ
berjalyngur	p ɛ ɹ j a l ɪ ŋ k ʊ ɹ
berur	p ɛː ɹ ʊ ɹ
beta	p eːʰ t a
betageisling	p ɛːʰ t a k a i ʃ l ɪ ŋ k
beð	p eː
beður	p eː v ʊ ɹ
bidna	p ɪ t nː a
bil	p iː l
bilur	p iː l ʊ ɹ
binda	p ɪ n t a
binding	p ɪ n t ɪ ŋ k
biografur	p i o k ɹ aː f ʊ ɹ
birgir	b ɪ r d ʒ ɪ r
bispur	p ɪ s p ʊ ɹ
biva	p iː v a
biðja	p iː j a
bjarni	b j a d n ɪ
bjarti	b j a ɻ̊ ʈ ɪ
bjór	p j ɔ uː ɹ
bjóða	p j ɔ uː w a
bjørn	p j œ t n
blak	p l ɛ aː k
blað	b l ɛ aː
bleikur	p l a iː j k ʊ ɹ
blindleiki	p l ɪ n t l a iː t͡ʃ ɪ
blá	p l ɔ ɑː
bláur	p l ɔ ɑː v ʊ ɹ
blóð	p l ɔ uː w
bløða	p l øː a
blý	p l ʊ iː
blýggj	p l ʊ t͡ʃː
boara	p oː a ɹ a
boari	p oː a ɹ ɪ
bogi	p oː j ɪ
bologna	p o l ɔ ɲː a
boppa	p ɔʰ pː a
borg	p ɔ ɹ k
borgarstjóri	p ɔ ɹ k a ɹ ʃ ɔ uː w ɹ ɪ
borð	p oː ɹ
bratsj	p ɾ aʰ t͡ʃː
breiður	p ɹ a i j ʊ ɹ
brekka	p ɾ ɛʰ kː a
brenna	p ɾ ɛ nː a
brennidepil	p ɹ ɛ nː ɪ t eːʰ p ɪ l
brennivín	p ɹ ɛ nː ɪ v ʊ iː j n
bros	p ɹ oː s
brosma	p ɾ ɔ s m a
brotsmaður	b r ɔ t s m ɛ aː v ʊ ɹ
brundur	p ɾ ʊ n t ʊ ɹ
bryggja	p ɾ ɪ t͡ʃː a
brynhild	p ɾ iː n ɪ l t
bráður	p ɾ ɔ ɑː v ʊ ɹ
bróstmøði	p ɹ œ s t m øː j ɪ
brúka	p ɹ ʉ uː k a
brúkaranavn	p r ʉ uː w k a ɹ a n a u n
brúður	p ɹ ʉ uː w ʊ ɹ
bunki	p ʊ ɲ̊ t͡ʃ ɪ
bylgja	p ɪ ʎ t͡ʃ a
byrur	p iː ɹ ʊ ɹ
bál	p ɔ ɑː l
bára	p ɔ ɑː ɹ a
bárður	p ɔ aː ɹ ʊ ɹ
bævur	p ɛ aː v ʊ ɹ
bíða	p ʊ i j a
bókstavarað	p œ k s t ɛ aː v a r ɛ aː
bókstavur	p œʰ k s t ɛ aː v ʊ ɹ
bólgna	p œ l n a
bønarmaður	b øː n a ɹ m ɛ aː v ʊ ɹ
bøur	p øː v ʊ ɹ
búgvi	b ɪ ɡ v i
búi	p ʉ uː w ɪ
búni	p ʉ uː n ɪ
búð	p ʉ uː w
býur	p ʊ iː j ʊ ɹ
d	t
dadla	t a t l a
dag	t ɛ aː
dagný	t a k n ʊ iː
dagsljós	t a k s l j œ uː s
dagsljós	t a k s l j ɔ uː s
dagur	t ɛ aː v ʊ ɹ
dansa	t a n s a
dansur	t a n s ʊ ɹ
degnum	t eː n ʊ n
degnum	t ɛ k n ʊ n
deyvleiki	t ɛ iː v l a iːʰ t͡ʃ ɪ
deyvur	t ɛ iː v ʊ ɹ
didda	t ɪ tː a
dimmbláur	t ɪ mː p l ɔ aː w ʊ ɹ
dimmbrúnur	t ɪ mː p ɹ ʉ uː n ʊ r
dimmgráur	t ɪ ŋː k ɹ ɔ aː w ʊ ɹ
dimmgrønur	t ɪ ŋː k ɹ ø œː n ʊ ɹ
dimmreyður	t ɪ mː ɹ ɛ iː j ʊ ɹ
djórafrøði	t͡ʃ ɔ uː ɹ a f ɹ øː j ɪ
djóralækni	t͡ʃ ɔ uː ɹ a l a h k n ɪ
djúpur	t͡ʃ ʉ uː p ʊ ɹ
do	t oː
dollari	t ɔ lː a ɹ ɪ
dorg	t ɔ ɹ k
doyggja	t ɔ t͡ʃː a
doyða	t ɔ iː j a
draga	t ɾ ɛː a
dreki	t ɹ ɛːʰ t͡ʃ ɪ
drekka	t ɾ ɛʰ kː a
dreygur	t ɾ ɛ iː j ʊ ɹ
dreymur	t ɾ ɛ iː m ʊ ɹ
drong	t ɾ ɔ ŋ k
drunnhvíti	t ɹ ʊ nː k v ʊ iː t ɪ
drúgvur	t ɾ ɪ k v ʊ ɹ
drúva	t ɾ ʉ uː v a
drúvusukur	t ɹ ʉ uː ʋ ʊ s uː k ʊ ɹ
duga	t uː w a
dyr	t iː ɹ
dádýr	t ɔ ɑː t ʊ iː ɹ
dáta	t ɔ ɑːʰ t a
dómur	t ɔ uː m ʊ ɹ
dós	t ɔ uː s
dóttir	t œʰ tː ɪ ɹ
døgg	t œ kː
døgnfluga	t ø œː m f l uː a
døgum	t øː v ʊ n
dúgva	t ɪ k f a
dúgva	t ɪ k v a
dýna	t ʊ iː n a
dýpd	t ʊ i p t
dýr	t ʊ iː j ɹ
dýraslag	t ʊ iː ɹ a s l ɛ aː
dýraætt	t ʊ iː ɹ a aʰ tː
dýrd	t ʊ i ɹ t
dýrur	t ʊ iː ɹ ʊ ɹ
dýsa	t ʊ iː s a
e	eː
edd	ɛ tː
edikur	eː t ɪʰ kː ʊ ɹ
eftir	ɛʰ tː ɪ ɹ
eftirlit	ɛʰ tː ɪ ɹ l iː t
eg	eː
eggja	ɛ t͡ʃː a
eigi	a iː j ɪ
eigur	a iː j ʊ ɹ
eik	a iː k
eimur	a iː m ʊ ɹ
eingilskur	ɔ ɲ t͡ʃ ɪ l s k ʊ ɹ
eingilsmaður	ɔ i ɲ t ʃ ɪ l s m ɛ aː v ʊ ɹ
einir	a iː j n ɪ ɹ
einkja	ɔ i ɲ̊ t͡ʃː a
einkjumaður	ɔ i ɲ̊ t͡ʃː ʊ m ɛ aː v ʊ ɹ
eista	a iː ʃ t a
eitil	a iː j t ɪ l
eið	a iː j
eiðið	a iː j ɪ
eiður	a iː j ʊ ɹ
ekka	ɛʰ kː a
ekki	ɛʰ t͡ʃː ɪ
ekkja	ɛʰ t͡ʃː a
elduvíkingur	ɛ l t ʊ v ʊ i ʃ ɪ ŋ k ʊ ɹ
elgur	ɛ l k ʊ ɹ
eli	eː l iː
ell	ɛ lː
elli	ɛ t l ɪ
elri	ɛ l ɹ ɪ
elv	ɛ l v
elvur	ɛ l v ʊ ɹ
enn	ɛ nː
enskur	ɛ n̥ s k ʊ ɹ
epl	ɛ p l
epli	eːʰ p l ɪ
er	eː ɹ
erla	ɛ ɻ ɭ a
erma	ɛ ɹ m a
ermarsund	ɛ ɹ m a ɹ s ʊ n t
ermi	ɛ ɹ m ɪ
ermina	ɛ ɹ m ɪ n a
ernst	ɛ ɻ ɳ s t
ert	ɛ ɹ t
ert	ɛ ɹ t tʰ ʉ uː
ertnasúpan	ɛ ɻ̊ t ɳ a s ʉ uː p a n
eta	eːʰ t a
eyga	ɛ iː j a
eygnalækni	ɛ k n a l a h k n ɪ
eygnaviðgerð	ɛ k n a v i t͡ʃː eː ɹ
eystur	ɛ s t ʊ ɹ
eysturoy	ɛ s t ʊ r ɔ iː
eyð	ɛ iː j
eyðkvæmi	ɛʰ kː v ɛ aː m ɪ
eyðolvur	ɛ iː j ɔ l v ʊ ɹ
eyðun	ɛ iː j ʊ n
eyður	ɛ iː j ʊ ɹ
f	f
fagur	f ɛ aː v ʊ ɹ
faks	f a k s
fall	f a t l
familja	f a m ɪ l j a
fani	f ɛ aː n ɪ
far	f ɛ aː ɹ
fara	f ɛ aː ɹ a
farmaskip	f a ɹ m a ʃ iː p
farmur	f a ɹ m ʊ ɹ
fata	f ɛ aːʰ t a
faðir	f ɛ aː j ɪ ɹ
fella	f ɛ d l a
fen	f eː n
fer	f eː ɹ
ferska	f ɛ ʂ k a
ferð	f eː ɹ
ferðagjald	f eː ɹ a t ʃ a l t
ferðaseðil	f eː ɹ a s eː j ɪ l
ferðsla	f ɛ ʂ l a
festarmaður	f ɛ s t a ɹ m ɛ aː v ʊ ɹ
festi	f ɛ s t ɪ
fika	f iː k a
fikutræ	f iː k ʊ t ɹ ɛ aː
fimti	f ɪ m̥ t ɪ
finnland	f ɪ nː l a n t
finnur	f ɪ nː ʊ r
firði	f iː ɹ ɪ
fiskari	f ɪ s k a r ɪ
fiskaørn	f ɪ s k a œ ɻ ɳ
fiskiørn	f ɪ s t ʃ ɪ œ ɻ ɳ
fisksúpan	f ɪ s k s ʉ u p a n
fiskur	f ɪ s k ʊ ɹ
fiti	f iː t ɪ
fitisýra	f iː t ɪ s ʊ iː ɹ a
fitna	f ɪʰ t n a
fjall	f j a t l
fjallatindur	f j a t l a tʰ ɪ n t ʊ ɹ
fjara	f j ɛ aː ɹ a
fjarstýra	f j a ɹ̥ s t ʊ iː j ɹ a
fjós	f j ɔ u s
fjør	f j øː ɹ
fjørður	f j øː ɹ ʊ ɹ
fjøður	f j øː v ʊ ɹ
fjøður	f j ɛ aː ɹ a ɹ
fles	f l eː s
flesk	f l ɛ s k
fljóð	f l j ɔ uː
flogvøllur	f l oː v œ t l ʊ ɹ
floti	f l oːʰ t ɪ
floyta	f l ɔ iː j t a
fluga	f l uː w ʊ
flugusoppur	f l uː ʊ s ɔʰ pː ʊ ɹ
flus	f l uː s
flykra	f l iː k r a
flysa	f l iː s a
fløkja	f l øːʰ t͡ʃ a
fløska	f l œ s k a
fløttur	f l œʰ tː ʊ ɹ
flúr	f l ʉ uː ɹ
fongsul	f ɔ ŋ̊ k s ʊ l
fonn	f ɔ nː
foreldur	f ɔ ɹ ɛ l t ʊ ɹ
forhúð	f ɔ ɹ h ʉ uː
fornur	f ɔ t n ʊ ɹ
forsøgn	f oː ɹ̥ s œ k n
fosfor	f ɔ s f o ɹ
foss	f ɔ sː
fossar	f ɔ sː a ɹ
fossi	f ɔ sː ɪ
fostur	f ɔ s t ʊ ɹ
frakki	f r aʰ t͡ʃ ɪ
framtíð	f ɾ a m̥ tʰ ʊ iː j
fregnartænasta	f ɾ ɛ k n a ɹ tʰ ɛ aː n a s t a
fremmandafólk	f ɾ ɛ mː a n t a f œ l̥ k
friður	f ɹ iː j ʊ ɹ
froskmansbúni	f r ɔ s k m a n s p ʉ uː n ɪ
frostmýri	f ɾ ɔ s t m ʊ iː j ɹ ɪ
frysta	f ɾ ɪ s t a
fræ	f ɹ ɛ aː
frændi	f r a n t ɪ
frískur	f ɾ ʊ i ʃ k ʊ ɹ
fríur	f ɾ ʊ iː j ʊ ɹ
fríður	f ɹ ʊ iː j ʊ ɹ
fróður	f ɾ o uː w ʊ ɹ
frøði	f ɾ øː j ɪ
frøðingur	f ɹ øː j ɪ n k ʊ ɹ
frúgv	f r ɪ k v
fuglafrøði	f ʊ k l a f ɾ øː j ɪ
fuglasúpan	f ʊ k l a s ʉ uː p a n
fuglfirðingur	f ʊ l̥ f ɪ ɹ ɪ ŋ k ʊ ɹ
fugloyingur	f ʊ k l ɪ ŋ k ʊ ɹ
fukka	f ʊʰ kː a
fulkobbi	f ʊ l̥ k ɔ pː ɪ
fulkubbi	f ʊ l̥ k ʊ pː ɪ
fullur	f ʊ t l ʊ ɹ
fundur	f ʊ n t ʊ ɹ
funningur	f ʊ nː ɪ ŋ k ʊ ɹ
fura	f uː ɹ a
furutræ	f uː ɹ ʊ t ɾ ɛ aː
fylgisveinur	f ɪ ʎ t ʃ ɪ s v a iː j n ʊ ɹ
fylgja	f ɪ ʎ t ʃ a
fylki	f ɪ l̥ t ʃ ɪ
fyri	f iː ɹ ɪ
fyrisetingarorð	f iː ɹ ɪ s e t ɪ ŋ k a ɹ oː ɹ
fyrrapartur	f ɪ ɹː a pʰ a ɻ̊ ʈ ʊ ɹ
fyrsta	f ɪ s t a
fá	f ɔ ɑː
fám	f ɔ ɑː m
fár	f ɔ aː ɹ
fátækur	f ɔ ɑː tʰ ɛ aːʰ k ʊ ɹ
fæ	f ɛ aː
fær	f ɛ aː ɹ
fílum	f ʊ iː l ʊ n
fílur	f ʊ iː l ʊ ɹ
fólk	f œ l̥ k
fólkalívsfrøði	f œ l̥ k a l ʊ iː f s f r øː j ɪ
fótbóltsvøllur	f ɔ uː t p œ l̥ t s v œ t l ʊ ɹ
fótbóltur	f ɔ uː t p œ l̥ t ʊ ɹ
fótur	f ɔ uː t ʊ ɹ
fønari	f øː n a ɹ ɪ
føniks	f øː n i k s
føri	f øː ɹ ɪ
føroyakort	f œ ɹ j a kʰ ɔ ɻ̊ ʈ
føroyar	f œ ɹ j a ɹ
føroyaskøra	f œ ɹ j a s k øː ɹ a
føroyingur	f øː ɹ ɪ ŋ k ʊ ɹ
føroyskt	f øː ɹ ɪ s t
føroyskum	f øː ɹ ɪ s k ʊ n
føroyskur	f øː ɹ ɪ s k ʊ ɹ
føða	f øː a
fúti	f ʉ uː t ɪ
fýla	f ʊ iː l a
fýlum	f ʊ iː l ʊ n
fýra	f ʊ iː ɹ a
fýrikur	f ʊ iː ɹ ɪ k ʊ ɹ
g	k
gaffil	k a fː ɪ l
gagn	k a k n
ganga	k ɛ ŋ k a
gangandi	k ɛ ŋ k a n t ɪ
gangi	k ɛ ɲ t͡ʃ ɪ
gangið	k ɛ ɲ t͡ʃ ɪ
garðar	k ɛ aː ɹ a ɹ
garður	k ɛ aː ɹ ʊ ɹ
gass	k a sː
ge	k eː
geil	k a iː l
geit	k a iː t
gekk	t͡ʃ ɛʰ kː
gekst	t͡ʃ ɛʰ k s t
gelda	t͡ʃ ɛ l t a
geldingur	t ʃ ɛ l t ɪ ŋ k ʊ ɹ
genta	t͡ʃ ɛ n̥ t a
gera	t͡ʃ eː ɹ a
gervi	t ʃ ɛ ɹ v ɪ
gestablídni	t ʃ ɛ s t a p l ʊ i t n ɪ
gestur	t͡ʃ ɛ s t ʊ ɹ
geykur	t͡ʃ ɛ iː k ʊ ɹ
geypa	t͡ʃ ɛ iː p a
gil	t͡ʃ iː l
gildi	t ʃ ɪ l d ɪ
gilli	t͡ʃ ɪ t l ɪ
gingið	t͡ʃ ɪ ɲ t͡ʃ ɪ
gingu	t͡ʃ ɪ ŋ k ʊ
gir	k iː ɹ
giraffur	k i ɹ a fː ʊ ɹ
giraffur	t͡ʃ i ɹ a fː ʊ ɹ
girnd	t͡ʃ ɪ ɻ ɳ ʈ
gjaldoyra	t ʃ a l t ɔ iː ɹ a
gjá	t͡ʃ ɔ ɑː
gjógv	t ʃ ɔ ɑː j ɪ r
gjógv	t ʃ ɛ k f
gjógv	t͡ʃ oː a ɹ
gjógv	t͡ʃ ɛ k v
gjósa	t͡ʃ ɔ uː s a
gjør	t͡ʃ øː ɹ
gjørð	t͡ʃ øː ɹ
glas	k l ɛ aː s
glaður	k l ɛ aː v ʊ ɹ
gleði	k l eː j ɪ
glymja	k l ɪ m j a
glæma	k l ɛ aː m a
gløgg	k l œ kː
gløggur	k l œ kː ʊ ɹ
glúmur	k l ʉ uː m ʊ ɹ
gníggja	k n ʊ i t͡ʃː a
gonga	k ɔ ŋ k a
gongd	k ɔ ŋ k t
gongur	k ɔ ŋ k ʊ ɹ
gosoyggj	ɡ oː s ɔ i t͡ʃː
goti	k oːʰ t ɪ
gotland	k ɔːʰ t l a n t
goði	k oː j ɪ
grann	k ɾ a nː
granni	k ɾ a nː ɪ
gras	k ɹ ɛ aː s
graður	k ɾ ɛ aː v ʊ ɹ
greipa	k ɹ a iː p a
greivi	k r a iː v ɪ
greypfrukt	k ɾ ɛ iː p f ɾ ʊʰ k t
grikkaland	k ɾ ɪʰ kː a l a n t
grikki	k ɾ ɪʰ t͡ʃː ɪ
grikskur	k ɾ ɪ s k ʊ ɹ
grindahvalur	k r ɪ n t a kʰ v ɛ aː l ʊ ɹ
grundøki	k ɹ ʊ n t øːʰ t ʃ ɪ
gráspurvur	k r ɔ ɑː s p ʊ ɹ v ʊ ɹ
grátur	k r ɔ ɑːʰ t ʊ ɹ
grækarismessa	k ɹ ɛ aːʰ k a ɹ ɪ s m ɛ sː a
grótbræðing	k ɾ ɔ uː t p ɾ ɛ aː j ɪ ŋ k
grønland	k ɹ œ n l a n t
grønlendskt	k ɾ œ n l ɛ ŋ̊ k s t
grønleykur	k ɾ œ n l ɛ iː k ʊ ɹ
grønmeti	k ɹ œ n m eːʰ t ɪ
grøta	k ɾ øːʰ t a
grøv	k ɾ øː v
gudfrøði	k ʊ fː ɾ øː j ɪ
gull	k ʊ t l
gullasj	k ʊ lː a ʃ
gulur	k uː l ʊ ɹ
gunnar	k ʊ nː a ɹ
gunnleygur	k ʊ nː l ɛ iː j ʊ ɹ
gustav	k ʊ s t a v
guð	k uː
guðrun	k uː ɹ ʊ n
gvagg	k v a kː
gylvi	t͡ʃ ɪ l v ɪ
gyðja	t͡ʃ iː j a
gágga	k ɔ kː a
gágguskel	k ɔ kː ʊ ʃ eː l
gálgi	k ɔ ʎ t͡ʃ ɪ
gás	k ɔ ɑː s
gáta	k ɔ ɑː t a
gáva	k ɔ ɑː v a
gávur	k ɔ ɑː v ʊ ɹ
gæs	ɡ ɛ a s
gísli	k ʊ i ʃ l ɪ
góðska	k œ s k a
góður	k ɔ uː w ʊ ɹ
gø	k øː
gøta	k øːʰ t a
gøtuskeggi	k øːʰ t ʊ ʃ ɛ t͡ʃː ɪ
gýtt	k ʊ iʰ tː
gýðingur	k ʊ iː j ɪ ŋ k ʊ ɹ
h	h
hagfrøði	h a k f ɹ øː j ɪ
hagi	h ɛ aː j ɪ
hali	h ɛ aː l ɪ
hallur	h a t l ʊ ɹ
hamara	h ɛ aː m a ɹ a
hampur	h a m̥ p ʊ ɹ
handil	h a n t ɪ l
handski	h a n̥ː ʃ ɪ
happ	h aʰ pː
hara	h ɛ aː ɹ a
harpa	h a ɹ̥ p a
hassj	h a ʃː
hattur	h aʰ tː ʊ ɹ
hattvíkingur	h aʰ tː ɪ ʃ ɪ ŋ k ʊ ɹ
hattvíkingur	h aʰ tː ʃ ɪ ŋ k ʊ ɹ
hatur	h ɛ aːʰ t ʊ ɹ
hav	h ɛ aː v
havandi	h ɛ aː v a n t ɪ
havið	h ɛ aː v ɪ
havn	h a u n
havn	h a v n
havur	h ɛ aː v ʊ ɹ
havørn	h ɛ aː v œ ɻ ɳ
hegri	h ɛ k ɹ ɪ
heilagur	h a iː l a v ʊ ɹ
heim	h a iː m
heimta	h a i m̥ t a
heimur	h a iː m ʊ ɹ
heiti	h a i t ɪ
heiðarýpa	h a iː j a ɹ ʊ iː p a
heiði	h a iː j ɪ
heiðra	h a i r a
heiður	h a i j ʊ r
helvt	h ɛ l̥ t
hendi	h ɛ n t ɪ
her	h eː ɹ
herbergi	h ɛ ɹ p ɛ ɹ t͡ʃ ɪ
herbúni	h eː r p ʉ u n ɪ
hertogi	h ɛ ɹ̥ tʰ ɔ j ɪ
herðablað	h eː ɹ a p l a ɛː
herðar	h eː ɹ a ɹ
heslinøt	h ɛ s l ɪ n øːʰ t
hest	h ɛ s t
hestur	h ɛ s t ʊ ɹ
hevur	h eː v ʊ ɹ
heyst	h ɛ s t
hildur	h ɪ l t ʊ ɹ
himmal	h ɪ mː a l
hin	h iː n
hind	h ɪ n t
hiplingur	h ɪʰ p l ɪ ŋ k ʊ ɹ
hiti	h iː t ɪ
hittittiskur	h ɪʰ tː ɪʰ t ɪ s k ʊ ɹ
hjallur	t͡ʃʰ a t l ʊ ɹ
hjalti	j a l̥ t ɪ
hjálmar	t ʃʰ ɔ l m a ɹ
hjálmur	t͡ʃʰ ɔ l m ʊ ɹ
hjørdis	j œ ɻ ʈ ɪ s
hjørtur	j œ ɻ̥ ʈ ʊ ɹ
hjørð	j øː ɹ
hjún	t ʃʰ ʉ uː n
hjúpa	t͡ʃʰ ʉ uː p a
hobbi	h o pː ɪ
hol	h oː l
hond	h ɔ n t
hora	h oː ɹ a
horn	h ɔ t n
horur	h oː ɹ ʊ ɹ
hoyggj	h ɔ i t ʃ
hugsan	h ʊ k s a n
hugur	h uː v ʊ ɹ
hunangur	h uː n ɛ ŋ k ʊ ɹ
hundur	h ʊ n t ʊ ɹ
hurð	h uː ɹ
hvala	k v ɛ aː l a
hvalur	kʰ v ɛ aː l ʊ ɹ
hvassur	k v a sː ʊ ɹ
hvat	k v ɛ aːʰ t
hvæl	k v ɛ aː l
hví	kʰ v ʊ iː
hvølpur	kʰ v œ l̥ p ʊ ɹ
hvønn	k f œ nː
hvønn	k v œ nː
hvørkikyn	k f œ ɹ̥ t ʃ ɪ t ʃʰ iː n
hvørsfall	k v œ ʂ f a t l
há	h ɔ ɑː
hákallur	h ɔ ɑː k a t l ʊ ɹ
hálka	h ɔ l̥ k a
hár	h ɔ aː ɹ
hársápa	h ɔ ɑː ɹ s ɔ ɑːʰ p a
hársápa	h ɔ ʂ ɔ ɑːʰ p a
háur	h ɔ ɑː v ʊ ɹ
hávur	h ɔ ɑː v ʊ ɹ
hædd	h a tː
hæl	h ɛ aː l
hælur	h ɛ aː l ʊ ɹ
hít	h ʊ iː t
hópur	h ɔ uː w p ʊ ɹ
høggmynd	h œ ɡː m ɪ n d
høggormur	h œ kː ɔ ɹ m ʊ ɹ
høgguslokkur	h œ kː s l ɔʰ kː ʊ ɹ
høgur	h øː v ʊ ɹ
høkja	h øːʰ t͡ʃ a
høll	h œ t l
hørgur	h œ ɹ k ʊ ɹ
hørpa	h œ ɹ̥ p a
hørur	h øː ɹ ʊ ɹ
hørður	h øː ɹ ʊ ɹ
høskuldur	h œ s k ʊ l t ʊ ɹ
høsn	h œ s n
høvn	h œ v n
høvur	h øː v ʊ ɹ
húgva	h ɪ k v a
húni	h ʉ uː n ɪ
hús	h ʉ uː s
húsbóndi	h ʏ s p œ n t ɪ
húsfrú	h ʉ uː s f r ʉ uː
hýsa	h ʊ iː j s a
ikki	ɪʰ t ʃː ɪ
illa	ɪ t l a
illur	ɪ t l ʊ ɹ
inda	ɪ n t a
india	ɪ n t i a
inga	ɪ ŋː k a
ingibjørg	ɪ ɲ t͡ʃ ɪ p j œ r k
ingimundur	ɪ ɲ t͡ʃ ɪ m ʊ n t ʊ ɹ
innbúgv	ɪ nː p ɪ k f
iran	iː ɹ a n
itu	iː t u
iva	iː v a
ivi	iː v ɪ
ið	ʊ iː j
j	j
ja	j ɛ aː
jaga	j eː a
jakki	j aʰ t͡ʃː ɪ
jaksla	j a k s l a
jaksli	j a k s l ɪ
jakslur	j a k s l ʊ ɹ
jaksul	j a k s ʊ l
jallur	j a t l ʊ ɹ
japan	j aː p a n
jarma	j a ɹ m a
jarn	j a t n
jarðarkjarni	j ɛ aː ɹ a ɹ kʰ a t n ɪ
jarðarskorpa	j ɛ aː ɹ a ɹ ʂ k ɔ ɻ̥ p a
jarðber	j a ɹ p e ɛː ɹ
jarðnøt	j a ɹ n œʰ t
jarðskjálvti	j a ɹ̥ ʃ ɔ l̥ t ɪ
jennur	j ɛ nː ʊ ɹ
jeppur	j ɛʰ pː ʊ ɹ
jesus	j eː s ʊ s
jesuspápi	j ɛː s ʊ pʰ ɔ ɑːʰ p ɪ
jiddiskur	j ɪ tː ɪ s k ʊ ɹ
jodd	j ɔ tː
john	j ɔ nː
jonn	j ɔ nː
judo	j uː t o
jákup	j ɔ ɑːʰ k ʊ p
játta	j ɔʰ tː a
jól	j ɔ uː l
jólakort	j ɔ uː l a kʰ ɔ ɹ̥ ʈ
jólamaður	j ɔ uː l a m ɛ aː v ʊ ɹ
jólatræ	j ɔ uː l a tʰ ɹ ɛ aː
jónatan	j o uː n a tʰ a nː
jørð	j øː ɹ
jú	j ʉ uː w
júgur	j ʉ uː w ʊ ɹ
júgv	j ɪ k f
júst	j ʏ s t
k	kʰ
kagari	kʰ e̞ː a ɹ ɪ
kahútt	kʰ a h ʏʰ tː
kai	kʰ a iː
kalkun	kʰ a l̥ kʰ uː n
kallkyn	kʰ a l̥ t ʃʰ iː n
kallur	kʰ aʰ t l ʊ ɹ
kambur	kʰ a m p ʊ ɹ
kanada	k a n a t a
kanel	kʰ a n eː l
kanning	kʰ a nː ɪ ŋ k
karin	kʰ ɛ aː ɹ ɪ n
karniffil	kʰ a ɹ n ɪ fː ɪ l
kassi	k a sː ɪ
kasta	kʰ a s t a
kattar	kʰ aʰ tː a ɹ
kava	kʰ ɛ aː v a
kavi	kʰ ɛ aː v ɪ
kaðal	k e̞ː a l
keisari	kʰ a iː s a ɹ ɪ
keks	kʰ ɛʰ k s
kelda	t ʃʰ ɛ l t a
kelling	t ʃʰ ɛ t l ɪ ŋ k
kengura	kʰ ɛ ŋ k uː ɹ a
kenna	t͡ʃʰ ɛ nː a
kenniorð	t ʃʰ ɛ nː ɪ oː ɹ
kettlingur	t͡ʃʰ ɛʰ t l i ŋ k ʊ ɹ
kettu	t͡ʃʰ ɛʰ tː ʊ
keypmannahavn	t ʃʰ ɛʰ p m a nː a h a v n
keypmaður	t ʃʰ ɛʰ pː m ɛ aː v ʊ ɹ
kikari	t͡ʃʰ iː k a ɹ ɪ
kili	t͡ʃʰ iː l ɪ
kins	t͡ʃ ɪ n̥ s
kiribati	k i ɹ i p ɑː t i
kirkja	t͡ʃʰ ɪ r̥ t͡ʃ a
kirna	t͡ʃ ɪ t n a
kirsuber	t͡ʃʰ ɪ ɻ̊ ʂ ʊ p eː ɹ
kjadd	t ʃʰ a tː
kjarnasýra	t͡ʃʰ a t n a s ʊ iː ɹ a
kjarni	t ʃʰ a t n ɪ
kjósa	t͡ʃʰ ɔ uː s a
kjølur	t͡ʃʰ øː l ʊ ɹ
kjøra	t͡ʃʰ øː ɹ a
kjøt	t͡ʃʰ øːʰ t
klipp	kʰ l ɪʰ pː
klokka	kʰ l ɔʰ kː a
klára	k l ɔ ɑː ɹ a
klæmintsmessa	kʰ l ɛ aː m ɪ n s m ɛ sː a
klæði	kʰ l ɛ aː j ɪ
klógv	kʰ l ɛ k f
knappaborð	kʰ n aʰ pː a p oː ɹ
knettasúpan	kʰ n ɛʰ tː a s ʉ uː w p a n
knæ	k n ɛ aː
knæ	k n̥ ɛ aː
knívur	k n ʊ iː v ʊ ɹ
knøttur	kʰ n œʰ tː ʊ ɹ
knútur	k n ʉ uː t ʊ ɹ
knútur	kʰ n ʉ uː t ʊ ɹ
kokusnøt	kʰ oːʰ k ʊ s n øːʰ t
kollfirðingur	k ɔ l̥ f ɪ ɹ ɪ ŋ k ʊ ɹ
koltur	kʰ ɔ l̥ t ʊ ɹ
kombikk	kʰ ɔ m p ɪʰ k
kommuna	kʰ ɔ m uː n a
konsert	kʰ ɔ n s ɛ ɻ̊ ʈ
konsertferð	k ɔ n s ɛ ɻ̊ ʈ f eː ɹ
konufólk	kʰ oː n ʊ f œ l̥ k
kopar	kʰ ɔːʰ p a ɹ
koppur	kʰ ɔʰ pː ʊ ɹ
korea	kʰ o ɹ eː a
korki	kʰ ɔ ɹ̥ t ʃ ɪ
korsika	kʰ ɔ ʂ ɪ k a
kort	kʰ ɔ ɻ̊ ʈ
kortini	kʰ ɔ ɻ̊ ʈ ɪ n ɪ
kot	kʰ oːʰ t
koyta	kʰ ɔ i t a
kraft	k ɹ a f t
kragi	kʰ r ɛ aː j ɪ
krakkur	k ɹ aʰ kː ʊ ɹ
krambúðarmál	k ɹ a m p ʉ uː w a ɹ m ɔ aː l
kringvarp	k ɹ ɪ ŋ k v a ɹ̥ p
kristus	kʰ ɾ ɪ s t ʊ s
krossfiskur	k ɹ ɔ sː f ɪ s k ʊ ɹ
krossur	kʰ ɹ ɔ sː ʊ ɹ
krypil	k ɾ iː p ɪ l
krá	k ɹ ɔ aː
kráka	kʰ ɹ ɔ aːʰ k a
kræklingur	k ɹ ɛ aː k l ɪ ŋ k ʊ ɹ
kríggj	k ɹ ʊ i t ʃ
krím	k ɹ ʊ iː j m
krógv	kʰ ɾ ɛ k v
krókur	kʰ ɾ ɔ uː k ʊ ɹ
króna	k ɹ ɔ uː n a
krónur	kʰ ɹ ɔ uː n ʊ ɹ
krúna	k ɹ ʉ uː n a
krúpa	kʰ ɹ ʉ uː p a
kuffert	kʰ ʊ fː ɛ ɹ̥ ʈ
kukka	kʰ ʊʰ kː a
kunna	kʰ ʊ nː a
kunning	kʰ ʊ nː ɪ ŋ k
kunoyingur	kʰ uː n ɪ ŋ k ʊ ɹ
kunta	kʰ ʊ n̥ t a
kurla	kʰ ʊ ɻ ɭ a
kusa	kʰ uː s a
kvala	k v ɛ aː l a
kvennkyn	k f ɛ n̥ː t ʃʰ iː n
kvikil	k v iː t͡ʃ ɪ l
kvirra	k v ɪ ɹː a
kvið	k f iː j
kvið	kʰ v iː j
kviður	k f iː j ʊ ɹ
kviður	kʰ v iː j ʊ ɹ
kvæði	k v ɛ aː j ɪ
kvøl	kʰ v øː l
kvøld	k f œ l t
kvørkveggja	k v œ ɹ̥ k v ɛ t ʃː a
kvøða	k v øː a
kvøða	k v øː v a
kykna	t͡ʃʰ ɪʰ k n a
kymru	t ʃʰ ɪ m ɹ ʊ
kyndilsmessa	t ʃʰ ɪ n t ɪ l s m ɛ sː a
kál	kʰ ɔ aː l
kálksótt	kʰ ɔ l̥ k s œʰ tː
kálva	kʰ ɔ l v a
kálvi	kʰ ɔ l v ɪ
kálvur	kʰ ɔ l v ʊ ɹ
kári	kʰ ɔ ɑː ɹ ɪ
kíkur	k ʊ iː j k ʊ ɹ
kólna	kʰ œ l n a
kópur	kʰ ɔ uː p ʊ ɹ
kór	kʰ ɔ uː ɹ
køka	kʰ øːʰ k a
køliskáp	kʰ ø l ɪ s k ɔ ɑːʰ p
kør	kʰ øː ɹ
køttur	kʰ œʰ tː ʊ ɹ
kúbein	kʰ ʉ uː w p a iː j n
kúm	kʰ ʉ uː n
kúnna	kʰ ʏ nː a
kúnni	kʰ ʏ nː ɪ
kúnum	kʰ ʉ u nː ʊ n
kýr	kʰ ʊ iː j r
l	l
laars	l ɛː a ʂ
lag	l ɛ aː
laga	l eː a
lagna	l a k n a
laki	l ɛ aːʰ t͡ʃ ɪ
lampa	l a m̥ p a
landafrøði	l a n t a f ɹ øː j ɪ
landkort	l a n k ɔ ɻ̊ ʈ
landslag	l a n s l ɛ aː
landslið	l a n s l iː j
langabbi	l ɛ ŋ k a pː ɪ
langavi	l ɛ ŋ k ɛ aː v ɪ
langskip	l ɛ ŋ k ʃ iː p
langur	l ɛ ŋ k ʊ ɹ
lansa	l a n̥ s a
lansi	l a n̥ s ɪ
last	l a s t
lata	l ɛ aː t a
leggur	l ɛ kː ʊ ɹ
leiftur	l a iʰ tː ʊ ɹ
leiftur	l aʰ k t ʊ ɹ
leikføri	l a iː k f øː ɹ ɪ
leingi	l ɔ ɲ t ʃ ɪ
leita	l a iː t a
leið	l a iː j
lendi	l ɛ n t ɪ
lettland	l ɛʰ tː l a n t
leykur	l ɛ iː k ʊ ɹ
leysur	l ɛ iː s ʊ ɹ
leyv	l ɛ iː v
leðurbløka	l eː v ʊ ɹ p l øːʰ k a
likka	l ɪʰ kː a
list	l ɪ s t
litur	l iː t ʊ ɹ
livur	l iː v ʊ ɹ
ljós	l j ɔ uː s
ljósstyrki	l j ɔ u sː t ɪ ɻ̊ t͡ʃ ɪ
ljósur	l j œ uː s ʊ ɹ
ljósur	l j ɔ uː s ʊ ɹ
ljótur	lʲ ɔ uː t ʊ ɹ
ljóð	l j ɔ uː
lodna	l ɔ t n a
longa	l ɔ ŋ k a
lord	l ɔ ɻ ʈ
lordi	l ɔ ɻ ʈ ɪ
lords	l ɔ ɻ ʈ s
lordur	l ɔ ɻ ʈ ʊ ɹ
losti	l ɔ s t ɪ
lulla	l ʊ lː a
lundi	l ʊ n t ɪ
lyfta	l ɪ f t a
lyfta	l ɪ ɸ t a
lyfta	l ɪʰ t a
lykil	l iː t ʃ ɪ l
lyngur	l ɪ ŋ k ʊ ɹ
lynur	l iː n ʊ ɹ
lá	l ɔ ɑː
lág	l ɔ ɑː
lálla	l ɔ t l a
lán	l ɔ ɑː n
lás	l ɔ ɑː s
láta	l ɔ aː t a
læa	l e̞ː a
lægd	l a k t
lækni	l aʰ k n ɪ
læmingi	l ɛ aː m ɪ ɲ t͡ʃ ɪ
líggja	l ʊ ɪ t͡ʃː a
lík	l ʊ iː j k
líkur	l ʊ iː k ʊ ɹ
lína	l ʊ iː n a
líð	l ʊ iː
lóg	l ɔ uː w
lógvi	l ɛ k f ɪ
lógvi	l ɛ k v ɪ
løgfrøði	l œ k f ɾ øː j ɪ
løgin	l øː j ɪ n
løgregla	l œ k ɹ ɛ k l a
løn	l øː n
lúka	l ʉ uː k a
lús	l ʉ uː s
lý	l ʊ iː
lýra	l ʊ iː ɹ a
lýri	l ʊ iː ɹ ɪ
lýðveldi	l ʊ iː v ɛ l t ɪ
m	m
magur	m ɛ aː v ʊ ɹ
mamma	m a mː a
mandla	m a n l a
mangan	m a ŋ k a n
mangan	m ɛ ŋ k a n
mangur	m ɛ ŋ k ʊ ɹ
mannbjørn	m a nː p j œ t n
marita	m ɛ aː ɹ ɪ t a
mars	m a ʂː
marur	m ɛ aː ɹ ʊ ɹ
mat	m ɛ aː t
matur	m ɛ aːʰ t ʊ ɹ
maður	m ɛ aː v ʊ ɹ
mega	m eː a
mega	m iː j a
megin	m eː j ɪ n
meksiko	m ɛʰ k s ɪ k oː
melón	m e l ɔ oː n
menn	m ɛ nː
mer	m eː ɹ
mestur	m ɛ s t ʊ ɹ
met	m eːʰ t
mettur	m ɛʰ tː ʊ ɹ
meyra	m ɛ iː ɹ a
meyrusýra	m ɛ iː ɹ ʊ s ʊ iː ɹ a
meðan	m eː a n
meðan	m iː j a n
middagur	m ɪ tː ɛ aː v ʊ ɹ
mikudagur	m iː k ʊ t ɛ aː w ʊ ɹ
milt	m ɪ l̥ t
milti	m ɪ l̥ t ɪ
minuttur	m i n ʊ tː ʊ ɹ
mistilteinur	m ɪ s t ɪ l tʰ a iː n ʊ ɹ
miði	m iː j ɪ
miðøld	m iː œ l t
mjólkarsukur	m j œ l̥ k a ɹ s uː k ʊ ɹ
mjødn	m j œ t n
mjúkur	m j ʉ uː k ʊ ɹ
mogga	m ɔ kː a
momma	m ɔ mː a
monika	m oː n ɪ k a
morgin	m ɔ r d ʒ ɪ n
morgnar	m ɔ t n a ɹ
morgunmatur	m ɔ ɹ k ʊ n m ɛ aːʰ t ʊ ɹ
morreyður	m ɔ ɹː ɛ iː j ʊ ɹ
mortan	m ɔ ɻ̊ ʈ a n
mortítlingur	m ɔ ɹ̥ tʰ ʊ i t l ɪ ŋ k ʊ ɹ
morð	m oː ɹ
mosi	m oː s ɪ
moska	m ɔ s k a
motta	m ɔʰ tː a
munnum	m ʊ nː ʊ n
munnur	m ʊ nː ʊ ɹ
munum	m uː n ʊ n
mununum	m uː n ʊ n ʊ n
muskattnøt	m u s k aʰ tː n øːʰ t
mykines	m iː t ʃ ɪ n eː s
mynd	m ɪ n t
myrra	m ɪ ɹː a
mágur	m ɔ aː v ʊ ɹ
mál	m ɔ ɑː l
mánaður	m ɔ ɑː n a v ʊ ɹ
máni	m ɔ ɑː n ɪ
márur	m ɔ ɑː ɹ ʊ ɹ
mási	m ɔ aː s ɪ
mær	m ɛ aː ɹ
mætur	m ɛ aːʰ t ʊ ɹ
míl	m ʊ iː l
móður	m ɔ uː v ʊ ɹ
møna	m øː n a
mørur	m øː ɹ ʊ ɹ
mørður	m øː ɹ ʊ ɹ
møttul	m œʰ tː ʊ l
múr	m ʉ uː ɹ
múrur	m ʉ uː ɹ ʊ ɹ
músabróðir	m ʉ uː s a p ɾ ɔ uː w ɪ ɹ
münchen	m ʏ n̥ ʃ ɛ n
mýrisnípa	m ʊ iː ɹ ɪ s n ʊ iː p a
n	n
nailon	n a iː j l ɔ n
nakki	n aʰ t͡ʃː ɪ
namibia	n a m iː p i a
napoleon	n a pʰ oː l ɪ ɔ n
nei	n a iː
neiggj	n a i t͡ʃː
nema	n eː m a
neon	n eː ɔ n
nepal	n eːʰ p a l
nerta	n ɛ ʂ t a
nes	n eː s
nev	n eː v
nevna	n ɛ u̯ n a
nevna	n ɛ v n a
neyst	n ɛ s t
neyt	n ɛ iː t
neyvleiki	n ɛ iː v l a iːʰ t͡ʃ ɪ
nikka	n ɪʰ kː a
niðurlond	n iː j ʊ ɹ l ɔ n d̥
njál	nʲ ɔ ɑː l
njálur	nʲ ɔ ɑː l ʊ ɹ
njørður	ɲ øː ɹ ʊ ɹ
norn	n ɔ ɻ ɳ
norður	n oː ɹ ʊ ɹ
norðurland	n oː r ʊ r l a n t
norðurírland	n oː ɹ ʊ ɹ ʊ ɹ l a n t
nossa	n ɔ sː a
nudla	n ʊ t l a
nugga	n ʊ kː a
null	n ʊ lː
nábúgvi	n ɔ ɑː p ɪ k v ɪ
nál	n ɔ ɑː l
nálatræ	n ɔ ɑː l a t ɹ ɛ aː
nátan	n ɔ ɑːʰ t a n
nær	n ɛ aː ɹ
nærhendis	n ɛ a r ɪ n d ɪ s
næstakærleiki	n a s t a k ɛ aː ɻ ɭ a iːʰ t͡ʃ ɪ
nógvur	n ɛ k v ʊ ɹ
nørdur	n œ ɻ ʈ ʊ ɹ
nøt	n øːʰ t
nú	n ʉ uː
núgv	n ɪ k f
nútíð	n ʉ uː tʰ ʊ iː
nýggjur	n ʊ t͡ʃː ʊ ɹ
nýrasteinur	n ʊ iː ɹ a s t a iː n ʊ ɹ
nýsilvur	n ʊ iː s ɪ l v ʊ ɹ
nýsæland	n ʊ iː j s ɛ aː l a n t
nýta	n ʊ iː t a
oddbjørn	ɔ t p j œ t n
oddur	ɔ tː ʊ ɹ
og	oː
ok	oːʰ k
okn	ɔʰ k n
oknagras	ɔʰ k n a k r ɛ aː s
oksi	ɔʰ k s ɪ
olga	ɔ l k a
olivinolja	ɔ l iː ʋ ɪ n ɔ l j a
oljuber	ɔ l j ʊ p e ɛː ɹ
ong	ɔ ŋ k
onnu	ɔ nː ʊ
onnur	ɔ nː ʊ ɹ
ont	ɔ n̥ t
orangutang	o ɹ a ŋ k ʊ t a ŋ k
orkuframleiðsla	ɔ ɻ̥ k ʊ f ɹ a n l a i ʃ l a
orkuframleiðsla	ɔ ɻ̥ k ʊ f ɹ a n l ɔ i ʃ l a
ormum	ɔ ɹ m ʊ n
orð	oː ɹ
orði	oː ɹ ɪ
orðið	oː ɹ ɪ
ost	ɔ s t
otto	ɔʰ tː ʊ
otur	oːʰ t ʊ ɹ
oyggj	ɔ t͡ʃː
oyra	ɔ i r a
oyðin	ɔ iː j ɪ n
p	pʰ
padda	pʰ a tː a
pakistan	pʰ aʰ k i s t a n
pakki	pʰ aʰ t ʃː ɪ
pannukøka	pʰ a nː ʊ kʰ øːʰ k a
papp	pʰ aʰ pː
par	pʰ ɛ aː ɹ
pasta	pʰ a s t a
pera	pʰ eː ɹ a
persilla	pʰ ɛ ɻ̥ ʂ ɪ lː a
perutræ	pʰ e ɛː ɹ ʊ t ɹ ɛ aː
petti	pʰ ɛʰ tː ɪ
pikti	pʰ ɪʰ k t ɪ
pilsnari	pʰ ɪ l s n a ɹ ɪ
pipar	pʰ iː p a ɹ
piparnøt	pʰ iː p a ɹ n øːʰ t
piparrót	pʰ iː p a ɹ œ uː t
piparrót	pʰ iː p a ɹ ɔ uː t
pissa	pʰ ɪ sː a
plantuolja	p l a n̥ t ʊ ɔ l j a
plantur	p l a n̥ t ʊ ɹ
plantuslag	p l a n̥ t ʊ s l ɛ aː
plantuætt	p l a n̥ t ʊ aʰ tː
plumba	pʰ l ʊ m p a
pláss	p l ɔ sː
protesa	p ɾ o tʰ eː s a
prógv	p ɾ ɛ k v
prýði	p ɹ ʊ iː j ɪ
puma	pʰ uː m a
pund	pʰ ʊ n t
pungur	pʰ u ŋ k ʊ ɹ
punktum	p ʊ ŋ k t ʊ m
purra	pʰ ʊ ɹː a
páll	pʰ ɔ t l
pálsmessa	pʰ ɔ l s m ɛ sː a
pápa	pʰ ɔ ɑːʰ p a
pápi	pʰ ɔ ɑːʰ p ɪ
páskir	pʰ ɔ ʃː ɪ ɹ
pávi	pʰ ɔ ɑː v ɪ
pætursmessa	pʰ ɛ aː t ʊ ʂ m ɛ sː a
píka	pʰ ʊ iː k a
pílatræ	pʰ ʊ iː l a tʰ ɾ ɛ aː
pínslarváttur	pʰ ʊ iː n̥ s l a ɺ v ɔʰ tː ʊ ɹ
pípa	pʰ ʊ iː p a
púta	pʰ ʉ uː t a
r	ɹ
ragnarøk	ɹ a k n a ɹ øːʰ k
ragnheiður	ɹ a k n h a iː j ʊ ɹ
rann	r a nː
ravnur	ɹ a v n ʊ ɹ
regin	ɹ eː j ɪ n
regn	ɹ ɛ k n
reindýr	ɹ ɔ i n d ʊ iː ɹ
renna	ɹ ɛ nː a
revtík	ɹ ɛ f t ʊ iː j k
revur	ɹ eː v ʊ ɹ
reyðkollur	ɹ ɛ iː j kʰ ɔ t l ʊ ɹ
ringvøddi	ɹ ɪ ŋ k v œ tː ɪ
rita	ɹ iː t a
riv	ɹ iː v
rokkur	ɹ ɔʰ kː ʊ ɹ
romi	ɹ oː m ɪ
ropa	ɹ oːʰ p a
ross	ɹ ɔ sː
rukka	ɹ ʊʰ kː a
rukkulakki	ɹ ʊʰ kː ʊ l aʰ t͡ʃː ɪ
ruku	ɹ uː k u
runnur	ɹ ʊ nː ʊ ɹ
russiskur	ɹ ʊ sː ɪ s k ʊ ɹ
russland	ɹ ʊ sː l a n t
ryggur	ɹ ɪ kː ʊ ɹ
ryta	ɹ iː t a
rá	ɹ ɔ ɑː
rái	ɹ ɔ ɑː j ɪ
rárur	ɹ ɔ ɑː ɹ ʊ ɹ
ráð	ɹ ɔ ɑː
ræ	r ɛ aː
ræna	ɹ ɛ aː n a
ríki	ɹ ʊ iː t ʃ ɪ
rín	ɹ ʊ iː n
ríða	ɹ ʊ iː j a
rógva	ɹ ɛ k v a
rógvi	ɹ ɛ k v ɪ
rói	r ɔ uː w ɪ
rókur	ɹ ɔ uː k ʊ ɹ
róm	ɹ o uː m
rópa	ɹ ɔ uː p a
rødd	ɹ œ tː
røra	ɹ øː ɹ a
rún	ɹ ʉ uː n
rúsdrekka	ɹ ʉ uː s t ɹ ɛʰ kː a
s	s
sabbatur	s a pː aʰ t ʊ ɹ
sag	s ɛ aː
sagnorð	s a k n oː ɹ
sakaris	s ɛ aːʰ k a ɹ ɪ s
salmiakk	s a l m i aʰ kː
saltsýra	s a l̥ t s ʊ iː ɹ a
salva	s a l v a
samband	s a m p a n t
samkyndur	s a m̥ t͡ʃ ɪ n t ʊ ɹ
samlega	s a m l eː v a
samur	s ɛ aː m ʊ ɹ
sandoy	s a n t ɔ iː
sandoy	s a n t ɪ
sandur	s a n t ʊ ɹ
sanna	s a nː a
satt	s aʰ tː
se	s eː
seg	s eː
seiði	s a iː j ɪ
seiður	s a iː j ʊ ɹ
sekk	s ɛʰ kː
sekki	s ɛʰ t͡ʃː ɪ
sekkin	s ɛʰ t͡ʃː ɪ n
sekkur	s ɛʰ kː ʊ ɹ
sekund	s e k ʊ n t
selma	s ɛ l m a
sesam	s eː s a m
sesamfræ	s eː s a m f ɾ ɛ aː
setningur	s ɛ t n ɪ ŋ k ʊ ɹ
sett	s ɛʰ tː
seyði	s ɛ iː j ɪ
seyðir	s ɛ iː j ɪ ɹ
seyður	s ɛ iː j ʊ ɹ
seðil	s eː j ɪ l
shamanur	ʃ a m a n ʊ ɹ
siga	s iː j a
sigar	s i k aː ɹ
sigarett	s i k a ɹ ɛʰ tː
sigfríður	s ɪ k f ɾ ʊ iː j ʊ ɹ
signa	s ɪ k n a
sikiloy	s iː t͡ʃ ɪ l ɔ iː j
sil	s iː l
silas	s iː l a s
sild	s ɪ l t
silki	s ɪ l̥ t͡ʃ ɪ
sink	s ɪ ŋ̊ k
sitja	s iː t͡ʃ a
siv	s iː v
sjeikur	ʃ a iː k ʊ ɹ
sjeyndi	ʃ ɛ n t ɪ
sjokuláta	ʃ oːʰ k ʊ l ɔ ɑːʰ t a
sjókort	ʃ ɔ u k ɔ ɻ̊ ʈ
sjón	ʃ ɔ uː n
sjónleikari	ʃ ɔ uː n l a i k a ɹ ɪ
sjórænari	ʃ ɔ u ɹ ɛ aː n a ɹ ɪ
sjúkrahús	ʃ ʉ uː k ɹ a h ʉ uː s
sjúkur	ʃ ʉ uː k ʊ ɹ
sjúrður	ʃ ʉ uː ɹ ʊ ɹ
skalv	s k a l v
skalvur	s k a l v ʊ ɹ
skarlak	s k a ɻ ɭ a k
skarv	s k a ɹ v
skarvs	s k a ʂː
skarð	s k ɛ aː ɹ
skaði	s k ɛ aː j ɪ
ske	s k eː
ske	ʃ eː
skegg	ʃ ɛ kː
skein	s k a iː n
skeið	s k a iː j
skel	ʃ eː l
skemt	ʃ ɛ m̥ t
skemta	ʃ ɛ m̥ t a
skemtiteknari	ʃ ɛ m̥ t ɪ tʰ ɛ k n a ɹ ɪ
skeppa	ʃ ɛʰ pː a
skerpikjøt	ʃ ɛ ɹ̥ p ɪ t ʃʰ øːʰ t
skeyt	ʃ ɛ iː t
skinfluga	ʃ ɪ n̥ f l uː a
skip	ʃ iː p
skipa	ʃ iː p a
skipari	ʃ iː p a ɹ ɪ
skittur	ʃ ɪʰ t ʊ ɹ
skjól	ʃ ɔ uː l
skjóta	ʃ ɔ uː t a
skjøldur	ʃ œ l t ʊ ɹ
skola	s k oː l a
skomm	s k ɔ mː
skorsteinur	s k ɔ ʂ s t a iː n ʊ ɹ
skotskur	s k ɔ s k ʊ ɹ
skriva	s k ɹ iː v a
skrá	s k ɹ ɔ aː
skrápur	s k ɹ ɔ ɑːʰ p ʊ ɹ
skurðlækni	s k uː r l aʰ k n ɪ
skurðmynd	s k uː r m ɪ n t
skyr	ʃ iː ɹ
skák	s k ɔ ɑːʰ k
skál	s k ɔ ɑː l
skála	s k ɔ ɑː l a
skómakari	s k ɔ uː m ɛ aːʰ k a ɹ ɪ
skósmiður	s k ɔ uː s m iː j ʊ ɹ
skóti	s k ɔ uː t ɪ
skøta	s k øːʰ t a
skúgvur	s k ɪ k v ʊ ɹ
skúm	s k ʉ uː m
skúvoy	s k ʉ uː v ɪ
skúvoyingur	s k ʉ uː v ɪ ŋ k ʊ ɹ
slag	s l ɛ aː
slektbólkur	s l ɛʰ k t p œ l̥ k ʊ ɹ
slips	s l ɪʰ p s
slovenia	s l o v eː n i a
slættur	s l aʰ tː ʊ ɹ
slíkur	s l ʊ iː k ʊ ɹ
slóð	s l ɔ uː
smiðja	s m iː j a
smiður	s m iː j ʊ ɹ
smyril	s m iː ɹ ɪ l
smyrsl	s m ɪ ɻ̊ ʂ ɭ
smáokn	s m ɔ ɑː ɔʰ k n
smør	s m øː ɹ
snið	s n iː j
snjósólja	s n j ɔ uː s œ l j a
so	s oː
sonardóttir	s oː n a ɹ t œʰ tː ɪ ɹ
song	s ɔ ŋ k
soppur	s ɔʰ pː ʊ ɹ
sorg	s ɔ ɹ k
sorgarboð	s ɔ ɹ ɡ a ɹ p oː
soviposi	s oː v ɪ pʰ oː s ɪ
soð	s oː
spaki	s p ɛ aːʰ t͡ʃ ɪ
spakur	s p ɛ aːʰ k ʊ ɹ
spann	s p a nː
spark	s p a ɹ̥ k
spaði	s p ɛ aː j ɪ
speki	s p eːʰ t͡ʃ ɪ
spell	s p ɛ t l
spennandi	s p ɛ nː a n t ɪ
spermur	s p ɛ ɹ m ʊ ɹ
spik	s p iː k
spin	s p iː n
spina	s p iː n a
spini	s p iː n ɪ
sprákari	s p ɹ ɔ ɑːʰ k a ɹ ɪ
spurning	s p ʊ ɹ n i ŋ k
spurningur	s p ʊ ɹ n i ŋ k ʊ ɹ
spurt	s p ʊ ɻ̊ ʈ
spurvur	s p ʊ ɹ v ʊ ɹ
spyrja	s p ɪ ɹ j a
spyrji	s p ɪ ɹ j ɪ
spyrjið	s p ɪ ɹ j ɪ
spæl	s p ɛ aː l
spæta	s p ɛ aːʰ t a
spógvi	s p ɛ k v ɪ
spøk	s p øːʰ k
standa	s t a n t a
standmynd	s t a n t m ɪ n t
stari	s t ɛ aː ɹ ɪ
starv	s t a r v
stavur	s t ɛ aː v ʊ ɹ
stað	s t ɛ aː
staður	s t ɛ aː v ʊ ɹ
steikja	s t a iː t͡ʃ a
steinbítur	s t a iː n p ʊ iː t ʊ ɹ
steðgur	s t ɛ kː ʊ ɹ
stig	s t iː j
stigbending	s t iː p ɛ n t ɪ ŋ k
stikkari	s t ɪʰ kː a ɹ ɪ
stjóri	s t j ɔ uː ɹ ɪ
stjóri	ʃ ɔ uː ɹ ɪ
stjørnufrøði	ʃ œ t n ʊ f r øː j ɪ
stokkhólmur	s t ɔʰ k h œ l m ʊ ɹ
storkur	s t ɔ ɹ̥ k ʊ ɹ
stova	s t ɔː v a
streymur	s t ɹ ɛ iː j m ʊ ɹ
strond	s t r ɔ n t
strongur	s t ɹ ɔ ŋ k ʊ ɹ
strutsur	s t ɹ ʊ sː ʊ ɹ
strutsur	s t ɹ ʊ t s ʊ ɹ
stubbi	s t ʊ pː ɪ
studentur	s t u t ɛ n̥ t ʊ ɹ
stuðul	s t uː w ʊ l
styrki	s t ɪ ɻ̊ t͡ʃ ɪ
stá	s t ɔ ɑː
stór	s t ɔ uː ɹ
stóra	s t ɔ uː ɹ a
stóru	s t ɔ uː ɹ ʊ
stórum	s t ɔ uː ɹ ʊ n
stórur	s t ɔ uː ɹ ʊ ɹ
stødd	s t œ tː
støddfrøði	s t œ tː f ɹ øː j ɪ
størstur	s t œ s t ʊ ɹ
støð	s t øː
støða	s t øː v a
stýrimaður	s t ʊ iː j ɹ ɪ m ɛ aː v ʊ ɹ
stýrivolt	s t ʊ i ɹ ɪ v ɔ l̥ t
sukur	s uː k ʊ ɹ
sum	s ʊ mː
suni	s uː n ɪ
sunniva	s ʊ nː ɪ v a
suðuroyingur	s uː ɹ ɪ ŋ k ʊ ɹ
svangur	s v ɛ ŋ k ʊ ɹ
svanur	s v ɛ aː n ʊ ɹ
svar	s v ɛ aː ɹ
sveinur	s v a iː n ʊ ɹ
sveisari	s v a i s a r ɪ
sverri	s v ɛ ɹː ɪ
svimjibuksur	s v i m j ɪ p ʊ k s ʊ ɹ
svimjibúni	s v ɪ m j ɪ p ʉ uː n ɪ
svá	s v ɔ ɑː
sváva	s v ɔ ɑː v a
svíma	s v ʊ iː m a
svín	s v ʊ i n
svínoy	s v ʊ iː n ɪ
svínoyingur	s v ʊ i n ɪ ŋ k ʊ ɹ
svølgja	s v œ l t͡ʃ a
svølta	s v œ l̥ t a
svøppur	s v œʰ pː ʊ ɹ
svørð	s v øː ɹ
svøvnur	s v œ v n ʊ ɹ
systir	s ɪ s t ɪ ɹ
systkin	s ɪ s t͡ʃʰ ɪ n
sá	s ɔ ɑː
sáa	s ɔː a
sálarfrøði	s ɔ aː l a ɹ f ɹ øː j ɪ
sálarmessa	s ɔ aː l a ɹ m ɛ sː a
sálmur	s ɔ l m ʊ r
sálva	s ɔ l v a
sámal	s ɔ aː m a l
sámi	s ɔ ɑː m ɪ
sápa	s ɔ ɑːʰ p a
sár	s ɔ aː ɹ
sára	s ɔ ɑː ɹ a
sáta	s ɔ ɑːʰ t a
sátan	s ɔ ɑːʰ t a n
sátt	s ɔʰ tː
sáð	s ɔ ɑː
sæbjørn	s ɛ aː p j œ t n
sætt	s aʰ tː
sæð	s ɛ aː
síga	s ʊ iː j a
síl	s ʊ iː l
síða	s ʊ iː j a
sós	s ɔ uː s
sótt	s œʰ tː
søldfirðingur	s œ l̥ f ɪ ɹ ɪ ŋ k ʊ ɹ
søtt	s œʰ tː
søtum	s øːʰ t ʊ n
sú	s ʉ uː
súkkla	s ʏʰ kː l a
súla	s ʉ uː l a
súltutoy	s ʏ l̥ t ʊ tʰ ɔ iː
súm	s ʉ uː n
súnni	s ʏ nː ɪ
súpa	s ʉ uː p a
súpanarskeið	s ʉ uː p a n a ɹ s k a iː j
súrum	s ʉ uː r ʊ n
sýning	s ʊ iː n ɪ ŋ k
sýra	s ʊ iː ɹ a
sýria	s ʊ iː ɹ i j a
t	tʰ
tailand	tʰ a iː l a n t
taivan	tʰ a iː v a n
tak	tʰ ɛ aːʰ k
taka	tʰ ɛ aːʰ k a
takksamur	tʰ aʰ kː s ɛ aː m ʊ ɹ
tal	tʰ ɛ aː l
tala	tʰ ɛ aː l a
talorð	tʰ ɛ aː l oː ɹ
talsmaður	tʰ a l s m ɛ aː v ʊ ɹ
talv	tʰ a l v
talvfólk	tʰ a l f œ l̥ k
tamarhald	tʰ ɛ aː m a ɹ h a l t
tamur	tʰ ɛ aː m ʊ ɹ
tanki	tʰ ɛ ɲ̊ t ʃ ɪ
tannlækni	tʰ a nː l aʰ k n ɪ
tari	tʰ ɛ aː ɹ ɪ
tarmur	tʰ a ɹ m ʊ ɹ
taska	tʰ a s k a
te	tʰ eː
teg	tʰ eː
teir	tʰ a iː ɹ
teisti	tʰ a iː s t ɪ
teitur	tʰ a iː t ʊ ɹ
tekk	tʰ ɛʰ kː
teknari	tʰ ɛ k n a ɹ ɪ
teldubræv	tʰ ɛ l t ʊ p ɹ ɛ aː v
teldupostur	tʰ ɛ l t ʊ pʰ ɔ s t ʊ ɹ
telduspæl	tʰ ɛ l t ʊ s p ɛ aː l
telefon	tʰ e l e f oː n
tema	tʰ eː m a
teppi	tʰ ɛʰ pː ɪ
terna	tʰ ɛ t n a
terna	tʰ ɛ ɻ ɳ a
teskeið	tʰ eː s k a iː j
tiga	tʰ iː j a
tign	tʰ ɪ k n
til	tʰ iː l
tiltak	t iː l̥ tʱ ɛ aːʰ k
timbur	tʰ ɪ m p ʊ ɹ
tin	tʰ iː n
tingfundur	tʰ ɪ ŋ k f ʊ n t ʊ ɹ
tit	t iː t
tjald	t ʃʰ a l t
tjaldur	t͡ʃʰ a l t ʊ ɹ
tjaldursegg	t ʃʰ a l t ʊ ɹ s ɛ kː
tjatsi	cʰ aʰ t s ɪ
tjatsi	t͡ʃʰ aʰ t s ɪ
tjeg	tʰʲ eː
tjóðbúni	t ʃʰ ɔ uː w p ʉ uː n ɪ
tjóðhátíð	t ʃʰ ɔ uː w h ɔ ɑː tʰ ʊ iː j
tjóðveldi	t͡ʃʰ ɔ uː v ɛ l t ɪ
tjóðverji	t ʃʰ ɔ uː w v ɛ ɹ j ɪ
tjøra	tʲʰ øː ɹ a
tjøra	t͡ʃʰ øː ɹ a
tjørn	cʰ œ t n
tjørn	t͡ʃʰ œ t n
tjørnuvíkingur	t ʃʰ œ t n u v ɪ ʃ ɪ n k ʊ ɹ
tjúkkur	t͡ʃʰ ʏʰ kː ʊ ɹ
toft	tʰ ɔ f t
tog	tʰ oː
toka	tʰ oːʰ k a
tol	tʰ oː l
tollaksmessa	tʰ ɔ t l a k s m ɛ sː a
tollur	tʰ ɔ t l ʊ ɹ
tomat	tʰ o m aːʰ t
tonga	tʰ ɔ ŋ k a
tonn	tʰ ɔ nː
tora	tʰ oː ɹ a
torbergur	tʰ ɔ ɹ p ɛ ɹ k ʊ ɹ
torg	tʰ ɔ ɹ k
torkil	tʰ ɔ ɹ̥ t ʃ ɪ l
torleiki	tʰ ɔ ɹ l a iː t͡ʃ ɪ
torleivur	tʰ ɔ ɹ l a iː v ʊ ɹ
torn	tʰ ɔ ɻ ɳ
torpur	tʰ ɔ ɹ̥ p ʊ ɹ
torv	tʰ ɔ ɹ v
toskur	tʰ ɔ s k ʊ ɹ
tosta	tʰ ɔ s t a
tosti	tʰ ɔ s t ɪ
toy	tʰ œ iː
toy	tʰ ɔ iː
traðk	tʰ ɹ aʰ kː
trompet	tʰ ɹ ɔ m pʰ eː t
trupul	t ɹ uː p ʊ l
trygging	tʰ ɹ ɪ t͡ʃː ɪ ŋ k
tryggingarfelag	tʰ ɹ ɪ t͡ʃː ɪ ŋ k a ɹ f eː l a
tráður	t ɹ ɔ ɑː v ʊ ɹ
trælur	tʰ ɹ ɛ aː l ʊ ɹ
trøll	tʰ ɹ œ t l
trøstur	t ɹ œ s t ʊ ɹ
trúbót	tʰ ɹ ʉ uː w p ɔ uː t
trúgv	tʰ ɹ ɪ k v
trúgva	t ɹ ɪ k v a
trý	t ɾ ʊ iː
trýggj	t ɾ ʊ i t͡ʃː
trýsta	t ɾ ʊ iː ʃ t a
tummasmessa	tʰ ʊ mː a s m ɛ sː a
tummi	tʰ ʊ mː ɪ
tunga	tʰ ʊ ŋ k a
tunna	tʰ ʊ nː a
tunnil	tʰ ʊ nː ɪ l
turkmenistan	tʰ ʊ ɹ̥ k m eː n ɪ s t a n
turriklæði	tʰ ʊ ɹː ɪ k l ɛ aː j ɪ
tvinnur	tʰ v ɪ t n ʊ ɹ
tvint	tʰ v ɪ n̥ t
tvist	t v ɪ s t
tváa	tʰ v ɔː a
tvætl	tʰ v aʰ t l
tvørsøgn	t v œ ʂː œ k n
tyngdarkraft	tʰ ɪ ŋ k t a ɹ k ɹ a f t
tyrla	tʰ ɪ ɻ ɭ a
tá	tʰ ɔ ɑː
táttur	tʰ ɔʰ tː ʊ ɹ
tænari	tʰ ɛ a n a ɹ ɪ
tænasta	tʰ ɛ a n a s t a
tær	tʰ ɛ aː ɹ
tættur	tʰ aʰ tː ʊ ɹ
tík	tʰ ʊ iː j k
tíðindablað	tʰ ʊ iː j ɪ n t a p l ɛ aː
tíðindamaður	tʰ ʊ iː j ɪ n t a m ɛ aː v ʊ ɹ
tíðindi	tʰ ʊ iː j ɪ n t ɪ
tó	tʰ o uː
tól	tʰ ɔ uː l
tóm	tʰ ɔ uː m
tóm	tʰ ɔ uː n
tómur	tʰ ɔ uː m ʊ ɹ
tóna	tʰ ɔ u n a
tónleikari	tʰ ɔ uː n l a i k a ɹ ɪ
tónleikur	tʰ ɔ uː n l a iː j k ʊ ɹ
tóra	tʰ ɔ uː ɹ a
tórur	tʰ ɔ uː ɹ ʊ ɹ
tórður	tʰ ɔ uː ɹ ʊ ɹ
tøka	tʰ øːʰ k a
tøkk	tʰ œʰ kː
tøknifrøði	tʰ œʰ k n ɪ f r øː j ɪ
tørva	tʰ œ ɹ v a
tøva	tʰ øː v a
túgva	t ɪ k v a
tún	tʰ ʉ uː n
týdningarmikil	tʰ ʊ i t n ɪ ŋ k a ɹ m iː t͡ʃ ɪ l
týrur	tʰ ʊ iː j ɹ ʊ ɹ
týð	tʰ ʊ iː
týðari	tʰ ʊ iː j a ɹ ɪ
týðing	tʰ ʊ iː j ɪ ŋ k
u	uː
ugla	ʊ k l a
ulka	ʊ l̥ k a
ull	ʊ t l
um	ʊ mː
umseting	ʊ m s eː t ɪ ŋ k
umskera	ʊ m ʃ eː ɹ a
umstøður	ʊ m s t øː v ʊ ɹ
umsókn	ʊ m s œʰ k n
undirfylki	ʊ n t ɪ ɹ f ɪ l̥ t͡ʃ ɪ
undirhópur	ʊ n t ɪ ɹ h ɔ uː p ʊ ɹ
undirslag	ʊ n t ɪ ɹ s l ɛ aː
undirslektbólkur	ʊ n t ɪ ɹ s l ɛʰ k t p œ l̥ k ʊ ɹ
undirtøka	ʊ n t ɪ ɹ tʰ øːʰ k a
undirætt	ʊ n t ɪ ɹ aʰ tː
undur	ʊ n t ʊ ɹ
ungari	ʊ ŋ k a ɹ ɪ
ungarn	ʊ ŋ k a ɻ ɳ
ungarskur	ʊ ŋ k a ʂ k ʊ ɹ
ungi	ʊ ɲ t͡ʃ ɪ
unnur	ʊ nː ʊ ɹ
upphædd	ʊʰ pː h a tː
upplýsing	ʊʰ p l ʊ iː j s i ŋ k
ur	uː ɹ
urt	ʊ ɻ̊ ʈ
urð	uː ɹ
urða	uː ɹ a
v	v
vakna	v aʰ k n a
vakt	v aʰ k t
valborgarmessa	v a l p ɔ ɹ k a ɹ m ɛ sː a
valdmikil	v a ɬ m iː t͡ʃ ɪ l
valkyrja	v a l t ʃʰ ɪ r j a
valkyrja	v a ɬ t ʃ ɪ ɹ j a
valnøt	v a l n øːʰ t
valur	v ɛ aː l ʊ ɹ
vandi	v a n t ɪ
vanuatu	v a n u ɑː t u
var	v ɛ aː ɹ
varð	v ɛ aː ɹ
varði	v ɛ aː ɹ ɪ
varúlvur	v ɛ aː ɹ ʏ l v ʊ ɹ
vaskarí	v a s k a ɹ ʊ iː j
vatn	v aʰ t n
vatnaoknagras	v aʰ t n a ɔʰ k n a k r ɛ aː s
vavv	v a vː
vaðmal	v a mː a l
ve	v eː
veggur	v ɛ kː ʊ ɹ
vegur	v eː v ʊ ɹ
veikur	v a i k ʊ r
veit	v a iː t
veitsla	v a iː ʃ l a
vellingur	v ɛ t l ɪ ŋ k ʊ ɹ
venjing	v ɛ n j ɪ ŋ k
venjingardystur	v ɛ n j ɪ ŋ k a ɹ t ɪ s t ʊ ɹ
ver	v eː ɹ
verji	v ɛ ɹ j ɪ
verk	v ɛ ɹ̥ k
verkstaður	v ɛ ɹ̥ k s t ɛ aː v ʊ ɹ
verkur	v ɛ ɹ̥ k ʊ ɹ
verkætlan	v ɛ ɹ̥ k aʰ t l a n
verpa	v ɛ ɹ̥ p a
vertur	v ɛ ɹ̥ ʈ ʊ ɹ
veruleiki	v eː ɹ ʊ l a iː t ʃ ɪ
verð	v eː ɹ
verða	v eː ɹ a
verður	v eː ɹ ʊ ɹ
vesi	v eː s ɪ
vestfall	v ɛ s t f a t l
vetrarblóma	v eː t ɹ a ɹ p l ɔ uː m a
vetrarbreyt	v eːʰ t ɹ a ɹ p ɾ ɛ iː t
vetrarnátt	v eː t ɹ a ɹ n ɔʰ tː
vetrartíð	v eː t ɹ a ɹ tʰ ʊ iː j
vetur	v eːʰ t ʊ r
vevur	v eː v ʊ ɹ
veðrakjøt	v ɛ k ɹ a t ʃʰ øːʰ t
veðrur	v ɛ k ɹ ʊ ɹ
veður	v eː v ʊ ɹ
veðurfrøði	v eː v ʊ r f r øː j ɪ
veðurvánir	v eː v ʊ ɹ v ɔ ɑː n ɪ ɹ
vik	v iː k
vika	v iː k a
vikuskifti	v iː k ʊ ʃ ɪ f t ɪ
villur	v ɪ t l ʊ ɹ
vinalag	v iː n a l ɛ a
vindeyga	v ɪ n t ɛ iː j a
vindil	v ɪ n t ɪ l
vindstyrki	v ɪ n s t ʏ ɻ̥ ʈ͡ʂ ɪ
vindur	v ɪ n t ʊ ɹ
vingul	v ɪ ŋ k ʊ l
vinstur	v ɪ n̥ s t ʊ ɹ
vinur	v iː n ʊ ɹ
virki	v ɪ ɹ̥ t͡ʃ ɪ
visundur	v i s ʊ n t ʊ ɹ
vitja	v iː t͡ʃ a
vitur	v iː t ʊ ɹ
viðfang	v ɪ fː ɛ ŋ k
viðføri	v i fː øː ɹ ɪ
viðgerð	v i t͡ʃː eː ɹ
viðoyingur	v iː j ɪ ŋ k ʊ ɹ
viðtøka	v ɪ tː øː k a
viður	v iː j ʊ ɹ
vjetnam	v j ɛʰ t n a m
vokk	v ɔʰ kː
volapúkk	v oː l a pʰ ʏʰ kː
volga	v ɔ l k a
volt	v ɔ l̥ t
vomb	v ɔ m p
vongur	v ɔ ŋ k ʊ ɹ
vuvusela	v u v u s eː l a
vágur	v ɔ ɑː v ʊ ɹ
vákn	v ɔʰ k n
vápn	v ɔʰ p n
vár	v ɔ aː ɹ
vára	v ɔ aː ɹ a
váttur	v ɔʰ tː ʊ ɹ
váð	v ɔ ɑː
væl	v ɛ aː l
vær	v ɛ aː ɹ
væringi	v ɛ aː ɹ ɪ ɲ t͡ʃ ɪ
víggj	v ʊ j t͡ʃː
víkingaøld	v ʊ iː t ʃ ɪ ŋ k a œ l t
vín	v ʊ iː n
vínber	v ʊ i n p e ɛː ɹ
vív	v ʊ iː v
vón	v ɔ uː n
vøddi	v œ tː ɪ
vøka	v øːʰ k a
vøkstur	v œ k s t ʊ ɹ
vøllur	v œ t l ʊ ɹ
vørður	v øː ɹ ʊ ɹ
y	iː
ymisleiki	iː m ɪ s l a iː t͡ʃ ɪ
ymissur	iː m ɪ s
yngd	ɪ ŋ k t
yngri	ɪ ŋ k ɾ ɪ
yrking	ɪ ɹ̥ t ʃ ɪ ŋ k
yrkjari	ɪ ɹ̥ t ʃ a ɹ ɪ
ysta	ɪ s t a
ytstur	ɪ k s t ʊ ɹ
ytstur	ɪ s t ʊ ɹ
yvirhópur	iː v ɪ ɹ h ɔ uː p ʊ ɹ
yvirlit	iː v ɪ ɹ l iː t
yvirætt	iː v ɪ ɹ aʰ tː
á	ɔ ɑː
áarfossur	ɔː a ɹ f ɔ sː ʊ ɹ
áki	ɔ ɑːʰ t͡ʃ ɪ
álvaratos	ɔ l v a r a tʰ oː s
álvheiður	ɔ l v h a iː j ʊ ɹ
álvur	ɔ l v ʊ ɹ
árarnar	ɔ aː ɹ a ɹ n a ɹ
ári	ɔ ɑː ɹ ɪ
árið	ɔ ɑː ɹ ɪ
árnafjørður	ɔ t n a f j øː ɹ ʊ ɹ
árnfirðingur	ɔ n̥ f ɪ ɹ ɪ ŋ ɡ ʊ ɹ
árni	ɔ d n ɪ
árstíð	ɔ ʂː tʰ ʊ iː j
ása	ɔ ɑː s a
ásbjørn	ɔ s p j œ t n
ásmundur	ɔ s m ʊ n t ʊ ɹ
ást	ɔ s t
ásur	ɔ ɑː s ʊ ɹ
átjan	ɔ aːʰ t͡ʃ a n
áttu	ɔʰ tː ʊ
æ	ɛ a
ægir	ɛ aː j ɪ r
æla	ɛ aː l a
ær	ɛ aː ɹ
ærgi	a ɹ t͡ʃ ɪ
ærgið	a ɹ t͡ʃ ɪ
æsa	ɛ aː s a
ætt	aʰ tː
ætta	aʰ tː a
ættir	aʰ tː ɪ ɹ
ættum	aʰ tː ʊ n
ævi	ɛ aː v ɪ
æður	eː ʊ ɹ
í	ʊ iː
íbúgvi	ʊ i p ɪ k v ɪ
íggj	ʊ i t͡ʃː
íkorni	ʊ iː k ɔ t n ɪ
ílatog	ʊ iː l a t oː
íri	ʊ iː ɹ ɪ
ísa	ʊ iː s a
íslendingur	ʊ i ʃ l ɛ n t ɪ ŋ k ʊ ɹ
ísur	ʊ iː s ʊ ɹ
ítrótt	ʊ i t ɹ œ tː
ítróttur	ʊ i t ɹ œʰ tː ʊ ɹ
ó	ɔ uː
ólavur	ɔ uː l a v ʊ ɹ
ólukka	ɔ uː l ʊʰ kː a
óluva	ɔ uː l ʊ v a
ósigur	ɔ uː s iː j ʊ ɹ
ótálmaður	œ uː t ɔ l m a v ʊ ɹ̥
óðin	ɔ uː w ɪ n
ø	øː
øki	øːʰ t ʃ ɪ
økismenning	øːʰ t ʃ ɪ s m ɛ nː ɪ ŋ k
økja	øːʰ t ʃ a
ørmum	œ ɹ m ʊ n
ørn	œ ɻ ɳ
ørur	øː ɹ ʊ ɹ
ørðugur	øː ɹ u v ʊ ɹ
øska	œ s k a
øssur	œ sː ʊ ɹ
øvundsjúkur	øː v ʊ n ʃ ʉ uː k ʊ ɹ
øða	øː a
øða	øː v a
øðrum	øː ɹ ʊ n
øðuskel	øː v ʊ ʃ eː l
ú	ʉ uː
úlvur	ʏ l v ʊ ɹ
ý	ʊ iː
ýa	ʊ iː j a
ýla	ʊ iː l a
ýr	ʊ iː j ɹ
