abevile	a b ə v i l ə
able	a b l ə
abregier	a b r ə d ʒ j eː r
abscondre	a p s k u n d r ə
acater	a k a t eː r
achater	a t ʃ a t eː r
acheter	a t ʃ ə t eː r
acoil	a k ɔ ʎ
aconter	a k u n t eː r
acort	a k ɔ r t
acroistre	a k r o i̯ s t r ə
acueil	a k u͡ɛ ʎ
affrike	a f r i k ə
affrique	a f r i k ə
agenoillier	a d ʒ ə n u ʎ eː r
aguisier	a ɡ y i̯ z j eː r
aide	a i̯ d ə
aide	ɛ d ə
aidier	a i̯ d j eː r
aidier	ɛ d j eː r
aignel	a ɲ ɛ l
aigre	a i̯ ɡ r ə
aigre	ɛ ɡ r ə
ainz	a i̯ n t s
aiudha	a j y ð ə
aiue	a j y ə
alemaigne	a l ə m a ɲ ə
alemant	a l ə m a n t
alkimie	a l k i m j ə
almosne	a l m ɔ s n ə
als	a l s
amant	a m a n t
ancessor	a n t s ə s oː r
ancestre	a n t s ɛ s t r ə
ancien	a n s j eː n
ancien	a n t͡s j eː n
andeus	a n d e u̯ s
andous	a n d o u̯ s
andui	a n d y i̯
anglois	a n ɡ l o i̯ s
anglois	a n ɡ l o̯ e s
angoissier	a n ɡ o i̯ s j eː r
angoissier	a n ɡ o̯ e s j eː r
aost	a u s t
aost	a uː t
aprandre	a p r a n d r ə
aprendre	a p r a n d r ə
aprendre	a p r e n d r ə
aprés	a p r ɛ s
argent	a r d ʒ e n t
argent	a r ʒ a n t
armeüre	a r m ə y r ə
asembler	a s a m b l eː r
asembler	a s e m b l eː r
asez	a s eː s
asez	a s eː t s
asseoir	a s ə o i̯ r
aux	a u̯ s
avancement	a v a n s ə m a n t
avancement	a v a n t s ə m e n t
aveir	a v e i̯ r
avoir	a v o i̯ r
aé	a eː
bacheler	b a t ʃ ə l eː r
beaus	b e̯ a w s
bel	b ɛ l
berser	b e r s eː r
bien	b i͡ɛ n
bientost	b j e n t ɔ s t
blanc	b l a n k
blunt	b l u n t
boche	b u t ʃ ə
boche	b u ʃ ə
boiel	b o i̯ j ɛ l
bon	b u n
bone	b u n ə
borgeis	b u r d ʒ e i̯ s
branche	b r a n t ʃ ə
brandan	b r a n d a n
brun	b r y n
buen	b u͡ɛ n
cadeir	k a ð e i̯ r
cadhuna	k a ð u n ə
camp	k a m p
carpel	k a r p ɛ l
casse	k a ʃ ə
castel	k a s t ɛ l
catre	k a t r ə
ceinture	t s e i̯ n t y r ə
cemin	k ə m i n
cent	t s a n t
cent	t s e n t
cerchier	t s e r t ʃ j eː r
cercle	t s e r k l ə
cerise	t s ə r i z ə
cerveise	t s ə r v e i̯ z ə
cervoise	t s ə r v o i̯ z ə
chace	t ʃ a t s ə
chadeir	t ʃ a ð e i̯ r
chaloir	t ʃ a l o i̯ r
chalt	t ʃ a l t
champ	t ʃ a m p
chance	t ʃ a n t s ə
change	t͡ʃ a n d͡ʒ ə
chanp	t ʃ a m p
chant	t ʃ a n t
chant	ʃ a n t
chantant	t ʃ a n t a n t
chançon	t ʃ ã n t s õ n
chapele	t ʃ a p ɛ l ə
chapele	ʃ a p ɛ l ə
char	t ʃ a r
charles	t͡ʃ a r l ə s
chasse	t ʃ a s ə
chastel	t ʃ a s t ɛ l
chauce	t ʃ a u̯ t s ə
chaucier	t͡ʃ a u̯ t͡s j eː r
chaut	t ʃ a u̯ t
chemin	t ʃ ə m i n
cheoir	t ʃ ə o i̯ r
chevaus	t ʃ ə v a u̯ s
chief	t ʃ j eː f
chien	t ʃ j eː n
chois	t ʃ o i̯ s
chose	t ʃ o z ə
ciel	t s i͡ɛ l
cinc	t s i n k
cinquante	s i n k a n t ə
cinquante	t s i n k a n t ə
citeien	t s i t e i̯ j e n
citet	t s i t eː θ
cler	k l eː r
codoin	k u ð u i̯ ɲ
coille	k u ʎ ə
col	k ɔ l
comencement	k u m a n s ə m a n t
comencement	k u m e n t s ə m e n t
comencier	k u m a n t s j eː r
comencier	k u m e n t s j eː r
compaignon	k u m p a ɲ u n
compaing	k u m p a i̯ ɲ
contre	k u n t r ə
contree	k u n t r eː ə
cope	k u p ə
cor	k ɔ r
cort	k u r t
corteis	k u r t e i̯ s
cosdre	k u z d r ə
cose	k ɔ z ə
coste	k ɔ s t ə
costet	k u s t eː θ
coup	k ɔ u̯ p
credance	k r e ð a n t s ə
croste	k r u s t ə
cuens	k u͡ɛ n s
cuer	k u ɛ̯ r
dame	d a m ə
dampner	d a m p n e r
dangier	d a n d ʒ j eː r
deable	d e a b l ə
deffendre	d e f a n d r ə
deffendre	d e f e n d r ə
demain	d ə m a i̯ n
dent	d a n t
dent	d e n t
descendre	d e s t͡s a n d r ə
descendre	d e s t͡s e n d r ə
desçandre	d e s t͡s a n d r ə
dete	d e t ə
deus	d e u̯ s
dis	d i s
don	d u n
donkes	d u n k ə s
doze	d u d͡z ə
dreit	d r e i̯ t
droit	d r o i̯ t
droit	d r o̯ e t
duel	d u͡ɛ l
duit	d y i̯ t
dun	d u n
embaudir	a m b a u̯ d i r
empire	a m p i r ə
empire	e m p i r ə
en	e n
encombrer	e n k u m b r eː r
encontrer	e n k u n t r eː r
endurer	e n d y r eː r
enfant	a n f a n t
enfant	e n f a n t
enfes	a n f ə s
enfes	e n f ə s
engignement	a n ʒ i ɲ ə m a n t
engignement	e n d ʒ i ɲ ə m e n t
engleis	e n ɡ l e i̯ s
enoindre	e n u i̯ n d r ə
ensemble	a n s a m b l ə
ensemble	e n s e m b l ə
entendre	e n t e n d r ə
envair	e n v a i r
erbe	ɛ r b ə
escheoir	e s t͡ʃ ə o i̯ r
escuier	e s k y i̯ j eː r
eskoltet	ɛ s k o l t ə θ
espoire	e s p o i̯ r ə
estage	e s t a d͡ʒ ə
estanc	e s t a n k
estandart	e s t a n d a r t
estat	e s t a t
esteindre	e s t e i̯ n d r ə
ester	e s t eː r
estiene	e s t i͡ɛ n ə
estoile	e s t o i̯ l ə
estre	ɛ s t r ə
et	e
fame	f a m ə
fantasie	f a n t a s j ə
fedeil	f ə ð e i̯ l
feme	f e m ə
fil	f i l
fille	f i ʎ ə
fillolage	f i ʎ ɔ l a d͡ʒ ə
filz	f i ʎ t͡s
fiz	f i t s
flanc	f l a n k
flor	f l u r
fluive	f l u i̯ v ə
fol	f ɔ l
force	f ɔ r s ə
force	f ɔ r t s ə
forgier	f u r d͡ʒ j eː r
fort	f ɔ r t
franc	f r a n k
france	f r a n t͡s ə
franceis	f r a n t͡s e i̯ s
françois	f r a n t͡s o i̯ s
fruit	f r y i̯ t
gaaing	ɡ a a i̯ ɲ
gaiant	d ʒ a i̯ a n t
galois	ɡ a l o i̯ s
gambe	ɡ a m b ə
ganbe	ɡ a m b ə
genoil	d ʒ ə n u i̯ l
gent	d ʒ a n t
gent	d ʒ e n t
gent	ʒ a n t
giu	d͡ʒ i u̯
giu	d͡ʒ i w
glore	ɡ l ɔ r ə
gote	ɡ u t ə
grezois	ɡ r ə z o i̯ s
gris	ɡ r i s
guarde	ɡ w a r d ə
guerre	ɡ w ɛ r r ə
haine	h a i n ə
haine	h a i̯ n ə
halt	h a l t
hardi	h a r d i
harpe	h a r p ə
haut	h a u̯ t
henri	h a n r i
henri	h e n r i
home	u m ə
honte	h u n t ə
hoste	ɔ s t ə
hu	h y
ialz	j a l t͡s
imaginer	i m a d͡ʒ i n eː r
jaiant	d ʒ a i̯ a n t
jambe	d ʒ a m b ə
jambe	ʒ a m b ə
jaune	d͡ʒ a u̯ n ə
jazerant	d ʒ a z ə r a n t
jehan	d ʒ ə a n
jehan	ʒ ə a n
jeun	d ʒ ə y n
jeuner	d ʒ ə y n eː r
jhesu	d ʒ ə z y
juene	d ʒ u͡ɛ n ə
juignet	d ʒ y i̯ ɲ ɛ t
juiu	d͡ʒ y i w
ladre	l a d r ə
language	l a n ɡ a ʒ ə
language	l a n ɡʷ a d ʒ ə
le	l ə
legier	l e d ʒ j eː r
leçon	l ə t͡s u n
li	l i
lit	l i t
loial	l o i̯ j a l
loing	l u i̯ ɲ
manere	m a n eː r ə
mangier	m a n d ʒ j eː r
marescal	m a r e s k a l
marion	m a r i u n
masle	m a s l ə
maçon	m a t͡s u n
meillor	m e ʎ u r
menton	m e n t u n
mialz	m j a l t͡s
mieudre	m i͡ɛ u̯ d r ə
mieudres	m i͡ɛ u̯ d r ə s
mon	m u n
monde	m u n d ə
morsel	m u r s ɛ l
mort	m ɔ r t
movoir	m u v o i̯ r
musique	m y z i k ə
nacele	n a t͡s ɛ l ə
net	n e t
nevod	n ə v oː θ
niece	n i͡ɛ t s ə
noir	n o i̯ r
noise	n o i̯ z ə
noit	n u i̯ t
nonante	n o n a n t ə
nos	n u s
nostre	n ɔ s t r ə
nous	n u s
novel	n u v ɛ l
novele	n u v ɛ l ə
nuef	n u͡ɛ f
nuit	n y i̯ t
oil	u i l
oil	ɔ i̯ ʎ
oltrage	u l t r a d͡ʒ ə
oltre	u l t r ə
om	u m
or	ɔ r
orfelin	u r f ə l i n
orgoill	u r ɡ o i̯ ʎ
orine	u r i n ə
oste	ɔ s t ə
ou	u
outrecuidier	o u̯ t r ə k y i̯ d j eː r
page	p a d ʒ ə
pais	p a i s
pais	p a i̯ s
paisan	p a i z a n
pale	p a l ə
paris	p a r i s
paroisse	p a r o i̯ s ə
pas	p a s
paveillon	p a v e ʎ u n
peitiers	p e i̯ t j eː r s
peitiers	p o i̯ t j eː r s
pendre	p a n d r ə
pendre	p e n d r ə
pensee	p e n s eː ə
pié	p i͡ɛ
plein	p l e i̯ n
plor	p l u r
plovoir	p l u v o i̯ r
podeir	p u ð e i̯ r
poing	p u i̯ ɲ
poke	p ɔ k ə
pol	p ɔ l
pondre	p u n d r ə
pooir	p u o i̯ r
porc	p ɔ r k
porsuir	p u r s y i̯ r
port	p ɔ r t
porte	p ɔ r t ə
povre	p ɔ v r ə
prandre	p r a n d r ə
premier	p r ə m i͜ɛ r
prendre	p r ã n d r ə
prendre	p r ẽ n d r ə
prince	p r i n s ə
prince	p r i n t s ə
procés	p r u t͡s ɛ s
pueple	p u͡ɛ p l ə
puissant	p u i̯ s a n t
quaier	k a j eː r
quar	k a r
quarante	k a r a n t ə
quatorze	k a t ɔ r d z ə
quatorze	k a t ɔ r z ə
quatre	k a t r ə
quens	k u͡ɛ n s
qui	k i
raisin	r a i̯ z i n
regal	r e ɡ a l
regiun	r e d͡ʒ j u n
reont	r ə u n t
riant	r i a n t
rien	r i͡ɛ n
rire	r i r ə
rochelle	r u t͡ʃ ɛ l ə
roge	r u d͡ʒ ə
roi	r o i̯
roial	r o i̯ a l
romanz	r u m a n t͡s
royne	r o i̯ i n ə
royne	r o i̯ n ə
sanc	s a n k
sauce	s a u̯ t͡s ə
sauver	s a u̯ v eː r
second	s ə k u n t
seignor	s e ɲ o u̯ r
seisante	s e i̯ s a n t ə
senz	s a n t s
senz	s e n t s
set	s ɛ t
setante	s ɛ t a n t ə
sire	s i r ə
sis	s i s
soleil	s u l e ʎ
son	s u n
sospeçon	s u s p ə t͡s u n
tesme	t ɛ m ə
tiule	t i u̯ l ə
toaille	t u a ʎ ə
toile	t o i̯ l ə
toit	t o i̯ t
ton	t u n
tor	t u r
tor	t ɔ r
tost	t ɔ s t
trace	t r a t͡s ə
trebuchet	t r e b y t ʃ ɛ t
trente	t r a n t ə
trente	t r e n t ə
trois	t r o i̯ s
ueil	u͡ɛ ʎ
uevre	u͡ɛ v r ə
uit	u i̯ t
uitante	u i̯ t a n t ə
un	y n
une	y n ə
vedeir	v ə ð e i̯ r
vendenge	v a n d a n ʒ ə
vendenge	v e n d e n d ʒ ə
vent	v a n t
vent	v e n t
veoir	v ə o i̯ r
vert	v e r t
vert	v ɛ r t
vessie	v ə s i ə
victorie	v i k t ɔ r j ə
viel	v i͡ɛ ʎ
vin	v i n
vint	v i n t
vit	v i t
vois	v o i̯ s
voisin	v o i̯ z i n
voiz	v o i̯ t s
vos	v u s
vostre	v ɔ s t r ə
vous	v u s
wecle	w ɛ k l ə
ymne	i m n ə
çucre	t͡s y k r ə
