's	s̪
's	ʃ
aba	a p ə
abaich	a p ɪ ç
abhag	a f a k
abhainn	a w ɪ ɲ
acair	aˣ k ə ɾ
acras	aʰ kʰ ɾ ə s̪
adag	a t̪ a k
adha	ɤ ə
adhar	a ə ɾ
adhbhar	ɤː v ə ɾ
adhbharaich	ɤː v ə ɾ ɪ ç
adhbran	ɤː p ɾ a n
adhbrann	ɤː p ɾ ə n̪ˠ
ag	a ɡ
agair	a ɡ ɪ rʲ
agairt	a ɡ ɪ rʲ dʲ
agallamh	a k ə l̪ˠ ə v
agam	a k ə m
aghaidh	ɤː ɪ
agus	a k ə s
agus	a ɣ ə s
aibhne	a i v ɲ ɪ
aice	ɛ ç kʲ ə
aig	ɛ kʲ
aigeal	a kʲ ə l̪ˠ
aighearach	a ɪ ə r ə x
ailbhean	ɛ l̪ ɛ v a n
ailbheanan	ɛ l̪ ɛ v a n ə n
ailbhein	ɛ l̪ ɛ v ɛ ɲ
aillse	a ɪ l ʃʲ ə
ailp	a ɫ p
ailt	a l tʲ
ailtire	a ʎ tʲ ɪ ɾʲ ə
aimhreid	a i v ɾʲ ɪ tʲ
aimsir	ɛ m i ʃ ɪ ɾʲ
aimsir	ɛ m ɛ ʃ ɪ ɾʲ
ainbheach	ɛ n ɛ v ə x
aindeònach	a ɲ ɔ n ə x
aingeal	ã ĩ ŋʲ kʲ ə l̪ˠ
ainm	ɛ n ɛ m
ainmich	ɛ n ɛ m j ɪ ç
ainneamh	a n̪ˠ ə v
ainneart	a ɲ ə ɾ ʃ t̪
ainneartaich	a ɲ ə ɾ ʃ t̪ ɪ ç
aintighearna	a ɲ dʲ ɪ j ə rˠ n̪ˠ ə
aintighearnas	a ɲ dʲ ɪ j ə rˠ n̪ˠ ə s
air	ɛ rʲ
airgead	ɛ ɾʲ ɛ kʲ ə t
airidh	a rʲ ɪ
aiste	a ʃ tʲ ə
aistese	a ʃ tʲ ə ʃ ə
aitreabh	a h tʰʲ ɾʲ ə v
alba	a ɫ̪ a p ə
albannach	a l̪ˠ a p ə n̪ˠ ə x
albàinis	a ɫ̪ p ɛː n ɪ ʃ
alcol	a ɫ̪ kʰ ɔ ɫ̪
alcolach	a ɫ̪ kʰ ɔ ɫ̪
allaidh	a ɫ i
allmharach	a l̪ˠ a v ə r ə x
allt	a u ɫ̪ t
amaideach	a m a tʲ ə x
amaideachd	a m ə tʲ ə x k
an	a n
an	ə n
anabarrach	a n a p a rˠ ə x
anmhann	a n a v ə n̪ˠ
anmoch	a n a m ə x
ann	a u n̪ˠ
ann	ã ũ n̪ˠ
anna	a n̪ˠ a
annag	a n̪ˠ a k
annasach	a n̪ˠ ə s̪ ə x
anndra	ã ũ n̪ˠ t̪ ɾ ə
aodach	ɯː t̪ ə x
aodann	ɯː t̪ ə n̪ˠ
aodh	ɯː ɣ
aoghaire	ɯː ɛ ɾʲ
aoibhneas	ɤ j ɲ ə s
aoigh	ɯ iʲ
aoine	ɯː ɲ ə
aon	ɯː n
aonair	ɯ̃ː n ə ɾʲ
aonar	ɯ̃ː n ə ɾ
aontamhach	ɯː n̪ t̪ʰ ə v ə x
aontamhachd	ɯː n̪ t̪ʰ ə v ə x ɡ
aosda	ɯ s d ə
aotrom	ɯː t ɾ ə m
aotruime	ɯː t ɾ ɪ m ə
arc	a r x k
arm	a ɾ a m
asad	a s̪ ə t̪
asadsa	a s̪ ə t̪ s̪ ə
asaibh	a s̪ ə v
asaibhse	a s̪ ə v ʃ ə
asainn	a s̪ ɪ ɲ
asainne	a s̪ ɪ ɲ ə
asam	a s̪ ə m
asamsa	a s̪ ə m s̪ ə
asgaidh	a s̪ k ɪ
asta	a s̪ t̪ ə
astasan	a s̪ t ə s̪ ə n
athair	a h ə ɾʲ
bacadh	p aʰ k ə ɣ
baga	b a k ə
baile	p a l ɪ
bainne	p a ɲ ɪ
bainne	p ɔ ɲ ə
bainne	p ɛ ɲ ə
baintighearna	b a n t͡ʃ j a r n ə
baist	b a ʃ t ʃ
balach	p a l̪ˠ ə x
ball	p a u l̪ˠ
balla	p a ɫ̪ ə
banachdaichean	b a n ə x ɡ ə xʲ ə n
banail	p ɑ n ə l
bann	p a u n̪ˠ
baoghalta	b ɯː ə l t ə
baoiseachd	p ɯː ʃ a x k
baoth	p ɯː
barail	b a r a l
barra	p a rˠ ə
barraigh	p a r a j
basgaid	p a s k ɪ tʲ
bata	p aʰ t ə
bathar	b a h a r
beach	p ɛ x
beachan	p ɛ x a n
beag	p e k
beag	p i k
beagan	p e k a n
bealach	p j a ɫ̪ ə x
bealaruisis	b j a l̪ˠ ə r u ʃ ɪ ʃ
bealltainn	b̥ j a u ɫ̪ t̪ ɪ ɲ
bean	p ɛ n
beann	p j a u n̪ˠ
beartach	p j a rˠ ʃ t ə x
beatha	p ɛ h ə
beathach	p ɛ h ə x
beathag	pʲ a h a k
beathan	pʲ a h a n
beilg	ə v e l e kʲ
beinn	b e i ɲ
beinne	b e ɲ ə
beul	p i a ɫ̪
beurla	b j ɤː rˠ l̪ˠ ə
beus	p eː s
beàrn	p j aː rˠ n̪ˠ
beò	p j ɔː
bha	v a
bhean	v ɛ n
bheil	v e l̪
bhi	v i
bhiodh	v i ɣ
bhiomaid	v i m ɪ tʲ
bhith	v i h
bhitheadh	v i ə ɣ
bhitheamaid	v i ə m ɪ tʲ
bhithinn	v i h i ɲ
bhotal	v ɔ h t ə l̪ˠ
bhreab	v ɾʲ e p
bhreatainn	v ɾʲ ɛ h t̪ ɪ ɲ
bhruidhinn	v ɾ i ɪ ɲ
bhun	v u n
bhunadh	v u n ə ɣ
bi	p i
biadh	p i ə ɣ
biastag	p i ə s t a k
bidh	p i
bidse	p ɪ tʲ ə
bigein	p i kʲ ɪ ɲ
binn	p iː ɲ
bioda	b i d ə
biodh	p i ɣ
biomaid	p i m ɪ tʲ
bior	p i ɾ
bioran	p ɪ ɾ a n
bitheadh	p i ə ɣ
bitheam	p i ə m
bitheamaid	p i ə m ɪ tʲ
bitheas	p i ə s̪
bithibh	p i ɪ v
bithidh	p i h i
bithinn	p i h i ɲ
blasta	p l̪ˠ a s̪ t̪ ə
bliadhna	b l i ə n̪ˠ ə
blialam	p l i ə ɫ̪ ə m
bliochdan	p l i x k a n
blàr	b ɫ̪ aː ɾ
blàth	p l̪ˠ aː
boc	p ɔ x k
bocan	b ɔ x ɡ a n
bod	p ɔ t
bodach	p ɔ t̪ ə x
bodhaig	p o ɪ kʲ
bodhar	p o ə ɾ
bogha	p o ə
boireann	p ɔ ɾʲ ə n̪ˠ
boireannach	p ɔ ɾʲ ə n̪ˠ ə x
bonaid	p ɔ n a tʲ
bonnach	b o n ə x
borb	p ɔ r ɔ p
botal	p ɔ h t ə l̪ˠ
bothan	p ɔ h a n
bracaist	p ɾ a x k ə ʃ tʲ
bradan	p ɾ a t a n
branndaidh	p ɾ ã ũ n̪ˠ t̪ ɪ
brat	p ɾ a h t̪
bratach	p ɾ a h t̪ ə x
bratag	p r a h t a k
breab	p ɾʲ e p
breabadh	p ɾʲ e p ə ɣ
breacag	p ɾʲ ɛ x k a k
breatainn	p ɾʲ ɛ h t̪ ɪ ɲ
breisleachail	b r ɛ ʃ lʲ a x a l
briathrach	p rʲ i ə r ə x
brice	p rʲ iʰ kʰʲ ə
briogais	p ɾʲ i k ɪ ʃ
briosgaid	p ɾʲ i s k ɪ tʲ
broc	p ɾ ɔʰ k
brochan	p ɾ ɔ x a n
broilleach	p ɾ ɔ ʎ ə x
broinn	p ɾ ə i ɲ
brot	p ɾ ɔ h t̪
bruach	b ɾ u ə̯ x
bruic	p ɾ u ç kʲ
bruich	p ɾ u ç
bruidhinn	p ɾ i ɪ ɲ
bruidhnibh	p ɾ i ɲ ɪ v
bruis	p ɾ u ʃ
brà	p ɾ aː
brèagha	b rʲ i ə
brìghde	p ɾʲ iː ʝ tʲ ə
bròg	p ɾ ɔː k
brònach	p ɾ ɔː n ə x
brùid	b̥ r uː dʲ
buabhaill	p u ə ə l
buabhall	p u ə ə l̪ˠ
buadhair	p u ə ɣ ɛ ɾʲ
buaidh	p u ə j
buail	b u ɪ l
bualadh	p u ə l̪ˠ ə ɣ
buannachadh	p u ə n̪ˠ ə x ə ɣ
buannaich	p u ə n̪ˠ ɪ ç
buidhe	p u j ə
buidseachd	b u dʲ ʃ ə x ɡ
bun	p u n
bunadh	p u n ə ɣ
burras	p ʊ rˠ ə s
bus	p u s̪
bàgh	b aː ɣ
bàidh	p aː j
bàillidh	p aː ʎ i
bàirneach	p aː ɾʲ ɲ ə x
bàn	p aː n
bàrd	p aː r ʃ t̪
bàrr	p aː rˠ
bàs	p aː s̪
bàta	p aːʰ t̪ ə
bàth	p aː
bìodach	p iː t ə x
bò	p oː
bòc	p ɔː x k
bòcan	b ɔː x ɡ a n
bògas	p ɔː k ə s
bòid	b̊ ɔː d̊ʲ
bòid	p ɔː tʲ
bòidhchead	b ɔː ɪ xʲ a d
bòl	p ɔː ɫ̪
bòrd	p ɔː ɾ ʃ t̪
bòtann	p ɔː h t ə n̪ˠ
bó	p oː
bùrach	p uː r ə x
bùrn	b u r n
bùth	p uː
cabadaich	kʰ a p ə t̪ ɪ ç
cabar	kʰ a p ə ɾ
cabhag	kʰ a v a k
cabhlach	kʰ a u ɫ̪ ə x
cac	kʰ a x k
cadal	kʰ a t̪ a ɫ̪
caidil	kʰ a tʲ ɪ l
caidreach	kʰ a tʲ ɾʲ ə x
caifean	k ɛ f a n
caifein	kʰ a f ɛ ɲ
caileag	kʰ a l a k
caill	kʰ a i ʎ
cailleach	kʰ a ʎ ə x
cailleannach	kʰ a ʎ a n̪ˠ ə x
caillte	kʰ a i ʎ tʰʲ ɪ
cainnt	kʰ a i ɲ tʰʲ
cairteal	kʰ a rˠ ʃ tʲ a l
cait	kʰ ɛʰ tʲ
caitrìona	kʰ a tʲʰ ɾʲ i ə n ə
call	kʰ a u l̪ˠ
calltainn	kʰ a u ɫ̪ t̪ʰ ɪ ɲ
calman	kʰ a ɫ̪ a m a n
calpach	kʰ a l̪ˠ p ə x
cam	k aː m
cam	kʰ a u m
caman	k a m a n
campa	kʰ a u m pʰ ə
campadh	kʰ ã ũ m p ə ɣ
camshron	k a m a r ə n
cana	kʰ a n ə
cangaru	kʰ a ŋ k ə ɾ u
cangaruthan	kʰ a ŋ k ə ɾ u h ə n̪ˠ
caodachan	kʰ ɯː d ə x a n
caogad	kʰ ɯː k ə t̪
caoile	kʰ ɯː l ə
caoimhe	k ɤ i v ə
caoimhe	kʰ ɤ i v ə
caoimhneas	kʰ ɯ i v ɲ ə s̪
caoin	k ɯː n
caol	kʰ ɯː ɫ̪
caomh	kʰ ɯː v
caoraich	kʰ ɯː ɾ ɪ ç
capall	kʰ a h p ə l̪ˠ
caraich	kʰ a ɾ ɪ ç
caraid	kʰ a ɾ ɪ tʲ
caran	kʰ a ɾ a n
carbad	kʰ a ɾ ə p a t̪
cas	kʰ a s
casag	kʰ a s a k
casaid	k a s a dʲ
casan	kʰ a s̪ ə n
castan	kʰ a s̪ t̪ a n
cat	kʰ aʰ t̪
cath	k a h
cead	kʲʰ e t̪
ceangal	kʲʰ ɛ̃ ə l̪ˠ
ceann	kʲʰ a u n
ceannaich	kʰʲ a n̪ˠ ɪ ç
ceannard	kʰʲ a n̪ˠ a ɾ ʃ t̪
ceannasach	kʰʲ a n̪ˠ ə s̪ ə x
ceap	kʲʰ ɛ h p
ceapaire	kʲʰ ɛ h p ə ɾʲ ə
cearban	kʲʰ a ɾ a p a n
cearban	kʲʰ ɛ ɾ ɛ p a n
cearbanan	kʲʰ a ɾ a p a n ə n
cearbanan	kʲʰ ɛ ɾ ɛ p a n ə n
cearc	kʰʲ ɛ ɾ x k
cearclach	kʰʲ ɛ r x k l̪ˠ ə x
cearr	kʰʲ aː rˠ
ceart	kʲʰ a rˠ s t
ceart	kʲʰ a rˠ ʃ t
ceathrad	cʰ ɛ ɾ ə t̪
ceathrair	kʰʲ ɛ ɾ ə ɾʲ
ceathrar	kʰʲ ɛ ɾ ə ɾ
ceathraran	kʰʲ ɛ ɾ ə ɾ ə n
ceilteach	cʰ e l tʲ ə x
ceithir	kʲ e h ɪ rʲ
ceud	kʰʲ i a t̪
ceudamh	kʰʲ eː t̪ ə v
ceum	kʰʲ eː m
ceàrnach	kʰʲ aː rˠ n̪ˠ ə x
ceàrr	kʰʲ aː rˠ
ceò	kʰʲ ɔː
ceòl	kʲʰ ɔː ɫ̪
cha	x a
chabar	x a p ə ɾ
chaidh	x a ɪ
chaidreach	x a tʲ ɾʲ ə x
chaill	x a i ʎ
chaneil	χ a n j e l
cheana	ç ɛ n ə
cheannaich	ç a n̪ˠ ɪ ç
chiad	ç i ə̯ t̪
chian	xʲ i a n
chirce	ç i ɾ̥ c ə
cho	x ɔ
chuala	x u ə l ə
chudromach	x u t̪ r ə m ə x
chunnt	x ũː n̪ˠ t̪
chus	x u s̪
chòir	x ɔː ɾʲ
chùm	x uː m
ciad	kʲʰ i ə̯ t̪
ciall	kʰʲ i a ɫ̪
ciallach	kʰʲ i ə l̪ˠ ə x
cian	kʰʲ i a n
ciar	kʰ i a ɾ
cidsin	kʲʰ i tʲ ʃ ɪ n
cinn	kʲʰ iː ɲ
cinnte	kʰʲ ĩː ɲ tʲ ə
cinnteach	kʰʲ ĩː ɲ tʲ ə x
cionn	kʰʲ ũː n̪ˠ
cipean	kʰʲ iʰ pʰ a n
ciùil	kʰʲ uː l
ciùin	kʰʲ uː ɲ
ciùrr	kʰʲ uː rˠ
ciùrradh	kʰʲ uː rˠ ə ɣ
clach	kʰ l̪ˠ a x
clachair	kʰ l̪ˠ a x ɛ ɾʲ
cladh	kʰ l̪ˠ ɤ ɣ
cladhach	kʰ l̪ˠ ɤ ə x
claidheamh	kʰ ɫ̪ a j ə v
clann	kʰ l̪ˠ a u n̪ˠ
cleachd	kʰ l ɛ x k
cleachdadh	kʰ l ɛ x k ə ɣ
cleasaiche	kʰ l e s̪ ɪ ç ə
cliabh	k l i ə v
cliath	k l i ə
cliùiteach	kʰ l uː h tʲ ə x
cluich	kʰ l̪ˠ ɪ ç
cluicheadair	kʰ l̪ˠ u ç ə t ɛ rʲ
cluinneadh	k ɫ̪ ɯ ɲ ə ɣ
cluinntinn	kʰ l̪ˠ ɯ̃ ĩ ɲ tʲ ɪ ɲ
clàrsair	kʰ l aː ɻ ʂ ɛ ɾʲ
cnatan	kʰ ɾ ã h t a n
cneap	k r ɛʰ p
cneasda	kʰʲ rʲ e s̪ t̪ ə
cneasta	k rʲ e s̪ t̪ ə
cnoc	kʰ ɾ ɔ̃ x k
cnàmh	kʰ ɾ ãː v
cnàmhlach	kʰ rˠ ãː v l̪ˠ ə x
cnèatag	kʰ ɾ i aʰ t̪ʰ a k
cnòthan	k ɾ ɔː ə n
cobhan	kʰ o a n
cofaidh	kʰ ɔ f i
cogadh	kʰ o k ə ɣ
coibhneil	kʰ ɤ i ɲ a l
coileach	kʰ ɤ l ə x
coille	kʰ ɤ ʎ ə
coimheach	k ɔ̃ j ə x
coimhead	kʰ ɔ̃ j ə t
coimpiutair	kʰ ə m pʰʲ u tʰ ə ɾʲ
coineanach	kʰ ɔ ɲ a n ə x
coinneach	k o i nʲ a x
coinneamh	kʰ ɤ ɲ ə v
coinnlear	k ɤ̃ ĩ ɲ ʎ ɛ r
coirce	kʰ ɔ ɾʲ ç kʲ ə
coire	kʰ ɔ ɾʲ ə
coire	kʰ ɤ ɾʲ ə
coiseachd	kʰ ɔ ʃ ə x k
coisridh	k ɔ ʃ ɾ iː
colainn	k ɔ l̪ˠ ə ɲ
colaiste	kʰ ɔ ɫ̪ ɪ ʃ tʲ ə
colann	k ɔ l̪ˠ ə n̪ˠ
coltach	kʰ ɔ l̪ˠ ə x
coltas	k ɔ ɫ t ə s
coma	kʰ o m ə
comann	kʰ o m ə n̪ˠ
comannach	kʰ o m ə n̪ˠ ə x
comasach	kʰ o m ə s̪ ə x
comhairle	kʰ ɔ̃ ə rˠ ʎ ə
connsachail	kʰ ɔ̃ ũ n̪ˠ s̪ ə x a l
connspaideach	kʰ ɔ̃ ũ n̪ˠ s̪ p ɪ tʲ ə x
cop	kʰ ɔ h p
copar	kʰ ɔ h p ə ɾ
cor	kʰ ɔ ɾ
corrag	kʰ ɔ rˠ a k
cosgais	k o s ɡ ɪ ʃ
cothromach	kʰ ɔ rˠ ə m ə x
craic	kʰ ɾ ɛ ç c
craicte	kʰ r ɛ ç dʲ ə
crann	kʰ ɾ a u̯ n̪ˠ
craobh	k ɾ ɯː v
craosach	kʰ ɾ ɯː s̪ ə x
creach	kʲʰ ɾʲ ɛ x
creag	kʰ ɾ e k
creagan	kʰ ɾ e k ə n
creutair	kʰ ɾ eːʰ t̪ ɛ ɾʲ
cridhe	kʰ ɾʲ i ə
crios	kʰ ɾʲ i s̪
croch	kʰ ɾ ɔ x
croit	kʰ ɾ o h tʲ
croit	kʰ ɾ ɔ h tʲ
croladh	kʰ ɾ ɔ l̪ˠ ə ɣ
crolaidh	kʰ ɾ ɔ l̪ˠ ɪ
crom	kʰ ɾ ɔ u m
cromach	k r o m ə x
crosta	kʰ ɾ ɔ s̪ t̪ ə
cruachan	k r u ə x a n
cruachan	k r u ə x ə n
cruinn	kʰ r u ɪ ɲ
cruthachail	kʰ ɾ u h ə x a l
crè	kʰ r ɛː
crìoch	kʰ ɾ iː x
cròileagan	k r ɔː l a ɡ a n
cròthais	ə x r ɔː ɪ ʃ
cròthaisis	kʰ ɾ ɔː ɪ ʃ ɪ ʃ
crùbag	kʰ ɾ uː p a k
crùn	k r uː n
cuaigear	kʰ u ə kʲ ə ɾ
cuairt	kʰ u ə rˠ ʃ tʲ
cuan	kʰ u a n
cudrom	kʰ u t̪ r ə m
cudromach	kʰ u t̪ r ə m ə x
cuideachadh	kʰ u tʲ ə x ə ɣ
cuideachail	kʰ u tʲ ə x a l
cuideachd	kʰ u tʲ ə x k
cuidich	kʰ u tʲ ɪ ç
cuilean	kʰ u l a n
cuileann	kʰ u l ə n̪ˠ
cuimhne	kʰ u i ɲ ə
cuimhneachadh	kʰ u i ɲ ə x ə ɣ
cuimreach	k u m u ɾ ə x
cuimrich	k u m u ɾ ɪ ç
cuimrigh	kʰ u m u ɾ ɪ
cuimris	kʰ ɯ m ɯ rʲ ɪ ʃ
cuine	kʰ u ɲ ə
cuing	kʰ ɯ̃ ĩ ŋʲ kʲ
cuip	kʰ u iʰ p
cuir	kʰ u ɾʲ
cuireadh	kʰ u ɾʲ ə ɣ
cuislean	kʰ u ʃ l a n
cultarach	kʰ u l̪ˠ t̪ ə ɾ ə x
cum	kʰ uː m
cumanta	kʰ u m ə n̪ˠ t̪ ə
cumhachd	kʰ ũ ə x ɡ
cumhachdach	kʰ ũ ə x ɡ ə x
cumhang	kʰ ũ ə ŋ k
cunnartach	kʰ u n̪ˠ ə rˠ ʃ t ə x
cunnt	kʰ ũː n̪ˠ t̪
cunntadh	kʰ ũː n̪ˠ t̪ ə ɣ
cupa	kʰ uʰ pʰ ə
curran	kʰ u r a n
cus	kʰ u s̪
càch	kʰ aː x
càil	kʰ aː l
càin	kʰ aː ɲ
càineadh	kʰ aː ɲ ə ɣ
càirdeach	kʰ aː r tʲ ə x
càirdeil	kʰ aː r tʲ a l
càise	kʰ aː ʃ ə
càite	kʰ aː h tʲ ə
càl	kʰ aː l̪ˠ
càmhal	k ãː ə l̪ˠ
cànan	kʰ aː n a n
càrn	kʰ aː rˠ n̪ˠ
càrnadh	kʰ aː ɾ n ə ɣ
cèile	kʰʲ eː l ə
cèilidh	kʲʰ eː l i
cèireach	kʰʲ eː ɾʲ ə x
cìl	kʰʲ iː l
cìobair	kʲʰ iː p ɛ ɾʲ
cìoch	kʰʲ i ə x
cìr	kʰʲ iː ɾʲ
còcaire	kʰ ɔː x k ə ɾʲ ə
còig	kʰ oː kʲ
còignear	kʰ oː kʲ ə ɾ
còir	kʰ ɔː ɾʲ
còmhla	kʰ ɔ̃ː ɫ̪ ə
còmhlan	kʰ ɔ̃ː l̪ˠ a n
còmhnard	k ɔ̃ː n ə rˠ d
còmhrag	kʰ ɔ̃ː r a ɡ
còrnais	kʰ ɔː rˠ n̪ˠ ɪ ʃ
còrr	kʰ ɔː rˠ
cóigneir	kʰ oː kʲ ə ɾʲ
cù	kʰ uː
cùirtear	kʰ uː rˠ ʃ tʲ ə ɾ
cùis	kʰ uː ʃ
cùiseach	kʰ uː ʃ ə x
cùl	kʰ uː ɫ̪
cùm	kʰ uː m
d'	t
d'	tʲ
da	t̪ a
dachaigh	t a x ɪ
dadamach	d a d ə m ə x
daibh	t̪ a i̯ v
daibhsan	t̪ a i̯ v s̪ ə n
dall	t a u l̪ˠ
dallag	t a ɫ̪ a k
dalm	d a l̪ˠ a m
dalma	d a l̪ˠ a m ə
damh	t a v
dannsair	t ã ũ n̪ˠ s̪ ɛ ɾʲ
daoine	t̪ ɯː n ə
daor	t̪ ɯː ɾ
daorach	t ɯː ɾ ə x
dath	t a h
de	tʲ e
deagh	tʲ oː
dealain	tʲ a l̪ˠ ɛ ɲ
dealan	tʲ a l̪ˠ a n̪ˠ
dealanach	tʲ a l̪ˠ a n ə x
dealanaich	tʲ a l̪ˠ a n ə xʲ
dealanan	tʲ a l̪ˠ a n̪ˠ ə n̪ˠ
dealbhadair	tʲ a l̪ˠ a v ə t ɛ ɾʲ
dealg	tʲ a l̪ˠ a k
deamhan	tʲ ã ũ a n
dearg	tʲ ɛ r ɛ k
dearrs	tʲ aː rˠ s̪
dearrsach	tʲ aː rˠ s ə x
dearrsadh	t̪ʲ aː rˠ s̪ ə ɣ
deas	t͡ʃ ɛ s
deasg	tʲ ɛ s̪ k
deich	tʲ e ç
deicheach	dʲ e ç ə x
deichnear	tʲ e ç n ə ɾ
deichnearan	tʲ e ç n ə ɾ ə n
deichneir	tʲ e ç n ə ɾʲ
deigh	tʲ e j
deirdre	tʲ ɛ r t ɾ ə
deirdre	tʲ ɛ ʈ ɾ ə
deise	tʲ e ʃ ə
deiseil	tʲ e ʃ a l
deoch	tʲ ɔ x
deoghail	tʲ o a l
deud	t̪ʰʲ eː t̪
deur	d̥ʲ i a ɾ
deàrsadh	t̪ʲ aː rˠ s̪ ə ɣ
deònach	tʲ ɔː n ə x
deòrsa	tʲ ɔː ɾ s̪ ə
dh'	ɣ
dh'	ʝ
dh'fhosgail	ɣ ɔ s k a l
dh'fhàg	ɣ aː k
dh'ith	ʝ i ç
dh'òl	ɣ ɔː l̪ˠ
dha	ɣ a
dhachaigh	ɣ a x ɪ
dhaibh	ɣ a i̯ v
dhaibhsan	ɣ a i̯ v s̪ ə n
dhan	ɣ a n̪ˠ
dhen	ʝ e n
dhi	ʝ i
dhomh	ɣ ɔː
dhubh	ɣ u h
dhuibh	ɣ ɯ i̯ v
dhuibhse	ɣ ɯ i̯ v ʃ ə
dhuinn	ɣ ɯ i̯ ɲ
dhuinne	ɣ ɯ i̯ ɲ ə
dhuit	ɣ uʰ tʲ
dhuitsa	ɣ uʰ tʲ s̪ ə
dhut	ɣ uʰ t̪
dhutsa	ɣ uʰ t̪ s̪ ə
dhà	ɣ aː
dhàsan	ɣ aː s̪ ə n̪ˠ
dhìol	ʝ i ə ɫ̪
dhìse	ʝ iː ʃ ə
dhìth	ʝ iː
dhòmhsa	ɣ ɔː s̪ ə
di	tʲ i
dia	tʲ i a
dian	t͡ʃ i a n
diog	dʲ i k
dithis	tʲ i ɪ ʃ
dithisean	tʲ i ɪ ʃ ə n
diù	tʲ uː
diùid	tʲ uː tʲ
do	t̪ ɔ
do	t̪ ə
doilleir	d ɔ ɪ ʎ ɛ r
doilleir	d ɔ ʎ ɛ r
doimhne	t̪ ɤ ĩ n ə
doimhneachd	t̪ ɔ i ɲ ə x k
doirbh	t̪ ɤ ɾʲ ɤ v
domh	t̪ ɔː
domhsa	t̪ ɔː s̪ ə
don	t̪ ɔ n̪ˠ
dona	t̪ ɔ n ə
donn	t̪ ɔ u n̪ˠ
donnchadh	t̪ ɔ n̪ˠ ɔ x ə ɣ
doras	t̪ ɔ ɾ ə s̪
dorcha	d ɔ ɾ ɔ x ə
dorra	t̪ ɔ rˠ ə
dotair	d ɔ h d ɛ ɾʲ
drabasda	t̪ ɾ a p ə s̪ t̪ ə
drabasdach	t̪ ɾ a p ə s̪ t̪ ə x
drabasdachd	t̪ rˠ a p a s̪ t̪ a x k
dragh	t̪ ɾ ɤ ɣ
draibh	t̪ ɾ a i v
draibheadh	t̪ˠ ɾ a i v ə ɣ
drama	t̪ ɾ a m ə
dranndan	t̪ ɾ ã ũ n̪ˠ t̪ a n
dranndanach	t̪ ɾ ã ũ n̪ˠ t a n ə x
draoidh	d r ɯ j
draoidheachd	d r ɯ ɪʲ a x k
drathais	t̪ ɾ a ɪ ʃ
dreasa	t̪ ɾ e s̪ ə
dreuchd	t̪ ɾʲ i a x k
droigheann	t̪ ɾ ɔ j ə n̪ˠ
druim	t̪ ɾ ɯ i m
dràma	t̪ ɾ aː m ə
dròn	t r ɔː n
drùidh	d r uː j
drùidhteach	d r uː dʲ ə x
drùis	t̪ ɾ uː ʃ
drùiseach	t̪ ɾ uː ʃ a x
drùisealachd	t̪ rˠ uː ʃ ɛ l̪ˠ a x k
drùiseantachd	t̪ rˠ uː ʃ ə n̪ t̪ʰ a x k
drùisear	t̪ rˠ uː ʃ ɛ rˠ
drùisearachd	t̪ rˠ uː ʃ ɛ rˠ a x k
drùiseil	t r uː ʃ ɛ l
drùisire	t̪ rˠ uː ʃ i ɾ ə
duais	t̪ u ə ʃ
dual	t̪ u ə ɫ̪
dualchasach	t u ə l̪ˠ x ə s̪ ə x
dubh	t̪ u
dubh	t̪ u h
dubh	t̪ u v
dubh	t̪ uː
dubh	t̪ uː v
duibh	t̪ ɯ i̯ v
duibhse	t̪ ɯ i̯ v ʃ ə
duilich	t ɯ lʲ ɪ ç
duilleach	t ɯ ʎ ə x
duilleag	t ɯ ʎ a k
duine	t̪ ɯ ɲ ə
duinn	t̪ ɯ i̯ ɲ
duinne	t̪ ɯ i̯ ɲ ə
duit	t̪ uʰ tʲ
duitsa	t̪ uʰ tʲ s̪ ə
dut	t̪ uʰ t̪
dutsa	t̪ uʰ t̪ s̪ ə
dà	t aː
dàimheach	d a i v ə x
dàn	d̥ aː n
dàrna	t̪ aː rˠ n̪ˠ ə
dàrnach	d aː rˠ n̪ˠ ə x
dè	tʲ eː
dèan	tʲ i a n
dèanamh	tʲ i a n ə v
dèidh	tʲ eː
dèine	d͡ʒʲ ɛː ɲʲ ə
dèine	tʲ eː n ə
dìbhe	tʲ i v ə
dìcheall	tʲ iː ç ə ɫ̪
dìcheallach	tʲ iː ç ə l̪ˠ ə x
dìle	dʲ iː l ə
dìlleachd	tʲ iː ʎ ə x ɡ
dìlleachdach	tʲ iː ʎ ə x ɡ ə x
dìlleachdan	tʲ iː ʎ ə x ɡ a n
dìlleachdanachd	tʲ iː ʎ ə x ɡ a n ə x ɡ
dìlleachdas	tʲ iː ʎ ə x ɡ ə s̪
dìoghaltach	tʲ i ə ə l̪ˠ t̪ʰ ə x
dìol	t ʃ iː lˠ
dìomhain	tʲ i ə v ɛ ɲ
dìonadair	dʲ i ə n ə d ɛ rʲ
dìosal	tʲ iː s̪ ə l̪ˠ
dòbhran	d ɔː ɾ a n
dòchas	t̪ ɔː x ə s
dòchasach	t̪ ɔː x ə s̪ ə x
dòigh	t̪ˠ ɔː j
dòigheil	t̪ ɔː j a lˠ
dòirt	t ɔː rˠ ʃ tʲ
dòmhnall	t̪ oː n a ɫ
dòmhnall	t̪ oː v n a ɫ
dòmhnall	t̪ ɔ̃ː ə ɫ̪
dòrainneach	t̪ ɔː ɾ ə ɲ ə x
dòrnan	t̪ ɔː ɾ n a n
dùil	t uː l
dùin	t̪ uː ɲ
dùisg	t̪ uː ʃ kʲ
dùn	t̪ uː n
dùth	t̪ uː
dùthaich	t uː ɪ ç
dùthchas	t uː x ə s
e	ɛ
each	ɛ x
eaconomaidh	ɛ kʰ ɔ n ə m i
eadailteach	e t a ʎ tʲ ə x
eadar	e t̪ ə ɾ
eadh	ɤ ɣ
eagal	e k ə l
eagalach	e k ə l̪ˠ ə x
eaglais	e k l̪ˠ ɪ ʃ
eairdsidh	ɛː rˠ ʃ tʲ ʃ ɪ
eala	ɛ lˠ a
ealasaid	j a l̪ˠ ə sˠ ɪ tʲ
ealasaid	ɛ l̪ˠ ə s̪ ɪ tʲ
eallach	j a ɫ̪ ə x
earball	ɛ ɾ ɛ p ə ɫ
earrach	j a rˠ ə x
earrann	j a rˠ ə n̪ˠ
earrann	ɛ rˠ ə n̪ˠ
eidheann	e ə n̪ˠ
eigh	e j
eil	e l̪
eile	e l ə
eilid	e l ɪ tʲ
eiridinn	e ɾ ɪ tʲ ɪ ɲ
eiridnich	e rʲ ɪ dʲ n ɪ ç
eisimeileachd	e ʃ ɪ m ə l ə x ɡ
eithne	ɛ nʲ ə
eithre	e ɾʲ ə
esan	ɛ s̪ ə n̪ˠ
eubha	i ə v ə
eudail	eː t̪ a l
eug	eː k
eul	i ə l̪ˠ
eun	i a n
eòghan	j oː a n
eòghan	j oː ə n
eòin	j ɔː n
eòlach	j ɔː l̪ˠ ə x
eòlas	j ɔː ɫ̪ ə s̪
eòrna	j ɔː rˠ n̪ˠ ə
eòrpach	j ɔː r b ə x
facal	f a x k ə ɫ
faclair	f a x k l ˠ̪ ə ɾʲ
faclan	f a x k l̪ˠ ə n
fada	f a t̪ ə
fadalach	f a t ə l̪ˠ ə x
faiceallach	f a ç kʲ ə l̪ˠ ə x
faing	f a i ŋʲ kʲ
faireachdainn	f a ɾ ə x k ɪ ɲ
fairich	f a ɾʲ ə xʲ
falbh	f a ɫ̪ a v
fallain	f a l̪ˠ ə ɲ
falt	f a l̪ˠ t̪
faobh	f ɯː v
faod	f ɯː t̪
faoileag	f ɯː l a k
faoin	f ɯː ɲ
faramach	f a r ə m ə x
farpais	f a ɾ p ɪ ʃ
farsaing	f a ɾ s̪ ɪ ŋʲ kʲ
fastaidh	f a s d ɪ
fathan	f a h a n
feabhas	f j o ə s
feabhasach	f j o ə s ə x
fead	f e t̪
feadh	f j ɤ ɣ
feamainn	f e m ɪ ɲ
feannag	f j a n̪ˠ a k
fear	f ɛ ɾ
fearachas	f ɛ r ə x ə s
fearail	f ɛ r a l
fearchar	f ɛ r a x ə r
fearchar	f ɛ r ɛ x ə r
fearghas	f ɛ r ɛ ɣ ə s
feasgar	f e s̪ k ə r
feis	f e ʃ
feum	f eː m
feumach	f eː m ə x
feur	f i ə ɾ
feàrna	f j aː ɾ n ə
feàrr	f j aː rˠ
feòil	f j ɔː l
feòl	f j ɔː ɫ̪
feòladair	f j ɔː l̪ˠ ə t ə ɾʲ
feòrag	f j ɔː ɾ a k
fhear	ɛ ɾ
fheis	e ʃ
fheur	i ə ɾ
fheàrr	j aː ɾ
fhionn	j ũː n̪ˠ
fhios	i s̪
fiacail	f i ə x k ə l̪ˠ
fiach	f i a̯ x
fiaclan	f i ə x k l̪ˠ ə n
fiadh	f i ə̯ ɣ
fiadhach	f i ə ə x
fiadhaich	f i ə ɪ ç
fiar	f j i ə ɾ
fichead	f i ç ə t̪
figh	f i
figheadair	f i ə t̪ ɛ ɾʲ
fileanta	f i l ə n̪ˠ t̪ ə
fill	f iː ʎ
film	f i l i m
fionn	f j ũː n̪ˠ
fionnar	f j u n̪ˠ ə ɾ
fionnaradair	f j ũ n̪ˠ ə ɾ ə t ɛ ɾʲ
fionntach	f j uː n̪ˠ t̪ʰ ə x
fios	f i s̪
fios	f ɪ s
fiughar	f j u ə ɾ
fiù	f j uː
fiùghantach	f j uː ə n t̪ ə x
fiùran	f j uː r a n
fleadh	f l ɤ ɣ
fliche	f l i ç ə
fliuch	f l u x
flòraidh	f l̪ˠ ɔː ɾ ɪ
flùr	f l̪ˠ uː ɾ
flùraichean	f l̪ˠ uː ɾ ə xʲ ə n
fo	f ɔ
fodha	f o ə
fodhad	f o ə t
fodhaibh	f o ə v
fodhainn	f o ɪ ɲ
fodham	f o ə m
fodhpa	f oː p ə
foghain	f o ɪ ɲ
foghar	f o ə r
fogharach	f o ə ɾ ə x
foghlaim	f ɤː l̪ˠ ə m
foghlam	f ɤː l̪ˠ ə m
foidhpe	f ɤ p ə
foighidneach	f ɤ j ɪ dʲ n ə x
foillsich	f ɤ i ʎ ʃ ɪ ç
foipe	f ɔʰ p ə
foirfe	f ɤ ɾʲ f ə
foirmle	f ɤ ɾʲ ɤ m l ə
fois	f o ʃ
follais	f ɔ ɫ̪ ɪ ʃ
follaiseach	f ɔ l̪ˠ ɪ ʃ ə x
fon	f ɔ n̪ˠ
fonn	f ɔ u n̪ˠ
fopa	f ɔʰ p ə
forc	f ɔ rˠ x k
forca	f ɔ rˠ x k ə
forcan	f ɔ rˠ x k ə n
fosfor	f ɔ s f ɔ ɾ
fosgail	f ɔ s k a l
fosgladh	f ɔ s k l̪ˠ ə ɣ
fraing	ə n rˠ a ŋʲ kʲ
fraingis	f ɾ a i ɲ c ɪ ʃ
frangach	f ɾ a ŋ k ə x
frangaich	f ɾ a ŋ k ɪ ç
frangais	f ɾ a ŋ k ɪ ʃ
freagair	f rʲ e k ɪ rʲ
freagarrach	f ɾʲ e k ə rˠ ə x
freagarrachd	f ɾʲ e k ə rˠ ə x k
freasdalach	f ɾʲ e s̪ t̪ ə l̪ˠ ə x
freasdalachd	f ɾʲ e s̪ t̪ ə l̪ˠ ə x ɡ
freumh	f ɾʲ ɪ ə v
frids	f ɾʲ i tʲ ʃ
friseal	f ɾʲ i ʃ ə l̪ˠ
fuar	f u ə ɾ
fuil	f u l
fuin	f u ɲ
fuineadair	f u ɲ ə d ɛ rʲ
fuineall	f u ɲ ə l̪ˠ
fuirc	f ɯ ɾ xʲ kʲ
fuirce	f ɯ ɾ xʲ kʲ ə
fuireach	f u ɾʲ ə x
fuirich	f u ɾʲ ɪ ç
fulang	f u ɫ̪ ə ŋ ɡ
fàg	f aː k
fàgail	f aː k a l
fàilte	f aː l tʲ ə
fàs	f aː s
fèidh	f eː ʝ
fèill	f eː ʎ
fèineag	fʲ eː nʲ ə k
fèis	f eː ʃ
féill	f eː ʎ
fìobha	f iː v ə
fìon	f i ə n
fìor	f iː ɾ
fòdhpa	f ɔː p ə
fòghnaidh	f oː n ɪ
fòidhpe	f ɔː p ə
fòn	f oː n
fòpa	f ɔːʰ p ə
gabh	k a v
gabhail	k a h a l
gabháltas	ɡ oː l̪ˠ t̪ˠ ə sˠ
gabháltas	ɡ ɔː l̪ˠ t̪ˠ ə sˠ
gabháltas	ɡ ə vˠ ɑː l̪ˠ t̪ˠ ə sˠ
gach	k a x
gad	k a t̪
gadhar	k ɤ ə r
gafann	k a f ə n ˠ̪
gainmheach	k ɛ n ɛ v ə x
gairm	k ɤ ɾʲ ə m
gairme	k ɤ ɾʲ ə mʲ ə
gal	k a l̪ˠ
galar	k a l̪ˠ ə ɾ
gall	k a u l̪ˠ
galla	k a ɫ̪ ə
gaoil	k ɯː ʎ
gaoisid	ɡ ɯː ʃ i d͡ʒ
gaol	k ɯː l̪ˠ
gaothach	k ɯː ə x
garaids	k a ɾ ɪ tʲ ʃ
garbh	k a ɾ a v
gasda	k a s̪ t̪ ə
gath	ɡ a h
geal	kʲ a ɫ̪
geall	kʲ a u l̪ˠ
gealladh	kʲ a ɫ̪ ə ɣ
geama	c ɛ m ə
geamannan	c ɛ m ə n̪ˠ ə n
geamhradh	kʲ ɛ u ɾ ə ɣ
geansaidh	kʲ ɛ n s̪ ɪ
gearan	kʲ ɛ ɾ a n
gearmailtis	c ɛ ɾ ɛ m a l tʲ ɪ ʃ
geas	kʲ e s
geasachd	kʲ ɛ s a x k
geata	kʲ ɛʰ t̪ ə
geàrr	kʲ aː rˠ
gheall	j a u l̪ˠ
ghille	ʝ i ʎ ə
ghlac	ɣ l̪ˠ a x k
ghlais	ɣ l̪ˠ a ʃ
ghob	ɣ o p
ghoid	ɣ ɤ tʲ
ghoirid	ɣ ɤ ɾʲ ɪ tʲ
ghuth	ɣ u h
giall	kʲ i ə l̪ˠ
gile	kʲ i l ə
gille	kʲ i ʎ ə
gimleid	k i m i l a tʲ
gin	ɡʲ i n
giomach	ɡ i m ə x
gionach	kʲ i n ə x
giotàr	kʲ ɪ t̪ʰ aː ɾ
glac	k l̪ˠ a x k
glacadh	k l̪ˠ a x k ə ɣ
glainne	k l̪ˠ a ɲ ə
glais	k l̪ˠ a ʃ
glaodh	k l̪ˠ ɯː
glaodh	ɡ lˠ iː
glaodh	ɡ lˠ ɯː
glaodh	ɡ l̪ˠ eː
glas	k l̪ˠ a s̪
glaschu	k ɫ̪ a s̪ x u
gleann	ɡ l a u n̪ˠ
gleansach	k l ɛ n s ə x
gleoc	k l ɔ x k
gleus	k l eː s̪
glice	k l i ç kʲ ə
glè	k l eː
glé	k l eː
glòir	k ɫ̪ ɔː ɾʲ
glòr	k l̪ˠ ɔː ɾ
gnè	k r ɛː
gob	k o p
gobha	k o ə
gobhar	k o ə ɾ
goibhle	k ə i l ə
goibhnean	k ə i n ə n
goid	k ɤ tʲ
goilf	k ɔ l f
goirid	k ɤ ɾʲ ɪ tʲ
goirt	k ɔ r t͡ʃʲ
goistidh	ɡ ɔ ʃ dʲ ɪ
gorm	k ɔ r ɔ̃ m
gort	k ɔ rˠ ʃ t̪
gram	ɡ r a m
greannach	kʲ ɾʲ ɛ n̪ˠ ə x
greas	k ɾʲ e s̪
greim	k ɾ e i m
griogair	ɡ̊ ɾʲ i ɡ̊ ɪ ɾʲ
grod	k ɾ o t
gruagach	k ɾ u ə k ə x
gruamach	k ɾ u ə m ə x
gràdh	k r aː ɣ
gràdhaich	k ɾ aː ɪ ç
gràineag	k ɾ aː ɲ a k
grànda	k ɾ ãː n̪ˠ t ə
grìbhean	c ɾ iː v a n
gu	k u
guga	k u k ə
guib	k ɤ p
guidhe	k u j ə
guirmean	k ɯ ɾʲ ɯ m a n
gunna	ɡ ʊ n ə
guth	k u h
gwrm	ɡ ʊ r m
gàd	ɡ aː d
gàidheal	k ɛː ə ɫ̪
gàidhealach	k ɛː ə l̪ˠ ə x
gàidhealtachd	k ɛː ə l̪ˠ t ə x k
gàidhlig	k aː l ɪ kʲ
gàir	k aː ɾʲ
gàireachdainn	k aː ɾʲ ə x k ɪ ɲ
gàrradh	k aː rˠ ə ɣ
gèar	kʲ i a ɾ
gèill	kʲ eː ʎ
gèilleadh	kʲ eː ʎ ə ɣ
gòrach	k ɔː ɾ ə x
gòraiche	k ɔː ɾ ɪ ç ə
hallo	h a ɫ oː
halò	h a l oː
hearach	h ɛ ɾ ə x
hiort	h ɪ rˠ ʃ t̪
i	i
iad	i ə̯ t̪
iad	ə t̪
iadsan	i ə̯ t̪ s̪ ə n̪ˠ
ialtag	i ə l̪ˠ t̪ ə k
iarla	i ə ɾ ɫ̪ ə
iarraidh	i ə rˠ ɪ
iasg	i ə s k
iasgaich	i ə s k ɪ ç
iasgair	i ə s̪ k ɛ ɾʲ
idir	i tʲ ɪ ɾʲ
imlich	i m i l ɪ ç
inghean	i n i j a n
innis	ĩː ʃ
inntinneach	ĩː ɲ tʲ ɪ ɲ ə x
ioghnadh	i ə n ə ɣ
iomadh	i m ə ɣ
iomain	i m ɛ ɲ
iomall	i m ə l̪ˠ
iomchaidh	ɪ m ə x i
iomradh	i m i ɾ ə ɣ
iongantach	ĩ ə̃ n̪ˠ t̪ ə x
iongnadh	ĩ ə̃ n ə ɣ
ionnsachadh	j ũː n̪ˠ s̪ ə x ə ɣ
ionnsaich	j ũː n̪ˠ s ɪ ç
ionnsaichibh	j ũː n̪ˠ s ɪ ç ɪ v
is	ɪ s̪
ise	i ʃ ə
ist	ɪ ʃ tʲ
ith	i ç
iubhar	j u ə ɾ
iuchair	j u x ɪ ɾʲ
lachan	ɫ̪ a x a n
ladhran	ɫ̪ ɤː ɾ a n
lagh	ɫ̪ ɤ ɣ
laghach	l̪ˠ ɤ ə x
laghail	ɫ̪ ɤ ɣ a l
lainnir	ɫ̪ a ɲ ɪ ɾʲ
lann	ɫ̪ a n̪ˠ ə n
lann	ɫ̪ a u n̪ˠ
laoch	ɫ̪ ɯː x
laogh	l̪ˠ ɯː ɣ
laoghan	l̪ˠ ɯː ɣ a n
latha	l̪ˠ a a
le	l e
le	lʲ ɛ
leabaidh	ʎ e p ɪ
leabhar	ʎ o ə ɾ
leac	ʎ ɛ x k
leagsaidh	ʎ e k s̪ ɪ
lean	ʎ ɛ n
leanabh	ʎ ɛ n ə v
leann	ʎ a u n̪ˠ
leannan	ʎ ɛ n̪ˠ a n
leasan	ʎ ɛ s̪ ə n
leatromach	ʎ ɛ h t̪ ɾ ə m ə x
leig	ʎ e kʲ
leigheas	ʎ e ə s
leisg	ʎ e ʃ kʲ
leisgeadair	ʎ e ʃ kʲ ə t ɛ ɾʲ
leisgeul	ʎ e ʃ kʲ ə l̪ˠ
leithid	ʎ e ɪ tʲ
leitir	ʎ e h tʲ ɪ ɾʲ
leotha	ʎ o ə
leth	ʎ e
leugh	ʎ eː v
leum	ʎ eː m
leumadair	ʎ eː m ə t̪ ɛ ɾʲ
leòmhann	ʎ ɔː ə n̪ˠ
leòsan	ɫ̪ʲ ɔː s a n
liath	ʎ i ə
lice	ʎ iʰ kʰʲ ə
linn	ʎ iː ɲ
liogh	ʎ ɤ ɣ
liomaid	ʎ i m ɪ tʲ
lionn	ʎ uː n̪ˠ
lionntachd	ʎ uː n̪ˠ t̪ʰ ə x k
lios	ʎ i s̪
litir	ʎ iʰ tʲ ɪ ɾʲ
lobhte	l̪ˠ ɔ v t ə
loch	ɫ̪ ɔ x
lochan	ɫ̪ ɔ x a n
lochlannach	l̪ˠ ɔ x l̪ˠ ə n̪ˠ ə x
lofa	ɫ̪ ɔ f ə
loidhne	l̪ˠ ɔ i n ə
loisgean	lˠ ɔ ʃ kʲ a n
loisgte	l̪ˠ ɔ ʃ tʲ ə
lon	ɫ̪ ɔ n
lorg	ɫ̪ ɔ r ɔ k
losgann	l̪ˠ ɔ s̪ k ə n̪ˠ
luach	l̪ˠ u ə x
luaithe	l̪ˠ u ə j ə
luath	l̪ˠ u ə
luch	ɫ̪ u x
luchag	ɫ̪ u x a k
luchd	ɫ̪ u x k
luinneag	l̪ˠ ɯ ɲ a k
lus	l̪ˠ u s̪
làimh	ɫ̪ a i v
làir	l̪ˠ aː ɾʲ
làireach	l̪ˠ aː ɾʲ ə x
làn	l̪ˠ ɑː n
làthair	ɫ̪ aː ɪ ɾʲ
làthaireach	l̪ˠ aː ɪ ɾʲ ə x
lèigh	ʎ eː
lèigheadaireachd	ʎ eː ə t ɪ ɾʲ ə x k
lèine	ʎ eː ɲ ə
lèir	ʎ eː ɾʲ
lèirsinn	ʎ eː ɾʲ ʃ ɪ ɲ
lèirsinneach	ʎ eː ɾʲ ʃ ɪ ɲ ə x
lùbach	l̪ˠ uː p ə x
lùnastal	l̪ˠ uː n ə s̪ t̪ ə l̪ˠ
m'	m
mac	m aʰ k
macgriogair	m a x ɡ̊ ɾʲ i ɡ̊ ɪ ɾʲ
madadh	m a t ə ɣ
madainn	m a t̪ˠ ɪ ɲ
maide	m a tʲ ə
maighdean	m ə i tʲ ə n
maighdeann	m ə i tʲ ə n
mair	m a ɾʲ
mairead	m a ɾʲ ə t̪
maise	m a ʃ ə
maiseach	m a ʃʲ a x
mall	m a u ɫ
mamaidh	m a m i
manadh	m a n ə ɣ
manainn	m a n ɪ ɲ
maoidh	m ɤ j
maoin	m ɯː nʲ
maol	m ɯː ɫ̪
maor	m ɯː ɾ
mapa	m a h p ə
mar	m a ɾ
marag	m a ɾ a k
marbh	m a ɾ a v
marc	m a r x k
marcach	m a ɾ x k ə x
marcachd	m a ɾ x k ə x k
matamataig	m a t̪ʰ ə m a t̪ʰ ɪ kʲ
matamataigeach	m a t̪ʰ ə m a t̪ʰ ɪ kʲ a x
matamataigear	m a t̪ʰ ə m a t̪ʰ ɪ kʲ a ɾʲ
math	m a h
math	m aː
mathan	m a h a n
meacan	m ɛ x k a n
meadaigeach	m e dʲ ɪ ɡʲ ə x
meadhan	m i a a n
meal	m j a l̪ˠ
meall	m j a u ɫ̪
meallan	m j a l̪ˠ a n
mean	m ɛ n
meanbh	m ɛ n ɛ v
mearanach	m ɛ r a n a x
meas	m e s
measg	m e s k
measgaich	m e s k ɪ ç
measgaichte	m e s k ɪ ç tʲ ə
meil	m e l̪
meilc	m e l ç kʲ
meirg	m e ɾʲ e kʲ
meòg	m j ɔː k
meòir	m j ɔː ɾʲ
mhac	v a x k
mhadadh	v a t ə ɣ
mhanainn	v a n ɪ ɲ
mheall	v j a u ɫ̪
mhealladh	v j a ɫ̪ ə ɣ
mheas	v e s
mhil	v j i l
mholainn	v ɔ ɫ̪ ɪ ɲ
mhàiri	v aː ɪ r i
mhàthair	v aː h ə ɾʲ
mhìcheil	v iː ç ɛ lʲ
mi	m i
mil	m i l
mil	mʲ i l
milis	m i l ə ʃ
mill	m iː ʎ
millean	m i ʎ a n
min	m j i n
mionaid	m i n ə tʲ
miotag	m i h t a k
mire	mʲ i ɾʲ ə
mise	m i ʃ ə
misg	m i ʃ c
mocheirigh	m ɔ x ə rʲ ɪ
mochthrath	m ɔ x r a
modh	m ɔ ɣ
modhail	m ɔ ɣ a l
mol	m o l
molach	m ɔ ɫ̪ ə x
molta	m ɔ ɫ̪ t̪ʰ ə
monadh	m ɔ n ə ɣ
motha	m o ə
mu	m u
mu	m ə
muc	m u x k
mucan	m uʰ k ə n
muga	m u k ə
muile	m u l ə
muinntir	m w i ɲ tʰʲ ɪ ɾʲ
muir	m u rʲ
mullach	m u l̪ˠ ə x
mult	m u l̪ˠ t̪ˠ
mura	m u ɾ ə
mustais	m u s d a ʃ
màg	m aː k
màiri	m aː ɾʲ i
màla	m aː ɫ̪ ə
màmag	m aː m a k
màthair	m aː h ə ɾʲ
màthair	m eː ɾʲ
mìcheil	m iː ç ɛ lʲ
mìle	m iː l ə
mìltean	m iː l tʰʲ ə n
mìn	m iː n
mìorbhaileach	m i ə ɾ v ə l ə x
mìos	m i ə s̪
mòine	m ɔː ɲ ə
mòmaid	m ɔː m ɪ tʲ
mòrag	m oː ɾ a k
mòrail	m ɔː r a l
mùrn	m uː ɾ n
na	n a
na	n ə
nach	n a x
naidheachd	n̪ˠ ɛ ə x ɡ
naochad	n̪ˠ ɯː x ə t̪
naoi	n ɯː i
naoinear	n̪ˠ ɯː n ə ɾ
naoinearan	n̪ˠ ɯː n ə ɾ ə n
naoineir	n̪ˠ ɯː n ə ɾʲ
nar	n a ɾ
nas	n ə s̪
neach	n̠ʲ a x
nead	ɲ e t
neart	ɲ ɛ ɾ ʃ t̪
neul	ɲ i a ɫ̪
neònach	ɲ ɔː n ə x
nigh	ɲ iː
nighean	ɲ iː a n̪ˠ
nigheann	ɲ iː a n̪ˠ
nighneag	ɲ iː n a k
nirribhidh	ɲ i r̪ˠ ɪ v i
nis	n i ʃ
niseag	ɲ i ʃ a ɡ
nobhail	n̪ˠ ɔ v a l
norrag	n̪ˠ ɔ rˠ a k
not	n̪ˠ ɔ h t̪
nur	n u ɾ
nàbaidh	n̪ˠ aː p i
nàdarrach	n̪ˠ aː t̪ ə rˠ ə x
nàireach	n̪ˠ aː ɾʲ ə x
nàiseantach	n̪ˠ aː ʃ ə n̪ˠ t̪ ə x
nàmhaid	n̪ˠ ãː v ə tʲ
nàrach	n̪ˠ aː ɾ ə x
obair	o p ə ɾʲ
obrachadh	o b r ə x ə ɣ
obraich	o p r ɪ ç
ochd	ɔ x k
ochdad	ɔ x k ə t̪
ochdnair	ɔ x k ə ɾʲ
ochdnar	ɔ x k ə ɾ
ochdnaran	ɔ x k ə ɾ ə n
odhar	o ə r
oidhche	ɤ̃ ĩ ç ə
oifigear	ɔ f ɪ ɡʲ ɛ r
oifis	ɔ f ɪ ʃ
oighre	ɤ i ɾʲ ə
oighrig	ɤ i ɾ i c
oillt	ə i ʎʲ tʰʲ
oilthigh	ɤ l h ɪ
oir	ɔ i r
oirbh	ɔ ɾʲ ə v
oirbh	ə ɾʲ ə v
oirnn	ɔ rˠ ɲ
oirnne	ɔ rˠ ɲ ə
oirre	ɔ rˠ ə
oirrese	ɔ ɾ ə ʃ ə
oisinn	o i ʃ ə n
oisir	ɤ ʃ ɪ ɾʲ
olann	ɔ l̪ˠ ə n̪ˠ
olc	ɔ ɫ̪ x k
ollamh	ɔ l̪ˠ ə v
orainds	ɔ r ɪ n tʲ ʃ
oraindsear	ɔ ɾ ɪ ɲ tʲ ʃ ɛ ɾ
orainsear	ɔ ɾ ɪ ɲ ʃ ɛ ɾ
orm	ɔ ɾ ə m
ormsa	ɔ ɾ a m s̪ ə
orra	ɔ ɾ ə
orrasan	ɔ ɾ ə s̪ ə n
ort	ɔ rˠ s̪ t
osna	ɔ s̪ n̪ˠ ə
pacach	pʰ a x ɡ̊ ə x
pailt	p a l dʲ
peacach	pʰ ɛ x k ə x
peacadh	pʰ ɛ x k ə ɣ
peadar	pʰ e t̪ ə ɾ
peairt	pʰ ɛ rˠ ʃ tʲ
peall	pʰ j a u l̪ˠ
peann	pʰ j a u n̪ˠ
peansail	pʰ ɛ n s̪ a l
peansailean	pʰ ɛ n s̪ a l ə n
peant	pʰ ɛ n̪ˠ t̪
peantadh	pʰ ɛ n̪ˠ t̪ ə ɣ
peasair	pʰ ɛ s̪ ɪ ɾʲ
peigi	pʰ e c ɪ
peileag	pʰ e l a ɡ̊
peinnsean	pʰ e i ɲ ʃ a n
peur	pʰ i ə ɾ
pheadair	f e t ɪ ɾʲ
pheann	f j a u n̪ˠ
pheasair	f ɛ s̪ ɪ ɾʲ
pheata	f ɛʰ t̪ ə
phiuthar	f j u ə ɾ
phost	f ɔ s̪ t̪
phàisde	f aː ʃ tʰʲ ə
phàiste	f aː ʃ tʰʲ ə
pinc	pʰ i ŋʲ kʲ
pinnt	pʰ ĩː ɲ tʲ
piseag	pʰ i ʃ a k
pitheid	pʰ i ɛ tʲ
piuthar	pʰ j u ə ɾ
plèana	pʰ l ɛː n ə
plèanaichean	pʰ l ɛː n ə xʲ ə n
poblachd	pʰ ɔ p l̪ˠ ə x k
poca	pʰ ɔ x k ə
post	pʰ ɔ s̪ t̪
prionnsa	p rʲ ũː n̪ˠ s ə
pronn	pʰ ɾ ɔ u n̪ˠ
pràis	pʰ ɾ aː ʃ
pràiseach	pʰ ɾ aː ʃ ə x
prìomhaid	pʰ ɾ iː ɪ tʲ
prògramair	p ɾ oː ɡ ɾ a m ɛ ɾʲ
pròis	p r ɔː ʃ
pròiseil	pʰ ɾ ɔː ʃ ɛ l
punnd	p ũː n̪ˠ t̪
purgadair	pʰ u ɾ u k ə t ɛ rʲ
purpaidh	pʰ u r p i
put	pʰ uʰ t̪
putan	pʰ u h t̪ a n
pàidh	pʰ aː j
pàipear	pʰ ɛːʰ pʰ ə ɾ
pàirc	pʰ aː ɾʲ ç kʲ
pàirtidh	pʰ aː rˠ ʃ tʲ i
pàisde	p aː ʃ tʲ ə
pìosail	pʰ iː s a l
pòca	p ɔː x k ə
pòg	pʰ ɔː k
pòs	pʰ ɔː s
pòsadh	pʰ ɔː s i
pòsaidh	pʰ ɔː s̪ ɪ
pòsta	pʰ ɔː s̪ t̪ ə
radan	r a t ə n
raibeart	rˠ a p ə ɾ ʂ ʈ
raon	rˠ ɯː n
raonaid	rˠ ɯː n ɪ tʲ
rathad	rˠ a h a d
rathad	rˠ aː d
reachd	rˠ ɛ x k
reamhar	rˠ ã ũ ə ɾ
reic	rˠ e ç kʲ
reul	rˠ eː ɫ̪
reòth	rˠ ɔː
reòthadh	rˠ ɔː ə ɣ
riabhach	rˠ i ə v ə x
riadh	rˠ i ə ɣ
riaghail	rˠ i ə a l
riaghailt	rˠ i ə ə l tʲ
riamh	r i ə v
ridireach	rˠ i tʲ ɪ ɾʲ ə x
rinn	rˠ iː ɲ
riochdaich	rˠ i x k ɪ ç
rionnag	rʲ uː n a k
robh	ɾ oː
roghnaich	rˠ oː n ɪ ç
roid	rˠ ɔ tʲ
roile	rˠ ɔ l ə
rothair	rˠ ɔ h ɪ ɾʲ
ruadh	rˠ u ə ɣ
rug	rˠ u k
ruith	rˠ i h
rus	rˠ u s̪
ràdh	rˠ aː
ràith	rˠ aː j
ràmh	rˠ aː v
ràn	rˠ aː n
rànaich	rˠ aː n ɪ ç
rèidh	rˠ eː j
rèis	rˠ eː ʃ
rèite	rˠ eːʰ tʲ ə
rèiteach	rˠ eː h tʲ ə x
rèiteachadh	rˠ eː h tʲ ə x ə ɣ
rèitear	rˠ eː h tʲ ə ɾ
rèitich	rˠ eː h tʲ ɪ ç
rèitire	rˠ eː h tʲ ɪ ɾʲ ə
rìbhinn	rˠ iː v ɪ ɲ
rìoghachd	rˠ i ə ə x k
ròb	ʀ ɔː b
ròmanach	rˠ ɔː m ə n ə x
ròn	r ɔː n
ròsta	rˠ ɔː s̪ t̪ ə
rùisgte	rˠ uː ʃ tʲ ə
rùn	rˠ uː n
rùraich	rˠ uː ɾ ɪ ç
sabaid	s a p a tʲ
sabaid	s a p ɪ tʲ
sagart	s̪ a k ə r ʃ t
saighdear	s ɤ i tʲ ə ɾ
saighdearach	s ɤ i tʲ ə r ə x
saill	s a i ʎ
salach	s a ɫ̪ ə x
salainn	s a l̪ˠ ə ɲ
salann	s̪ a l̪ˠ ə n̪ˠ
salm	s a l̪ˠ a m
samhain	s a ũ i ɲ
samhainn	s a ũ i ɲ
samhla	s ã ũ l̪ˠ ə
samhradh	s a u ɾ ə ɣ
samhradh	s̪ a u ɾ ə ɣ
saoghal	s̪ ɯː ə ɫ̪
saoil	s ɯː l
saor	s̪ ɯː ɾ
sasainn	s a s ə ɲ
sasannach	s̪ a s̪ ə n̪ˠ ə x
sasgunnach	s̪ a s̪ ɡ ə n̪ˠ ə x
seacaid	ʃ ɛ x k a tʲ
seach	ʃ ɛ x
seachain	ʃ ɛ x ɪ n
seachainn	ʃ ɛ x ɪ ɲ
seachd	ʃ ɛ x k
seachdad	ʃ ɛ x k ə t̪
seachdnair	ʃ ɛ x k ə ɾʲ
seachdnar	ʃ ɛ x k ə ɾ
seachdnaran	ʃ ɛ x k ə ɾ ə n
seadh	ʃ ɤ ɣ
seagh	ʃ ɤ ɣ
sealg	ʃ a ɫ̪ a k
seall	ʃ a u l̪ˠ
sealladh	ʃ a l̪ˠ ə ɣ
sealtainn	ʃ ɛ l̪ˠ t̪ ɪ ɲ
sean	ʃ ɛ n
seanair	ʃ ɛ n ɑ r
seanchais	ʃ ɛ n ə x ə ʃ
seanchas	ʃ ɛ n ə x ə s̪
seang	ʃ ɛ ŋ k
seanmhair	ʃ ɛ n ə v ɛ ɾʲ
seanmhairean	ʃ ɛ n ə v ɛ ɾʲ ə n
seanmhar	ʃ ɛ n ə v ə ɾ
sear	ʃ ɛ r
searbh	ʃ ɛ ɾˠ ɛ v
searmon	ʃ ɛ ɾ ɛ m ɔ n
seasgad	ʃ e s k ə t̪
seiceach	ʃ e ç kʲ ə x
seiche	ʃ e ç ə
seicich	ʃ e ç kʲ ɪ ç
seilcheag	ʃ e l ə ç a k
seile	ʃ e l ə
seileach	ʃ e l ə x
seillean	ʃ e ʎ a n
seinneadair	ʃ e ɲ ə t̪ ɪ ɾʲ
seirbheis	ʃ e ɾʲ e v ɪ ʃ
seisear	ʃ e ʃ ə ɾ
seo	ʃ ɔ
seonag	ʃ o n a k
seonaid	ʃʲ o n ɛ d͡ʒ
seumas	ʃ eː m ə s̪
seun	ʃ i a n
seunta	ʃ i ə n̪ˠ t̪ ə
seàirdeant	s̪ a ɾ tʲ ɛ n t̪
seòl	ʃ ɔː ɫ̪
seòladair	ʃ ɔː l̪ˠ ə t̪ ɛ ɾʲ
seòladh	ʃ ɔː ɫ̪ ə ɣ
seòmar	ʃ ɔː m ə r
seòras	ʃ ɔː ɾˠ ə s
seòrsa	ʃ ɔː rˠ s̪ ə
sgadan	s̪ k a t̪ a n
sgap	s ɡ a h b
sgaradh	s k a r a ɣ
sgarbh	s k a ɾ a v
sgeilp	s̪ kʲ e l p
sgeir	s ɡʲ e rʲ
sgeulachd	s kʲ i ə l̪ˠ ə x k
sgian	s̪ kʲ i a n
sgiathach	s kʲ i ə h ə x
sgileil	s kʲ i l a l
sgillinn	s kʲ i ʎ ɪ ɲ
sgimilear	s kʲ i m i l ə ɾʲ
sgimilearachd	s kʲ i m i l ə ɾ ə x k
sgiobair	s kʲ i p ɛ ɾʲ
sgioblaich	s kʲ i p l̪ˠ ɪ ç
sgiomalaireachd	s kʲ i m i ɫ ə ɾʲ ə x k
sgoilear	s̪ k ɔ l ɛ ɾ
sgoinneil	s̪ k ɤ ɲ a l
sgrathail	s k ɾ a h a l
sgreamhail	s̪ k ɾʲ ɛ v a l
sgreuchail	s̪ k ɾʲ i a x a l
sgriosail	s̪ k ɾʲ i s̪ a l
sgrìobh	s̪ k ɾʲ iː v
sgrìobhadair	s̪ k ɾ iː v ə t ɛ ɾʲ
sgrìobhadh	s̪ k ɾʲ iː v ə ɣ
sgrùdaich	s ɡ r uː d ɪ ç
sguab	s k u ə b
sgàth	s k aː
sgìth	s̪ kʲ iː
sgòthach	s̪ k ɔː ə x
shalach	h a ɫ̪ ə x
shean	h ɛ n
sheumas	h eː m ə s̪
sheunta	h i ə n̪ˠ t̪ ə
sheòladh	h j ɔː ɫ̪ ə ɣ
shiùcair	h j uː x k ɪ ɾʲ
shnàmh	n̪ˠ ãː v
shoilleir	h ɤ ʎ ɪ ɾʲ
shreap	h r ɛ h p
shìl	h iː l
sia	ʃ i a
siabann	ʃ i ə b ə n
siabannach	ʃ i ə b ə n ə x
sianar	ʃ i a n ə ɾ
sianaran	ʃ i a n ə ɾ ə n
siar	ʃ i ə r
sibh	ʃ i v
sibhse	ʃ i v ʃ ə
sine	ʃ i n ə
sineubhar	ʃ i n eː v ə ɾ
sinn	ʃ i ɲ
sinne	ʃ i ɲ ə
sionnach	ʃ u n̪ˠ ə x
sionnachan	ʃ ũ n̪ˠ ə x a n
siorc	ʃ ɪ ɾ ʃ k
siorc	ʃ ɪ ʃ k
siorram	ʃ i rˠ ə m
siubhal	ʃ u ə ɫ̪
siùcair	ʃ uː x k ɪ ɾʲ
siùcar	ʃ uː x k ə r
siùrsach	ʃ uː ɾ s̪ ə x
siùrsachd	ʃ uː rˠ s̪ ə x k
slaod	s l̪ˠ ɯː d
slaodach	s̪ l̪ˠ ɯː t̪ ə x
slaodaiche	s̪ l̪ˠ ɯː t̪ ɪ ç ə
sleagh	ʃ ʎ ɤ ɣ
sleamhain	ʃ ʎ ã u w ə nʲ
sleamhainn	ʃ ʎ ɛ̃ v ɪ ɲ
sleamhainn	ʃ ʎ ɛ̃ ũ̯ ɪ ɲ
slige	ʃ lʲ ɪ kʲ ə
sliseag	ʃ l i ʃ a k
sloc	s ɫ̪ ɔ x k
sluagh	s ɫ̪ u ə ɣ
slàinte	s l aː n t͡ʃ ə
slòighre	s̪ ɫ̪ ɤ i ɾʲ ə
smaoinich	s̪ m ɯː ɲ ɪ ç
smid	s m i tʲ
smiogaid	s̪ m i k a tʲ
smocte	s̪ m ɔ x tʲ ə
snaidhm	s̪ n a i m
snas	s̪ n̪ˠ a s̪
snasail	s n a s a l
sneachd	ʃ ɲ ɛ x ɡ
snog	s n̪ˠ o k
snàmh	s n̪ˠ ãː v
snàthad	s̪ n aː h ə t̪
snèap	ʃ ɲ ɛː h p
soidhn	s ɤ i n
soidhneadh	s ɤ i n ə ɣ
soilleir	s ɤ ʎ ɪ ɾʲ
soillse	s̪ ɤ i̯ ʎ ʃ ə
soillsean	s ɤ i̯ ʎ ʃ a n
solais	s̪ ɔ l̪ˠ ɪ ʃ
solas	s̪ ɔ l̪ˠ ə s̪
solasan	s̪ ɔ l̪ˠ ə s̪ ə n
sorcha	s̪ ɔ ɾ ɔ x ə
spaideil	s p a tʲ a l
speal	s p j a l̪ˠ
sponsair	s b ɔ n s ɛ rʲ
sponsairich	s b ɔ n s ɛ rʲ ɪ ç
sporan	s p ɔ r a n
spàinntis	s p aː ɲ tʲ ɪ ʃ
spìos	s̪ p i ə s̪
spìos	s̪ p iː s̪
spìosrach	s̪ p iː s̪ ɾ ə x
spìosraich	s̪ p iː s̪ ɾ ɪ ç
spòrsail	s p ɔː r s a l
spùinneadair	s p uː ɲ ə t ɪ ɾʲ
srath	s̪ t̪ ɾ a
sreap	s t r ɛ h p
sruighlea	s̪ t̪ ɾ u i l ə
sruth	s t ɾ u h
sràc	s̪ t̪ ɾ aːʰ k
sràid	s r ɑː t͡ʃ
sròn	s̪ t̪ ɾ ɔː n
srùbag	s̪ t̪ ɾ uː p a k
staid	s t a tʲ
staidhir	s̪ t̪ a j ɪ ɾʲ
staidhre	s̪ t̪ a i ɾʲ ə
stais	s t̪ a ʃ
stamag	s̪ t̪ʰ a m a k
staoig	s̪ t ɤ i kʲ
stiallach	s tʲ i ə l̪ˠ ə x
stocainn	s̪ t̪ ɔ x k ɪ ɲ
strì	s̪ t̪ ɾ iː
strìopach	s t̪ ɾ iː pʰ ə x
strìopachas	s t̪ ɾ iː pʰ ə x ə s̪
stèidh	s tʲ eː
stèidh	ʃ tʲ eː
stèidheadh	ʃ tʲ eː ə ɣ
stèidhich	ʃ tʲ eː ɪ ç
stèidhte	ʃ tʲ eː tʲ ə
suidhe	s̪ ɯ i ə
suirghe	s̪ ɯ ɾʲ ɯ j ə
sunndach	s̪ uː n̪ˠ t̪ˠ ə x
sàbaid	s aː b̥ a dʲ
sàbaid	s aː b̥ ɪ dʲ
sàbh	s̪ aː v
sàil	s̪ aː l
sàl	s aː l̪ˠ
sàmhach	s̪ aː v ə x
sàr	s̪ aː ɾ
sàraich	s̪ aː ɾ ɪ ç
sè	ʃ ɛː
sèimh	ʃ ɛː v
sèimheachadh	ʃ ɛː v ə x ə ɣ
sìde	ʃ iː tʲ ə
sìl	ʃ iː l
sìle	ʃ iː lʲ ə
sìne	ʃ iː nʲ ə
sìneag	ʃ iː nʲ a k
sìor	ʃ i ə ɾ
sùbh	s̪ uː
sùgh	s̪ uː
sùil	s̪ uː l
sùnndach	s̪ uː n̪ˠ t̪ˠ ə x
t	t iː
tabhann	tʰ a h ə n̪ˠ
tachair	tʰ aː x ɪ ɾʲ
tachd	t a x ɡ
tadhal	tʰ ɤ ə l̪ˠ
tagair	tʰ a k ɪ rʲ
tagairt	t̪ʰ a k ə ɾʲ ʃ tʲ
tagh	tʰ ɤ ɣ
taghairm	t ɤ ɾʲ ɤ m
taghan	tʰ ɤ ɣ a n
taibhse	t̪ʰ a i v ʃ ə
taigeis	tʰ a kʲ ɪ ʃ
taigh	tʰ ɤ j
taing	tʰ a i ɲ c
taingeil	tʰ a i ŋʲ kʲ a l
taisg	t a ʃ ɡʲ
taisteal	t̪ʰ a ʃ tʲ ə l̪ˠ
talamh	t̪ʰ a l̪ˠ a v
talla	tʰ a l̪ˠ ə
taobh	t̪ʰ ɯː v
tapadh	t a h b ə ɣ
tarmachan	t̪ʰ a ɾ a m ə x a n
tasdan	t̪ʰ a s̪ t̪ a n
tasgadh	t a s ɡ ə ɣ
teachd	tʲ ɛ x ɡ
teachdaireachd	tʲʰ ɛ x k ɛ rʲ ə x k
teagaisg	tʲʰ e k ɪ ʃ kʲ
teagasg	tʲʰ e k ə s k
teaghlach	t ʃʰ ɤː ɫ̪ ə x
teanga	tʰʲ ɛ ŋ ɡ ə
teann	t͡ʃʰ a u n̪ˠ
teannta	t̪ ʃʰ a u n̪ˠ t̪ʰ ə
teine	tʰʲ e n ə
teth	t ʃʰ e h
teàrlach	tʲʰ ɛ u ɾ l a x
teàrnadh	tʲʰ aː rˠ n̪ˠ ə ɣ
tha	h a
tha	h aː
thaigh	h ɤ j
theaghlach	h j ɤː ɫ̪ ə x
their	h eː r
thig	h i kʲ
thilg	h i l i c
thinn	h iː ɲ
thiugh	h j u
thoirt	h ɔ rˠ ʃ tʲ
thu	h u
thuit	h u h tʲ
thusa	h u s̪ ə
thàinig	h aː n ɪ kʲ
thòn	h ɔː n
tighearna	t̪ʰʲ i ə rˠ n̪ˠ ə
tilg	t ʃʰ i l i kʲ
tilgeil	tʲʰ i l i c a l
till	tʰʲ iː ʎ
tinn	tʲ ĩː ɲ
tinneas	tʰʲ i ɲ ə s̪
tiodhlaic	tʰʲ i ə ɫ̪ ɪʰ kʰʲ
tiops	t̪ʲ ɪ p s
tioram	t ʃʰ i ɾ ə m
tiriodh	tʲʰ i ɾʲ ə ɣ
tiugh	tʰʲ u
tobar	t̪ʰ o p ə ɾ
tog	tʰ o k
togair	t o ɡ ɪ rʲ
togalach	tʰ o k ə l̪ˠ ə x
toil	t̪ʰ ɔ l
toilichte	tʰ ɔ l ə ç tʲ ə
toinn	tʰ ɤ i ɲ
toirt	t̪ʰ ɔ rˠ ʃ tʲ
toirte	t̪ʰ ɔ rˠ ʃ tʲ ə
toit	t̪ʰ ɔ h tʲ
toll	tʰ ɔ u l̪ˠ
tolltach	t̪ʰ ɔ u ɫ̪ t̪ʰ ə x
tom	t̪ʰ ɔ u m
tonn	tʰ ɔ u n̪ˠ
tonnan	tʰ ɔ n̪ˠ ə n
traisg	t̪ʰ ɾ a ʃ kʲ
trang	tʰ ɾ a ŋ k
trasg	t̪ʰ ɾ a s̪ k
treun	t̪ʰ ɾʲ eː n
trian	tʰ ɾ i ə n
trianaid	t̪ʰ ɾ i ə n ɪ t̪ʲ
tric	t̪ ɾ i ç kʲ
triubhas	tʰ ɾ u ə s̪
triùir	t̪ʰ ɾ uː ɾʲ
troich	t r ɔ ç
troigh	t r ɔ ç
trom	t̪ʰ ɾ ɔ u m
truime	t̪ʰ ɾ ɯ m ə
tràigh	tʰ ɾ aː j
tràill	t̪ʰ ɾ a i̯ ʎ
tràille	t̪ʰ ɾ a i̯ ʎ ə
tràth	t̪ʰ ɾ aː
trèan	t̪ʰ ɾ ɛː n
trì	tʲʰ ɾʲ iː
trìthead	tʰ ɾ i ç ə t̪
tròcair	tʰ ɾ ɔː x k ɪ ɾʲ
tu	t̪ʰ u
tuagh	t̪ʰ u ə ɣ
tuath	t̪ʰ u ə
tuathanas	tʰ u ə h ə n ə s̪
tuig	t̪ʰ ɯ c
tuigsinn	t̪ʰ ɯ c ʃ ɪ ɲ
tuil	t u l
tuilleadh	t̪ʰ ɯ ʎ ə ɣ
tuit	t̪ʰ uʰ tʰʲ
tuiteam	tʰ u h tʲ ə m
tumadh	t̪ʰ u m ə ɣ
tunnag	tʰ u n̪ˠ a k
turadh	tʰ ɯ ɾ ə ɣ
turas	t̪ʰ u ɾ ə s̪
tusa	t̪ʰ u s̪ ə
tàileasg	tʰ aː l ə s̪ k
tàirneanach	tʰ aː rˠ ɲ ə n ə x
tì	t iː
tì	tʲ iː
tìde	tʲʰ iː tʲ ə
tìm	tʰʲ iː m
tòmas	tʰ oː m ə s̪
tòn	tʰ ɔː n
tòrr	t̪ʰ ɔː rˠ
tùdair	tʰ uː t ɛ rʲ
uachdaran	u ə x k ə r ə n
uaigneach	u ə kʲ ɲ ə x
uaine	u ə ɲ ə
uaireannan	u ə ɾʲ ə n̪ˠ ə n
uan	u a n
uathachas	u ə h ə x ə s
ubhal	u ə ɫ̪
ugan	u k a n
ugh	u
uibhist	ɯ ɪ ʃ tʲ
uicipeid	u ç kʲ ɪ p e tʲ
uidh	u j
uidheam	u j ə m
uill	w i l
uill	w ə l
uill	w ɛ l
uilleam	ɯ ʎ ə m
uime	ɯ i̯ m ə
uimesan	ɯ i̯ m ə s̪ ə n̪ˠ
uimpe	ɯ i̯ m pʰ ə
uimpese	ɯ i̯ m pʰ ə ʃ ə
uinnean	ɯ ɲ a n
uiread	u ɾʲ ə t̪
uiseag	ɪ ʃʲ a k
uiseag	ɯ ʃ a k
uisge	ɯ ʃ kʲ ə
umad	u m ə t̪
umadsa	u m ə t̪ s̪ ə
umaibh	u m ə v
umaibhse	u m ə v ʃ ə
umainn	u m ə ɲ
umainne	u m ə ɲ ə
umam	u m ə m
umamsa	u m ə m s̪ ə
umha	ũ ə
umpa	u m pʰ ə
umpasan	u m pʰ ə s̪ ə n̪ˠ
ungair	u ŋ k ɪ ɾʲ
ungairis	u ŋ k ɪ ɾʲ ɪ ʃ
urram	u rˠ ə m
urras	u rˠ ə s̪
à	a
àicheadh	aː ç ə ɣ
àicheidh	aː ç ɪ
àigh	aː j
àilean	aː l a n
àird	aː ɾ ʃ t̪
àirde	aː rˠ tʲ ə
àireamh	aː ɾʲ ə v
àireamhair	aː ɾʲ ə v ɛ ɾʲ
àireamhairean	aː ɾʲ ə v ɛ ɾʲ ə n
àireamhan	aː ɾʲ ə v ə n
àisia	ɛː ʃ ə
àite	aːʰ tʰʲ ɪ
àiteach	aː h tʲ ə x
àl	aː l̪ˠ
àlainn	aː ɫ̪ ɪ ɲ
àlas	aː l̪ˠ ə s̪
àmhainn	aː v ɪ ɲ
àrach	aː ɾ ə x
àrd	aː r ʃ t̪
àrd	aː rˠ sˠ t̪
àrd	aː rˠ t̪
às	a s̪
èibhinn	eː v ɪ ɲ
èigh	eː v
èighich	iː ɪ ç
èirinn	eː ɾʲ ɪ ɲ
èirisgeigh	e ɾʲ i ʃ kʲ e j
èist	eː ʃ tʲ
èistibh	eː ʃ tʲ ɪ v
ìoc	i ə x k
òige	ɔː kʲ ə
òir	ɔː ɾʲ
òr	ɔː ɾ
òran	ɔː r a n
òrd	ɔː ɾ ʃ t̪
ùidh	uː j
ùine	uː ɲ ə
ùire	uː ɾʲ ə
ùna	uː n ə
ùraisg	uː ɾ ɪ ʃ kʲ
ùrnaigh	uː rˠ n̪ˠ ɪ
