abacas	a bˠ ə k ə sˠ
abairte	a bˠ ə ɾʲ tʲ ə
abairtí	a bˠ ə ɾʲ tʲ i
abairtí	a bˠ ə ɾʲ tʲ iː
abairtí	ɑ bˠ ə ɾʲ tʲ iː
abarthar	a bˠ ə ɾˠ h ə ɾˠ
abhaile	ə vˠ ɑ lʲ ə
abhaile	ə w a lʲ ə
abraimid	a bˠ ɾˠ ə mʲ ə dʲ
abrair	a bˠ ɾˠ ə ɾʲ
abrann	a bˠ ɾˠ ə n̪ˠ
abras	a bˠ ɾˠ ə sˠ
achoimre	a x ɪ mʲ ɾʲ ə
adhann	ə ɪ n̪ˠ
adhlacóir	ə i l̪ˠ ə k oː ɾʲ
adhlacóir	ə i l̪ˠ ə k ɔ ɾʲ
aduaidh	ə d̪ˠ u ə
aduaidh	ə d̪ˠ u ə j
aduaidh	ə d̪ˠ u ə ɟ
agallamh	a ɡ ə lˠ u
agallamh	a ɡ ə lˠ uː
agallamh	a ɡ ə lˠ ə vˠ
aicmí	a c mʲ iː
ainmfhocal	a nʲ ə mʲ ɔ k ə l̪ˠ
ainrialaí	a nʲ ɾˠ i ə lˠ iː
airdí	aː ɾˠ dʲ iː
almanag	a lˠ ə m ə n ə k
almanag	ɑ lˠ ə m ə n ə ɡ
altair	a l̪ˠ t̪ˠ ə ɾʲ
altar	a l̪ˠ t̪ˠ ə ɾˠ
ama	a mˠ ə
ama	ɑ mˠ ə
amadáin	a mˠ ə d̪ˠ æ nʲ
amadáin	a mˠ ə d̪ˠ ɑː nʲ
amadáin	ɑ mˠ ə d̪ˠ ɑː nʲ
amadána	a m ə d ɑː n ə
amais	a mˠ ə ʃ
amas	a mˠ ə sˠ
amhairc	a fˠ ɪ ɾʲ c
anraith	aː nˠ rˠ ɪ
anró	aː nˠ rˠ ɔ
ansan	ə n̪ˠ sˠ a n̪ˠ
ansiúd	ə n̪ˠ ʃ uː d̪ˠ
anso	ə n̪ˠ sˠ ɔ
aos	eː sˠ
aos	iː sˠ
aosa	eː sˠ ə
aosa	iː sˠ ə
araib	a ɾˠ ə bʲ
araibis	a ɾˠ ə bʲ ə ʃ
ariamh	ə ɾʲ i ə vˠ
ariamh	ə ɾʲ i ə w
armais	a ɾˠ ə mˠ ə ʃ
armas	a ɾˠ ə mˠ ə sˠ
arís	ə ɾʲ iː ʃ
arís	ə ɾʲ iː ʃ tʲ
athruithe	a h ɾˠ ɪ h ə
atáim	ə t̪ˠ æː mˠ
atáim	ə t̪ˠ ɑː mʲ
atáimid	ə t̪ˠ æː mʲ ə dʲ
atáimid	ə t̪ˠ ɑː mʲ ə dʲ
atáthar	ə t̪ˠ æ h ə ɾˠ
atáthar	ə t̪ˠ ɑː h ə ɾˠ
bainc	bˠ a ɲ c
baint	bˠ a n̠ʲ tʲ
baint	bˠ ɪ n̠ʲ tʲ
bainte	bˠ a n̠ʲ tʲ ə
bainte	bˠ ɪ n̠ʲ tʲ ə
bairbre	bˠ a ɾʲ ə bʲ ɾʲ ə
bairille	bˠ a ɾʲ ə lʲ ə
baise	bˠ a ʃ ə
ballach	bˠ a l̪ˠ a
ballach	bˠ a l̪ˠ a h
ballach	bˠ a l̪ˠ a x
ballach	bˠ a l̪ˠ ə x
ballaí	bˠ a l̪ˠ iː
ban	b a n
banaltra	bˠ a n ə l̪ˠ t̪ˠ ɾˠ ə
banríon	bˠ aː nˠ rˠ iː nˠ
bansár	bˠ a nˠ sˠ ɑː ɾˠ
baraille	bˠ a ɾˠ ə lʲ ə
barúil	bˠ a ɾˠ u lʲ
barúil	bˠ a ɾˠ uː lʲ
barúil	bˠ ɑ ɾˠ uː lʲ
basa	bˠ a sˠ ə
basa	bˠ ɑ sˠ ə
basún	bˠ a sˠ uː nˠ
beachóige	bʲ a x ɔ i̯ ɟ ɪ
beagnach	bʲ ɔ ɡ nˠ ə x
beagnach	bʲ ɔ ɡ n̪ˠ ə x
beagnach	bʲ ɛ ɡ nˠ ə x
beathaí	bʲ a h iː
beifear	bʲ ɛ j ɑː ɾˠ
beire	bʲ ɛ ɾʲ ə
beiread	bʲ ɛ ɾʲ ə d̪ˠ
beireas	bʲ ɛ ɾʲ ə s̪ˠ
beirigí	bʲ ɛ ɾʲ ɪ ɟ iː
beirim	bʲ ɛ ɾʲ ə mʲ
beirimid	bʲ ɛ ɾʲ ə mʲ ə dʲ
beirir	bʲ ɛ ɾʲ ɪ ɾʲ
bhainc	vˠ a ɲ c
bhainc	w a ɲ c
bhainne	vˠ ɑ nʲ ə
bhainne	vˠ ɑ ɲ ə
bhainne	w a n̠ʲ ə
bhaint	w a n̠ʲ tʲ
bhaint	w ɪ n̠ʲ tʲ
bhanc	vˠ a ŋ k
bhanc	w a ŋ k
bhasa	vˠ ɑ sˠ ə
bhasa	w a sˠ ə
bhasa	w ɑ sˠ ə
bheifear	vʲ ɛ j ɑː ɾˠ
bheir	vʲ ɛ ɾʲ
bheireann	vʲ ɛ ɾʲ ə n̪ˠ
bheireas	vʲ ɛ ɾʲ ə s̪ˠ
bheirid	vʲ ɛ ɾʲ ə dʲ
bheirim	vʲ ɛ ɾʲ ə mʲ
bheirimid	vʲ ɛ ɾʲ ə mʲ ə dʲ
bheirir	vʲ ɛ ɾʲ ə ɾʲ
bheirtear	vʲ ɛ ɾʲ h ə ɾˠ
bhfarraige	vˠ a ɾˠ ə ɟ ə
bhfarraige	w a ɾˠ ə ɟ ə
bhfarraigí	vˠ a ɾˠ ə ɟ iː
bhfarraigí	w a ɾˠ ə ɟ i
bhfarraigí	w a ɾˠ ə ɟ iː
bhfearthainn	vʲ a ɾˠ h ə n̠ʲ
bhfearthainn	vʲ a ɾˠ h ə ɲ
bhfeictear	vʲ ɛ c tʲ ə ɾˠ
bhfeoil	vʲ oː lʲ
bhfeoil	vʲ ɔː lʲ
bhfeolta	vʲ oː l̪ˠ t̪ˠ ə
bhfeolta	vʲ ɔː l̪ˠ t̪ˠ ə
bhfiarthaí	vʲ i ə ɾˠ h iː
bhfiche	vʲ ɪ h ə
bhfiche	vʲ ɪ ç ə
bhfichidí	vʲ ɪ h ɪ dʲ iː
bhfichidí	vʲ ɪ ç ɪ dʲ i
bhfichidí	vʲ ɪ ç ɪ dʲ iː
bhfionlainn	vʲ ɪ n lˠ ə n̠ʲ
bhfionlainnis	vʲ ɪ n̪ˠ l̪ˠ ə n̠ʲ ɪ ʃ
bhflaith	vˠ lˠ a h
bhflaith	w lˠ a
bhflaith	w lˠ a h
bhflatha	vˠ lˠ a h ə
bhflatha	w lˠ a h ə
bhfrainc	vˠ ɾˠ a ɲ c
bhfranc	vˠ ɾˠ a ŋ k
bhfréamh	vʲ ɾʲ eː vˠ
bhfréamhacha	vʲ ɾʲ eː vˠ a x ə
bhfréamhacha	vʲ ɾʲ eː vˠ ə x ə
bhfréamhacha	vʲ ɾʲ eː w ə x iː
bhfréamhacha	vʲ ɾʲ eː w ə x ə
bhfuilim	vˠ ɪ lʲ ə mʲ
bhfuilim	w ɪ lʲ ə mʲ
bhfuilimid	w ɪ lʲ ə mʲ ə dʲ
bhfuiltear	vˠ ɪ l̠ʲ tʲ ə ɾʲ
bhfuiltear	w ɪ l̠ʲ tʲ ə ɾʲ
bhfuáil	w uː aː lʲ
bhfága	vˠ ɑː ɡ ə
bhfága	w æː ɡ ə
bhfága	w ɑː ɡ ə
bhfágáil	vˠ ɑː ɡ ɑː lʲ
bhfágáil	w æː ɡ æ lʲ
bhfágáil	w ɑː ɡ ɑː lʲ
bhfágálacha	vˠ ɑː ɡ ɑː lˠ ə x ə
bhfágálacha	w æː ɡ æ lˠ ə x ə
bhfágálacha	w ɑː ɡ ɑː lˠ ə x iː
bhfágálacha	w ɑː ɡ ɑː lˠ ə x ə
bhfáinne	vˠ ɑː n̠ʲ ə
bhfáinne	vˠ ɑː ɲ ə
bhfáinne	w æː n̠ʲ ə
bhfáinne	w ɑː n̠ʲ ə
bhfáinní	vˠ ɑː n̠ʲ iː
bhfáinní	vˠ ɑː ɲ iː
bhfáinní	w æː n̠ʲ i
bhfáinní	w ɑː n̠ʲ iː
bhlas	vˠ lˠ a sˠ
bhlas	vˠ l̪ˠ ɑ sˠ
bhliain	vʲ lʲ i ə nʲ
bhod	vˠ ɔ d̪ˠ
bhod	w ɔ d̪ˠ
bhoid	vˠ ɪ dʲ
bhoid	w ɪ dʲ
bhranda	vˠ ɾˠ a n̪ˠ d̪ˠ ə
bhriste	vʲ ɾʲ ɪ ʃ tʲ ə
bhuel	vˠ ɛ lʲ
bhuel	w ɛ lʲ
bháisteach	w aː ʃ tʲ ə x
bhéarla	vʲ eː ɾˠ lˠ ə
bhídís	vʲ iː dʲ iː ʃ
bhímis	vʲ iː mʲ ə ʃ
bhínn	vʲ iː n̠ʲ
bhíodar	vʲ iː d̪ˠ ə ɾˠ
bhíomar	vʲ iː mˠ ə ɾˠ
bhíonn	vʲ iː n̪ˠ
bhís	vʲ iː ʃ
bhíteá	vʲ iː tʲ aː
bhítí	vʲ iː tʲ iː
bige	bʲ ɪ ɟ ɪ
blas	bˠ lˠ a sˠ
blas	bˠ l̪ˠ ɑ sˠ
blasanna	bˠ lˠ a sˠ ə n̪ˠ iː
blasanna	bˠ lˠ a sˠ ə n̪ˠ ə
blasanna	bˠ l̪ˠ ɑ sˠ ə n̪ˠ ə
bleán	bʲ lʲ aː nˠ
bliana	bʲ lʲ i ə nˠ ə
boige	bˠ ɛ ɟ ə
boird	bˠ oː ɾˠ dʲ
boird	bˠ ə u ɾˠ dʲ
boscaí	bˠ ɔ sˠ k iː
bpian	bʲ i ə nˠ
bpianta	bʲ i ə n̪ˠ t̪ˠ ə
branda	bˠ ɾˠ a n̪ˠ d̪ˠ ə
brandaí	bˠ ɾˠ a n̪ˠ d̪ˠ iː
branra	bˠ ɾˠ a n̪ˠ ɾˠ ə
brat	bˠ ɾˠ a t̪ˠ
brat	bˠ ɾˠ ɑ t̪ˠ
brian	bʲ ɾʲ i ə n̪ˠ
bricfeasta	bʲ ɾʲ ɪ c fʲ a sˠ t̪ˠ ə
brighid	bʲ ɾʲ iː dʲ
briseanna	bʲ ɾʲ ɪ ʃ ə n̪ˠ iː
briseanna	bʲ ɾʲ ɪ ʃ ə n̪ˠ ə
brisfidh	bʲ ɾʲ ɪ ʃ i
brisfidh	bʲ ɾʲ ɪ ʃ iː
brisfidh	bʲ ɾʲ ɪ ʃ ə
brisfidh	bʲ ɾʲ ɪ ʃ ɪ ɟ
bristeacha	bʲ ɾʲ ɪ ʃ tʲ ə x iː
bristeacha	bʲ ɾʲ ɪ ʃ tʲ ə x ə
bróga	bˠ ɾˠ oː ɡ iː
bróga	bˠ ɾˠ oː ɡ ə
bróga	bˠ ɾˠ ɔː ɡ ə
bróige	bˠ ɾˠ oː ɟ ə
buabhall	bˠ u ə vˠ ə l̪ˠ
buabhall	bˠ u ə w ə l̪ˠ
buachaillí	b u ə x ə lʲ iː
buachalla	bˠ u ə x ə l̪ˠ ə
buidéil	bˠ ɪ dʲ e lʲ
buidéil	bˠ ɪ dʲ eː lʲ
bunú	bˠ ʊ n̪ uː
bus	bˠ ʊ sˠ
busanna	bˠ ʊ sˠ ə n̪ˠ iː
busanna	bˠ ʊ sˠ ə n̪ˠ ə
buí	bˠ w iː
bá	bˠ æː
bá	bˠ ɑː
báid	bˠ æː dʲ
báid	bˠ ɑː dʲ
báistí	bˠ aː ʃ tʲ iː
bán	bˠ æː n̪ˠ
bán	bˠ ɑː n̪ˠ
béala	bʲ eː lˠ ə
béala	bʲ i a̯ l̪ˠ ə
béil	bʲ eː lʲ
bíd	bʲ iː dʲ
bídh	bʲ iː ɟ
bídís	bʲ iː dʲ iː ʃ
bígí	bʲ iː ɟ iː
bím	bʲ iː mʲ
bím	bʲ iː mˠ
bímid	bʲ iː mʲ ə dʲ
bímis	bʲ iː mʲ ə ʃ
bíodh	bʲ iː tʲ
bíodh	bʲ iː w
bíodh	bʲ iː x
bíonn	bʲ iː n̪ˠ
bír	bʲ iː ɾʲ
bítear	bʲ iː tʲ ə ɾˠ
bóithre	bˠ oː h ɾʲ ə
bóithre	bˠ oː ɾʲ h ə
bóithre	bˠ oː ɾʲ ə
cab	k a bˠ
cabaire	k a bˠ ə ɾʲ ə
cadhla	k ə i̯ lˠ ə
cailce	k a lʲ c ə
cailceanna	k a lʲ kʲ ə n ə
cailíní	k a lʲ i nʲ i
cailíní	k a lʲ iː nʲ iː
cainteanna	k a n̠ʲ tʲ ə n ə
cairr	k aː ɾˠ
cais	k a ʃ
caisearbhán	k a ʃ a ɾˠ ə w a n
caisearbhán	k a ʃ ə ɾˠ ə w aː n
caithne	k a h ɪ nʲ ɪ
caitlín	k a tʲ lʲ iː nʲ
cancrach	k a u n̪ˠ kˠ ə ɾˠ ə x
canta	k a n̪ˠ t̪ˠ ə
cantalach	k a n̪ˠ t̪ˠ ə lˠ a h
cantalach	k a n̪ˠ t̪ˠ ə lˠ ə x
cantalach	k a u n̪ˠ t̪ˠ ə lˠ ə x
caogad	k eː ɡ ə d̪ˠ
caogad	k iː ɡ ə d̪ˠ
caogaidí	k eː ɡ ə dʲ iː
caogaidí	k iː ɡ ə dʲ i
caogaidí	k iː ɡ ə dʲ iː
caoi	k ɰ iː
caolas	kʰ ɰ eː l̪ˠ ə sˠ
caolas	kʰ ɰ iː lˠ ə sˠ
carachtair	k a ɾˠ ə x t̪ˠ ə ɾʲ
carr	k æː ɾˠ
carr	k ɑː ɾˠ
carraigeacha	k a ɾˠ ə c ə x ə
carraigeacha	k a ɾˠ ə ɟ ə x ə
carranna	k a ɾˠ ə n̪ˠ ə
carranna	k aː ɾˠ ə n̪ˠ iː
casad	k ɑ sˠ ə d̪ˠ
casaid	k ɑ sˠ ə dʲ
casta	k a sˠ t̪ˠ ə
casta	k ɑ sˠ t̪ˠ ə
casóg	k a sˠ a ɡ
casóg	k a sˠ oː ɡ
casóg	k a sˠ ɔ ɡ
casóg	k ə sˠ oː ɡ
catach	k a t̪ˠ a h
catach	k a t̪ˠ a x
catach	k a t̪ˠ ə x
catach	k ə t̪ˠ a x
cathain	k a h ə nʲ
cathain	k ə h ɪ nʲ
cathaoireach	k a h iː ɾʲ ə x
cathaoireach	k a i h i ɾʲ ə x
cathaoireach	k ə i r ə x
cathaoireacha	k a h iː ɾʲ ə x ə
cathaoireacha	k a i h i ɾʲ ə x ə
cathaoireacha	k ə i ɾʲ ə x iː
ceachta	c a x t̪ˠ ə
ceachtanna	c a x t̪ˠ ə n̪ˠ ə
ceamara	c a mˠ ə ɾˠ ə
ceana	c a u n̪ a
cearca	c a ɾˠ k ə
cearca	c æː ɾˠ k ə
ceiste	c ɛ ʃ tʲ ə
ceolchoirm	c oː lˠ k ɞ ɾʲ ə mʲ
ceártaí	c aː ɾˠ t̪ˠ iː
ceártaí	c æː ɾˠ t̪ˠ i
ceártaí	c ɑː ɾˠ t̪ˠ iː
chais	x a ʃ
cham	x a mˠ
cham	x a u mˠ
cham	x ɑː mˠ
chan	x a nʲ
chan	x a n̪ˠ
chantar	x a n̪ˠ t̪ˠ ə ɾˠ
chaoga	x eː ɡ ə
chaoga	x iː ɡ ə
chaogad	x eː ɡ ə d̪ˠ
chaogad	x iː ɡ ə d̪ˠ
chaoirigh	x iː ɾʲ i
chaoirigh	x iː ɾʲ iː
chaoirigh	x iː ɾʲ ə
chaoirigh	x iː ɾʲ ɪ ɟ
char	x a ɾˠ
charachtair	x a ɾˠ ə x t̪ˠ ə ɾʲ
charachtar	x a ɾˠ ə x t̪ˠ ə ɾˠ
chasa	x a sˠ ə
chasa	x ɑ sˠ ə
chasas	x ɑ sˠ ə sˠ
chata	x a t̪ˠ ə
chata	x ɑ t̪ˠ ə
chata	x ʊ t̪ˠ ə
chatach	x a t̪ˠ a h
chatach	x a t̪ˠ a x
chatach	x a t̪ˠ ə x
chatach	x ə t̪ˠ a x
cheárta	ç aː ɾˠ t̪ˠ ə
cheárta	ç æː ɾˠ t̪ˠ ə
cheárta	ç ɑː ɾˠ t̪ˠ ə
chine	ç ɪ nʲ ə
chiníocha	ç ɪ nʲ i x ə
chiníocha	ç ɪ nʲ iː x iː
chiníocha	ç ɪ nʲ iː x ə
chis	ç ɪ ʃ
chloisteáil	x lˠ ɔ ʃ tʲ ɑː lʲ
chluich	x lˠ ɪ ç
chnoic	x nˠ ɪ c
chnoic	x n̪ˠ ɪ c
chnoic	x ɾˠ ɪ c
choda	x ɔ d̪ˠ ə
choir	x ɛ ɾʲ
chol	x ɔ lˠ
chon	x ɔ nˠ
chosa	x ɔ sˠ ə
chualabhair	x u ə lˠ ə w ə ɾʲ
chualadar	x u ə lˠ ə d̪ˠ ə ɾˠ
chualais	x u ə lˠ ə ʃ
chualamar	x u ə lˠ ə mˠ ə ɾˠ
chualas	x u ə lˠ ə sˠ
chualathas	x u ə lˠ ə h ə sˠ
chuid	x ɪ dʲ
chuma	x ʊ mˠ ə
ché	ç eː
chíd	ç iː dʲ
chímid	ç iː mʲ ɪ dʲ
chíonn	ç iː n̪ˠ
chítear	ç iː tʲ ə ɾˠ
chóra	x oː ɾˠ ə
chúng	x uː ŋ
chúng	x uː ŋ ɡ
cialla	c i ə l̪ˠ ə
cinn	c ɪ n̠ʲ
ciníocha	c ɪ nʲ i x ə
ciníocha	c ɪ nʲ iː x iː
ciníocha	c ɪ nʲ iː x ə
cip	c ɪ pʲ
cis	c ɪ ʃ
cise	c ɪ ʃ ə
ciseanna	c ɪ ʃ ə n̪ˠ iː
ciseanna	c ɪ ʃ ə n̪ˠ ə
cisteanacha	c ɪ ʃ tʲ ə n̪ˠ ə x iː
cistine	c ɪ ʃ tʲ ɪ nʲ ə
cistineacha	c ɪ ʃ tʲ ɪ nʲ ə x ə
clabhchorda	k lˠ a u x oː ɾˠ d̪ˠ ə
clanna	k lˠ a n̪ˠ ə
cloganna	k lˠ ɔ ɡ ə n̪ˠ iː
cloisim	k lˠ ɔ ʃ ə mʲ
cloisteála	k lˠ ɔ ʃ tʲ ɑː lˠ ə
cláirseacha	k lˠ æː ɾˠ ʃ a x ə
cláirseacha	k lˠ ɑː ɾˠ ʃ ə x iː
cláirseacha	k lˠ ɑː ɾˠ ʃ ə x ə
clós	k l̪ˠ oː sˠ
clós	k l̪ˠ ɔː sˠ
cnoic	k nˠ ɪ c
cnoic	k n̪ˠ ɪ c
cnoic	k ɾˠ ɪ c
coda	k ɔ d̪ˠ ə
coil	k ɛ lʲ
col	k ɔ l̪ˠ
colanna	k ɔ lˠ ə n̪ˠ ə
collach	k ɔ l̪ˠ ə x
collach	k ə l̪ˠ ɑ x
collach	k ʌ l̪ˠ a h
collach	k ʌ l̪ˠ a x
collaíocht	k ɔ l̪ˠ i ə x t
collaíocht	k ɔ l̪ˠ iː x t
coláiste	k lˠ ɑː ʃ tʲ ə
coláiste	k ɔ lˠ ɑː ʃ tʲ ə
coláiste	k ə lˠ ɑː ʃ tʲ ə
coláiste	k ʊ lˠ ɑː ʃ tʲ ə
coláiste	k ʌ lˠ æ ʃ tʲ ə
coláistí	k lˠ ɑː ʃ tʲ iː
coláistí	k ɔ lˠ ɑː ʃ tʲ iː
coláistí	k ə lˠ ɑː ʃ tʲ iː
coláistí	k ʊ lˠ ɑː ʃ tʲ iː
coláistí	k ʌ lˠ æ ʃ tʲ i
compóirteach	k uː mˠ pˠ oː ɾˠ tʲ ə x
craice	k ɾˠ a c ə
crainn	k ɾˠ a i ɲ
crainn	k ɾˠ iː nʲ
crainn	k ɾˠ iː n̠ʲ
crainn	k ɾˠ ɪ n̠ʲ
cranra	k ɾˠ aː nˠ rˠ ə
croinnte	k ɾˠ iː n̠ʲ tʲ ə
crotach	k ɾˠ ɔ t̪ˠ ə x
croíthe	k ɾˠ iː h ɪ
croítí	k ɾˠ iː tʲ iː
créatúir	c ɾʲ eː t̪ˠ u ɾʲ
créatúir	c ɾʲ eː t̪ˠ uː ɾʲ
críostaí	c ɾʲ iː sˠ t̪ˠ i
críostaí	c ɾʲ iː sˠ t̪ˠ iː
cuirim	k ɪ ɾʲ ə mʲ
cuirimid	k ɪ ɾʲ ə mʲ ə dʲ
cultacha	k ɔ l̪ˠ t̪ˠ ə x iː
cultacha	k ɔ l̪ˠ t̪ˠ ə x ə
cultacha	k ʌ l̪ˠ t̪ˠ a x ə
cupla	k ʊ pˠ lˠ ə
cupáin	k ʊ pˠ æ nʲ
cupáin	k ʊ pˠ ɑː nʲ
cá	k æː
cá	k ɑː
cáca	k æː k ə
cáca	k ɑː k ə
céacht	c ɛ a̯ x t̪ˠ
cén	c eː nˠ
cíd	c iː dʲ
címíd	c iː mʲ iː dʲ
cíonn	c iː n̪ˠ
cítear	c iː tʲ ə ɾˠ
cúil	k uː lʲ
cúntach	k uː n̪ˠ t̪ˠ a h
cúntach	k uː n̪ˠ t̪ˠ a x
cúntach	k uː n̪ˠ t̪ˠ ə x
cúpla	k uː pˠ lˠ ə
d'	dʲ
d'	d̪ˠ
d'alt	d̪ˠ a l̪ˠ t̪ˠ
d'fhág	d̪ˠ ɑː ɡ
daidithe	dˠ a dʲ ɪ h ə
danmhairge	d̪ˠ a n w ə ɾʲ ə ɟ ə
dar	d̪ˠ a ɾˠ
datha	d̪ˠ a h ə
deachthas	dʲ a x ə sˠ
deaide	dʲ æː dʲ ə
dealbhóir	dʲ a lˠ w oː ɾʲ
dealbhóir	dʲ a lˠ ə w oː ɾʲ
dear	dʲ a ɾˠ
deatach	dʲ a t̪ˠ ə x
dein	dʲ ɪ nʲ
deineann	dʲ ɪ nʲ ə n̪ˠ
deinid	dʲ ɪ nʲ ə dʲ
deinimíd	dʲ ɪ nʲ ə mʲ iː dʲ
deinir	dʲ ɪ nʲ ə ɾʲ
deintear	dʲ ɪ nʲ tʲ ə ɾˠ
deirdre	dʲ ɛ ɾʲ ə dʲ ɾʲ ə
deiread	dʲ ɛ ɾʲ ə d̪ˠ
deireann	dʲ ɛ ɾʲ ə n̪ˠ
deireas	dʲ ɛ ɾʲ ə sˠ
deirid	dʲ ɛ ɾʲ ə dʲ
deiridís	dʲ ɛ ɾʲ ə dʲ iː ʃ
deirim	dʲ ɛ ɾʲ ə mʲ
deirimid	dʲ ɛ ɾʲ ə mʲ ə dʲ
deirimis	dʲ ɛ ɾʲ ə mʲ ə ʃ
deirinn	dʲ ɛ ɾʲ ə nʲ
deirinn	dʲ ɛ ɾʲ ə n̠ʲ
deirinn	dʲ ɛ ɾʲ ə ɲ
deirir	dʲ ɛ ɾʲ ə ɾʲ
deirtear	dʲ ɛ ɾʲ tʲ ə ɾˠ
deirteá	dʲ ɛ ɾʲ tʲ æ
deirteá	dʲ ɛ ɾʲ tʲ ɑː
deirtí	dʲ ɛ ɾʲ tʲ i
deirtí	dʲ ɛ ɾʲ tʲ iː
deisigh	dʲ ɛ ʃ i
deisigh	dʲ ɛ ʃ iː
deisigh	dʲ ɛ ʃ ə
deisigh	dʲ ɛ ʃ ə ɟ
deochanna	dʲ ɔ x ə n̪ˠ iː
deochanna	dʲ ɔ x ə n̪ˠ ə
dhaidí	ɣ a dʲ iː
dhearg	j a ɾˠ ə ɡ
dheineann	j ɪ nʲ ə n̪ˠ
dhiúca	j uː k ə
dhiúic	j uː c
dhochtúir	ɣ ɔ x t̪ˠ u ɾʲ
dhochtúir	ɣ ɔ x t̪ˠ uː ɾʲ
dhochtúirí	ɣ ɔ x t̪ˠ u ɾʲ i
dhochtúirí	ɣ ɔ x t̪ˠ uː ɾʲ iː
dhol	ɣ ɔ lˠ
dhónna	ɣ oː n̪ˠ iː
dhónna	ɣ oː n̪ˠ ə
dhónna	ɣ ɔː n̪ˠ ə
dialann	dʲ i ə lˠ ə n̪ˠ
doberthe	d o bʲ e r θ ɘ
docht	d̪ˠ ɔ x t̪ˠ
dochtúirí	d̪ˠ ɔ x t̪ˠ u ɾʲ i
dochtúirí	d̪ˠ ɔ x t̪ˠ uː ɾʲ iː
dochtúra	d̪ˠ ɔ x t̪ˠ u ɾˠ ə
dochtúra	d̪ˠ ɔ x t̪ˠ uː ɾˠ ə
dois	d̪ˠ ɔ ʃ
donnrua	d̪ˠ ɔ n̪ˠ ɾˠ u ə
dosanna	d̪ˠ ɔ sˠ ə n̪ˠ iː
dosanna	d̪ˠ ɔ sˠ ə n̪ˠ ə
dreama	dʲ ɾʲ a mˠ ə
dreama	dˠ ɾˠ ɑ mˠ ə
dreamanna	dʲ ɾʲ a mˠ ə n̪ˠ ə
dreamanna	dʲ ɾʲ æː mˠ ə n̪ˠ iː
dreamanna	dˠ ɾˠ ɑ mˠ ə n̪ˠ ə
dromanna	d̪ˠ ɾˠ ɔ mˠ ə n̪ˠ ə
druide	d̪ˠ ɾˠ ɪ dʲ ə
dtae	d̪ˠ eː
dtaenna	d̪ˠ eː n̪ˠ ə
dtaga	d̪ˠ a ɡ ə
dtaobhanna	d̪ˠ eː vˠ ə n̪ˠ ə
dtaobhanna	d̪ˠ iː w ə n̪ˠ iː
dtaobhanna	d̪ˠ iː w ə n̪ˠ ə
dteorainneacha	dʲ oː ɾˠ ə n̠ʲ ə x ə
dtor	d̪ˠ ɔ ɾˠ
dtí	dʲ iː
dtíortha	dʲ iː ɾˠ h ə
duabhair	d̪ˠ u ə vˠ ə ɾʲ
duadar	d̪ˠ u ə d̪ˠ ə ɾˠ
duadh	d̪ˠ u ə ɡ
duamair	d̪ˠ u ə m ə ɾʲ
dula	d̪ˠ ʊ lˠ ə
dulta	d̪ˠ ʊ l̪ˠ t̪ˠ ə
dá	d̪ˠ æː
dá	d̪ˠ ɑː
dáil	d̪ˠ æː lʲ
dáil	d̪ˠ ɑː lʲ
dána	d̪ˠ æː nˠ ə
dána	d̪ˠ ɑː nˠ ə
dánlann	d̪ˠ æː n̪ˠ l̪ˠ ə n̪ˠ
dánlann	d̪ˠ ɑː n̪ˠ l̪ˠ ə n̪ˠ
dín	dʲ iː nʲ
díolta	dʲ i ə l̪ˠ t̪ˠ ə
díolta	dʲ iː l̪ˠ t̪ˠ ə
dónna	d̪ˠ oː n̪ˠ iː
dónna	d̪ˠ oː n̪ˠ ə
dónna	d̪ˠ ɔː n̪ˠ ə
dúidín	dˠ uː dʲ i nʲ
dúidín	dˠ uː dʲ iː nʲ
dúnaim	d̪ˠ uː n ə mʲ
dúnaim	d̪ˠ uː n ə mˠ
dúnta	d̪ˠ uː n̪ˠ t̪ˠ ə
dúrabhair	d̪ˠ uː ɾˠ ə w ə ɾʲ
dúradar	d̪ˠ uː ɾˠ ə d̪ˠ ə ɾˠ
dúradh	d̪ˠ uː ɾˠ u
dúradh	d̪ˠ uː ɾˠ uː
dúradh	d̪ˠ uː ɾˠ ə vˠ
dúradh	d̪ˠ uː ɾˠ ə ɡ
dúrais	d̪ˠ uː ɾˠ ə ʃ
dúramar	d̪ˠ uː ɾˠ ə mˠ ə ɾˠ
dúras	d̪ˠ uː ɾˠ ə sˠ
dúrt	d̪ˠ uː ɾˠ t̪ˠ
dúthaigh	d̪ˠ uː h ə
eaglaise	a ɡ lˠ ə ʃ ə
eaglaise	a ɡ ə l̪ˠ ə ʃ ə
eaglaise	ɑː ɡ lˠ ə ʃ ə
eaglaisí	a ɡ lˠ ə ʃ i
eaglaisí	a ɡ lˠ ə ʃ iː
eaglaisí	a ɡ ə l̪ˠ ə ʃ iː
eaglaisí	ɑː ɡ lˠ ə ʃ iː
eanáir	a n̪ˠ ɑː ɾʲ
eascrach	a sˠ k ɾˠ ə x
eascracha	a s k r ə x ə
eofón	oː fˠ oː nˠ
facabhair	fˠ a k ə w ə ɾˠ
facadar	fˠ a k ə d̪ˠ ə ɾˠ
facais	fˠ a k ə ʃ
facamar	fˠ a k ə mˠ ə ɾˠ
facas	fˠ a k ə sˠ
facthas	fˠ a k ə sˠ
fair	fˠ a ɾʲ
farraigí	fˠ a ɾˠ ə ɟ i
farraigí	fˠ a ɾˠ ə ɟ iː
fata	fˠ a t̪ˠ ə
fataí	fˠ a t̪ˠ iː
feadaíl	fʲ a d̪ˠ i lʲ
feadaíl	fʲ a d̪ˠ iː lʲ
feadaíl	fʲ æː d̪ˠ iː lʲ
fearghas	fʲ a ɾˠ iː sˠ
fearghas	fʲ a ɾˠ ə ɡ ə sˠ
fearthainne	fʲ a ɾˠ h ə n̠ʲ ə
fearthainne	fʲ a ɾˠ h ə ɲ ə
feicim	fʲ ɛ c ə mʲ
feictear	fʲ ɛ c tʲ ə ɾˠ
feicthe	fʲ ɛ c ə
feidhme	fʲ ə i mʲ ə
feilm	fʲ ɛ lʲ ə mʲ
feilméara	fʲ ɛ lʲ ə mʲ eː ɾˠ ə
feilméaraí	fʲ ɛ lʲ ə mʲ eː ɾˠ iː
feolta	fʲ oː l̪ˠ t̪ˠ ə
feolta	fʲ ɔː l̪ˠ t̪ˠ ə
fhaca	a k ə
fhaca	ɑ k ə
fhearr	aː ɾˠ
fhearthainn	a ɾˠ h ə n̠ʲ
fhearthainn	a ɾˠ h ə ɲ
fheoil	oː lʲ
fheoil	ɔː lʲ
fheola	oː lˠ ə
fhiartha	i ə ɾˠ h ə
fhiche	ɪ h ə
fhiche	ɪ ç ə
fhichead	ɪ h ə d̪ˠ
fhichead	ɪ ç ə d̪ˠ
fhionlainn	ɪ n lˠ ə n̠ʲ
fhionlainnis	ɪ n̪ˠ l̪ˠ ə n̠ʲ ɪ ʃ
fhios	ɪ sˠ
fhlaith	lˠ a
fhlaith	lˠ a h
fhlatha	lˠ a h ə
fhrainc	ɾˠ a ɲ c
fhranc	ɾˠ a ŋ k
fhranca	ɾˠ a ŋ k ə
fhréamh	ɾʲ eː vˠ
fhuil	ɪ lʲ
fhuilim	ɪ lʲ ə mʲ
fhuilimid	ɪ lʲ ə mʲ ə dʲ
fhuáil	uː aː lʲ
fhág	æː ɡ
fhág	ɑː ɡ
fhágáil	æː ɡ æ lʲ
fhágáil	ɑː ɡ ɑː lʲ
fháinne	æː n̠ʲ ə
fháinne	ɑː n̠ʲ ə
fháinne	ɑː ɲ ə
fia	fʲ i ə
fiacail	fʲ i ə k ə l
fiacail	fʲ i ə k ə lʲ
fiacaile	fʲ i ə k ə lʲ ə
fiafheoil	fʲ i ə oː lʲ
fianna	fʲ i ə n̪ˠ ə
fiarthaí	fʲ i ə ɾˠ h iː
fichead	fʲ ɪ h ə d̪ˠ
fichead	fʲ ɪ ç ə d̪ˠ
ficheall	fʲ iː l̪ˠ
ficheall	fʲ ɪ h ə l̪ˠ
ficheall	fʲ ɪ ç ə l̪ˠ
fichidí	fʲ ɪ h ɪ dʲ iː
fichidí	fʲ ɪ ç ɪ dʲ i
fichidí	fʲ ɪ ç ɪ dʲ iː
fionlainn	fʲ ɪ n lˠ ə n̠ʲ
fionlainnis	fʲ ɪ n̪ˠ l̪ˠ ə n̠ʲ ɪ ʃ
fionlainnise	fʲ ɪ n̪ˠ l̪ˠ ə n̠ʲ ɪ ʃ ə
fite	fʲ ɪ tʲ ə
fiúntach	fʲ uː n̪ˠ t̪ˠ a h
fiúntach	fʲ uː n̪ˠ t̪ˠ a x
fiúntach	fʲ uː n̪ˠ t̪ˠ ə x
flatha	fˠ lˠ a h ə
foclóir	fˠ ɔ k lˠ oː ɾʲ
foilmhe	fˠ ɛ lʲ ə vʲ ə
folmha	fˠ ɔ l̪ˠ ə w ə
franca	fˠ ɾˠ a ŋ k ə
francaigh	fˠ ɾˠ a ŋ k i
francaigh	fˠ ɾˠ a ŋ k iː
francaigh	fˠ ɾˠ a ŋ k ə
francaigh	fˠ ɾˠ a ŋ k ɪ ɟ
frog	fˠ ɾˠ ɔ ɡ
fréimhe	fʲ ɾʲ eː vʲ ə
fuilid	fˠ ɪ lʲ ə dʲ
fuilim	fˠ ɪ lʲ ə mʲ
fuilimid	fˠ ɪ lʲ ə mʲ ə dʲ
fuilir	fˠ ɪ lʲ ə ɾʲ
fuiltear	fˠ ɪ l̠ʲ tʲ ə ɾʲ
fuinneoige	f i ɲ oː ɡʲ ə
fuáil	fˠ uː aː lʲ
fuála	fˠ uː aː lˠ ə
fágtha	fˠ ɑː k ə
fágála	fˠ æː ɡ æ lˠ ə
fágála	fˠ ɑː ɡ ɑː lˠ ə
fágálacha	fˠ æː ɡ æ lˠ ə x ə
fágálacha	fˠ ɑː ɡ ɑː lˠ ə x iː
fágálacha	fˠ ɑː ɡ ɑː lˠ ə x ə
fáinní	fˠ æː n̠ʲ i
fáinní	fˠ ɑː n̠ʲ iː
fáinní	fˠ ɑː ɲ iː
féachaint	fʲ eː x ɪ nʲ tʲ
féachaint	fʲ i a x ɪ nʲ tʲ
fómhair	fˠ oː ɾʲ
fómhair	fˠ õː ɾʲ
fónanna	fˠ oː n̪ˠ ə n̪ˠ ə
gaeltacht	ɡ eː l̪ˠ t̪ˠ a x t̪ˠ
gaeltacht	ɡ eː l̪ˠ t̪ˠ ə x t̪ˠ
gaiscígh	ɡ a ʃ c i
gaiscígh	ɡ a ʃ c iː
gaiscígh	ɡ a ʃ c iː ɟ
gaiscíoch	ɡ a ʃ c i x
gaiscíoch	ɡ a ʃ c iː x
gaiscíocha	ɡ a ʃ c i x ə
gaiscíocha	ɡ a ʃ c iː x ə
gala	ɡ a l̪ˠ ə
gandal	ɡ a u n̪ˠ d̪ˠ ə l̪ˠ
gaolainn	ɡ eː l̪ˠ ɪ ɲ
gar	ɡ a ɾˠ
gara	ɡ a ɾˠ ə
gara	ɡ ɑ ɾˠ ə
garanna	ɡ a ɾˠ ə n̪ˠ iː
garanna	ɡ a ɾˠ ə n̪ˠ ə
gardaí	ɡ æː ɾˠ d̪ˠ i
gardaí	ɡ ɑː ɾˠ d̪ˠ iː
gariníon	ɡ a ɾʲ ɪ nʲ iː nˠ
garmhac	ɡ a ɾˠ w a k
garraithe	ɡ ɑ ɾˠ ɪ h ə
garranta	ɡ ɑ ɾˠ ə n̪ˠ t̪ˠ iː
gas	ɡ a sˠ
gas	ɡ ɑ sˠ
gcailín	ɡ a lʲ i nʲ
gcailín	ɡ a lʲ iː nʲ
gcaoga	ɡ eː ɡ ə
gcaoga	ɡ iː ɡ ə
gcaogad	ɡ eː ɡ ə d̪ˠ
gcaogad	ɡ iː ɡ ə d̪ˠ
gcaogaidí	ɡ eː ɡ ə dʲ iː
gcaogaidí	ɡ iː ɡ ə dʲ i
gcaogaidí	ɡ iː ɡ ə dʲ iː
gcarachtar	ɡ a ɾˠ ə x t̪ˠ ə ɾˠ
gcasa	ɡ a sˠ ə
gcasa	ɡ ɑ sˠ ə
gcatach	ɡ a t̪ˠ a h
gcatach	ɡ a t̪ˠ a x
gcatach	ɡ a t̪ˠ ə x
gcatach	ɡ ə t̪ˠ a x
gceárta	ɟ aː ɾˠ t̪ˠ ə
gceárta	ɟ æː ɾˠ t̪ˠ ə
gceárta	ɟ ɑː ɾˠ t̪ˠ ə
gceártaí	ɟ aː ɾˠ t̪ˠ iː
gceártaí	ɟ æː ɾˠ t̪ˠ i
gceártaí	ɟ ɑː ɾˠ t̪ˠ iː
gciall	ɟ i ə l̪ˠ
gcine	ɟ ɪ nʲ ə
gciníocha	ɟ ɪ nʲ i x ə
gciníocha	ɟ ɪ nʲ iː x iː
gciníocha	ɟ ɪ nʲ iː x ə
gcis	ɟ ɪ ʃ
gciseanna	ɟ ɪ ʃ ə n̪ˠ iː
gciseanna	ɟ ɪ ʃ ə n̪ˠ ə
gcloisteáil	ɡ lˠ ɔ ʃ tʲ ɑː lʲ
gcnoc	ɡ nˠ ɔ k
gcnoc	ɡ n̪ˠ ɔ k
gcnoc	ɡ ɾˠ ɔ k
gcodanna	ɡ ɔ d̪ˠ ə n̪ˠ ə
gcol	ɡ ɔ lˠ
gcolanna	ɡ ɔ lˠ ə n̪ˠ ə
gcrann	ɡ ɾˠ a n̪ˠ
gcrann	ɡ ɾˠ a u n̪ˠ
gcrann	ɡ ɾˠ ɑː n̪ˠ
gcuid	ɡ ɪ dʲ
gcónaí	ɡ oː n̪ˠ iː
gcónaí	ɡ uː n̪ˠ iː
gcónaí	ɡ ɔː n̪ˠ i
gealtacht	ɟ a l̪ˠ t̪ˠ a x t̪ˠ
gealtacht	ɟ a l̪ˠ t̪ˠ ə x t̪ˠ
gealtacht	ɟ æ l̪ˠ t̪ˠ ə x t̪ˠ
geataí	ɟ a t̪ˠ iː
geimhridh	ɟ iː vʲ ɾʲ ə
geimhridh	ɟ iː ɾʲ ɪ ɟ
geimhridh	ɟ ɛ vʲ ɾʲ i
geimhridh	ɟ ɛ vʲ ɾʲ iː
geimhrí	ɟ iː vʲ ɾʲ iː
geimhrí	ɟ iː ɾʲ iː
geimhrí	ɟ ɛ vʲ ɾʲ i
geimhrí	ɟ ɛ vʲ ɾʲ iː
geimhríocha	ɟ iː vʲ ɾʲ iː x iː
ghair	ɣ a ɾʲ
ghaiscígh	ɣ a ʃ c i
ghaiscígh	ɣ a ʃ c iː
ghaiscígh	ɣ a ʃ c iː ɟ
ghaiscíoch	ɣ a ʃ c i x
ghaiscíoch	ɣ a ʃ c iː x
ghaiscíocha	ɣ a ʃ c i x ə
ghaiscíocha	ɣ a ʃ c iː x ə
ghar	ɣ a ɾˠ
ghar	ɣ ɑ ɾˠ
gharda	ɣ æː ɾˠ d̪ˠ i
gharda	ɣ ɑː ɾˠ d̪ˠ ə
ghardaí	ɣ æː ɾˠ d̪ˠ i
ghardaí	ɣ ɑː ɾˠ d̪ˠ iː
gheall	j a l̪ˠ
gheall	j a u l̪ˠ
gheall	j ɑː l̪ˠ
ghlais	ɣ lˠ a ʃ
ghlas	ɣ lˠ a sˠ
ghobtha	ɣ ɔ pˠ ə
ghoile	ɣ ɛ lʲ ə
ghrian	ʝ ɾʲ i ə nˠ
giúiré	ɟ uː ɾʲ eː
glais	ɡ lˠ a ʃ
glaise	ɡ lˠ a ʃ ə
glasa	ɡ lˠ a sˠ ə
glice	ɟ lʲ ɪ c ɪ
gloiniúcha	ɡ lˠ ɪ nʲ uː x iː
gloiní	ɡ lˠ ɪ nʲ iː
gléasaim	ɟ lʲ eː s ə mʲ
gnaitheach	ɡ ɾˠ eː h a x
gnaitheach	ɡ ɾˠ iː h a x
gnéas	ɟ nʲ eː sˠ
gnéas	ɟ ɾʲ eː sˠ
gníomhaí	ɡ nʲ iː w iː
goba	ɡ ɔ bˠ ə
gobtha	ɡ ɔ pˠ ə
goib	ɡ ɛ bʲ
goilte	ɡ ɛ lʲ tʲ ə
goilí	ɡ ɛ lʲ iː
goirme	ɡ ɪ ɾʲ mʲ ə
grianghraf	ɟ ɾʲ i ə nˠ ɣ ɾˠ a fˠ
gráigh	ɡ ɾˠ æː j
gráigh	ɡ ɾˠ ɑː
gráigh	ɡ ɾˠ ɑː j
gráigh	ɡ ɾˠ ɑː ɟ
grán	ɡ ɾˠ æː nˠ
grán	ɡ ɾˠ ɑː nˠ
guirme	ɡ ɪ ɾʲ mʲ ə
gáire	ɡ æː ɾʲ ə
gáire	ɡ ɑː ɾʲ ə
géagleabhair	ɟ eː ɡ l̠ʲ ə u ɾʲ
géagláidir	ɟ eː ɡ l̪ˠ ɑː dʲ ɪ ɾʲ
géagláidre	ɟ eː ɡ lˠ ɑː dʲ ɾʲ ə
gúna	ɡ uː nˠ ə
hab	h ɑ bˠ
habhann	h oː n̪ˠ
habhann	h ə u n̪ˠ
haca	h a k ə
hae	h eː
haenna	h eː n̪ˠ ə
haibhneacha	h a vʲ nʲ ə x iː
haibhneacha	h a vʲ nʲ ə x ə
haicme	h a c mʲ ə
haicmí	h a c mʲ iː
hailt	h a l̠ʲ tʲ
hairde	h aː ɾˠ dʲ ə
hairdí	h aː ɾˠ dʲ iː
halt	h a l̪ˠ t̪ˠ
ham	h a mˠ
ham	h aː mˠ
hama	h a mˠ ə
hamas	h a mˠ ə sˠ
haos	h eː sˠ
haos	h iː sˠ
hard	h aː ɾˠ d̪ˠ
harda	h aː ɾˠ d̪ˠ ə
harán	h a ɾˠ æ n̪ˠ
harán	h a ɾˠ ɑː n̪ˠ
harán	h ə ɾˠ ɑː n̪ˠ
hataí	h a t̪ˠ iː
hathruithe	h a h ɾˠ ɪ h ə
heagla	h a ɡ l̪ˠ ə
heaglaise	h a ɡ lˠ ə ʃ ə
heaglaise	h a ɡ ə l̪ˠ ə ʃ ə
heaglaise	h ɑː ɡ lˠ ə ʃ ə
heaglaisí	h a ɡ lˠ ə ʃ i
heaglaisí	h a ɡ lˠ ə ʃ iː
heaglaisí	h a ɡ ə l̪ˠ ə ʃ iː
heaglaisí	h ɑː ɡ lˠ ə ʃ iː
heich	h ɛ ç
himeanna	h ɪ mʲ ə n̪ˠ iː
himeanna	h ɪ mʲ ə n̪ˠ ə
hois	h ɪ ʃ
hola	h ɔ l̪ˠ ə
holaí	h ɔ lˠ iː
huaire	h u ə ɾʲ ə
huaireanta	h u ə ɾʲ ə n̪ˠ t̪ˠ iː
huaireanta	h u ə ɾʲ ə n̪ˠ t̪ˠ ə
hursa	h ʊ ɾˠ sˠ ə
hé	h eː
húr	h uː ɾˠ
idirlíon	ɪ dʲ ɪ ɾʲ l̠ʲ iː n̪ˠ
ime	ɪ mʲ ə
imeanna	ɪ mʲ ə n̪ˠ iː
imeanna	ɪ mʲ ə n̪ˠ ə
imeartas	ɪ mʲ ə ɾˠ t̪ˠ ə sˠ
inní	ɪ n̠ʲ iː
inár	ə nˠ ɑː ɾˠ
ionaidh	iː nˠ i
ionaidh	iː nˠ iː
ionaidh	uː n̪ˠ ɪ ɟ
iondúil	uː n̪ˠ d̪ˠ uː lʲ
ionga	ɔ ŋ ə
iothlann	ɔ l ə n̪ˠ
ithimid	ɪ h ə mʲ ə dʲ
iúil	uː lʲ
lachain	l̪ˠ a x ə nʲ
lachan	l̪ˠ a x ə nˠ
lacht	l̪ˠ a x t̪ˠ
lacht	l̪ˠ ɑ x t̪ˠ
laghairt	l̪ˠ ə i ɾʲ tʲ
laig	l̪ˠ a ɟ
laige	l̪ˠ a ɟ ə
laisteas	l̪ˠ a ʃ tʲ a sˠ
laistiar	l̪ˠ a ʃ tʲ i ə ɾˠ
laistigh	l̪ˠ a ʃ t ɪ j
laistigh	l̪ˠ a ʃ t ɪ ɟ
lampaí	l̪ˠ a mˠ pˠ iː
leabharlann	l̠ʲ oː ɾˠ l̪ˠ ə n̪ˠ
leabharlann	l̠ʲ ə u ɾˠ l̪ˠ ə n̪ˠ
leabhartha	l̠ʲ ə u ɾˠ h ə
leagtha	l̠ʲ a k ə
leannán	lʲ a n̪ˠ aː n̪ˠ
leictreoir	lʲ ɛ c tʲ ɾʲ oː ɾʲ
leisciúil	lʲ ɛ ʃ c uː lʲ
leisciúil	l̠ʲ ɛ ʃ c u lʲ
leisciúil	l̠ʲ ɛ ʃ c uː lʲ
leitir	l̠ʲ ɛ tʲ ɪ ɾʲ
liatroim	l̠ʲ i ə t̪ˠ ɾˠ ə mʲ
life	l̠ʲ ɪ fʲ ə
lige	l̠ʲ ɪ ɟ ə
ligis	l̠ʲ ɪ ɟ ɪ ʃ
litreach	lʲ i tʲ ɾʲ ə x
litreacha	lʲ ɪ tʲ ɾʲ ə x ə
locha	l̪ˠ ɔ x ə
lochán	l̪ˠ ɔ x ɑː nˠ
loime	l̪ˠ ɪ mʲ ə
loin	l̪ˠ ɪ nˠ
longa	l̪ˠ ɔ ŋ ə
longa	l̪ˠ ɔ ŋ ɡ ə
longa	l̪ˠ ʊ ŋ ə
longa	l̪ˠ ʊ ŋ ɡ ə
luaigh	l̪ˠ u ə ɟ
luasanna	l̪ˠ u ə sˠ ə n̪ˠ iː
luasanna	l̪ˠ u ə sˠ ə n̪ˠ ə
lucha	l̪ˠ ʊ x ə
luime	l̪ˠ ɪ mʲ ə
luimneach	l̪ˠ ɪ mʲ ə nʲ ə x
luin	l̪ˠ ɪ nˠ
láin	l̪ˠ æː nʲ
láin	l̪ˠ ɑː nʲ
láir	l̪ˠ ɑː ɾʲ
léamh	l̠ʲ eː vˠ
léamh	l̠ʲ eː w
léinte	l̠ʲ eː n̠ʲ tʲ ə
léinteacha	l̠ʲ eː n̠ʲ tʲ ə x iː
léiriú	l̠ʲ eː ɾʲ u
léiriú	l̠ʲ eː ɾʲ uː
madra	mˠ a d̪ˠ ɾˠ ə
maidineacha	mˠ a dʲ ə nʲ ə x iː
maidineacha	mˠ a dʲ ə nʲ ə x ə
maime	mˠ a mʲ ə
mala	mˠ a l̪ˠ ə
mala	mˠ ɑ l̪ˠ ə
mam	mˠ a mˠ
mamaí	mˠ a mˠ iː
maoil	mˠ iː lʲ
maoile	mˠ iː lʲ ə
maola	mˠ eː lˠ ə
maola	mˠ iː lˠ ə
mapaí	mˠ a pˠ i
mapaí	mˠ a pˠ iː
mapaí	mˠ ɑ pˠ iː
mara	mˠ a ɾˠ ə
mba	mˠ a
mba	mˠ ə
mbainne	mˠ a n̠ʲ ə
mbainne	mˠ ɑ nʲ ə
mbainne	mˠ ɑ ɲ ə
mbaint	mˠ a n̠ʲ tʲ
mbaint	mˠ ɪ n̠ʲ tʲ
mbanc	mˠ a ŋ k
mbeidh	mʲ ɛ j
mbeidh	mʲ ɛ ɟ
mbeifear	mʲ ɛ j ɑː ɾˠ
mblas	mˠ lˠ a sˠ
mblas	mˠ l̪ˠ ɑ sˠ
mblasanna	mˠ lˠ a sˠ ə n̪ˠ iː
mblasanna	mˠ lˠ a sˠ ə n̪ˠ ə
mblasanna	mˠ l̪ˠ ɑ sˠ ə n̪ˠ ə
mbod	mˠ ɔ d̪ˠ
mbranda	mˠ ɾˠ a n̪ˠ d̪ˠ ə
mbrandaí	mˠ ɾˠ a n̪ˠ d̪ˠ iː
mbrise	mʲ ɾʲ ɪ ʃ ə
mbriseanna	mʲ ɾʲ ɪ ʃ ə n̪ˠ iː
mbriseanna	mʲ ɾʲ ɪ ʃ ə n̪ˠ ə
mbristeacha	mʲ ɾʲ ɪ ʃ tʲ ə x iː
mbristeacha	mʲ ɾʲ ɪ ʃ tʲ ə x ə
mbáisteach	mˠ aː ʃ tʲ ə x
mbéarla	mʲ eː ɾˠ lˠ ə
meara	mʲ a ɾˠ ə
mearbhall	mʲ a ɾˠ w ə l̪ˠ
mhaoil	vˠ iː lʲ
mhaoil	w iː lʲ
mhaol	vˠ eː l̪ˠ
mhaol	w iː lˠ
mholainn	vˠ ɔ lˠ ə n̠ʲ
mholainn	vˠ ɔ lˠ ə ɲ
mholainn	w ɔ lˠ ə n̠ʲ
mholta	vˠ ɔ l̪ˠ t̪ˠ ə
mholta	w ɔ l̪ˠ t̪ˠ ə
mhuineál	w ɪ n ɑː l
mhuiníl	vˠ ɪ nʲ iː lʲ
mhuiníl	w ɪ nʲ i lʲ
mhuiníl	w ɪ nʲ iː lʲ
mhéadaigh	vʲ eː a̯ d̪ˠ ɪ ɟ
mhí	vʲ iː
mian	mʲ i ə nˠ
mill	mʲ iː lʲ
mill	mʲ ɪ lʲ
milseog	mʲ ɪ l̠ʲ ʃ a ɡ
milseog	mʲ ɪ l̠ʲ ʃ oː ɡ
milseog	mʲ ɪ l̠ʲ ʃ ɔ ɡ
mion	mʲ ɪ nˠ
mion	mʲ ʊ nˠ
moch	mˠ ɔ x
moch	mˠ ʌ x
mocha	mˠ ɔ x ə
molta	mˠ ɔ l̪ˠ t̪ˠ ə
moltaí	mˠ ɔ l̪ˠ t̪ iː
moltaí	mˠ ɔ l̪ˠ t̪ˠ i
moltaí	mˠ ɔ l̪ˠ t̪ˠ iː
muiceoil	mˠ ɪ c oː lʲ
muiceoil	mˠ ɪ c ɔ lʲ
muiníl	mˠ ɪ nʲ iː lʲ
máire	mˠ æː ɾʲ ə
máire	mˠ ɑː ɾʲ ə
máirtín	mˠ æː ɾˠ tʲ i nʲ
máirtín	mˠ ɑː ɾˠ tʲ iː nʲ
máiréad	mˠ æː ɾʲ a d̪ˠ
máiréad	mˠ ɑː ɾʲ eː d̪ˠ
máithreacha	mˠ æ h ɾʲ ə x ə
máithreacha	mˠ ɑː h ɾʲ ə x ə
máithreacha	mˠ ɑː ɾʲ ə x iː
málaí	mˠ æː lˠ i
málaí	mˠ ɑː lˠ iː
márta	mˠ ɑː ɾˠ t̪ˠ ə
méadaigh	vʲ eː a̯ d̪ˠ ɪ ɟ
mín	mʲ iː nʲ
míonna	mʲ iː n̪ˠ iː
míonna	mʲ iː n̪ˠ ə
múinteora	mˠ uː nʲ tʲ oː ɾˠ ə
naetha	n̪ˠ eː h ə
naimhde	n̪ˠ ã vʲ dʲ ə
naomh	n̪ˠ eː vˠ
naomh	n̪ˠ iː vˠ
naomh	n̪ˠ iː w
naomh	n̪ˠ ïː w
naomh	n̪ˠ ɰ iː ə̯ vˠ
ndiúc	n̠ʲ uː k
ndochtúirí	n̪ˠ ɔ x t̪ˠ u ɾʲ i
ndochtúirí	n̪ˠ ɔ x t̪ˠ uː ɾʲ iː
ndol	n̪ˠ ɔ lˠ
ndola	n̪ˠ ɔ lˠ ə
ndolaí	n̪ˠ ɔ lˠ iː
ndosanna	n̪ˠ ɔ sˠ ə n̪ˠ iː
ndosanna	n̪ˠ ɔ sˠ ə n̪ˠ ə
ndónna	n̪ˠ oː n̪ˠ iː
ndónna	n̪ˠ oː n̪ˠ ə
ndónna	n̪ˠ ɔː n̪ˠ ə
neamhní	nʲ æ vʲ nʲ iː
ngaiscíoch	ŋ a ʃ c i x
ngaiscíoch	ŋ a ʃ c iː x
ngar	ŋ a ɾˠ
ngar	ŋ ɑ ɾˠ
ngaranna	ŋ a ɾˠ ə n̪ˠ iː
ngaranna	ŋ a ɾˠ ə n̪ˠ ə
ngarda	ŋ æː ɾˠ d̪ˠ i
ngarda	ŋ ɑː ɾˠ d̪ˠ ə
ngardaí	ŋ æː ɾˠ d̪ˠ i
ngardaí	ŋ ɑː ɾˠ d̪ˠ iː
nglais	ŋ lˠ a ʃ
nglas	ŋ lˠ a sˠ
ngoile	ŋ ɛ lʲ ə
ngoilí	ŋ ɛ lʲ iː
niall	n̠ʲ i ə l̪ˠ
nimis	n̠ʲ ɪ mʲ ɪ ʃ
niocláis	n̠ʲ ɪ k lˠ aː ʃ
nioclás	n̠ʲ ɪ k lˠ aː sˠ
nite	nʲ ɪ tʲ ə
nuaí	n̪ˠ uː iː
náisiúin	n̪ˠ æː ʃ u nʲ
náisiúin	n̪ˠ ɑː ʃ uː nʲ
náisiúnta	n̪ˠ æː ʃ u n̪ˠ t̪ˠ ə
náisiúnta	n̪ˠ ɑː ʃ uː n̪ˠ t̪ˠ ə
námhaid	n̪ˠ æ̃ː w ə dʲ
nár	n̪ˠ ɑː ɾˠ
ní	nʲ iː
nílid	nʲ iː lʲ ɪ dʲ
nílim	nʲ iː lʲ ɪ mʲ
nílimid	nʲ iː lʲ ɪ mʲ iː dʲ
nílir	nʲ iː lʲ ə ɾʲ
níltear	n̠ʲ iː l̠ʲ tʲ ə ɾˠ
níor	nʲ iː ɾˠ
nóis	n̪ˠ oː ʃ
nóis	n̪ˠ uː ʃ
nóis	n̪ˠ ɔː ʃ
nóra	n̪ˠ ɔː ɾˠ ə
nósanna	n̪ˠ oː sˠ ə n̪ˠ iː
nósanna	n̪ˠ oː sˠ ə n̪ˠ ə
nósanna	n̪ˠ uː sˠ ə n̪ˠ iː
nósanna	n̪ˠ uː sˠ ə n̪ˠ ə
nósanna	n̪ˠ ɔː sˠ ə n̪ˠ ə
oighear	ə i ɾʲ
oiseoil	ɛ ʃ oː lʲ
oiseoil	ɪ ʃ oː lʲ
olaí	ɔ lˠ iː
ollbhasún	ɔ l̪ˠ w a sˠ uː nˠ
ollbhua	ɔ l̪ˠ w u ə
olldord	ɔ l̪ˠ d̪ˠ oː ɾˠ d̪ˠ
ollscoil	ɔ l̪ˠ sˠ k ɞ lʲ
orlár	ə u ɾˠ l̪ˠ ɑː ɾˠ
oráiste	ɔ ɾˠ æ ʃ tʲ ə
oráiste	ɔ ɾˠ ɑː ʃ tʲ ə
oráiste	ə ɾˠ ɑː ʃ tʲ ə
oráistí	o r ɑː ʃ tʲ iː
osa	ɔ sˠ ə
oscailte	ɔ sˠ k ɪ lʲ tʲ ɪ
oíche	iː
oíche	iː h ə
oíche	iː ç ə
oícheanta	iː h ə n̪ˠ t̪ˠ ə
oícheanta	iː n̪ˠ t̪ˠ iː
oícheanta	iː ç ə n̪ˠ t̪ˠ ə
peictiúir	pʲ ɛ c tʲ uː ɾʲ
peictiúr	pʲ ɛ c tʲ uː ɾˠ
peige	pʲ ɛ ɟ ə
phianta	fʲ i ə n̪ˠ t̪ˠ ə
phost	fˠ ɔ sˠ t̪ˠ
pianta	pʲ i ə n̪ˠ t̪ˠ ə
piantar	pʲ i ə n̪ˠ t̪ˠ ə ɾˠ
pise	pʲ ɪ ʃ ə
piteog	pʲ ɪ tʲ a ɡ
piteog	pʲ ɪ tʲ oː ɡ
piteog	pʲ ɪ tʲ ɔ ɡ
pleidhc	p l ə i k
plátaí	pˠ lˠ æː t̪ˠ i
plátaí	pˠ lˠ ɑː t̪ˠ iː
poblacht	pˠ ɔ bˠ l a x t̪ˠ
poipín	pˠ ɛ pʲ iː nʲ
poitín	pˠ ə tʲ iː nʲ
poitín	pˠ ɛ tʲ i nʲ
poitín	pˠ ɛ tʲ iː nʲ
pol	pˠ ɔ lˠ
polla	pˠ ɔ l̪ˠ ə
post	pˠ ɔ sˠ t̪ˠ
posta	pˠ ɔ sˠ t̪ˠ ə
potaí	pˠ ɔ t̪ˠ iː
potaí	pˠ ʌ t̪ˠ i
prátaí	pˠ ɾˠ æː t̪ˠ i
prátaí	pˠ ɾˠ ɑː t̪ˠ iː
préachta	pʲ ɾʲ ɛ a̯ x t̪ˠ ə
puint	pˠ ɪ nʲ tʲ
pádraig	pˠ æː ɾˠ ɪ c
pádraig	pˠ ɑː ɾˠ ɪ c
pádraig	pˠ ɑː ɾˠ ɪ ɟ
páipéir	pˠ æː pʲ e ɾʲ
páipéir	pˠ ɑː pʲ eː ɾʲ
péist	pʲ eː ʃ tʲ
pócaí	pˠ oː k iː
pócaí	pˠ ɔː k i
pósta	pˠ oː sˠ t̪ˠ ə
pósta	pˠ ɔː sˠ t̪ˠ ə
rabhabhair	ɾˠ a u w ə ɾʲ
rabhadar	ɾˠ a w ə d̪ˠ ə ɾˠ
rabhadh	ɾˠ ɔ h uː
rabhais	ɾˠ a w ə ʃ
rabhamar	ɾˠ a w ə mˠ ə ɾˠ
rabhas	ɾˠ a w ə sˠ
rachaidh	ɾˠ a x iː
rachaidh	ɾˠ a x ə
rachaidh	ɾˠ ə i ɟ
raimhre	ɾˠ a vʲ ɾʲ ə
ramhair	ɾˠ ə u rʲ
ramhra	ɾˠ ə u ɾˠ ə
reabab	ɾˠ a bˠ ə bˠ
riar	ɾˠ i ə ɾˠ
riartha	ɾˠ i ə ɾˠ h ə
rince	ɾˠ ɪ ɲ c ə
rincí	ɾˠ ɪ ɲ c i
rincí	ɾˠ ɪ ɲ c iː
rinneabhair	ɾˠ ɪ nʲ ə w ə ɾʲ
rinnis	ɾˠ ɪ nʲ ə ʃ
ronnach	ɾˠ ɔ n̪ˠ ə x
ronnach	ɾˠ ə n̪ˠ a x
ronnach	ɾˠ ɤ n̪ˠ a h
ronnach	ɾˠ ɤ n̪ˠ a x
ronnach	ɾˠ ʊ n̪ˠ ə x
rop	ɾˠ ɔ pˠ
ropa	ɾˠ ɔ pˠ ə
ropad	ɾˠ ɔ pˠ ə d̪ˠ
ropas	ɾˠ ɔ pˠ ə sˠ
rothair	ɾˠ o h ə ɾʲ
rothar	ɾˠ ɔ h ə ɾˠ
ruairí	ɾˠ u ə rʲ iː
rudaí	ɾˠ ʊ d̪ˠ i
rudaí	ɾˠ ʊ d̪ˠ iː
rug	ɾˠ ʊ ɡ
rugabhair	ɾˠ ʊ ɡ ə w ə ɾʲ
rugadar	ɾˠ ʊ ɡ ə dˠ ə ɾˠ
rugadh	ɾˠ ʊ ɡ u
rugadh	ɾˠ ʊ ɡ uː
rugadh	ɾˠ ʊ ɡ ə vˠ
rugadh	ɾˠ ʊ ɡ ə ɡ
rugais	ɾˠ ʊ ɡ ə ʃ
rugamar	ɾˠ ʊ ɡ ə mˠ ə ɾˠ
rugas	ɾˠ ʊ ɡ ə sˠ
ruifíneach	ɾˠ ə fʲ iː nʲ ə x
ruifíneach	ɾˠ ɪ fʲ i nʲ a h
ruifíneach	ɾˠ ɪ fʲ iː nʲ ə x
ruán	ɾˠ uː ɑː nˠ
ríoga	ɾˠ iː ɡ ə
ríthe	ɾˠ iː h ə
rónán	ɾˠ oː n æ n
rónán	ɾˠ oː n ɑː n
rúise	ɾˠ uː ʃ ə
sacsafón	sˠ a k sˠ ə fˠ oː nˠ
sagartúil	sˠ a ɡ ə ɾˠ t̪ˠ u lʲ
sagartúil	sˠ a ɡ ə ɾˠ t̪ˠ uː lʲ
sagartúil	sˠ ɑ ɡ ə ɾˠ t̪ˠ uː lʲ
saighead	sˠ ə i d̪ˠ
samhna	sˠ ə ʊ nˠ ə
san	sˠ a nˠ
saol	sˠ eː lˠ
saol	sˠ iː lˠ
saorstát	sˠ eː ɾˠ sˠ t̪ˠ ɑː t̪ˠ
saorstát	sˠ iː ɾˠ sˠ t̪ˠ æː t̪ˠ
saorstát	sˠ iː ɾˠ sˠ t̪ˠ ɑː t̪ˠ
satharn	sˠ a h ə ɾˠ nˠ
scagtha	sˠ k a k ə
scagtha	sˠ k ɑ k ə
scanraigh	sˠ k a u n̠ˠ d̠͡ɹ̝ˠ ɪ ɟ
scanraigh	sˠ k aː nˠ rˠ i
scanraigh	sˠ k ɑː n̠ˠ t̠͡ɹ̝ˠ ə
scanraithe	sˠ k aː nˠ rˠ i
scanrú	sˠ k a u n̠ˠ d̠͡ɹ̝ˠ uː
scanrú	sˠ k ɑː n̠ˠ t̠͡ɹ̝ˠ uː
sceach	ʃ c a x
sceiche	ʃ c ɛ ç ə
sciathán	ʃ c ɪ h ɑː n
scine	ʃ c ɪ nʲ ə
sciorta	ʃ c ɪ ɾˠ t̪ˠ ə
scrúdú	sˠ k ɾˠ uː d̪ˠ u
scrúdú	sˠ k ɾˠ uː d̪ˠ uː
scéalaithe	ʃ c eː lˠ ɪ h ə
seachtainí	ʃ a x t̪ˠ ə nʲ iː
sealbh	ʃ a lˠ ə vˠ
sealbha	ʃ a lˠ ə vˠ ə
seandaoine	ʃ a n d iː n ə
seanmhná	ʃ a nˠ vˠ nˠ ɑː
seapáin	ʃ a pˠ ɑː nʲ
seastar	ʃ a sˠ t̪ˠ ə ɾˠ
seif	ʃ ɛ fʲ
seilbhe	ʃ ɛ lʲ ə vʲ ə
seomraí	ʃ oː mˠ ɾˠ iː
seomraí	ʃ uː mˠ ɾˠ iː
seáinín	ʃ aː nʲ iː nʲ
seáinín	ʃ æː nʲ i nʲ
seáinín	ʃ ɑː nʲ iː nʲ
shalach	h a l̪ˠ a x
shalach	h a l̪ˠ ə x
shalach	h ə l̪ˠ a x
shalach	sˠ a l̪ˠ a h
shean	h a nˠ
shean	h æː nˠ
shuí	h iː
shá	h æː
shá	h ɑː
shé	h eː
shéid	h eː dʲ
sia	ʃ i ə
silín	ʃ ɪ lʲ i nʲ
silín	ʃ ɪ lʲ iː nʲ
sionainn	ʃ ɪ nˠ ə n̠ʲ
sióg	ʃ iː oː ɡ
slaba	sˠ l̪ˠ a bˠ ə
slabaí	sˠ ɫ̪ a bˠ iː
sliotar	ʃ lʲ ɪ t̪ˠ ə ɾˠ
sluaite	sˠ ɫ̪ u ə tʲ ə
sléibhe	ʃ lʲ eː
sléibhe	ʃ lʲ eː vʲ ə
sléibhte	ʃ l̠ʲ eː fʲ tʲ ə
sneachta	ʃ nʲ a x t̪ˠ ə
sneachta	ʃ nʲ ã x t̪ˠ ə
sneachta	ʃ nʲ æː x t̪ˠ ə
snite	ʃ n̠ʲ ɪ tʲ ə
sní	ʃ n̠ʲ iː
solais	sˠ ɔ l̪ˠ ə ʃ
spóirt	sˠ pˠ oː ɾˠ tʲ
spóirt	sˠ pˠ ɔː ɾˠ tʲ
spórt	sˠ pˠ oː ɾˠ t̪ˠ
spórt	sˠ pˠ ɔː ɾˠ t̪ˠ
spúnóig	sˠ pˠ uː n̪ˠ oː ɟ
sreang	sˠ ɾˠ a u ŋ ɡ
sreang	sˠ ɾˠ a ŋ
sreang	sˠ ɾˠ ɑː ŋ
sráideanna	sˠ ɾˠ æː dʲ ə n̪ˠ ə
sráideanna	sˠ ɾˠ ɑː dʲ ə n̪ˠ iː
sráideanna	sˠ ɾˠ ɑː dʲ ə n̪ˠ ə
staileanna	sˠ t̪ˠ a lʲ ə n̪ˠ ə
stair	sˠ t̪ˠ a ɾʲ
stuic	sˠ t̪ˠ ɪ c
suain	sˠ u ə nʲ
suan	sˠ u ə nˠ
suan	sˠ u ə n̪ˠ
subh	sˠ uː
subh	sˠ ʊ vˠ
subh	sˠ ʊ w
suíleáil	sˠ iː lʲ ɑː lʲ
suíleálacha	sˠ iː lʲ ɑː l̪ˠ ə x iː
sá	sˠ æː
sá	sˠ ɑː
sásar	sˠ æː sˠ ə ɾˠ
sásar	sˠ ɑː sˠ ə ɾˠ
séamaisín	ʃ eː mˠ ə ʃ i nʲ
séamaisín	ʃ eː mˠ ə ʃ iː nʲ
séamas	ʃ eː mˠ ə sˠ
séanas	ʃ eː n̪ˠ ə sˠ
sí	ɕ iː
síbín	ʃ iː bʲ i nʲ
síbín	ʃ iː bʲ iː nʲ
síthe	ʃ iː h ə
sórt	sˠ oː ɾˠ t̪ˠ
súgartha	sˠ uː ɡ ə ɾˠ h ə
súgradh	sˠ uː ɡ ɾˠ u
súgradh	sˠ uː ɡ ɾˠ ə
súigh	sˠ uː
súigh	sˠ uː ɟ
súsafón	sˠ uː sˠ ə fˠ oː nˠ
tabharthach	t̪ˠ a u ɾˠ h ə x
tabharthach	t̪ˠ oː ɾˠ h a h
tabharthach	t̪ˠ oː ɾˠ h a x
taenna	t̪ˠ eː n̪ˠ ə
tagad	t̪ˠ ɑ ɡ ə d̪ˠ
tagaid	t̪ˠ ɑ ɡ ə dʲ
tagaim	t̪ˠ a ɡ ə mʲ
tagaimid	t̪ˠ a ɡ ə mʲ ə dʲ
tagair	t̪ˠ ɑ ɡ ə ɾʲ
tagtha	t̪ˠ a k ə
tailte	t̪ˠ a l̠ʲ tʲ ə
taltaí	t̪ˠ aː l̪ˠ t̪ˠ iː
taobhanna	t̪ˠ eː vˠ ə n̪ˠ ə
taobhanna	t̪ˠ iː w ə n̪ˠ iː
taobhanna	t̪ˠ iː w ə n̪ˠ ə
taoi	t̪ˠ iː
taoibh	t̪ˠ iː vʲ
taois	t̪ˠ iː ʃ
taoiseach	t̪ˠ iː ʃ a h
taoiseach	t̪ˠ iː ʃ a x
taoiseach	t̪ˠ iː ʃ ə x
teanga	tʲ a ŋ ə
teanga	tʲ a ŋ ɡ ə
teanga	tʲ æː ŋ ɡ ə
teanga	t͡ɕ a ŋ i
teorainn	tʲ oː ɾˠ ə n̠ʲ
teorainneacha	tʲ oː ɾˠ ə n̠ʲ ə x ə
teorann	tʲ oː ɾˠ ə n̪ˠ
teoranta	tʲ oː ɾˠ ə n̪ˠ t̪ˠ ə
thae	h eː
tharla	h æː ɾˠ l̪ˠ ə
tharla	h ɑː ɾˠ l̪ˠ ə
the	h ɛ
theo	ç oː
thine	h ɪ nʲ ə
thinn	h iː n̠ʲ
thinn	h ə i nʲ
thinn	h ə i ɲ
thinn	h ɪ n̠ʲ
thiocfaidh	ç ʊ k iː
thiocfaidh	ç ʊ k ə
thiocfas	ç u k ə sˠ
thor	h ɔ ɾˠ
thua	h u ə
thugainn	h ʊ ɡ ə n̠ʲ
thugainn	h ʊ ɡ ə ɲ
thuig	h ɪ ɟ
thángthas	h aː n ə k ə s
tiarna	tʲ i ə ɾˠ n̪ˠ ə
tigeann	tʲ ɪ ɟ ə n̪ˠ
tigim	tʲ ɪ ɟ ə mˠ
tigim	tʲ ɪ ɟ ɪ mʲ
timpistí	tʲ iː mˠ pˠ ə ʃ tʲ iː
timpistí	tʲ ɪ mˠ pˠ ə ʃ tʲ iː
tincéir	tʲ iː ɲ c eː ɾʲ
tintreacha	tʲ iː n̠ʲ tʲ ɾʲ ə x iː
tiocfaid	tʲ ʊ k ə dʲ
tiocfaidh	tʲ ʊ k iː
tiocfaidh	tʲ ʊ k ə
tiocfaimid	tʲ ʊ k ə mʲ ə dʲ
tiocfair	tʲ ʊ k ə ɾʲ
tiocfar	tʲ ʊ k f ə ɾˠ
tiocfas	tʲ ʊ k ə sˠ
tiubh	tʲ j uː
tochail	t̪ˠ ɔ x ə lʲ
tochais	t̪ˠ ɔ x ə ʃ
tochas	t̪ˠ ɔ x ə sˠ
toirbh	t̪ˠ ɛ ɾʲ ə vʲ
tola	t̪ˠ ɔ l̪ˠ ə
tomáisín	t̪ˠ ə mˠ ɑː ʃ iː nʲ
tomáisín	t̪ˠ ʊ mˠ æ ʃ i nʲ
tomáisín	t̪ˠ ʊ mˠ ɑː ʃ iː nʲ
tomás	t̪ˠ ə mˠ ɑː sˠ
tomás	t̪ˠ ʊ mˠ æ sˠ
tomás	t̪ˠ ʊ mˠ ɑː sˠ
tor	t̪ˠ ɔ ɾˠ
tosta	t̪ˠ ɔ sˠ t̪ˠ ə
tostad	t̪ˠ ɔ sˠ t̪ˠ ə d̪ˠ
trombón	t̪ˠ ɾˠ ɔ mˠ bˠ oː nˠ
tráchtaigí	t̪ˠ ɾˠ ɑː x t̪ˠ ə ɟ iː
tráigh	t̪ˠ ɾˠ æː j
tráigh	t̪ˠ ɾˠ ɑː
tráigh	t̪ˠ ɾˠ ɑː ɟ
tráthchlár	t̪ˠ ɾˠ æː x lˠ æː ɾˠ
tráthchlár	t̪ˠ ɾˠ ɑː x lˠ ɑː ɾˠ
tréas	tʲ ɾʲ eː sˠ
tseilbh	tʲ ɛ lʲ ə vʲ
tsneachta	tʲ nʲ a x t̪ˠ ə
tsneachta	tʲ nʲ ã x t̪ˠ ə
tsneachta	tʲ ɾʲ a x t̪ˠ ə
tsneachta	tʲ ɾʲ ã x t̪ˠ ə
tsneachta	tʲ ɾʲ æː x t̪ˠ ə
tuillidh	t̪ˠ ɪ lʲ ɪ ɟ
tuillidh	t̪ˠ ɪ l̠ʲ iː
tábhachtach	t̪ˠ æː w ə x t̪ˠ a h
tábhachtach	t̪ˠ ɑː w ə x t̪ˠ ə x
tábhachtach	t̪ˠ ɑː x t̪ˠ ə x
tábla	t̪ˠ æː bˠ lˠ ə
tádar	t̪ˠ ɑː d̪ˠ ə ɾˠ
táid	t̪ˠ ɑː dʲ
táim	t̪ˠ ɑː mʲ
táimid	t̪ˠ ɑː mʲ ə dʲ
táir	t̪ˠ ɑː ɾʲ
táthar	t̪ˠ æ h ə ɾˠ
táthar	t̪ˠ ɑː h ə ɾˠ
táthar	t̪ˠ ɑː ɾˠ
tímid	tʲ iː mʲ ə dʲ
tíonn	tʲ iː n̪ˠ
tíreacha	tʲ iː ɾʲ ə x iː
títhear	tʲ iː h ə ɾˠ
uasal	u ə sˠ ə lˠ
uasghrádú	u ə sˠ ɣ ɾˠ æː d̪ˠ u
uasghrádú	u ə sˠ ɣ ɾˠ ɑː d̪ˠ uː
uibheacha	ɪ vʲ ə x iː
uibheacha	ɪ vʲ ə x ə
uis	ɪ ʃ
uisce	ɪ ʃ k̟ ɪ
ullamh	ɔ l̪ˠ ə vˠ
ullamh	ʊ l̪ˠ uː
ullamh	ʊ l̪ˠ ə vˠ
uncail	uː ŋ k ə lʲ
uncail	ʊ ŋ k ə lʲ
uncaileacha	uː ŋ k ə lʲ ə x iː
ursan	ʊ ɾˠ sˠ ə n
ursan	ʊ ɾˠ sˠ ə n̪ˠ
veid	vʲ ɛ dʲ
áine	aː nʲ ə
áintín	ɑː nʲ tʲ iː nʲ
áiteanna	ɑː tʲ ə n̪ˠ ə
éamann	eː mˠ ə n̪ˠ
éigipt	eː ɟ ɪ pʲ tʲ
éin	eː nʲ
éireann	eː ɾʲ ə n̪ˠ
éireann	iː ɾʲ ə n̪ˠ
éireannaigh	eː ɾʲ ə n̪ˠ i
éireannaigh	eː ɾʲ ə n̪ˠ iː
éireannaigh	eː ɾʲ ə n̪ˠ ɪ ɟ
éirim	eː ɾʲ ə mʲ
éirímid	eː ɾʲ iː mʲ ə dʲ
éisc	eː ʃ c
óbó	oː bˠ oː
ócairín	oː k ə ɾʲ iː nʲ
ócairín	ɔː k ə ɾʲ i nʲ
ógfhear	oː ɡ a ɾˠ
óige	oː ɟ ɪ
óige	ɔː ɟ ɪ
óinseacha	oː ɲ ʃ ə x ə
óinsí	oː nʲ ʃ iː
óinsí	oː n̠ʲ ʃ iː
óinsí	ɔː n̠ʲ ʃ i
óir	oː ɾʲ
óir	ɔː ɾʲ
ómra	oː mˠ ɾˠ ə
úlla	uː l̪ˠ ə
