abade	a β a ð ɪ
abadesa	a β a ð e s ɐ
abadexo	a β a ð e ʃ ʊ
abadía	a β a ð i ɐ
abancar	a β a ŋ k a ɾ
abanear	a β ɑ n e a ɾ
abanico	a β a n i k ʊ
abastanza	a β a s t a n θ a
abastar	a β a s t a ɾ
abastecemento	a β a s t e θ e m ɛ n t ʊ
abasto	a β a s t ʊ
abeirar	a β e j ɾ a ɾ
abeleira	a β e l e j ɾ ɐ
abellón	a β e ʎ o ŋ
abeluria	a β e l u ɾ j ɐ
abeneiro	a β e n e j ɾ ʊ
abicar	a β i k a ɾ
abofé	a β o f ɛ
abondamento	a β o n d a m e n t ʊ
abondamento	a β o n d a m ɛ n t ʊ
aborrecer	a β o r e s e ɾ
aborrecer	a β o r e θ e ɾ
abraiar	a β ɾ a j a ɾ
abril	a β ɾ i l
abrollo	a β ɾ ɔ ʎ ʊ
abrótega	a β ɾ ɔ t ɪ ɣ ɐ
aburar	a β u ɾ a ɾ
aburiño	a β u ɾ i ɲ ʊ
acanear	a k ɑ n e a ɾ
acantazar	a k ɑ n t a θ a ɾ
acariñar	a k a ɾ i ɲ a ɾ
acarreirar	a k ɑ r e j ɾ a ɾ
acedume	a θ e ð u m ɪ
acedía	a s e ð i ɐ
acedía	a θ e ð i ɐ
aceite	a s e j t ɪ
aceite	a θ e j t ɪ
achanzar	a t͡ʃ a n s a ɾ
achanzar	a t͡ʃ a n θ a ɾ
achaque	a t͡ʃ a k ɪ
acoiar	a k o j a ɾ
acoitelar	a k o j t e l a ɾ
acolá	a k o l a
acompañamento	a k o m p a ɲ a m e n t ʊ
acordanza	a k o ɾ ð a n s ɐ
acordanza	a k o ɾ ð a n θ ɐ
acordar	a k o ɾ ð a ɾ
acorrer	a k o r e ɾ
acostumar	a k o s t u m a ɾ
acougo	a k o w ɣ ʊ
adega	a ð ɛ ɣ ɐ
adegueiro	a ð e ɣ e j ɾ ʊ
adentar	a ð e n t a ɾ
adentar	a ð ɛ n t a ɾ
aderezo	a ð e ɾ e s ʊ
aderezo	a ð e ɾ e θ ʊ
aderno	a ð ɛ ɾ n ʊ
adiantar	a ð j a n t a ɾ
adiante	a ð j a n t ɪ
adiar	a ð i a ɾ
adival	a ð i β a l
adiviño	a ð i β i ɲ ʊ
adoecer	a ð o e s e ɾ
adoecer	a ð o e θ e ɾ
adoitar	a ð o j t a ɾ
adormecer	a ð o ɾ m e s e ɾ
adormecer	a ð o ɾ m e θ e ɾ
adramán	a ð ɾ a m a ŋ
aducir	a ð u θ i ɾ
adufe	a ð u f ɪ
afacer	a f a s e ɾ
afacer	a f a θ e ɾ
afastado	a f a s t a ð ʊ
afeitar	a f e j t a ɾ
afeito	a f e j t ʊ
afervoar	a f e ɾ β o a ɾ
afillado	a f i ʎ a ð ʊ
afillar	a f i ʎ a ɾ
afirmar	a f i ɾ m a ɾ
afoletar	a f o l e t a ɾ
afondar	a f o n d a ɾ
afouto	a f o w t ʊ
afrontar	a f ɾ o n t a ɾ
afundir	a f u n d i ɾ
agachadas	a ɣ a t͡ʃ a ð ɐ s
aganchar	a ɣ a n t͡ʃ a ɾ
agardar	a ɣ a ɾ ð a ɾ
agarimo	a ɣ a ɾ i m ʊ
agoirento	a ɣ o j ɾ e n t ʊ
agoirento	a ɣ o j ɾ ɛ n t ʊ
agora	a ɣ o ɾ ɐ
agraz	a ɣ ɾ a θ
agre	a ɣ ɾ ɪ
agrión	a ɣ ɾ j o ŋ
agua	a ɣ w a
aguana	a ɣ o a n ɐ
aguana	a ɣ w a n ɐ
aguaneta	a ɣ ʊ̯ a n e t ɐ
aguiúncho	a ɣ i u n t͡ʃ ʊ
agulleiro	a ɣ u ʎ e j ɾ ʊ
agulleta	a ɣ u ʎ e t ɐ
ah	aː
ai	a j
aio	a j ʊ
alagar	a l a ɣ a ɾ
alangrear	a l a ŋ ɡ ɾ e a ɾ
alarido	a l a ɾ i ð ʊ
alasar	a l a s a ɾ
albarde	a l β a ɾ ð ɪ
albeiro	a l β e j ɾ ʊ
albelo	a l β ɛ l ʊ
albergaría	a l β ɛ ɾ ɣ a ɾ i ɐ
alborada	a l β o ɾ a ð ɐ
alborexar	a l β o ɾ e ʃ a ɾ
albízaras	a l β i θ ɐ ɾ ɐ s
alcouve	a l k o w β ɪ
alcume	a l k u m ɪ
alcuño	a l k u ɲ ʊ
aldariz	a l d a ɾ i θ
aldariz	a l d ɾ i s
aldarís	a l d a ɾ i s
aldemunde	a l d e m u n d ɪ
alegre	a l ɛ ɣ ɾ ɪ
alegría	a l e ɣ ɾ i ɐ
aleixado	a l e j ʃ a ð ʊ
alfaia	a l f a j ɐ
alferga	a l f ɛ ɾ ɣ ɐ
algo	a l ɣ ʊ
alguén	a l ɣ ɛ ŋ
algún	a l ɣ u ŋ
alicerce	a l i s ɛ ɾ s ɪ
alicerce	a l i θ ɛ ɾ θ ɪ
alistado	a l i s t a ð ʊ
aliviadoiro	a l i β j a ð o j ɾ ʊ
alleiro	a ʎ e j ɾ ʊ
allo	a ʎ ʊ
alma	a l m ɐ
alma	j a l m ɐ
almofada	a l m o f a ð ɐ
alongar	a l o ŋ ɡ a ɾ
aloumiño	a l o w m i ɲ ʊ
alpabarda	a l p a β a ɾ ð ɐ
alta	a l t ɐ
altura	a l t u ɾ ɐ
aluguer	a l u ɡ ɛ ɾ
alvite	a l b i t ɪ
alxibe	a l ʃ i β ɪ
alxibeira	a l ʃ i β e j ɾ ɐ
alzar	a l s a ɾ
alzar	a l θ a ɾ
amalló	a m a ʎ ɔ
amarante	a m a ɾ a n t ɪ
amareloto	a m a ɾ ɛ l ɔ t ʊ
amaro	a m a ɾ ʊ
amasar	a m a s a ɾ
amata	a m a t ɐ
ameigar	a m e j ɣ a ɾ
amencida	a m e n s i ð ɐ
amencida	a m e n θ i ð ɐ
amentar	a m e n t a ɾ
amoado	a m o a ð ʊ
amocelo	a m o θ e l ʊ
amocelo	a m o θ ɛ l ʊ
amodiño	a m ɔ ð i ɲ ʊ
amoestar	a m o e s t a ɾ
amontoar	a m o n t o a ɾ
amor	a m o ɾ
amordicar	a m o ɾ ð i k a ɾ
amorear	a m o ɾ e a ɾ
amorodo	a m o ɾ o ð ʊ
amosar	a m o s a ɾ
amoxo	a m o ʃ ʊ
amparar	a m p a ɾ a ɾ
ampear	a m p e a ɾ
ampola	a m p o l a
amuar	a m u a ɾ
amádego	a m a ð ɪ ɣ ʊ
anada	a n a ð ɐ
anchear	a n t͡ʃ e a ɾ
ancián	a n s j a ŋ
ancián	a n θ j a ŋ
andamio	a n d a m i ʊ
andamio	a n d a m j ʊ
andosco	a n d o s k ʊ
andrade	a n d ɾ a ð ɪ
androlla	a n d ɾ o ʎ ɐ
andrómenas	a n d ɾ ɔ m ɪ n ɐ
anegar	a n e ɣ a ɾ
anicar	a n i k a ɾ
aniñadoiro	a n i ɲ a ð o j ɾ ʊ
anoitecer	a n o j t e s e ɾ
anoitecer	a n o j t e θ e ɾ
anoto	a n o t ʊ
anquear	a ŋ k e a ɾ
antano	a n t a n ʊ
antelar	a n t e l a ɾ
antigo	a n t i ɣ ʊ
antigüidade	a n t i ɣ w i ð a ð ɪ
antollar	a n t o ʎ a ɾ
antollo	a n t o ʎ ʊ
antonte	a n t ɔ n t ɪ
anzol	a n θ ɔ l
apagar	a p a ɣ a ɾ
apalominado	a p a l o m i n a ð ʊ
apampar	a p a m p a ɾ
apandar	a p a n d a ɾ
apartar	a p a ɾ t a ɾ
aparvado	a p a ɾ β a ð ʊ
apedrar	a p e ð ɾ a ɾ
apelidar	a p e l i ð a ɾ
apelido	a p e l i ð ʊ
apiegar	a p j e ɣ a ɾ
apigarado	a p i ɣ a ɾ a ð ʊ
apio	a p j ʊ
apirolado	a p i ɾ ɔ l a ð ʊ
apirolar	a p i ɾ ɔ l a ɾ
aposto	a p ɔ s t ʊ
apoudigar	a p o w ð i ɣ a ɾ
apoutar	a p o w t a ɾ
apreixar	a p ɾ e j ʃ a ɾ
aprender	a p ɾ e n d e ɾ
aprontar	a p ɾ o n t a ɾ
aproveitar	a p ɾ o β e j t a ɾ
apupo	a p u p ʊ
apurrar	a p u r a ɾ
apurrir	a p u r i ɾ
aquelar	a k e l a ɾ
aqueloutro	a k e l o w t ɾ ʊ
aquesta	a k e s t a
aqueste	a k e s t ɪ
aquestes	a k e s t e s
aquesto	a k e s t o
ar	a ɾ
arado	a ɾ a ð ʊ
arandeira	a ɾ a n d e j ɾ ɐ
arao	a ɾ a ʊ̯
arcea	a ɾ s ɛ ɐ
arcea	a ɾ θ e ɐ
ardaña	a ɾ ð a ɲ ɐ
arder	a ɾ ð e ɾ
ardido	a ɾ ð i ð ʊ
areeiro	a ɾ e e j ɾ ʊ
aresta	a ɾ e s t ɐ
argalleiro	a ɾ ɡ a ʎ e j ɾ ʊ
argazo	a ɾ ɡ a s ʊ
argazo	a ɾ ɡ a θ ʊ
arma	a ɾ m ɐ
armadura	a ɾ m a ð u ɾ ɐ
arna	a ɾ n ɐ
arola	a ɾ ɔ l ɐ
arqueta	a ɾ k e t ɐ
arraigar	a r a j ɣ a ɾ
arras	a r a s
arredor	a r e d o ɾ
arreitar	a r e j t a ɾ
arreitó	a r e j t ɔ
arrendar	a r e n d a ɾ
arrentar	a r e n t a ɾ
arrieiro	a r i e j r ʊ
arrimado	a r i m a ð ʊ
arrizar	a r i θ a ɾ
arrolar	a r o l a ɾ
asado	a s a ð ʊ
asadura	a s a ð u ɾ ɐ
asañar	a s a ɲ a ɾ
asentar	a s e n t a ɾ
asento	a s ɛ n t ʊ
asexo	a s e ʃ ʊ
asistir	a s̺ i s̺ t i ɾ
asno	a s n ʊ
asomar	a s o m a ɾ
astucia	a s t u s j ɐ
astucia	a s t u θ j ɐ
asubío	a s u β i ʊ
atacar	a t a k a ɾ
atado	a t a ð ʊ
atafegar	a t a f e ɣ a ɾ
ataviar	a t a β j a ɾ
atavío	a t a β i ʊ
ataúde	a t a u ð ɪ
ateigado	a t e j ɣ a ɾ
atenzar	a t e n θ a ɾ
aterecer	a t e ɾ e s e ɾ
aterecer	a t e ɾ e θ e ɾ
aterir	a t e ɾ i ɾ
atufar	a t u f a ɾ
auga	a w ɰ ɐ
auguento	a w ɡ e n t ʊ
auguento	a w ɡ ɛ n t ʊ
avantar	a β a n t a ɾ
avante	a β a n t ɪ
avanzar	a β a n s a ɾ
avanzar	a β a n θ a ɾ
avechucho	a β e t͡ʃ u t͡ʃ ʊ
avelaíña	a β e l a i ɲ ɐ
avellentar	a β e ʎ e n t a ɾ
avellentar	a β ɛ ʎ e n t a ɾ
aventar	a β e n t a ɾ
avespa	a β e s p ɐ
avestruz	a β e s t ɾ u θ
avir	a β i ɾ
avisado	a β i s a ð ʊ
avisar	a β i s a ɾ
avogacía	a β o ɣ a θ i ɐ
avogado	a β o ɣ a ð ʊ
avogar	a β o ɣ a ɾ
avogoso	a β o ɣ o s ʊ
axe	a ʃ ɪ
axeitar	a β e j ɾ a ɾ
axeito	a ʃ e j t ʊ
axeonllar	a ʃ e o n ʎ a ɾ
axiña	a ʃ i ɲ ɐ
axuda	a ʃ u ð ɐ
axudar	a ʃ u ð a ɾ
axuizar	a ʃ u j s a ɾ
axuizar	a ʃ u j θ a ɾ
azumbre	a θ u m b ɾ ɪ
aínda	a i n d ɐ
añagoto	a ɲ a ɣ ɔ t ʊ
año	a ɲ ʊ
baba	b a β ɐ
baballa	b a β a ʎ ɐ
babar	b a β a ɾ
babexar	b a β e ʃ a ɾ
badexo	b a ð e ʃ ʊ
bagaxe	b a ɣ a ʃ ɪ
bagullar	b a ɣ u ʎ a ɾ
baila	b a j l ɐ
bailador	b a j l a ð o ɾ
bailar	b a j l a ɾ
baile	b a j l ɪ
baixada	b a j ʃ a ð ɐ
baixamar	b a j ʃ a m a ɾ
baixar	b a j ʃ a ɾ
baixo	b a j ʃ ʊ
balbordo	b a l β o ɾ ð ʊ
baldeiro	b a l d e j ɾ ʊ
baldequín	b ɑ l d e k i ŋ
baldomero	b a l d o m ɛ ɾ ʊ
baldreo	b a l d ɾ e ʊ̯
baldrogas	b a l d ɾ o ɣ ɐ s
baleirar	b a l e j ɾ a ɾ
ballón	b a ʎ o ŋ
balorento	b a l o ɾ e n t ʊ
balorento	b a l o ɾ ɛ n t ʊ
bambán	b a m b a ŋ
bandada	b a n d a ð ɐ
bandallo	b a n d a ʎ ʊ
bandoxo	b a n d o ʃ ʊ
barbacá	b a ɾ β a k a
barbada	b a ɾ β a ð ʊ
barbado	b a ɾ β a ð ʊ
barballar	b a ɾ β a ʎ a ɾ
barbear	b a ɾ β e a ɾ
barbeiro	b a ɾ β e j ɾ ʊ
barcia	b a ɾ θ j ɐ
bardante	b a ɾ ð a n t ɪ
barquinazo	b a ɾ k i n a θ ʊ
barquín	b a ɾ k i ŋ
barrento	b a r e n t ʊ
barronca	b a r o n k ɐ
barrufeiro	b a r u f e j ɾ ʊ
barruzo	b a r u θ ʊ
barulleiro	b a ɾ u ʎ e j ɾ ʊ
barullento	b a ɾ u ʎ e n t ʊ
barullo	b a ɾ u ʎ ʊ
bascuas	b a s k w ɐ s
bastante	b a s t a n t ɪ
bastardo	b a s̻ t a ɾ ð ʊ
batalla	b a t a ʎ ɐ
batume	b a t u m ɪ
batuxar	b a t u ʃ a ɾ
batuxo	b a t u ʃ ʊ
baza	b a s ɐ
baza	b a θ ɐ
bazo	b a s ʊ
bazo	b a θ ʊ
bebedela	b e β e ð ɛ l ɐ
bebedoiro	b e β e ð o j ɾ ʊ
beber	b e β e ɾ
beiral	b e j ɾ a l
beizudo	b e j s u ð ʊ
beizudo	b e j θ u ð ʊ
belleco	b e ʎ ɛ k ʊ
benia	b ɛ n j ɐ
bertorella	b e ɾ t o ɾ e ʎ ɐ
besbello	b e s β e ʎ ʊ
bica	b i k ɐ
bico	b i k ʊ
bilingüismo	b i l i ŋ ɡ w i s m o̞
bilingüismo	b i l i ŋ ɡ w i z m o̞
billa	b i ʎ ɐ
billote	b i ʎ ɔ t ɪ
bimbastro	b i m b a s t ɾ ʊ
biscoito	b i s k o j t ʊ
bispo	b i s p ʊ
bita	b i t ɐ
bochinche	b o t͡ʃ i n t͡ʃ ɪ
bofetada	b o f e t a ð ɐ
borralleira	b o r a ʎ e j ɾ ɐ
borrallento	b o r a ʎ ɛ n t ʊ
bostela	b o s t ɛ l ɐ
botefa	b o t ɛ f ɐ
bouba	b o w β ɐ
boudaña	b o w ð a ɲ ɐ
boura	b o w ɾ ɐ
brado	b ɾ a ð ʊ
brafoneira	b ɾ a f o n e j ɾ ɐ
braga	b ɾ a ɣ ɐ
bragada	b ɾ a ɣ a ð ɐ
bragado	b ɾ a ɣ a ð ʊ
bragal	b ɾ a ɣ a l
brancellao	b ɾ a n θ e ʎ a ʊ̯
bravádego	b ɾ a β a ð ɪ ɣ ʊ
bravío	b ɾ a β i ʊ
bravún	b ɾ a β u ŋ
brazada	b ɾ a s a ð ɐ
brazada	b ɾ a θ a ð ɐ
breca	b ɾ ɛ k ɐ
breva	b ɾ e β ɐ
brial	b ɾ i a l
brinca	b ɾ i ŋ k ɐ
brisa	b ɾ i s ɐ
brizo	b ɾ i s ʊ
brizo	b ɾ i θ ʊ
broa	b ɾ o ɐ
brota	b ɾ ɔ t ɐ
brume	b ɾ u m ɪ
bruneta	b ɾ u n e t ɐ
bruxa	b ɾ u ʃ ɐ
bruxas	b ɾ u ʃ a̝ s̠
brétema	b ɾ ɛ t ɪ m ɐ
bueu	b u e w
bufar	b u f a ɾ
bufardo	b u f a ɾ ð ʊ
bugallón	b u ɣ a ʎ o ŋ
bula	b u l ɐ
bulebule	b u l e β u l ɪ
buleira	b u l e j ɾ ɐ
bulideiro	b u l i ð e j ɾ ʊ
bulidor	b u l i ð o ɾ
bullote	b u ʎ ɔ t ɪ
burata	b u ɾ a t ɐ
burrico	b u r i k ʊ
burricán	b u r i k a ŋ
burro	b u r ʊ
buxaina	b u ʃ a j n ɐ
buxana	b u ʃ a n ɐ
buxo	b u ʃ ʊ
bágoa	b a ɣ o̯ ɐ
bárbaro	b a ɾ β ɐ ɾ ʊ
bésta	b ɛ s̺ t̪ ɐ
bóla	b ɔ l ɐ
cabal	k ɑ β a l
cabaleiro	k a β a l e j ɾ ʊ
cabalete	k a β a l e t ɪ
cabalgar	k ɑ β a l ɣ a ɾ
cabalo	k ɑ β a l ʊ
cabelo	k a β̞ e l ʊ
caboi	k ɑ β ɔ j
cabreiro	k ɑ β ɾ e j ɾ ʊ
cabrito	k ɑ β ɾ i t ʊ
cabuxa	k ɑ β u ʃ ɐ
cabuxo	k ɑ β u ʃ ʊ
cacharro	k ɑ t͡ʃ a r ʊ
cache	k ɑ t͡ʃ ɪ
cachopo	k ɑ t͡ʃ ɔ p ʊ
cacifo	k a θ i f ʊ
cadabullo	k a ð a β u ʎ ʊ
cadanseu	k ɑ ð a n s e w
cadanseu	k ɑ ð a n s ɛ w
cadelo	k ɑ ð ɛ l ʊ
cadro	k ɑ ð ɾ ʊ
cadullo	k a ð u ʎ ʊ
cagarría	k ɑ ɣ a r i ɐ
cagote	k ɑ ɣ ɔ t ɪ
calado	k ɑ l a ð ʊ
calafrío	k a l a f ɾ i ʊ
calar	k ɑ l a ɾ
callado	k ɑ ʎ a ð ʊ
calleiro	k ɑ ʎ e j ɾ ʊ
calmo	k ɑ l m ʊ
calo	k ɑ l ʊ
calor	k ɑ l o ɾ
calote	k ɑ l ɔ t ɪ
caluga	k ɑ l u ɣ ɐ
calviño	k ɑ l β i ɲ ʊ
calvo	k ɑ l β ʊ
calza	k ɑ l s ɐ
calza	k ɑ l θ ɐ
calzada	k ɑ l s a ð ɐ
calzada	k ɑ l θ a ð a
calzada	k ɑ l θ a ð ɐ
calzar	k ɑ l s a ɾ
calzar	k ɑ l θ a ɾ
calzón	k ɑ l s o ŋ
calzón	k ɑ l θ o ŋ
cama	k ɑ m ɐ
camareiro	k ɑ m a ɾ e j ɾ ʊ
camba	k ɑ m b ɐ
cambada	k ɑ m b a ð ɐ
camballota	k ɑ m b a ʎ ɔ t ɐ
camballón	k ɑ m b a ʎ o ŋ
cambiar	k ɑ m b j a ɾ
cambio	k ɑ m b j ʊ
cambito	k ɑ m b i t ʊ
camboa	k ɑ m b o ɐ
cambre	k ɑ m b ɾ ɪ
cambón	k ɑ m b o ŋ
camelo	k ɑ m ɛ l ʊ
camiñante	k ɑ m i ɲ a n t ɪ
campaíña	k ɑ m p a i ɲ ɐ
campelo	k ɑ m p ɛ l ʊ
canaveira	k a n a β e j ɾ ɐ
canavela	k ɑ n a β ɛ l ɐ
cancereixo	k ɑ n θ e ɾ e j ʃ ʊ
canción	k ɑ n s j o ŋ
canción	k ɑ n θ j o ŋ
candorca	k a n d ɔ ɾ k ɐ
caneco	k ɑ n ɛ k ʊ
canela	k ɑ n ɛ l ɐ
caneleira	k a n ɛ l e j ɾ ɐ
cangalla	k a ŋ k a ʎ ɐ
cangalla	k a ŋ ɡ a ʎ ɐ
cangroia	k ɐ ŋ ɡ ɾ ɔ j ɐ
canipa	k ɑ n i p ɐ
canivete	k a n i β e t ɪ
canle	k ɑ n l ɪ
cansar	k ɑ n s a ɾ
canso	k a n s ʊ
cantar	k ɑ n t a ɾ
cantazo	k ɑ n t a s ʊ
cantazo	k ɑ n t a θ ʊ
cantiga	k ɑ n t i ɣ ɐ
canzorro	k a n θ o r ʊ
capador	k ɑ p a ð o ɾ
capar	k a p a ɾ
capaz	k ɑ p a s
capaz	k ɑ p a θ
capela	k a p ɛ l ɐ
capoeira	k ɑ p o e j ɾ ɐ
capoeira	k ɑ p ʊ e j ɾ ɐ
capudre	k ɑ p u ð ɾ ɪ
cara	k ɑ ɾ ɐ
carabela	k ɑ ɾ a β ɛ l ɐ
carafio	k ɑ ɾ a f j ʊ
carai	k ɑ ɾ a j
caralludo	k ɑ ɾ a ʎ u ð ʊ
carantoña	k a ɾ a n t o ɲ ɐ
carapa	k ɑ ɾ a p ɐ
carapela	k ɑ ɾ a p ɛ l ɐ
carapola	k ɑ ɾ a p ɔ l ɐ
carballo	k ɑ ɾ β a ʎ ʊ
carbúnculo	k a ɾ β u ŋ k u l ʊ
carda	k ɑ ɾ ð ɐ
cardeal	k ɑ ɾ ð e a l
cardume	k a ɾ ð u m ɪ
careiro	k ɑ ɾ e j ɾ ʊ
careza	k ɑ ɾ e θ ɐ
caritel	k ɑ ɾ i t ɛ l
cariz	k ɑ ɾ i s
cariz	k ɑ ɾ i θ
carmela	k ɑ ɾ m ɛ l ɐ
carmiña	k ɑ ɾ m i ɲ ɐ
carnabaza	k ɑ ɾ n a β a θ ɐ
carniceiro	k ɑ ɾ n i s e j ɾ ʊ
carniceiro	k ɑ ɾ n i θ e j ɾ ʊ
carnicería	k ɑ ɾ n i s e ɾ i ɐ
carnicería	k ɑ ɾ n i θ e ɾ i ɐ
carnizaría	k ɑ ɾ n i s a ɾ i ɐ
carnizaría	k ɑ ɾ n i θ a ɾ i ɐ
caro	k ɑ ɾ ʊ
carocha	k a ɾ ɔ t͡ʃ ɐ
carpanta	k a ɾ p a n t ɐ
carpintaría	k ɑ ɾ p i n t a ɾ i ɐ
carraxe	k ɑ r a ʃ ɪ
carrear	k ɑ r e a ɾ
carrelo	k ɑ ɾ ɛ l ʊ
carreta	k ɑ r e t ɐ
carrexar	k ɑ r e ʃ a ɾ
carriozo	k a r i ɔ θ ʊ
carro	k a r ʊ
carronzo	k a r o n θ ʊ
carroucho	k ɑ r o w t͡ʃ ʊ
carrán	k ɑ r a ŋ
cartón	k ɑ ɾ t o ŋ
caruncho	k a ɾ u n t͡ʃ ʊ
carvea	k ɑ ɾ β e ɐ
casa	k a s̺ ɐ
casamento	k ɑ s a m e n t ʊ
casar	k a s a ɾ
cascalleiro	k ɑ s k ɑ ʎ e j ɾ ʊ
cascallento	k ɑ s k ɑ ʎ e n t ʊ
cascallento	k ɑ s k ɑ ʎ ɛ n t ʊ
case	k ɑ s ɪ
casoiro	k ɑ s o j ɾ ʊ
castañeta	k ɑ s t a ɲ e t ɐ
castaño	k ɑ s t a ɲ ʊ
casteleiro	k ɑ s t e l e j ɾ ʊ
castiñeiro	k ɑ s t i ɲ e j ɾ ʊ
castrolandín	k ɑ s t ɾ o l a n d i ŋ
cata	k ɑ t ɐ
catalexo	k a t a l e ʃ o̝
catarreira	k ɑ t a r e j ɾ ɐ
catro	k ɑ t ɾ ʊ
cava	k ɑ β ɐ
cavaca	k ɑ β a k ɐ
cavaco	k ɑ β a k ʊ
cavidar	k ɑ β i ð a ɾ
caxato	k ɑ ʃ a t ʊ
caxigo	k ɑ ʃ i ɣ ʊ
cazar	k ɑ s a ɾ
cazar	k ɑ θ a ɾ
cazo	k ɑ s ʊ
cazo	k ɑ θ ʊ
cazola	k ɑ s ɔ l ɐ
cazola	k ɑ θ ɔ l ɐ
cazolo	k ɑ s ɔ l ʊ
cazolo	k ɑ θ ɔ l ʊ
caño	k ɑ ɲ ʊ
cebadeira	s e β a ð e j ɾ ɐ
cebadeira	θ e β a ð e j ɾ ɐ
cebado	s e β a ð ʊ
cebado	θ e β a ð ʊ
cebar	s e b a ɾ
cebar	θ e b a ɾ
cebeira	s e β e j ɾ ɐ
cebeira	θ e β e j ɾ ɐ
cebolo	s e β o l ʊ
cebolo	θ e β o l ʊ
cebra	θ e β ɾ ɐ
cedo	s e ð ʊ
cedo	θ e ð ʊ
cegoña	θ e ɣ o ɲ ɐ
cegoña	θ ɪ ɣ o ɲ ɐ
celoso	θ e l o s ʊ
cempés	s e m p ɛ s
cempés	θ ɛ m p ɛ s
centoenrama	θ ɛ n t ʊ e n r a m ɐ
cenzo	s e n s ʊ
cenzo	θ e n θ ʊ
ceo	s ɛ ʊ̯
ceo	θ ɛ ʊ
ceo	θ ɛ ʊ̯
cernada	θ e ɾ n a ð ɐ
cerollo	θ e ɾ o ʎ ʊ
cerra	s e r ɐ
cerra	θ e r ɐ
cerralla	s e r a ʎ ɐ
cerralla	θ e r a ʎ ɐ
cerreta	s ɛ r e t ɐ
cerreta	θ ɛ r e t ɐ
cerrizo	θ e r i θ ʊ
cerrume	θ ɛ r u m ɪ
certidume	θ ɛ ɾ t i ð u m ɪ
certo	s ɛ ɾ t ʊ
certo	θ ɛ ɾ t ʊ
cervato	θ ɛ ɾ β a t ʊ
cesta	s e s t ɐ
cesta	θ e s t ɐ
chafallar	t͡ʃ a f a ʎ a ɾ
chagar	t͡ʃ a ɣ a ɾ
chaira	t͡ʃ a j ɾ ɐ
chalana	t͡ʃ a l a n ɐ
chamamento	t͡ʃ a m a m e n t ʊ
chamamento	t͡ʃ a m a m ɛ n t ʊ
chamariza	t͡ʃ a m a ɾ i θ ɐ
chantado	t͡ʃ a n t a ð ʊ
chao	t͡ʃ a w
chao	t͡ʃ a ʊ
chavello	t͡ʃ a β e ʎ ʊ
chaíñas	t͡ʃ a i ɲ a̝ s
cheda	t͡ʃ e ð ɐ
cheirume	t͡ʃ e j ɾ u m ɪ
cheminea	t͡ʃ e m i n ɛ ɐ
chepudo	t͡ʃ e p u ð ʊ
chicha	t͡ʃ i t͡ʃ ɐ
chimpín	t͡ʃ i m p i ŋ
chineiro	t͡ʃ i n e j ɾ ʊ
chispa	t͡ʃ i s p ɐ
chocolate	t͡ʃ o k o l a t ɪ
choricar	t͡ʃ o ɾ i k a ɾ
chorimicar	t͡ʃ o ɾ i m i k a ɾ
chorume	t͡ʃ o ɾ u m ɪ
chousume	t͡ʃ o w s u m ɪ
chucho	t͡ʃ u t͡ʃ ʊ
chupa	t͡ʃ u p a
churrusqueiro	t͡ʃ u r u s k e j ɾ ʊ
chusqueiro	t͡ʃ u s k e j ɾ ʊ
chusquiño	t͡ʃ u s k i ɲ ʊ
chuvisca	t͡ʃ u β i s k ɐ
chuviscar	t͡ʃ u β i s k a ɾ
chuviña	t͡ʃ u β i ɲ ɐ
chuviñar	t͡ʃ u β i ɲ a ɾ
chuviñento	t͡ʃ o β i ɲ e n t ʊ
chuzo	t͡ʃ u s ʊ
chuzo	t͡ʃ u θ ʊ
chícharo	t͡ʃ i t͡ʃ ɐ ɾ ʊ
cidade	s i ð a ð ɪ
cidade	θ i ð a ð ɪ
cidra	s i ð ɾ ɐ
cidra	θ i ð ɾ ɐ
cimento	s i m e n t ʊ
cimento	θ i m ɛ n t ʊ
cimo	θ i m ʊ
cimón	θ i m o ŋ
cincento	s i n s e n t ʊ
cincento	θ i n θ ɛ n t ʊ
cinzarra	θ i n θ a r ɐ
cirolas	s i ɾ ɔ l ɐ s
cirolas	θ i ɾ ɔ l ɐ s
cizañeiro	θ i θ a ɲ e j ɾ ʊ
cizañento	θ i θ a ɲ ɛ n t ʊ
coada	k o a ð ɐ
coadeira	k o a ð e j ɾ ɐ
coaña	k ʊ̯ a ɲ ɐ
coañar	k ʊ̯ a ɲ a ɾ
coañeira	k ʊ̯ a ɲ e j ɾ ɐ
coaño	k ʊ̯ a ɲ ʊ
cobertura	k o β e ɾ t u ɾ ɐ
cocedura	k o s e ð u ɾ ɐ
cocedura	k o θ e ð u ɾ ɐ
cocer	k o s e ɾ
cocer	k o θ e ɾ
coche	k ɔ t͡ʃ ɪ
codela	k o ð ɛ l ɐ
codelo	k o ð e l ʊ
codelo	k o ð ɛ l ʊ
codicilo	c o ð i s i l ʊ
codicilo	c o ð i θ i l ʊ
cofar	k o f a ɾ
cofiño	k o f i ɲ ʊ
cogombro	k o ɣ o m b ɾ ʊ
cogomelo	k o ɣ o m ɛ l ʊ
coiro	k o j ɾ ʊ
coitadiño	k o j t a ð i ɲ ʊ
coitela	k o j t ɛ l ɐ
coitelada	k o j t e l a ð ɐ
coitelo	k o j t e l ʊ
colazo	k o l a θ ʊ
colcha	k o l t͡ʃ ɐ
colchón	k o l t͡ʃ o ŋ
colexio	k o l e ʃ i ʊ
colgar	k o l ɣ a ɾ
colmado	k o l m a ð ʊ
colmadura	k o l m a ð u ɾ ɐ
color	k o l o ɾ
comba	k o m b ɐ
comba	k ɔ m b ɐ
combar	k o m b a ɾ
combo	k o m b ʊ
comedela	k o m e ð ɛ l ɐ
comedio	k o m e ð j ʊ
comellón	k o m e ʎ o ŋ
comer	k o m e ɾ
comichar	k o m i t͡ʃ a ɾ
comichón	k o m i t͡ʃ o ŋ
compangar	k o m p a ŋ ɡ a ɾ
compango	k o m p a ŋ k ʊ
compango	k o m p a ŋ ɡ ʊ
compangueiro	k o m p a ŋ ɡ e j ɾ ʊ
comparanza	k o m p a ɾ a n s ɐ
comparanza	k o m p a ɾ a n θ ɐ
compañeiro	k o m p a ɲ e j ɾ ʊ
compañía	k o m p a ɲ i ɐ
con	k ʊ ŋ
conacha	k o n a t͡ʃ ɐ
conachada	k o n a t͡ʃ a ð ɐ
concello	k o n s e ʎ ʊ
concello	k o n θ e ʎ ʊ
concheiro	k o n t͡ʃ e j ɾ ʊ
concho	k o n t͡ʃ ʊ
condenar	k o n d e n a ɾ
confirmar	k o ɱ f i ɾ m a ɾ
confortar	k o ɱ f o ɾ t a ɾ
confraría	k o ɱ f ɾ a ɾ i ɐ
congro	k o ŋ ɡ ɾ ʊ
congrua	k ɔ ŋ ɡ ɾ w ɐ
congruo	k ɔ ŋ ɡ ɾ w ʊ
consigo	c o n s i ɣ ʊ
consolar	k o n s o l a ɾ
consolda	k o n s ɔ l d ɐ
constitución	k o n s t i t u θ j o ŋ
contar	k o n t a ɾ
contorna	k o n t o ɾ n ɐ
contra	k o n t ɾ ɐ
contrafeito	k o n t ɾ a f e j t ʊ
contrato	k o n t ɾ a t ʊ
convir	k o m b i ɾ
cor	k o ɾ
cor	k oː ɾ
cor	k ɔ ɾ
corbelo	k o ɾ β e l ʊ
corda	k ɔ ɾ ð ɐ
cordal	k ɔ ɾ ð a l
cordeiro	k o ɾ ð e j ɾ ʊ
cordeiro	k ɔ ɾ ð e j ɾ ʊ
cordo	k ɔ ɾ ð ʊ
cordura	k ɔ ɾ ð u ɾ ɐ
corentena	k o ɾ ɛ n t e n ɐ
corisco	k o ɾ i s k ʊ
cornabude	k ɔ ɾ n a β u ð ɪ
cornella	k o ɾ n e ʎ ɐ
cornello	k o ɾ n e ʎ ʊ
cornizó	k o ɾ n i θ ɔ
corno	k ɔ ɾ n ʊ
cornudo	k ɔ ɾ n u ð ʊ
corpo	k o ɾ p ʊ
correeiro	k o r e e j ɾ ʊ
corrente	k o r e n t ɪ
corrente	k o r ɛ n t ɪ
correo	k o r e ʊ
corrida	k o r i ð ɐ
cortador	k o ɾ t a ð o ɾ
cortadoría	k o ɾ t a ð o ɾ i ɐ
cortella	k o ɾ t e ʎ ɐ
cortina	k o ɾ t i n ɐ
cortizo	k o ɾ t i s ʊ
cortizo	k o ɾ t i θ ʊ
corzo	k o ɾ s ʊ
corzo	k o ɾ θ ʊ
costeira	k o s t e j ɾ ɐ
costeleta	k o s t ɛ l e t ɐ
coteno	k o t e n ʊ
cotifar	k o t i f a ɾ
cotorza	k ɔ t ɔ r θ ɐ
coucillón	k o w s i ʎ o ŋ
coucillón	k o w θ i ʎ o ŋ
coucón	k o w k o ŋ
cousa	k o w s̺ ɐ
coutar	k o w t a ɾ
covarde	k o β a ɾ ð ɪ
covo	k ɔ β ʊ
coxa	k o ʃ ɐ
coxote	k o ʃ ɔ t ɪ
coñecemento	k o ɲ e θ e m e n t ʊ
coñecer	k o ɲ e s e ɾ
coñecer	k o ɲ e θ e ɾ
crecho	k ɾ e t͡ʃ ʊ
crencha	k ɾ e n t͡ʃ ɐ
crente	k ɾ ɛ n t ɪ
crenza	k ɾ e n θ ɐ
crequenas	k ɾ e k e n ɐ s
crer	k ɾ e ɾ
creto	k ɾ ɛ t ʊ
criba	k ɾ i β ɐ
cribar	k ɾ i β a ɾ
cribelo	k ɾ i β e l ʊ
cribo	k ɾ i β ʊ
crina	k ɾ i n ɐ
crisma	k ɾ i s m ɐ
croar	k ɾ o a ɾ
croca	k ɾ ɔ k ɐ
croucheira	k ɾ o w t͡ʃ e j ɾ ɐ
crucifixo	k ɾ u θ i f i ʃ ʊ
cu	k u
cuarzo	k w a ɾ s ʊ
cuarzo	k w a ɾ θ ʊ
cuberto	k u β ɛ ɾ t ʊ
cubrir	k u β ɾ i ɾ
cucho	k u t͡ʃ ʊ
cuco	k u k ʊ
culpa	k u l p ɐ
cuquelo	k u k ɛ l ʊ
curral	k u r a l
curruncho	k u r u n t͡ʃ ʊ
curso	k u ɾ s ʊ
curto	k u ɾ t̪ ʊ
curuxo	k u ɾ u ʃ ʊ
curva	k u ɾ β ɐ
curvo	k u ɾ β ʊ
custa	k u s t ɐ
custas	k u s t ɐ s
cuxo	k u ʃ ʊ
cuza	k u θ ɐ
cuzo	k u θ ʊ
cuña	k u ɲ ɐ
cuño	k u ɲ ʊ
cágado	k a ɣ ɐ ð ʊ
cáliz	k ɑ l i s
cáliz	k ɑ l i θ
cálsamo	k ɑ l s ɐ m ʊ
cántiga	k ɑ n t i ɣ ɐ
cócedra	k o θ ɪ ð ɾ ɐ
cómaro	k o m ɐ ɾ ʊ
dado	d a ð ʊ
davila	d a β i l ɐ
decer	d e θ e ɾ
decontado	d e k o n t a ð ʊ
decorrer	d e k o r e ɾ
decreto	d e k ɾ ɛ t ʊ
decruar	d e k ɾ u a ɾ
dedal	d e ð a l
defunto	d e f u n t ʊ
degaxar	d e ɣ a ʃ a ɾ
deixar	d e j ʃ a ɾ
delgado	d e l ɣ a ð ʊ
dengue	d ɛ ŋ k ɪ
dengue	d ɛ ŋ ɡ ɪ
dentadura	d e n t a ð u ɾ ɐ
dentadura	d ɛ n t a ð u ɾ ɐ
dentame	d e n t a m ɪ
dentame	d ɛ n t a m ɪ
dentamia	d e n t a m i ɐ
dentamia	d ɛ n t a m i ɐ
dentar	d e n t a ɾ
dentar	d ɛ n t a ɾ
dente	d e n t ɪ
dente	d ɛ n t ɪ
derramar	d e r a m a ɾ
derreado	d e r e a ð ʊ
derreter	d e r e t e ɾ
derribar	d e r i β a ɾ
desacougo	d e s a k o w ɣ ʊ
desarraigar	d e s a r a j ɣ a ɾ
descabelado	d e s k a β e l a ð ʊ
descastado	d e s k a s t a ð ʊ
deseguida	d e s e ɣ i ð ɐ
deseguido	d e s e ɣ i ð ʊ
desempenar	d e s e m p e n a ɾ
desfacer	d e s f a s e ɾ
desfacer	d e s f a θ e ɾ
desfalecer	d e s f a l e s e ɾ
desfalecer	d e s f a l e θ e ɾ
desfiar	d e s f i a ɾ
desleigar	d e s l e j ɣ a ɾ
desmaiar	d e s m a j a r
desmellorar	d e s m e ʎ o ɾ a ɾ
desmellorar	d e s m i ʎ o ɾ a ɾ
despensa	d e s p e n s ɐ
destemido	d e s t e m i ð ʊ
destruír	d e s t ɾ u i ɾ
deter	d e t e ɾ
deus	d e w s
deusa	d e w s ɐ
deva	d e β ɐ
devalo	d e β a l ʊ
devandito	d e β a n d i t ʊ
devesa	d e β e s ɐ
dez	d ɛ s
dez	d ɛ θ
dianteira	d i a n t e j ɾ ɐ
dianteiro	d i a n t e j ɾ ʊ
diola	d j ɔ l ɐ
dito	d i t ʊ
división	d i β i s j o ŋ
doca	d ɔ k ɐ
doce	d o s ɪ
doce	d o θ ɪ
doente	d o e n t ɪ
doente	d o ɛ n t ɪ
doente	d o̯ e n t ɪ
doenza	d o e n s ɐ
doenza	d o ɛ n θ ɐ
doer	d o e ɾ
doira	d o j ɾ ɐ
doira	d u j ɾ ɐ
doiro	d o j ɾ ʊ
doiro	d u j ɾ ʊ
doito	d o j t ʊ
dolmen	d ɔ l m ɪ ŋ
donoso	d o n o s ʊ
dor	d̪ oː ɾ
dous	d o w s
dromedario	d ɾ o m e ð a ɾ j ʊ
ducia	d u s j ɐ
ducia	d u θ j ɐ
durmir	d u ɾ m i ɾ
durmiñento	d u ɾ m i ɲ e n t ʊ
durmiñento	d u ɾ m i ɲ ɛ n t ʊ
duro	d u ɾ ʊ
durén	d u ɾ ɛ ŋ
débeda	d e β ɪ ð ɐ
día	d̪ i ɐ
dó	d ɔ
dúas	d u ɐ s
ei	e j
eito	ɛ j t ʊ
eixe	e j ʃ ɪ
eixir	e j ʃ i ɾ
eixo	e j ʃ ʊ
ela	e l ɐ
ela	ɛ l ɐ
elixir	ɛ l i k s i ɾ
elixir	ɛ l i ʃ i ɾ
embaixada	e m b a j ʃ a ð ɐ
embazar	e m b a s a ɾ
embazar	e m b a θ a ɾ
embebedentar	e m β e β e ð e n t a ɾ
embelecar	e m b e l e k a ɾ
embeleco	e m b e l e k ʊ
embeleñar	e m b e l e ɲ a ɾ
embigo	e m b i ɣ ʊ
embruxar	e m b ɾ u ʃ a ɾ
empacho	e m p a t͡ʃ ʊ
empeitizo	e m p e j t i s ʊ
empeitizo	e m p e j t i θ ʊ
empenar	e m p e n a ɾ
empeña	e m p e ɲ ɐ
emporcallar	e m p ɔ ɾ k a ʎ ɐ ɾ
emporcar	e m p ɔ ɾ k a ɾ
empreñar	e m p ɾ e ɲ a ɾ
empurrar	e m p u r a ɾ
empuxar	e m p u ʃ a ɾ
encabuxar	e ŋ k ɑ β u ʃ a ɾ
encerretar	e n θ e r e t a ɾ
encirrar	e n s i r a ɾ
encirrar	e n θ i r a ɾ
encontrar	e ŋ k o n t ɾ a ɾ
encorar	e ŋ k o ɾ a ɾ
encoro	e ŋ k o r ʊ
encosta	e n k o s t ɐ
encrucillado	e n k ɾ u θ i ʎ a ð ʊ
encrucillar	e n k ɾ u s i ʎ a ɾ
encrucillar	e n k ɾ u θ i ʎ a ɾ
endegar	e n d e ɣ a ɾ
endego	e n d e ɣ ʊ
endereitar	e n d e ɾ e j t a ɾ
enderezo	e n d e ɾ e θ ʊ
endrogar	e n d ɾ o ɣ a ɾ
enfadar	e ɱ f a ð a ɾ
enfermar	e ɱ f e ɾ m a ɾ
enfermaría	e ɱ f e ɾ m a ɾ i ɐ
enfermeiro	e ɱ f e ɾ m e j ɾ ʊ
enfermidade	e ɱ f e ɾ m i ð a
enfermidade	e ɱ f e ɾ m i ð a ð ɪ
enfermo	e ɱ f e ɾ m ʊ
enferruxado	e ɱ f e r u ʃ a ð ʊ
enferruxar	e ɱ f e r u ʃ a ɾ
enfociñar	e ɱ f o θ i ɲ a ɾ
enfondura	e ɱ f o n d u ɾ ɐ
enforcar	e ɱ f o ɾ k a ɾ
enfoumar	e ɱ f o w m a ɾ
enfouzar	e ɱ f o w s a ɾ
enfouzar	e ɱ f o w θ a ɾ
enfraquecer	e ɱ f ɾ a k e s e ɾ
enfraquecer	e ɱ f ɾ a k e θ e ɾ
enfurruñar	e ɱ f u r u ɲ a ɾ
engado	e ŋ ɡ a ð ʊ
enganar	e ŋ ɡ a n a ɾ
enganchar	e ŋ ɡ a n t͡ʃ a ɾ
enganido	e ŋ ɡ a n i ð ʊ
engoar	e ŋ ɡ o a ɾ
engordar	e ŋ ɡ o ɾ ð a ɾ
engrenaxe	e ŋ ɡ ɾ e n a ʃ ɪ
enguedellar	e ŋ ɡ e ð e ʎ a ɾ
enmeigar	e ŋ m e j ɣ a ɾ
enmerdar	e ŋ m e r ð a ɾ
ensaio	e n s a j ʊ
ensanchar	e n s a n t͡ʃ a ɾ
ensarillar	e n s a ɾ i ʎ a ɾ
entalar	e n t a l a ɾ
entalla	e n t a ʎ ɐ
entallar	e n t a ʎ a ɾ
entanguiñar	e n t a ŋ ɡ i ɲ a ɾ
enteimar	e n t e j m a ɾ
enteirizo	e n t e j ɾ i s ʊ
enteirizo	e n t e j ɾ i θ ʊ
entender	e n t e n d e ɾ
entestar	e n t e s t a ɾ
entoucar	e n t o w k a ɾ
entrabar	e n t ɾ a β a ɾ
entrar	e n t ɾ a ɾ
entraña	e n t ɾ a ɲ ɐ
entre	e n t ɾ ɪ
entrechantar	e n t r e t͡ʃ a n t a ɾ
entrecosto	e n t ɾ e k ɔ s t ʊ
entrefebrado	e n t ɾ e f e β ɾ a ð ʊ
entrementres	e n t ɾ e m e n t ɾ ɪ s
entrementres	e n t ɾ e m ɛ n t ɾ ɪ s
entroido	e n t ɾ o j ð ʊ
enturrar	e n t u r ɑ ɾ
envear	e m b e a ɾ
envellecer	e m b e ʎ e s e ɾ
envellecer	e m b e ʎ e θ e ɾ
envellentar	e m b e ʎ e n t a ɾ
envellentar	e m b ɛ ʎ e n t a ɾ
enviar	e m b i a ɾ
enviar	e m b j a ɾ
envolvedor	e m b o l β e ð o ɾ
enxame	e n ʃ a m ɪ
enxangada	e n ʃ a ŋ ɡ a ð ɐ
enxangar	e n ʃ a ŋ ɡ a ɾ
enxerto	e n ʃ e ɾ t ʊ
enxeño	e n ʃ e ɲ ʊ
enxoito	e n ʃ o j t ʊ
enxugar	e n ʃ u ɣ a ɾ
enxunlla	e n ʃ u n ʎ ɐ
eo	e ʊ̯
equipaxe	e k i p a ʃ ɪ
ermosende	e ɾ m o s e n d ɪ
esbagullar	e s b a ɣ u ʎ a ɾ
esbandallar	e s β a n d a ʎ a ɾ
esbarrufar	e s b a r u f a ɾ
esbirrar	e s β i r a ɾ
esbochar	e s β ɔ t͡ʃ a ɾ
esburo	e s b u ɾ ʊ
escachapedras	e s k a t͡ʃ a p ɛ ð ɾ ɐ s
escachapiollos	e s k a t͡ʃ a p i o ʎ ʊ
escama	e s k ɑ m ɐ
escamar	e s k ɑ m a ɾ
escampar	e s k ɑ m p a ɾ
escano	e s k a n ʊ
escapar	e s k a p a ɾ
escarabana	e s k a ɾ a β a n ɐ
escarabanar	e s k ɑ ɾ a β a n a ɾ
escarallado	e s k a ɾ a ʎ a ð ʊ
escarapela	e s k ɑ ɾ a p ɛ l ɐ
escarnecer	e s k a ɾ n e θ e ɾ
escarnir	e s k a ɾ n i ɾ
escarranchar	e s k a r a n t͡ʃ a ɾ
escaseza	e s k ɑ s e θ ɐ
escaso	e s k ɑ s ʊ
escatima	e s k ɑ t i m ɐ
escatimar	e s k ɑ t i m a ɾ
escenario	e s e n a ɾ j ʊ
escenario	e s θ e n a ɾ j ʊ
escoar	e s k o a ɾ
escola	e s̺ k ɔ l ɐ
esconder	e s k o n d e ɾ
escordar	e s k ɔ ɾ ð a ɾ
escornavirus	e s k ɔ ɾ n a β i ɾ u s
escorrer	e s k o r e ɾ
escrequenar	e s k ɾ e k e n a ɾ
escribir	e s k ɾ i β i ɾ
escrófula	e s k ɾ ɔ f u l ɐ
escudir	e s k u ð i ɾ
escudo	e s k u ð ʊ
esfameado	e s f a m e a ð ʊ
esfiar	e s f i a ɾ
esfiañado	e s f j a ɲ a ð ʊ
esfiañar	e s f j a ɲ a ɾ
esforzar	e s f o ɾ s a ɾ
esforzar	e s f o ɾ θ a ɾ
esfuracar	e s f u ɾ a k a ɾ
esgarro	e s ɣ a r ʊ
esleer	e s l e e ɾ
esmadroar	e s m a ð ɾ o a ɾ
esmalte	e s m a l t ɪ
esmar	e s m a ɾ
esmeralda	e s m e ɾ a l d ɐ
esmerar	e s m e ɾ a ɾ
esmerode	e s m e ɾ o ð ɪ
esmolicar	e s m ɔ l i k a ɾ
esmorode	e s m o ɾ o ð ɪ
esnogar	e s n o ɣ a ɾ
esoutro	e s o w t ɾ ʊ
espadeiro	e s p a ð e j ɾ ʊ
espaldeira	e s p a l
espazo	e s p a θ ʊ
españa	e s̺ p a ɲ ɐ
especia	e s p e θ j ɐ
espello	e s p e ʎ ʊ
espeluxado	e s p e l u ʃ a ð ʊ
espendoar	e s p e n d o a ɾ
esperanza	e s p e ɾ a n θ ɐ
esperar	e s p e ɾ a ɾ
espertar	e s p e ɾ t a ɾ
espeso	e s p e s ʊ
espiga	e s p i ɣ ɐ
espigo	e s p i ɣ ʊ
espiñar	e s p i ɲ a ɾ
espiñela	e s p i ɲ ɛ l ɐ
espiñento	e s p i ɲ e n t ʊ
espolar	e s p ɔ l a ɾ
espoldrexar	e s p o l d ɾ e ʃ a ɾ
espoldriñar	e s p o l d ɾ i ɲ a ɾ
espoltrar	e s p o l t ɾ a ɾ
esponxa	e s p o n ʃ ɐ
espora	e s p ɔ ɾ ɐ
esporear	e s p o ɾ e a ɾ
esporta	e s p ɔ ɾ t ɐ
esportela	e s p ɔ ɾ t ɛ l ɐ
espreguizar	e s p ɾ e ɣ i s a ɾ
espreguizar	e s p ɾ e ɣ i θ a ɾ
espurrir	e s p u r i ɾ
espurriñar	e s p u r i ɲ a ɾ
espía	e s p i ɐ
espírito	e s p i ɾ i t ʊ
esquecemento	e s k ɛ s e m e n t ʊ
esquecemento	e s k ɛ θ e m ɛ n t ʊ
esquerdeiro	e s k e ɾ ð e j ɾ ʊ
esquerdo	e s k e ɾ ð ʊ
esquezo	e s k ɛ s ʊ
esquezo	e s k ɛ θ ʊ
esquivo	e s k i β ʊ
esquío	ɪ s k i ʊ̯
estable	e s t a β l ɪ
estacada	e s t a k a ð ɐ
estadullo	e s t a ð u ʎ ʊ
estaleiro	e s t a l e j ɾ ʊ
estalo	e s t a l ʊ
estalote	e s t a l ɔ t ɪ
estameña	e s t a m e ɲ ɐ
estantiga	e s t a n t i ɣ ɐ
este	e s t ɪ
esteira	e s t e j ɾ ɐ
estender	e s t e n d e ɾ
esternina	e s t e ɾ n i n ɐ
estimar	e s t i m a ɾ
estiñar	e s t i ɲ a ɾ
estoque	e s t ɔ k ɪ
estorbar	e s t o ɾ β a ɾ
estordegar	e s t o ɾ ð e ɣ a ɾ
estornela	e s t o ɾ n ɛ l ɐ
estouro	e s t o w ɾ ʊ
estoutro	e s t o w t ɾ ʊ
estoxo	e s t o ʃ ʊ
estralouzar	e s t ɾ a l o w s a ɾ
estralouzar	e s t ɾ a l o w θ a ɾ
estranxeiro	e s t ɾ a ŋ ʃ e j ɾ ʊ
estreito	e s t ɾ e j t ʊ
estrela	e s̺ t ɾ e l ɐ
estrelado	e s t ɾ e l a ð ʊ
estrelar	e s t ɾ e l a ɾ
estrelecer	e s t ɾ e l e s e ɾ
estrelecer	e s t ɾ e l e θ e ɾ
estreleiro	e s t ɾ e l e j ɾ ʊ
estribiar	e s t ɾ i β j a ɾ
estribo	e s t ɾ i β ʊ
estroina	e s t r o j n ɐ
estábel	e s t a β ɪ l
esvaecer	e s β a e s e ɾ
esvaecer	e s β a e θ e ɾ
esvaer	e s β a e ɾ
esvaradoiro	e s β a ɾ a ð o j ɾ ʊ
esvirillar	e s β i ɾ i ʎ a ɾ
evanxeo	e β a n ʃ e ʊ
exemplo	e ʃ e m p l ʊ
experto	e k s p ɛ ɾ t ʊ
facer	f a s e ɾ
facer	f a θ e ɾ
fachico	f a t͡ʃ i k ʊ
fachuzo	f a t͡ʃ u s ʊ
fachuzo	f a t͡ʃ u θ ʊ
faco	f a k ʊ
facotexo	f a k o t e ʃ ʊ
fada	f a ð ɐ
fadar	f a ð a ɾ
falador	f a l a d o ɾ
falcatrúa	f a l k a t ɾ u ɐ
faldriqueira	f a l d ɾ i k e j ɾ ɐ
falecemento	f a l e s e m e n t ʊ
falecemento	f a l e θ e m ɛ n t ʊ
falecer	f a l e s e ɾ
falecer	f a l e θ e ɾ
fallo	f a ʎ ʊ
falmaguento	f a l m a ɣ e n t ʊ
falmaguento	f a l m a ɣ ɛ n t ʊ
falsario	f a l s a ɾ i ʊ
falúa	f a l u ɐ
fame	f a m ɪ
familia	f a m i l j ɐ
fana	e s k a p a ɾ
fanado	f a n a ð ʊ
fananco	f a n a ŋ k ʊ
faneca	f a n ɛ k ɐ
fanicar	f a n i k a ɾ
fanico	f a n i k ʊ
fanteira	f a n t e j ɾ ɐ
fantástico	f a n t a s t i k ʊ
faramalla	f a ɾ a m a ʎ ɐ
faramalleiro	f a ɾ a m a ʎ e j ɾ ʊ
fardo	f a r ð ʊ
fargallo	f a ɾ ɣ a ʎ ʊ
fariñento	f a ɾ i ɲ e n t ʊ
fariñento	f a ɾ i ɲ ɛ n t ʊ
farra	f a r ɐ
farruco	f a r u k ʊ
fascaño	f a s k ɑ ɲ ʊ
fasco	f a s k ʊ
fasquía	f a s k i ɐ
fatelo	f a t ɛ l ʊ
faísca	f a i s k ɐ
fe	f ɛ
febreiro	f e β ɾ e j ɾ ʊ
fechar	f e t͡ʃ a ɾ
fecho	f e t͡ʃ ʊ
fedor	f e ð o ɾ
fedorento	f e ð o ɾ e n t ʊ
feiticeira	f e j t i s e j ɾ ɐ
feiticeira	f e j t i θ e j ɾ ɐ
feitura	f e j t u ɾ ɐ
fel	f ɛ l
felonía	f e l o n i ɐ
felón	f e l o ŋ
femenza	f e m e n θ ɐ
femia	f e m j ɐ
ferida	f e ɾ i ð ɐ
ferida	f i ɾ i ð ɐ
ferida	f ɾ i ð ɐ
fermentar	f e ɾ m e n t a ɾ
fermosura	f e ɾ m o s u ɾ ɐ
ferramenta	f ɛ r a m ɛ n t ɐ
ferrar	f e r a ɾ
ferrete	f e r e t ɪ
ferreña	f e r e ɲ ɐ
ferreño	f e r e ɲ ʊ
ferrudo	f e r u ð ʊ
fervente	f e ɾ β e n t ɪ
fervente	f e ɾ β ɛ n t ɪ
fervura	f e ɾ β u ɾ ɐ
ferún	f ɛ ɾ u ŋ
festa	f ɛ s̺ t ɐ
fiada	f i a ð ɐ
fiaza	f i a θ ɐ
fiaña	f i a ɲ ɐ
fiaño	f i a ɲ ʊ
fieira	f i e j ɾ ɐ
fieiro	f i e j ɾ ʊ
fiel	f i ɛ l
fiel	f j ɛ l
figa	f i ɣ ɐ
figo	f i ɣ ʊ
figueira	f i ɰ e j ɾ ɐ
fimento	f i m e n t ʊ
fimento	f i m ɛ n t ʊ
fin	f i ŋ
finado	f i n a ð ʊ
fincar	f i ŋ k a ɾ
fino	e s k a p a ɾ
firma	f i ɾ m ɐ
firmar	f i ɾ m a ɾ
firme	f i ɾ m ɪ
fiúza	f i u s ɐ
fiúza	f i u θ ɐ
flor	f l o ɾ
florido	f l o ɾ i ð ʊ
foca	f ɔ k ɐ
fociño	f o s i ɲ ʊ
fociño	f o θ i ɲ ʊ
foco	f ɔ k ʊ
foda	f o ð ɐ
fodón	f o ð o ŋ
foguete	f o ɣ e t ɪ
folga	f ɔ l ɣ ɐ
folgar	f o l ɣ a ɾ
folgo	f o l ɣ ʊ
folgo	f ɔ l ɣ ʊ
foliada	f ɔ l j a ð ɐ
folla	f o ʎ ɐ
folla	f o ʝ ɐ
follado	f o ʎ a ð ʊ
follato	f o ʎ a t ʊ
folloso	f o ʎ o s ʊ
fonda	f o n d ɐ
fonte	f o n t ɪ
formigo	f o ɾ m i ɣ ʊ
formigos	f o ɾ m i ɣ ʊ s
fornalla	f o ɾ n a ʎ ɐ
foro	f ɔ ɾ ʊ
forro	f o r ʊ
forza	f ɔ ɾ s ɐ
forza	f ɔ ɾ θ ɐ
forzar	f o ɾ s a ɾ
forzar	f o ɾ θ a ɾ
fouzaña	f o w s a ɲ ɐ
fouzaña	f o w θ a ɲ ɐ
foz	f ɔ θ
foán	f o a ŋ
foán	f u a ŋ
frade	f ɾ a ð ɪ
fragueiro	f ɾ a ɣ e j ɾ ʊ
franquear	f r a ŋ k e a ɾ
freba	f ɾ e β ɐ
frecha	f ɾ e t͡ʃ ɐ
frecha	f ɾ ɛ t͡ʃ ɐ
freguesía	f ɾ ɛ ɣ e s i ɐ
fregués	f ɾ ɛ ɣ e s
freima	f ɾ e j m ɐ
freita	f ɾ e j t ɐ
freituxe	f ɾ e j t u ʃ ɪ
fresco	f ɾ e s k ʊ
frescoallo	f ɾ e s k o a l l ʊ
frescoallo	f ɾ e s k ʊ̯ a l l ʊ
fresqueira	f ɾ e s k e j ɾ ɐ
fresquío	f ɾ e s k i ʊ
friúra	f ɾ i u ɾ ɐ
fronteiro	f ɾ o n t e j ɾ ʊ
frota	f ɾ ɔ t ɐ
froxán	f ɾ o ʃ a ŋ
frío	f ɾ i ʊ
fuco	f u k ʊ
fumaxe	f u m a ʃ ɪ
funda	f u n d ɐ
fundamento	f u n d a m e n t ʊ
fundir	f u n d i ɾ
fungón	f u ŋ k o ŋ
fungón	f u ŋ ɡ o ŋ
furaareas	f u ɾ aː ɾ e ɐ s
furado	f u ɾ a ð ʊ
furuncho	f u ɾ u n t͡ʃ ʊ
fígado	f i ħ ɐ ð ʊ
fígado	f i ɣ ɐ ð ʊ
fóra	f ɔ ɾ ɐ
gache	ħ a t͡ʃ ɪ
gache	ɡ a t͡ʃ ɪ
gadoupa	ɡ a ð o w p ɐ
gaiola	ɡ a j ɔ l ɐ
gala	ɡ a l ɐ
galbana	ɡ a l β a n ɐ
galdrir	ɡ a l d ɾ i ɾ
galdrumada	ɡ a l d ɾ u m a ð ɐ
galdrumar	ɡ a l d ɾ u m a ɾ
galdrumeiro	ɡ a l d ɾ u m e j ɾ ʊ
galego	ħ a l e ħ ʊ
galego	ɡ a l e ɣ ʊ
galego	χ a l e χ ʊ
galiñola	ɡ a l i ɲ ɔ l ɐ
gallada	ɡ a ʎ a ð ɐ
galleiro	ɡ a ʎ e j ɾ ʊ
galleta	ɡ a ʎ e t ɐ
gallofa	ɡ a ʎ ɔ f ɐ
gallofeiro	ɡ a ʎ ɔ f e j ɾ ʊ
gallofo	ɡ a ʎ ɔ f ʊ
galloufa	ɡ a ʎ o w f ɐ
galloufeiro	ɡ a ʎ o w f e j ɾ ʊ
gamallo	ɡ a m a ʎ ʊ
gameito	ɡ a m e j t ʊ
gamón	ɡ a m o ŋ
gancho	ɡ a n t͡ʃ ʊ
gandaina	ɡ a n d a j n ɐ
garda	ɡ a ɾ ð ɐ
gardarroupa	ɡ a ɾ ð a r o w p ɐ
gardarríos	ɡ a ɾ ð a r i ʊ s
gardián	ɡ a ɾ ð j a ŋ
gargallo	ɡ a ɾ ɣ a ʎ ʊ
gargalo	ɡ a ɾ ɣ a l ʊ
garrafón	ɡ a r a f o ŋ
garrido	ɡ a r i ð ʊ
garrir	ɡ a r i ɾ
garza	ħ a ɾ s̺ ɐ
garza	ɡ a ɾ θ ɐ
garzo	ħ a ɾ s ʊ
garzo	ɡ a ɾ θ ʊ
garzota	ɡ a ɾ θ ɔ t ɐ
gaspallada	ɡ a s p a ʎ a ð ɐ
gaspallo	ɡ a s p a ʎ ʊ
gateira	ɡ a t e j ɾ ɐ
gato	ħ a t ʊ
gato	ɡ a t ʊ
gazafello	ɡ a s a f e ʎ ʊ
gazafello	ɡ a θ a f e ʎ ʊ
ghanza	ħ a ŋ s̺ ɐ
gharsa	ħ a ɾ s̺ ɐ
gharsa	ɡ a ɾ θ ɐ
gobernar	ɡ o β ɛ ɾ n a ɾ
goberno	ɡ o β ɛ ɾ n ʊ
godallo	ɡ o ð a ʎ ʊ
godallo	ɰ o ð a ʎ ʊ
godello	ɡ o ð e ʎ ʊ
gol	ħ ɔ l
gol	ɡ ɔ l
golpear	ɡ o l p e a ɾ
goma	ɡ o m ɐ
gonzo	ɡ o n s ʊ
gonzo	ɡ o n θ ʊ
gordecho	ɡ o ɾ ð e t͡ʃ ʊ
gordo	ɡ o ɾ ð ʊ
gordura	ɡ o ɾ ð u ɾ ɐ
gorga	ɡ ɔ ɾ ɣ ɐ
gorir	ɡ o ɾ i ɾ
gorxa	ɡ ɔ ɾ ʃ ɐ
gosto	ħ ʊ s̺ t̪ ʊ
gosto	ɡ ʊ s̺ t̪ ʊ
gouño	ɡ o w ɲ ʊ
gozar	ɡ o s a ɾ
gozar	ɡ o θ a ɾ
gran	ɡ ɾ a ŋ
grandeiro	ɡ ɾ a n d e j ɾ ʊ
grao	ɡ ɾ a ʊ̯
grecia	ɡ ɾ ɛ θ j ɐ
grillo	ɡ ɾ i ʎ ʊ
grilo	ɡ ɾ i l ʊ
grima	ɡ ɾ i m ɐ
gripallada	ɡ ɾ i p a ʎ a ð ɐ
gripalleira	ɡ ɾ i p a ʎ e j ɾ ɐ
gripaxe	ɡ ɾ i p a ʃ ɪ
gripe	ɡ ɾ i p ɪ
gripio	ɡ ɾ i p j ʊ
gripo	ɡ ɾ i p ʊ
gritar	ɡ ɾ i t a ɾ
grito	ɡ ɾ i t ʊ
grosa	ɡ ɾ ɔ s ɐ
groso	ɡ ɾ ɔ s ʊ
guapo	ɡ w a p ʊ
gubia	ɡ u β j ɐ
guedella	ɡ e ð e ʎ ɐ
guedelludo	ɡ e ð e ʎ u ð ʊ
gueldear	ɡ ɛ l d e a ɾ
gueldo	ɡ ɛ l d ʊ
guerla	ɡ ɛ ɾ l ɐ
guerrear	ɡ e r e a ɾ
guinda	ɡ i n d ɐ
guindal	ɡ i n d a l
guindeira	ɡ i n d e j ɾ ɐ
guipar	ɡ i p a ɾ
gusto	ħ u s̺ t̪ ʊ
gusto	ɡ u s̺ t̪ ʊ
haber	a β e ɾ
hasta	a s t ɐ
herba	ɛ ɾ β ɐ
herdamento	ɛ ɾ ð a m ɛ n t ʊ
heroe	ɛ ɾ ɔ ɪ
himno	i m n ʊ
himno	i n ʊ
himno	i ŋ n ʊ
hipocrás	i p o k ɾ a s
hipoteca	i p o t ɛ k ɐ
historia	i s t o ɾ j ɐ
hogano	o ɣ a n ʊ
home	ɔ m ɪ
homiño	ɔ m i ɲ ʊ
hora	o ɾ ɐ
hora	ɔ ɾ ɐ
horror	ɔ r o ɾ
humidade	u m i ð a ð ɪ
hórreo	o r e ʊ
hóspede	ɔ s p ɪ ð ɪ
iago	j a ɣ ʊ
ida	i ð ɐ
idade	i ð a ð ɪ
igar	i ɣ a ɾ
ignorar	i n o ɾ a ɾ
ignorar	i ɡ n o ɾ a ɾ
igrexario	i ɣ ɾ e ʃ a ɾ j ʊ
igual	i ɣ w a l
imaxe	i m a ʃ ɪ
impar	i m p a ɾ
impedir	i m p e ð i ɾ
impo	i m p ʊ
incensario	m e j ɾ i ɲ ʊ
inchazo	i n t͡ʃ a θ ʊ
inchazón	i n t͡ʃ a θ o ŋ
inda	i n d ɐ
inglés	i ŋ ɡ l e s
inimigo	i n i m i ɣ ʊ
inocente	i n o θ e n t ɪ
inquedanza	i ŋ k e ð a n θ ɐ
inquedo	i ŋ k e ð ʊ
instante	i n s t a n t ɪ
instante	i s t a n t ɪ
instantiño	i n s t a n t i ɲ ʊ
instantiño	i s t a n t i ɲ ʊ
insua	i n s u ɐ
insua	i n s w ɐ
insulto	i n s u l t ʊ
invernada	i m b ɛ ɾ n a ð ɐ
invernar	i m b ɛ ɾ n a ɾ
inverno	i m b ɛ ɾ n ʊ
ira	i ɾ ɐ
irado	i ɾ a ð ʊ
irmandade	i ɾ m a n d a
irmandade	i ɾ m a n d a ð ɪ
irmandiño	i ɾ m a n d i ɲ ʊ
irregular	i r e ɣ u l a ɾ
isco	i s k ʊ
iso	i s ʊ
iñobre	i ɲ ɔ β ɾ ɪ
labazada	l a β a s a ð ɐ
labazada	l a β a θ a ð ɐ
labrador	l a β ɾ a ð o ɾ
labrar	l a β ɾ a ɾ
lacoada	l a k o a ð ɐ
lacoeiro	l a k o e j ɾ ʊ
ladeiro	l a ð e j ɾ ʊ
laderno	l a ð ɛ ɾ n ʊ
ladrizo	l a ð ɾ i s ʊ
ladrizo	l a ð ɾ i θ ʊ
lagrimexar	l a ɣ ɾ i m e ʃ a ɾ
lama	l a m ɐ
lambaceiro	l a m b a s e j ɾ ʊ
lambaceiro	l a m b a θ e j ɾ ʊ
lambaz	l a m b a s
lambaz	l a m b a θ
lamber	l a m b e ɾ
lambiscada	l a m b i s k ɑ ð ɐ
lambiscar	l a m b i s k a ɾ
lambón	l a m b o ŋ
lampantín	l a m p a n t i ŋ
lanceiro	l a n s e j ɾ ʊ
lanceiro	l a n θ e j ɾ ʊ
lanceta	l a n θ e t ɐ
landriz	l a n d ɾ i θ
landín	l a n d i ŋ
lantemil	l a n t e m i l
lanxir	l a n ʃ i ɾ
laparada	l a p a ɾ a ð ɐ
lapela	l a p ɛ l ɐ
larafouzas	l a ɾ a f o w s a s
larafouzas	l a ɾ a f o w θ a s
lardo	l a ɾ ð o̝
larego	l a r e ɣ ʊ
larego	l a r ɛ ɣ ʊ
lareiro	l ɑ ɾ e j ɾ ʊ
largo	l a ɾ ɣ ʊ
largueza	l a ɾ ɣ e θ ɐ
lasca	l a s k ɐ
laso	l a s ʊ
latexar	l a t e ʃ a ɾ
latir	l a t i ɾ
lavadura	l a β a ð u ɾ ɐ
lavalouza	l a β a l o w θ ɐ
lavanco	l a β a ŋ k ʊ
ledesma	l e ð e s m ɐ
leitarega	l e j t a ɾ ɛ ɣ ɐ
leite	l e j t̪ ɪ
lenda	l e n d ɐ
lendia	l e n d j ɐ
lendia	l ɛ n d j ɐ
lentemil	l e n t e m i l
lentil	l e n t i l
lentille	l e n t i ʎ ɪ
lentisco	l e n t i s k ʊ
lentomil	l e n t o m i l
ler	l e ɾ
lerica	l e ɾ i k ɐ
levantar	l e β a n t a ɾ
levedar	l e β e ð a ɾ
liberdade	l i β e ɾ ð a ð ɪ
libraduras	l i β ɾ a ð u ɾ ɐ s
libre	l i β ɾ ɪ
lima	l i m ɐ
limoeiro	l i m o e j ɾ ʊ
limón	l i m o ŋ
lindura	l i n d u ɾ a
lindín	l i n d i ŋ
linguado	l i ŋ k w a ð ʊ
linguado	l i ŋ ɡ w a ð ʊ
lintel	l i n t ɛ l
lipe	l i p ɪ
lirio	l i ɾ j ʊ
lisca	l i s k ɐ
lista	l i s t ɐ
listura	l i s t u ɾ ɐ
liteira	l i t e j ɾ ɐ
lixar	l i ʃ a ɾ
lixeiro	l i ʃ e j ɾ ʊ
llerga	ʎ ɛ ɾ ɣ ɐ
loendro	l o e n d ɾ ʊ
logo	l ɔ
logo	l ɔ ħ ʊ
logo	l ɔ ɣ ʊ
loito	l o j t ʊ
lombelo	l o m b ɛ l ʊ
lombriga	l o m b ɾ i ɣ ɐ
lombán	l o m b ɑ ŋ
lomedro	l o m e ð ɾ ʊ
longueirón	l o ŋ k e j ɾ o ŋ
longueirón	l o ŋ ɡ e j ɾ o ŋ
lonxe	l o n ʃ ɪ
lorcha	l ɔ ɾ t͡ʃ ɐ
lorda	l ɔ ɾ ð ɐ
loriga	l o ɾ i ɣ ɐ
louco	l o w k ʊ
louquear	l o w k e a ɾ
lucecú	l u s e k u
lucecú	l u θ e k u
luceiro	l u s e j ɾ ʊ
luceiro	l u θ e j ɾ ʊ
ludro	l u ð ɾ ʊ
lugar	l u ɣ a ɾ
lugo	l u ɣ ʊ
lumbrigar	l u m b ɾ i ɣ a ɾ
lume	l u m ɪ
lurpia	l u ɾ p j ɐ
luz	l u s
luz	l u θ
lábil	l a b i l
lágrima	l a ɣ ɾ i m ɐ
lápara	l a p ɐ ɾ ɐ
lóstrego	l o s t ɾ ɪ ɣ ʊ
lúa	l u ɐ
macicar	m a θ i k a ɾ
macico	m a s i k ʊ
macico	m a θ i k ʊ
macizar	m a s i s a ɾ
macizar	m a θ i θ a ɾ
macizo	m a θ i θ ʊ
madre	m a ð ɾ ɪ
madrosende	m a ð ɾ o s e n d ɪ
magosto	m a ɣ o s t ʊ
magro	m a ɣ ɾ ʊ
maimiño	m a j m i ɳ ʊ
maino	m a j n ʊ
malfacer	m a l f a θ e ɾ
malfadado	m a l f a ð a ð ʊ
malfeito	m a l f e j t ʊ
malfeitor	m a l f e j t o ɾ
malferido	m a l f e ɾ i ð ʊ
malferido	m a l f ɾ i ð ʊ
malla	m a ʎ ɐ
malparir	m a l p a ɾ i ɾ
maltreito	m a l t ɾ e j t ʊ
mamai	m a m a j
mamaie	m a m a j ɪ
mamaíña	m a m a i ɲ ɐ
mamá	m a m a
mancadura	m a ŋ k a ð u ɾ ɐ
mancar	m a ŋ k a ɾ
manchar	m a n t͡ʃ a ɾ
manciña	m a n θ i ɲ ɐ
manco	m a ŋ k ʊ
mandado	m a n d a ð ʊ
manexar	m a n e ʃ a ɾ
manga	m a ŋ k ɐ
manga	m a ŋ ɡ ɐ
mangallón	m a ŋ ɡ a ʎ o ŋ
mango	m a ŋ ɡ ʊ
mangueira	m a ŋ ɡ e j ɾ ɐ
manicho	m a n i t͡ʃ ʊ
manicomio	m ä n i k ɔ m j ʊ
maniotas	m a n i ɔ t ɐ s
manle	m a n l ɪ
manquexar	m a ŋ k e ʃ a ɾ
mansedume	m a n s e ð u m ɪ
manso	m a n s ʊ
mao	m a ʊ̯
marabilla	m a ɾ a β i ʎ ɐ
maragota	m a ɾ a ɣ ɔ t ɐ
maraxe	m a ɾ a ʃ ɪ
mareiro	m a ɾ e j ɾ ʊ
mariscada	m a ɾ i s k a ð ɐ
mariscador	m a ɾ i s k a ð o ɾ
mariscar	m a ɾ i s k a ɾ
marisma	m a ɾ i s m ɐ
mariñas	m a ɾ i ɲ ɐ s
maroto	m a ɾ ɔ t ʊ
martelo	m a ɾ t e l ʊ
martelo	m a ɾ t ɛ l ʊ
maruca	m a ɾ u k ɐ
marulo	m a ɾ u l ʊ
marulán	m a ɾ u l a ŋ
marusía	m a ɾ u s i ɐ
marzo	m a ɾ s ʊ
marzo	m a ɾ θ ʊ
mascar	m a s k a ɾ
mastigar	m a s t i ɣ a ɾ
mata	m a t ɐ
maxestade	m a ʃ e s t a ð ɪ
maña	m a ɲ ɐ
mea	m e ɐ
medianoite	m e ð j a n o j t ɪ
medo	m e ð ʊ
medra	m ɛ ð ɾ ɐ
meimendro	m e j m e n d ɾ ʊ
meirande	m e j ɾ a n d ɪ
meiriño	m e j ɾ i ɲ ʊ
mela	m ɛ l ɐ
melena	m e l e n ɐ
melindre	m e l i n d ɾ ɪ
mellor	m e ʎ o ɾ
mellor	m i ʎ o ɾ
mellorar	m e ʎ o ɾ a ɾ
mellorar	m i ʎ o ɾ a ɾ
melro	m ɛ l r ʊ
mencía	m e n s i ɐ
mencía	m e n θ i ɐ
mendo	m e n d ʊ
meniña	m e n i ɲ ɐ
meniñeiro	m e n i ɲ e j ɾ ʊ
meniño	m e n i ɲ ʊ
mente	m e n t ɪ
mentir	m e n t i ɾ
mentir	m i n t i ɾ
mentira	m e n t i ɾ ɐ
mentireiro	m e n t i ɾ e j ɾ ʊ
mentres	m e n t ɾ ɪ s
mentres	m ɛ n t ɾ ɪ s
mercado	m e ɾ k a ð ʊ
mercadotecnia	m e ɾ k a ð o t e k n j a
mercé	m e ɾ s e
mercé	m e ɾ θ e
merendiña	m e ɾ e n d i ɲ ɐ
merexar	m ɛ ɾ e ʃ a ɾ
merla	m ɛ ɾ l ɐ
mesa	m e s ɐ
meso	m e s ʊ
mesoiro	m e s o j ɾ ʊ
mesquindade	m e s k i n d a ð ɪ
mesquiño	m e s k i ɲ ʊ
mesteiral	m e s t e j ɾ a l
mester	m e s t ɛ ɾ
mestría	m ɛ s t ɾ i ɐ
metade	m e t a
metade	m e t a ð ɪ
mexeriqueiro	m e ʃ e ɾ i k e j ɾ ʊ
milagreiro	m i l a ɣ ɾ e j ɾ ʊ
milfa	m i l f ɐ
milfo	m i l f ʊ
millar	m i ʎ a ɾ
millarada	m i ʎ a ɾ a ð ɐ
millenta	m i ʎ e n t ɐ
millenta	m i ʎ ɛ n t ɐ
millo	m i ʎ ʊ
mina	m i n ɐ
mingos	m i ŋ ɡ ʊ s
minguar	m i ŋ ɣ w a ɾ
mirfia	m i r f j ɐ
mirto	m i ɾ t ʊ
mixiriqueiro	m i ʃ i ɾ i k e j ɾ ʊ
miñaxoia	m i ɲ a ʃ ɔ j ɐ
miñoca	m i ɲ ɔ k ɐ
miúdo	m i u ð ʊ
mocear	m o s e a ɾ
mocear	m o θ e a ɾ
moente	m o e n t ɪ
moente	m o ɛ n t ɪ
mofo	m o f ʊ
moinante	m o j n a n t ɪ
moito	m o j t ʊ
moleira	m o l e j ɾ ɐ
moleiro	m o l e j ɾ ʊ
moleiro	m u l e j ɾ ʊ
molladura	m o ʎ a ð u ɾ ɐ
mollo	m o ʎ ʊ
mollo	m ɔ ʎ ʊ
monstro	m o n s t ɾ ʊ
montaña	m o n t a ɲ ɐ
monteira	m o n t e j ɾ ɐ
montenegro	m o n t e n e ɣ ɾ ʊ
monterrei	m o n t e r e j
monumento	m o n u m ɛ n t ʊ
monxa	m o n ʃ ɐ
monxe	m o n ʃ ɪ
morango	m o ɾ a ŋ ɡ ʊ
morcilla	m o ɾ s i ʎ ɐ
morcilla	m o ɾ θ i ʎ ɐ
morder	m o ɾ ð e ɾ
moreno	m o ɾ e n ʊ
mormo	m ɔ ɾ m ʊ
morote	a m o ɾ o t ɪ
morouzo	m o ɾ o w s ʊ
morouzo	m o ɾ o w θ ʊ
morrer	m o r e ɾ
morto	m o ɾ t ʊ
morto	m ɔ ɾ t ʊ
mostra	m ɔ s t ɾ ɐ
moura	m o w ɾ ɐ
mouramia	m o w ɾ a m i ɐ
moxena	m o ʃ e n ɐ
muiñeira	m u i ɲ e j ɾ ɐ
muiñeira	m u j ɲ e j ɾ ɐ
mulida	m u l i ð ɐ
mulime	m u l i m ɪ
muraño	m u ɾ a ɲ ʊ
murta	m u ɾ t ɐ
musgaño	m u s ɣ a ɲ ʊ
musgo	m u s ɣ ʊ
musguento	m u s ɡ e n t ʊ
musguento	m u s ɡ ɛ n t ʊ
mágoa	m a ɣ ʊ̯ ɐ
mármore	m a ɾ m ʊ ɾ ɪ
máscara	m a s k ɐ ɾ ɐ
música	m u s i k ɐ
músico	m u s i k ʊ
nabal	b a β a l
nacemento	n a s e m e n t ʊ
nacemento	n a θ e m ɛ n t ʊ
nacente	n a s e n t ɪ
nacente	n a θ ɛ n t ɪ
nacenza	n a s ɛ n s ɐ
nacenza	n a θ ɛ n θ ɐ
nacer	n a s e ɾ
nacer	n a θ e ɾ
nación	n a θ j o ŋ
nada	n a ð ɐ
nadar	n a ð a ɾ
nado	n a ð ʊ
nandín	n a n d i ŋ
nantín	n a n t i ŋ
narnexar	n a ɾ n e ʃ a ɾ
narneón	n a ɾ n e o ŋ
narno	n a ɾ n ʊ
natureza	n a t u ɾ e θ a
navalla	n a β a ʎ ɐ
navia	n a β j ɐ
neboeiro	n ɛ β o e j ɾ ʊ
nebra	n ɛ β ɾ ɐ
necesidade	n e θ e s i ð a ð ɪ
negar	n e ɣ a ɾ
negral	n e ɣ ɾ a l
negro	n e ɣ ɾ ʊ
negrura	n e ɣ ɾ u ɾ ɐ
nevada	n e β a ð ɐ
nevar	n e β a ɾ
nevarento	n e β a ɾ e n t ʊ
nevarento	n e β a ɾ ɛ n t ʊ
neve	n ɛ β ɪ
neveira	n ɛ β e j ɾ ɐ
nidio	n i ð j ʊ
nigromante	n i ɣ ɾ o m a n t ɪ
ninguén	n i ŋ ɡ ɛ ŋ
niñeiro	n i ɲ e j ɾ ʊ
noca	n ɔ k ɐ
nocello	n o s e ʎ ʊ
nocello	n o θ e ʎ ʊ
noia	n ɔ j ɐ
noite	n o i̯ t̪ ɪ
nome	n o m ɪ
nomeada	n o m e a ð ɐ
nomeada	n ʊ m ɪ a ð ɐ
nomear	n o m e a ɾ
non	n o ŋ
non	n ʊ ŋ
norte	n ɔ ɾ t ɪ
norza	n ɔ ɾ θ ɐ
noutra	n o w t ɾ ɐ
noutro	n o w t ɾ ʊ
novas	n ɔ β ɐ s
nove	n ɔ̃ β̞ ɪ
novo	n o β ʊ
novo	n ɔ β ʊ
nube	n u β ɪ
nécora	n ɛ k ʊ ɾ ɐ
níscaro	n i s k ɐ ɾ ʊ
obra	ɔ β ɾ ɐ
obriga	o β ɾ i ɣ ɐ
obrigado	o β ɾ i ɣ a ɾ
oco	ɔ k ʊ
odiar	ɔ ð̞ j a ɾ
odio	ɔ ð̞ j ʊ
oh	ɔː
oi	o j
oi	ɔ j
ola	o l ɐ
oliveira	o l i β e j ɾ ɐ
ollada	o ʎ a ð ɐ
ollada	ɔ ʎ a ð ɐ
olleiro	o ʎ e j ɾ ʊ
ombreiro	o m b ɾ e j ɾ ʊ
ombro	o m b ɾ ʊ
onda	o n d ɐ
onta	o n t ɐ
opor	o p ɔ ɾ
ora	ɔ ɾ ɐ
orde	ɔ ɾ ð̞ ɪ
orgullo	o ɾ ɣ u ʎ ʊ
orzamento	o ɾ θ a m e n t ʊ
osmar	o s m a ɾ
ou	o w
ou	oː w
ouca	o w k ɐ
ourego	o w ɾ e ɣ ʊ
ouriños	o w ɾ i ɲ ʊ s
ouropeso	o u ɾ o p e s ʊ
outorgar	o w t o ɾ ɣ a ɾ
ovella	o β e ʎ ɐ
ovo	ɔ β ʊ
oído	o i ð ʊ
oír	ɔ i ɾ
pa	p a
pabón	p a β o ŋ
pachorra	p a t͡ʃ o r ɐ
pachorrento	p a t͡ʃ o r e n t ʊ
paciencia	p a s j ɛ n s j ɐ
paciencia	p a θ j ɛ n θ j ɐ
paciente	p a θ j ɛ n t ɪ
padieira	p a ð i e j ɾ ɐ
padiola	p a ð j ɔ l ɐ
padre	p a ð ɾ ɪ
padín	p aː ð i ŋ
paifoco	p a j f ɔ k ʊ
paio	p a j ʊ
pala	p a l ɐ
palafrén	p a l a f ɾ ɛ ŋ
palanquín	p ɑ l ɑ ŋ k i ŋ
palillar	p a l i ʎ a ɾ
palilleira	p a l i ʎ e j ɾ ɐ
palillo	p a l i ʎ ʊ
pallaso	p a ʎ a s ʊ
panasco	p a n a s k ʊ
pancho	p a n t͡ʃ ʊ
panchoz	p a n t͡ʃ ɔ s
panchoz	p a n t͡ʃ ɔ θ
pandeirada	p a n d e j ɾ a ð ɐ
pandeiro	p a n d e j ɾ ʊ
pandelo	p a n d ɛ l ʊ
pando	p a n d ʊ
paneira	p a n e j ɾ ɐ
panterlo	p a n t e ɾ l ʊ
pantrigo	p a n t ɾ i ɣ ʊ
papagaio	p a p a ɣ a j ʊ
papahostias	p a p a ɔ s t i ɐ s
papaleisón	p a p a l e j s o ŋ
paparota	p a p a ɾ o t ɐ
papaxoubas	p a p a ʃ o w β a s
paporroibo	p a p o r o j β ʊ
papudo	p a p u ð ʊ
papón	p a p o ŋ
para	p a ɾ ɐ
para	p ɐ ɾ ɐ
para	p ɾ ɐ
parar	p a ɾ a ɾ
paraza	p a ɾ a θ ɐ
parceiro	p a ɾ s e j ɾ ʊ
parceiro	p a ɾ θ e j ɾ ʊ
parcela	p a ɾ s ɛ l ɐ
parcela	p a ɾ θ ɛ l ɐ
pardal	p a ɾ ð a l
pardal	p a ɾ ð a ʊ̯
parente	p a ɾ e n t ɪ
parición	p a ɾ i θ j o ɲ
parir	p a ɾ i ɾ
parola	p a ɾ ɔ l ɐ
paroleiro	p a ɾ ɔ l e j ɾ ʊ
parranda	p a r a n d ɐ
parrocha	p a r ɔ t͡ʃ ɐ
parroquia	p a r ɔ k j ɐ
parteira	p a ɾ t e j ɾ ɐ
parva	p a ɾ β ɐ
pasadeiro	p a s a ð e j ɾ ʊ
pasar	p a s a ɾ
pasaxe	p a s a ʃ ɪ
paseniño	p a s e n i ɲ ʊ
paso	p a s ʊ
paspán	p a s p a ŋ
pasta	p a s t ɐ
pastrán	p a s t ɾ a ŋ
pata	p a t ɐ
pataqueira	p a t a k e j ɾ ɐ
patelo	p a t ɛ l ʊ
pato	p a t ʊ
pavor	p a β o ɾ
pavía	p a β i ɐ
pavón	p a β o ŋ
paxara	p a ʃ a ɾ ɐ
paxarela	p a ʃ a ɾ ɛ l ɐ
paxariño	p a ʃ a ɾ i ɲ ʊ
paxariños	p a ʃ a ɾ i ɲ ʊ s
paxaro	p a ʃ a ɾ ʊ
paz	p a θ
pebideiro	p e β i ð e j ɾ ʊ
pedazo	p e ð a s ʊ
pedazo	p e ð a θ ʊ
pedichar	p e ð i t͡ʃ a ɾ
pedichón	p e ð i t͡ʃ o ŋ
pedra	p ɛ ð ɾ ɐ
pedrada	p e ð ɾ a ð ɐ
pegamazo	p e ɣ a m a θ ʊ
pegañento	p e ɣ a ŋ ɛ n t ʊ
pego	p e ɣ ʊ
peitear	p e j t e a ɾ
peitolobo	p e j t o l o β ʊ
peituga	p e j t u ɣ ɐ
pelame	p e l a m ɪ
peleca	p e l ɛ k ɐ
pelo	p e l ʊ
pelouro	p e l o w ɾ ʊ
pender	p e n d e ɾ
pendón	p e n d o ŋ
penela	p e n ɛ l a
penico	p ɪ n i k ʊ
penzo	p e n θ ʊ
penúltimo	p e n u l t i m o
peor	p e o ɾ
peor	p j o ɾ
pequeniño	p e k e n i ɲ ʊ
pequerrecho	p e k e r e t͡ʃ ʊ
pera	p e ɾ ɐ
perante	p e ɾ a n t ɪ
percibir	p e ɾ s i β i ɾ
percibir	p e ɾ θ i β i ɾ
perdigoto	p e ɾ ð i ɣ ɔ t ʊ
perdurábel	p e ɾ ð u ɾ a β ɪ l
pereira	p e ɾ e j ɾ ɐ
perfeba	p e ɾ f e β ɐ
perigo	p e ɾ i ɣ ʊ
pero	p e ɾ ʊ
perponto	p e ɾ p o n t ʊ
perralleiro	p e r a ʎ e j ɾ ʊ
perrecha	p e r e t͡ʃ ɐ
perseguir	p e ɾ s e ħ i ɾ
perseguir	p e ɾ s e ɣ i ɾ
persoeiro	p e ɾ s o e j ɾ ʊ
pertegueiro	p e ɾ t e ɣ e j ɾ ʊ
pertenza	p e ɾ t e n s ɐ
pertenza	p e ɾ t ɛ n θ ɐ
pesadelo	p e s a ð ɛ l ʊ
pesado	p e s s a ð ʊ
pesar	p e s a ɾ
pescada	p e s k ɑ ð ɐ
pescadiña	p e s k ɑ ð i ɲ ɐ
peta	p ɛ t ɐ
petada	p e t a ð ɐ
petisco	p e t i s k ʊ
petouto	p e t o w t ʊ
pexego	p e ʃ e ɣ ʊ
pexegueiro	p e ʃ e ɣ e j ɾ ʊ
pez	p e s
pez	p e θ
pezoñento	p e θ o ɲ e n t ʊ
piarda	p i a ɾ ð ɐ
picada	p i k a ð ɐ
picado	p i k ɐ ð ʊ
picapeixe	p i k a p e j ʃ ɪ
picaraña	p i k a ɾ a ɲ ɐ
picaña	p i k a ɲ ɐ
picón	p i k o ŋ
pimpín	p i m p i ŋ
pingallo	p i ŋ ɡ a ʎ ʊ
pingallón	p i n k a ʎ o ŋ
pingallón	p i ŋ ɡ a ʎ o ŋ
pintasilgo	p i n t a s i l ɣ ʊ
pioga	p i ɔ ɣ ɐ
piollento	p i o ʎ e n t ʊ
piollento	p i o ʎ ɛ n t ʊ
piolloso	p i o ʎ o s ʊ
pipa	p i p ɐ
pipo	p i p ʊ
pipote	p i p ɔ t ɪ
pirola	p i ɾ ɔ l ɐ
pirolazo	p i ɾ o l a θ ʊ
pisco	p i s k ʊ
piso	p i s ʊ
pitelo	p i t ɛ l ʊ
pixo	p i ʃ ʊ
pixota	p i ʃ ɔ t ɐ
pión	p i o ŋ
pluma	p l u m ɐ
pléiades	p l e j ɐ ð ɪ s
po	p ɔ
pobriño	p o β ɾ i ɲ ʊ
podengo	p o ð e ŋ ɡ ʊ
podredume	p o ð ɾ e ð u m ɪ
poexo	p o e ʃ ʊ
pola	p o l ʊ
polaina	p o l a j n ɐ
polbeiro	p ɔ l β e j ɾ ʊ
poleiro	p o l e j ɾ ʊ
polgar	p o l ɡ a ɾ
polgar	p u l ɡ a ɾ
polo	p o l ʊ
polo	p ʊ l ʊ
poma	p o m ɐ
ponte	p o n t ɪ
porca	p ɔ ɾ k ɐ
porcalla	p ɔ ɾ k ɑ ʎ ɐ
porfiar	p o ɾ f i a ɾ
porfillar	p o ɾ f i ʎ a ɾ
pornográfico	p o̞ ɾ n o̞ ɣ̞ ɾ ä ɸ i k o̞
portaxe	p ɔ ɾ t a ʃ ɪ
porteiro	p o ɾ t e j ɾ ʊ
porteiro	p ɔ ɾ t e j ɾ ʊ
porto	p o ɾ t̪ ʊ
porto	p ɔ ɾ t ʊ
portugués	p o ɾ t u ɣ e s
portádego	p ɔ ɾ t a ð ɪ ɣ ʊ
posta	p ɔ s t ɐ
poste	p ɔ s t ɪ
postizo	p o s t i θ ʊ
postremeiro	p o s t ɾ e m e j ɾ ʊ
pota	p ɔ t ɐ
poubea	p o w β e ɐ
pouso	p o w s ʊ
poxigo	p o ʃ i ɣ ʊ
pradairo	p ɾ a ð a j ɾ ʊ
prago	p ɾ a ɣ ʊ
prata	p ɾ a t ɐ
prateiro	p ɾ a t e j ɾ ʊ
prato	p ɾ a t ʊ
preciso	p ɾ e s i s ʊ
preciso	p ɾ e θ i s ʊ
pregar	p ɾ e ɣ a ɾ
pregar	p ɾ ɛ ɣ a ɾ
preito	p ɾ e j t ʊ
prelado	p ɾ e l a ð ʊ
presebe	p ɾ e s e β ɪ
presoira	p ɾ e s o j ɾ ɐ
presoiro	p ɾ e s o j ɾ ʊ
preto	p ɾ ɛ t ʊ
prezo	p ɾ e s ʊ
prezo	p ɾ e θ ʊ
primeiramente	p ɾ i m e j ɾ a m e n t ɪ
primeiro	p ɾ i m e j ɾ ʊ
privado	p ɾ i β a ð ʊ
proba	p ɾ ɔ β ɐ
prolongar	p ɾ o l o ŋ ɡ a ɾ
pronto	p ɾ o n t ʊ
proseguir	p r ʊ s e ħ i ɾ
proseguir	p r ʊ s e ɣ i ɾ
pucheiro	p u t͡ʃ e j ɾ ʊ
pucho	p u t͡ʃ ʊ
pufento	p u f e n t ʊ
pufento	p u f ɛ n t ʊ
pufista	p u f i s t ɐ
pufo	p u f ʊ
pulmón	p u l m o ŋ
pulso	p u l s ʊ
pumarega	p u m a ɾ ɛ ɣ ɐ
pumba	p u m b ɐ
punta	p u n t ɐ
punteiro	p u n t e i ɾ ʊ
punto	p u n t ʊ
purrela	p u r ɛ l ɐ
putear	p u t e a ɾ
puxar	p u ʃ a ɾ
puxavante	p u ʃ a β a n t ɪ
pándega	p a n d ɪ ɣ ɐ
péga	p ɛ ɣ ɐ
pégaro	p e ɣ ɐ ɾ ʊ
pícaro	p i k ɐ ɾ ʊ
píntega	p i n t ɪ ɣ ɐ
pór	p o ɾ
púcaro	p u k ɐ ɾ ʊ
quedar	k e ð a ɾ
quedo	k e ð ʊ
queima	k e j m ɐ
queiroa	k e j ɾ ɔ ɐ
quenta	k ɛ n t ɐ
quentar	k ɛ n t a ɾ
quente	k ɛ n t̪ ɪ
quentura	k ɛ n t u ɾ ɐ
quieto	k j ɛ t ʊ
quilate	k i l a t ɪ
quilma	k i l m ɐ
quincalla	k i ŋ k ɑ ʎ ɐ
quino	k i n ʊ
quizais	k i s a j s
quizais	k i θ a j s
raba	r a β ɐ
rabudo	r a β u ð ʊ
raigado	r a j ɣ a ð ʊ
raigoto	r a j ɣ ɔ t ʊ
raio	r a j ʊ
ralo	r a l ʊ
rama	r a m ɐ
ramallo	r a m a ʎ ʊ
ranco	r a ŋ k ʊ
rancura	r a ŋ k u ɾ ɐ
rapa	r a p ɐ
rapazada	r a p a s a ð ɐ
rapazada	r a p a θ a ð ɐ
rapeiro	r a p e j r ʊ
rascar	r a s k a ɾ
raspallo	r a s p a ʎ ʊ
raspar	r a s p a ɾ
rata	r a t ɐ
raza	r a s ɐ
raza	r a θ ɐ
razón	r a s o ŋ
razón	r a θ o ŋ
rebanda	r e β a n d ɐ
rebentar	r e β e n t a ɾ
rebillar	r e β i ʎ a ɾ
rebo	r e β ʊ
rebola	r e β o l ɐ
rebolada	r e β o l a ð ɐ
rebolar	r e β o l a ɾ
rebolo	r e β o l ʊ
reboutallo	r e β o w t a ʎ ʊ
rebuldeiro	r e β u l d e j ɾ ʊ
rebuldo	r e β u l d ʊ
rechamar	r e t͡ʃ a m a ɾ
rechegar	r e t͡ʃ e ɣ a ɾ
rechouchío	r e t͡ʃ o w t͡ʃ i ʊ
rechumido	r e t͡ʃ u m i ð ʊ
recibir	r e θ i β i ɾ
recina	r e θ i n ɐ
recobrar	r e k o β ɾ a ɾ
recolleita	r e k o ʎ e j t ɐ
recosto	r e k o s t ʊ
recruar	r e k ɾ u a ɾ
redor	r e d o ɾ
redrollo	r e ð ɾ o ʎ ʊ
refacho	r e f a t͡ʃ ʊ
refertar	r e f e ɾ t a ɾ
refolgo	r e f ɔ l ɣ ʊ
refucir	r e f u θ i ɾ
refén	r e f e ŋ
regalar	r e ɣ a l a ɾ
regalo	r e ɣ a l ʊ
regalía	r e ɣ a l i ɐ
regaña	r e ɣ a ɲ ɐ
regañar	r e ɣ a ɲ a ɾ
regular	r e ɣ u l a ɾ
rei	r e j
reiseñor	r e j s e ɲ o ɾ
releixar	r e l e j ʃ e ɾ
releixo	r e l e j ʃ ʊ
relento	r e l e n t ʊ
rellón	r e ʎ o ŋ
relo	r e l ʊ
relo	r ɛ l ʊ
reloucar	r e l o w k ɑ ɾ
relouco	r e l o w k ʊ
remollo	r e m o ʎ ʊ
renche	r e n t͡ʃ ɪ
renda	r e n d ɐ
rendemento	r e n d e m e n t ʊ
rendemento	r e n d e m ɛ n t ʊ
render	r e n d e ɾ
renque	r e ŋ k ɪ
reparar	r e p a ɾ a ɾ
repenico	r e p e n i k ʊ
repolo	r e p o l ʊ
repoludo	r e p o l u ð ʊ
repouso	r e p o w s ʊ
requentar	r e k ɛ n t a ɾ
rescaldar	r e s k a l d a ɾ
rescaldo	r e s k a l d ʊ
resina	r e s i n ɐ
restreba	r e s t ɾ e β a
restrollo	r e s t ɾ o ʎ ʊ
resésego	r e s ɛ s ɪ ɣ ʊ
retallo	r e t a ʎ ʊ
reter	r e t e ɾ
retranca	r e t ɾ a ŋ k ɐ
revirichar	r e β i ɾ i t͡ʃ a ɾ
rexedor	r e ʃ e ð o ɾ
rexo	r e ʃ ʊ
rexoubar	r e ʃ o w β a ɾ
rexoubeiro	r e ʃ o w β e i ɾ ʊ
riquiño	r i k i ɲ ʊ
riseiro	r i s e j ɾ ʊ
risoño	r i s ɔ ɲ ʊ
rodelo	r o ð ɛ l ʊ
rodicio	r o ð i θ j ʊ
roleiro	r o l e j ɾ ʊ
romai	r o m a j
romariz	r o m a ɾ i θ
romaría	r o m a ɾ i ɐ
romarís	r o m a ɾ i s
romaxe	r o m a ʃ ɪ
romper	r o m p e ɾ
román	r o m ɑ ŋ
roqueiro	r o k e j r ʊ
roqueiro	r ɔ k e j r ʊ
rosada	r o s a ð ɐ
rosmón	r o s m o ŋ
roubo	r o w β ʊ
rouco	r o w k ʊ
roupa	r o w p ɐ
roupeiro	r o w p e j ɾ ʊ
roán	r o a ŋ
roñón	r o ɲ o ŋ
ruela	r u ɛ l ɐ
ruindade	r u i n d a ð ɪ
rula	r u l ɐ
ruxerruxe	r u ʃ e r u ʃ ɪ
ruxir	r u ʃ i ɾ
ruzo	r u s ʊ
ruzo	r u θ ʊ
ruán	r u a ŋ
ría	r i ɐ
río	r i ʊ
ríspeto	r i s p e t ʊ
rúa	r u ɐ
sabedoría	s a β e ð o ɾ i ɐ
sabenla	s a β ɛ ŋ l ɐ
sabenza	s a β ɛ n θ ɐ
saboga	s a β o ɣ ɐ
sacabeira	s a k a β e j ɾ ɐ
sacamanteigas	s a k a m a n t e j ɣ ɐ s
sacudir	s a k u ð i ɾ
saio	s a j ʊ
saiñento	s a i ɲ e n t ʊ
sal	s̺ a l
salagre	s a l a ɣ ɾ ɪ
salamántiga	s a l a m a n t i ɣ ɐ
salpreso	s a l p ɾ e s ʊ
saltón	s a l t o ŋ
san	s a ŋ
sangría	s a ŋ ɡ ɾ i ɐ
sanguento	s a ŋ ɡ e n t ʊ
sanguento	s a ŋ ɡ ɛ n t ʊ
santiago	s a n t j a ɣ ʊ
santiaguiño	s a n t j a ɣ i ɲ ʊ
sapo	s̺ a p ʊ
sarabela	s a ɾ a β ɛ l ɐ
sarabia	s a ɾ a β j ɐ
sarabia	s a ɾ a β ɪ ɐ
sarabiar	s a ɾ a β i a ɾ
saramaganta	s a ɾ a m a ɣ a n t ɐ
sarampelo	s a ɾ a m p ɛ l ʊ
sargo	s a ɾ ɣ ʊ
sartego	s a ɾ t ɛ ɣ ʊ
satrexas	s a t ɾ e ʃ ɐ s
saudade	s a w ð a ð ɪ
saír	s a i ɾ
sañudo	s a ɲ u ð ʊ
saúde	s a u ð ɪ
seca	s e k ɐ
secasí	s e k ɑ s i
seco	s e k ʊ
segredo	s e ɣ ɾ e ð ʊ
seguir	s e ħ i ɾ
seguir	s e ɣ i ɾ
seica	s e j k ɐ
seiva	s e j β ɐ
seivar	s e j β a ɾ
seixada	s e j ʃ a ð ɐ
seixo	s̺ e j ʃ ʊ
sela	s ɛ l ɐ
semellanza	s e m e ʎ a n θ ɐ
sementeiro	s e m e n t e j ɾ ʊ
sen	s̺ ɪ ŋ
sentidiño	s e n t i ð i ɲ ʊ
senón	s e n o ŋ
seo	s e ʊ
sequera	s e k ɛ ɾ ɐ
serao	s e ɾ a ʊ̯
servidume	s e r β i ð u m ɪ
servizo	s e ɾ β i θ ʊ
servo	s ɛ ɾ β ʊ
sese	s ɛ s ɪ
sesego	s e s ɛ ɣ ʊ
sete	s ɛ t e
seteira	s ɛ t e j ɾ ɐ
setestrelo	s ɛ t e s t ɾ ɛ l ʊ
seu	s e w
seu	s ɛ w
señardade	s e ɲ a ɾ ð a ð ɪ
silveira	s i l β e j ɾ ɐ
sinatura	s i n a t u ɾ ɐ
sirgo	s i ɾ ɣ ʊ
sisto	s i s t ʊ
so	s ʊ
soba	s o β ɐ
sobar	s o β a ɾ
sobeira	s o β e j ɾ ɐ
sobre	s o β ɾ ɪ
sobreira	s̺ o β̞ ɾ e j ɾ a̝
sobriño	s o β ɾ i ɲ ʊ
socairo	s o k a j ɾ ʊ
socheira	s o t͡ʃ e j ɾ ɐ
sociable	s̺ ɔ θ j a β l e̝
sofraxe	s ʊ f ɾ a ʃ ɪ
soga	s o ɣ ɐ
sogro	s ɔ ɣ ɾ ʊ
sol	s̺ o l
sol	s̺ ɔ l
solaz	s o l a s
solaz	s o l a θ
soldado	s o l d a ð ʊ
soleira	s o l e j ɾ ɐ
soles	s̺ o l ɪ s̺
solta	s o l t ɐ
solta	s ɔ l t ɐ
solteiro	s o l t e j ɾ ʊ
solto	s o l t ʊ
solto	s ɔ l t ʊ
soma	s o m ɐ
sombrizo	s o m b ɾ i s ʊ
sombrizo	s o m b ɾ i θ ʊ
somonte	s o m o n t ɪ
sona	s o n ɐ
sono	s ɔ n ʊ
sopapo	s o p a p ʊ
sopostallo	s o p o s t a ʎ ʊ
sorba	s o ɾ β ɐ
sorriso	s o r i s ʊ
sos	s ɔ s
sosegar	s o s e ɣ a ɾ
sospeita	s o s p e j t ɐ
sospeitar	s o s p e j t a ɾ
sosubir	s o s u β i ɾ
souria	s o w ɾ j ɐ
soño	s o ɲ ʊ
suba	s u β ɐ
subir	s u β i ɾ
sueco	s̺ w ɛ k ʊ
suegos	s w ɛ ɣ ʊ s
suevos	s w ɛ β ʊ s
sufrir	s u f ɾ i ɾ
sugar	s u ɣ a ɾ
sugota	s u ɣ ɔ t ɐ
sumidoiro	s u m i ð o j ɾ ʊ
sumir	s u m i ɾ
surbia	s u ɾ β j ɐ
sutil	s u t i l
suxeito	s u ʃ e j t ʊ
sábado	s̺ a β a ð ʊ
só	s ɔ
súa	s̺ u ɐ
tabao	t a β a ʊ̯
tal	t a l
tala	t a l ɐ
talizo	t a l i s ʊ
talizo	t a l i θ ʊ
tallada	t a ʎ a ð ɐ
tallado	t a ʎ a ð ʊ
tamaño	t a m a ɲ ʊ
tamboril	t a m b o ɾ i l
tambre	t a m b ɾ ɪ
tangalexo	t a ŋ ɡ a l e ʃ o̝
tangaraño	t a ŋ ɡ a ɾ a ɲ ʊ
tanto	t a n t ʊ
tapadeira	t a p a ð e j ɾ ɐ
tapete	t a p e t ɪ
tapia	t a p j ɐ
tapiz	t a p i s
tapiz	t a p i θ
tarabela	t a ɾ a β ɛ l ɐ
tarabelear	t a ɾ a β e l e a ɾ
tarambollo	t a ɾ a m b o ʎ ʊ
tarandeira	t a ɾ a n d e j ɾ ɐ
tardanza	t a ɾ ð a n θ a
tardar	t a ɾ ð a ɾ
tardo	t a ɾ ð ʊ
tarrelo	t a r e l ʊ
tarrelo	t a r ɛ l ʊ
taza	t a s ɐ
taza	t a θ ɐ
tega	t ɛ ɣ ɐ
teimar	t e j m a ɾ
teixugueira	t e j ʃ u ɣ e j ɾ ɐ
telepatía	t e l e p a t i a
temoa	t e m o ɐ
temoncela	t e m o n θ ɛ l ɐ
temor	t e m o ɾ
temperar	t e m p e ɾ a ɾ
tempero	t e m p e ɾ ʊ
tempero	t e m p ɛ ɾ ʊ
temperán	t e m p e ɾ a ŋ
tempo	t̪ ɛ m p ʊ
tenaces	t e n a s ɪ s
tenaces	t e n a θ ɪ s
tendón	t e n d o ŋ
tenreira	t e n r e j ɾ ɐ
tenreiro	t e n r e j ɾ ʊ
tenro	t ɛ n r ʊ
tentar	t e n t a ɾ
teo	t e ʊ
ter	t e ɾ
terreiro	t e r e j ɾ ʊ
terror	t ɛ r o ɾ
terza	t e ɾ θ ɐ
testamento	t e s t a m e n t ʊ
testemuña	t e s t e m u ɲ ɐ
testemuño	t e s t e m u ɲ ʊ
teto	t e t ʊ
tibia	t i β j ɐ
tibio	t i β j ʊ
tinta	t i n t ɐ
tinteiro	t i n t e j ɾ ʊ
tizón	t i s o ŋ
tizón	t i θ o ŋ
tiúlfe	t i u l f ɪ
to	t ɔː
tocar	t o k a ɾ
todo	t o ð ʊ
tolaxe	t o l a ʃ ɪ
tolear	t o l e a ɾ
tolemia	t o l e m i ɐ
tolosa	t̪ o l o s̺ a̝
tolosano	t̪ o l o s̺ a̠ n o̝
tomento	t o m e n t ʊ
toniña	t o n i ɲ ɐ
tordear	t o ɾ ð e a ɾ
torga	t ɔ ɾ ɣ ɐ
torneo	t ɔ ɾ n e ʊ
torpe	t o ɾ p ɪ
torre	t o r ɪ
torresmo	t o r ɛ s m ʊ
torticeiro	t o ɾ t i θ e j ɾ ʊ
torzón	t o ɾ s o ŋ
torzón	t o ɾ θ o ŋ
tosar	t o s a ɾ
toste	t ɔ s t ɪ
toucelo	t o w s e l ʊ
toupeira	t o w p e j ɾ ɐ
toupello	t o w p e ʎ ʊ
touquinegra	t o w k i n e ɣ ɾ ɐ
toural	t o w ɾ a l
tourengo	t o w ɾ e ŋ ɡ ʊ
touzar	t o u θ a ɾ
toxo	t o ʃ ʊ
traballador	t ɾ a β a ʎ a ð o ɾ
trade	t ɾ a ð ɪ
traer	t ɾ a e ɾ
tragar	t ɾ a ɣ a ɾ
tragueira	t ɾ a ɣ e j ɾ ɐ
traizón	t ɾ a j θ o ŋ
tramallo	t ɾ a m a ʎ ʊ
trampulleiro	t ɾ a m p u ʎ e j ɾ ʊ
trancho	t ɾ a n t͡ʃ ʊ
trapalleiro	t ɾ a p a ʎ e j ɾ ʊ
trapeira	t ɾ a p e j ɾ ɐ
trasantonte	t ɾ a s a n t ɔ n t ɪ
trasariz	t ɾ a s a ɾ i θ
traseiro	t ɾ a s e j ɾ ʊ
trasfegar	t ɾ a s f e ɣ a ɾ
trasmil	t ɾ a s m i l
trasno	t ɾ a s n ʊ
traza	t ɾ a s a
traza	t ɾ a θ a
trazar	t ɾ a s a ɾ
trazar	t ɾ a θ a ɾ
treixa	t ɾ e j ʃ ɐ
treixadura	t ɾ e j ʃ a ð u ɾ ɐ
trela	t ɾ ɛ l ɐ
trencha	t ɾ e n t͡ʃ ɐ
trepeza	t ɾ e p ɛ θ ɐ
trigal	t ɾ i ɣ a l
trincha	t ɾ i n t͡ʃ ɐ
trinchante	t ɾ e n t͡ʃ a n t ɪ
trinchar	t ɾ i n t͡ʃ a ɾ
tripada	t ɾ i p a ð ɐ
tripaxe	t ɾ i p a ʃ ɪ
tristeiro	t ɾ i s t e i ɾ ʊ
tristura	t ɾ i s t u ɾ ɐ
trobisco	t ɾ o β i s k ʊ
trobo	t ɾ ɔ β ʊ
troco	t ɾ ɔ k ʊ
troneira	t ɾ ɔ n e j ɾ ɐ
tropa	t ɾ ɔ p ɐ
tropel	t ɾ ɔ p ɛ l
tropezar	t ɾ o p e s a ɾ
tropezar	t ɾ o p e θ a ɾ
trouxa	t ɾ o w ʃ ɐ
trunfo	t ɾ u ɱ f ʊ
truque	t ɾ u k ɪ
tuche	t u t͡ʃ ɪ
tunda	t u n d a
turra	t u r ɐ
turrar	t u r a ɾ
tusido	t u s i ð ʊ
tuíxe	t u i ʃ ɪ
tépedo	t e p ɪ ð ʊ
tódolos	t o ð ʊ l ʊ s
ubre	u β ɾ ɪ
ucheira	u t͡ʃ e j ɾ ɐ
ulla	u ʎ ɐ
ungüento	u ŋ ɡ w ɛ n t ʊ
untar	u n t a ɾ
urda	u ɾ ð ɐ
urdume	u ɾ ð u m ɪ
usurpar	u s u ɾ p a ɾ
uva	u β ɐ
uxa	u ʃ ɐ
uzal	u s a l
uzal	u θ a l
vaca	β a k ɐ
vacío	b a s i ʊ
vacío	b a θ i ʊ
vaganta	b a ɣ a n t ɐ
vagar	b a ɣ a ɾ
vagaroso	b a ɣ a ɾ o s ʊ
valedeiro	b a l e ð e j ɾ ʊ
valer	b a l e ɾ
valixa	b a l i x a
valiña	b a l i ɲ a
valse	b a l s ɪ
varanda	b a ɾ a n d ɐ
varelo	b a ɾ ɛ l ʊ
varelo	b ɾ ɛ l ʊ
varredoiro	b a r e ð o j ɾ ʊ
varrer	b a r e ɾ
vasalaxe	b a s a l a ʃ ɪ
vasallo	b a s a ʎ ʊ
vaso	b a s ʊ
vasoira	b a s̺ o j ɾ ɐ
vaxa	b a ʃ ɐ
vazar	b a s a ɾ
vazar	b a θ a ɾ
veceira	b e θ e j ɾ ɐ
vegada	b e ɣ a ð ɐ
veiro	b e j ɾ ʊ
velar	b e l a ɾ
veleno	b e l e n ʊ
vellez	b e ʎ e s
vellez	b e ʎ e θ
vellote	b e ʎ ɔ t ɪ
velorio	b e l ɔ ɾ j ʊ
vender	b e n d e ɾ
venta	b e n t ɐ
ventoso	b e n t o s ʊ
ventre	b e n t ɾ ɪ
ventre	b ɛ n t ɾ ɪ
ventrecha	b e n t ɾ e t͡ʃ ɐ
ventrullo	b e n t ɾ u ʎ ʊ
verde	b e ɾ ð ɪ
verdura	b e ɾ ð u ɾ ɐ
vergallo	b e ɾ ɣ a ʎ ʊ
vergasta	b e ɾ ɣ a s t ɐ
vergonza	b e ɾ ɣ o n s ɐ
vergonza	b e ɾ ɣ o n θ ɐ
vergoña	b e ɾ ɣ o ɲ ɐ
verme	b ɛ ɾ m ɪ
vermello	b e ɾ m e ʎ ʊ
vermello	β e ɾ m e ʎ ʊ
vermioso	β e ɾ m i o s ʊ
verro	b ɛ r ʊ
verruga	b e r u ɣ ɐ
veso	b e s ʊ
vezar	b e s a ɾ
vezar	b e θ a ɾ
vida	b i ð ɐ
vida	β i ð ɐ
vidalla	b i ð a ʎ ɐ
vieira	b i e j ɾ ɐ
vieira	b j e j ɾ ɐ
viela	b i ɛ l ɐ
vigairo	b i ɣ a j ɾ ʊ
vila	b i l ɐ
vilatuíxe	b i l a t u i ʃ ɪ
vinco	b i ŋ k ʊ
vinda	b i n d ɐ
vindeiro	b i n d e j ɾ ʊ
vinga	b i ŋ ɡ ɐ
vinganza	b i ŋ ɡ a n s ɐ
vinganza	b i ŋ ɡ a n θ ɐ
vir	b i ɾ
virote	b i ɾ o t e
visaxe	b i s a ʃ ɪ
vivo	b i β ʊ
viño	b i ɲ ʊ
viúva	b i u β ɐ
viúvo	b i u β ʊ
voar	b o a ɾ
vocábulo	b o k a β̞ u l ʊ
vogar	b ɔ ɣ a ɾ
voltar	b ɔ l t a ɾ
volver	b o l β e ɾ
vontade	b o n t a ð ɪ
voso	b ɔ s ʊ
voz	b ɔ θ
vulgar	b u l ɣ a ɾ
válido	b a l i ð ʊ
vélaro	b ɛ l ɐ ɾ ʊ
vérrago	b ɛ r ɐ ɣ ʊ
vía	b i ɐ
víbora	b i β ʊ ɾ ɐ
vós	b ɔ s
xabardo	ʃ a β a ɾ ð ʊ
xabrón	ʃ a β ɾ o ŋ
xabón	ʃ a β o ŋ
xagobe	ʃ a ɣ o β ɪ
xalde	ʃ a l d ɪ
xamais	ʃ a m a j s
xaneira	ʃ a n e j ɾ ɐ
xaneiro	ʃ a n e j ɾ ʊ
xango	ʃ a ŋ ɡ ʊ
xarxa	ʃ a ɾ ʃ ɐ
xasmín	ʃ a s m i ŋ
xastre	ʃ a s̺ t̪ ɾ ɪ
xeadento	ʃ e a ð e n t ʊ
xema	ʃ e m ɐ
xemelgo	ʃ e m ɛ l ɣ ʊ
xenarde	ʃ e n a ɾ ð ɪ
xenreira	ʃ e n r e j ɾ ɐ
xenxibre	ʃ e n ʃ i β ɾ ɪ
xeo	ʃ e ʊ
xerra	ʃ ɛ r ɐ
xesús	ʃ ɛ s u s
xibardo	ʃ i β a ɾ ð ʊ
xiboso	ʃ i β o s ʊ
xibón	ʃ i β o ŋ
xieiro	ʃ i e j ɾ ʊ
xilbarbeira	ʃ i l β a ɾ β e j ɾ ɐ
xirín	ʃ i ɾ i ŋ
xistra	ʃ i s t ɾ ɐ
xo	ʃ oː
xoeira	ʃ ɔ e j ɾ ɐ
xoia	ʃ ɔ j ɐ
xoio	ʃ ɔ j ʊ
xordo	ʃ o ɾ ð ʊ
xugo	ʃ u ɣ ʊ
xulgado	ʃ u l ɣ a ð ʊ
xulgar	ʃ u l ɣ a ɾ
xuncras	ʃ u ŋ k ɾ ɐ s
xunguir	ʃ u ŋ ɡ i ɾ
xurar	ʃ u ɾ a ɾ
xuro	ʃ u ɾ ʊ
xusta	ʃ u s̺ t̪ ɐ
xusto	ʃ u s̺ t̪ ʊ
xuventude	ʃ u β e n t u
xuventude	ʃ u β e n t u ð ɪ
xílgaro	ʃ i l ɣ ɐ ɾ ʊ
zafado	s ɑ f a ð ʊ
zafado	θ ɑ f a ð ʊ
zafar	s a f a ɾ
zafar	z a f a ɾ
zafo	s a f ʊ
zafo	θ a f ʊ
zamarra	s a m a r ɐ
zamarra	θ a m a r ɐ
zamborca	s a m b ɔ ɾ k ɐ
zamborca	θ a m b ɔ ɾ k ɐ
zapa	s a p ɐ
zapa	θ a p ɐ
zoco	s ɔ k ʊ
zoco	θ ɔ k ʊ
zona	θ o n ɐ
zoscadoiro	s o s k a ð o j ɾ ʊ
zoscadoiro	θ o s k a ð o j ɾ ʊ
zumbar	θ u m b a ɾ
zume	s u m ɪ
zume	θ u m ɪ
zumegar	s u m e ɣ a ɾ
zumegar	θ u m e ɣ a ɾ
zurcir	s u ɾ s i ɾ
zurcir	θ u ɾ θ i ɾ
á	a
á	aː
áncora	a ŋ k ʊ ɾ ɐ
ástrago	a s t ɾ ɐ ɣ ʊ
éndez	e n d e θ
ézaro	ɛ s ɐ ɾ ʊ
ídolo	i ð ʊ l ʊ
óleo	ɔ l e ʊ
úcera	u s e ɾ ɐ
úcera	u θ e ɾ ɐ
