𐌰𐌱𐌿	a b u
𐌰𐌲𐌲𐌹𐌻𐌿𐍃	a ŋ ɡ i l u s
𐌰𐌲𐌲𐍅𐌹𐌸𐌰	a ŋ ɡ w i θ a
𐌰𐌲𐌻𐌹𐌸𐌰	a ɣ l i θ a
𐌰𐌲𐌻𐍉	a ɣ l oː
𐌰𐌵𐌹𐌶𐌹	a kʷ i z i
𐌰𐌶𐌲𐍉	a z ɡ oː
𐌰𐌶𐍅𐌼𐌴	a z y m eː
𐌰𐌶𐍅𐌼𐌿𐍃	a z y m u s
𐌰𐌷𐌰𐌺	a h a k
𐌰𐌷𐌰𐌺𐌴	a h a k eː
𐌰𐌷𐌰𐌺𐌹𐌼	a h a k i m
𐌰𐌷𐌰𐌺𐍃	a h a k s
𐌰𐌷𐍃	a h s
𐌰𐌷𐍃𐌰	a h s a
𐌰𐌷𐍄𐌰𐌿	a h t ɔː
𐌰𐌷𐍄𐌰𐌿𐌳𐍉𐌲𐍃	a h t ɔː d oː ɡ s
𐌰𐌷𐍄𐌰𐌿𐍄𐌴𐌷𐌿𐌽𐌳	a h t ɔː t eː h u n d
𐌰𐌷𐍄𐌿𐌳𐌰	a h t u d a
𐌰𐌷𐍄𐌿𐌳𐌹𐌽	a h t u d i n
𐌰𐌸𐌸𐌰𐌽	a θː a n
𐌰𐌹𐌱𐍂	ɛː β r
𐌰𐌹𐌲𐌰𐌽	ɛː ɣ a n
𐌰𐌹𐌸𐌴𐌹	ɛː θ iː
𐌰𐌹𐌽𐌶𐌿	ɛː n z u
𐌰𐌹𐌽𐌻𐌹𐌱𐌹𐌼	ɛː n l i b i m
𐌰𐌹𐌽𐌻𐌹𐍆	ɛː n l i f
𐌰𐌹𐌽𐍆𐌰𐌻𐌸	ɛː n f a l θ
𐌰𐌹𐌽𐍆𐌰𐌻𐌸𐌰𐌱𐌰	ɛː n f a l θ a b a
𐌰𐌹𐌽𐍆𐌰𐌻𐌸𐍃	ɛː n f a l θ s
𐌰𐌹𐍅𐌹𐍃𐌺𐍉𐌽	ɛː w i s k oː n
𐌰𐌹𐍈𐌰𐍄𐌿𐌽𐌳𐌹	ɛ ʍ a t u n d i
𐌰𐌹𐍈𐌰𐍄𐌿𐌽𐌳𐌾𐌰𐌹	ɛ ʍ a t u n d j a i
𐌰𐌻𐌰𐌹𐌺𐍃𐌰𐌽𐌳𐍂𐌿𐍃	a l ɛ k s a n d r u s
𐌰𐌻𐌴𐍅𐌰𐌱𐌰𐌲𐌼	a l eː w a b a ɡ m
𐌰𐌻𐌴𐍅𐌰𐌱𐌰𐌲𐌼𐌴	a l eː w a b a ɡ m eː
𐌰𐌻𐌴𐍅𐌰𐌱𐌰𐌲𐌼𐌹𐍃	a l eː w a b a ɡ m i s
𐌰𐌻𐌴𐍅𐌰𐌱𐌰𐌲𐌼𐍃	a l eː w a b a ɡ m s
𐌰𐌻𐌸𐌴𐌹𐍃	a l θ iː s
𐌰𐌻𐌻𐌿𐌷	a l l u h
𐌰𐌻𐌾𐌰𐌸	a l j a θ
𐌰𐌽𐌰𐌵𐌰𐌻	a n a kʷ a l
𐌰𐌽𐌰𐌵𐌰𐌼	a n a kʷ a m
𐌰𐌽𐌰𐌵𐌹𐌼𐌰𐌽	a n a kʷ i m a n
𐌰𐌽𐌰𐌵𐌹𐍃𐍃	a n a kʷ i s s
𐌰𐌽𐌰𐌵𐌹𐍃𐍃𐌴𐌹𐍃	a n a kʷ i s s iː s
𐌰𐌽𐌰𐌼𐌹𐌽𐌳𐌴𐌹𐍃	a n a m i n d iː s
𐌰𐌽𐌰𐌼𐌹𐌽𐌳𐍃	a n a m i n d s
𐌰𐌽𐌰𐌽𐌰𐌽𐌸𐌴𐌹𐌸	a n a n a n θ iː θ
𐌰𐌽𐌰𐌽𐌰𐌽𐌸𐌹𐌳𐌴𐌳𐌿𐌽	a n a n a n θ i d eː d u n
𐌰𐌽𐌰𐌽𐌰𐌽𐌸𐌾𐌰𐌽	a n a n a n θ j a n
𐌰𐌽𐌰𐌽𐌰𐌽𐌸𐌾𐌰𐌽𐌳𐍃	a n a n a n θ j a n d s
𐌰𐌽𐌰𐌽𐌹𐍅𐌹𐌳𐌹𐌽	a n a n i w i d i n
𐌰𐌽𐌰𐌽𐌹𐍅𐌹𐌸𐍃	a n a n i w i θ s
𐌰𐌽𐌰𐍀𐍂𐌰𐌲𐌲𐌰𐌽	a n a p r a ŋ ɡ a n
𐌰𐌽𐌰𐍀𐍂𐌰𐌲𐌲𐌰𐌽𐌰𐌹	a n a p r a ŋ ɡ a n ɛː
𐌰𐌽𐌰𐍀𐍂𐌰𐌲𐌲𐌰𐌽𐍃	a n a p r a ŋ ɡ a n s
𐌰𐌽𐌰𐍃𐌹𐌻𐌰𐌹𐌳𐌰	a n a s i l ɛː ð a
𐌰𐌽𐌰𐍃𐌹𐌻𐌰𐌽	a n a s i l aː n
𐌰𐌽𐌰𐍃𐌹𐌿𐌽	a n a s i u̯ n
𐌰𐌽𐌰𐍃𐌹𐌿𐌽𐌾𐍉	a n a s i u̯ n j oː
𐌰𐌽𐌰𐍃𐌹𐌿𐌽𐍃	a n a s i u̯ n s
𐌰𐌽𐌳𐌰𐌿𐌲𐌹	a n d ɔː ɣ i
𐌰𐌽𐌳𐌱𐌰𐌷𐍄𐌾𐌰𐌽	a n d b a h t i j a n
𐌰𐌽𐌳𐌴𐌹𐍃	a n d iː s
𐌰𐌽𐌳𐌷𐌰𐌿𐍃𐌾𐌰𐌽	a n d h ɔː s j a n
𐌰𐌽𐌳𐌸𐌰𐌲𐌺𐌾𐌰𐌽	a n d θ a ŋ k j a n
𐌰𐌽𐌳𐌸𐌰𐌲𐌺𐌾𐌰𐌽𐌳𐌹𐌽𐍃	a n d θ a ŋ k j a n d i n s
𐌰𐌽𐌳𐌸𐌰𐌲𐌺𐌾𐌰𐌽𐌳𐍃	a n d θ a ŋ k j a n d s
𐌰𐌽𐌳𐌸𐌰𐌷𐍄𐌰	a n d θ aː h t a
𐌰𐌽𐌳𐌹	a n d i
𐌰𐌽𐌳𐌹𐌽𐍃	a n d i n s
𐌰𐌽𐌳𐌾𐌰	a n d j a
𐌰𐌽𐌳𐌾𐌰𐌼	a n d j a m
𐌰𐌽𐌳𐍃𐍄𐌰𐌿𐍂𐍂𐌰𐌽	a n d s t ɔ r r a n
𐌰𐌽𐌳𐍅𐌰𐍃𐌾𐌰𐌽	a n d w a s j a n
𐌰𐌽𐌸𐌰𐍂	a n θ a r
𐌰𐌽𐌸𐌰𐍂𐌰	a n θ a r a
𐌰𐌽𐌸𐌰𐍂𐌰𐌹	a n θ a r ɛː
𐌰𐌽𐌸𐌰𐍂𐌰𐌹𐌶𐌴	a n θ a r ɛː z eː
𐌰𐌽𐌸𐌰𐍂𐌰𐌹𐌶𐍉	a n θ a r ɛː z oː
𐌰𐌽𐌸𐌰𐍂𐌰𐌹𐌼	a n θ a r ɛː m
𐌰𐌽𐌸𐌰𐍂𐌰𐌼𐌼𐌰	a n θ a r a m m a
𐌰𐌽𐌸𐌰𐍂𐌰𐌽𐌰	a n θ a r a n a
𐌰𐌽𐌸𐌰𐍂𐌰𐌽𐌿	a n θ a r a n u
𐌰𐌽𐌸𐌰𐍂𐌰𐌽𐍃	a n θ a r a n s
𐌰𐌽𐌸𐌰𐍂𐌹𐍃	a n θ a r i s
𐌰𐌽𐌸𐌰𐍂𐌿𐌷	a n θ a r u h
𐌰𐌽𐌸𐌰𐍂𐍉𐍃	a n θ a r oː s
𐌰𐌿𐌳𐌰𐌷𐌰𐍆𐍄𐍃	ɔː ð a h a ɸ t s
𐌰𐌿𐌶𐌰𐌽𐌳𐌹𐌻	ɔː z a n d i l
𐌰𐌿𐌷𐍃𐌰	ɔ h s a
𐌰𐌿𐌷𐍃𐌰𐌿	ɔ h s ɔː
𐌰𐌿𐌷𐍃𐌽𐌴	ɔ h s n eː
𐌰𐌿𐌷𐍃𐌽𐌿𐌽𐍃	ɔ h s n u n s
𐌰𐌿𐌸𐌹𐌳𐌰	ɔː θ i ð a
𐌰𐌿𐌺𐌰𐌽	ɔː k a n
𐌰𐌿𐍂𐌰𐌷𐌾𐍉𐌼	ɔː r a h j oː m
𐌰𐌿𐍂𐌰𐌻𐌹	ɔː r aː l i
𐌰𐍀𐌰𐌿𐍃𐍄𐌰𐌿𐌻𐌿𐍃	a p ɔ s t ɔ l u s
𐌰𐍂𐌰	a r a
𐌰𐍂𐌰𐌽𐍃	a r a n s
𐌰𐍂𐌺𐌰𐌲𐌲𐌹𐌻𐌿𐍃	a r k a ŋ ɡ i l u s
𐌰𐍂𐌾𐌰𐌽	a r j a n
𐌰𐍂𐌾𐌰𐌽𐌳𐌰𐌽	a r j a n d a n
𐌰𐍂𐌾𐌰𐌽𐌳𐍃	a r j a n d s
𐌰𐍂𐍈𐌰𐌶𐌽𐌰	a r ʍ a z n a
𐌰𐍂𐍈𐌰𐌶𐌽𐍉𐍃	a r ʍ a z n oː s
𐌰𐍂𐍉𐌼𐌰𐍄𐌰	a r oː m a t a
𐌰𐍃𐌰𐌽	a s a n
𐌰𐍃𐌰𐌽𐌰𐌹𐍃	a s a n ɛː s
𐌰𐍃𐌰𐌽𐍃	a s a n s
𐌰𐍃𐌹𐌰	a s i a
𐌰𐍃𐌹𐌰𐌹	a s i ɛː
𐌰𐍃𐌹𐌰𐌹𐍃	a s i ɛː s
𐌰𐍃𐌹𐌻𐌰𐌿𐍃	a s i l ɔː s
𐌰𐍃𐌹𐌻𐌿	a s i l u
𐌰𐍃𐌹𐌻𐌿𐍃	a s i l u s
𐌰𐍃𐍄𐌰𐌸	a s t a θ
𐌰𐍃𐍄𐌰𐌸𐍃	a s t a θ s
𐌰𐍃𐍄𐌰𐌽𐍃	a s t a n s
𐌰𐍃𐍄𐌴	a s t eː
𐌰𐍃𐍄𐍃	a s t s
𐌰𐍃𐍄𐍉𐍃	a s t oː s
𐌰𐍄𐌲𐌰𐍂𐌰𐌹𐌷𐍄𐌾𐌰𐌹𐍃	a t ɡ a r ɛ h t j ɛː s
𐌰𐍄𐌲𐌰𐍂𐌰𐌹𐌷𐍄𐌾𐌰𐌽	a t ɡ a r ɛ h t j a n
𐌰𐍄𐌳𐍂𐌹𐌿𐍃𐌰𐌽	a t d r i u̯ s a n
𐌰𐍄𐌷𐌰𐌱𐌰𐌹𐌳𐌴𐌳𐌿𐌽	a t h a b ɛː d eː d u n
𐌰𐍄𐌷𐌰𐌱𐌰𐌽	a t h a b aː n
𐌰𐍄𐌷𐌰𐌷𐌰𐌽	a t h aː h a n
𐌰𐍄𐌷𐌰𐌷𐌰𐌽𐍃	a t h aː h a n s
𐌰𐍄𐌷𐌰𐌷𐌹𐌸	a t h aː h i θ
𐌰𐍄𐌹𐍃𐌺	a t i s k
𐌰𐍄𐌽𐌴𐍈𐌹𐌳𐌰	a t n eː ʍ i d a
𐌰𐍄𐌽𐌴𐍈𐌾𐌰𐌽	a t n eː ʍ j a n
𐌰𐍄𐍃𐌽𐌰𐍂𐍀𐌾𐌰𐌹𐍃	a t s n a r p j ɛː s
𐌰𐍄𐍃𐌽𐌰𐍂𐍀𐌾𐌰𐌽	a t s n a r p j a n
𐌰𐍄𐍅𐌰𐌻𐍅𐌹𐌳𐌰	a t w a l w i d a
𐌰𐍄𐍅𐌰𐌻𐍅𐌾𐌰𐌽	a t w a l w j a n
𐌰𐍄𐍅𐌰𐌽𐌳𐌹𐌳𐌰	a t w a n d i d a
𐌰𐍄𐍅𐌰𐌽𐌳𐌾𐌰𐌽	a t w a n d j a n
𐌰𐍄𐍅𐌹𐍄𐌰𐌹𐌽𐌰𐌹	a t w i t ɛː n ɛː
𐌰𐍄𐍅𐌹𐍄𐌰𐌹𐌽𐍃	a t w i t ɛː n s
𐌰𐍄𐍆𐌰𐍂𐌹𐌳𐌴𐌳𐌿𐌽	a t f a r i d eː d u n
𐌰𐍄𐍆𐌰𐍂𐌾𐌰𐌽	a t f a r j a n
𐌰𐍅𐌴𐌸𐌹	a w eː θ i
𐌰𐍅𐌴𐌸𐌾𐌹𐍃	a w eː θ j i s
𐌰𐍅𐌹𐍃𐍄𐍂	a w i s t r
𐌰𐍅𐌹𐍃𐍄𐍂𐌹𐍃	a w i s t r i s
𐌰𐍆	a ɸ
𐌰𐍆𐌰𐍂𐌿𐌷	a f a r u h
𐌰𐍆𐌳𐌰𐌹𐌻𐌾𐌰𐌽	a f d ɛː l j a n
𐌰𐍆𐌳𐌰𐌿𐌱𐌽𐌰𐌽	a f d ɔː b n a n
𐌰𐍆𐌷𐌻𐌰𐌸𐌰𐌽	a f h l a θ a n
𐌰𐍆𐍅𐌰𐌻𐍅𐌾𐌰𐌽	a f w a l w j a n
𐌰𐍆𐍈𐌰𐍀𐌽𐌰𐌽	a f ʍ a p n a n
𐌱𐌰	b a
𐌱𐌰𐌲𐌼𐌰𐌼	b a ɡ m a m
𐌱𐌰𐌲𐌼𐌰𐌽𐍃	b a ɡ m a n s
𐌱𐌰𐌲𐌼𐌴	b a ɡ m eː
𐌱𐌰𐌲𐌼𐍃	b a ɡ m s
𐌱𐌰𐌹	b ɛː
𐌱𐌰𐌹𐌼	b ɛː m
𐌱𐌰𐌹𐍂𐌰𐌱𐌰𐌲𐌼𐍃	b ɛ r a b a ɡ m s
𐌱𐌰𐌹𐍂𐌰𐌽	b ɛ r a n
𐌱𐌰𐌹𐍂𐌲𐌰𐌷𐌴𐌹	b ɛ r ɡ a h iː
𐌱𐌰𐌹𐍂𐌲𐌰𐌽	b ɛ r ɡ a n
𐌱𐌰𐌹𐍂𐌷𐍄𐍃	b ɛ r x t s
𐌱𐌰𐌻𐌸𐌴𐌹	b a l θ iː
𐌱𐌰𐌻𐌸𐌴𐌹𐌸	b a l θ iː θ
𐌱𐌰𐌻𐌸𐌴𐌹𐌽	b a l θ iː n
𐌱𐌰𐌻𐌸𐌴𐌹𐌽𐍃	b a l θ iː n s
𐌱𐌰𐌻𐌸𐌾𐌰𐌽	b a l θ j a n
𐌱𐌰𐌻𐌾𐍉𐌽	b a l j oː n
𐌱𐌰𐌻𐌾𐍉𐌽𐌳𐌰𐌽𐌴	b a l j oː n d a n eː
𐌱𐌰𐌻𐌾𐍉𐌽𐌳𐍃	b a l j oː n d s
𐌱𐌰𐌽𐌳𐍅𐌹𐌳𐌿𐌷	b a n d w i d u h
𐌱𐌰𐌽𐍃	b a n s
𐌱𐌰𐌾𐍉𐌸𐌿𐌼	b a j oː θ u m
𐌱𐌰𐌾𐍉𐌸𐍃	b a j oː θ s
𐌱𐌰𐌿𐌰	b ɔː a
𐌱𐌰𐌿𐌰𐌹	b ɔː ɛː
𐌱𐌰𐌿𐌰𐌹𐌳𐌰	b ɔː i d a
𐌱𐌰𐌿𐌰𐌹𐌼𐌰	b ɔː ɛː m a
𐌱𐌰𐌿𐌰𐌽	b ɔː a n
𐌱𐌰𐌿𐌰𐌽𐌳𐌴𐌹	b ɔː a n d iː
𐌱𐌰𐌿𐌰𐌽𐌳𐍃	b ɔː a n d s
𐌱𐌰𐌿𐌸𐍃	b ɔː θ s
𐌱𐌰𐌿𐌹𐌸	b ɔː i θ
𐌱𐌰𐌿𐍂𐌸𐌴𐌹	b ɔ r θ iː
𐌱𐌰𐌿𐍂𐌸𐌴𐌹𐌽	b ɔ r θ iː n
𐌱𐌰𐍂𐌹𐌶𐌴𐌹𐌽𐌰𐌼	b a r i z iː n a m
𐌱𐌰𐍂𐌹𐌶𐌴𐌹𐌽𐌰𐌽𐍃	b a r i z iː n a n s
𐌱𐌰𐍂𐌹𐌶𐌴𐌹𐌽𐍃	b a r i z iː n s
𐌱𐌰𐍂𐌽𐌹𐍃𐌺𐌰𐌹	b a r n i s k ɛː
𐌱𐌰𐍂𐌽𐌹𐍃𐌺𐌴𐌹	b a r n i s k iː
𐌱𐌰𐍂𐌽𐌹𐍃𐌺𐌴𐌹𐌽𐍃	b a r n i s k iː n s
𐌱𐌰𐍂𐌽𐌹𐍃𐌺𐌹	b a r n i s k i
𐌱𐌰𐍂𐌽𐌹𐍃𐌺𐌾𐌰	b a r n i s k j a
𐌱𐌰𐍂𐌽𐌹𐍃𐌺𐍃	b a r n i s k s
𐌱𐌴𐌹𐌳𐌰𐌽	b iː ð a n
𐌱𐌴𐌹𐍃𐍄	b iː s t
𐌱𐌴𐌹𐍃𐍄𐌰	b iː s t a
𐌱𐌴𐌹𐍃𐍄𐌹𐍃	b iː s t i s
𐌱𐌴𐌹𐍄𐌰𐌽	b iː t a n
𐌱𐌴𐍂𐌿𐍃𐌾𐍉𐍃	b eː r u s j oː s
𐌱𐌹𐌰𐌱𐍂𐌹𐌳𐌴𐌳𐌿𐌽	b i a b r i d eː d u n
𐌱𐌹𐌰𐌱𐍂𐌾𐌰𐌽	b i a b r j a n
𐌱𐌹𐌰𐌿𐌺	b i ɔː k
𐌱𐌹𐌰𐌿𐌺𐌰𐌳𐌰	b i ɔː k a d a
𐌱𐌹𐌰𐌿𐌺𐌰𐌽	b i ɔː k a n
𐌱𐌹𐌰𐌿𐌺𐌰𐌽𐌳𐍃	b i ɔː k a n d s
𐌱𐌹𐌲𐌰𐌹𐍂𐌳𐌰𐌽	b i ɡ ɛ r d a n
𐌱𐌹𐌲𐌰𐌿𐍂𐌳𐌰𐌽𐍃	b i ɡ ɔ r d a n s
𐌱𐌹𐌳𐌾𐌰𐌹𐌸	b i d j ɛː θ
𐌱𐌹𐌳𐌾𐌰𐌽𐌳𐌰𐌽𐍃𐌿𐌸	b i d j a n d a n s u θ
𐌱𐌹𐌳𐍉𐌼𐌾𐌰𐌹	b i d oː m j ɛː
𐌱𐌹𐌳𐍉𐌼𐌾𐌰𐌽	b i d oː m j a n
𐌱𐌹𐌵𐌹𐌼𐌰𐌽	b i kʷ i m a n
𐌱𐌹𐌵𐌹𐌼𐌹𐌸	b i kʷ i m i θ
𐌱𐌹𐌸𐌴	b i θ eː
𐌱𐌹𐌸𐌴𐌷	b i θ eː x
𐌱𐌹𐌸𐍅𐌰𐌷𐌰𐌽	b i θ w a h a n
𐌱𐌹𐌸𐍅𐌰𐌷𐌰𐌽𐌳𐍃	b i θ w a h a n d s
𐌱𐌹𐌺𐌿𐌺𐌾𐌰𐌽	b i k u k j a n
𐌱𐌹𐌻𐌰𐌹𐍆	b i l ɛː f
𐌱𐌹𐌻𐌴𐌹𐌱𐌰𐌽	b i l iː β a n
𐌱𐌹𐌿𐌷𐍄𐌹	b i uː x t i
𐌱𐌹𐌿𐌷𐍄𐌾𐌰	b i uː x t j a
𐌱𐌹𐌿𐌷𐍄𐍃	b i uː x t s
𐌱𐌹𐍂𐌴𐌹𐌺𐌴𐌹	b i r iː k iː
𐌱𐌹𐍂𐌴𐌹𐌺𐌴𐌹𐌼	b i r iː k iː m
𐌱𐌹𐍂𐌴𐌹𐌺𐌴𐌹𐍃	b i r iː k iː s
𐌱𐌹𐍂𐌴𐌹𐌺𐌾𐌰𐌹	b i r iː k j ɛː
𐌱𐌹𐍂𐌹𐌽𐌽𐌰𐌽	b i r i n n a n
𐌱𐌹𐍂𐌹𐌽𐌽𐌰𐌽𐌳𐌰𐌽𐍃	b i r i n n a n d a n s
𐌱𐌹𐍂𐌹𐌽𐌽𐌰𐌽𐌳𐍃	b i r i n n a n d s
𐌱𐌹𐍂𐌿𐌽𐌰𐌹𐌽	b i r uː n ɛː n
𐌱𐌹𐍂𐌿𐌽𐌰𐌹𐌽𐍃	b i r uː n ɛː n s
𐌱𐌹𐍂𐌿𐌽𐌽𐌿𐌽	b i r u n n u n
𐌱𐌹𐍂𐍉𐌳𐌴𐌹𐌸	b i r oː d iː θ
𐌱𐌹𐍂𐍉𐌳𐌹𐌳𐌴𐌳𐌿𐌽	b i r oː d i d eː d u n
𐌱𐌹𐍂𐍉𐌳𐌾𐌰𐌽	b i r oː d j a n
𐌱𐌹𐍂𐍉𐌳𐌾𐌰𐌽𐌳𐌴𐌹𐌽	b i r oː d j a n d iː n
𐌱𐌹𐍂𐍉𐌳𐌾𐌰𐌽𐌳𐍃	b i r oː d j a n d s
𐌱𐌹𐍃𐌰𐌿𐌻𐌹𐌳𐌰	b i s ɔː l i d a
𐌱𐌹𐍃𐌰𐌿𐌻𐌹𐌳𐌰𐌹𐌼	b i s ɔː l i d ɛː m
𐌱𐌹𐍃𐌰𐌿𐌻𐌹𐌸𐍃	b i s ɔː l i θ s
𐌱𐌹𐍃𐌰𐌿𐌻𐌽𐌰𐌽	b i s ɔː l n a n
𐌱𐌹𐍃𐌰𐌿𐌻𐌽𐍉𐌳𐌴𐌳𐌴𐌹𐌽𐌰	b i s ɔː l n oː d eː d iː n a
𐌱𐌹𐍃𐌰𐌿𐌻𐌾𐌰𐌽	b i s ɔː l j a n
𐌱𐌹𐍃𐌰𐍄𐌹𐌳𐌰	b i s a t i d a
𐌱𐌹𐍃𐌰𐍄𐌾𐌰𐌽	b i s a t j a n
𐌱𐌹𐍃𐌺𐌰𐌱𐌰𐌽	b i s k a b a n
𐌱𐌹𐍃𐌺𐌰𐌱𐌰𐌽𐍃	b i s k a b a n s
𐌱𐌹𐍃𐌺𐌰𐌱𐌰𐌽𐍉𐌽	b i s k a b a n oː n
𐌱𐌹𐍃𐌺𐌰𐌹𐌽	b i s k ɛː n
𐌱𐌹𐍃𐌺𐌴𐌹𐌽𐌰𐌽	b i s k iː n a n
𐌱𐌹𐍃𐌼𐌰𐌹𐍄	b i s m ɛː t
𐌱𐌹𐍃𐌼𐌴𐌹𐍄𐌰𐌽	b i s m iː t a n
𐌱𐌹𐍃𐌽𐌹𐍅𐌰𐌼	b i s n i w a m
𐌱𐌹𐍃𐌽𐌹𐍅𐌰𐌽	b i s n i w a n
𐌱𐌹𐍃𐌿𐌽𐌾𐌰𐌽𐌴	b i s u n j a n eː
𐌱𐌹𐍃𐍀𐌴𐌹𐍅𐌰𐌳𐌰	b i s p iː w a d a
𐌱𐌹𐍃𐍀𐌴𐌹𐍅𐌰𐌽	b i s p iː w a n
𐌱𐌹𐍃𐍀𐌹𐍅𐌿𐌽	b i s p i w u n
𐌱𐌹𐍃𐍅𐌰𐌹𐍂𐌱𐌰𐌽	b i s w ɛ r b a n
𐌱𐌹𐍃𐍅𐌰𐍂𐌰	b i s w a r a
𐌱𐌹𐍃𐍅𐌰𐍂𐌰𐌽	b i s w a r a n
𐌱𐌹𐍃𐍅𐌰𐍂𐌱	b i s w a r f
𐌱𐌹𐍅𐌰𐌹𐌱𐌹𐌳𐌰𐌽𐌰	b i w ɛː b i d a n a
𐌱𐌹𐍅𐌰𐌹𐌱𐌹𐌸𐍃	b i w ɛː b i θ s
𐌱𐌹𐍅𐌰𐌹𐌱𐌾𐌰𐌽	b i w ɛː b j a n
𐌱𐌹𐍅𐌰𐌹𐌱𐌾𐌰𐌽𐌳	b i w ɛː b j a n d
𐌱𐌹𐍅𐌰𐌽𐌳	b i w a n d
𐌱𐌹𐍅𐌰𐌽𐌳𐌴𐌹	b i w a n d iː
𐌱𐌹𐍅𐌰𐌽𐌳𐌾𐌰𐌽	b i w a n d j a n
𐌱𐌹𐍅𐌰𐌽𐌳𐌾𐌰𐌽𐌳𐌰𐌽𐍃	b i w a n d j a n d a n s
𐌱𐌹𐍅𐌰𐌽𐌳𐌾𐌰𐌽𐌳𐍃	b i w a n d j a n d s
𐌱𐌹𐍅𐌴𐍃𐌾𐌰𐌿	b i w eː s j ɔː
𐌱𐌹𐍅𐌹𐌽𐌳𐌰𐌽	b i w i n d a n
𐌱𐌹𐍅𐌹𐍃𐌰𐌽	b i w i s a n
𐌱𐌹𐍅𐌿𐌽𐌳𐌰𐌽	b i w u n d a n
𐌱𐌹𐍅𐌿𐌽𐌳𐌰𐌽𐍃	b i w u n d a n s
𐌱𐌹𐍈𐌰𐌹𐍂𐌱𐌰𐌽	b i ʍ ɛ r b a n
𐌱𐌹𐍈𐌰𐌹𐍂𐌱𐌰𐌽𐌳	b i ʍ ɛ r b a n d
𐌱𐌹𐍈𐌴	b i ʍ eː
𐌱𐌻𐌰𐌿𐌸𐌾𐌰𐌽	b l ɔː θ j a n
𐌱𐌻𐌰𐌿𐌸𐌾𐌰𐌽𐌳𐌰𐌽𐍃	b l ɔː θ j a n d a n s
𐌱𐌻𐌰𐌿𐌸𐌾𐌰𐌽𐌳𐍃	b l ɔː θ j a n d s
𐌱𐌻𐌴𐌹𐌸𐌴𐌹	b l iː θ iː
𐌱𐌻𐌴𐌹𐌸𐌴𐌹𐌽𐍃	b l iː θ iː n s
𐌱𐌻𐌴𐌹𐌸𐌴𐌹𐌽𐍉	b l iː θ iː n oː
𐌱𐌻𐌴𐌹𐌸𐌾𐌰𐌽𐌳𐌰𐌽𐍃	b l iː θ j a n d a n s
𐌱𐌻𐌴𐌹𐌸𐌾𐌰𐌽𐌳𐍃	b l iː θ j a n d s
𐌱𐌻𐌹𐌲𐌲𐍅𐌰𐌽	b l i ɡ ɡ w a n
𐌱𐌻𐌹𐌲𐌲𐍅𐌰𐌽𐌳	b l i ɡ ɡ w a n d
𐌱𐌻𐌹𐌲𐌲𐍅𐌰𐌽𐌳𐌰𐌼	b l i ɡ ɡ w a n d s
𐌱𐌻𐌹𐌲𐌲𐍅𐌰𐌽𐌳𐌰𐌽𐍃	b l i ɡ ɡ w a n d a n s
𐌱𐌻𐌹𐌲𐌲𐍅𐌰𐌽𐌳𐍃	b l i ɡ ɡ w a n d s
𐌱𐌻𐌹𐌽𐌳𐌰𐌽𐌰	b l i n d a n a
𐌱𐌻𐍉𐌼𐌰	b l oː m a
𐌱𐌻𐍉𐌼𐌰𐌽𐍃	b l oː m a n s
𐌱𐌽𐌰𐌿𐌰𐌽	b n ɔː a n
𐌱𐌽𐌰𐌿𐌰𐌽𐌳𐌰𐌽𐍃	b n ɔː a n d a n s
𐌱𐌽𐌰𐌿𐌰𐌽𐌳𐍃	b n ɔː a n d s
𐌱𐌿𐌲𐌾𐌰𐌽	b u ɣ j a n
𐌱𐍂𐌹𐌺𐌰𐌽	b r i k a n
𐌱𐍂𐌹𐌽𐌽𐌰𐌽	b r i n n a n
𐌱𐍂𐌹𐌽𐌽𐌰𐌽𐌳𐍃	b r i n n a n d s
𐌱𐍂𐌹𐌽𐌽𐌰𐌽𐌳𐍉	b r i n n a n d oː
𐌱𐍂𐌹𐌽𐌽𐍉	b r i n n oː
𐌱𐍂𐌿𐌸𐍃	b r uː θ s
𐌱𐍂𐌿𐌸𐍆𐌰𐌸𐍃	b r uː θ ɸ a θ s
𐌱𐍂𐌿𐌺𐌾𐌰𐌽	b r uː k j a n
𐌱𐍂𐌿𐌺𐍃	b r uː k s
𐌱𐍂𐍉𐌸𐍂𐌰𐌷𐌰𐌽𐍃	b r oː θ r a h a n s
𐌱𐍅𐍃𐍃𐌰𐌿𐌽	b y s s ɔ n
𐌱𐍉𐍄𐌴𐌹𐌸	b oː t iː θ
𐌱𐍉𐍄𐌹𐌳𐌰	b oː t i d a
𐌱𐍉𐍄𐌾𐌰𐌽	b oː t j a n
𐌲𐌰𐌰𐌲𐌲𐍅𐌴𐌹	ɡ a a ŋ ɡ w iː
𐌲𐌰𐌰𐌲𐌲𐍅𐌴𐌹𐌽	ɡ a a ŋ ɡ w iː n
𐌲𐌰𐌰𐌲𐌲𐍅𐌹𐌳𐌰𐌹	ɡ a a ŋ ɡ w i d ɛː
𐌲𐌰𐌰𐌲𐌲𐍅𐌹𐌸𐍃	ɡ a a ŋ ɡ w i θ s
𐌲𐌰𐌰𐌲𐌲𐍅𐌾𐌰𐌽	ɡ a a ŋ ɡ w j a n
𐌲𐌰𐌰𐌹𐌽𐌰𐌹𐌳𐌰𐌹	ɡ a ɛː n ɛː d ɛː
𐌲𐌰𐌰𐌹𐌽𐌰𐌹𐌸𐍃	ɡ a ɛː n ɛː θ s
𐌲𐌰𐌰𐌹𐌽𐌰𐌽	ɡ a ɛː n aː n
𐌲𐌰𐌰𐌹𐍃𐍄𐌰𐌽	ɡ a ɛː s t aː n
𐌲𐌰𐌰𐌹𐍃𐍄𐌰𐌽𐌳	ɡ a ɛː s t aː n d
𐌲𐌰𐌰𐌿𐌺𐌰𐌹𐌸	ɡ a ɔː k ɛː θ
𐌲𐌰𐌰𐌿𐌺𐌰𐌽	ɡ a ɔː k a n
𐌲𐌰𐌰𐍂𐌱𐌾𐌰	ɡ a a r b j a
𐌲𐌰𐌰𐍂𐌱𐌾𐌰𐌽𐍃	ɡ a a r b j a n s
𐌲𐌰𐌱𐌰𐌹𐌳𐌹𐌳𐌴𐌳𐌿𐌸	ɡ a b ɛː d i d eː d u θ
𐌲𐌰𐌱𐌰𐌹𐌳𐌾𐌰𐌽	ɡ a b ɛː d j a n
𐌲𐌰𐌱𐌰𐌹𐍂𐌲𐌰𐌳𐌰	ɡ a b ɛ r ɡ a d a
𐌲𐌰𐌱𐌰𐌹𐍂𐌲𐌰𐌽	ɡ a b ɛ r ɡ a n
𐌲𐌰𐌱𐌰𐌹𐍂𐌷𐍄𐌴𐌹𐌸	ɡ a b ɛ r h t iː θ
𐌲𐌰𐌱𐌰𐌽𐌳𐍅𐌹𐌳𐌴𐌳𐌿𐌽	ɡ a b a n d w i d eː d u n
𐌲𐌰𐌱𐌰𐌽𐌳𐍅𐌾𐌰𐌽	ɡ a b a n d w j a n
𐌲𐌰𐌱𐌰𐌽𐌳𐍅𐌾𐌰𐌽𐌳𐍃	ɡ a b a n d w j a n d s
𐌲𐌰𐌱𐌰𐌽𐌳𐍅𐌾𐌰𐌽𐌳𐍉𐌽𐌰	ɡ a b a n d w j a n d oː n a
𐌲𐌰𐌱𐌰𐌿𐌰𐌽	ɡ a b ɔː a n
𐌲𐌰𐌱𐌰𐌿𐍂	ɡ a b ɔ r
𐌲𐌰𐌱𐌰𐌿𐍂𐌰𐌼	ɡ a b ɔ r a m
𐌲𐌰𐌱𐌰𐌿𐍂𐌰𐌽	ɡ a b ɔ r a n
𐌲𐌰𐌱𐌰𐌿𐍂𐌰𐌽𐍃	ɡ a b ɔ r a n s
𐌲𐌰𐌱𐌰𐌿𐍂𐌲𐌾𐌰	ɡ a b ɔ r ɡ j a
𐌲𐌰𐌱𐌰𐌿𐍂𐌲𐌾𐌰𐌽𐍃	ɡ a b ɔ r ɡ j a n s
𐌲𐌰𐌱𐌰𐌿𐍂𐌾𐌰𐌱𐌰	ɡ a b ɔ r j a b a
𐌲𐌰𐌱𐌰𐌿𐍂𐍉𐍃	ɡ a b ɔ r oː s
𐌲𐌰𐌱𐌴𐌹𐌳𐌰𐌽	ɡ a b iː d a n
𐌲𐌰𐌱𐌴𐌹𐌳𐌹𐌸	ɡ a b iː d i θ
𐌲𐌰𐌱𐌴𐌹𐍃𐍄𐌴𐌹𐌸	ɡ a b iː s t iː θ
𐌲𐌰𐌱𐌴𐌹𐍃𐍄𐌾𐌰𐌽	ɡ a b iː s t j a n
𐌲𐌰𐌱𐌹𐌲𐌰𐌱𐌰	ɡ a b i ɡ a
𐌲𐌰𐌱𐌹𐌲𐌽𐌰𐌽	ɡ a b i ɡ n a n
𐌲𐌰𐌱𐌹𐌲𐌽𐌰𐌽𐌳𐌰𐌽𐍃	ɡ a b i ɡ n a n d a n s
𐌲𐌰𐌱𐌹𐌲𐌽𐌰𐌽𐌳𐍃	ɡ a b i ɡ n a n d s
𐌲𐌰𐌱𐌹𐌲𐌾𐌰𐌽	ɡ a b i ɡ j a n
𐌲𐌰𐌱𐌹𐌲𐌾𐌰𐌽𐌳𐌰𐌽𐍃	ɡ a b i ɡ j a n d a n s
𐌲𐌰𐌱𐌹𐌲𐌾𐌰𐌽𐌳𐍃	ɡ a b i ɡ j a n d s
𐌲𐌰𐌱𐌹𐌲𐍃	ɣ a β i x s
𐌲𐌰𐌱𐌹𐌳𐌾𐌰𐌹𐌸	ɡ a b i d j ɛː θ
𐌲𐌰𐌱𐌹𐌳𐌾𐌰𐌽	ɡ a b i d j a n
𐌲𐌰𐌱𐌹𐌿𐌲𐌰𐌽	ɡ a b i u̯ ɡ a n
𐌲𐌰𐌱𐌻𐌰𐌿𐌸𐌾𐌰𐌽	ɡ a b l ɔː θ j a n
𐌲𐌰𐌱𐌻𐌰𐌿𐌸𐌾𐌰𐌽𐌳𐍃	ɡ a b l ɔː θ j a n d s
𐌲𐌰𐌱𐌻𐌴𐌹𐌸𐌾𐌰	ɡ a b l iː θ j a
𐌲𐌰𐌱𐌻𐌴𐌹𐌸𐌾𐌰𐌽	ɡ a b l iː θ j a n
𐌲𐌰𐌱𐌻𐌴𐌹𐌸𐌾𐌰𐌽𐌳𐍃	ɡ a b l iː θ j a n d s
𐌲𐌰𐌱𐌻𐌹𐌽𐌳𐌹𐌳𐌰	ɡ a b l i n d i d a
𐌲𐌰𐌱𐌻𐌹𐌽𐌳𐌾𐌰𐌽	ɡ a b l i n d j a n
𐌲𐌰𐌱𐌿𐌲𐌰𐌽𐌰𐌹𐌼	ɡ a b u ɡ a n ɛː m
𐌲𐌰𐌱𐌿𐌲𐌰𐌽𐍃	ɡ a b u ɡ a n s
𐌲𐌰𐌱𐌿𐌽𐌳𐌿𐌽	ɡ a b u n d u n
𐌲𐌰𐌱𐍂𐌰𐌺	ɡ a b r a k
𐌲𐌰𐌱𐍂𐌰𐌽𐌽𐌹𐌳𐌰𐌹	ɡ a b r a n n i d ɛː
𐌲𐌰𐌱𐍂𐌰𐌽𐌽𐌹𐌳𐌰𐌹𐌶𐍉𐍃	ɡ a b r a n n i d ɛː z oː s
𐌲𐌰𐌱𐍂𐌰𐌽𐌽𐌹𐌸𐍃	ɡ a b r a n n i θ s
𐌲𐌰𐌱𐍂𐌰𐌽𐌽𐌾𐌰𐌹𐌳𐌰𐌿	ɡ a b r a nː j ɛː d ɔː
𐌲𐌰𐌱𐍂𐌰𐌽𐌽𐌾𐌰𐌽	ɡ a b r a nː j a n
𐌲𐌰𐌱𐍂𐌹𐌺𐌰𐌽	ɡ a b r i k a n
𐌲𐌰𐌱𐍂𐌹𐌺𐌰𐌽𐌳𐍃	ɡ a b r i k a n d s
𐌲𐌰𐌱𐍂𐌿𐌺𐌰𐌽𐍃	ɡ a b r u k a n s
𐌲𐌰𐌱𐍂𐌿𐌺𐌰𐌽𐍉	ɡ a b r u k a n oː
𐌲𐌰𐌱𐍉𐍄𐌴𐌹𐌸	ɡ a b oː t iː θ
𐌲𐌰𐌱𐍉𐍄𐌾𐌰𐌽	ɡ a b oː t j a n
𐌲𐌰𐌲𐌲𐌰𐌽	ɡ a ŋ ɡ a n
𐌲𐌰𐌲𐌿𐌳𐌰𐌱𐌰	ɡ a ɡ u d a b a
𐌲𐌰𐌲𐌿𐌳𐌴𐌹	ɡ a ɡ u d iː
𐌲𐌰𐌲𐌿𐌳𐌴𐌹𐌽	ɡ a ɡ u d iː n
𐌲𐌰𐌲𐌿𐌳𐌴𐌹𐌽𐍃	ɡ a ɡ u d iː n s
𐌲𐌰𐌲𐌿𐌳𐍃	ɡ a ɡ u θ s
𐌲𐌰𐌳𐌰𐌹𐌻𐌾𐌰𐌽	ɣ a d ɛː l j a n
𐌲𐌰𐌳𐌰𐌿𐌱𐌹𐌳𐌰	ɡ a d ɔː b i d a
𐌲𐌰𐌳𐌰𐌿𐌱𐌾𐌰𐌽	ɡ a d ɔː b j a n
𐌲𐌰𐌳𐌰𐌿𐌺𐌰𐌽𐍃	ɡ a d ɔː k a n s
𐌲𐌰𐌳𐌹𐌲𐌰𐌽	ɡ a d i ɡ a n
𐌲𐌰𐌳𐌹𐌲𐌰𐌽𐍃	ɡ a d i ɡ a n s
𐌲𐌰𐌳𐌹𐌲𐌹𐍃	ɡ a d i ɡ i s
𐌲𐌰𐌳𐌹𐌿𐍀𐌹𐌳𐌰	ɡ a d i u̯ p i d a
𐌲𐌰𐌳𐌹𐌿𐍀𐌾𐌰𐌽	ɡ a d i u̯ p j a n
𐌲𐌰𐌳𐍂𐌰𐌲𐌺𐌴𐌹𐌸	ɡ a d r a ŋ k iː θ
𐌲𐌰𐌳𐍂𐌰𐌲𐌺𐌾𐌰𐌹	ɡ a d r a ŋ k j ɛː
𐌲𐌰𐌳𐍂𐌰𐌲𐌺𐌾𐌰𐌽	ɡ a d r a ŋ k j a n
𐌲𐌰𐌳𐍂𐌹𐌲𐌺𐌰𐌹𐍃	ɡ a d r i n k ɛː s
𐌲𐌰𐌳𐍂𐌹𐌲𐌺𐌰𐌽	ɡ a d r i n k a n
𐌲𐌰𐌳𐍂𐌹𐌿𐍃𐌰𐌽	ɡ a d r i u̯ s a n
𐌲𐌰𐌳𐍂𐍉𐌱𐌽𐌰𐌽	ɡ a d r oː b n a n
𐌲𐌰𐌳𐍂𐍉𐌱𐌽𐍉𐌳𐌰	ɡ a d r oː b n oː d a
𐌲𐌰𐌵𐌹𐌿𐌾𐌰𐌽	ɡ a kʷ i u̯ j a n
𐌲𐌰𐌵𐌹𐌿𐌾𐌰𐌽𐌳𐌹𐌽	ɡ a kʷ i u̯ j a n d i n
𐌲𐌰𐌵𐌹𐌿𐌾𐌰𐌽𐌳𐍃	ɡ a kʷ i u̯ j a n d s
𐌲𐌰𐌵𐌹𐌿𐌾𐌹𐌸	ɡ a kʷ i u̯ j i θ
𐌲𐌰𐌷𐌰𐌹𐌻𐌰𐌽𐌰	ɡ a h ɛː l a n a
𐌲𐌰𐌷𐌰𐌹𐌻𐌹𐌳𐌰	ɡ a h ɛː l i d a
𐌲𐌰𐌷𐌰𐌹𐌻𐌹𐌳𐌰𐌹	ɡ a h ɛː l i d ɛː
𐌲𐌰𐌷𐌰𐌹𐌻𐌹𐌸𐍃	ɡ a h ɛː l i θ s
𐌲𐌰𐌷𐌰𐌹𐌻𐍃	ɡ a h ɛː l s
𐌲𐌰𐌷𐌰𐌹𐍄𐌰𐌽𐌳𐌴𐌹𐌼	ɡ a h ɛː t a n d iː m
𐌲𐌰𐌷𐌰𐌼𐍉𐌳𐌰𐌹	ɡ a h a m oː d ɛː
𐌲𐌰𐌷𐌰𐌼𐍉𐌸	ɡ a h a m oː θ
𐌲𐌰𐌷𐌰𐌼𐍉𐌸𐍃	ɡ a h a m oː θ s
𐌲𐌰𐌷𐌰𐌿𐌽𐌹𐌳𐌰	ɡ a h ɔː n i d a
𐌲𐌰𐌷𐌰𐌿𐌽𐌾𐌰𐌹	ɡ a h ɔː n j ɛː
𐌲𐌰𐌷𐌰𐌿𐌽𐌾𐌰𐌽	ɡ a h ɔː n j a n
𐌲𐌰𐌷𐌰𐌿𐍃𐌹𐌸𐍃	ɡ a h ɔː s i θ s
𐌲𐌰𐌷𐌰𐍂𐌳𐌴𐌹𐌸	ɡ a h a r d iː θ
𐌲𐌰𐌷𐌰𐍂𐌳𐌾𐌰𐌽	ɡ a h a r d j a n
𐌲𐌰𐌷𐌰𐍆𐍄𐌽𐌰𐌽	ɡ a h a f t n a n
𐌲𐌰𐌷𐌰𐍆𐍄𐌽𐌰𐌽𐌳𐌰𐌽	ɡ a h a f t n a n d a n
𐌲𐌰𐌷𐌰𐍆𐍄𐌽𐌰𐌽𐌳𐍃	ɡ a h a f t n a n d s
𐌲𐌰𐌷𐌼𐌴𐌻𐌹𐌳𐌰	ɡ a h m eː l i d a
𐌲𐌰𐌷𐌽𐌰𐌹𐍅𐌹𐌳𐌰𐌽𐍃	ɡ a h n ɛː w i d a n s
𐌲𐌰𐌷𐌽𐌰𐌹𐍅𐌹𐌸𐍃	ɡ a h n ɛː w i θ s
𐌲𐌰𐌷𐌽𐌰𐌹𐍅𐌾𐌰𐌳𐌰	ɡ a h n ɛː w j a d a
𐌲𐌰𐌷𐌽𐌰𐌹𐍅𐌾𐌰𐌽	ɡ a h n ɛː w j a n
𐌲𐌰𐌷𐌽𐌹𐍀𐌽𐌰𐌽	ɡ a h n i p n a n
𐌲𐌰𐌷𐌽𐌹𐍀𐌽𐌰𐌽𐌳𐍃	ɡ a h n i p n a n d s
𐌲𐌰𐌷𐌿𐌻𐌹𐌳𐌰	ɡ a h u l i d a
𐌲𐌰𐌷𐌿𐌻𐌹𐌳𐌰𐌼𐌼𐌰	ɡ a h u l i d a m m a
𐌲𐌰𐌷𐌿𐌻𐌹𐌸	ɡ a h u l i θ
𐌲𐌰𐌷𐌿𐌻𐌹𐌸𐍃	ɡ a h u l i θ s
𐌲𐌰𐌷𐌿𐌻𐌾𐌰𐌹	ɡ a h u l j ɛː
𐌲𐌰𐌷𐌿𐌻𐌾𐌰𐌽	ɡ a h u l j a n
𐌲𐌰𐌷𐍉𐌱𐌰𐌹𐌽𐍃	ɡ a h oː b ɛː n s
𐌲𐌰𐌷𐍉𐍂𐌹𐌽𐍉𐌳𐌰	ɡ a h oː r i n oː d a
𐌲𐌰𐌷𐍉𐍂𐌹𐌽𐍉𐌽	ɡ a h oː r i n oː n
𐌲𐌰𐌸𐌰𐌿𐍂𐌱𐍃	ɡ a θ ɔ r f s
𐌲𐌰𐌸𐌰𐌿𐍂𐍃𐌽𐌰𐌽	ɡ a θ ɔ r s n a n
𐌲𐌰𐌸𐌰𐌿𐍂𐍃𐌽𐌹𐌸	ɡ a θ ɔ r s n i θ
𐌲𐌰𐌸𐌰𐌿𐍂𐍃𐌽𐍉𐌳𐌰	ɡ a θ ɔ r s n oː d a
𐌲𐌰𐌸𐌰𐍂𐌱𐌰𐌹𐌸	ɡ a θ a r b ɛː θ
𐌲𐌰𐌸𐌰𐍂𐌱𐌰𐌽	ɡ a θ a r b aː n
𐌲𐌰𐌸𐌴𐌹𐌷𐌰𐌽	ɡ a θ iː h a n
𐌲𐌰𐌸𐌻𐌰𐌷𐍃𐌽𐌰𐌽	ɡ a θ l a h s n a n
𐌲𐌰𐌸𐌻𐌰𐌷𐍃𐌽𐍉𐌳𐌰	ɡ a θ l a h s n oː d a
𐌲𐌰𐌸𐍅𐌰𐍃𐍄𐌹𐌳𐌰𐌹	ɡ a θ w a s t i d ɛː
𐌲𐌰𐌸𐍅𐌰𐍃𐍄𐌹𐌸𐍃	ɡ a θ w a s t i θ s
𐌲𐌰𐌸𐍅𐌰𐍃𐍄𐌾𐌰𐌹𐌸	ɡ a θ w a s t j ɛː θ
𐌲𐌰𐌸𐍅𐌰𐍃𐍄𐌾𐌰𐌽	ɡ a θ w a s t j a n
𐌲𐌰𐌸𐍅𐌰𐍃𐍄𐌾𐌰𐌽𐌳𐍃	ɡ a θ w a s t j a n d s
𐌲𐌰𐌹𐍂𐌽𐌾𐌰𐌹𐍃	ɡ ɛ r n j ɛː s
𐌲𐌰𐌹𐍂𐌽𐌾𐌰𐌽	ɡ ɛ r n j a n
𐌲𐌰𐌹𐍄𐌴𐌹𐌽	ɡ ɛː t iː n
𐌲𐌰𐌹𐍄𐍃	ɡ ɛː t s
𐌲𐌰𐌺𐌰𐌿𐍃𐌹𐌳𐌴𐌳𐌿𐌼	ɡ a k ɔː s i d eː d u m
𐌲𐌰𐌺𐌰𐌿𐍃𐌾𐌰𐌽	ɡ a k ɔː s j a n
𐌲𐌰𐌺𐌰𐍂𐍉𐌽	ɣ a k a r oː n
𐌲𐌰𐌺𐌹𐌿𐍃𐌰𐌽𐌳𐌰𐌽𐍃	ɡ a k i u̯ s a n d a n s
𐌲𐌰𐌺𐌹𐌿𐍃𐌰𐌽𐌳𐍃	ɡ a k i u̯ s a n d s
𐌲𐌰𐌺𐍂𐍉𐍄𐍉𐌳𐌰	ɡ a k r oː t oː d a
𐌲𐌰𐌺𐍂𐍉𐍄𐍉𐌽	ɡ a k r oː t oː n
𐌲𐌰𐌻𐌴𐌹𐌺𐌰𐌽	ɡ a l iː k aː n
𐌲𐌰𐌼𐌰𐌲𐌰𐌽	ɡ a m a ɡ a n
𐌲𐌰𐌼𐌰𐌹𐍄𐌰𐌽	ɡ a m ɛː t a n
𐌲𐌰𐌼𐌰𐌹𐍄𐌰𐌽𐍃	ɡ a m ɛː t a n s
𐌲𐌰𐌼𐌰𐌹𐍄𐌰𐌽𐍉𐌽	ɡ a m ɛː t a n oː n
𐌲𐌰𐌼𐌰𐌻𐍅𐌹𐌳𐌰𐌽𐍃	ɡ a m a l w i d a n s
𐌲𐌰𐌼𐌰𐌻𐍅𐌹𐌸𐍃	ɡ a m a l w i θ s
𐌲𐌰𐌼𐌰𐌻𐍅𐌾𐌰𐌽	ɡ a m a l w j a n
𐌲𐌰𐌼𐌰𐌿𐍂𐌲𐌹𐌳𐌰	ɡ a m ɔ r ɡ j a n d s
𐌲𐌰𐌼𐌰𐌿𐍂𐌲𐌹𐌳𐌴𐌳𐌹	ɡ a m ɔ r ɡ i d eː d i
𐌲𐌰𐌼𐌰𐌿𐍂𐌲𐌹𐌸	ɡ a m ɔ r ɡ i θ
𐌲𐌰𐌼𐌰𐌿𐍂𐌲𐌹𐌸𐍃	ɡ a m ɔ r ɡ i θ s
𐌲𐌰𐌼𐌰𐌿𐍂𐌲𐌾𐌰𐌽	ɡ a m ɔ r ɡ j a n
𐌲𐌰𐌼𐌰𐌿𐍂𐌲𐌾𐌰𐌽𐌳𐍃	ɡ a m ɔ r ɡ j a n d s
𐌲𐌰𐌼𐌰𐍂𐌺𐍉𐌸	ɡ a m a r k oː θ
𐌲𐌰𐌼𐌰𐍂𐌺𐍉𐌽	ɡ a m a r k oː n
𐌲𐌰𐌼𐌰𐍄	ɡ a m a t
𐌲𐌰𐌼𐌰𐍄𐌹𐌳𐌴𐌳𐌿𐌽	ɡ a m a t i d eː d u n
𐌲𐌰𐌼𐌰𐍄𐌾𐌰𐌽	ɡ a m a t j a n
𐌲𐌰𐌼𐌰𐍄𐌾𐌹𐍃	ɡ a m a t j i s
𐌲𐌰𐌼𐌹𐌺𐌹𐌻𐌹𐌳𐌰	ɡ a m i k i l i d a
𐌲𐌰𐌼𐌹𐌺𐌹𐌻𐌾𐌰𐌽	ɡ a m i k i l j a n
𐌲𐌰𐌼𐌹𐍄𐌰𐌽	ɡ a m i t a n
𐌲𐌰𐌼𐍉𐍄𐌴𐌹𐌼𐌰	ɡ a m oː t iː m a
𐌲𐌰𐌽𐌰𐌲𐌻𐌾𐌰𐌽	ɡ a n a ɡ l j a n
𐌲𐌰𐌽𐌰𐌲𐌻𐌾𐌰𐌽𐌳𐍃	ɡ a n a ɡ l j a n d s
𐌲𐌰𐌽𐌰𐌹𐍄𐌹𐌳𐌰𐌽𐌰	ɡ a n ɛː t i d a n a
𐌲𐌰𐌽𐌰𐌹𐍄𐌹𐌸𐍃	ɡ a n ɛː t i θ s
𐌲𐌰𐌽𐌰𐌹𐍄𐌾𐌰𐌽	ɡ a n ɛː t j a n
𐌲𐌰𐌽𐌰𐌽𐌸𐌹𐌳𐌰	ɡ a n a n θ i d a
𐌲𐌰𐌽𐌰𐌽𐌸𐌾𐌰𐌽	ɡ a n a n θ j a n
𐌲𐌰𐌽𐌰𐌿𐌷𐌰	ɡ a n ɔ h a
𐌲𐌰𐌽𐌰𐌿𐌷𐌰𐌽	ɡ a n ɔ h a n
𐌲𐌰𐌽𐌰𐌿𐌷𐌹𐌽	ɡ a n ɔ h i n
𐌲𐌰𐌽𐌰𐍃𐌹𐌳𐌰𐌹	ɡ a n a s i d ɛː
𐌲𐌰𐌽𐌰𐍃𐌹𐌸𐍃	ɡ a n a s i θ s
𐌲𐌰𐌽𐌰𐍄𐌹𐌳𐌰	ɡ a n a t i d a
𐌲𐌰𐌽𐌰𐍄𐌾𐌰𐌽	ɡ a n a t j a n
𐌲𐌰𐌽𐌰𐍅𐌹𐍃𐍄𐍂𐍉𐌳𐌰𐌹	ɡ a n a w i s t r oː d ɛː
𐌲𐌰𐌽𐌰𐍅𐌹𐍃𐍄𐍂𐍉𐌸𐍃	ɡ a n a w i s t r oː θ s
𐌲𐌰𐌽𐌰𐍅𐌹𐍃𐍄𐍂𐍉𐌽	ɡ a n a w i s t r oː n
𐌲𐌰𐌿𐌽𐌻𐌴𐌳𐌹𐌳𐌰	ɡ a u n l eː d i d a
𐌲𐌰𐌿𐌽𐌻𐌴𐌳𐌾𐌰𐌽	ɡ a u n l eː d j a n
𐌲𐌰𐌿𐍂𐌾𐌰𐌽	ɡ ɔː r j a n
𐌲𐌰𐍂𐌰𐌲𐌹𐌽𐍉𐌳𐌰	ɡ a r a ɡ i n oː d a
𐌲𐌰𐍂𐌰𐌲𐌹𐌽𐍉𐌽	ɡ a r a ɡ i n oː n
𐌲𐌰𐍂𐌰𐌷𐌽𐌹𐌳𐌴𐌳𐌿𐌽	ɡ a r a h n i d eː d u n
𐌲𐌰𐍂𐌰𐌷𐌽𐌾𐌰𐌽	ɡ a r a h n j a n
𐌲𐌰𐍂𐌰𐌸𐌰𐌽𐌰	ɡ a r a θ a n a
𐌲𐌰𐍂𐌰𐌸𐌰𐌽𐍃	ɡ a r a θ a n s
𐌲𐌰𐍂𐌰𐌸𐌾𐌰𐌽	ɡ a r a θ j a n
𐌲𐌰𐍂𐌰𐌹𐌳	ɡ a r ɛː θ
𐌲𐌰𐍂𐌰𐌹𐌳𐌹𐌳𐌰	ɡ a r ɛː d i d a
𐌲𐌰𐍂𐌰𐌹𐌳𐌾𐌰𐌽	ɡ a r ɛː d j a n
𐌲𐌰𐍂𐌰𐌹𐌳𐍉𐌽	ɡ a r ɛː d oː n
𐌲𐌰𐍂𐌰𐌹𐌷𐍄𐌹𐌸𐌰𐌹	ɡ a r ɛ h t i θ ɛː
𐌲𐌰𐍂𐌰𐌹𐌸𐍃	ɡ a r ɛː θ s
𐌲𐌰𐍂𐌳𐌰	ɡ a r d a
𐌲𐌰𐍂𐌳𐌰𐌽	ɡ a r d a n
𐌲𐌰𐍂𐌴𐌳𐌰𐌽	ɡ a r eː d a n
𐌲𐌰𐍃𐌰𐌲𐌲𐌵	ɡ a s a n kʷ
𐌲𐌰𐍃𐌹𐌲𐌲𐌵𐌰𐌹	ɡ a s i n kʷ ɛː
𐌲𐌰𐍃𐌹𐌲𐌲𐌵𐌰𐌽	ɡ a s i n kʷ a n
𐌲𐌰𐍃𐌹𐌲𐌻𐌾𐌰𐌽	ɡ a s i ɡ l j a n
𐌲𐌰𐍃𐌺𐌰𐌼𐌰𐌹	ɡ a s k a m ɛː
𐌲𐌰𐍃𐌺𐌰𐌼𐌰𐌽	ɡ a s k a m aː n
𐌲𐌰𐍃𐌺𐍉𐌷𐌰𐌹	ɡ a s k oː h ɛː
𐌲𐌰𐍃𐌺𐍉𐌷𐌹	ɡ a s k oː h i
𐌲𐌰𐍃𐌺𐍉𐌷𐍃	ɡ a s k oː h s
𐌲𐌰𐍃𐌻𐌰𐍅𐌰𐌹	ɡ a s l a w ɛː
𐌲𐌰𐍃𐌻𐌰𐍅𐌰𐌽	ɡ a s l a w a n
𐌲𐌰𐍃𐌼𐌰𐌹𐍄	ɡ a s m ɛː t
𐌲𐌰𐍃𐌼𐌴𐌹𐍄𐌰𐌽	ɡ a s m iː t a n
𐌲𐌰𐍃𐌽𐌰𐌿	ɡ a s n ɔː
𐌲𐌰𐍃𐌽𐌴𐍅𐌿𐌼	ɡ a s n eː w u m
𐌲𐌰𐍃𐌽𐌹𐌿𐌼𐌹𐌳𐌴𐌳𐌿𐌼	ɡ a s n i u̯ m i d eː d u m
𐌲𐌰𐍃𐌽𐌹𐌿𐌼𐌾𐌰𐌽	ɡ a s n i u̯ m j a n
𐌲𐌰𐍃𐌽𐌹𐍅𐌰𐌽	ɡ a s n i w a n
𐌲𐌰𐍃𐌿𐌽𐌾𐍉𐌳𐌰	ɡ a s u n j oː d a
𐌲𐌰𐍃𐌿𐌽𐌾𐍉𐌽	ɡ a s u n j oː n
𐌲𐌰𐍃𐍀𐌰𐌹𐍅	ɡ a s p ɛː w
𐌲𐌰𐍃𐍀𐌴𐌹𐍅𐌰𐌽	ɡ a s p iː w a n
𐌲𐌰𐍃𐍄𐌰𐌿𐌹𐌳𐌰	ɡ a s t ɔː i d a
𐌲𐌰𐍃𐍄𐌰𐌿𐍂𐌺𐌽𐌰𐌽	ɡ a s t ɔ r k n a n
𐌲𐌰𐍃𐍄𐌰𐌿𐍂𐌺𐌽𐌹𐌸	ɡ a s t ɔ r k n i θ
𐌲𐌰𐍃𐍄𐌹𐌲𐍉𐌳𐌴𐌹	ɡ a s t i ɡ oː d iː
𐌲𐌰𐍃𐍄𐌹𐌲𐍉𐌸𐍃	ɡ a s t i ɡ oː θ sː
𐌲𐌰𐍃𐍄𐍂𐌰𐌿𐌾𐌰𐌽	ɡ a s t r ɔː j a n
𐌲𐌰𐍃𐍄𐍂𐌰𐍅𐌹𐌸	ɡ a s t r a w i θ
𐌲𐌰𐍃𐍄𐍂𐌰𐍅𐌹𐌸𐍃	ɡ a s t r a w i θ s
𐌲𐌰𐍃𐍄𐍉𐌸𐌰𐌽	ɡ a s t oː θ aː n
𐌲𐌰𐍃𐍄𐍉𐌾𐌰𐌽	ɡ a s t oː j a n
𐌲𐌰𐍃𐍄𐍉𐌾𐌰𐌽𐌰𐌹𐌼	ɡ a s t oː j a n ɛː m
𐌲𐌰𐍃𐍄𐍉𐌾𐌰𐌽𐍃	ɡ a s t oː j a n s
𐌲𐌰𐍄𐌰𐌹𐍂𐌰𐌽	ɣ a t ɛ r a n
𐌲𐌰𐍄𐌰𐌻𐌶𐌾𐌰𐌹𐌽𐌳𐌰𐌿	ɡ a t a l z j a n
𐌲𐌰𐍄𐌰𐌻𐌶𐌾𐌰𐌽	ɡ a t a l z j a n
𐌲𐌰𐍄𐌰𐌽𐌳𐌹𐌳𐌰	ɡ a t a n d i d a
𐌲𐌰𐍄𐌰𐌽𐌳𐌹𐌸𐍃	ɡ a t a n d i θ s
𐌲𐌰𐍄𐌰𐌽𐌳𐌾𐌰𐌽	ɡ a t a n d j a n
𐌲𐌰𐍄𐌰𐌿𐌾𐌰𐌽	ɣ a t ɔː j a n
𐌲𐌰𐍄𐌰𐍂𐌷𐌹𐌳𐌰	ɡ a t a r h i d a
𐌲𐌰𐍄𐌰𐍂𐌷𐌹𐌳𐌰𐌽𐌰	ɡ a t a r h i d a n a
𐌲𐌰𐍄𐌰𐍂𐌽𐌹𐌸	ɡ a t a r n i θ
𐌲𐌰𐍄𐌰𐍂𐌽𐌹𐌸𐍃	ɡ a t a r n i θ s
𐌲𐌰𐍄𐌴𐍅𐌹𐌸𐍃	ɡ a t eː w i θ s
𐌲𐌰𐍄𐌴𐍅𐌾𐌰𐌽	ɡ a t eː w j a n
𐌲𐌰𐍄𐌹𐌼𐌰𐌽	ɡ a t i m a n
𐌲𐌰𐍄𐌹𐌿𐌷𐌰𐌽	ɡ a t i u̯ h a n
𐌲𐌰𐍅𐌰𐌳𐌾𐍉𐌳𐌰	ɡ a w a d j oː d a
𐌲𐌰𐍅𐌰𐌳𐌾𐍉𐌽	ɡ a w a d j oː n
𐌲𐌰𐍅𐌰𐌹𐍂𐌸𐌴𐌹𐍃	ɡ a w ɛ r θ iː s
𐌲𐌰𐍅𐌰𐌺𐌽𐌰𐌽	ɡ a w a k n a n
𐌲𐌰𐍅𐌰𐌺𐌽𐌰𐌽𐌳𐌰𐌽𐍃	ɡ a w a k n a n d a n s
𐌲𐌰𐍅𐌰𐌺𐌽𐌰𐌽𐌳𐍃	ɡ a w a k n a n d s
𐌲𐌰𐍅𐌰𐌻𐌳𐌰𐌽	ɡ a w a l d a n
𐌲𐌰𐍅𐌰𐌻𐌹𐌳𐌰𐌽𐌴	ɡ a w a l i d a n eː
𐌲𐌰𐍅𐌰𐌿𐍂𐌷𐍄𐌰𐌹	ɡ a w ɔ r t ɛː
𐌲𐌰𐍅𐌰𐌿𐍂𐍄𐍃	ɡ a w ɔ r t s
𐌲𐌰𐍅𐌰𐍃𐌾𐌰𐌽	ɡ a w a s j a n
𐌲𐌰𐍅𐌹𐌶𐌽𐌴𐌹𐌲𐍃	ɡ a w i z n iː ɡ s
𐌲𐌰𐍆𐌰𐌿𐍂𐌾𐍉𐍃	ɡ a f ɔː r j oː s
𐌲𐌰𐍆𐌰𐌿𐍂𐍃	ɡ a f ɔː r s
𐌲𐌰𐍆𐌴𐌷𐌰𐌱𐌰	ɡ a f eː h a b a
𐌲𐌰𐍆𐌴𐍄𐌴𐌹𐌽𐍃	ɡ a f eː t iː n s
𐌲𐌰𐍆𐍂𐌰𐌸𐌾𐌴𐌹	ɡ a f r a θ j iː
𐌲𐌰𐍆𐍂𐌰𐌸𐌾𐌴𐌹𐌽	ɡ a f r a θ j iː n
𐌲𐌰𐍆𐍂𐌰𐌹𐌷𐌽𐌰𐌽	ɡ a f r ɛ h n a n
𐌲𐌰𐍆𐍂𐌰𐌹𐌷𐌽𐌰𐌽𐌳𐌰𐌼	ɡ a f r ɛ h n a n d a m
𐌲𐌰𐍆𐍂𐌰𐌹𐌷𐌽𐌰𐌽𐌳𐍃	ɡ a f r ɛ h n a n d s
𐌲𐌰𐍆𐍂𐌴𐌷𐌿𐌽	ɡ a f r eː h u n
𐌲𐌰𐍆𐍂𐌹𐍃𐌰𐌷𐍄𐌹𐌸	ɡ a f r i s a h t i θ
𐌲𐌰𐍆𐍂𐌹𐍃𐌰𐌷𐍄𐌹𐌸𐍃	ɡ a f r i s a h t i θ s
𐌲𐌰𐍆𐍂𐌹𐍃𐌰𐌷𐍄𐌾𐌰𐌽	ɡ a f r i s a h t j a n
𐌲𐌿𐌻𐌸	ɡ u l θ
𐌲𐌿𐌼𐌰	ɡ u m a
𐌲𐍂𐌰𐌱𐌰𐌽	ɡ r a b a n
𐌲𐍂𐌰𐌼𐌾𐌰𐌹𐌸	ɡ r a m j ɛː θ
𐌲𐍂𐌰𐌼𐌾𐌰𐌽	ɡ r a m j a n
𐌲𐍂𐌰𐍃	ɡ r a s
𐌲𐍂𐌰𐍃𐌴	ɡ r a s eː
𐌲𐍂𐌴𐌳𐌰𐌲𐍃	ɡ r eː d a ɡ s
𐌲𐍂𐌴𐌹𐍀𐌰𐌽	ɡ r iː p a n
𐌲𐍂𐌹𐌽𐌳𐌰𐍆𐍂𐌰𐌸𐌾𐌰𐌽𐍃	ɡ r i n d a f r a θ j a n s
𐌲𐍂𐌹𐌽𐌳𐌰𐍆𐍂𐌰𐌸𐌾𐌹𐍃	ɡ r i n d a f r a θ j i s
𐌲𐍂𐍉𐌱𐌰	ɡ r oː b a
𐌲𐍂𐍉𐌱𐍉𐍃	ɡ r oː b oː s
𐌲𐍉𐌸𐍃	ɣ oː θ s
𐌳𐌰𐌹𐌲	d ɛː x
𐌳𐌰𐌹𐌻𐌾𐌰𐌽	d ɛː l j a n
𐌳𐌰𐌹𐌼𐍉𐌽𐌰𐍂𐌴𐌹𐍃	d ɛː m oː n aː r iː s
𐌳𐌰𐌻𐌰𐌸	d a l a θ
𐌳𐌰𐌻𐌰𐌸𐌰	d a l a θ a
𐌳𐌰𐌻𐌴	d a l eː
𐌳𐌰𐌿𐌸𐌿𐌱𐌻𐌴𐌹𐍃	d ɔː θ u b l iː s
𐌳𐌰𐌿𐌸𐌿𐌱𐌻𐌾𐌰𐌽𐍃	d ɔː θ u b l j a n s
𐌳𐌰𐌿𐌸𐌿𐍃	d ɔː θ u s
𐌳𐌰𐌿𐍀𐌾𐌰𐌽	d ɔː p j a n
𐌳𐌰𐌿𐍀𐌾𐌰𐌽𐌳	d ɔː p j a n d
𐌳𐌰𐌿𐍀𐌾𐌰𐌽𐌳𐌹𐌽	d ɔː p j a n d i n
𐌳𐌰𐌿𐍀𐌾𐌰𐌽𐌳𐌹𐌽𐍃	d ɔː p j a n d i n s
𐌳𐌰𐌿𐍀𐌾𐌰𐌽𐌳𐍃	d ɔː p j a n d s
𐌳𐌰𐌿𐍆𐍃	d ɔː f s
𐌳𐌹𐌲𐌰𐌽	d i ɡ a n
𐌳𐌹𐌲𐌰𐌽𐌰	d i ɡ a n a
𐌳𐌹𐌲𐌰𐌽𐌳𐌹𐌽	d i ɡ a n d i n
𐌳𐌹𐌲𐌰𐌽𐌳𐍃	d i ɡ a n d s
𐌳𐌹𐌲𐌰𐌽𐍃	d i ɡ a n s
𐌳𐌹𐌲𐍂𐌴𐌹	d i ɣ r iː
𐌳𐌹𐌲𐍂𐌴𐌹𐌽	d i ɣ r iː n
𐌳𐌹𐌿𐌶𐌰𐌼	d i u̯ z a m
𐌳𐌹𐌿𐍃	d i u̯ s
𐌳𐌹𐍃𐌳𐌰𐌹𐌻𐌹𐌳𐌰	d i s d ɛː l i d a
𐌳𐌹𐍃𐌳𐌰𐌹𐌻𐌹𐌸𐍃	d i s d ɛː l i θ s
𐌳𐌹𐍃𐌳𐌰𐌹𐌻𐌾𐌰𐌽	d i s d ɛː l j a n
𐌳𐌹𐍃𐌳𐌰𐌹𐌻𐌾𐌰𐌽𐌳	d i s d ɛː l j a n d
𐌳𐌹𐍃𐌳𐍂𐌰𐌿𐍃	d i s d r a u̯ s
𐌳𐌹𐍃𐌳𐍂𐌹𐌿𐍃𐌰𐌽	d i s d r i u̯ s a n
𐌳𐌹𐍃𐌷𐌽𐌹𐌿𐍀𐌰𐌽	d i s h n i u̯ p a n
𐌳𐌹𐍃𐌷𐌽𐌹𐌿𐍀𐌰𐌽𐌳𐍃	d i s h n i u̯ p a n d s
𐌳𐌹𐍃𐌷𐌽𐌿𐍀𐌽𐌰𐌽	d i s h n u p n a n
𐌳𐌹𐍃𐌷𐌽𐌿𐍀𐌽𐍉𐌳𐌴𐌳𐌿𐌽	d i s h n u p n oː d eː d u n
𐌳𐌹𐍃𐌷𐌿𐌻𐌾𐌰𐌽	d i s h u l j a n
𐌳𐌹𐍃𐌷𐌿𐌻𐌾𐌹𐌸	d i s h u l j i θ
𐌳𐌹𐍃𐌽𐌹𐌼𐌰𐌽	d i s n i m a n
𐌳𐌹𐍃𐌽𐌹𐌼𐌰𐌽𐌳𐌰𐌽𐍃	d i s n i m a n d a n s
𐌳𐌹𐍃𐌽𐌹𐌼𐌰𐌽𐌳𐍃	d i s n i m a n d s
𐌳𐌹𐍃𐍃𐌹𐌲𐌵𐌰𐌹	d i s s i n kʷ ɛː
𐌳𐌹𐍃𐍃𐌹𐌲𐌵𐌰𐌽	d i s s i n kʷ a n
𐌳𐌹𐍃𐍃𐌺𐌰𐌹𐌳𐌰𐌽	d i s s k ɛː d a n
𐌳𐌹𐍃𐍃𐌺𐌰𐌹𐌳𐌰𐌽𐌳𐌴𐌹𐌽	d i s s k ɛː d a n d iː n
𐌳𐌹𐍃𐍃𐌺𐌰𐌹𐌳𐌰𐌽𐌳𐍃	d i s s k ɛː d a n d s
𐌳𐌹𐍃𐍃𐌺𐍂𐌴𐌹𐍄𐌰𐌽	d i s s k r iː t a n
𐌳𐌹𐍃𐍃𐌺𐍂𐌴𐌹𐍄𐌰𐌽𐌳𐍃	d i s s k r iː t a n d s
𐌳𐌹𐍃𐍃𐌺𐍂𐌹𐍄𐌽𐌰𐌽	d i s s k r i t n a n
𐌳𐌹𐍃𐍃𐌺𐍂𐌹𐍄𐌽𐍉𐌳𐌰	d i s s k r i t n oː ð a
𐌳𐌹𐍃𐍃𐌺𐍂𐌹𐍄𐌽𐍉𐌳𐌴𐌳𐌿𐌽	d i s s k r i t n oː ð a
𐌳𐌹𐍃𐍄𐌰𐌷𐌴𐌹𐌽	d i s t a h iː n
𐌳𐌹𐍃𐍄𐌰𐌷𐌴𐌹𐌽𐍃	d i s t a h iː n s
𐌳𐌹𐍃𐍄𐌰𐌷𐌹𐌳𐌰	d i s t a h i d a
𐌳𐌹𐍃𐍄𐌰𐌷𐌹𐌳𐌴𐌳𐌹	d i s t a h i d eː d i
𐌳𐌹𐍃𐍄𐌰𐌷𐌾𐌰𐌳𐌰	d i s t a h j a d a
𐌳𐌹𐍃𐍄𐌰𐌷𐌾𐌰𐌽	d i s t a h j a n
𐌳𐌹𐍃𐍄𐌰𐌷𐌾𐌹𐌸	d i s t a h j i θ
𐌳𐌹𐍃𐍄𐌰𐌹𐍂𐌰𐌹	d i s t ɛ r ɛː
𐌳𐌹𐍃𐍄𐌰𐌹𐍂𐌰𐌽	d i s t ɛ r a n
𐌳𐌹𐍃𐍄𐌰𐌹𐍂𐌹𐌸	d i s t ɛ r i θ
𐌳𐌹𐍃𐍄𐌰𐌿𐍂𐌽𐌰𐌽	d i s t ɔ r n a n
𐌳𐌹𐍃𐍄𐌰𐌿𐍂𐌽𐌰𐌽𐌳	d i s t ɔ r n a n d
𐌳𐌹𐍃𐍅𐌹𐌻𐍅𐌰𐌹	d i s w i l w ɛː
𐌳𐌹𐍃𐍅𐌹𐌻𐍅𐌰𐌽	d i s w i l w a n
𐌳𐌹𐍃𐍅𐌹𐌽𐌸𐌴𐌹𐌸	d i s w i n θ iː θ
𐌳𐌹𐍃𐍅𐌹𐌽𐌸𐌾𐌰𐌽	d i s w i n θ j a n
𐌳𐌹𐍃𐍅𐌹𐍃𐍃	d i s w i s s
𐌳𐌹𐍃𐍅𐌹𐍃𐍃𐌰𐌹𐍃	d i s w i s s ɛː s
𐌳𐌿𐌰𐍄𐍃𐌽𐌴𐍅𐌿𐌽	d u a t s n eː w u n
𐌳𐌿𐌰𐍄𐍃𐌽𐌹𐍅𐌰𐌽	d u a t s n i w a n
𐌳𐌿𐌲𐌰𐌽	d u ɣ a n
𐌳𐌿𐌲𐌰𐍅𐌹𐌽𐌳𐌰𐌽	d u ɡ a w i n d a n
𐌳𐌿𐌲𐌰𐍅𐌹𐌽𐌳𐌹𐌸	d u ɡ a w i n d i θ
𐌳𐌿𐌲𐌹𐌽𐌽𐌰𐌽	d u ɡ i n n a n
𐌳𐌿𐌲𐌹𐌽𐌽𐌹𐌳	d u ɡ i n n i θ
𐌳𐌿𐌲𐌹𐌽𐌽𐌹𐌸	d u ɡ i n n i θ
𐌳𐌿𐌷𐌸𐌴	d u h θ eː
𐌳𐌿𐌸𐌴	d u θ eː
𐌳𐌿𐌸𐌴𐌹	d u θ iː
𐌳𐌿𐌸𐌸𐌴	d u θ θ eː
𐌳𐌿𐌻𐌸𐌾𐌰𐌼	d u l θ j a m
𐌳𐌿𐌻𐌸𐌾𐌰𐌽	d u l θ j a n
𐌳𐌿𐍂𐌹𐌽𐌽𐌰𐌽	d u r i n n a n
𐌳𐌿𐍂𐌹𐌽𐌽𐌰𐌽𐌳𐌰𐌽𐍃	d u r i n n a n d a n s
𐌳𐌿𐍂𐌹𐌽𐌽𐌰𐌽𐌳𐍃	d u r i n n a n d s
𐌳𐌿𐍃𐍄𐍉𐌳𐌴𐌹𐌸	d u s t oː d iː θ
𐌳𐌿𐍃𐍄𐍉𐌳𐌹𐌳𐌰	d u s t oː d i d a
𐌳𐌿𐍃𐍄𐍉𐌳𐌾𐌰𐌽	d u s t oː d j a n
𐌳𐌿𐍅𐌰𐌺𐌰𐌽	d u w a k a n
𐌳𐌿𐍅𐌰𐌺𐌰𐌽𐌳𐌰𐌽𐍃	d u w a k a n d a n s
𐌳𐌿𐍅𐌰𐌺𐌰𐌽𐌳𐍃	d u w a k a n d s
𐌳𐍂𐌰𐌲𐌺𐌾𐌰𐌽	d r a n k j a n
𐌳𐍂𐌰𐌹𐌱𐌴𐌹	d r ɛː v j a n
𐌳𐍂𐌰𐌹𐌱𐌴𐌹𐍃	d r ɛː v iː s
𐌳𐍂𐌰𐌹𐌱𐌹𐌸𐍃	d r ɛː v i θ s
𐌳𐍂𐌰𐌹𐌱𐌾𐌰𐌽	d r ɛː v j a n
𐌳𐍂𐌴𐌹𐌱𐌰𐌽	d r iː β a n
𐌳𐍂𐌹𐌲𐌺𐌰𐌽	d r i n k a n
𐌳𐍂𐌹𐌿𐌲𐌰𐌹𐍃	d r i u̯ ɡ ɛː s
𐌳𐍂𐌹𐌿𐌲𐌰𐌽	d r i u̯ ɡ a n
𐌳𐍂𐌹𐌿𐍃𐌰𐌽	d r i u̯ s a n
𐌳𐍂𐌹𐌿𐍃𐌰𐌽𐌳𐌰𐌽	d r i u̯ s a n d a n
𐌳𐍂𐌹𐌿𐍃𐍉	d r i u̯ s oː
𐌳𐍂𐍉𐌱𐌾𐌰𐌽	d r oː b j a n
𐌳𐍂𐍉𐌱𐌾𐌰𐌽𐌳𐌰𐌼	d r oː b j a n d a m
𐌳𐍂𐍉𐌱𐌾𐌰𐌽𐌳𐌰𐌽𐍃	d r oː b j a n d a n s
𐌳𐍂𐍉𐌱𐌾𐌰𐌽𐌳𐍃	d r oː b j a n d s
𐌴𐌹𐌸𐌰𐌽	iː θ a n
𐌵𐌰𐌹𐌽𐍉𐌽	kʷ ɛː n oː n
𐌵𐌰𐌼𐍄	kʷ a m t
𐌵𐌴𐌽𐍃	kʷ eː n s
𐌵𐌹𐌼𐌰𐌽	kʷ i m a n
𐌵𐌹𐌽𐍉	kʷ i n oː
𐌷𐌰𐌱𐌰𐌹𐌳𐌴𐌳𐌿𐌽	h a b ɛː d eː d u n
𐌷𐌰𐌱𐌰𐌽	h a b aː n
𐌷𐌰𐌶𐌾𐌰𐌽	h a z j a n
𐌷𐌰𐌹𐌸𐌹	h ɛː θ i
𐌷𐌰𐌹𐌻𐌰𐌲𐍃	h ɛː l a x s
𐌷𐌰𐌹𐍂𐌳𐌰	h ɛ r d a
𐌷𐌰𐌹𐍂𐌳𐌰𐌹	h ɛ r d ɛː
𐌷𐌰𐌹𐍂𐌳𐌴𐌹𐍃	h ɛ r d iː s
𐌷𐌰𐌹𐍂𐌳𐌾𐌰𐌼	h ɛ r d j a m
𐌷𐌰𐌹𐍂𐌳𐌾𐌰𐌽𐍃	h ɛ r d j a n s
𐌷𐌰𐌹𐍂𐌳𐌾𐍉𐍃	h ɛ r d j oː s
𐌷𐌰𐌹𐍂𐌿	h ɛ r u
𐌷𐌰𐌹𐍂𐌿𐌼	h ɛ r u m
𐌷𐌰𐌹𐍂𐌿𐍃	h ɛ r u s
𐌷𐌰𐌹𐍄𐌰𐌽	h ɛː t a n
𐌷𐌰𐌹𐍄𐌹	h ɛː t i
𐌷𐌰𐌻𐌱𐌰	h a l b a
𐌷𐌰𐌻𐌱𐌰𐌹	h a l b ɛː
𐌷𐌰𐌻𐌱𐌰𐍄𐌰	h a l b a t a
𐌷𐌰𐌻𐌱𐍃	h a l b s
𐌷𐌰𐌼𐍆𐌰𐌼𐌼𐌰	h a m f a m m a
𐌷𐌰𐌼𐍆𐍃	h a m f s
𐌷𐌰𐌽𐌰	h a n a
𐌷𐌰𐌽𐌹𐌽𐍃	h a n i n s
𐌷𐌰𐌿𐌱𐌹𐌸𐍅𐌿𐌽𐌳𐌰𐌽	h ɔː b i θ w u n d a n
𐌷𐌰𐌿𐌱𐌹𐌸𐍅𐌿𐌽𐌳𐍃	h ɔː b i θ w u n d s
𐌷𐌰𐌿𐌷𐌾𐌰𐌽	h ɔː h j a n
𐌷𐌰𐌿𐌽𐌾𐌰𐌽	h ɔː n j a n
𐌷𐌰𐌿𐌾𐌰	h ɔː j a
𐌷𐌰𐌿𐍂𐌹	h ɔ r i
𐌷𐌰𐌿𐍂𐌾𐌰	h ɔ r j a
𐌷𐌰𐌿𐍃𐌾𐌰𐌽	h ɔː s j a n
𐌷𐌰𐍄𐌰𐌽	h a t aː n
𐌷𐌰𐍄𐌾𐌰𐌽	h a t j a n
𐌷𐌰𐍅𐌹	h a w i
𐌷𐌹𐌻𐌼𐍃	h i l m s
𐌷𐌹𐌽𐌳𐌰𐌽𐌰	h i n d a n a
𐌷𐌹𐌽𐌳𐌰𐍂𐍅𐌴𐌹𐍃	h i n d a r w iː s
𐌷𐌹𐌽𐌳𐌰𐍂𐍅𐌴𐌹𐍃𐌴𐌹	h i n d a r w iː s iː
𐌷𐌹𐌽𐌳𐌿𐌼𐌹𐍃𐍄𐍃	h i n d u m i s t s
𐌷𐌹𐌽𐌳𐌿𐌼𐌹𐍃𐍄𐍉	h i n d u m i s t oː
𐌷𐌻𐌰𐌹𐍅	h l ɛː w
𐌷𐌻𐌰𐍃	h l a s
𐌷𐌻𐌰𐍃𐌰𐌽𐌰	h l a s a n a
𐌷𐌻𐌰𐍃𐌴𐌹	h l a s iː
𐌷𐌻𐌰𐍃𐌴𐌹𐌽	h l a s iː n
𐌷𐌻𐌰𐍃𐍉𐌶𐌰	h l a s oː z a
𐌷𐌻𐌴𐌹𐌳𐌿𐌼𐌰	h l iː d u m a
𐌷𐌻𐌴𐌹𐌳𐌿𐌼𐌴𐌹	h l iː d u m iː
𐌷𐌻𐌴𐌹𐌳𐌿𐌼𐌴𐌹𐌽	h l iː d u m iː n
𐌷𐌻𐌴𐌹𐌳𐌿𐌼𐍉𐌽𐌰	h l iː d u m oː n a
𐌷𐌻𐌹𐍆𐌰𐌽	h l i ɸ a n
𐌷𐌻𐌹𐍆𐍄𐌿𐍃	x l i ɸ t u s
𐌷𐌽𐌰𐍃𐌵𐌾𐌰𐌹𐌼	h n a s kʷ j ɛː m
𐌷𐌽𐌰𐍃𐌵𐌿𐍃	h n a s kʷ u s
𐌷𐌽𐌴𐌹𐍅𐌰𐌽	h n iː w a n
𐌷𐌿𐌲𐌲𐍂𐌹𐌳𐌰𐌹	h u ŋ ɡ r i d ɛː
𐌷𐌿𐌲𐌲𐍂𐌹𐌸𐍃	h u ŋ ɡ r i θ s
𐌷𐌿𐌲𐌲𐍂𐌾𐌰𐌽	h u ŋ ɡ r i j a n
𐌷𐌿𐌲𐌾𐌰𐌽	h u ɡ j a n
𐌷𐌿𐌽𐌳	h u n d
𐌷𐌿𐌽𐌳𐌰	h u n d a
𐌷𐌿𐌽𐌳𐌰𐌼	h u n d a m
𐌷𐌿𐌽𐌳𐌰𐌽𐍃	h u n d a n s
𐌷𐌿𐌽𐌳𐍃	h u n d s
𐌷𐌿𐌽𐌳𐍉𐍃	h u n d oː s
𐌷𐍂𐌰𐌹𐍅𐌰𐌳𐌿𐌱𐍉	h r ɛː w a d uː b oː
𐌷𐍂𐌰𐌹𐍅𐌰𐌳𐌿𐌱𐍉𐌽𐍉	h r ɛː w a d uː b oː n oː
𐌷𐍂𐌿𐌺	h r uː k
𐌷𐍂𐌿𐌺𐌴𐌹𐌸	h r uː k iː θ
𐌷𐍂𐌿𐌺𐌹𐌳𐌰	h r uː k i d a
𐌷𐍂𐌿𐌺𐌾𐌰𐌹	h r uː k j ɛː
𐌷𐍂𐌿𐌺𐌾𐌰𐌽	h r uː k j a n
𐌷𐍉𐌻𐍉𐌸	h oː l oː θ
𐌷𐍉𐌻𐍉𐌽	h oː l oː n
𐌸𐌰𐌷𐍄𐌰	θ aː h t a
𐌸𐌰𐌹𐍂𐌺𐍉	θ ɛ r k oː
𐌸𐌰𐌽	θ a n
𐌸𐌰𐌽𐌳𐌴	θ a n d eː
𐌸𐌰𐌽𐌴𐌹	θ a n iː
𐌸𐌰𐌿𐍂𐌱𐌰𐌽	θ ɔ r β a n
𐌸𐌰𐌿𐍂𐌽𐌴𐌹𐌽𐌰	θ ɔ r n iː n a
𐌸𐌰𐌿𐍂𐌽𐌴𐌹𐌽𐌰𐌽	θ ɔ r n iː n a n
𐌸𐌰𐌿𐍂𐌽𐌴𐌹𐌽𐍃	θ ɔ r n iː n s
𐌸𐌰𐌿𐍂𐌽𐌹𐍅𐌴	θ ɔ r n i w eː
𐌸𐌰𐌿𐍂𐌽𐌾𐌿𐍃	θ ɔ r n j u s
𐌸𐌰𐌿𐍂𐌽𐌿𐌼	θ ɔ r n u m
𐌸𐌰𐌿𐍂𐌽𐌿𐌽𐍃	θ ɔ r n u n s
𐌸𐌰𐌿𐍂𐌽𐌿𐍃	θ ɔ r n u s
𐌸𐌰𐌿𐍂𐍃𐍄𐌴𐌹	θ ɔ r s t iː
𐌸𐌰𐍂	θ a r
𐌸𐌴𐌹𐌷𐌰𐌽	θ iː h a n
𐌸𐌴𐌹𐌽𐍃	θ iː n s
𐌸𐌴𐌹𐍈𐍉	θ iː ʍ oː
𐌸𐌴𐌹𐍈𐍉𐌽	θ iː ʍ oː n
𐌸𐌴𐌹𐍈𐍉𐌽𐍃	θ iː ʍ oː n s
𐌸𐌹𐌿𐌱𐌹	θ i u̯ b i
𐌸𐌹𐌿𐍆𐍃	θ i u̯ ɸ s
𐌸𐌻𐌹𐌿𐌷𐌰𐌽	θ l i u h a n
𐌸𐌿	θ uː
𐌸𐌿𐌺	θ u k
𐌸𐌿𐍃	θ u s
𐌸𐌿𐍃𐌿𐌽𐌳𐌹	θ uː s u n d i
𐌸𐌿𐍃𐌿𐌽𐌳𐌾𐍉	θ uː s u n d j oː
𐌸𐌿𐍃𐌿𐌽𐌳𐌾𐍉𐌼	θ uː s u n d j oː m
𐌸𐌿𐍃𐌿𐌽𐌳𐌾𐍉𐍃	θ uː s u n d j oː s
𐌸𐍂𐌰𐌼𐍃𐍄𐌴𐌹	θ r a m s t iː
𐌸𐍂𐌰𐌼𐍃𐍄𐌴𐌹𐌽𐍃	θ r a m s t iː n s
𐌸𐍂𐌴𐌹𐍃	θ r iː s
𐌸𐍂𐌹𐌳𐌾𐌰	θ r i d j a
𐌸𐍂𐌹𐌳𐌾𐌰𐌽	θ r i d j a n
𐌸𐍂𐌹𐌳𐌾𐌹𐌽	θ r i d j i n
𐌸𐍂𐌹𐌳𐌾𐍉	θ r i d j oː
𐌸𐍂𐌹𐌼	θ r i m
𐌸𐍂𐌹𐌽𐍃	θ r i n s
𐌸𐍂𐌹𐌾𐌰	θ r i j a
𐌸𐍂𐌹𐌾𐌴	θ r i j eː
𐌸𐍅𐌰𐌷	θ w a x
𐌸𐍅𐌰𐌷𐌰𐌽	θ w a h a n
𐌸𐍅𐌰𐌷𐌰𐌽𐌳	θ w a h a n d
𐌸𐍅𐌰𐍃𐍄𐌹𐌸𐌰	θ w a s t i θ a
𐌸𐍅𐍉𐌷𐌹	θ w oː h i
𐌹𐌱𐌰𐌹	i β ɛː
𐌹𐌲𐌲𐌵𐌰𐍂𐌰	i n kʷ a r a
𐌹𐌲𐌵𐌰𐍂	i ŋ kʷ a r
𐌹𐌲𐌵𐌹𐍃	i nʷ kʷ i s
𐌹𐌳𐍅𐌴𐌹𐍄𐌾𐌰𐌽𐌳𐌰	i d w iː t j a n d a
𐌹𐌳𐍅𐌴𐌹𐍄𐌾𐌰𐌽𐌳𐌰𐌽𐌴	i d w iː t j a n d a n eː
𐌹𐌳𐍅𐌴𐌹𐍄𐌾𐌰𐌽𐌳𐍃	i d w iː t j a n d s
𐌹𐌶𐍅𐌰𐍂	i z w a r
𐌹𐌶𐍅𐌹𐍃	i z w i s
𐌹𐌺	i k
𐌹𐌺𐌴𐌹	i k iː
𐌹𐌺𐌿	i k u
𐌹𐌽	i n
𐌹𐌽𐌰𐌲𐌹𐌳𐌰	i n a ɡ i d a
𐌹𐌽𐌰𐌲𐌾𐌰𐌽	i n a ɡ j a n
𐌹𐌽𐌰𐌷𐌰𐌹	i n a h ɛː
𐌹𐌽𐌰𐌷𐍃	i n a h s
𐌹𐌽𐌱𐍂𐌰𐌽𐌽𐌾𐌰𐌳𐌰	i n b r a nː j a d a
𐌹𐌽𐌱𐍂𐌰𐌽𐌽𐌾𐌰𐌽	i n b r a nː j a n
𐌹𐌽𐌳𐍂𐍉𐌱𐌽𐌰𐌽	i n d r oː b n a n
𐌹𐌽𐌽𐌹𐌼𐌰𐌽	i n n i m a n
𐌹𐌽𐌽𐌹𐌿𐌾𐌹𐌸𐌰	i n n i u̯ j i θ a
𐌹𐌽𐌿𐌷𐍃𐌰𐌽𐌳𐌹𐌳𐌴𐌳𐌿𐌽	i n u h s a n d i d eː d u n
𐌹𐌽𐍃𐌰𐌷𐍄𐍃	i n s a x t s
𐌹𐌽𐍄𐌿𐌽𐌳𐌽𐌰𐌽	i n t u n d n a n
𐌹𐌽𐍅𐌰𐌽𐌳𐌾𐌰𐌽	i n w a n d j a n
𐌹𐍄𐌰𐌽	i t a n
𐌹𐍆𐍄𐌿𐌼𐌰	i f t u m a
𐌹𐍆𐍄𐌿𐌼𐌹𐌽	i f t u m i n
𐌺𐌰𐌹𐍃𐌰𐍂	k ɛː s a r
𐌺𐌰𐌻𐌱𐍉	k a l b oː
𐌺𐌰𐌻𐌱𐍉𐌽𐍃	k a l b oː n s
𐌺𐌰𐌻𐌳	k a l d
𐌺𐌰𐌻𐌳𐌹𐍃	k a l d i s
𐌺𐌰𐌻𐌳𐍃	k a l d s
𐌺𐌰𐌿𐍂𐌽	k ɔ r n
𐌺𐌰𐌿𐍂𐌽𐌹𐍃	k ɔ r n i s
𐌺𐌰𐌿𐍂𐌽𐍉	k ɔ r n oː
𐌺𐌰𐍂𐍉𐌽	k a r oː n
𐌺𐌰𐍄𐌹𐌻𐍃	k a t i l s
𐌺𐌻𐌹𐍃𐌼𐍉	k l i s m oː
𐌺𐌿𐌺𐌾𐌰𐌽	k u k j a n
𐌺𐌿𐌽𐌽𐌰𐌽	k u nː a n
𐌺𐍂𐌹𐌿𐍃𐍄𐌰𐌽	k r i u̯ s t a n
𐌻𐌰𐌲𐌲𐍃	l a ŋ ɡ s
𐌻𐌰𐌹𐍃𐌰𐍂𐌴𐌹𐍃	l ɛː s aː r iː s
𐌻𐌰𐌹𐍅𐌰	l ɛ w a
𐌻𐌰𐌹𐍅𐌰𐌽𐌴	l ɛ w a n eː
𐌻𐌰𐌼𐌱	l a m b
𐌻𐌰𐌼𐌱𐌰	l a m b a
𐌻𐌰𐌼𐌱𐌰𐌼	l a m b a m
𐌻𐌰𐌼𐌱𐌴	l a m b eː
𐌻𐌰𐌿𐌱𐍉𐍃	l ɔː b oː s
𐌻𐌰𐌿𐌷𐌰𐍄𐌾𐌰𐌽	l ɔ h a t j a n
𐌻𐌰𐌿𐌷𐌰𐍄𐌾𐌰𐌽𐌳𐌴𐌹	l ɔ h a t j a n d iː
𐌻𐌰𐌿𐌷𐌰𐍄𐌾𐌰𐌽𐌳𐍃	l ɔ h a t j a n d s
𐌻𐌰𐌿𐌷𐌼𐌿𐌽𐌹	l ɔː h m u n i
𐌻𐌰𐌿𐌷𐌼𐌿𐌽𐌾𐌰	l ɔː h m u n j a
𐌻𐌰𐌿𐌷𐌼𐌿𐌽𐌾𐌰𐌹	l ɔː h m u n j ɛː
𐌻𐌰𐌿𐍆	l ɔː f
𐌻𐌰𐌿𐍆𐍃	l ɔː f s
𐌻𐌴𐌹𐌺𐌰𐌽	l iː k aː n
𐌻𐌴𐌺𐌹𐌽𐍉𐌽	l eː k i n oː n
𐌻𐌴𐍄𐌰𐌽	l eː t a n
𐌻𐌹𐌸𐌿𐍃	l i θ u s
𐌻𐌹𐍃𐌰𐌽	l i s a n
𐌻𐌿𐍆𐍄𐌰𐌿	l u f t ɔː
𐌻𐌿𐍆𐍄𐌰𐌿𐍃	l u f t ɔː s
𐌻𐌿𐍆𐍄𐌿	l u f t u
𐌻𐌿𐍆𐍄𐌿𐍃	l u f t u s
𐌼𐌰𐌲𐌰𐌽	m a ɣ a n
𐌼𐌰𐌸𐌰	m a θ a
𐌼𐌰𐌹𐌼𐌱𐍂𐌰𐌽𐌰	m ɛː m b r a n a
𐌼𐌰𐌹𐍃	m ɛː s
𐌼𐌰𐌹𐍄𐌰𐌽	m ɛː t a n
𐌼𐌰𐌻𐍉	m a l oː
𐌼𐌰𐌼𐌼𐍉	m a mː oː
𐌼𐌰𐌽𐌰𐍃𐌴𐌳𐌰𐌹	m a n a s eː d ɛː
𐌼𐌰𐌽𐌰𐍃𐌴𐌳𐌰𐌹𐍃	m a n a s eː d ɛː s
𐌼𐌰𐌽𐌰𐍃𐌴𐌸	m a n a s eː θ
𐌼𐌰𐌽𐌰𐍃𐌴𐌸𐍃	m a n a s eː θ s
𐌼𐌰𐌽𐌽𐌹𐍃𐌺𐍃	m a nː i s k s
𐌼𐌰𐌿𐍂𐌸𐍂𐌾𐌰𐌽	m ɔ r θ r i j a n
𐌼𐌴𐌹𐌽𐍃	m iː n s
𐌼𐌴𐌺𐌴𐌹𐍃	m eː k iː s
𐌼𐌴𐌺𐌹	m eː k i
𐌼𐌴𐌻𐌾𐌰𐌽	m eː l j a n
𐌼𐌴𐌽𐌰	m eː n a
𐌼𐌴𐌽𐍉𐌸	m eː n oː θ
𐌼𐌴𐌽𐍉𐌸𐌹𐍃	m eː n oː θ i s
𐌼𐌴𐌽𐍉𐌸𐌿𐌼	m eː n oː θ u m
𐌼𐌴𐌽𐍉𐌸𐍃	m eː n oː θ s
𐌼𐌴𐍂𐌹𐌻𐌰	m eː r i l a
𐌼𐌴𐍂𐌾𐌰𐌽	m eː r j a n
𐌼𐌹𐌳𐌾𐌹𐍃	m i ð j i s
𐌼𐌹𐌳𐌾𐌿𐌽𐌲𐌰𐍂𐌳	m i d j u n ɡ a r d
𐌼𐌹𐌳𐌾𐌿𐌽𐌲𐌰𐍂𐌳𐌹𐍃	m i d j u n ɡ a r d i s
𐌼𐌹𐌳𐌾𐌿𐌽𐌲𐌰𐍂𐌳𐍃	m i d j u n ɡ a r d s
𐌼𐌹𐌸	m i θ
𐌼𐌹𐌺	m i k
𐌼𐌹𐌻𐌷𐌼𐌰	m i l h m a
𐌼𐌹𐌻𐌷𐌼𐌰𐌼	m i l h m a m
𐌼𐌹𐌻𐌷𐌼𐌹𐌽	m i l h m i n
𐌼𐌹𐌻𐌹𐌸	m i l i θ
𐌼𐌹𐌽𐍃	m i n s
𐌼𐌹𐍃	m i s
𐌼𐌹𐍄𐌰𐌽	m i t a n
𐌼𐌿𐌽𐌰𐌽	m u n a n
𐌼𐌿𐌽𐌰𐌽	m u n aː n
𐌽𐌰𐌳𐍂𐌴	n a d r eː
𐌽𐌰𐌳𐍂𐍃	n a d r s
𐌽𐌰𐌵𐌰𐌳𐌴𐌹	n a kʷ a ð iː
𐌽𐌰𐌼𐌹𐌽	n a m i n
𐌽𐌰𐌼𐌹𐌽𐍃	n a m i n s
𐌽𐌰𐌼𐌽𐌰	n a m n a
𐌽𐌰𐌼𐌽𐌰𐌼	n a m n a m
𐌽𐌰𐌼𐌽𐌴	n a m n eː
𐌽𐌰𐌼𐍉	n a m oː
𐌽𐌰𐌿𐌱𐌰𐌹𐌼𐌱𐌰𐌹𐍂	n ɔ β ɛ m b ɛ r
𐌽𐌰𐍂𐌳𐌰𐌿𐍃	n a r d ɔː s
𐌽𐌰𐍂𐌳𐌿𐍃	n a r d u s
𐌽𐌴𐌸𐌻𐌰	n eː θ l a
𐌽𐌴𐌸𐌻𐍉𐍃	n eː θ l oː s
𐌽𐌴𐌹𐍅𐌰𐌽	n iː w a n
𐌽𐌴𐍈𐌾𐌰𐌽	n eː ʍ j a n
𐌽𐌹𐌳𐍅𐌰	n i d w a
𐌽𐌹𐌼𐌰𐌽	n i m a n
𐌽𐌹𐌿𐌽	n i u̯ n
𐌽𐌹𐌿𐌽𐌳𐌰	n i u̯ n d a
𐌽𐌹𐌿𐌽𐌳𐍉𐌽	n i u̯ n d oː n
𐌽𐌹𐌿𐌽𐌴	n i u̯ n eː
𐌽𐌹𐌿𐌽𐍄𐌴𐌷𐌿𐌽𐌳	n i u̯ n t eː h u n d
𐌽𐌹𐌿𐌽𐍄𐌴𐌷𐌿𐌽𐌳𐌹𐍃	n i u̯ n t eː h u n d i s
𐌽𐌹𐌿𐌾𐌹𐌸𐌰	n i u̯ j i θ a
𐌽𐌹𐍃𐍄	n i s t
𐌽𐌿𐌽𐌿	n u n u
𐌾𐌰𐌱𐌰𐌹	j a β ɛː
𐌾𐌰𐌹𐌽𐍃	j ɛː n s
𐌾𐌹𐌿𐌻𐌴𐌹𐍃	j i u̯ l iː s
𐌾𐌿𐍃	j uː s
𐌾𐌿𐍄	j u t
𐌿𐌱𐌹𐌶𐍅𐌰	u β i z w a
𐌿𐌲𐌺𐌰𐍂	u ŋ k a r
𐌿𐌲𐌺𐌹𐍃	u n k i s
𐌿𐌻𐌱𐌰𐌽𐌳𐌰𐌿	u l b a n d ɔː
𐌿𐌻𐌱𐌰𐌽𐌳𐌰𐌿𐍃	u l b a n d ɔː s
𐌿𐌻𐌱𐌰𐌽𐌳𐌿𐍃	u l b a n d u s
𐌿𐌽𐌱𐌹𐌰𐍂𐌹	u n b i a r i
𐌿𐌽𐌱𐌹𐌰𐍂𐌾𐌰	u n b i a r j a
𐌿𐌽𐌳𐌲𐍂𐌴𐌹𐍀𐌰𐌽	u n d ɡ r iː p a n
𐌿𐌽𐌷𐌹𐌽𐌳𐌰𐍂𐍅𐌴𐌹𐍃	u n h i n d a r w iː s
𐌿𐌽𐍃	u n s
𐌿𐌽𐍃𐌰𐍂	u n s a r
𐌿𐌽𐍃𐌹𐍃	u n s i s
𐌿𐌽𐍄𐌰𐌻𐍃	u n t a l s
𐌿𐍂𐍂𐌰𐌽𐍄	u r r a n t
𐌿𐍂𐍂𐌿𐌽𐍃	u r r u n s
𐌿𐍂𐍂𐌿𐌽𐍃𐌰	u r r u n s a
𐌿𐍃	u s
𐌿𐍃𐌰𐌲𐌾𐌰𐌽	u s a ɡ j a n
𐌿𐍃𐌱𐌻𐌹𐌲𐌲𐍅𐌰𐌽	u s b l i ɡ ɡ w a n
𐌿𐍃𐌱𐌻𐌹𐌲𐌲𐍅𐌰𐌽𐌳𐌰𐌽𐍃	u s b l i ɡ ɡ w a n d a n s
𐌿𐍃𐌱𐌻𐌹𐌲𐌲𐍅𐌰𐌽𐌳𐍃	u s b l i ɡ ɡ w a n d s
𐌿𐍃𐌲𐌰𐌹𐍃𐌾𐌰𐌽	u s ɡ ɛː s j a n
𐌿𐍃𐌳𐌰𐌿𐌳𐌴𐌹	u s d ɔː d iː
𐌿𐍃𐌳𐌰𐌿𐌸𐍃	u s d ɔː θ s
𐌿𐍃𐌳𐍂𐌴𐌹𐌱𐌰𐌽	u s d r iː β a n
𐌿𐍃𐌳𐍂𐌹𐌿𐍃𐌰𐌽	u s d r i u̯ s a n
𐌿𐍃𐌵𐌹𐌸𐌰𐌽	u s kʷ i θ a n
𐌿𐍃𐌷𐌰𐌷𐌰𐌽	u s h aː h a n
𐌿𐍃𐌷𐌰𐌿𐌷𐌽𐌰𐌽	u s h ɔː h n a n
𐌿𐍃𐌷𐌰𐌿𐌷𐌾𐌰𐌽	u s h ɔː h j a n
𐌿𐍃𐌷𐌹𐌽𐌸𐌰𐌽	u s h i n θ a n
𐌿𐍃𐍅𐌰𐌽𐌳𐌾𐌰𐌽	u s w a n d j a n
𐌿𐍃𐍆𐌿𐌻𐌻𐌽𐌰𐌽	u s ɸ u l l n a n
𐌿𐍆𐌱𐍂𐌰𐌽𐌽	u f b r a nː
𐌿𐍆𐌱𐍂𐌹𐌽𐌽𐌰𐌽	u f b r i n n a n
𐌿𐍆𐍃𐌰𐌲𐌵𐌹𐌸𐍃	u f s a n kʷ i θ s
𐌿𐍆𐍃𐌰𐌲𐌵𐌾𐌰𐌽	u f s a n kʷ j a n
𐌿𐍆𐍃𐍄𐍂𐌰𐌿𐌾𐌰𐌽	u ɸ s t r ɔː j a n
𐍀𐌴𐌹𐌺𐌰𐌱𐌰𐌲𐌼𐌴	p iː k a b a ɡ m eː
𐍀𐌴𐌹𐌺𐌰𐌱𐌰𐌲𐌼𐍃	p iː k a b a ɡ m s
𐍀𐌻𐌹𐌽𐍃𐌾𐌰𐌽	p l i n s j a n
𐍂𐌰𐌹𐌳𐌾𐌰𐌽	r ɛː d j a n
𐍂𐌰𐌿𐍃	r ɔː s
𐍂𐌰𐌿𐍃𐌰	r ɔː s a
𐍂𐌴𐌹𐌺𐌴𐌹𐍃	r iː k iː s
𐍂𐌴𐌹𐌺𐌹	r iː k i
𐍂𐌴𐌹𐌺𐍃	r iː k s
𐍂𐌹𐌲𐌽	r i ɡ n
𐍂𐌹𐌲𐌽𐌴𐌹𐌸	r i ɡ n iː θ
𐍂𐌹𐌲𐌽𐌹𐌳𐌰	r i ɡ n i d a
𐍂𐌹𐌲𐌽𐌾𐌰𐌽	r i ɡ n j a n
𐍂𐌹𐌺𐌰𐌽	r i k a n
𐍂𐌹𐌽𐌽𐌰𐌽	r i nː a n
𐍃𐌰	s a
𐍃𐌰𐌲𐌲𐌵𐌰	s a n kʷ a
𐍃𐌰𐌲𐌲𐌵𐌾𐌰𐌽	s a n kʷ j a n
𐍃𐌰𐌲𐌲𐌵𐌾𐌰𐌽𐌳	s a n kʷ j a n d
𐍃𐌰𐌲𐌵	s a n kʷ
𐍃𐌰𐌴𐌹	s a iː
𐍃𐌰𐌹𐌷𐍃	s ɛ h s
𐍃𐌰𐌹𐌷𐍃𐍄𐌰	s ɛ h s t a
𐍃𐌰𐌹𐌷𐍃𐍄𐌹𐌽	s ɛ h s t i n
𐍃𐌰𐌹𐌷𐍃𐍄𐍉	s ɛ h s t oː
𐍃𐌰𐌹𐌷𐍃𐍄𐍉𐌽	s ɛ h s t oː n
𐍃𐌰𐌿𐌹𐌻	s ɔː i l
𐍃𐌰𐍄𐌾𐌰𐌽	s a t j a n
𐍃𐌴𐌹𐌽𐍃	s iː n s
𐍃𐌹𐌱𐌿𐌽	s i b u n
𐍃𐌹𐌱𐌿𐌽𐍄𐌴𐌷𐌿𐌽𐌳	s i b u n t eː h u n d
𐍃𐌹𐌲𐌵𐌰𐌽	s i n kʷ a n
𐍃𐌹𐌺	s i k
𐍃𐌹𐌽𐌰𐍀𐌹𐍃	s i n aː p i s
𐍃𐌹𐌽𐌴𐌹𐌲𐍃	s i n iː x s
𐍃𐌹𐌽𐍄𐌴𐌹𐌽𐍃	s i n t iː n s
𐍃𐌹𐍃	s i s
𐍃𐌹𐍄𐌰𐌽	s i t a n
𐍃𐌹𐍄𐌻𐌰𐌽𐍃	s i t l a n s
𐍃𐌹𐍄𐌻𐍃	s i t l s
𐍃𐌹𐍄𐌻𐍉𐍃	s i t l oː s
𐍃𐌺𐌰𐌸𐌾𐌰𐌽	s k a θ j a n
𐍃𐌺𐌰𐌹𐌳𐌰𐌹	s k ɛː d ɛː
𐍃𐌺𐌰𐌹𐌳𐌰𐌽	s k ɛː d a n
𐍃𐌺𐌰𐌹𐌳𐌹𐌸	s k ɛː d i θ
𐍃𐌺𐌰𐌼𐌰𐌽	s k a m aː n
𐍃𐌺𐌰𐌿𐍂𐍀𐌾𐍉	s k ɔ r p j oː
𐍃𐌺𐌰𐌿𐍂𐍀𐌾𐍉𐌽𐍉	s k ɔ r p j oː n oː
𐍃𐌺𐌴𐌹𐌼𐌰	s k iː m a
𐍃𐌺𐌴𐌹𐌽𐌰𐌽	s k iː n a n
𐍃𐌺𐌴𐌹𐍂𐌴𐌹𐌽𐍃	s k iː r iː n s
𐍃𐌺𐌹𐌻𐌳𐌿𐍃	s k i l d u s
𐍃𐌺𐌹𐌻𐌻𐌹𐌲𐌲𐍃	s k i l l i ŋ ɡ s
𐍃𐌺𐌿𐌻𐌰	s k u l a
𐍃𐌺𐌿𐌻𐌰𐌽	s k u l a n
𐍃𐌺𐌿𐍂𐌰	s k uː r a
𐍃𐌻𐌰𐌷𐌰𐌻𐍃	s l a h a l s
𐍃𐌼𐌰𐌺𐌺𐌰	s m a k k a
𐍃𐌼𐌰𐌺𐌺𐌰𐌱𐌰𐌲𐌼	s m a k k a b a ɡ m
𐍃𐌼𐌰𐌺𐌺𐌰𐌱𐌰𐌲𐌼𐌰	s m a k k a b a ɡ m a
𐍃𐌼𐌰𐌺𐌺𐌰𐌱𐌰𐌲𐌼𐍃	s m a k k a b a ɡ m s
𐍃𐌼𐌰𐌺𐌺𐌰𐌽𐌴	s m a k k a n eː
𐍃𐌼𐌰𐌺𐌺𐌰𐌽𐍃	s m a k k a n s
𐍃𐌽𐌰𐌹𐍅𐍃	s n ɛː w s
𐍃𐌽𐌹𐍅𐌰𐌽	s n i w a n
𐍃𐌽𐌿𐍄𐍂𐌴𐌹	s n u t r iː
𐍃𐌿𐌲𐌵𐌿𐌽	s u n kʷ u n
𐍃𐌿𐌽𐌽𐌹𐌽	s u n n i n
𐍃𐌿𐌽𐌽𐍉	s u n n oː
𐍃𐌿𐌽𐌽𐍉𐌽	s u n n oː n
𐍃𐌿𐌽𐌾𐌹𐍃	s u n j i s
𐍃𐌿𐌽𐌾𐍉𐌽	s u n j oː n
𐍃𐍀𐌰𐌿𐍂𐌳𐍃	s p ɔː r d s
𐍃𐍀𐌰𐍂𐍅𐌰	s p a r w a
𐍃𐍀𐌰𐍂𐍅𐌰𐌼	s p a r w a m
𐍃𐍀𐌰𐍂𐍅𐌰𐌽𐍃	s p a r w a n s
𐍃𐍀𐌴𐌹𐍅𐌰𐌽	s p iː w a n
𐍃𐍄𐌰𐌹𐍂𐌽𐍉	s t ɛ r n oː
𐍃𐍄𐌰𐌹𐍂𐌽𐍉𐌽𐍃	s t ɛ r n oː n s
𐍃𐍄𐌰𐌹𐍂𐍉	s t ɛ r oː
𐍃𐍄𐌰𐌽𐌳𐌰𐌽	s t a n d a n
𐍃𐍄𐌹𐌻𐌰𐌽	s t i l a n
𐍃𐍄𐌹𐌿𐍂	s t i u̯ r
𐍃𐍄𐍂𐌰𐌿𐌾𐌰𐌽	s t r ɔː j a n
𐍃𐍅𐌴𐌹𐌽	s w iː n
𐍃𐍅𐌴𐌹𐌽𐌰	s w iː n a
𐍃𐍅𐌴𐌹𐌽𐌴	s w iː n eː
𐍃𐍅𐌹𐌲𐌻𐍉𐌽	s w i ɣ l oː n
𐍃𐍅𐌹𐌺𐌿𐌽𐌸𐌰𐌱𐌰	s w i k u n θ a b a
𐍃𐍅𐌹𐌻𐍄𐌰𐌽	s w i l t a n
𐍃𐍅𐌽𐌰𐌲𐍉𐌲𐌴	s y n a ɡ oː ɡ eː
𐍄𐌰𐌲𐍂𐌹𐌳𐌰	t a ɡ r i d a
𐍄𐌰𐌲𐍂𐌾𐌰𐌽	t a ɡ r j a n
𐍄𐌰𐌷𐌾𐌰𐌽	t a x j a n
𐍄𐌰𐌹𐌷𐌿𐌽	t ɛ h u n
𐍄𐌰𐌹𐌷𐌿𐌽𐌳𐌰	t ɛ h u n d a
𐍄𐌰𐌹𐌷𐌿𐌽𐌳𐍉𐌽	t ɛ h u n d oː n
𐍄𐌰𐌹𐌷𐌿𐌽𐍄𐌰𐌹𐌷𐌿𐌽𐌳	t ɛ h u n t eː h u n d
𐍄𐌰𐌹𐌷𐌿𐌽𐍄𐌰𐌹𐌷𐌿𐌽𐌳𐍆𐌰𐌻𐌸	t ɛ h u n t eː h u n d f a l θ
𐍄𐌰𐌹𐌷𐌿𐌽𐍄𐌰𐌹𐌷𐌿𐌽𐌳𐍆𐌰𐌻𐌸𐍃	t ɛ h u n t eː h u n d f a l θ s
𐍄𐌰𐌹𐌷𐌿𐌽𐍄𐌴𐍅𐌴𐌹𐍃	t ɛ h u n t eː w iː s
𐍄𐌰𐌹𐌷𐍃𐍅𐌰	t ɛ h s w a
𐍄𐌰𐌹𐌷𐍃𐍅𐌰𐌹	t ɛ h s w ɛː
𐍄𐌰𐌹𐌷𐍃𐍅𐍉	t ɛ h s w oː
𐍄𐌰𐌹𐌷𐍃𐍅𐍉𐌽	t ɛ h s w oː n
𐍄𐌰𐌹𐌷𐍃𐍅𐍉𐌽𐌰	t ɛ h s w oː n a
𐍄𐌰𐌹𐌷𐍃𐍅𐍉𐌽𐍃	t ɛ h s w oː n s
𐍄𐌰𐌹𐌽𐌴	t ɛː n eː
𐍄𐌰𐌹𐌽𐍃	t ɛː n s
𐍄𐌰𐌻𐌶𐌾𐌰𐌽	t a l z j a n
𐍄𐌰𐌽𐌳𐌴𐌹𐌸	t a n d iː θ
𐍄𐌰𐌽𐌳𐌾𐌰𐌽	t a n d j a n
𐍄𐌰𐌽𐌳𐌾𐌰𐌽𐌳𐍃	t a n d j a n d s
𐍄𐌰𐌿𐌾𐌰𐌽	t ɔː j a n
𐍄𐌹𐌲𐌹𐍅𐌴	t i ɡ i w eː
𐍄𐌹𐌲𐌾𐌿𐍃	t i ɡ j u s
𐍄𐌹𐌲𐌿𐌼	t i ɡ u m
𐍄𐌹𐌲𐌿𐌽𐍃	t i ɡ u n s
𐍄𐌹𐌲𐌿𐍃	t i ɡ u s
𐍄𐌹𐌿𐌷𐌰𐌽	t i u̯ h a n
𐍄𐌿𐌲𐌲𐌻	t u n ɡ l
𐍄𐌿𐌽𐌳𐌽𐌰𐌽	t u n d n a n
𐍄𐌿𐌽𐌳𐌽𐌰𐌿	t u n d n ɔː
𐍄𐍂𐌹𐌲𐌲𐍅𐍃	t r i ɡ ɡʷ s
𐍄𐍂𐌹𐌿	t r i u̯
𐍄𐍂𐌹𐍅𐌰𐌼	t r i w a m
𐍄𐍂𐌹𐍅𐌴𐌹𐌽𐌰	t r i w iː n a
𐍄𐍂𐌹𐍅𐌴𐌹𐌽𐍃	t r i w iː n s
𐍄𐍅𐌰	t w a
𐍄𐍅𐌰𐌳𐌳𐌾𐌴	t w a ɟ ɟ eː
𐍄𐍅𐌰𐌹	t w ɛː
𐍄𐍅𐌰𐌹𐌼	t w ɛː m
𐍄𐍅𐌰𐌻𐌹𐌱𐍅𐌹𐌽𐍄𐍂𐌿𐍃	t w a l i b w i n t r u s
𐍄𐍅𐌰𐌻𐌹𐍆	t w a l i f
𐍄𐍅𐌰𐌽𐍃	t w a n s
𐍄𐍅𐍉𐍃	t w oː s
𐍅𐌰𐌲𐌲𐍃	w a ŋ ɡ s
𐍅𐌰𐌹𐌰𐌽	w ɛː a n
𐍅𐌰𐌹𐌰𐌽𐌳𐌹𐌽	w ɛː a n d i n
𐍅𐌰𐌹𐌰𐌽𐌳𐍃	w ɛː a n d s
𐍅𐌰𐌹𐌽𐌰𐌷𐍃	w ɛː n a h s
𐍅𐌰𐌹𐍀𐍃	w ɛː p s
𐍅𐌰𐌹𐍂𐌸𐌰𐌽	w ɛ r θ a n
𐍅𐌰𐌹𐍅𐍉𐌿𐌽	w ɛ w oː u n
𐍅𐌰𐌺𐌰𐌹𐌸	w a k ɛː θ
𐍅𐌰𐌺𐌰𐌹𐌼𐌰	w a k ɛː m a
𐍅𐌰𐌺𐌰𐌽	w a k a n
𐍅𐌰𐌻𐌳𐌰𐌽	w a l d a n
𐍅𐌰𐌽𐌳𐌴𐌹	w a n d iː
𐍅𐌰𐌽𐌳𐌾𐌰𐌽	w a n d j a n
𐍅𐌰𐌽𐌳𐌾𐌰𐌽𐌳𐍃	w a n d j a n d s
𐍅𐌰𐌿𐍂𐌳	w ɔ r d
𐍅𐌰𐌿𐍂𐌷𐍄𐌰𐌹	w ɔ r t ɛː
𐍅𐌰𐌿𐍂𐌺𐌾𐌰𐌽	w ɔ r k j a n
𐍅𐌰𐌿𐍂𐌼𐌰𐌽𐍃	w ɔ r m a n s
𐍅𐌰𐌿𐍂𐌼𐌴	w ɔ r m eː
𐍅𐌰𐌿𐍂𐌼𐍃	w ɔ r m s
𐍅𐌰𐌿𐍂𐍄	w ɔ r t
𐍅𐌰𐌿𐍂𐍄𐌹𐌼	w ɔ r t i m
𐍅𐌰𐌿𐍂𐍄𐌹𐌽𐍃	w ɔ r t i n s
𐍅𐌰𐌿𐍂𐍄𐍃	w ɔ r t s
𐍅𐌰𐍂𐌼𐌴𐌹𐌸	w a r m iː θ
𐍅𐌰𐍂𐌼𐌹𐌳𐌴𐌳𐌿𐌽	w a r m i d eː d u n
𐍅𐌰𐍂𐌼𐌾𐌰𐌽	w a r m j a n
𐍅𐌰𐍂𐌼𐌾𐌰𐌽𐌳𐌰𐌽	w a r m j a n d a n
𐍅𐌰𐍂𐌼𐌾𐌰𐌽𐌳𐍃	w a r m j a n d s
𐍅𐌰𐍃𐌾𐌰𐌽	w a s j a n
𐍅𐌴𐌲𐌰	w eː ɡ a
𐍅𐌴𐌲𐌹𐌼	w eː ɡ i m
𐍅𐌴𐌲𐍃	w eː ɡ s
𐍅𐌴𐌲𐍉𐍃	w eː ɡ oː s
𐍅𐌴𐌹𐌷𐌹𐌸𐌰	w iː h i θ a
𐍅𐌴𐌹𐌷𐍃	w iː x s
𐍅𐌴𐌹𐌽	w iː n
𐍅𐌴𐌹𐌽𐌰𐌱𐌰𐍃𐌹	w iː n a b a s i
𐍅𐌴𐌹𐌽𐌰𐌱𐌰𐍃𐌾𐌰	w iː n a b a s j a
𐍅𐌴𐌹𐌽𐌰𐌲𐌰𐍂𐌳	w iː n a ɡ a r d
𐍅𐌴𐌹𐌽𐌰𐌲𐌰𐍂𐌳𐌰	w iː n a ɡ a r d a
𐍅𐌴𐌹𐌽𐌰𐌲𐌰𐍂𐌳𐌹𐍃	w iː n a ɡ a r d i s
𐍅𐌴𐌹𐌽𐌰𐌲𐌰𐍂𐌳𐍃	w iː n a ɡ a r d s
𐍅𐌴𐌹𐌽𐌰𐍄𐌰𐌹𐌽𐍃	w iː n a t ɛː n s
𐍅𐌴𐌹𐌽𐌰𐍄𐌰𐌹𐌽𐍉𐍃	w iː n a t ɛː n oː s
𐍅𐌴𐌹𐌽𐌰𐍄𐍂𐌹𐌿	w iː n a t r i u̯
𐍅𐌴𐌹𐌽𐌰𐍄𐍂𐌹𐍅𐌰	w iː n a t r i w a
𐍅𐌴𐌹𐍃	w iː s
𐍅𐌴𐌹𐍄𐍅𐍉𐌸𐍃	w iː t w oː θ s
𐍅𐌴𐍀𐌽	w eː p n
𐍅𐌴𐍀𐌽𐌰	w eː p n a
𐍅𐌴𐍀𐌽𐌰𐌼	w eː p n a m
𐍅𐌹𐌲𐌰𐌳𐌴𐌹𐌽𐍉𐌼	w i ɡ a d iː n oː m
𐍅𐌹𐌸𐍂𐌰	w i θ r a
𐍅𐌹𐌸𐍂𐌿𐍃	w i θ r u s
𐍅𐌹𐌻𐌸𐌴𐌹𐍃	w i l θ iː s
𐍅𐌹𐌻𐌾𐌰𐌽	w i l j a n
𐍅𐌹𐌻𐍅𐌰𐌽	w i l w a n
𐍅𐌹𐌻𐍅𐌰𐌽𐌳𐌰𐌽𐍃	w i l w a n d a n s
𐍅𐌹𐌻𐍅𐌰𐌽𐌳𐍃	w i l w a n d s
𐍅𐌹𐌽𐌳𐌰	w i n d a
𐍅𐌹𐌽𐌳𐌰𐌼	w i n d a m
𐍅𐌹𐌽𐌳𐌹𐍃	w i n d i s
𐍅𐌹𐌽𐌳𐍃	w i n d s
𐍅𐌹𐌽𐌳𐍉𐍃	w i n d oː s
𐍅𐌹𐌽𐍄𐍂𐌰𐌿	w i n t r ɔː
𐍅𐌹𐌽𐍄𐍂𐌹𐍅𐌴	w i n t r i w eː
𐍅𐌹𐌽𐍄𐍂𐌿	w i n t r u
𐍅𐌹𐌽𐍄𐍂𐌿𐌽𐍃	w i n t r u n s
𐍅𐌹𐌽𐍄𐍂𐌿𐍃	w i n t r u s
𐍅𐌹𐍃	w i s
𐍅𐌹𐍃𐌰𐌽	w i s a n
𐍅𐌹𐍄	w i t
𐍅𐌹𐍄𐌰𐌹	w i t ɛː
𐍅𐌹𐍄𐌰𐌹𐌳𐌰	w i t ɛː d a
𐍅𐌹𐍄𐌰𐌹𐌳𐌴𐌳𐌿𐌽	w i t ɛː d eː d u n
𐍅𐌹𐍄𐌰𐌹𐌸	w i t ɛː θ
𐍅𐌹𐍄𐌰𐌽	w i t a n
𐍅𐌹𐍄𐌰𐌽	w i t aː n
𐍅𐌹𐍄𐌰𐌽𐌳𐌰𐌽𐍃	w i t a n d a n s
𐍅𐌹𐍄𐌰𐌽𐌳𐌰𐌽𐍃	w i t aː n d a n s
𐍅𐌹𐍄𐌰𐌽𐌳𐌴𐌹	w i t a n d iː
𐍅𐌹𐍄𐌰𐌽𐌳𐌴𐌹	w i t aː n d iː
𐍅𐌹𐍄𐌰𐌽𐌳𐍃	w i t a n d s
𐍅𐌹𐍄𐌰𐌽𐌳𐍃	w i t aː n d s
𐍅𐌹𐍄𐍉𐌳𐌰𐌻𐌰𐌹𐍃𐌰𐍂𐌴𐌹𐍃	w i t oː ð a l ɛː s aː r iː s
𐍅𐌹𐍄𐍉𐌸	w i t oː θ
𐍅𐌿𐌻𐌸𐌿𐍃	w u l θ u s
𐍅𐌿𐌻𐌻𐌰	w u l l a
𐍅𐌿𐌻𐍆	w u l f
𐍅𐌿𐌻𐍆𐌴	w u l f eː
𐍅𐌿𐌻𐍆𐍃	w u l f s
𐍅𐌿𐌻𐍆𐍉𐍃	w u l f oː s
𐍅𐍂𐌹𐌸𐌿𐍃	w r i θ u s
𐍅𐍂𐍉𐌷𐌹𐌸𐍃	w r oː h i θ s
𐍅𐍂𐍉𐌷𐌾𐌰𐌽	w r oː h j a n
𐍅𐍉𐌳𐍃	w oː θ s
𐍅𐍉𐌸𐌴𐌹𐍃	w oː θ iː s
𐍆𐌰𐌹𐌰𐌽	f ɛː a n
𐍆𐌰𐌹𐌰𐌽𐌳𐌰	f a i a n d a
𐍆𐌰𐌹𐌰𐌽𐌳𐍃	f ɛː a n d s
𐍆𐌰𐌹𐌷𐌰𐌿	f ɛ h ɔː
𐍆𐌰𐌹𐌷𐌿	f ɛ h u
𐍆𐌰𐌹𐌷𐌿𐌲𐌴𐌹𐌲𐌰𐌹𐍃	f ɛ h u ɡ iː ɡ ɛː s
𐍆𐌰𐌹𐌷𐌿𐌲𐌴𐌹𐌲𐌰𐌽	f ɛ h u ɡ iː ɡ a n
𐍆𐌰𐌹𐌷𐌿𐌲𐌴𐌹𐍂𐍉	f ɛː h u ɣ iː r oː
𐍆𐌰𐌹𐌷𐌿𐌸𐍂𐌰𐌹𐌷𐌽𐌰	f ɛ h u θ r ɛː h n a
𐍆𐌰𐌹𐌷𐌿𐍃𐌺𐌿𐌻𐌰	f ɛ h u s k u l a
𐍆𐌰𐌹𐌷𐌿𐍃𐌺𐌿𐌻𐌰𐌽𐌴	f ɛ h u s k u l a n eː
𐍆𐌰𐌹𐍂𐌲𐍂𐌰𐌹𐍀	f ɛ r ɡ r ɛː p
𐍆𐌰𐌹𐍂𐌲𐍂𐌴𐌹𐍀𐌰𐌽	f ɛ r ɡ r iː p a n
𐍆𐌰𐌹𐍂𐌲𐍂𐌴𐌹𐍀𐌰𐌽𐌳𐍃	f ɛ r ɡ r iː p a n d s
𐍆𐌰𐌹𐍂𐌹𐌽𐍉	f ɛ r i n oː
𐍆𐌰𐌹𐍂𐌹𐌽𐍉𐌳𐌴𐌳𐌹	f ɛ r i n oː d eː d i
𐍆𐌰𐌹𐍂𐌹𐌽𐍉𐌸	f ɛ r i n oː θ
𐍆𐌰𐌹𐍂𐌹𐌽𐍉𐌽	f ɛ r i n oː n
𐍆𐌰𐌹𐍂𐌹𐌽𐍉𐌽𐌳𐌰𐌽𐍃	f ɛ r i n oː n d a n s
𐍆𐌰𐌹𐍂𐌹𐌽𐍉𐌽𐌳𐍃	f ɛ r i n oː n d s
𐍆𐌰𐌹𐍂𐌹𐌽𐍉𐍃	f ɛ r i n oː s
𐍆𐌰𐌹𐍂𐍂𐌹𐌽𐌽𐌰𐌽	f ɛ r r i n n a n
𐍆𐌰𐌹𐍂𐍂𐌹𐌽𐌽𐌰𐌽𐌳	f ɛ r r i n n a n d
𐍆𐌰𐌹𐍂𐍂𐌹𐌽𐌽𐌰𐌽𐌳𐌰𐌽𐍃	f ɛ r r i n n a n d a n s
𐍆𐌰𐌹𐍂𐍂𐌹𐌽𐌽𐌰𐌽𐌳𐌴𐌹𐌽	f ɛ r r i n n a n d iː n
𐍆𐌰𐌹𐍂𐍂𐌹𐌽𐌽𐌰𐌽𐌳𐍃	f ɛ r r i n n a n d s
𐍆𐌰𐌹𐍂𐍅𐌰𐌿𐍂𐌺𐌾𐌰𐌽	f ɛ r w ɔ r k j a n
𐍆𐌰𐌹𐍂𐍅𐌰𐌿𐍂𐌺𐌾𐌰𐌽𐌳	f ɛ r w ɔ r k j a n d
𐍆𐌰𐌹𐍂𐍈𐌰𐌿	f ɛ r ʍ ɔː
𐍆𐌰𐌹𐍂𐍈𐌰𐌿𐍃	f ɛ r ʍ ɔː s
𐍆𐌰𐌹𐍂𐍈𐌿	f ɛ r ʍ u
𐍆𐌰𐌹𐍂𐍈𐌿𐍃	f ɛ r ʍ u s
𐍆𐌰𐌿𐌷𐍉	f ɔ h oː
𐍆𐌰𐌿𐌷𐍉𐌽𐍃	f ɔ h oː n s
𐍆𐌰𐌿𐍂𐌰𐌲𐌰𐌷𐌿𐌲𐌹𐌳𐌰	f ɔ r a ɡ a h u ɡ i d a
𐍆𐌰𐌿𐍂𐌰𐌲𐌰𐌷𐌿𐌲𐌾𐌰𐌽	f ɔ r a ɡ a h u ɡ j a n
𐍆𐌰𐌿𐍂𐌰𐌲𐌰𐌻𐌴𐌹𐌺𐌰𐌹𐌳𐌰	f ɔ r a ɡ a l iː k ɛː d a
𐍆𐌰𐌿𐍂𐌰𐌲𐌰𐌻𐌴𐌹𐌺𐌰𐌽	f ɔ r a ɡ a l iː k aː n
𐍆𐌰𐌿𐍂𐌰𐌲𐌰𐌼𐌰𐌽𐍅𐌹𐌳𐌰	f ɔ r a ɡ a m a n w i d a
𐍆𐌰𐌿𐍂𐌰𐌲𐌰𐌼𐌰𐌽𐍅𐌾𐌰𐌹𐌽𐌰	f ɔ r a ɡ a m a n w j ɛː n a
𐍆𐌰𐌿𐍂𐌰𐌲𐌰𐌼𐌰𐌽𐍅𐌾𐌰𐌽	f ɔ r a ɡ a m a n w j a n
𐍆𐌰𐌿𐍂𐌰𐌲𐌰𐌼𐌴𐌻𐌹𐌳𐌰	f ɔ r a ɡ a m eː l i d a
𐍆𐌰𐌿𐍂𐌰𐌲𐌰𐌼𐌴𐌻𐌹𐌸	f ɔ r a ɡ a m eː l i θ
𐍆𐌰𐌿𐍂𐌰𐌲𐌰𐌼𐌴𐌻𐌹𐌸𐍃	f ɔ r a ɡ a m eː l i θ s
𐍆𐌰𐌿𐍂𐌰𐌲𐌰𐌼𐌴𐌻𐌾𐌰𐌽	f ɔ r a ɡ a m eː l j a n
𐍆𐌰𐌿𐍂𐌰𐌲𐌰𐍂𐌰𐌹𐍂𐍉𐌸	f ɔ r a ɡ a r ɛː r oː θ
𐍆𐌰𐌿𐍂𐌰𐌲𐌰𐍂𐌴𐌳𐌰𐌽	f ɔ r a ɡ a r eː d a n
𐍆𐌰𐌿𐍂𐌰𐌲𐌰𐍂𐌴𐌳𐌰𐌽𐌰𐌹	f ɔ r a ɡ a r eː d a n ɛː
𐍆𐌰𐌿𐍂𐌰𐌲𐌰𐍂𐌴𐌳𐌰𐌽𐍃	f ɔ r a ɡ a r eː d a n s
𐍆𐌰𐌿𐍂𐌰𐌲𐌰𐍃𐌰𐍄𐌾𐌰𐌽	f ɔ r a ɡ a s a t j a n
𐍆𐌰𐌿𐍂𐌰𐌲𐌰𐍃𐌰𐍄𐌾𐌹𐌸	f ɔ r a ɡ a s a t j i θ
𐍆𐌰𐌿𐍂𐌰𐌳𐌰𐌿𐍂𐌹	f ɔ r a d ɔ r i
𐍆𐌰𐌿𐍂𐌰𐌳𐌰𐌿𐍂𐌾𐌰	f ɔ r a d ɔ r j a
𐍆𐌰𐌿𐍂𐌰𐌵𐌹𐌼𐌰𐌽	f ɔ r a kʷ i m a n
𐍆𐌰𐌿𐍂𐌰𐌵𐌹𐌼𐌹𐌸	f ɔ r a kʷ i m i θ
𐍆𐌰𐌿𐍂𐌰𐌷𐌰𐌷	f ɔ r a h aː h
𐍆𐌰𐌿𐍂𐌰𐌹𐍃𐍄	f ɔ r a i s t
𐍆𐌰𐌿𐍂𐌰𐌼𐌰𐌸𐌻𐌾𐌰	f ɔː r a m a θ l j a
𐍆𐌰𐌿𐍂𐌰𐌼𐌰𐌸𐌻𐌾𐌴	f ɔː r a m a θ l j eː
𐍆𐌰𐌿𐍂𐌰𐌼𐌰𐌸𐌻𐌾𐍉𐍃	f ɔː r a m a θ l j oː s
𐍆𐌰𐌿𐍂𐌰𐌼𐌰𐌽𐍅𐌾𐌰𐌽	f ɔ r a m a n w j a n
𐍆𐌰𐌿𐍂𐌰𐌼𐌰𐌽𐍅𐌾𐌰𐌽𐌳𐌴𐌹	f ɔ r a m a n w j a n d iː
𐍆𐌰𐌿𐍂𐌰𐌼𐌰𐌽𐍅𐌾𐌰𐌽𐌳𐍃	f ɔ r a m a n w j a n d s
𐍆𐌰𐌿𐍂𐌰𐌼𐌴𐌻𐌹𐌸𐍃	f ɔ r a m eː l i θ s
𐍆𐌰𐌿𐍂𐌰𐌼𐌴𐌻𐌾𐌰𐌽	f ɔ r a m eː l j a n
𐍆𐌰𐌿𐍂𐌰𐍂𐌰𐌷𐌽𐌾𐌰𐌽	f ɔ r a r a h n j a n
𐍆𐌰𐌿𐍂𐌰𐍂𐌰𐌷𐌽𐌾𐌰𐌽𐌳𐌰𐌽𐍃	f ɔ r a r a h n j a n d a n s
𐍆𐌰𐌿𐍂𐌰𐍂𐌰𐌷𐌽𐌾𐌰𐌽𐌳𐍃	f ɔ r a r a h n j a n d s
𐍆𐌰𐌿𐍂𐌰𐍅𐌴𐌽𐌾𐌰𐌽	f ɔ r a w eː n j a n
𐍆𐌰𐌿𐍂𐌰𐍅𐌴𐌽𐌾𐌰𐌽𐌳𐌰𐌽𐍃	f ɔ r a w eː n j a n d a n s
𐍆𐌰𐌿𐍂𐌰𐍅𐌴𐌽𐌾𐌰𐌽𐌳𐍃	f ɔ r a w eː n j a n d s
𐍆𐌰𐌿𐍂𐌰𐍅𐌹𐍃𐌰𐌽	f ɔ r a w i s a n
𐍆𐌰𐌿𐍂𐌰𐍆𐌹𐌻𐌻𐌹	f ɔ r a f i l l i
𐍆𐌰𐌿𐍂𐌰𐍆𐌹𐌻𐌻𐌾𐌰	f ɔ r a f i l l j a
𐍆𐌰𐌿𐍂𐌰𐍆𐌹𐌻𐌻𐌾𐌹𐍃	f ɔ r a f i l l j i s
𐍆𐌰𐌿𐍂𐌱𐌹𐌲𐌰𐌲𐌲𐌰𐌽	f ɔ r b i ɡ a ŋ ɡ a n
𐍆𐌰𐌿𐍂𐌱𐌹𐌲𐌰𐌲𐌲𐌰𐌽𐌳𐍃	f ɔ r b i ɡ a ŋ ɡ a n d s
𐍆𐌰𐌿𐍂𐌱𐌹𐌲𐌰𐌲𐌲𐌹𐌸	f ɔ r b i ɡ a ŋ ɡ i θ
𐍆𐌰𐌿𐍂𐌱𐌹𐍃𐌽𐌹𐍅𐌰𐌽	f ɔ r b i s n i w a n
𐍆𐌰𐌿𐍂𐌱𐌹𐍃𐌽𐌹𐍅𐌰𐌽𐌳𐌴𐌹𐌽𐍃	f ɔ r b i s n i w a n d iː n s
𐍆𐌰𐌿𐍂𐌱𐌹𐍃𐌽𐌹𐍅𐌰𐌽𐌳𐍃	f ɔ r b i s n i w a n d s
𐍆𐌰𐌿𐍂𐌲𐌰𐌲𐌲𐌰𐌽	f ɔ r ɡ a ŋ ɡ a n
𐍆𐌰𐌿𐍂𐌲𐌰𐌲𐌲𐌰𐌽𐌳𐌰𐌽𐍃	f ɔ r ɡ a ŋ ɡ a n d a n s
𐍆𐌰𐌿𐍂𐌲𐌰𐌲𐌲𐌰𐌽𐌳𐌴𐌹𐌽	f ɔ r ɡ a ŋ ɡ a n d iː n
𐍆𐌰𐌿𐍂𐌲𐌰𐌲𐌲𐌰𐌽𐌳𐍃	f ɔ r ɡ a ŋ ɡ a n d s
𐍆𐌰𐌿𐍂𐌵𐌹𐌸𐌰	f ɔ r kʷ i θ a
𐍆𐌰𐌿𐍂𐌵𐌹𐌸𐌰𐌽	f ɔ r kʷ i θ a n
𐍆𐌰𐌿𐍂𐌵𐌹𐌸𐌰𐌽𐌰𐌽𐌰	f ɔ r kʷ i θ a n a n a
𐍆𐌰𐌿𐍂𐌵𐌹𐌸𐌰𐌽𐍃	f ɔ r kʷ i θ a n s
𐍆𐌰𐌿𐍂𐌷𐌰𐌷	f ɔ r h aː h
𐍆𐌰𐌿𐍂𐌸𐌹𐌶𐌴𐌹	f ɔ r θ i z iː
𐍆𐌰𐌿𐍂𐌸𐌹𐍃	f ɔ r θ i s
𐍆𐌰𐌿𐍂𐌻𐌰𐌲𐌹𐌳𐍉	f ɔ r l a ɡ i d oː
𐍆𐌰𐌿𐍂𐌻𐌰𐌲𐌹𐌸𐍃	f ɔ r l a ɡ i θ s
𐍆𐌰𐌿𐍂𐌻𐌰𐌲𐌾𐌰𐌹𐌳𐌰𐌿	f ɔ r l a ɡ j ɛː d ɔː
𐍆𐌰𐌿𐍂𐌻𐌰𐌲𐌾𐌰𐌽	f ɔ r l a ɡ j a n
𐍆𐌰𐌿𐍂𐌼𐌿𐌻𐌾𐌰𐌹𐍃	f ɔ r m uː l j ɛː s
𐍆𐌰𐌿𐍂𐌼𐌿𐌻𐌾𐌰𐌽	f ɔ r m uː l j a n
𐍆𐌰𐌿𐍂𐍂𐌹𐌽𐌽𐌰𐌽	f ɔ r r i n n a n
𐍆𐌰𐌿𐍂𐍂𐌹𐌽𐌽𐌰𐌽𐌳𐌹𐌽	f ɔ r r i n n a n d i n
𐍆𐌰𐌿𐍂𐍂𐌹𐌽𐌽𐌰𐌽𐌳𐍃	f ɔ r r i n n a n d s
𐍆𐌰𐌿𐍂𐍃𐌹𐌲𐌻𐌾𐌰𐌽	f ɔ r s i ɡ l j a n
𐍆𐌰𐌿𐍂𐍃𐌹𐌲𐌻𐌾𐌰𐌽𐌳𐌰𐌽𐍃	f ɔ r s i ɡ l j a n d a n s
𐍆𐌰𐌿𐍂𐍃𐌹𐌲𐌻𐌾𐌰𐌽𐌳𐍃	f ɔ r s i ɡ l j a n d s
𐍆𐌰𐌿𐍂𐍃𐌽𐌰𐌿	f ɔ r s n ɔː
𐍆𐌰𐌿𐍂𐍃𐌽𐌹𐍅𐌰𐌽	f ɔ r s n i w a n
𐍆𐌰𐌿𐍂𐍃𐌽𐌹𐍅𐌰𐌽𐌳𐌰𐌼	f ɔ r s n i w a n d a m
𐍆𐌰𐌿𐍂𐍃𐌽𐌹𐍅𐌰𐌽𐌳𐍃	f ɔ r s n i w a n d s
𐍆𐌰𐌿𐍂𐍃𐌽𐌹𐍅𐌹𐌸	f ɔ r s n i w i θ
𐍆𐌰𐌿𐍂𐍃𐍄𐌰𐍃𐍃𐌴𐌹𐍃	f ɔ r s t a s s iː s
𐍆𐌰𐌿𐍂𐍃𐍄𐌰𐍃𐍃𐌾𐌰𐌽𐍃	f ɔ r s t a s s j a n s
𐍆𐌰𐌿𐍂𐍅𐌰𐌹𐍀𐌾𐌰𐌹𐍃	f ɔ r w ɛː p j ɛː s
𐍆𐌰𐌿𐍂𐍅𐌰𐌹𐍀𐌾𐌰𐌽	f ɔ r w ɛː p j a n
𐍆𐌰𐌿𐍂𐍅𐌰𐌻𐍅𐌾𐌰𐌽	f ɔ r w a l w j a n
𐍆𐌰𐌿𐍂𐍅𐌰𐌻𐍅𐌾𐌰𐌽𐌳𐍃	f ɔ r w a l w j a n d s
𐍆𐌰𐍂𐌰𐌹𐌸	f a r ɛː θ
𐍆𐌰𐍂𐌰𐌽	f a r a n
𐍆𐌰𐍂𐌹𐌳𐌴𐌳𐌿𐌽	f a r i d eː d u n
𐍆𐌰𐍂𐌾𐌰𐌽	f a r j a n
𐍆𐌰𐍂𐌾𐌰𐌽𐌳𐌰𐌽𐍃	f a r j a n d a n s
𐍆𐌰𐍂𐌾𐌰𐌽𐌳𐍃	f a r j a n d s
𐍆𐌰𐍃𐍄𐌰𐌽	ɸ a s t aː n
𐍆𐌰𐍃𐍄𐌿𐌱𐌽𐌹	f a s t u b n i
𐍆𐌰𐍃𐍄𐌿𐌱𐌽𐌾𐌰	f a s t u b n j a
𐍆𐌰𐍃𐍄𐌿𐌱𐌽𐌾𐌰𐌼	f a s t u b n j a m
𐍆𐌴𐍄𐌾𐌰𐌽	f eː t j a n
𐍆𐌴𐍄𐌾𐌰𐌽𐌳𐌴𐌹𐌽𐍃	f eː t j a n d iː n s
𐍆𐌴𐍄𐌾𐌰𐌽𐌳𐍃	f eː t j a n d s
𐍆𐌹𐌲𐌲𐍂𐌰𐌲𐌿𐌻𐌸	f i ŋ ɡ r a ɡ u l θ
𐍆𐌹𐌳𐌿𐍂𐌳𐍉𐌲𐍃	f i d u r d oː ɡ s
𐍆𐌹𐌳𐌿𐍂𐍂𐌰𐌲𐌹𐌽𐌾𐌰	f i d u r r a ɡ i n j a
𐍆𐌹𐌳𐌿𐍂𐍆𐌰𐌻𐌸	f i d u r f a l θ
𐍆𐌹𐌳𐌿𐍂𐍆𐌰𐌻𐌸𐍃	f i d u r f a l θ s
𐍆𐌹𐌳𐍅𐍉𐍂	f i d w oː r
𐍆𐌹𐌳𐍅𐍉𐍂𐌹𐌼	f i d w oː r i m
𐍆𐌹𐌳𐍅𐍉𐍂𐍄𐌰𐌹𐌷𐌿𐌽	f i d w oː r t ɛ h u n
𐍆𐌹𐌻𐌴𐌲𐍂𐌹	f i l eː ɡ r i
𐍆𐌹𐌻𐌴𐌲𐍂𐌾𐌰	f i l eː ɡ r j a
𐍆𐌹𐌻𐌹𐌲𐍂𐌹	f i l i ɡ r i
𐍆𐌹𐌻𐌹𐌲𐍂𐌾𐌰	f i l i ɡ r j a
𐍆𐌹𐌻𐌹𐍀𐍀𐌿𐍃	ɸ i l i pː u s
𐍆𐌹𐌻𐌿	f i l u
𐍆𐌹𐌻𐌿𐌲𐌰𐌻𐌰𐌿𐌱𐌹𐍃	f i l u ɡ a l ɔː b i s
𐍆𐌹𐌻𐌿𐌲𐌰𐌻𐌰𐌿𐍆𐍃	f i l u ɡ a l ɔː f s
𐍆𐌹𐌻𐌿𐌳𐌴𐌹𐍃𐌴𐌹	f i l u d iː s iː
𐍆𐌹𐌻𐌿𐌳𐌴𐌹𐍃𐌴𐌹𐌽	f i l u d iː s iː n
𐍆𐌹𐌻𐌿𐍆𐌰𐌹𐌷𐍃	f i l u f ɛː h s
𐍆𐌹𐌻𐌿𐍆𐌰𐌹𐌷𐍉	f i l u f ɛː h oː
𐍆𐌹𐌼𐍆	f i m f
𐍆𐌹𐌼𐍆𐍄𐌰𐌹𐌷𐌿𐌽	f i m f t ɛ h u n
𐍆𐌹𐌼𐍆𐍄𐌰𐌹𐌷𐌿𐌽𐌹𐌼	f i m f t ɛ h u n i m
𐍆𐌹𐌼𐍆𐍄𐌰𐍄𐌰𐌹𐌷𐌿𐌽𐌳𐌰	f i m f t a t ɛ h u n d a
𐍆𐌹𐌼𐍆𐍄𐌰𐍄𐌰𐌹𐌷𐌿𐌽𐌳𐌹𐌽	f i m f t a t ɛ h u n d i n
𐍆𐌹𐌾𐌰𐌸𐍅𐌰	f i j a θ w a
𐍆𐌹𐌾𐌰𐌽	f i j a n
𐍆𐌹𐍃𐌺𐌰𐌼	f i s k a m
𐍆𐌹𐍃𐌺𐌰𐌽𐍃	f i s k a n s
𐍆𐌹𐍃𐌺𐌴	f i s k eː
𐍆𐌹𐍃𐌺𐍃	f i s k s
𐍆𐌹𐍃𐌺𐍉𐍃	f i s k oː s
𐍆𐌹𐍄𐌰	f i t a
𐍆𐌹𐍄𐌰𐌽	f i t a n
𐍆𐌹𐍄𐌰𐌽𐌳𐌴𐌹	f i t a n d iː
𐍆𐌹𐍄𐌰𐌽𐌳𐍃	f i t a n d s
𐍆𐌻𐌰𐌿𐍄𐌰𐌹	f l ɔː t ɛː
𐍆𐌻𐌰𐌿𐍄𐌴𐌹𐌸	f l ɔː t iː θ
𐍆𐌻𐌰𐌿𐍄𐌾𐌰𐌽	f l ɔː t j a n
𐍆𐌻𐌰𐌿𐍄𐍃	f l ɔː t s
𐍆𐌻𐍉𐌺𐌰𐌽	ɸ l oː k a n
𐍆𐌿𐌲𐌻𐌰𐌼	f u ɡ l a m
𐍆𐌿𐌲𐌻𐍃	f u ɡ l s
𐍆𐌿𐌲𐌻𐍉𐍃	f u ɡ l oː s
𐍆𐌿𐌻𐌰	f u l a
𐍆𐌿𐌻𐌰𐌽	f u l a n
𐍆𐌿𐌻𐌹𐌽	f u l i n
𐍆𐌿𐌻𐌻𐌰𐍄𐍉𐌾𐌰𐌹	f u l l a t oː j ɛː
𐍆𐌿𐌻𐌻𐌰𐍄𐍉𐌾𐌹𐍃	f u l l a t oː j i s
𐍆𐌿𐌻𐌻𐌰𐍅𐌴𐌹𐍃	f u l l a w iː s
𐍆𐌿𐌻𐌻𐌰𐍅𐌴𐌹𐍃𐌰𐌹	f u l l a w iː s ɛː
𐍆𐌿𐌻𐌻𐌰𐍅𐌹𐍄𐌰𐌽	f u l l a w i t a n
𐍆𐌿𐌻𐌻𐌰𐍅𐌹𐍄𐌰𐌽𐍃	f u l l a w i t a n s
𐍆𐌿𐌻𐌻𐌰𐍅𐌹𐍄𐍃	f u l l a w i t s
𐍆𐌿𐌻𐌻𐌰𐍆𐌰𐌷𐌹𐌳𐌰	f u l l a f a h i d a
𐍆𐌿𐌻𐌻𐌰𐍆𐌰𐌷𐌾𐌰𐌹𐍃	f u l l a f a h j ɛː s
𐍆𐌿𐌻𐌻𐌰𐍆𐌰𐌷𐌾𐌰𐌽	f u l l a f a h j a n
𐍆𐌿𐌻𐌻𐌰𐍆𐍂𐌰𐌸𐌾𐌰𐌼	f u l l a f r a θ j a m
𐍆𐌿𐌻𐌻𐌰𐍆𐍂𐌰𐌸𐌾𐌰𐌽	f u l l a f r a θ j a n
𐍆𐌿𐌻𐌻𐌹𐌸	f u l l i θ
𐍆𐌿𐌻𐌻𐌹𐌸𐌴	f u l l i θ eː
𐍆𐌿𐌻𐌻𐌹𐌸𐍃	f u l l i θ s
𐍆𐌿𐌻𐌻𐌽𐌰𐌽	ɸ u l l n a n
𐍆𐌿𐌽𐌹𐌽	f u n i n
𐍆𐌿𐌽𐌹𐌽𐍃	f u n i n s
𐍆𐌿𐌽𐌹𐍃𐌺𐍃	f u n i s k s
𐍆𐌿𐌽𐌹𐍃𐌺𐍉𐍃	f u n i s k oː s
𐍆𐍂𐌰𐌰𐍄𐌾𐌰𐌽	f r a a t j a n
𐍆𐍂𐌰𐌰𐍄𐌾𐌰𐌿	f r a a t j ɔː
𐍆𐍂𐌰𐌱𐌰𐌹𐍂𐌰𐌽	ɸ r a b ɛ r a n
𐍆𐍂𐌰𐌲𐌹𐌻𐌳𐌰𐌽	ɸ r a ɣ i l d a n
𐍆𐍂𐌰𐌲𐌹𐍆𐍄𐍃	ɸ r a ɣ i ɸ t s
𐍆𐍂𐌰𐌵𐌹𐌼𐌰𐌽	f r a kʷ i m a n
𐍆𐍂𐌰𐌵𐌹𐍃𐍄𐌹𐌳𐌰	f r a kʷ i s t i d a
𐍆𐍂𐌰𐌵𐌹𐍃𐍄𐌹𐌳𐌰𐌹	f r a kʷ i s t i d ɛː
𐍆𐍂𐌰𐌵𐌹𐍃𐍄𐌹𐌸𐍃	f r a kʷ i s t i θ s
𐍆𐍂𐌰𐌵𐌹𐍃𐍄𐌽𐌰𐌼	f r a kʷ i s t n a m
𐍆𐍂𐌰𐌷𐌹𐌽𐌸𐌰𐌽	f r a h i n θ a n
𐍆𐍂𐌰𐌷𐌹𐌽𐌸𐌰𐌽𐌳𐌰𐌽𐍃	f r a h i n θ a n d a n s
𐍆𐍂𐌰𐌷𐌹𐌽𐌸𐌰𐌽𐌳𐍃	f r a h i n θ a n d s
𐍆𐍂𐌰𐌷𐌹𐌽𐌸𐌰𐌽𐌳𐍉	f r a h i n θ a n d oː
𐍆𐍂𐌰𐌷𐌿𐌷	f r a h u h
𐍆𐍂𐌰𐌷𐌿𐌽𐌸𐌰𐌽𐌰	f r a h u n θ a n a
𐍆𐍂𐌰𐌷𐌿𐌽𐌸𐌰𐌽𐌰𐌹𐌼	f r a h u n θ a n ɛː m
𐍆𐍂𐌰𐌷𐌿𐌽𐌸𐌰𐌽𐍃	f r a h u n θ a n s
𐍆𐍂𐌰𐌸𐌾𐌰𐌹𐌳𐌰𐌿	f r a θ j ɛː d ɔː
𐍆𐍂𐌰𐌸𐌾𐌰𐌽	f r a θ j a n
𐍆𐍂𐌰𐌹𐌷𐌽𐌰𐌽	ɸ r ɛ x n a n
𐍆𐍂𐌰𐌹𐍄𐌰𐌽	f r a i t a n
𐍆𐍂𐌰𐌹𐍄𐌹𐌸	f r a i t i θ
𐍆𐍂𐌰𐌺𐌰𐌽𐍄	f r a k a n t
𐍆𐍂𐌰𐌺𐌿𐌽𐌽𐌰𐌽𐌳𐌰𐌽𐍃	f r a k u n n a n d a n s
𐍆𐍂𐌰𐌺𐌿𐌽𐌽𐌰𐌽𐌳𐍃	f r a k u n n a n d s
𐍆𐍂𐌰𐌻𐌿𐍃𐍄	f r a l u s t
𐍆𐍂𐌰𐌻𐌿𐍃𐍄𐌰𐌹	f r a l u s t ɛː
𐍆𐍂𐌰𐌻𐌿𐍃𐍄𐌰𐌹𐍃	f r a l u s t ɛː s
𐍆𐍂𐌰𐌻𐌿𐍃𐍄𐍃	f r a l u s t s
𐍆𐍂𐌰𐌼	ɸ r a m
𐍆𐍂𐌰𐌼𐌰𐌸𐌹𐌳𐌰𐌽𐍃	f r a m a θ i d a n s
𐍆𐍂𐌰𐌼𐌰𐌸𐌹𐌸𐍃	f r a m a θ i θ s
𐍆𐍂𐌰𐌼𐌰𐌸𐌾𐌰𐌽	f r a m a θ j a n
𐍆𐍂𐌰𐌼𐌰𐌻𐌳𐍂𐌰	f r a m a l d r a
𐍆𐍂𐌰𐌼𐌰𐌻𐌳𐍂𐍃	f r a m a l d r s
𐍆𐍂𐌰𐌼𐌰𐌻𐌳𐍂𐍉𐌶𐌰	f r a m a l d r oː z a
𐍆𐍂𐌰𐌼𐌰𐌻𐌳𐍂𐍉𐌶𐌴𐌹	f r a m a l d r oː z iː
𐍆𐍂𐌰𐌼𐌹𐍃	f r a m i s
𐍆𐍂𐌰𐌼𐌿𐌷	f r a m u h
𐍆𐍂𐌰𐌼𐍅𐌰𐌹𐍂𐌸𐌹𐍃	f r a m w ɛ r θ i s
𐍆𐍂𐌰𐌼𐍅𐌹𐌲𐌹𐍃	f r a m w i ɡ i s
𐍆𐍂𐌰𐌽𐌹𐌼𐌰	f r a n i m a
𐍆𐍂𐌰𐌽𐌹𐌼𐌰𐌽	f r a n i m a n
𐍆𐍂𐌰𐌿𐌾𐌰	f r ɔː j a
𐍆𐍂𐌰𐍂𐌹𐌽𐌽𐌰𐌽	f r a r i n n a n
𐍆𐍂𐌰𐍅𐌰𐍂𐌳𐌹𐌳𐌰𐌹𐌶𐌴	f r a w a r d i d ɛː z eː
𐍆𐍂𐌰𐍅𐌰𐍂𐌳𐌹𐌸𐍃	f r a w a r d i θ s
𐍆𐍂𐌰𐍅𐌹𐌻𐍅𐌰𐌽	f r a w i l w a n
𐍆𐍂𐌰𐍅𐌹𐍃𐌰𐌽	f r a w i s a n
𐍆𐍂𐌰𐍅𐌿𐌻𐍅𐌰𐌽𐌰𐌽𐌰	f r a w u l w a n a n a
𐍆𐍂𐌰𐍅𐌿𐌻𐍅𐌰𐌽𐍃	f r a w u l w a n s
𐍆𐍂𐌰𐍅𐍂𐌴𐌺𐌿𐌽	f r a w r eː k u n
𐍆𐍂𐌰𐍅𐍂𐌹𐌺𐌰𐌽	f r a w r i k a n
𐍆𐍂𐌰𐍅𐍂𐍉𐌷𐌹𐌸𐍃	f r a w r oː h i θ s
𐍆𐍂𐌰𐍅𐍂𐍉𐌷𐌾𐌰𐌽	f r a w r oː h j a n
𐍆𐍂𐌴𐌹𐌳𐌹𐌳𐌰	f r iː d i d a
𐍆𐍂𐌴𐌹𐌳𐌾𐌰	f r iː d j a
𐍆𐍂𐌴𐌹𐌳𐌾𐌰𐌹	f r iː d j ɛː
𐍆𐍂𐌴𐌹𐌳𐌾𐌰𐌽	f r iː d j a n
𐍆𐍂𐌴𐌹𐌳𐌾𐌰𐌽𐌳𐍃	f r iː d j a n d s
𐍆𐍂𐌴𐍄	f r eː t
𐍆𐍂𐌴𐍄𐌿𐌽	f r eː t u n
𐍆𐍂𐌹𐌰𐌸𐍅𐌰𐌼𐌹𐌻𐌳𐌴𐌹𐍃	f r i j a θ w a m i l d iː s
𐍆𐍂𐌹𐌰𐌸𐍅𐌰𐌼𐌹𐌻𐌳𐌾𐌰𐌹	f r i a θ w a m i l d j ɛː
𐍆𐍂𐌹𐌾𐌰𐌸𐍅𐌰	f r i j a θ w a
𐍆𐍂𐌹𐌾𐍉𐌽	f r i j oː n
𐍆𐍂𐌹𐌿𐍃	f r i u̯ s
𐍆𐍂𐌹𐌿𐍃𐌰	f r i u̯ s a
𐍆𐍂𐌿𐌼𐌰	f r u m a
𐍆𐍂𐌿𐌼𐌰𐌳𐌴𐌹	f r u m a d iː
𐍆𐍂𐌿𐌼𐌰𐌳𐌴𐌹𐌽	f r u m a d iː n
𐍆𐍂𐌿𐌼𐌰𐌽	f r u m a n
𐍆𐍂𐌿𐌼𐌰𐌽𐍃	f r u m a n s
𐍆𐍂𐌿𐌼𐌴𐌹	f r u m iː
𐍆𐍂𐌿𐌼𐌴𐌹𐌽	f r u m iː n
𐍆𐍂𐌿𐌼𐌹𐌽	f r u m i n
𐍆𐍂𐌿𐌼𐌹𐍃𐍄	f r u m i s t
𐍆𐍂𐌿𐌼𐌹𐍃𐍄𐌰	f r u m i s t a
𐍆𐍂𐌿𐌼𐌹𐍃𐍄𐌰𐌼	f r u m i s t a m
𐍆𐍂𐌿𐌼𐌹𐍃𐍄𐌰𐌼𐌼𐌰	f r u m i s t a m m a
𐍆𐍂𐌿𐌼𐌹𐍃𐍄𐌰𐌽𐍃	f r u m i s t a n s
𐍆𐍂𐌿𐌼𐌹𐍃𐍄𐌹	f r u m i s t i
𐍆𐍂𐌿𐌼𐌹𐍃𐍄𐌹𐌽	f r u m i s t i n
𐍆𐍂𐌿𐌼𐌹𐍃𐍄𐌾𐌰	f r u m i s t j a
𐍆𐍂𐌿𐌼𐌹𐍃𐍄𐌾𐌰𐌼	f r u m i s t j a m
𐍆𐍂𐌿𐌼𐌹𐍃𐍄𐍃	f r u m i s t s
𐍆𐍂𐌿𐌼𐌹𐍃𐍄𐍉𐌽	f r u m i s t oː n
𐍆𐍂𐌿𐌼𐍉	f r u m oː
𐍆𐍂𐍉𐌸𐍃	ɸ r oː θ s
𐍆𐍉𐌳𐍂	f oː d r
𐍆𐍉𐌽	f oː n
𐍈𐌰𐌳𐍂𐌴	ʍ a d r eː
𐍈𐌰𐌸	ʍ a θ
𐍈𐌰𐌸𐌰𐍂	ʍ a θ a r
𐍈𐌰𐌹𐍂𐌱𐌰𐌽	ʍ ɛ r b a n
𐍈𐌰𐌹𐍂𐌱𐌰𐌽𐌳𐌰𐌽𐌴	ʍ ɛ r b a n d a n eː
𐍈𐌰𐌹𐍂𐌱𐌰𐌽𐌳𐌰𐌽𐍃	ʍ ɛ r b a n d a n s
𐍈𐌰𐌹𐍂𐌱𐌰𐌽𐌳𐍃	ʍ ɛ r b a n d s
𐍈𐌰𐌹𐍄𐌴𐌹𐍃	ʍ ɛː t iː s
𐍈𐌰𐌽	ʍ a n
𐍈𐌰𐌽𐌿𐌷	ʍ a n u h
𐍈𐌰𐌽𐍉𐌷	ʍ a n oː h
𐍈𐌰𐍂	ʍ a r
𐍈𐌰𐍂𐌾𐌹𐍃	ʍ a r j i s
𐍈𐌰𐍃	ʍ a s
𐍈𐌴	ʍ eː
𐍉𐌲𐌰𐌽	oː ɣ a n
