'ya	j̰ áː
'yar	j̰ ɛ́ r
a'ishatu	ʔ áː ʔ ɪ̀ ʃ ə́ t ɪ̀
abacada	ʔ àː b àː t͡ʃ àː d âː
abada	ʔ à b ə̀ d âː
abarba	ʔ à b à ɽ b áː
abdu	ʔ á b d ɪ̀
abdulhamid	ʔ à b d ɪ̀ l h à m ɪ̂ d
abdullahi	ʔ à b d ɪ̀ l l áː h ɪ̀
abdulƙadir	ʔ à b d ɪ̀ l kʼ áː d ɪ̀ r
abdurrahim	ʔ à b d ɪ̀ r r ə̀ h ɪ̂ ŋ
abdussalamu	ʔ à b d ɪ̀ s s ə̀ l áː m ʊ̀
abjadi	ʔ á b d͡ʒ ə̀ d íː
aboki	ʔ à b óː c íː
abu	ʔ à b ʊ̀
abubakar	ʔ à b úː b ə́ k à r
acca	ʔ á t t͡ʃ àː
adabi	ʔ á d ə̀ b íː
adabo	ʔ á d àː b óː
adadi	ʔ á d ə̀ d íː
adam	ʔ á d à ŋ
adamu	ʔ àː d ə̀ m ʊ́
adawa	ʔ à d áː w àː
addini	ʔ à d d íː n ìː
addu'a	ʔ à d d ɪ́ ʔ àː
adire	ʔ à d ɪ̀ r é
aduwa	ʔ á d ʊ́ w àː
afirka	ʔ á ɸ ɪ́ r k ə̀
afrilu	ʔ à ɸ r íː l ɪ̀
agade	ʔ à ɡ ə̀ d è
agogo	ʔ à ɡʷ óː ɡʷ ó
agola	ʔ á ɡʷ òː l ə̀
agushi	ʔ à ɡʷ ʊ́ ʃ íː
agusta	ʔ à ɡʷ ʊ́ s t àː
agwado	ʔ à ɡʷ àː d óː
agwagwa	ʔ à ɡʷ àː ɡʷ áː
ahmad	ʔ áː m à d
aibi	ʔ á i b ɪ̀
aibu	ʔ á i b ʊ̀
ailan	ʔ á i l à ŋ
ainun	ʔ á i n ɪ̀ ŋ
ajali	ʔ á d͡ʒ ə̀ l íː
ajami	ʔ à d͡ʒ ə̀ m ɪ́
ajuza	ʔ à d͡ʒ úː z àː
akala	ʔ á k àː l ə̀
akara	ʔ à k ə̀ ɽ ə̀
akasidan	ʔ á k ə́ s ɪ̀ d â ŋ
akawal	ʔ á k ə́ w à l
akawali	ʔ á k ə́ w ə̀ l íː
akawu	ʔ à k àː w ʊ́
akushi	ʔ á kʷ ʊ̀ ʃ íː
akuya	ʔ à kʷ í j àː
akwasa	ʔ á kʷ ə́ s áː
akwati	ʔ à kʷ àː t ɪ̀
al'ada	ʔ à l ʔ áː d àː
al'ajabi	ʔ à l ʔ á d͡ʒ ə̀ b íː
al'amari	ʔ à l ʔ á m ə̀ r íː
al'aura	ʔ à l ʔ á u r àː
al'umma	ʔ à l ʔ ʊ́ m m àː
alabe	ʔ à l ə́ b èː
alade	ʔ à l ə́ d èː
alama	ʔ à l áː m àː
alaramma	ʔ á l ə̀ r á m m ə̀
alatu	ʔ áː l áː t ɪ̀
alawa	ʔ à l áː w àː
albaras	ʔ à l b ə́ r à s
albarka	ʔ à l b á r k àː
albarushi	ʔ à l b ə̀ r úː ʃ ìː
albasa	ʔ à l b ə́ s àː
albishir	ʔ à l b ɪ́ ʃ ɪ̀ r
alfadari	ʔ à l ɸ ə́ d ə́ r íː
alfahari	ʔ à l ɸ ə́ h à r íː
alfijir	ʔ à l ɸ ɪ́ d͡ʒ ɪ̀ r
algaita	ʔ à l ɡ é i t àː
algashi	ʔ á l ɡ ə̀ ʃ íː
alhaji	ʔ à l h á d͡ʒ íː
alhaki	ʔ à l h á c íː
alhali	ʔ à l h áː l íː
alhamdulillahi	ʔ à l h á m d ɪ̀ l ɪ̀ l l áː h ɪ̀
alhamis	ʔ à l h à m ɪ̂ s
alhanzir	ʔ à l h à n z ɪ̂ r
alheri	ʔ à l h éː r ìː
alhudahuda	ʔ à l h ʊ́ d ə̀ h ʊ́ d ə̀
ali	ʔ à l ɪ́
alif	ʔ á l ɪ̀ ɸ
aljabara	ʔ à l d͡ʒ ə́ b ə́ r àː
aljan	ʔ à l d͡ʒ á ŋ
aljani	ʔ à l d͡ʒ ə́ n íː
aljanna	ʔ à l d͡ʒ á n n àː
alkadari	ʔ à l k ə́ d ə̀ r íː
alkali	ʔ à l k áː l íː
alkama	ʔ à l k ə́ m àː
alkarya	ʔ à l k á r j àː
alkawari	ʔ à l k ə́ w ə̀ r íː
alkyabba	ʔ à l c ɛ́ b b àː
allah	ʔ á l l àː
allura	ʔ à l l úː r àː
almajiri	ʔ à l m áː d͡ʒ ɪ̀ r íː
almakashi	ʔ à l m ə́ k ə̀ ʃ íː
almasihu	ʔ à l m ə̀ s íː h ʊ̀
altine	ʔ à l t ɪ̀ n é
alwala	ʔ à l w ə̀ l áː
alƙahira	ʔ à l kʼ áː h ɪ̀ r ə́
alƙalami	ʔ à l kʼ ə́ l ə̀ m íː
alƙali	ʔ à l kʼ áː l íː
alƙur'ani	ʔ à l kʷʼ ʊ̀ r ʔ áː n ìː
amalanke	ʔ á m áː l ɛ́ ɲ c é
amale	ʔ á m áː l è
amana	ʔ à m áː n àː
amarya	ʔ á m á ɽ j áː
amawali	ʔ á m áː w ə̀ l íː
amin	ʔ àː m ɪ́ ŋ
amina	ʔ á m íː n ə̀
amini	ʔ à m íː n ìː
amirka	ʔ á m ɪ̀ r k ə̀
amma	ʔ à m m áː
amsa	ʔ á m s àː
amurka	ʔ á m ʊ̀ r k ə̀
anabi	ʔ á n ə̀ b íː
anaca	ʔ à n ə̀ t͡ʃ ə̀
ango	ʔ á ŋ ɡʷ ò
anini	ʔ à n íː n íː
ankara	ʔ á ŋ k ə̀ r ə̀
annabi	ʔ à n n ə́ b ìː
annoba	ʔ à n n òː b áː
annuri	ʔ à n n úː r ìː
anta	ʔ á n t àː
ar	ʔ á r
arabiyya	ʔ à r ə̀ b ɪ́ j j àː
aradu	ʔ à r áː d ɪ̀
arba'in	ʔ à r b ə̀ ʔ ɪ́ ŋ
arewa	ʔ á ɽ èː w ə́
arziki	ʔ á r z ɪ̀ c íː
asabar	ʔ à s ə́ b à r
asabari	ʔ á s ə́ b ə̀ r íː
asabe	ʔ à s ə̀ b é
asali	ʔ á s ə́ l íː
asara	ʔ à s áː r àː
asawaki	ʔ à s ə́ w àː c íː
asham	ʔ á ʃ á ŋ
ashana	ʔ à ʃ áː n áː
ashirin	ʔ à ʃ ɪ̀ r ɪ́ ŋ
asibiti	ʔ á s ɪ̀ b ɪ́ t ɪ̀
asiri	ʔ à s íː r íː
asiya	ʔ áː s ɪ́ j ɛ̀
aske	ʔ á s c èː
asuba	ʔ à s ɪ̀ b âː
asubahi	ʔ à s ɪ̀ b áː h ɪ̀
attajiri	ʔ à t t áː d͡ʒ ɪ̀ r íː
attaura	ʔ à t t á u r áː
audu	ʔ á u d ɪ̀
auduga	ʔ á u d ɪ̀ ɡ áː
aure	ʔ á u ɽ éː
awa	ʔ á w àː
awaza	ʔ à w ə́ z àː
aya	ʔ áː j àː
ayaba	ʔ ɛ̀ j ɛ̀ b ə̀
ayari	ʔ áː j ɛ̀ r íː
azaba	ʔ à z áː b àː
azahar	ʔ à z ə́ h à r
azahariyya	ʔ à z ə̀ h à r ɪ́ j j àː
azumi	ʔ á z ɪ̀ m íː
azumi	ʔ á z ɪ̀ m ɪ́
azurfa	ʔ á z ɪ̀ r ɸ áː
azzakari	ʔ à z z ə́ k ə̀ r íː
aƙalla	ʔ à kʼ á l l ə̀
aƙida	ʔ à cʼ íː d àː
ba'askare	b ə̀ ʔ á s k ə́ r èː
baba	b àː b áː
baba	b àː b ə́
baba	b áː b áː
baba	b áː b ə̀
babba	b à b b ə́
babur	b àː b ʊ́ r
bado	b ə́ d òː
badun	b àː d ɪ̀ ŋ
baffa	b á ɸ ɸ ə̀
bafilatani	b ə̀ ɸ ɪ́ l áː t ə̀ n íː
bafillace	b ə̀ ɸ ɪ́ l l áː t͡ʃ èː
bagadaza	b ə̀ ɡ ə̀ d áː z ə̀
bagwari	b ə̀ ɡʷ áː ɽ íː
bahar	b ə́ h à r
bahaushe	b ə̀ h á u ʃ èː
bahili	b ə̀ h íː l ìː
baho	b áː h òː
baibai	b è i b ê i
baiti	b é i t ìː
baitulmali	b è i t ɪ̀ l m áː l ɪ̀
baiwa	b ê i w áː
baiwa	b ê i w ə́
bajau	b ə́ d͡ʒ á u
bajo	b áː d͡ʒ òː
baka	b ə̀ k áː
baka	b ə́ k ə̀
baki	b àː c íː
bakwai	b ə́ kʷ è i
bal	b â l
bala'i	b ə̀ l áː ʔ ìː
balaraba	b ə̀ l áː r ə́ b ə̀
balarabe	b ə̀ l áː r ə́ b è
balarabe	b ə̀ l áː r ə́ b èː
balas	b ə́ l à s
bana	b ə́ n ə́
banda	b à n d áː
banga	b à ŋ ɡ áː
bango	b á ŋ ɡʷ óː
bappa	b á p p ə̀
bara	b àː r áː
bara	b àː ɽ ə́
bara	b ə́ r àː
bara	b ə́ ɽ àː
bararo	b ə̀ r ə̀ r óː
barau	b ə̀ ɽ á u
barbarci	b á ɽ b á ɽ t͡ʃ íː
barewa	b ə̀ ɽ éː w áː
bargo	b à r ɡʷ óː
barka	b á r k àː
barkono	b à r kʷ òː n óː
barno	b à r n ó
bas	b â s
basakkwace	b ə̀ s á kʷ kʷ ə́ t͡ʃ èː
basasa	b áː s áː s àː
basukur	b áː s ɪ́ kʷ ʊ̀ r
batir	b áː t ɪ̀ r
batta	b á t t àː
bature	b ə̀ t úː r èː
bauta	b à u t áː
bawa	b áː w àː
bawa	b áː w ə̀
baya	b áː j áː
baya	b áː j ɛ́
bayan	b áː j ɛ́ ŋ
baƙi	b ə́ cʼ íː
baƙo	b àː kʷʼ ó
bedi	b éː d ìː
bel	b á l
bello	b á l l ò
bici	b ɪ́ t͡ʃ ɪ̀
bidi'a	b ɪ́ d ɪ́ ʔ àː
bif	b ɪ̂ p
bika	b ɪ̀ k áː
bil	b ɪ̂ l
bindi	b ɪ́ n d ìː
bindiga	b ɪ́ n d ɪ́ ɡ àː
bini	b ìː n ɪ́
binta	b ɪ́ n t ə̀
binuwai	b ɪ́ n ʊ́ w è i
birgediya	b ɪ̀ r ɟ éː d ɪ́ j àː
birjik	b ɪ̀ r d͡ʒ ɪ́ k
birni	b ɪ́ r n íː
birtaniya	b ɪ̀ r t áː n ɪ́ j ɛ̀
bisa	b ɪ́ s áː
bishiya	b ɪ́ ʃ ɪ́ j àː
bisimilla	b ɪ̀ s ɪ́ m ɪ́ l l àː
bisimillahi	b ɪ̀ s ɪ́ m ɪ̀ l l áː h ìː
biya	b ɪ́ j ɛ̀
biyar	b ɪ̀ j ɛ́ r
biyu	b ɪ́ j ʊ́
biza	b íː z àː
boca	b óː t͡ʃ àː
boko	b óː kʷ òː
bonono	b òː n òː n òː
bora	b óː ɽ àː
bori	b òː ɽ íː
bosniya	b ɔ́ s n ɪ́ j ɛ̀
boyi	b òː j ɪ́
boɗoɗo	b òː ɗ òː ɗ òː
budurwa	b ʊ̀ d ɪ́ ɽ w áː
buguzunzum	b ʊ̀ ɡʷ ʊ̀ z ɪ̀ n z ɪ̀ m
bukka	b ʊ́ k k àː
bura	b úː ɽ áː
buroka	b ʊ̀ r óː k àː
burɗunɗun	b ʊ̀ r ɗ ɪ̀ n ɗ ɪ̀ ŋ
buta	b úː t àː
buƙwi	b ʊ̀ kʷʼ íː
buɗuɗu	b ʊ́ ɗ ɪ́ ɗ ɪ́
ca	t͡ʃ áː
ca	t͡ʃ âː
cadi	t͡ʃ áː d ɪ̀
caka	t͡ʃ ə̀ k áː
caka	t͡ʃ ə́ k ə́
calawa	t͡ʃ áː l áː w áː
cali	t͡ʃ àː l ɪ́
cali	t͡ʃ áː l íː
canko	t͡ʃ à ŋ kʷ óː
casa'in	t͡ʃ ə̀ s ə̀ ʔ ɪ́ ŋ
cata	t͡ʃ áː t àː
caɓaɓa	t͡ʃ ə́ ɓ ə́ ɓ ə́
ci	t͡ʃ ɪ́
cibi	t͡ʃ íː b ìː
cibi	t͡ʃ ɪ́ b íː
cif	t͡ʃ ɪ́ p
cif	t͡ʃ ɪ̂ ɸ
ciki	t͡ʃ ɪ́ c ìː
ciki	t͡ʃ ɪ́ c ɪ́
cindo	t͡ʃ ɪ́ n d òː
cir	t͡ʃ ɪ̂ r
ciroma	t͡ʃ ɪ́ r òː m ə̀
citta	t͡ʃ ɪ̀ t t ə́
citta	t͡ʃ ɪ́ t t ə̀
ciwo	t͡ʃ íː w òː
coci	t͡ʃ óː t͡ʃ ɪ̀
coi	t͡ʃ ó ɪ́
cokali	t͡ʃ óː k ə̀ l íː
cuku	t͡ʃ ɪ́ kʷ úː
cukwi	t͡ʃ ɪ́ kʷ íː
cuna	t͡ʃ úː n àː
cura	t͡ʃ úː ɽ àː
curi	t͡ʃ úː ɽ ìː
cwai	t͡ʃʷ é i
da'awa	d ə̀ ʔ à w áː
da'ira	d áː ʔ ɪ̀ r áː
dabba	d á b b àː
dabino	d ə́ b íː n òː
dabo	d ə́ b òː
daddawa	d à d d ə́ w áː
daftari	d á ɸ t ə̀ r íː
daga	d áː ɡ áː
daga	d ə́ ɡ áː
dage	d ə́ ɟ éː
dahir	d áː h ɪ̀ r
daimon	d é i m ɔ̀ ŋ
daina	d é i n àː
dala	d àː l ə́
dala	d ə́ l àː
dalili	d ə̀ l íː l ìː
damagaram	d ə̀ m ə́ ɡ ə̀ r á ŋ
dambe	d á m b é
dambu	d á m b úː
damisa	d àː m ɪ́ s àː
danana	d ə́ n ə́ n ə́
danda	d à n d ə́
dandali	d á n d ə̀ l íː
danga	d á ŋ ɡ áː
dankali	d à ŋ k ə́ l ìː
daraja	d ə́ r ə́ d͡ʒ àː
darasi	d ə́ r ə̀ s íː
dari	d ə́ ɽ ìː
darma	d á r m àː
darni	d à r n íː
datti	d à t t ɪ́
dattijo	d á t t íː d͡ʒ ò
dau	d à u
dauda	d á u d àː
daula	d á u l àː
daura	d à u ɽ áː
dawa	d áː w àː
dawa	d ə́ w ə̀
daƙashi	d ə́ kʼ ə̀ ʃ íː
daƙiƙa	d ə̀ cʼ íː kʼ àː
daƙiƙi	d ə̀ cʼ íː cʼ ìː
di'o	d íː ʔ òː
diflomasiyya	d ɪ̀ ɸ l òː m ə̀ s ɪ́ j j àː
diga	d ɪ́ ɡ àː
dimokuraɗiyya	d ɪ̀ m ò kʷ ʊ̀ ɽ ə̀ ɗ ɪ́ j j àː
dina	d ɪ́ n àː
dinari	d íː n áː r ìː
dinya	d ɪ́ ɲ j áː
disamba	d ɪ̀ s á m b àː
diwani	d íː w áː n ìː
diyya	d ɪ́ j j àː
dogara	d òː ɡ ə́ ɽ àː
dogara	d òː ɡ ə́ ɽ ə̀
dogarai	d òː ɡ ə̀ ɽ é i
dogari	d òː ɡ ə́ ɽ ìː
dogo	d óː ɡʷ ó
dogo	d óː ɡʷ óː
doki	d óː c ìː
dokta	d ɔ́ k t àː
dorina	d òː ɽ ɪ́ n áː
dososo	d òː s òː s òː
du'a'i	d ɪ́ ʔ áː ʔ ìː
dubu	d ɪ́ b úː
dukiya	d úː c ɪ̀ j áː
dukuku	d ɪ̀ kʷ ʊ̀ kʷ ʊ̀
duma	d ɪ́ m àː
duma	d ɪ́ m áː
dumɓu	d ɪ́ m ɓ úː
duna	d úː n àː
duniya	d úː n ɪ́ j àː
duri	d úː ɽ ìː
duros	d ɪ̀ r â s
dutse	d úː sʼ è
dutse	d úː sʼ èː
edita	ʔ ɛ́ d ɪ́ t ə̀
eka	ʔ éː k àː
el'e	ʔ ɛ́ l ʔ êː
emti	ʔ ɛ́ m t ìː
en'e	ʔ ɛ́ ŋ ʔ èː
fa'ida	ɸ áː ʔ ɪ́ d àː
fabrairu	ɸ à b r é i r ɪ̀
fahami	ɸ ə́ h à m íː
fahari	ɸ ə́ h à r íː
falsafa	ɸ á l s ə́ ɸ àː
fam	ɸ â ŋ
fangali	ɸ á ŋ ɡ ə́ l íː
fanke	ɸ ɛ̀ ɲ c éː
fanni	ɸ á n n ìː
fara'a	ɸ ə́ r ə́ ʔ àː
farali	ɸ ə́ r ə̀ l íː
faransa	ɸ ə̀ r á n s ə̀
faransanci	ɸ ə́ r á n s á n t͡ʃ íː
farce	ɸ á ɽ t͡ʃ èː
fari	ɸ áː ɽ ɪ̀
fari	ɸ ə́ ɽ íː
farilla	ɸ ə̀ r ɪ́ l l àː
farisa	ɸ áː r ɪ́ s ə̀
fartanya	ɸ á r t ɛ́ ɲ j àː
faruku	ɸ àː r ɪ́ kʷ ʊ̀
faruƙu	ɸ àː r ɪ́ kʷʼ ʊ̀
fasa'ofis	ɸ ə́ s ə̀ ʔ óː ɸ ɪ̀ s
fasali	ɸ ə́ s ə̀ l íː
fasfo	ɸ à s ɸ ó
fashe	ɸ ə́ ʃ é
fasinja	ɸ áː s ɪ́ n d͡ʒ ə̀
fasiƙi	ɸ áː s ɪ̀ cʼ íː
fat	ɸ á t
fatakwal	ɸ ə́ t áː kʷ à l
fatanya	ɸ ə́ t ɛ́ ɲ j àː
fatau	ɸ ə́ t á u
fatsa	ɸ ə́ sʼ ə́
fatsi	ɸ ə́ sʼ íː
fau	ɸ á u
faƙiri	ɸ ə̀ cʼ íː r ìː
faɗimatu	ɸ áː ɗ ɪ̀ m ə́ t ɪ̀
feda	ɸ éː d àː
fensir	ɸ ɛ́ n s ɪ̀ r
fes	ɸ ɛ́ s
fetal	ɸ èː t á l
fi'ili	ɸ ɪ́ ʔ ɪ̀ l íː
fida'u	ɸ ɪ̀ d áː ʔ ùː
fijo	ɸ ɪ̀ d͡ʒ ôː
filafili	ɸ ɪ́ l ə̀ ɸ ɪ́ l íː
filas	ɸ ɪ̀ l â s
filato	ɸ ɪ̀ l àː t ó
fili	ɸ íː l íː
firamare	ɸ ɪ́ r áː m ə̀ r èː
fis	ɸ ɪ̂ s
fitila	ɸ ɪ̀ t ɪ́ l àː
fitina	ɸ ɪ̀ t ɪ́ n àː
fiƙihu	ɸ ɪ́ cʼ ɪ́ h ʊ̀
fom	ɸ â ŋ
fula	ɸ ùː l áː
funkaso	ɸ ʊ̀ ŋ k àː s óː
funtuwa	ɸ ʊ̀ n t ʊ́ w ə̀
fura	ɸ ʊ́ ɽ áː
fure	ɸ ʊ̀ ɽ éː
fururu	ɸ ʊ́ ɽ ɪ́ ɽ ɪ́
fuɗu	ɸ ʊ́ ɗ ɪ́
gabar	ɡ ə́ b à r
gabas	ɡ ə́ b à s
gada	ɡ ə̀ d áː
gada	ɡ ə́ d àː
gadara	ɡ ə̀ d áː r àː
gado	ɡ ə́ d óː
gadu	ɡ ə̀ d úː
gafara	ɡ áː ɸ ə́ r àː
gagai	ɡ ə́ ɡ è i
gagarau	ɡ àː ɡ ə̀ ɽ á u
gahawa	ɡ ə́ h á w àː
gaibi	ɡ é i b ɪ̀
gaira	ɡ é i r ə̀
gaiwa	ɡ ê i w áː
gajere	ɡ ə̀ d͡ʒ éː ɽ é
gajere	ɡ ə̀ d͡ʒ éː ɽ éː
galadima	ɡ ə̀ l àː d íː m àː
galala	ɡ àː l àː l àː
galau	ɡ ə̀ l á u
galibi	ɡ áː l ɪ̀ b íː
gam	ɡ â ŋ
gamsheƙa	ɡ à m ʃ èː kʼ áː
gana	ɡ áː n ə̀
ganau	ɡ ə̀ n á u
gandu	ɡ á n d úː
ganima	ɡ ə̀ n íː m àː
ganye	ɡ ɛ́ ɲ j éː
garki	ɡ à ɽ c ɪ́
garkuwa	ɡ à ɽ kʷ ʊ́ w áː
garu	ɡ àː r úː
garwashi	ɡ á ɽ w áː ʃ íː
gatari	ɡ àː t ə́ ɽ íː
gaula	ɡ á u l áː
gawa	ɡ áː w áː
gazet	ɡ ə̀ z á t
gemu	ɟ éː m ùː
giginyu	ɟ ɪ̀ ɟ ɪ̀ ɲ j ʊ́
gimbiya	ɟ ɪ́ m b ɪ̀ j áː
giris	ɟ ɪ̀ r ɪ̂ s
girka	ɟ ɪ́ ɽ k áː
gitta	ɟ ɪ́ t t àː
giwa	ɟ íː w áː
giya	ɟ ɪ́ j àː
goba	ɡʷ óː b àː
gobir	ɡʷ òː b ɪ́ r
goge	ɡʷ òː ɟ éː
goma	ɡʷ óː m ə̀
gomiya	ɡʷ òː m ɪ́ j áː
gona	ɡʷ óː n áː
goro	ɡʷ óː r ò
guba	ɡʷ ʊ́ b àː
gula	ɡʷ ʊ́ l àː
gulbi	ɡʷ ʊ́ l b íː
gum	ɡʷ ʊ̀ m
guma	ɡʷ ʊ́ m àː
gumal	ɡʷ ʊ́ m à l
guna	ɡʷ ʊ́ n àː
gunda	ɡʷ ʊ́ n d àː
gunus	ɡʷ ʊ̀ n ɪ̀ s
gunya	ɡʷ ʊ́ ɲ j áː
gurasa	ɡʷ ʊ̀ r áː s àː
gurnet	ɡʷ ʊ̀ r n á t
guru	ɡʷ úː r úː
gusa	ɡʷ ʊ́ s àː
gusau	ɡʷ ʊ̀ s á u
gusum	ɡʷ ʊ́ s ɪ̀ ŋ
gwaggo	ɡʷ á ɡʷ ɡʷ ò
gwaiba	ɡʷ é i b àː
gwal	ɡʷ â l
gwalkwas	ɡʷ á l kʷ à s
gwamna	ɡʷ á m n àː
gwamnati	ɡʷ á m n ə́ t ɪ̀
gwanda	ɡʷ á n d àː
gwandu	ɡʷ á n d ɪ́
gwangwani	ɡʷ á ŋ ɡʷ ə́ n íː
gwanjo	ɡʷ à n d͡ʒ óː
gwanki	ɡʷ ɛ́ ɲ c íː
gwaza	ɡʷ áː z áː
gwiwa	ɡʷ íː w àː
habasha	h á b ə́ ʃ ə̀
hadda	h á d d àː
haddi	h á d d ìː
hadisi	h à d íː s ìː
hadizatu	h à d íː z ə́ t ɪ̀
hafizu	h áː ɸ ɪ́ z ɪ̀
hafsatu	h à ɸ s ə́ t ɪ̀
haila	h á i l àː
hairan	h á i r à ŋ
haja	h áː d͡ʒ àː
haji	h á d͡ʒ ɪ̀
hajji	h á d d͡ʒ ɪ̀
hakimi	h áː c ɪ̀ m íː
hakiya	h á c ɪ́ j àː
hakkan	h á k k à ŋ
hakki	h á c c ìː
halaka	h à l ə́ k ə̀
halaka	h á l ə̀ k áː
halal	h à l â l
halama	h à l áː m àː
hali	h áː l íː
halilu	h à l íː l ɪ̀
halima	h à l íː m ə̀
halwa	h á l w àː
hama	h á m àː
hamada	h à m áː d àː
hamayya	h à m ɛ́ j j àː
hamdala	h á m d ə́ l àː
hamidu	h á m íː d ɪ̀
hamila	h à m íː l àː
hamsin	h à m s ɪ́ ŋ
hanci	h á n t͡ʃ ìː
hanci	h á n t͡ʃ ɪ́
hangum	h à ŋ ɡʷ ʊ́ ŋ
hanhai	h à ŋ h á i
hani	h á n ìː
hani'an	h áː n ɪ́ ʔ à ŋ
hanta	h á n t àː
hanya	h ɛ́ ɲ j àː
har	h á r
harafi	h á r ə̀ ɸ íː
haraji	h à r áː d͡ʒ ìː
haram	h à r â ŋ
harsashi	h à r s áː ʃ ìː
harshe	h á ɽ ʃ è
haruna	h á r úː n ə̀
hasa	h á s àː
hasafi	h á s ə̀ ɸ íː
hasan	h á s à ŋ
hasana	h á s ə̀ n áː
hasara	h à s áː r àː
hatimi	h áː t ɪ̀ m íː
hatta	h à t t áː
hau	h â u
hausa	h á u s ə́
hauwa	h à u w ə́
hawa'i	h à w áː ʔ íː
hawainiya	h à w é i n ɪ̀ j áː
hazbiya	h á z b ɪ́ j áː
haziƙi	h áː z ɪ̀ cʼ íː
hazo	h á z óː
haƙori	h á kʷʼ óː ɽ íː
haƙurau	h à kʷʼ ʊ̀ ɽ á u
haɓa	h á ɓ àː
haɓe	h áː ɓ è
haɓɓoje	h á ɓ ɓ óː d͡ʒ è
haɗari	h á ɗ ə̀ r íː
haɗeja	h á ɗ éː d͡ʒ ə̀
hidima	h ɪ́ d ɪ́ m áː
hijabi	h ɪ̀ d͡ʒ áː b ìː
hijira	h ɪ́ d͡ʒ ɪ́ r áː
hikaya	h ɪ̀ k áː j àː
hikima	h ɪ́ c ɪ́ m àː
hisabi	h ɪ̀ s áː b ìː
hoda	h óː d àː
hole	h óː l èː
holo	h óː l òː
homan	h óː m à ŋ
hubbare	h ʊ́ b b áː r è
huhu	h ùː h úː
huhu	h úː h ùː
hukuma	h ʊ̀ kʷ úː m àː
hula	h ùː l áː
humushi	h ʊ́ m ùː ʃ íː
humusi	h ʊ́ m ùː s íː
huntu	h ʊ́ n t úː
hura	h úː ɽ àː
hurriyya	h ʊ̀ r r ɪ́ j j àː
husaina	h ʊ́ s è i n áː
husaini	h ʊ̀ s é i n ɪ̀
husufi	h ʊ̀ s úː ɸ ìː
hutsu	h úː sʼ úː
hutu	h úː t úː
huɗu	h ʊ́ ɗ ɪ́
huɗuba	h ʊ́ ɗ ɪ́ b àː
ibada	ʔ ɪ̀ b áː d àː
ibilis	ʔ ɪ̀ b ɪ̀ l ɪ̂ s
iblis	ʔ ɪ̀ b l ɪ̂ s
ibrahim	ʔ ɪ̀ b r áː h ɪ̀ ŋ
ice	ʔ ɪ́ t͡ʃ èː
idda	ʔ ɪ́ d d àː
idi	ʔ íː d ìː
ido	ʔ ɪ́ d òː
ijara	ʔ ɪ̀ d͡ʒ áː r àː
ikko	ʔ ɪ̀ kʷ kʷ ó
ilimi	ʔ ɪ́ l ɪ̀ m íː
illa	ʔ ɪ́ l l àː
illa	ʔ ɪ́ l l áː
ilmi	ʔ ɪ́ l m ìː
ilmi	ʔ ɪ̂ l m íː
imani	ʔ íː m áː n ìː
inabi	ʔ ɪ́ n ə̀ b íː
indiya	ʔ ɪ́ n d ɪ́ j ɛ̀
ingarma	ʔ ɪ̀ ŋ ɡ á r m àː
ingila	ʔ íː ɲ ɟ ɪ̀ l ə̀
ingilishi	ʔ ɪ́ ɲ ɟ ɪ̀ l íː ʃ ìː
inna	ʔ ɪ́ n n ə̀
iraƙ	ʔ ɪ̀ r â kʼ
iraƙi	ʔ ɪ̀ r âː cʼ ɪ̀
isa	ʔ íː s áː
isha	ʔ ìː ʃ áː
ishara	ʔ ɪ̀ ʃ áː r àː
ishe	ʔ ɪ́ ʃ èː
isiyaku	ʔ ɪ́ s ɪ́ j áː kʷ ʊ̀
iska	ʔ ɪ́ s k àː
isma'ilu	ʔ ɪ̀ s m áː ʔ íː l ɪ̀
isra'ila	ʔ ɪ̀ s r áː ʔ íː l ə̀
istihara	ʔ ɪ́ s t ɪ̀ h áː r àː
isƙandariya	ʔ ɪ̀ s kʼ á n d ə̀ r ɪ́ j ɛ̀
ita	ʔ ɪ́ t ə́
italiya	ʔ ɪ̀ t áː l ɪ́ j ɛ̀
iyali	ʔ ɪ̀ j áː l ìː
izifi	ʔ ɪ́ z ɪ̀ ɸ íː
izini	ʔ ɪ́ z ɪ̀ n íː
izni	ʔ ɪ́ z n ìː
ja	d͡ʒ áː
jace	d͡ʒ àː t͡ʃ éː
jadawali	d͡ʒ ə́ d ə́ w ə̀ l íː
jafa'i	d͡ʒ ə̀ ɸ áː ʔ ìː
jahadi	d͡ʒ ə̀ h áː d ìː
jahili	d͡ʒ áː h ɪ̀ l íː
jahun	d͡ʒ áː h ʊ̀ ŋ
jaka	d͡ʒ ə̀ k áː
jaki	d͡ʒ àː c íː
jam'i	d͡ʒ á m ʔ ìː
jam'iyya	d͡ʒ à m ʔ ɪ́ j j àː
jama'a	d͡ʒ ə̀ m ə́ ʔ à
jamhuriya	d͡ʒ à m h úː r ɪ́ j àː
jami'a	d͡ʒ áː m ɪ̀ ʔ áː
jami'a	d͡ʒ áː m ɪ́ ʔ àː
jami'i	d͡ʒ áː m ɪ̀ ʔ íː
jamus	d͡ʒ áː m ʊ̀ s
jamusanci	d͡ʒ áː m ʊ́ s á n t͡ʃ íː
jana'iza	d͡ʒ ə̀ n áː ʔ ɪ́ z àː
janaba	d͡ʒ ə̀ n ə́ b àː
janairu	d͡ʒ ə̀ n é i r ɪ̀
janar	d͡ʒ ə́ n à r
japan	d͡ʒ ə̀ p â ŋ
jarida	d͡ʒ ə̀ r íː d àː
jarrabawa	d͡ʒ á r r ə̀ b âː w áː
jatau	d͡ʒ àː t á u
jawabi	d͡ʒ ə̀ w áː b ìː
jawur	d͡ʒ àː w ʊ́ r
jaza'i	d͡ʒ ə̀ z áː ʔ ìː
jazur	d͡ʒ àː z ɪ́ r
jega	d͡ʒ èː ɡ ə́
jibirilu	d͡ʒ ɪ̀ b ɪ̀ r íː l ɪ̀
jibiya	d͡ʒ ɪ́ b ɪ́ j ɛ̀
jidali	d͡ʒ ɪ̀ d áː l ìː
jif	d͡ʒ ɪ̂ ɸ
jihadi	d͡ʒ ɪ̀ h áː d ìː
jika	d͡ʒ ɪ́ k ə̀
jiki	d͡ʒ ɪ̀ c íː
jim	d͡ʒ ɪ́ ŋ
jima'i	d͡ʒ ɪ̀ m áː ʔ ìː
jimilla	d͡ʒ ɪ̀ m ɪ́ l l àː
jimina	d͡ʒ ɪ̀ m ɪ́ n áː
jimla	d͡ʒ ɪ́ m l àː
jimɓirɓir	d͡ʒ ɪ̀ m ɓ ɪ̀ r ɓ ɪ̀ r
jini	d͡ʒ ɪ́ n íː
jinsi	d͡ʒ ɪ́ n s ìː
jirgi	d͡ʒ ɪ́ ɽ ɟ íː
jos	d͡ʒ à s
jugum	d͡ʒ ɪ̀ ɡʷ ʊ́ m
jumma'a	d͡ʒ ɪ́ m m ə́ ʔ àː
jummai	d͡ʒ ɪ́ m m é i
juwa	d͡ʒ ʊ̀ w áː
juzu'i	d͡ʒ ɪ́ z ɪ̀ ʔ íː
kabari	k ə́ b ə̀ r íː
kabewa	k ə̀ b éː w àː
kabila	k ə̀ b íː l àː
kaca	k ə́ t͡ʃ àː
kaciya	k àː t͡ʃ ɪ́ j àː
kada	k ə́ d áː
kadari	k ə́ d ə̀ r íː
kaduna	k ə̀ d úː n ə́
kaf	k á p
kafa	k ə́ ɸ àː
kafa	k ə́ ɸ áː
kafaɗa	k àː ɸ ə́ ɗ àː
kafe	k ə́ ɸ èː
kafin	k àː ɸ ɪ̀ ŋ
kafiri	k áː ɸ ɪ̀ r íː
kafur	k áː ɸ ʊ̀ r
kahuhu	k ə́ h ʊ́ h ʊ́
kai	k é i
kaidi	k é i d ìː
kaigama	k é i ɡ ə́ m ə̀
kairo	k é i r ɔ̀
kaita	k é i t ə́
kaiwa	k é i w áː
kaka	k àː k áː
kaka	k àː k ə́
kakaki	k àː k àː c íː
kalami	k ə̀ l áː m ìː
kalma	k á l m àː
kaltibeta	k á l t ɪ̀ b éː t àː
kam	k á m
kamala	k ə̀ m áː l àː
kamaru	k ə̀ m ə̀ r ɪ́
kambi	k á m b íː
kamfas	k á m ɸ à s
kamili	k áː m ɪ̀ l íː
kamin	k àː m ɪ̀ n , k àː m ɪ́ ŋ
kanar	k ə́ n à r
kandu	k á n d úː
kango	k á ŋ ɡʷ óː
kankana	k á ŋ k ə́ n áː
kanki	k ɛ́ ɲ c ìː
kanne	k á n n èː
kano	k ə́ n òː
kanta	k á n t àː
kanta	k á n t áː
kanti	k à n t íː
kanumfari	k ə̀ n ɪ́ m ɸ ə̀ r íː
karahiya	k ə̀ r áː h ɪ́ j àː
karama	k ə̀ r áː m àː
karanta	k ə́ r à n t áː
kare	k ə̀ ɽ éː
karimi	k ə̀ r íː m ìː
karkanda	k á r k à n d ə̀
karuwa	k áː r ʊ̀ w ə̀
kasat	k áː s à t
kasko	k á s kʷ óː
kasu	k ə̀ s ɪ́
kasuwa	k àː s ʊ́ w áː
katagum	k ə́ t áː ɡʷ ʊ̀ ŋ
kati	k áː t ìː
katibi	k áː t ɪ̀ b íː
katifa	k ə̀ t íː ɸ àː
katsina	k ə̀ sʼ ɪ́ n ə̀
kauci	k á u t͡ʃ ìː
kawu	k àː w ʊ́
kawu	k áː w ʊ̀
kaza	k àː z áː
kazaf	k ə́ z à ɸ
kazaure	k ə̀ z á u ɽ é
kaɗanya	k ə́ ɗ ɛ́ ɲ j àː
kaɗo	k áː ɗ ò
keso	c éː s òː
kibiya	c ɪ́ b ɪ́ j àː
kibiya	c ɪ́ b ɪ́ j ɛ̀
kifa	c ɪ́ ɸ àː
kife	c ɪ́ ɸ èː
kifi	c íː ɸ íː
kili	c ɪ̀ l îː
kilishi	c ɪ́ l ɪ̀ ʃ íː
kimsa	c ɪ́ m s àː
kindirmo	c ɪ̀ n d ɪ̀ r m óː
kirsimati	c ɪ́ r s ɪ̀ m ə́ t ɪ̀
kirtif	c ɪ̀ ɽ t ɪ́ p
kissa	c ɪ́ s s ə̀
kiyama	c ɪ̀ j áː m àː
kofi	kʷ òː ɸ íː
kofi	kʷ óː ɸ ìː
kofur	kʷ óː ɸ ʊ̀ r
kogi	kʷ òː ɟ íː
koka	kʷ óː k àː
koko	kʷ òː kʷ óː
koko	kʷ óː kʷ ó
kolo	kʷ óː l óː
koma	kʷ óː m áː
komi	kʷ óː m íː
komo	kʷ óː m óː
kore	kʷ óː r èː
kori	kʷ óː r ìː
kos	kʷ â s
kotu	kʷ óː t ɪ̀
kubbi	kʷ ʊ́ b b ɪ̀
kucaki	kʷ ʊ̀ t͡ʃ áː c íː
kudaku	kʷ úː d ə́ kʷ ʊ́ , kʷ úː d ə̀ kʷ úː
kudu	kʷ ʊ́ d ɪ̀
kufai	kʷ ʊ́ ɸ é i
kuge	kʷ ʊ̀ ɟ éː
kukuma	kʷ úː kʷ úː m àː
kullum	kʷ ʊ́ l l ɪ́ ŋ
kumallo	kʷ ʊ̀ m á l l óː
kumama	kʷ ʊ̀ m áː m áː
kunama	kʷ ʊ̀ n áː m àː
kuni	kʷ ʊ̀ n îː
kunne	kʷ ʊ́ n n é
kunne	kʷ ʊ̂ n n éː
kunya	kʷ ʊ́ ɲ j àː
kunya	kʷ ʊ́ ɲ j áː
kura	kʷ úː ɽ ə́
kurkuku	kʷ ʊ̂ r kʷ ʊ́ kʷ ùː
kurma	kʷ ʊ́ ɽ m áː
kurmi	kʷ ʊ́ ɽ m ìː
kurwa	kʷ ʊ̀ ɽ w áː
kusa	kʷ ʊ́ s ə́
kuskus	kʷ ʊ́ s kʷ ʊ̀ s
kuɓewa	kʷ ʊ́ ɓ èː w áː
kuɗi	kʷ ʊ́ ɗ íː
kwabo	kʷ ə́ b òː
kwal	kʷ â l
kwala	kʷ ə́ l àː
kwalekwale	kʷ ə̀ l é kʷ ə̀ l é
kwamfyuta	kʷ à m ɸʲ úː t àː
kwango	kʷ á ŋ ɡʷ ò
kwano	kʷ áː n òː
kwara	kʷ áː ɽ ə̀
kwaram	kʷ ə́ ɽ à m
kwatsam	kʷ ə́ sʼ à m
kwaɗo	kʷ àː ɗ óː
kwaɗo	kʷ ə́ ɗ ò
kwiyat	kʷ ɪ̀ j ɛ̂ t
kyaftin	c ɛ́ ɸ t ɪ̀ ŋ
kyanada	c ɛ́ n ə́ d ə̀
kyanwa	c ɛ̂ m w áː
kyat	c ɛ̂ t
kyau	c ɛ̂ u
la'ada	l ə̀ ʔ á d àː
la'alla	l ə̀ ʔ á l l àː
la'asar	l ə̀ ʔ á s à r
la'asariyya	l ə̀ ʔ à s ə́ r ɪ́ j j àː
la'ifi	l ə̀ ʔ íː ɸ ìː
laba	l áː b àː
labari	l àː b áː r ìː
labudda	l àː b ʊ́ d d ə̀
lacca	l á t t͡ʃ àː
lada	l áː d áː
ladabi	l ə́ d ə̀ b ìː
ladan	l àː d â ŋ
ladani	l àː d áː n ìː
ladi	l áː d ɪ̀
lafazi	l ə́ ɸ ə̀ z íː
lafi	l áː ɸ ìː
lafiya	l áː ɸ ɪ́ j àː
lahadi	l ə́ h à d ɪ̀
lahira	l áː h ɪ́ r àː
laifi	l ê i ɸ íː
laima	l é i m àː
laita	l é i t àː
laka	l áː k áː
laka	l ə́ k áː
lakwaja	l ə́ kʷ ə́ d͡ʒ ə̀
lale	l áː l èː
lalle	l á l l èː
lalle	l á l l éː
lalo	l áː l òː
lam	l á ŋ
lamba	l á m b àː
lambu	l à m b úː
lami	l àː m îː
lamiri	l ə̀ m íː r ìː
landan	l á n d à ŋ
laraba	l àː r ə̀ b áː
lardi	l á r d ìː
larura	l ə̀ r úː r àː
lasin	l áː s ɪ̀ ŋ
lasisi	l áː s íː s ìː
laskofur	l â s kʷ óː ɸ ʊ̀ r
latsa	l áː sʼ àː
launi	l á u n ìː
lauya	l á u j àː
lawur	l áː w ʊ́ ɽ
laya	l áː j àː
lazza	l á z z àː
legas	l éː ɡ à s
lemo	l èː m óː
lif	l ɪ̂ ɸ
likita	l ɪ́ c ɪ́ t ə̀
limam	l ìː m â ŋ
liman	l ìː m â ŋ
linjila	l ɪ̀ n d͡ʒ íː l áː
linzami	l ɪ̀ n z áː m ìː
lisha	l ìː ʃ áː
lissafi	l ɪ̀ s s áː ɸ ìː
litinin	l ìː t ɪ̀ n ɪ̂ ŋ
littafi	l ɪ́ t t áː ɸ ìː
loga	l óː ɡ àː
lokaci	l óː k ə̀ t͡ʃ íː
lori	l óː r ìː
lu	l ûː
lubayya	l ɪ̀ b ɛ́ j j ɛ̀
lugga	l ɪ́ ɡ ɡ àː
lula	l úː l àː
lumana	l ɪ̀ m áː n àː
luwaɗi	l ʊ̀ w áː ɗ ìː
luƙwi	l ɪ́ kʷʼ íː
ma'amala	m ə̀ ʔ áː m ə́ l àː
ma'ana	m ə̀ ʔ à n áː
mabiyi	m ə́ b ɪ̀ j íː
mace	m ə̀ t͡ʃ èː
madina	m ə̀ d íː n ə̀
madubi	m ə́ d úː b íː
magaji	m ə́ ɡ àː d͡ʒ íː
magaji	m ə́ ɡ àː d͡ʒ ɪ́
magajiya	m ə́ ɡ áː d͡ʒ ɪ̀ j áː
magariba	m ə̀ ɡ ə̀ r ɪ́ b àː
magini	m ə́ ɟ ìː n íː
mago	m ə́ ɡʷ ó
mahalli	m ə̀ h â l l íː
mahawara	m ə̀ h áː w ə́ r àː
mahmudu	m àː m úː d ɪ̀
mai	m â i
maiduguri	m è i d ɪ́ ɡʷ ʊ̀ r ɪ́
maigado	m è i ɡ ə́ d ó
maigari	m è i ɡ ə̀ ɽ ɪ́
maikuɗi	m è i kʷ ʊ́ ɗ ɪ́
maina	m é i n ə̀
mairiga	m è i ɽ ìː ɡ ə̀
maiso	m é i s óː
maita	m ê i t áː
maitama	m è i t ə́ m ə́
maiwada	m è i w ə̀ d áː
maiɗaki	m è i ɗ áː c ɪ̀
majalisa	m ə̀ d͡ʒ ə̀ l ɪ́ s àː
majami'a	m ə̀ d͡ʒ áː m ɪ́ ʔ àː
majanuni	m ə̀ d͡ʒ ə̀ n úː n ìː
maka	m ə́ k ə̀
makama	m ə́ k àː m áː
makama	m ə́ k áː m áː
makaranta	m ə́ k ə́ r á n t áː
makaɗi	m ə́ k ə̀ ɗ íː
makaɗi	m ə́ k ə́ ɗ íː
makero	m ə̀ c éː ɽ òː
makiyayi	m ə́ c ɪ̀ j àː j íː
makka	m á k k ə̀
mako	m áː kʷ òː
mala'ika	m ə̀ l áː ʔ ɪ́ k àː
malam	m áː l à ŋ
malama	m áː l ə̀ m áː
malami	m áː l ə̀ m íː
mama	m àː m ə́
mandiri	m à n d íː r ìː
mangariba	m à ŋ ɡ ə̀ r ɪ́ b àː
manhaja	m á ŋ h á d͡ʒ àː
manja	m á n d͡ʒ ə̀
manjo	m á n d͡ʒ ɔ̀
mantau	m à n t á u
manzo	m à n z óː
maraba	m ə́ r àː b ə́
maraba	m ə́ ɽ ə́ b áː
maraɗi	m ə́ ɽ áː ɗ ɪ́
marhabin	m à r h á b ɪ̀ ŋ
marili	m ə̀ r íː l ìː
mariri	m àː ɽ íː ɽ íː
maris	m áː r ɪ̀ s
marke	m á ɽ c éː
maroko	m ə̀ r óː kʷ ò
maroƙi	m ə́ ɽ òː cʼ íː
maru	m áː ɽ ɪ̀
maryamu	m á r j ɛ́ m ʊ̀
masallaci	m ə́ s á l l áː t͡ʃ íː
masar	m ə́ s à r
masara	m ə́ s ə̀ r áː
masaya	m ə́ s áː j áː
masaya	m ə́ s ɛ́ j áː
mashahuri	m ə̀ ʃ ə̀ h úː r ìː
mashi	m áː ʃ ìː
mashin	m ə̀ ʃ ɪ̂ ŋ
masinja	m áː s ɪ́ n d͡ʒ ə̀
masoro	m ə̀ s óː ɽ ó
mata	m àː t áː
mata	m áː t áː
matalauci	m ə́ t ə̀ l à u t͡ʃ íː
maya	m àː j áː
mayani	m ɛ́ j áː n íː
mayu	m áː j ùː
maza	m ə́ z áː
maza	m ə́ z ə́
maƙil	m àː cʼ ɪ́ l
maɗaba'a	m ə́ ɗ áː b ə́ ʔ áː
maɗaci	m ə́ ɗ àː t͡ʃ íː
mele	m éː l éː
mesa	m éː s àː
mesin	m éː s ɪ̀ ŋ
miji	m ɪ́ d͡ʒ ìː
mim	m ɪ́ ŋ
minista	m ɪ́ n ɪ́ s t ə̀
minti	m ɪ́ n t ìː
mirya	m ɪ́ ɽ j ɛ̀
misali	m ɪ̀ s áː l ìː
mishi	m ɪ́ ʃ íː
misira	m ɪ́ s ɪ́ r ə̀
miski	m ɪ́ s c ìː
miskini	m ɪ̀ s c íː n ìː
miya	m ɪ́ j àː
mizani	m íː z áː n ìː
mohammed	m ʊ̀ h á m m à d
molo	m óː l óː
mota	m óː t àː
mowa	m óː w àː
mu	m úː
mu'amala	m ʊ̀ ʔ áː m ə́ l àː
mu'ujiza	m ʊ̀ ʔ ʊ̀ d͡ʒ ɪ́ z àː
mubazzari	m ʊ̀ b á z z ə̀ r íː
muddin	m ʊ́ d d ɪ̀ ŋ
mugu	m úː ɡʷ ùː
muhammadiyya	m ʊ̀ h à m m ə̀ d ɪ́ j j àː
muhammadu	m ʊ̀ h á m m ə́ d ɪ̀
muharram	m ʊ̀ h á r r à ŋ
muhibba	m ʊ̀ h ɪ́ b b àː
muhimmi	m ʊ̀ h ɪ́ m m ìː
muhtari	m ʊ̀ k t áː r ɪ́
muhuri	m ʊ́ h úː ɽ íː
mujaddadi	m ʊ̀ d͡ʒ á d d ə̀ d íː
mujalla	m ʊ̀ d͡ʒ á l l àː
mujiya	m úː d͡ʒ ɪ̀ j áː
mula	m ʊ̀ l ə́
mulki	m ʊ́ l c ìː
mulukiya	m ʊ́ l úː c ɪ́ j àː
mumbari	m ʊ́ m b ə̀ r íː
mumini	m úː m ɪ̀ n íː
munafuki	m ʊ̀ n áː ɸ ʊ̀ c íː
mur	m ʊ̂ r
muradi	m ʊ̀ r áː d ìː
murfi	m ʊ́ ɽ ɸ íː
murhu	m ʊ́ ɽ h ùː
murjani	m ʊ̀ r d͡ʒ áː n ìː
murtuk	m ʊ̀ r t ɪ́ k
murza	m ʊ̀ ɽ z áː
murza	m ʊ́ ɽ z àː
murzani	m ʊ̀ r z áː n ìː
musa	m úː s áː
musawa	m úː s áː w áː
mushe	m úː ʃ èː
mushiriki	m ʊ́ ʃ ɪ́ r ɪ̀ c íː
mustapha	m ʊ́ s t ə̀ ɸ áː
musulmi	m ʊ̀ s ɪ̀ l m íː
mutu	m ʊ́ t ɪ̀
mutum	m ʊ̀ t ɪ̂ ŋ
muzi	m úː z íː
muzuru	m ʊ̀ z úː ɽ úː
na'am	n ə̀ ʔ á m
na'am	n ə́ ʔ à m
na'ibi	n áː ʔ ɪ̀ b íː
na'ura	n àː ʔ úː r àː
nafila	n áː ɸ ɪ́ l àː
nahawu	n ə́ h á w ùː
nahiya	n áː h ɪ́ j àː
naijeriya	n è i d͡ʒ éː r ɪ́ j àː
naira	n é i r àː
najeriya	n àː d͡ʒ éː r ɪ́ j àː
nama	n áː m àː
nas	n â s
nasaba	n ə́ s ə́ b àː
nasara	n ə́ s áː r àː
nasara	n ə́ s ə́ r àː
nasaru	n ə̀ s àː r úː
nasiha	n ə̀ s íː h àː
nau'i	n á u ʔ ìː
nazari	n ə́ z ə̀ r íː
neja	n éː d͡ʒ ə̀
nesa	n éː s ə̀
ni	n íː
ni'ima	n ɪ́ ʔ ɪ́ m àː
nijeriya	n ìː d͡ʒ éː r ɪ́ j ɛ̀
nil	n ɪ̂ l
nim	n ɪ̂ ŋ
nishaɗi	n ɪ̀ ʃ áː ɗ ìː
nono	n óː n òː
noti	n óː t ìː
notis	n óː t ɪ̀ s
nuhu	n ɪ́ h ʊ̀
nukus	n ɪ̀ kʷ ʊ̀ s
nun	n ɪ́ ŋ
nuwamba	n ʊ̀ w á m b àː
obin	ʔ óː b ɪ̀ ŋ
ofis	ʔ óː ɸ ɪ̀ s
oga	ʔ ò ɡ áː
oktoba	ʔ ɔ̀ k t óː b àː
omo	ʔ óː m òː
oza	ʔ óː z àː
pakistan	p áː c ɪ́ s t à ŋ
palasɗinu	p ə̀ l à s ɗ íː n ɪ̀
paris	p áː r ɪ̀ s
pasha	p áː ʃ ə̀
pijo	p ɪ̀ d͡ʒ ó
po	p ôː
ra'ayi	r ə́ ʔ ɛ̀ j íː
ra'i	r áː ʔ ìː
rafani	r áː ɸ àː n íː
ragama	ɽ ə́ ɡ ə̀ m áː
rahama	r ə́ h á m àː
rahila	ɽ ə̀ h íː l áː
rahusa	r ə̀ h úː s áː
rai	ɽ â i
rairai	ɽ è i ɽ é i
rairayi	ɽ è i ɽ ɛ̀ j íː
rajab	ɽ ə́ d͡ʒ à b
raka'a	r ə́ k ə́ ʔ àː
rake	ɽ ə̀ c éː
raki	ɽ áː c ìː
rama	ɽ àː m ə́
rama	ɽ ə́ m àː
ramalan	ɽ ə̀ m ə̀ l â ŋ
rami	ɽ áː m ìː
ramɓasɓas	r à m ɓ à s ɓ à s
rana	ɽ áː n áː
rana	ɽ áː n ə́
randa	ɽ à n d áː
rano	ɽ ə́ n ó
rasha	ɽ áː ʃ ə̀
rashawa	r ə́ ʃ ə́ w áː
rawani	ɽ ə́ w ə̀ n íː
rawaya	ɽ àː w ɛ́ j àː
raƙumi	ɽ àː kʷʼ ʊ́ m íː
raɓa	ɽ áː ɓ áː
raɗau	r ə́ ɗ á u
rema	ɽ éː m áː
reras	r èː r á s
reza	r éː z àː
ri	r ìː
riba	r íː b àː
riba	r ɪ̀ b ə́
ridda	r ɪ́ d d áː
riga	ɽ ìː ɡ áː
rige	ɽ ɪ́ ɟ é
rimi	ɽ íː m íː
rimi	ɽ íː m ɪ́
ringim	ɽ ɪ́ ɲ ɟ ɪ̀ ŋ
riris	ɽ ɪ́ ɽ ɪ̀ s
rogo	ɽ óː ɡʷ ò
rogo	ɽ óː ɡʷ òː
romo	ɽ óː m óː
ru'uya	r ɪ̀ ʔ ì j áː
rubu'i	r ɪ́ b ʊ̀ ʔ íː
rubuta	r ɪ́ b ùː t áː
ruhu	r úː h ʊ̀
rula	r úː l àː
rututu	r ɪ́ t ɪ́ t ɪ́
ruwa	ɽ ʊ́ w áː
ruwa	ɽ ʊ́ w ə́
ruƙayyatu	ɽ ɪ́ kʼ ɛ̀ j j ɛ́ t ɪ̀
r̃	r
sa	s âː
sa'a	s áː ʔ àː
sa'a	s ə́ ʔ àː
sa'ida	s ə̀ ʔ íː d àː
saba'in	s ə̀ b ə̀ ʔ ɪ́ ŋ
sababi	s ə́ b ə̀ b íː
sabo	s áː b ó
sabo	s áː b óː
sada	s áː d àː
sadaka	s ə́ d ə́ k àː
sadaki	s ə̀ d âː c íː
sadau	s àː d á u
sadin	s àː d ɪ̂ ŋ
safa	s àː ɸ áː
safa	s ə̀ ɸ âː
safar	s ə́ ɸ à r
safara	s ə́ ɸ ə́ r àː
safe	s áː ɸ é
safi	s áː ɸ íː
sagara	s àː ɡ ə́ ɽ áː
sage	s ə́ ɟ èː
sago	s ə́ ɡʷ óː
sahani	s ə̀ h áː n ìː
sahibi	s áː h ɪ̀ b íː
sahihi	s ə̀ h íː h ìː
sahur	s ə̀ h ʊ̂ r
saja	s áː d͡ʒ àː
sakan	s ə́ k à ŋ
sakarai	s áː k ə́ r é i
sake	s ə̀ c éː
sakkwato	s á kʷ kʷ ə́ t ó
sako	s ə̀ kʷ óː
salama	s ə̀ l áː m àː
salati	s ə̀ l áː t ìː
salga	s á l ɡ áː
salihi	s áː l ɪ̀ h íː
saliyo	s àː l ɪ̀ j ôː
salka	s à l k áː
salla	s á l l àː
sallau	s à l l á u
sama	s ə́ m ə̀
samanja	s àː m á n d͡ʒ ə̀
samɓal	s à m ɓ á l
samɓala	s á m ɓ ə́ l áː
samɓali	s á m ɓ ə́ l ɪ́
samɓalɓal	s à m ɓ à l ɓ à l
sana'a	s ə̀ n ə́ ʔ àː
sanata	s ə́ n ə́ t àː
sanda	s à n d ə́
sandal	s á n d à l
sanduƙi	s à n d úː cʼ ìː
sani	s ə́ n ìː
saniya	s áː n ɪ̀ j áː
sanka	s á ŋ k áː
sannu	s à n n ɪ́
sannu	s á n n ɪ̀
santambul	s à n t à m b ʊ̂ l
santi	s à n t ɪ́
sarai	s ə́ r é i
sarara	s ə̀ ɽ ə̀ ɽ ə̀
saratu	s áː r ə́ t ɪ̀
sarauniya	s ə́ ɽ á u n ɪ̀ j áː
sardauna	s à r d á u n ə́
sarka	s à r k áː
sarki	s á ɽ c íː
sarki	s á ɽ c ɪ́
sarƙa	s á ɽ kʼ àː
sata	s áː t àː
sati	s áː t íː
satumba	s ə̀ t ɪ́ m b àː
sau	s à u
sau	s á u
saudiyya	s à u d ɪ́ j j àː
sauna	s á u n àː
sauti	s á u t ìː
saye	s àː j éː
saye	s ɛ̀ j éː
saɗara	s ə̀ ɗ ə́ r àː
sef	s ê ɸ
sha	ʃ ə́
sha'aban	ʃ ə̀ ʔ à b â ŋ
sha'ani	ʃ ə́ ʔ à n íː
shadda	ʃ á d d àː
shadda	ʃ â d d áː
shahada	ʃ ə̀ h áː d àː
shaho	ʃ áː h òː
shai'an	ʃ é i ʔ à ŋ
shaihi	ʃ é i h ìː
shaiɗan	ʃ è i ɗ â ŋ
sham	ʃ â ŋ
shanono	ʃ àː n óː n ò
sharaɗi	ʃ ə́ r ə̀ ɗ íː
sharhi	ʃ á r h ìː
shari'a	ʃ ə̀ r ɪ́ ʔ àː
sharif	ʃ ə̀ r ɪ̂ ɸ
sharifi	ʃ ə̀ r íː ɸ ìː
sharo	ʃ ə́ r ò
sharri	ʃ á r r ìː
sharu	ʃ ə̀ r ûː
shat	ʃ â t
shawwal	ʃ à w w â l
shayi	ʃ àː j íː
shayi	ʃ áː j ɪ̀
shehi	ʃ éː h ìː
shehu	ʃ éː h ùː
shekara	ʃ èː k ə́ ɽ àː
shekarau	ʃ èː k ə̀ ɽ á u
sheƙeƙe	ʃ èː cʼ èː cʼ èː
shi	ʃ ɪ́
shida	ʃ ɪ́ d ə̀
shifta	ʃ ɪ́ ɸ t àː
shin	ʃ ɪ́ ŋ
shinge	ʃ ɪ́ ɲ ɟ éː
shinkafa	ʃ ɪ̀ ŋ k áː ɸ áː
shirim	ʃ ɪ̀ ɽ ɪ̀ m
shirka	ʃ ɪ́ r k àː
shiru	ʃ ɪ́ ɽ úː
shirwa	ʃ ɪ́ ɽ w àː
shu'umi	ʃ ɪ́ ʔ ʊ̀ m íː
shuka	ʃ úː k àː
shuɗi	ʃ úː ɗ ìː
sifiri	s ɪ́ ɸ ɪ̀ r íː
siga	s íː ɡ àː
siket	s ɪ̀ c á t
sila	s ɪ́ l àː
sili	s íː l ìː
silin	s íː l ɪ̀ ŋ
sin	s ɪ́ ŋ
sirdi	s ɪ́ r d ìː
siriya	s íː r ɪ́ j ɛ̀
sista	s ɪ́ s t àː
sitam	s ɪ̀ t â ŋ
sitampi	s ɪ̀ t á m p ìː
sitira	s ɪ̀ t ɪ́ r àː
sito	s ɪ̀ t ó
sittin	s ɪ̀ t t ɪ́ ŋ
siyaki	s ɪ̀ j áː c íː
siyasa	s ɪ̀ j áː s àː
siɗik	s ɪ́ ɗ ɪ́ k
soba	s òː b ə́
soci	s óː t͡ʃ ɪ̀
sol	s ɔ́ l
somi	s óː m ìː
soso	s òː s óː
soye	s òː j éː
su	s ùː
sufana	s ɪ̀ ɸ áː n àː
sujjada	s ɪ̀ d d͡ʒ ə́ d àː
sukari	s ɪ́ k ə̀ r íː
sukuku	s ɪ̀ kʷ ʊ̀ kʷ ʊ̀
sulemanu	s ɪ́ l èː m áː n ɪ̀
sum	s ɪ̀ m
sumul	s ɪ́ m ʊ́ l
suna	s úː n áː
sunduƙi	s ɪ̀ n d úː cʼ ìː
sunna	s ɪ́ n n àː
sura	s ùː r áː
sura	s úː r àː
suya	s úː j àː
tabarau	t ə̀ b àː ɽ á u
tabarma	t àː b á ɽ m áː
tadawa	t ə̀ d ə́ w àː
tafarnuwa	t ə̀ ɸ á r n ʊ́ w áː
tafki	t á ɸ c ìː
tafsiri	t à ɸ s íː r ìː
taga	t áː ɡ àː
tagomashi	t ə́ ɡʷ óː m ə̀ ʃ íː
taguwa	t àː ɡʷ ʊ́ w àː
taguwa	t ə́ ɡʷ ʊ́ w àː
tajiri	t áː d͡ʒ ɪ̀ r íː
takalmi	t àː k à l m íː
takarda	t ə́ k à r d áː
takila	t áː c ɪ̀ l ə̀
takobi	t ə́ kʷ òː b íː
takum	t áː kʷ ʊ̀ ŋ
takunkumi	t àː kʷ ʊ́ ŋ kʷ ʊ̀ m íː
takwas	t ə́ kʷ à s
talaka	t ə́ l ə̀ k ə̀
talata	t ə̀ l áː t ə̀
talatin	t ə̀ l àː t ɪ́ ŋ
talatu	t ə̀ l áː t ɪ̀
taliki	t áː l ɪ̀ c íː
talla	t à l l ə̀
talle	t á l l éː
tamanin	t ə̀ m àː n ɪ́ ŋ
tambaya	t à m b ɛ́ j àː
tambutu	t à m b úː t ɪ̀ , t á m b úː t ɪ̀
tana	t áː n áː
tanaka	t àː n áː k àː
tandu	t á n d úː
tanimu	t ə̀ n íː m ʊ̀
tankarki	t à ŋ k á ɽ c ìː
tano	t ə̀ n ôː
tantabara	t à n t ə́ b ə̀ r áː
tantakwashi	t à n t ə́ kʷ ə̀ ʃ íː
tanti	t á n t ìː
tara	t àː ɽ áː
tara	t áː ɽ àː
tara	t ə̀ ɽ áː
tara	t ə́ r ə̀
tarabulus	t ə́ r áː b ʊ́ l ɪ̀ s
tarbiyya	t à r b ɪ́ j j àː
tarihi	t áː r íː h ìː
tarnatsa	t á r n ə́ sʼ áː
taru	t áː ɽ úː
tasa	t áː s àː
tasalla	t ə́ s á l l ə̀
tasi	t àː s îː
taska	t á s k àː
tasku	t á s kʷ ʊ̀
taswira	t àː s w íː r àː
tattabara	t à t t ə́ b ə̀ r áː
tatul	t àː t ɪ́ l
taubashi	t á u b àː ʃ íː
tauhidi	t à u h íː d ìː
tauna	t á u n àː
tauraro	t à u ɽ áː ɽ òː
taure	t á u ɽ èː
tausa	t à u s áː
tautau	t á u t à u
tawada	t ə̀ w ə́ d àː
taɓo	t ə̀ ɓ óː
tef	t é ɸ
teku	t èː kʷ ʊ́
tela	t éː l ə̀
ti	t îː
tif	t ɪ̂ ɸ
tifa	t íː ɸ àː
tijara	t ɪ̀ d͡ʒ áː r àː
tik	t ɪ̂ k
tilas	t íː l à s
tilo	t ìː l óː
tim	t ɪ̂ m
tim	t ɪ̂ ŋ
tire	t ɪ̀ r é
tis'in	t ɪ̀ s ʔ ɪ́ ŋ
titi	t íː t ìː
tiƙis	t ɪ́ cʼ ɪ́ s
toka	t òː k áː
ton	t á ŋ
toshiya	t óː ʃ ɪ́ j áː
tozali	t óː z ə̀ l íː
tozo	t óː z óː
tsabga	sʼ á b ɡ àː
tsada	sʼ áː d ə́
tsaf	sʼ á p
tsagagi	sʼ ə́ ɡ ə́ ɟ íː
tsai	sʼ é i
tsaka	sʼ ə́ k áː
tsaka	sʼ ə́ k ə̀
tsalala	sʼ ə́ l ə́ l ə́
tsamiya	sʼ áː m ɪ́ j áː
tsanyawa	sʼ ɛ́ ɲ j áː w áː
tsauni	sʼ á u n ìː
tsere	sʼ éː ɽ é
tsibiri	sʼ ɪ̀ b ɪ́ ɽ íː
tsigi	sʼ íː ɟ íː
tsila	sʼ íː l ə́
tsintsiya	sʼ ɪ́ n sʼ ɪ́ ɲ j áː
tsit	sʼ ɪ́ t
tsoho	sʼ óː h óː
tsololo	sʼ òː l òː l òː
tsundum	sʼ ɪ̀ n d ɪ̀ m
tsundum	sʼ ɪ̀ n d ɪ́ m
tsuntsu	sʼ ɪ́ n sʼ úː
tubali	t úː b ə̀ l íː
tubarkalla	t ɪ̀ b á r k á l l àː
tuhuma	t ɪ̀ h ʊ́ m àː
tukuf	t ɪ́ kʷ ʊ́ p
tulu	t ùː l úː
tun	t ɪ́ ŋ
tunau	t ɪ̀ n á u
tuntu	t ɪ́ n t úː
tuntunmi	t ɪ́ n t ɪ́ m m íː
turai	t úː r é i
turanci	t úː r á n t͡ʃ íː
turare	t ɪ̀ ɽ àː ɽ éː
turba	t ɪ́ ɽ b àː
tururi	t ɪ̀ ɽ ɪ̀ ɽ íː
tusa	t úː s àː
tuta	t úː t àː
tutu	t úː t ɪ̀
tuwo	t ʊ́ w óː
uba	ʔ ʊ̀ b áː
uda	ʔ úː d ə̀
uku	ʔ ʊ́ kʷ ʊ̀
ulu	ʔ úː l ɪ̀
umaru	ʔ ʊ̀ m ə́ r ɪ̀
umra	ʔ ʊ́ m r áː
ungozoma	ʔ ʊ̀ ŋ ɡʷ óː z òː m ə̀
ungulu	ʔ ʊ̀ ŋ ɡʷ ʊ̀ l ɪ́
usaina	ʔ ʊ́ s è i n áː
ushira	ʔ ʊ́ ʃ ɪ̀ r áː
ushiri	ʔ ʊ́ ʃ ɪ̀ r íː
usumanu	ʔ ʊ̀ s ɪ̀ m áː n ɪ̀
usur	ʔ ʊ́ s ɪ̀ r
uwa	ʔ ʊ́ w áː
uwa	ʔ ʊ́ w ə́
uzuri	ʔ ʊ́ z ɪ̀ r íː
uƙuba	ʔ ʊ̀ kʷʼ úː b àː
wa'adi	w ə́ ʔ à d íː
wa'azi	w ə́ ʔ à z íː
wada	w àː d áː
wada	w ə̀ d áː
waga	w áː ɡ áː
wagadugu	w ə̀ ɡ ə̀ d ɪ́ ɡʷ ʊ̀
waha	w ə́ h àː
wahala	w ə̀ h á l àː
wakili	w ə̀ c íː l ìː
wal	w à l
wala	w áː l àː
wala	w áː l áː
walau	w ə̀ l à u
wali	w áː l íː
wali	w ə̀ l îː
waliyyi	w ə̀ l ɪ́ j j ìː
wallahi	w à l l áː h ɪ̀
walƙiya	w à l cʼ ɪ́ j áː
wani	w ə́ n ɪ́
wanka	w á ŋ k àː
wanka	w á ŋ k áː
wanwar	w à m w á r
wanzam	w à n z â ŋ
wanzami	w à n z áː m ìː
wanzanci	w á n z á n t͡ʃ ìː
ware	w áː ɽ èː
warwar	w à r w á r
warwas	w à r w á s
warƙa	w á r kʼ àː
wasa	w àː s áː
wasai	w ə́ s é i
wasali	w ə́ s ə̀ l íː
wasiyya	w ə̀ s ɪ́ j j àː
wasiƙa	w ə̀ s íː kʼ àː
wata	w ə́ t àː
wata	w ə́ t ə́
watari	w ə̀ t ə̀ ɽ ɪ́
wau	w á u
waziri	w ə̀ z íː r ɪ̀ , w ə̀ z íː r ìː
waƙafi	w ə́ kʼ ə̀ ɸ íː
wili	w íː l ìː
wofi	w òː ɸ íː
wokaci	w óː k ə̀ t͡ʃ íː
wudil	w ʊ̀ d ɪ́ l
wul	w ʊ̀ l
wul	w ʊ́ l
wulik	w ʊ́ l ɪ́ k
wuluk	w ʊ́ l ɪ́ k
wuridi	w ʊ́ r ɪ̀ d íː
wuski	w ʊ́ s c ìː
wuski	w ʊ́ s c íː
wuta	w ʊ́ t áː
wuya	w ì j áː
wuya	w í j àː
wuƙa	w ʊ́ kʼ áː
yabirbira	j àː b ɪ́ ɽ b ɪ̀ ɽ áː
yadda	j ɛ́ d d ə̀
yadda	j ɛ̂ d d ə̀
yakubu	j àː kʷ ʊ́ b ʊ̀
yallaɓai	j ɛ́ l l àː ɓ ê i
yalwa	j ɛ̀ l w ə́
yamai	j ɛ̀ m è i
yamal	j ɛ́ m à l
yanki	j ɛ́ ɲ c ìː
yari	j ɛ̀ ɽ íː
yarima	j ɛ̀ r íː m ə̀
yarinya	j áː ɽ ɪ́ ɲ j àː
yaro	j áː ɽ òː
yatsa	j áː sʼ àː
yautai	j ɛ́ u t é i
yayyafi	j ɛ́ j j ɛ́ ɸ íː
yaƙubu	j àː kʷʼ ʊ́ b ʊ̀
yis	j ɪ̂ s
yuganda	j ʊ̀ ɡ á n d ə̀
yuli	j úː l ɪ̀
yunan	j ùː n â ŋ
yunananci	j úː n áː n á n t͡ʃ íː
yuni	j úː n ɪ̀
yusufu	j úː s ɪ́ ɸ ʊ̀
za'ida	z áː ʔ ɪ́ d àː
zabarjadi	z ə́ b à r d͡ʒ ə́ d ìː
zafaran	z àː ɸ ə̀ r â ŋ
zafi	z áː ɸ íː
zahiri	z áː h ɪ̀ r íː
zaiba	z é i b àː
zainabu	z è i n ə́ b ʊ̀
zaiti	z é i t ìː
zaitun	z è i t ɪ̂ ŋ
zaki	z áː c ìː
zakka	z à k k áː
zamani	z àː m áː n ìː
zamani	z áː m ə̀ n íː
zamba	z à m b ə́
zandar	z à n d â r
zara	z àː r áː
zara	z ə̀ ɽ áː
zare	z àː ɽ éː
zare	z áː ɽ èː
zare	z ə̀ ɽ éː
zare	z ə́ ɽ èː
zariya	z áː ɽ ɪ́ j ɛ̀
zarto	z á r t òː
zau	z á u
zazzau	z á z z à u
zaƙaƙa	z ə̀ kʼ ə̀ kʼ ə̀
zi	z îː
zigidir	z ɪ̀ ɟ ɪ̀ d ɪ́ r
zik	z ɪ̂ k
zikiri	z ɪ́ c ɪ̀ r íː
zina	z ɪ̀ n áː
zinari	z íː n áː r ìː
zinariya	z íː n áː r ɪ̀ j áː
zira'i	z ɪ̀ r áː ʔ ìː
zololo	z òː l òː l òː
zomo	z óː m óː
zubairu	z ɪ̀ b é i r ɪ̀
zulhajji	z ɪ́ l h á d d͡ʒ ɪ̀
zulƙida	z ɪ̀ l cʼ íː d àː
zundum	z ɪ̀ n d ɪ́ m
zunubi	z ɪ̀ n ɪ́ b ìː
zuriya	z ɪ̀ r ɪ́ j àː
ƙa'ida	kʼ áː ʔ ɪ́ d àː
ƙa'imi	kʼ áː ʔ ɪ̀ m íː
ƙabila	kʼ ə̀ b íː l àː
ƙadangare	kʼ ə̀ d á ŋ ɡ ə́ ɽ èː
ƙaddara	kʼ à d d ə́ r àː
ƙaddara	kʼ á d d ə̀ r áː
ƙafa	kʼ ə́ ɸ àː
ƙaho	kʼ ə̀ h óː
ƙal	kʼ á l
ƙala	kʼ áː l àː
ƙamus	kʼ áː m ʊ̀ s
ƙanana	kʼ ə́ n áː n àː
ƙandas	kʼ á n d á s
ƙanƙane	kʼ à ŋ kʼ ə́ n èː
ƙarami	kʼ ə̀ ɽ ə́ m íː
ƙarni	kʼ á r n ìː
ƙarƙaf	kʼ à ɽ kʼ á p
ƙas	kʼ á s
ƙasa	kʼ ə́ s áː
ƙasa	kʼ ə́ s ə̀
ƙashi	kʼ ə̀ ʃ íː
ƙasida	kʼ ə̀ s íː d àː
ƙato	kʼ áː t òː
ƙauye	kʼ á u j èː
ƙazaf	kʼ ə́ z à ɸ
ƙazami	kʼ ə̀ z áː m íː
ƙazanta	kʼ ə̀ z â n t áː
ƙerere	cʼ èː ɽ èː ɽ èː
ƙififiya	cʼ ɪ́ ɸ ɪ́ ɸ ɪ́ j ɛ́
ƙirin	cʼ ɪ́ ɽ ɪ́ ŋ
ƙirji	cʼ ɪ̀ ɽ d͡ʒ íː
ƙissa	cʼ ɪ́ s s àː
ƙiyasi	cʼ ɪ̀ j áː s ìː
ƙiƙam	cʼ ìː kʼ à m
ƙoda	kʷʼ óː d àː
ƙorama	kʷʼ òː ɽ ə́ m àː
ƙosai	kʷʼ óː s é i
ƙosau	kʷʼ òː s á u
ƙoƙari	kʷʼ òː kʼ ə́ ɽ ɪ́
ƙoƙiƙoƙi	kʷʼ óː c ɪ̀ kʷʼ óː cʼ ɪ̀
ƙube	kʷʼ úː b è
ƙudus	kʷʼ ʊ́ d ɪ̀ s
ƙugiya	kʷʼ úː ɟ ɪ̀ j áː
ƙulumi	kʷʼ úː l ɪ́ m íː
ƙumba	kʷʼ ʊ̀ m b áː
ƙundu	kʷʼ ʊ̀ n d úː
ƙuri'a	kʷʼ ʊ̀ r ɪ́ ʔ àː
ƙursunsun	kʷʼ ʊ̀ ɽ s ɪ̀ n s ɪ̀ ŋ
ƙurungu	kʷʼ ʊ̀ ɽ ɪ́ ŋ ɡʷ ʊ̀
ƙut	kʷʼ ʊ́ t
ƙuƙut	kʷʼ ʊ́ kʷʼ ʊ́ t
ƙwai	kʷʼ é i
ƴ	j̰
ɓakutu	ɓ áː kʷ ʊ́ t ɪ́
ɓangwalgwal	ɓ à ŋ ɡʷ à l ɡʷ à l
ɓarawo	ɓ ə̀ ɽ áː w òː
ɓaure	ɓ á u ɽ éː
ɓaɓura	ɓ áː ɓ ʊ̀ ɽ ə̀
ɓelele	ɓ èː l èː l èː
ɓulla	ɓ ʊ̀ l l ə́
ɓurma	ɓ ʊ́ ɽ m ə́
ɗa	ɗ áː
ɗa'a	ɗ áː ʔ àː
ɗabi'a	ɗ ə̀ b íː ʔ àː
ɗalibi	ɗ áː l ɪ̀ b íː
ɗan	ɗ á ŋ
ɗanjuma	ɗ á n d͡ʒ úː m ə̀
ɗanladi	ɗ á l l áː d ɪ̀
ɗanlami	ɗ á l l àː m îː
ɗantala	ɗ á n t ə̀ l áː
ɗanye	ɗ ɛ́ ɲ j éː
ɗari	ɗ áː ɽ íː
ɗari	ɗ ə̀ ɽ íː
ɗawafi	ɗ ə̀ w áː ɸ ìː
ɗawisu	ɗ áː w íː s ɪ̀
ɗaya	ɗ ɛ́ j ɛ́
ɗefi	ɗ èː ɸ íː
ɗigo	ɗ ɪ́ ɡʷ òː
ɗim	ɗ ɪ̀ m
ɗim	ɗ ɪ̂ m
ɗu	ɗ ùː
ɗungum	ɗ ɪ̀ ŋ ɡʷ ʊ́ m
