'ya	j̰ áː
'yar	j̰ á r
a'ishatu	ʔ áː ʔ ì ʃ á t ù
abacada	ʔ àː b àː t͡ʃ àː d âː
abada	ʔ à b à d âː
abarba	ʔ à b à ɽ b áː
abdu	ʔ á b d ù
abdulhamid	ʔ à b d ù l h à m î d
abdullahi	ʔ à b d ù l l áː h ì
abdulƙadir	ʔ à b d ù l kʼ áː d ì r
abdurrahim	ʔ à b d ù r r à h î m
abdussalamu	ʔ à b d ù s s à l áː m ù
abiyo	ʔ à b ì j ôː
abjadi	ʔ á b d ʒ à d íː
aboka	ʔ à b òː k âː
aboki	ʔ à b óː k íː
abu	ʔ à b ù
abubakar	ʔ à b úː b á k à r
acca	ʔ á t͡ʃ t͡ʃ àː
adabi	ʔ á d à b íː
adabo	ʔ á d àː b óː
adadi	ʔ á d à d íː
adam	ʔ á d à m
adamu	ʔ àː d à m ú
adawa	ʔ à d áː w àː
addini	ʔ à d d íː n ìː
addu'a	ʔ à d d ú ʔ àː
adire	ʔ à d ì r é
aduwa	ʔ á d ú w àː
afirka	ʔ á f í r k à
afrilu	ʔ à f r íː l ù
agade	ʔ à ɡ à d è
agogo	ʔ à ɡ óː ɡ ó
agola	ʔ á ɡ òː l à
agushi	ʔ à ɡ ú ʃ íː
agusta	ʔ à ɡ ú s t àː
agwado	ʔ à ɡʷ àː d óː
agwagwa	ʔ à ɡʷ àː ɡʷ áː
ahmad	ʔ áː m à d
aibi	ʔ á i b ì
aibu	ʔ á i b ù
ailan	ʔ á i l à n
ainun	ʔ á i n ù n
ajali	ʔ á d ʒ à l íː
ajami	ʔ à d ʒ à m í
ajuza	ʔ à d ʒ úː z àː
akala	ʔ á k àː l à
akara	ʔ à k à ɽ à
akasidan	ʔ à k àː s ìː d â n
akasidan	ʔ á k á s ì d â n
akawal	ʔ á k á w à l
akawali	ʔ á k á w à l íː
akawu	ʔ à k àː w ú
akushi	ʔ á k ù ʃ íː
akuya	ʔ à k ú j àː
akwasa	ʔ á kʷ á s áː
akwati	ʔ à kʷ àː t ì
al'ada	ʔ à l ʔ áː d àː
al'ajabi	ʔ à l ʔ á d ʒ à b íː
al'amari	ʔ à l ʔ á m à r íː
al'aura	ʔ à l ʔ á u r àː
al'umma	ʔ à l ʔ ú m m àː
alabe	ʔ à l á b èː
alade	ʔ à l á d èː
alama	ʔ à l áː m àː
alaramma	ʔ á l à r á m m à
alatu	ʔ áː l áː t ù
alawa	ʔ à l áː w àː
albaras	ʔ à l b á r à s
albarka	ʔ à l b á r k àː
albarushi	ʔ à l b à r úː ʃ ìː
albasa	ʔ à l b á s àː
albishir	ʔ à l b í ʃ ì r
alfadari	ʔ à l f á d á r íː
alfahari	ʔ à l f á h à r íː
alfijir	ʔ à l f í d ʒ ì r
algaita	ʔ à l ɡ á i t àː
algashi	ʔ á l ɡ à ʃ íː
alhaji	ʔ à l h á d ʒ íː
alhaki	ʔ à l h á k íː
alhali	ʔ à l h áː l íː
alhamdulillahi	ʔ à l h á m d ù l ì l l áː h ì
alhamis	ʔ à l h à m î s
alhanzir	ʔ à l h à n z î r
alheri	ʔ à l h éː r ìː
alhudahuda	ʔ à l h ú d à h ú d à
ali	ʔ à l í
alif	ʔ á l ì f
aljabara	ʔ à l d ʒ á b á r àː
aljan	ʔ à l d ʒ á n
aljani	ʔ à l d ʒ á n íː
aljanna	ʔ à l d ʒ á n n àː
alkadari	ʔ à l k á d à r íː
alkali	ʔ à l k áː l íː
alkama	ʔ à l k á m àː
alkarya	ʔ à l k á r j àː
alkawari	ʔ à l k á w à r íː
alkyabba	ʔ à l c á b b àː
allah	ʔ á l l àː
allura	ʔ à l l úː r àː
almajiri	ʔ à l m áː d ʒ ì r íː
almakashi	ʔ à l m á k à ʃ íː
almasihu	ʔ à l m à s íː h ù
altine	ʔ à l t ì n é
alwala	ʔ à l w à l áː
alƙahira	ʔ à l kʼ áː h ì r á
alƙalami	ʔ à l kʼ á l à m íː
alƙali	ʔ à l kʼ áː l íː
alƙur'ani	ʔ à l kʼ ù r ʔ áː n ìː
amalanke	ʔ á m áː l á n k é
amale	ʔ á m áː l è
amana	ʔ à m áː n àː
amarya	ʔ á m á ɽ j áː
amawali	ʔ á m áː w à l íː
amin	ʔ àː m í n
amina	ʔ á m íː n à
amini	ʔ à m íː n ìː
amirka	ʔ á m ì r k à
amma	ʔ à m m áː
amsa	ʔ á m s àː
amurka	ʔ á m ù r k à
anabi	ʔ á n à b íː
anaca	ʔ à n à t͡ʃ à
ango	ʔ á n ɡ ò
anini	ʔ à n íː n íː
ankara	ʔ á n k à r à
annabi	ʔ à n n á b ìː
annoba	ʔ à n n òː b áː
annuri	ʔ à n n úː r ìː
anta	ʔ á n t àː
ar	ʔ á r
arabiyya	ʔ à r à b í j j àː
aradu	ʔ à r áː d ù
arba'in	ʔ à r b à ʔ í n
arewa	ʔ á ɽ èː w á
arziki	ʔ á r z ì k íː
asabar	ʔ à s á b à r
asabari	ʔ á s á b à r íː
asabe	ʔ à s à b é
asali	ʔ á s á l íː
asara	ʔ à s áː r àː
asawaki	ʔ à s á w àː k íː
asham	ʔ á ʃ á m
ashana	ʔ à ʃ áː n áː
ashirin	ʔ à ʃ ì r í n
asibiti	ʔ á s ì b í t ì
asiri	ʔ à s íː r íː
asiya	ʔ áː s í j à
aske	ʔ á s k èː
asuba	ʔ à s ù b âː
asubahi	ʔ à s ù b áː h ì
attajiri	ʔ à t t áː d ʒ ì r íː
attaura	ʔ à t t á u r áː
audu	ʔ á u d ù
auduga	ʔ á u d ù ɡ áː
aure	ʔ á u ɽ éː
awa	ʔ á w àː
awaza	ʔ à w á z àː
aya	ʔ áː j àː
ayaba	ʔ à j à b à
ayari	ʔ áː j à r íː
azaba	ʔ à z áː b àː
azahar	ʔ à z á h à r
azahariyya	ʔ à z à h à r í j j àː
azumi	ʔ á z ù m í
azumi	ʔ á z ù m íː
azurfa	ʔ á z ù r f áː
azzakari	ʔ à z z á k à r íː
aƙalla	ʔ à kʼ á l l à
aƙida	ʔ à kʼ íː d àː
ba'askare	b à ʔ á s k á r èː
baba	b àː b á
baba	b àː b áː
baba	b áː b à
baba	b áː b áː
babba	b à b b á
babur	b àː b ú r
bado	b á d òː
badun	b àː d ù n
baffa	b á f f à
bafilatani	b à f í l áː t à n íː
bafillace	b à f í l l áː t͡ʃ èː
bagadaza	b à ɡ à d áː z à
bagwari	b à ɡʷ áː ɽ íː
bahar	b á h à r
bahaushe	b à h á u ʃ èː
bahili	b à h íː l ìː
baho	b áː h òː
baibai	b à i b â i
baiti	b á i t ìː
baitulmali	b à i t ù l m áː l ì
baiwa	b â i w á
baiwa	b â i w áː
bajau	b á d ʒ á u
bajo	b áː d ʒ òː
baka	b à k áː
baka	b á k à
baki	b àː k íː
bakwai	b á kʷ à i
bal	b â l
bala'i	b à l áː ʔ ìː
balaraba	b à l áː r á b à
balarabe	b à l áː r á b è
balarabe	b à l áː r á b èː
balas	b á l à s
bana	b á n á
banda	b à n d áː
banga	b à n ɡ áː
bango	b á n ɡ óː
bappa	b á p p à
bara	b àː r áː
bara	b àː ɽ á
bara	b á r àː
bara	b á ɽ àː
bararo	b à r à r óː
barau	b à ɽ á u
barbarci	b á ɽ b á ɽ t͡ʃ íː
barewa	b à ɽ éː w áː
bargo	b à r ɡ óː
barka	b á r k àː
barkono	b à r k òː n óː
barno	b à r n ó
bas	b â s
basakkwace	b à s á kʷ kʷ á t͡ʃ èː
basasa	b áː s áː s àː
basukur	b áː s ú k ù r
batir	b áː t ì r
batta	b á t t àː
bature	b à t úː r èː
bauta	b à u t áː
bawa	b áː w à
bawa	b áː w àː
baya	b áː j á
baya	b áː j áː
bayan	b áː j á n
baƙi	b á kʼ íː
baƙo	b àː kʼ ó
bedi	b éː d ìː
bel	b é l
bello	b é l l ò
bici	b í t͡ʃ ì
bidi'a	b í d í ʔ àː
bif	b î p
bika	b ì k áː
bil	b î l
bindi	b í n d ìː
bindiga	b í n d í ɡ àː
bini	b ìː n í
binta	b í n t à
binuwai	b í n ú w à i
birgediya	b ì r ɡ éː d í j àː
birjik	b ì r d ʒ í k
birni	b í r n íː
birtaniya	b ì r t áː n í j à
bisa	b í s áː
bishiya	b í ʃ í j àː
bisimilla	b ì s í m í l l àː
bisimillahi	b ì s í m ì l l áː h ìː
biya	b í j à
biyar	b ì j á r
biyer	b ì j ê r
biyu	b í j ú
biza	b íː z àː
boca	b óː t͡ʃ àː
boko	b óː k òː
bonono	b òː n òː n òː
bora	b óː ɽ àː
bori	b òː ɽ íː
bosniya	b ó s n í j à
boyi	b òː j í
boɗoɗo	b òː ɗ òː ɗ òː
budurwa	b ù d ú ɽ w áː
buguzunzum	b ù ɡ ù z ù n z ù m
bukka	b ú k k àː
bura	b úː ɽ áː
buroka	b ù r óː k àː
burɗunɗun	b ù r ɗ ù n ɗ ù n
buta	b úː t àː
buƙwi	b ù kʷʼ íː
buɗuɗu	b ú ɗ ú ɗ ú
ca	t͡ʃ áː
ca	t͡ʃ âː
cadi	t͡ʃ áː d ì
caka	t͡ʃ à k áː
caka	t͡ʃ á k á
calawa	t͡ʃ áː l áː w áː
cali	t͡ʃ àː l í
cali	t͡ʃ áː l íː
canko	t͡ʃ à n k óː
casa'in	t͡ʃ à s à ʔ í n
cata	t͡ʃ áː t àː
caɓaɓa	t͡ʃ á ɓ á ɓ á
ci	t͡ʃ í
cibi	t͡ʃ í b íː
cibi	t͡ʃ íː b ìː
cif	t͡ʃ í p
cif	t͡ʃ î f
ciki	t͡ʃ í k ìː
ciki	t͡ʃ í k í
cindo	t͡ʃ í n d òː
cir	t͡ʃ î r
ciroma	t͡ʃ í r òː m à
citta	t͡ʃ ì t t á
citta	t͡ʃ í t t à
ciwo	t͡ʃ íː w òː
coci	t͡ʃ óː t͡ʃ ì
coi	t͡ʃ ó í
cokali	t͡ʃ óː k à l íː
cuku	t͡ʃ ú k úː
cukwi	t͡ʃ ú kʷ íː
cuna	t͡ʃ úː n àː
cura	t͡ʃ úː ɽ àː
curi	t͡ʃ úː ɽ ìː
cwai	t͡ʃʷ á i
da'awa	d à ʔ à w áː
da'ira	d áː ʔ ì r áː
dabba	d á b b àː
dabino	d á b íː n òː
dabo	d á b òː
daddawa	d à d d á w áː
daftari	d á f t à r íː
daga	d á ɡ áː
daga	d áː ɡ áː
dage	d á ɡ éː
dahir	d áː h ì r
daimon	d á i m ò n
daina	d á i n àː
dala	d àː l á
dala	d á l àː
dalili	d à l íː l ìː
damagaram	d à m á ɡ à r á m
dambe	d á m b é
dambu	d á m b úː
damisa	d àː m í s àː
danana	d á n á n á
danda	d à n d á
dandali	d á n d à l íː
danga	d á n ɡ áː
dankali	d à n k á l ìː
daraja	d á r á d ʒ àː
darasi	d á r à s íː
dari	d á ɽ ìː
darma	d á r m àː
darni	d à r n íː
datti	d à t t í
dattijo	d á t t íː d ʒ ò
dau	d à u
dauda	d á u d àː
daula	d á u l àː
daura	d à u ɽ áː
dawa	d á w à
dawa	d áː w àː
daƙashi	d á kʼ à ʃ íː
daƙiƙa	d à kʼ íː kʼ àː
daƙiƙi	d à kʼ íː kʼ ìː
di'o	d íː ʔ òː
diflomasiyya	d ì f l òː m à s í j j àː
diga	d í ɡ àː
dimashi	d ì m áː ʃ ì
dimokuraɗiyya	d ì m ò k ù ɽ à ɗ í j j àː
dina	d í n àː
dinari	d íː n áː r ìː
dinya	d í n j áː
disamba	d ì s á m b àː
diwani	d íː w áː n ìː
diyya	d í j j àː
dogara	d òː ɡ á ɽ à
dogara	d òː ɡ á ɽ àː
dogarai	d òː ɡ à ɽ á i
dogari	d òː ɡ á ɽ ìː
dogo	d óː ɡ ó
dogo	d óː ɡ óː
doki	d óː k ìː
dokta	d ó k t àː
dorina	d òː ɽ í n áː
dososo	d òː s òː s òː
du'a'i	d ú ʔ áː ʔ ìː
dubban	d ù b b â n
dubu	d ú b úː
dukiya	d úː k ì j áː
dukuku	d ù k ù k ù
duma	d ú m àː
duma	d ú m áː
dumɓu	d ú m ɓ úː
duna	d úː n àː
duniya	d úː n í j àː
duri	d úː ɽ ìː
duros	d ù r ô s
dutse	d úː t sʼ è
dutse	d úː t sʼ èː
edita	ʔ é d í t à
eka	ʔ éː k àː
el'e	ʔ é l ʔ êː
emti	ʔ é m t ìː
en'e	ʔ é n ʔ èː
fa'ida	f áː ʔ í d àː
fabrairu	f à b r á i r ù
fahami	f á h à m íː
fahari	f á h à r íː
falsafa	f á l s á f àː
fam	f â m
fangali	f á n ɡ á l íː
fanke	f à n k éː
fanni	f á n n ìː
fara'a	f á r á ʔ àː
farali	f á r à l íː
faransa	f à r á n s à
faransanci	f á r á n s á n t͡ʃ íː
farce	f á ɽ t͡ʃ èː
fari	f á ɽ íː
fari	f áː ɽ ì
farilla	f à r í l l àː
farisa	f áː r í s à
fartanya	f á r t á n j àː
faruku	f àː r ú k ù
faruƙu	f àː r ú kʼ ù
fasa'ofis	f á s à ʔ óː f ì s
fasali	f á s à l íː
fasfo	f à s f ó
fashe	f á ʃ é
fasinja	f áː s í n d ʒ à
fasiƙi	f áː s ì kʼ íː
fat	f á t
fatakwal	f á t áː kʷ à l
fatanya	f á t á n j àː
fatau	f á t á u
fatsa	f á t sʼ á
fatsi	f á t sʼ íː
fau	f á u
faƙiri	f à kʼ íː r ìː
faɗimatu	f áː ɗ ì m á t ù
feda	f éː d àː
fensir	f é n s ì r
fes	f é s
fetal	f èː t á l
fi'ili	f í ʔ ì l íː
fida'u	f ì d áː ʔ ùː
fijo	f ì d ʒ ôː
filafili	f í l à f í l íː
filas	f ì l â s
filato	f ì l àː t ó
fili	f íː l íː
firamare	f í r áː m à r èː
fis	f î s
fitila	f ì t í l àː
fitina	f ì t í n àː
fiƙihu	f í kʼ í h ù
fom	f ô m
fula	f ùː l áː
funkaso	f ù n k àː s óː
funtuwa	f ù n t ú w à
fura	f ú ɽ áː
fure	f ù ɽ éː
fururu	f ú ɽ ú ɽ ú
fuɗu	f ú ɗ ú
gabar	ɡ á b à r
gabas	ɡ á b à s
gada	ɡ à d áː
gada	ɡ á d àː
gadara	ɡ à d áː r àː
gado	ɡ á d óː
gadu	ɡ à d úː
gafara	ɡ áː f á r àː
gagai	ɡ á ɡ à i
gagarau	ɡ àː ɡ à ɽ á u
gahawa	ɡ á h á w àː
gaibi	ɡ á i b ì
gaira	ɡ á i r à
gaiwa	ɡ â i w áː
gajere	ɡ à d ʒ éː ɽ é
gajere	ɡ à d ʒ éː ɽ éː
galadima	ɡ à l àː d íː m àː
galala	ɡ àː l àː l àː
galau	ɡ à l á u
galibi	ɡ áː l ì b íː
gam	ɡ â m
gamsheƙa	ɡ à m ʃ èː kʼ áː
gana	ɡ áː n à
ganau	ɡ à n á u
gandu	ɡ á n d úː
ganima	ɡ à n íː m àː
ganye	ɡ á n j éː
garki	ɡ à ɽ k í
garkuwa	ɡ à ɽ k ú w áː
garu	ɡ àː r úː
garwashi	ɡ á ɽ w áː ʃ íː
gatari	ɡ àː t á ɽ íː
gato	ɡ àː t ôː
gaula	ɡ á u l áː
gawa	ɡ áː w áː
gazet	ɡ à z é t
gemu	ɡ éː m ùː
giginyu	ɡ ì ɡ ì n j ú
gimbiya	ɡ í m b ì j áː
giris	ɡ ì r î s
girka	ɡ í ɽ k áː
gitta	ɡ í t t àː
giwa	ɡ íː w áː
giya	ɡ í j àː
goba	ɡ óː b àː
gobir	ɡ òː b í r
goge	ɡ òː ɡ éː
goma	ɡ óː m à
gomiya	ɡ òː m í j áː
gona	ɡ óː n áː
goro	ɡ óː r ò
guba	ɡ ú b àː
gula	ɡ ú l àː
gulbi	ɡ ú l b íː
gum	ɡ ù m
guma	ɡ ú m àː
gumal	ɡ ú m à l
guna	ɡ ú n àː
gunda	ɡ ú n d àː
gunus	ɡ ù n ù s
gunya	ɡ ú n j áː
gurasa	ɡ ù r áː s àː
gurnet	ɡ ù r n é t
guru	ɡ úː r úː
gusa	ɡ ú s àː
gusau	ɡ ù s á u
gusum	ɡ ú s ù m
gwaggo	ɡʷ á ɡ ɡ ò
gwaiba	ɡʷ á i b àː
gwal	ɡʷ â l
gwalkwas	ɡʷ á l kʷ à s
gwamna	ɡʷ á m n àː
gwamnati	ɡʷ á m n á t ì
gwanda	ɡʷ á n d àː
gwandu	ɡʷ á n d ú
gwangwani	ɡʷ á n ɡʷ á n íː
gwanjo	ɡʷ à n d ʒ óː
gwanki	ɡʷ á n k íː
gwaza	ɡʷ áː z áː
gwiwa	ɡʷ íː w àː
habasha	h á b á ʃ à
hadda	h á d d àː
haddi	h á d d ìː
hadisi	h à d íː s ìː
hadizatu	h à d íː z á t ù
hafizu	h áː f í z ù
hafsatu	h à f s á t ù
haila	h á i l àː
hairan	h á i r à n
haja	h áː d ʒ àː
haji	h á d ʒ ì
hajji	h á d ʒ d ʒ ì
hakimi	h áː k ì m íː
hakiya	h á k í j àː
hakkan	h á k k à n
hakki	h á k k ìː
halaka	h à l á k à
halaka	h á l à k áː
halal	h à l â l
halama	h à l áː m àː
hali	h áː l íː
halilu	h à l íː l ù
halima	h à l íː m à
halwa	h á l w àː
hama	h á m àː
hamada	h à m áː d àː
hamayya	h à m á j j àː
hamdala	h á m d á l àː
hamidu	h á m íː d ù
hamila	h à m íː l àː
hamsin	h à m s í n
hanci	h á n t͡ʃ ìː
hanci	h á n t͡ʃ í
hangum	h à n ɡ ú m
hanhai	h à n h á i
hani	h á n ìː
hani'an	h áː n í ʔ à n
hanta	h á n t àː
hanya	h á n j àː
har	h á r
harafi	h á r à f íː
haraji	h à r áː d ʒ ìː
haram	h à r â m
harsashi	h à r s áː ʃ ìː
harshe	h á ɽ ʃ è
haruna	h á r úː n à
hasa	h á s àː
hasafi	h á s à f íː
hasan	h á s à n
hasana	h á s à n áː
hasara	h à s áː r àː
hatimi	h áː t ì m íː
hatta	h à t t áː
hau	h â u
hausa	h á u s á
hauwa	h à u w á
hawa'i	h à w áː ʔ íː
hawainiya	h à w á i n ì j áː
hazbiya	h á z b í j áː
haziƙi	h áː z ì kʼ íː
hazo	h á z óː
haƙori	h á kʼ óː ɽ íː
haƙurau	h à kʼ ù ɽ á u
haɓa	h á ɓ àː
haɓe	h áː ɓ è
haɓɓoje	h á ɓ ɓ óː d ʒ è
haɗari	h á ɗ à r íː
haɗeja	h á ɗ éː d ʒ à
hidima	h í d í m áː
hijabi	h ì d ʒ áː b ìː
hijira	h í d ʒ í r áː
hikaya	h ì k áː j àː
hikima	h í k í m àː
hisabi	h ì s áː b ìː
hoda	h óː d àː
hole	h óː l èː
holo	h óː l òː
homan	h óː m à n
hubbare	h ú b b áː r è
huhu	h ùː h úː
huhu	h úː h ùː
hukuma	h ù k úː m àː
hula	h ùː l áː
humushi	h ú m ùː ʃ íː
humusi	h ú m ùː s íː
huntu	h ú n t úː
hura	h úː ɽ àː
hurriyya	h ù r r í j j àː
husaina	h ú s à i n áː
husaini	h ù s á i n ì
husufi	h ù s úː f ìː
hutsu	h úː t sʼ úː
hutu	h úː t úː
huɗu	h ú ɗ ú
huɗuba	h ú ɗ ú b àː
ibada	ʔ ì b áː d àː
ibilis	ʔ ì b ì l î s
iblis	ʔ ì b l î s
ibrahim	ʔ ì b r áː h ì m
ice	ʔ í t͡ʃ èː
idda	ʔ í d d àː
idi	ʔ íː d ìː
ido	ʔ í d òː
ijara	ʔ ì d ʒ áː r àː
ikko	ʔ ì k k ó
ilimi	ʔ í l ì m íː
illa	ʔ í l l àː
illa	ʔ í l l áː
ilmi	ʔ í l m ìː
ilmi	ʔ î l m íː
imani	ʔ íː m áː n ìː
inabi	ʔ í n à b íː
indiya	ʔ í n d í j à
ingarma	ʔ ì n ɡ á r m àː
ingila	ʔ íː n ɡ ì l à
ingilishi	ʔ í n ɡ ì l íː ʃ ìː
inna	ʔ í n n à
iraƙ	ʔ ì r â kʼ
iraƙi	ʔ ì r âː kʼ ì
isa	ʔ íː s áː
isha	ʔ ìː ʃ áː
ishara	ʔ ì ʃ áː r àː
ishe	ʔ í ʃ èː
isiyaku	ʔ í s í j áː k ù
iska	ʔ í s k àː
isma'ilu	ʔ ì s m áː ʔ íː l ù
isra'ila	ʔ ì s r áː ʔ íː l à
istihara	ʔ í s t ì h áː r àː
isƙandariya	ʔ ì s kʼ á n d à r í j à
ita	ʔ í t á
italiya	ʔ ì t áː l í j à
iyali	ʔ ì j áː l ìː
izifi	ʔ í z ì f íː
izini	ʔ í z ì n íː
izni	ʔ í z n ìː
ja	d ʒ áː
jace	d ʒ àː t͡ʃ éː
jadawali	d ʒ á d á w à l íː
jafa'i	d ʒ à f áː ʔ ìː
jahadi	d ʒ à h áː d ìː
jahili	d ʒ áː h ì l íː
jahun	d ʒ áː h ù n
jaka	d ʒ à k áː
jaki	d ʒ àː k íː
jam'i	d ʒ á m ʔ ìː
jam'iyya	d ʒ à m ʔ í j j àː
jama'a	d ʒ à m á ʔ à
jamhuriya	d ʒ à m h úː r í j àː
jami'a	d ʒ áː m ì ʔ áː
jami'a	d ʒ áː m í ʔ àː
jami'i	d ʒ áː m ì ʔ íː
jamus	d ʒ áː m ù s
jamusanci	d ʒ áː m ú s á n t͡ʃ íː
jana'iza	d ʒ à n áː ʔ í z àː
janaba	d ʒ à n á b àː
janairu	d ʒ à n á i r ù
janar	d ʒ á n à r
jandarma	d ʒ á n d á r m à
japan	d ʒ à p â n
jarida	d ʒ à r íː d àː
jarrabawa	d ʒ á r r à b âː w áː
jatau	d ʒ àː t á u
jawabi	d ʒ à w áː b ìː
jawur	d ʒ àː w ú r
jaza'i	d ʒ à z áː ʔ ìː
jazur	d ʒ àː z ú r
jega	d ʒ èː ɡ á
jibirilu	d ʒ ì b ì r íː l ù
jibiya	d ʒ í b í j à
jidali	d ʒ ì d áː l ìː
jif	d ʒ î f
jihadi	d ʒ ì h áː d ìː
jika	d ʒ í k à
jiki	d ʒ ì k íː
jim	d ʒ í m
jima'i	d ʒ ì m áː ʔ ìː
jimilla	d ʒ ì m í l l àː
jimina	d ʒ ì m í n áː
jimla	d ʒ í m l àː
jimɓirɓir	d ʒ ì m ɓ ì r ɓ ì r
jini	d ʒ í n íː
jinsi	d ʒ í n s ìː
jirgi	d ʒ í ɽ ɡ íː
jos	d ʒ ò s
jugum	d ʒ ù ɡ ú m
jumma'a	d ʒ ú m m á ʔ àː
jummai	d ʒ ú m m á i
juwa	d ʒ ù w áː
juzu'i	d ʒ ú z ù ʔ íː
kabari	k á b à r íː
kabewa	k à b éː w àː
kabila	k à b íː l àː
kaca	k á t͡ʃ àː
kaciya	k àː t͡ʃ í j àː
kada	k á d áː
kadari	k á d à r íː
kado	k àː d ôː
kaduna	k à d úː n á
kaf	k á p
kafa	k á f àː
kafa	k á f áː
kafaɗa	k àː f á ɗ àː
kafe	k á f èː
kafin	k àː f ì n
kafiri	k áː f ì r íː
kafur	k áː f ù r
kahuhu	k á h ú h ú
kai	k á i
kaidi	k á i d ìː
kaigama	k á i ɡ á m à
kairo	k á i r ò
kaita	k á i t á
kaiwa	k á i w áː
kaka	k àː k á
kaka	k àː k áː
kakaki	k àː k àː k íː
kalami	k à l áː m ìː
kalma	k á l m àː
kaltibeta	k á l t ì b éː t àː
kam	k á m
kamala	k à m áː l àː
kamaru	k à m à r ú
kambi	k á m b íː
kamfas	k á m f à s
kamili	k áː m ì l íː
kamin	k àː m ì n , k àː m í n
kamyo	k à m j ôː
kanar	k á n à r
kandu	k á n d úː
kango	k á n ɡ óː
kankana	k á n k á n áː
kanki	k á n k ìː
kanne	k á n n èː
kano	k á n òː
kanta	k á n t àː
kanta	k á n t áː
kanti	k à n t íː
kanumfari	k à n ú m f à r íː
karahiya	k à r áː h í j àː
karama	k à r áː m àː
karanta	k á r à n t áː
kare	k à ɽ éː
kare	k àː r êː
karimi	k à r íː m ìː
karkanda	k á r k à n d à
karuwa	k áː r ù w à
kasat	k áː s à t
kasko	k á s k óː
kaso	k á s ò
kasu	k à s ú
kasuwa	k àː s ú w áː
katagum	k á t áː ɡ ù m
kati	k áː t ìː
katibi	k áː t ì b íː
katifa	k à t íː f àː
katsina	k à t sʼ í n à
kauci	k á u t͡ʃ ìː
kawu	k àː w ú
kawu	k áː w ù
kaza	k àː z áː
kazaf	k á z à f
kazaure	k à z á u ɽ é
kaɗanya	k á ɗ á n j àː
kaɗo	k áː ɗ ò
keso	k éː s òː
kibiya	k í b í j à
kibiya	k í b í j àː
kifa	k í f àː
kife	k í f èː
kifi	k íː f íː
kili	k ì l îː
kilishi	k í l ì ʃ íː
kimsa	k í m s àː
kindirmo	k ì n d ì r m óː
kirsimati	k í r s ì m á t ì
kirtif	k ì ɽ t í p
kissa	k í s s à
kiyama	k ì j áː m àː
kofi	k òː f íː
kofi	k óː f ìː
kofur	k óː f ù r
kogi	k òː ɡ íː
koka	k óː k àː
koko	k òː k óː
koko	k óː k ó
kolo	k óː l óː
koma	k óː m áː
komi	k óː m íː
komo	k óː m óː
kore	k óː r èː
kori	k óː r ìː
kos	k ô s
kotu	k óː t ù
kubbi	k ú b b ì
kucaki	k ù t͡ʃ áː k íː
kudaku	k úː d á k ú , k úː d à k úː
kudu	k ú d ù
kufai	k ú f á i
kuge	k ù ɡ éː
kukuma	k úː k úː m àː
kullum	k ú l l ú m
kumallo	k ù m á l l óː
kumama	k ù m áː m áː
kunama	k ù n áː m àː
kuni	k ù n îː
kunne	k ú n n é
kunne	k û n n éː
kunya	k ú n j àː
kunya	k ú n j áː
kura	k úː ɽ á
kurkuku	k û r k ú k ùː
kurma	k ú ɽ m áː
kurmi	k ú ɽ m ìː
kurwa	k ù ɽ w áː
kusa	k ú s á
kuskus	k ú s k ù s
kuɓewa	k ú ɓ èː w áː
kuɗi	k ú ɗ íː
kwabo	kʷ á b òː
kwal	kʷ â l
kwala	kʷ á l àː
kwalekwale	kʷ à l é kʷ à l é
kwamfyuta	kʷ à m fʲ úː t àː
kwango	kʷ á n ɡ ò
kwano	kʷ áː n òː
kwara	kʷ áː ɽ à
kwaram	kʷ á ɽ à m
kwatsam	kʷ á t sʼ à m
kwaɗo	kʷ àː ɗ óː
kwaɗo	kʷ á ɗ ò
kwiyat	kʷ ì j â t
kyaftin	c á f t ì n
kyanada	c á n á d à
kyanwa	c â n w áː
kyat	c â t
kyau	c â u
la'ada	l à ʔ á d àː
la'alla	l à ʔ á l l àː
la'asar	l à ʔ á s à r
la'asariyya	l à ʔ à s á r í j j àː
la'ifi	l à ʔ íː f ìː
laba	l áː b àː
labari	l àː b áː r ìː
labudda	l àː b ú d d à
lacca	l á t͡ʃ t͡ʃ àː
lada	l áː d áː
ladabi	l á d à b ìː
ladan	l àː d â n
ladani	l àː d áː n ìː
ladi	l áː d ì
lafazi	l á f à z íː
lafi	l áː f ìː
lafiya	l áː f í j àː
lahadi	l á h à d ì
lahira	l áː h í r àː
laifi	l â i f íː
laima	l á i m àː
laita	l á i t àː
laka	l á k áː
laka	l áː k áː
lakile	l àː k ì l êː
lakwaja	l á kʷ á d ʒ à
lale	l áː l èː
lalle	l á l l èː
lalle	l á l l éː
lalo	l áː l òː
lam	l á m
lamba	l á m b àː
lambu	l à m b úː
lami	l àː m îː
lamiri	l à m íː r ìː
landan	l á n d à n
laraba	l àː r à b áː
lardi	l á r d ìː
larura	l à r úː r àː
lasin	l áː s ì n
lasisi	l áː s íː s ìː
laskofur	l â s k óː f ù r
latsa	l áː t sʼ àː
launi	l á u n ìː
lauya	l á u j àː
lawur	l áː w ú ɽ
laya	l áː j àː
lazza	l á z z àː
legas	l éː ɡ à s
lemo	l èː m óː
lif	l î f
likita	l í k í t à
limam	l ìː m â m
liman	l ìː m â n
linjila	l ì n d ʒ íː l áː
linzami	l ì n z áː m ìː
lisha	l ìː ʃ áː
lissafi	l ì s s áː f ìː
litinin	l ìː t ì n î n
littafi	l í t t áː f ìː
loga	l óː ɡ àː
lokaci	l óː k à t͡ʃ íː
lori	l óː r ìː
lu	l ûː
lubayya	l ù b á j j à
lugga	l ú ɡ ɡ àː
lula	l úː l àː
luleti	l ù l éː t ì
lumana	l ù m áː n àː
luwaɗi	l ù w áː ɗ ìː
luwul	l ú w ù l
luƙwi	l ú kʷʼ íː
ma'amala	m à ʔ áː m á l àː
ma'ana	m à ʔ à n áː
mabiyi	m á b ì j íː
mace	m à t͡ʃ èː
madina	m à d íː n à
madubi	m á d úː b íː
magaji	m á ɡ àː d ʒ í
magaji	m á ɡ àː d ʒ íː
magajiya	m á ɡ áː d ʒ ì j áː
magariba	m à ɡ à r í b àː
magini	m á ɡ ìː n íː
mago	m á ɡ ó
mahalli	m à h â l l íː
mahawara	m à h áː w á r àː
mahmudu	m àː m úː d ù
mai	m â i
maiduguri	m à i d ú ɡ ù r í
maigado	m à i ɡ á d ó
maigari	m à i ɡ à ɽ í
maikuɗi	m à i k ú ɗ í
maina	m á i n à
mairiga	m à i ɽ ìː ɡ à
maiso	m á i s óː
maita	m â i t áː
maitama	m à i t á m á
maiwada	m à i w à d áː
maiɗaki	m à i ɗ áː k ì
majalisa	m à d ʒ à l í s àː
majami'a	m à d ʒ áː m í ʔ àː
majanuni	m à d ʒ à n úː n ìː
maka	m á k à
makama	m á k àː m áː
makama	m á k áː m áː
makaranta	m á k á r á n t áː
makaɗi	m á k à ɗ íː
makaɗi	m á k á ɗ íː
makero	m à k éː ɽ òː
makiyayi	m á k ì j àː j íː
makka	m á k k à
mako	m áː k òː
mala'ika	m à l áː ʔ í k àː
malam	m áː l à m
malama	m áː l à m áː
malami	m áː l à m íː
mama	m àː m á
mandiri	m à n d íː r ìː
mangariba	m à n ɡ à r í b àː
manhaja	m á n h á d ʒ àː
manja	m á n d ʒ à
manjo	m á n d ʒ ò
mantau	m à n t á u
manzo	m à n z óː
maraba	m á r àː b á
maraba	m á ɽ á b áː
maraɗi	m á ɽ áː ɗ í
marhabin	m à r h á b ì n
marili	m à r íː l ìː
mariri	m àː ɽ íː ɽ íː
maris	m áː r ì s
marke	m á ɽ k éː
maroko	m à r óː k ò
maroƙi	m á ɽ òː kʼ íː
maru	m áː ɽ ù
maryamu	m á r j á m ù
masallaci	m á s á l l áː t͡ʃ íː
masar	m á s à r
masara	m á s à r áː
masaya	m á s á j áː
masaya	m á s áː j áː
mashahuri	m à ʃ à h úː r ìː
mashi	m áː ʃ ìː
mashin	m à ʃ î n
masinja	m áː s í n d ʒ à
masoro	m à s óː ɽ ó
mata	m àː t áː
mata	m áː t áː
matala	m à t à l âː
matalauci	m á t à l à u t͡ʃ íː
maya	m àː j áː
mayani	m á j áː n íː
mayu	m áː j ùː
maza	m á z á
maza	m á z áː
maƙil	m àː kʼ í l
maɗaba'a	m á ɗ áː b á ʔ áː
maɗaci	m á ɗ àː t͡ʃ íː
mele	m éː l éː
mesa	m éː s àː
mesin	m éː s ì n
miji	m í d ʒ ìː
mim	m í m
minista	m í n í s t à
minti	m í n t ìː
mirya	m í ɽ j à
misali	m ì s áː l ìː
mishi	m í ʃ íː
misira	m í s í r à
miski	m í s k ìː
miskini	m ì s k íː n ìː
miya	m í j àː
mizani	m íː z áː n ìː
mohammed	m ù h á m m à d
molo	m óː l óː
mota	m óː t àː
mowa	m óː w àː
mu	m úː
mu'amala	m ù ʔ áː m á l àː
mu'ujiza	m ù ʔ ù d ʒ í z àː
mubazzari	m ù b á z z à r íː
muddin	m ú d d ì n
mugu	m úː ɡ ùː
muhammadiyya	m ù h à m m à d í j j àː
muhammadu	m ù h á m m á d ù
muharram	m ù h á r r à m
muhibba	m ù h í b b àː
muhimmi	m ù h í m m ìː
muhtari	m ù k t áː r í
muhuri	m ú h úː ɽ íː
mujaddadi	m ù d ʒ á d d à d íː
mujalla	m ù d ʒ á l l àː
mujiya	m úː d ʒ ì j áː
mula	m ù l á
mulki	m ú l k ìː
mulukiya	m ú l úː k í j àː
mumbari	m ú m b à r íː
mumini	m úː m ì n íː
munafuki	m ù n áː f ù k íː
mur	m û r
muradi	m ù r áː d ìː
murfi	m ú ɽ f íː
murhu	m ú ɽ h ùː
murjani	m ù r d ʒ áː n ìː
murtuk	m ù r t ú k
murza	m ù ɽ z áː
murza	m ú ɽ z àː
murzani	m ù r z áː n ìː
musa	m úː s áː
musawa	m úː s áː w áː
mushe	m ù ʃ êː
mushe	m úː ʃ èː
mushiriki	m ú ʃ í r ì k íː
mussa	m ú s s à
mussa	m ú s s àː
mustapha	m ú s t à f áː
musulmi	m ù s ù l m íː
mutu	m ú t ù
mutum	m ù t û m
muzi	m úː z íː
muzuru	m ù z úː ɽ úː
na'am	n à ʔ á m
na'am	n á ʔ à m
na'ibi	n áː ʔ ì b íː
na'ura	n àː ʔ úː r àː
nafila	n áː f í l àː
nahawu	n á h á w ùː
nahiya	n áː h í j àː
naijeriya	n à i d ʒ éː r í j àː
naira	n á i r àː
najeriya	n àː d ʒ éː r í j àː
nama	n áː m àː
nas	n â s
nasaba	n á s á b àː
nasara	n á s á r àː
nasara	n á s áː r àː
nasaru	n à s àː r úː
nasiha	n à s íː h àː
nau'i	n á u ʔ ìː
nazari	n á z à r íː
neja	n éː d ʒ à
nesa	n éː s à
ni	n íː
ni'ima	n í ʔ í m àː
nijeriya	n ìː d ʒ éː r í j à
nil	n î l
nim	n î m
nishaɗi	n ì ʃ áː ɗ ìː
nono	n óː n òː
noti	n óː t ìː
notis	n óː t ì s
nuhu	n ú h ù
nukus	n ù k ù s
nun	n ú n
nuwamba	n ù w á m b àː
obin	ʔ óː b ì n
ofis	ʔ óː f ì s
oga	ʔ ò ɡ áː
oktoba	ʔ ò k t óː b àː
omo	ʔ óː m òː
oza	ʔ óː z àː
pakistan	p áː k í s t à n
palasɗinu	p à l à s ɗ íː n ù
paris	p áː r ì s
parmi	p à r m îː
pasaje	p à s à d ʒ êː
pasha	p áː ʃ à
pijo	p ì d ʒ ó
pil	p î l
po	p ôː
ra'ayi	r á ʔ à j íː
ra'i	r áː ʔ ìː
rafani	r áː f àː n íː
ragama	ɽ á ɡ à m áː
rahama	r á h á m àː
rahila	ɽ à h íː l áː
rahusa	r à h úː s áː
rai	ɽ â i
rairai	ɽ à i ɽ á i
rairayi	ɽ à i ɽ à j íː
rajab	ɽ á d ʒ à b
raka'a	r á k á ʔ àː
rake	ɽ à k éː
raki	ɽ áː k ìː
rama	ɽ àː m á
rama	ɽ á m àː
ramalan	ɽ à m à l â n
rami	ɽ áː m ìː
ramɓasɓas	r à m ɓ à s ɓ à s
rana	ɽ áː n á
rana	ɽ áː n áː
randa	ɽ à n d áː
rano	ɽ á n ó
rasha	ɽ áː ʃ à
rashawa	r á ʃ á w áː
rawani	ɽ á w à n íː
rawaya	ɽ àː w á j àː
raƙumi	ɽ àː kʼ ú m íː
raɓa	ɽ áː ɓ áː
raɗau	r á ɗ á u
rema	ɽ éː m áː
reras	r èː r á s
reza	r éː z àː
ri	r ìː
riba	r ì b á
riba	r íː b àː
ridda	r í d d áː
riga	ɽ ìː ɡ áː
rige	ɽ í ɡ é
rimi	ɽ íː m í
rimi	ɽ íː m íː
ringim	ɽ í n ɡ ì m
riris	ɽ í ɽ ì s
rogo	ɽ óː ɡ ò
rogo	ɽ óː ɡ òː
romo	ɽ óː m óː
ru'uya	r ù ʔ ù j áː
rubu'i	r ú b ù ʔ íː
rubuta	r ú b ùː t áː
ruhu	r úː h ù
rula	r úː l àː
rututu	r ú t ú t ú
ruwa	ɽ ú w á
ruwa	ɽ ú w áː
ruƙayyatu	ɽ ú kʼ à j j á t ù
r̃	r
sa	s âː
sa'a	s á ʔ àː
sa'a	s áː ʔ àː
sa'ida	s à ʔ íː d àː
saba'in	s à b à ʔ í n
sababi	s á b à b íː
sabo	s áː b ó
sabo	s áː b óː
sada	s áː d àː
sadaka	s á d á k àː
sadaki	s à d âː k íː
sadau	s àː d á u
sadin	s àː d î n
safa	s à f âː
safa	s àː f áː
safar	s á f à r
safara	s á f á r àː
safe	s áː f é
safi	s áː f íː
sagara	s àː ɡ á ɽ áː
sage	s á ɡ èː
sago	s á ɡ óː
sahani	s à h áː n ìː
sahibi	s áː h ì b íː
sahihi	s à h íː h ìː
sahur	s à h û r
saja	s áː d ʒ àː
sakan	s á k à n
sakarai	s áː k á r á i
sake	s à k éː
sakkwato	s á kʷ kʷ á t ó
sako	s à k óː
salama	s à l áː m àː
salati	s à l áː t ìː
salga	s á l ɡ áː
salihi	s áː l ì h íː
saliyo	s àː l ì j ôː
salka	s à l k áː
salla	s á l l àː
sallau	s à l l á u
sama	s á m à
samanja	s àː m á n d ʒ à
samɓal	s à m ɓ á l
samɓala	s á m ɓ á l áː
samɓali	s á m ɓ á l í
samɓalɓal	s à m ɓ à l ɓ à l
sana'a	s à n á ʔ àː
sanata	s á n á t àː
sanda	s à n d á
sandal	s á n d à l
sanduƙi	s à n d úː kʼ ìː
sani	s á n ìː
saniya	s áː n ì j áː
sanka	s á n k áː
sannu	s à n n ú
sannu	s á n n ù
santambul	s à n t à m b û l
santi	s à n t í
sarai	s á r á i
sarara	s à ɽ à ɽ à
saratu	s áː r á t ù
sarauniya	s á ɽ á u n ì j áː
sardauna	s à r d á u n á
sarka	s à r k áː
sarki	s á ɽ k í
sarki	s á ɽ k íː
sarƙa	s á ɽ kʼ àː
sata	s áː t àː
sati	s áː t íː
satumba	s à t ú m b àː
sau	s à u
sau	s á u
saudiyya	s à u d í j j àː
sauna	s á u n àː
sauti	s á u t ìː
saye	s à j éː
saye	s àː j éː
saɗara	s à ɗ á r àː
sef	s ê f
sha	ʃ á
sha'aban	ʃ à ʔ à b â n
sha'ani	ʃ á ʔ à n íː
shadda	ʃ á d d àː
shadda	ʃ â d d áː
shahada	ʃ à h áː d àː
shaho	ʃ áː h òː
shai'an	ʃ á i ʔ à n
shaihi	ʃ á i h ìː
shaiɗan	ʃ à i ɗ â n
sham	ʃ â m
shanono	ʃ àː n óː n ò
shapo	ʃ à p ôː
sharaɗi	ʃ á r à ɗ íː
sharhi	ʃ á r h ìː
shari'a	ʃ à r í ʔ àː
sharif	ʃ à r î f
sharifi	ʃ à r íː f ìː
sharo	ʃ á r ò
sharri	ʃ á r r ìː
sharu	ʃ à r ûː
shat	ʃ â t
shawwal	ʃ à w w â l
shayi	ʃ àː j íː
shayi	ʃ áː j ì
shehi	ʃ éː h ìː
shehu	ʃ éː h ùː
shekara	ʃ èː k á ɽ àː
shekarau	ʃ èː k à ɽ á u
sheƙeƙe	ʃ èː kʼ èː kʼ èː
shi	ʃ í
shida	ʃ í d à
shifta	ʃ í f t àː
shin	ʃ í n
shinge	ʃ í n ɡ éː
shinkafa	ʃ ì n k áː f áː
shirim	ʃ ì ɽ ì m
shirka	ʃ í r k àː
shiru	ʃ í ɽ úː
shirwa	ʃ í ɽ w àː
shu'umi	ʃ ú ʔ ù m íː
shuka	ʃ úː k àː
shuɗi	ʃ úː ɗ ìː
sifiri	s í f ì r íː
siga	s íː ɡ àː
siket	s ì k é t
sila	s í l àː
sili	s íː l ìː
silin	s íː l ì n
sin	s í n
sirdi	s í r d ìː
siriya	s íː r í j à
sista	s í s t àː
sitam	s ì t â m
sitampi	s ì t á m p ìː
sitira	s ì t í r àː
sito	s ì t ó
sittin	s ì t t í n
siyaki	s ì j áː k íː
siyasa	s ì j áː s àː
siɗik	s í ɗ í k
soba	s òː b á
soci	s óː t͡ʃ ì
sol	s ó l
somi	s óː m ìː
soso	s òː s óː
soye	s òː j éː
su	s ùː
sufana	s ù f áː n àː
sujjada	s ù d ʒ d ʒ á d àː
sukari	s ú k à r íː
sukuku	s ù k ù k ù
sulemanu	s ú l èː m áː n ù
sum	s ù m
sumul	s ú m ú l
suna	s úː n áː
sunduƙi	s ù n d úː kʼ ìː
sunna	s ú n n àː
sura	s ùː r áː
sura	s úː r àː
suya	s úː j àː
tabarau	t à b àː ɽ á u
tabarma	t àː b á ɽ m áː
tadawa	t à d á w àː
tafarnuwa	t à f á r n ú w áː
tafki	t á f k ìː
tafsiri	t à f s íː r ìː
taga	t áː ɡ àː
tagomashi	t á ɡ óː m à ʃ íː
taguwa	t àː ɡ ú w àː
taguwa	t á ɡ ú w àː
tajiri	t áː d ʒ ì r íː
takalmi	t àː k à l m íː
takarda	t á k à r d áː
takila	t áː k ì l à
takobi	t á k òː b íː
takum	t áː k ù m
takunkumi	t àː k ú n k ù m íː
takwas	t á kʷ à s
talaka	t á l à k à
talata	t à l áː t à
talatin	t à l àː t í n
talatu	t à l áː t ù
taliki	t áː l ì k íː
talla	t à l l à
talle	t á l l éː
tamanin	t à m àː n í n
tambaya	t à m b á j àː
tambur	t á m b ù r
tambutu	t à m b úː t ù , t á m b úː t ù
tana	t áː n áː
tanaka	t àː n áː k àː
tandu	t á n d úː
tanimu	t à n íː m ù
tankarki	t à n k á ɽ k ìː
tano	t à n ôː
tantabara	t à n t á b à r áː
tantakwashi	t à n t á kʷ à ʃ íː
tanti	t á n t ìː
tara	t à ɽ áː
tara	t àː ɽ áː
tara	t á r à
tara	t áː ɽ àː
tarabulus	t á r áː b ú l ù s
tarbiyya	t à r b í j j àː
tarihi	t áː r íː h ìː
tarnatsa	t á r n á t sʼ áː
taru	t áː ɽ úː
tasa	t áː s àː
tasalla	t á s á l l à
tasi	t àː s îː
taska	t á s k àː
tasku	t á s k ù
taswira	t àː s w íː r àː
tattabara	t à t t á b à r áː
tatul	t àː t ú l
taubashi	t á u b àː ʃ íː
tauhidi	t à u h íː d ìː
tauna	t á u n àː
tauraro	t à u ɽ áː ɽ òː
taure	t á u ɽ èː
tausa	t à u s áː
tautau	t á u t à u
tawada	t à w á d àː
taɓo	t à ɓ óː
tef	t é f
teku	t èː k ú
tela	t éː l à
ti	t îː
tif	t î f
tifa	t íː f àː
tijara	t ì d ʒ áː r àː
tik	t î k
tilas	t íː l à s
tilo	t ìː l óː
tim	t î m
tire	t ì r é
tis'in	t ì s ʔ í n
titi	t íː t ìː
tiƙis	t í kʼ í s
toka	t òː k áː
ton	t ó n
toshiya	t óː ʃ í j áː
tozali	t óː z à l íː
tozo	t óː z óː
tsabga	t sʼ á b ɡ àː
tsada	t sʼ áː d á
tsaf	t sʼ á p
tsagagi	t sʼ á ɡ á ɡ íː
tsai	t sʼ á i
tsaka	t sʼ á k à
tsaka	t sʼ á k áː
tsalala	t sʼ á l á l á
tsamiya	t sʼ áː m í j áː
tsanyawa	t sʼ á n j áː w áː
tsauni	t sʼ á u n ìː
tsere	t sʼ éː ɽ é
tsibiri	t sʼ ì b í ɽ íː
tsigi	t sʼ íː ɡ íː
tsila	t sʼ íː l á
tsintsiya	t sʼ í n t sʼ í n j áː
tsit	t sʼ í t
tsoho	t sʼ óː h óː
tsololo	t sʼ òː l òː l òː
tsundum	t sʼ ù n d ù m
tsundum	t sʼ ù n d ú m
tsuntsu	t sʼ ú n t sʼ úː
tubali	t úː b à l íː
tubarkalla	t ù b á r k á l l àː
tuhuma	t ù h ú m àː
tukuf	t ú k ú p
tulu	t ùː l úː
tun	t ú n
tunau	t ù n á u
tuntu	t ú n t úː
tuntunmi	t ú n t ú n m íː
turai	t úː r á i
turanci	t úː r á n t͡ʃ íː
turare	t ù ɽ àː ɽ éː
turba	t ú ɽ b àː
tururi	t ù ɽ ù ɽ íː
tusa	t úː s àː
tuta	t úː t àː
tutu	t úː t ù
tuwo	t ú w óː
uba	ʔ ù b áː
uda	ʔ úː d à
uku	ʔ ú k ù
ulu	ʔ úː l ù
umaru	ʔ ù m á r ù
umra	ʔ ú m r áː
ungozoma	ʔ ù n ɡ óː z òː m à
ungulu	ʔ ù n ɡ ù l ú
usaina	ʔ ú s à i n áː
ushira	ʔ ú ʃ ì r áː
ushiri	ʔ ú ʃ ì r íː
usumanu	ʔ ù s ù m áː n ù
usur	ʔ ú s ù r
uwa	ʔ ú w á
uwa	ʔ ú w áː
uzuri	ʔ ú z ù r íː
uƙuba	ʔ ù kʼ úː b àː
wa'adi	w á ʔ à d íː
wa'azi	w á ʔ à z íː
wada	w à d áː
wada	w àː d áː
waga	w áː ɡ áː
wagadugu	w à ɡ à d ú ɡ ù
waha	w á h àː
wahala	w à h á l àː
wakili	w à k íː l ìː
wal	w à l
wala	w áː l àː
wala	w áː l áː
walau	w à l à u
wali	w à l îː
wali	w áː l íː
waliyyi	w à l í j j ìː
wallahi	w à l l áː h ì
walƙiya	w à l kʼ í j áː
wani	w á n í
wanka	w á n k àː
wanka	w á n k áː
wanwar	w à n w á r
wanzam	w à n z â m
wanzami	w à n z áː m ìː
wanzanci	w á n z á n t͡ʃ ìː
ware	w áː ɽ èː
warwar	w à r w á r
warwas	w à r w á s
warƙa	w á r kʼ àː
wasa	w àː s áː
wasai	w á s á i
wasali	w á s à l íː
wasiyya	w à s í j j àː
wasiƙa	w à s íː kʼ àː
wata	w á t àː
wata	w á t á
watari	w à t à ɽ í
wau	w á u
waziri	w à z íː r ì , w à z íː r ìː
waƙafi	w á kʼ à f íː
wili	w íː l ìː
wofi	w òː f íː
wokaci	w óː k à t͡ʃ íː
wudil	w ù d í l
wul	w ù l
wul	w ú l
wulik	w ú l í k
wuluk	w ú l ú k
wuridi	w ú r ì d íː
wuski	w ú s k ìː
wuski	w ú s k íː
wuta	w ú t áː
wuya	w ù j áː
wuya	w ú j àː
wuƙa	w ú kʼ áː
yabirbira	j àː b í ɽ b ì ɽ áː
yadda	j á d d à
yadda	j â d d à
yakubu	j àː k ú b ù
yallaɓai	j á l l àː ɓ â i
yalwa	j à l w á
yamai	j à m à i
yamal	j á m à l
yanki	j á n k ìː
yari	j à ɽ íː
yarima	j à r íː m à
yarinya	j áː ɽ í n j àː
yaro	j áː ɽ òː
yatsa	j áː t sʼ àː
yautai	j á u t á i
yayyafi	j á j j á f íː
yaƙubu	j àː kʼ ú b ù
yis	j î s
yuganda	j ù ɡ á n d à
yuli	j úː l ì
yunan	j ùː n â n
yunananci	j úː n áː n á n t͡ʃ íː
yuni	j úː n ì
yusufu	j úː s ú f ù
za'ida	z áː ʔ í d àː
zabarjadi	z á b à r d ʒ á d ìː
zafaran	z àː f à r â n
zafi	z áː f íː
zahiri	z áː h ì r íː
zaiba	z á i b àː
zainabu	z à i n á b ù
zaiti	z á i t ìː
zaitun	z à i t û n
zaki	z áː k ìː
zakka	z à k k áː
zamani	z àː m áː n ìː
zamani	z áː m à n íː
zamba	z à m b á
zandar	z à n d â r
zara	z à ɽ áː
zara	z àː r áː
zare	z à ɽ éː
zare	z àː ɽ éː
zare	z á ɽ èː
zare	z áː ɽ èː
zariya	z áː ɽ í j à
zarto	z á r t òː
zau	z á u
zazzau	z á z z à u
zaƙaƙa	z à kʼ à kʼ à
zi	z îː
zigidir	z ì ɡ ì d í r
zik	z î k
zikiri	z í k ì r íː
zina	z ì n áː
zinari	z íː n áː r ìː
zinariya	z íː n áː r ì j áː
zira'i	z ì r áː ʔ ìː
zololo	z òː l òː l òː
zomo	z óː m óː
zubairu	z ù b á i r ù
zulhajji	z ú l h á d ʒ d ʒ ì
zulƙida	z ù l kʼ íː d àː
zundum	z ù n d ú m
zunubi	z ù n ú b ìː
zuriya	z ù r í j àː
ƙa'ida	kʼ áː ʔ í d àː
ƙa'imi	kʼ áː ʔ ì m íː
ƙabila	kʼ à b íː l àː
ƙadangare	kʼ à d á n ɡ á ɽ èː
ƙaddara	kʼ à d d á r àː
ƙaddara	kʼ á d d à r áː
ƙafa	kʼ á f àː
ƙaho	kʼ à h óː
ƙal	kʼ á l
ƙala	kʼ áː l àː
ƙamus	kʼ áː m ù s
ƙanana	kʼ á n áː n àː
ƙandas	kʼ á n d á s
ƙanƙane	kʼ à n kʼ á n èː
ƙarami	kʼ à ɽ á m íː
ƙarni	kʼ á r n ìː
ƙarƙaf	kʼ à ɽ kʼ á p
ƙas	kʼ á s
ƙasa	kʼ á s à
ƙasa	kʼ á s áː
ƙashi	kʼ à ʃ íː
ƙasida	kʼ à s íː d àː
ƙato	kʼ áː t òː
ƙauye	kʼ á u j èː
ƙazaf	kʼ á z à f
ƙazami	kʼ à z áː m íː
ƙazanta	kʼ à z â n t áː
ƙerere	kʼ èː ɽ èː ɽ èː
ƙififiya	kʼ í f í f í j á
ƙirin	kʼ í ɽ í n
ƙirji	kʼ ì ɽ d ʒ íː
ƙissa	kʼ í s s àː
ƙiyasi	kʼ ì j áː s ìː
ƙiƙam	kʼ ìː kʼ à m
ƙoda	kʼ óː d àː
ƙorama	kʼ òː ɽ á m àː
ƙosai	kʼ óː s á i
ƙosau	kʼ òː s á u
ƙoƙari	kʼ òː kʼ á ɽ í
ƙoƙiƙoƙi	kʼ óː k ì kʼ óː kʼ ì
ƙube	kʼ úː b è
ƙudus	kʼ ú d ù s
ƙugiya	kʼ úː ɡ ì j áː
ƙulumi	kʼ úː l ú m íː
ƙumba	kʼ ù m b áː
ƙundu	kʼ ù n d úː
ƙuri'a	kʼ ù r í ʔ àː
ƙursunsun	kʼ ù ɽ s ù n s ù n
ƙurungu	kʼ ù ɽ ú n ɡ ù
ƙut	kʼ ú t
ƙuƙut	kʼ ú kʼ ú t
ƙwai	kʷʼ á i
ƴ	j̰
ƴa	j̰ áː
ƴar	j̰ á r
ɓakutu	ɓ áː k ú t ú
ɓangwalgwal	ɓ à n ɡʷ à l ɡʷ à l
ɓarawo	ɓ à ɽ áː w òː
ɓaure	ɓ á u ɽ éː
ɓaɓura	ɓ áː ɓ ù ɽ à
ɓelele	ɓ èː l èː l èː
ɓulla	ɓ ù l l á
ɓurma	ɓ ú ɽ m á
ɗa	ɗ áː
ɗa'a	ɗ áː ʔ àː
ɗabi'a	ɗ à b íː ʔ àː
ɗalibi	ɗ áː l ì b íː
ɗan	ɗ á n
ɗanjuma	ɗ á n d ʒ úː m à
ɗanladi	ɗ á n l áː d ì
ɗanlami	ɗ á n l àː m îː
ɗantala	ɗ á n t à l áː
ɗanye	ɗ á n j éː
ɗari	ɗ à ɽ íː
ɗari	ɗ áː ɽ íː
ɗawafi	ɗ à w áː f ìː
ɗawisu	ɗ áː w íː s ù
ɗaya	ɗ á j á
ɗefi	ɗ èː f íː
ɗigo	ɗ í ɡ òː
ɗim	ɗ ì m
ɗim	ɗ î m
ɗu	ɗ ùː
ɗungum	ɗ ù n ɡ ú m
