aha	a h a
ahi	a h i
ahiahi	a h i a h i
ako	a k o
ala	a l a
alana	a l a n a
alapaʻi	a l a p a ʔ i
aloha	a l o h a
ana	a n a
ane	a n e
ani	a n i
anu	a n u
anuhea	a n u h e a
aotearoa	a o̯ k e a l o a
au	a u̯
awa	a w a
awakea	a w a k e a
awāwa	a w aː w a
aʻa	a ʔ a
banagaladesa	p a n a k a l a k e k a
ea	e a
galatia	k a l a k i a
gāna	k aː n a
habakuka	h a p a k u k a
hagai	h a k a i̯
hailama	h a i̯ l a m a
hailepo	h a i̯ l e p o
haka	h a k a
halaki	h a l a k i
hale	h a l e
halelū	h a l e l uː
haliaka	h a l i a k a
hana	h a n a
hanalei	h a n a l e i̯
hanalē	h a n a l eː
haole	h a o̯ l e
hau	h a u̯
haumea	h a u̯ m e a
haunani	h a u̯ n a n i
hawaiʻi	h a w a i̯ ʔ i
haʻaheo	h a ʔ a h e o
haʻawina	h a ʔ a w i n a
healani	h e a l a n i
hebera	h e p e l a
hekekia	h e k e k i a
hele	h e l e
helena	h e l e n a
helene	h e l e n e
heleʻekela	h e l e ʔ e k e l a
helu	h e l u
hema	h e m a
henelē	h e n e l eː
henua	h e n u a
heʻe	h e ʔ e
hikina	h i k i n a
hilo	h i l o
hina	h i n a
hipa	h i p a
hiʻiaka	h i ʔ i a k a
hiʻilani	h i ʔ i l a n i
hoe	h o e
hoehoe	h o e h o e
hoihoi	h o i h o i
holoholona	h o l o h o l o n a
honolulu	h o n o l u l u
honu	h o n u
honua	h o n u a
hou	h o u̯
hoʻopelapela	h o ʔ o p e l a p e l a
huhu	h u h u
hula	h u l a
hulinea	h u l i n e a
huluhulu	h u l u h u l u
humuhumu	h u m u h u m u
humuhumunukunukuāpuaʻa	h u m u h u m u n u k u n u k u aː p u a ʔ a
hunakalia	h u n a k a l i a
huʻihuʻi	h u ʔ i h u ʔ i
hōkū	h oː k uː
hōkūlani	h oː k uː l a n i
hōlani	h oː l a n i
hōʻaʻā	h oː ʔ a ʔ aː
hūi	h uː i
iakopa	i a k o p a
iakopo	i a k o p o
iemene	i e m e n e
ieremia	i e l e m i a
iho	i h o
ikaika	i k a i̯ k a
ilo	i l o
ioane	i o a n e
ioba	i o p a
iokepa	i o k e p a
iona	i o n a
ioredāne	i o l e k aː n e
ioʻela	i o ʔ e l a
ipu	i p u
iuda	i̯ u k a
iune	i̯ u n e
iāpana	i aː p a n a
kahakō	k a h a k oː
kahalaomāpuana	k a h a l a o̯ m aː p u a n a
kahale	k a h a l e
kahananui	k a h a n a n u i
kahaʻi	k a h a ʔ i
kahealani	k a h e a l a n i
kahele	k a h e l e
kahiki	k a h i k i
kahu	k a h u
kahua	k a h u a
kahuapaʻa	k a h u a p a ʔ a
kahue	k a h u e
kahula	k a h u l a
kahuna	k a h u n a
kai	k a i̯
kaila	k a i̯ l a
kailani	k a i̯ l a n i
kaimana	k a i̯ m a n a
kainalu	k a i̯ n a l u
kainoa	k a i̯ n o a
kaipo	k a i̯ p o
kaiwi	k a i̯ w i
kakahiaka	k a k a h i a k a
kakalia	k a k a l i a
kakalina	k a k a l i n a
kala	k a l a
kalai	k a l a i̯
kalaina	k a l a i̯ n a
kalalaina	k a l a l a i̯ n a
kalama	k a l a m a
kalani	k a l a n i
kalawaiʻa	k a l a w a i̯ ʔ a
kalaʻi	k a l a ʔ i
kale	k a l e
kalehua	k a l e h u a
kalei	k a l e i̯
kaleialoha	k a l e i̯ a l o h a
kaleikaumaka	k a l e i̯ k a u̯ m a k a
kaleiokalani	k a l e i̯ o k a l a n i
kalena	k a l e n a
kaleo	k a l e o
kaleolani	k a l e o l a n i
kalia	k a l i a
kalikimaka	k a l i k i m a k a
kaliko	k a l i k o
kalili	k a l i l i
kaliʻa	k a l i ʔ a
kalolaina	k a l o l a i̯ n a
kalua	k a l u a
kalukalu	k a l u k a l u
kalā	k a l aː
kama	k a m a
kamahiʻai	k a m a h i ʔ a i̯
kamaile	k a m a i̯ l e
kamaka	k a m a k a
kamaki	k a m a k i
kamala	k a m a l a
kamalani	k a m a l a n i
kamalei	k a m a l e i̯
kamaʻāina	k a m a ʔ aː i̯ n a
kamehameha	k a m e h a m e h a
kamepuila	k a m e p u i l a
kameāloha	k a m e aː l o h a
kamila	k a m i l a
kanakā	k a n a k aː
kanaloa	k a n a l o a
kanani	k a n a n i
kanikau	k a n i k a u̯
kanoa	k a n o a
kanoelani	k a n o e l a n i
kao	k a o̯
kapeka	k a p e k a
kapika	k a p i k a
kapiʻolani	k a p i ʔ o l a n i
kapono	k a p o n o
kapua	k a p u a
kapule	k a p u l e
katala	k a k a l a
kau	k a u̯
kauaʻi	k a u̯ a ʔ i
kauhi	k a u̯ h i
kaulana	k a u̯ l a n a
kaumokuʻāina	k a u̯ m o k u ʔ aː i̯ n a
kauō	k a u̯ oː
kauʻi	k a u̯ ʔ i
kauʻilani	k a u̯ ʔ i l a n i
kawai	k a w a i̯
kawailani	k a w a i̯ l a n i
kawehi	k a w e h i
kawelo	k a w e l o
kawena	k a w e n a
kaʻaukai	k a ʔ a u̯ k a i̯
kaʻehu	k a ʔ e h u
kaʻena	k a ʔ e n a
kaʻili	k a ʔ i l i
kaʻimi	k a ʔ i m i
kaʻiulani	k a ʔ i̯ u l a n i
kaʻohu	k a ʔ o h u
kaʻuhane	k a ʔ u h a n e
kea	k e a
keahi	k e a h i
keaka	k e a k a
keala	k e a l a
kealalaina	k e a l a l a i̯ n a
kealani	k e a l a n i
kealiʻi	k e a l i ʔ i
kealoha	k e a l o h a
keanu	k e a n u
keao	k e a o̯
keawe	k e a w e
keikilani	k e i̯ k i l a n i
kekoa	k e k o a
keleka	k e l e k a
kelekia	k e l e k i a
kelekolio	k e l e k o l i o
kelemānia	k e l e m aː n i a
keliʻi	k e l i ʔ i
kelupaina	k e l u p a i̯ n a
kenemaka	k e n e m a k a
keoki	k e o k i
keokia	k e o k i a
keola	k e o l a
keona	k e o n a
keonaona	k e o n a o̯ n a
keone	k e o n e
kepania	k e p a n i a
kepano	k e p a n o
kepanī	k e p a n iː
kepola	k e p o l a
keō	k e oː
keʻala	k e ʔ a l a
keʻalohilani	k e ʔ a l o h i l a n i
kia	k i a
kiana	k i a n a
kiele	k i e l e
kikilia	k i k i l i a
kila	k i l a
kilia	k i l i a
kilikina	k i l i k i n a
kimo	k i m o
kimokeo	k i m o k e o
kimona	k i m o n a
kimu	k i m u
kina	k i n a
kini	k i n i
kinohi	k i n o h i
kio	k i o
kipola	k i p o l a
kiʻi	k i ʔ i
koa	k o a
koaea	k o a e̯ a
kokoleka	k o k o l e k a
koleka	k o l e k a
kolokea	k o l o k e a
kolomepia	k o l o m e p i a
kolomona	k o l o m o n a
kolomupia	k o l o m u p i a
kolosa	k o l o k a
koma	k o m a
komohana	k o m o h a n a
kopaea	k o p a e̯ a
kope	k o p e
korineto	k o l i n e k o
kuekena	k u e k e n a
kuekene	k u e k e n e
kuene	k u e n e
kuete	k u e k e
kuilei	k u i l e i̯
kukana	k u k a n a
kuki	k u k i
kuleana	k u l e a n a
kuleke	k u l e k e
kulia	k u l i a
kumu	k u m u
kuna	k u n a
kupelo	k u p e l o
kupuna	k u p u n a
kuʻualoha	k u ʔ u a l o h a
kuʻuipo	k u ʔ u i p o
kuʻulei	k u ʔ u l e i̯
kuʻuleialoha	k u ʔ u l e i̯ a l o h a
kāne	k aː n e
kānāwai	k aː n aː w a i̯
kāwelu	k aː w e l u
kāwika	k aː w i k a
kēhau	k eː h a u̯
kēhaulani	k eː h a u̯ l a n i
kī	k iː
kīwila	k iː w i l a
kōkua	k oː k u a
kōleka	k oː l e k a
kū	k uː
kūaliʻi	k uː a l i ʔ i
kūkaepele	k uː k a e̯ p e l e
kūʻē	k uː ʔ eː
lahapa	l a h a p a
lakalo	l a k a l o
lakawia	l a k a w i a
lanakila	l a n a k i l a
lani	l a n i
lau	l a u̯
laʻakea	l a ʔ a k e a
lea	l e a
lehua	l e h u a
lei	l e i̯
leialoha	l e i̯ a l o h a
leilani	l e i̯ l a n i
leimomi	l e i̯ m o m i
leinani	l e i̯ n a n i
leināʻala	l e i̯ n aː ʔ a l a
lele	l e l e
leo	l e o
lepeka	l e p e k a
lewi	l e w i
like	l i k e
likeke	l i k e k e
likenekaina	l i k e n e k a i̯ n a
lilia	l i l i a
liliana	l i l i a n a
lilinoe	l i l i n o e
lima	l i m a
lio	l i o
liona	l i o n a
lituania	l i k u a n i a
loa	l o a
loika	l o̯ i k a
loka	l o k a
lokalia	l o k a l i a
loke	l o k e
lokelani	l o k e l a n i
lolouila	l o l o u̯ i l a
lono	l o n o
lopaka	l o p a k a
luana	l u a n a
lui	l u i
luika	l u i k a
luka	l u k a
lukemapuka	l u k e m a p u k a
lukia	l u k i a
lulia	l u l i a
luʻukia	l u ʔ u k i a
lā	l aː
lāhela	l aː h e l a
lāhui	l aː h u i
lākana	l aː k a n a
lānaʻi	l aː n a ʔ i
lūkia	l uː k i a
lūkini	l uː k i n i
mahalo	m a h a l o
mahana	m a h a n a
mahelona	m a h e l o n a
mahina	m a h i n a
mahiʻai	m a h i ʔ a i̯
mahū	m a h uː
maikaʻi	m a i̯ k a ʔ i
maile	m a i̯ l e
maka	m a k a
makaio	m a k a i̯ o
makaleka	m a k a l e k a
makalika	m a k a l i k a
makamae	m a k a m a e̯
makana	m a k a n a
makani	m a k a n i
makanui	m a k a n u i
makia	m a k i a
makoa	m a k o a
mala	m a l a
malaea	m a l a e̯ a
malaki	m a l a k i
maleka	m a l e k a
maleko	m a l e k o
malia	m a l i a
malihini	m a l i h i n i
manawa	m a n a w a
manaʻolana	m a n a ʔ o l a n a
manu	m a n u
manuela	m a n u e l a
mareko	m a l e k o
maui	m a u̯ i
mauli	m a u̯ l i
mauna	m a u̯ n a
maʻi	m a ʔ i
mei	m e i̯
mekiko	m e k i k o
mele	m e l e
meleana	m e l e a n a
melia	m e l i a
mika	m i k a
mikala	m i k a l a
mikaʻela	m i k a ʔ e l a
mileka	m i l e k a
miliama	m i l i a m a
mililani	m i l i l a n i
mina	m i n a
moa	m o a
moana	m o a n a
moani	m o a n i
moena	m o e n a
moke	m o k e
mokihana	m o k i h a n a
moku	m o k u
mokuʻāina	m o k u ʔ aː i̯ n a
molokaʻi	m o l o k a ʔ i
momi	m o m i
momilani	m o m i l a n i
mona	m o n a
monokolia	m o n o k o l i a
moʻo	m o ʔ o
moʻopuna	m o ʔ o p u n a
mua	m u a
muʻumuʻu	m u ʔ u m u ʔ u
māhealani	m aː h e a l a n i
mākaukau	m aː k a u̯ k a u̯
māla	m aː l a
mālie	m aː l i e
māpuana	m aː p u a n a
māui	m aː u̯ i
nahuma	n a h u m a
naigeria	n a i̯ k e l i a
naiʻa	n a i̯ ʔ a
nakoa	n a k o a
nalo	n a l o
nalu	n a l u
nanahana	n a n a h a n a
nanea	n a n e a
nani	n a n i
naomi	n a o̯ m i
nehemia	n e h e m i a
nekelana	n e k e l a n a
newaka	n e w a k a
niʻihau	n i ʔ i h a u̯
noa	n o a
noelani	n o e l a n i
nohealani	n o h e a l a n i
nolewai	n o l e w a i̯
nuʻuanu	n u ʔ u a n u
nuʻuhiwa	n u ʔ u h i w a
nāinoa	n aː i̯ n o a
nālani	n aː l a n i
nāmaka	n aː m a k a
nāna	n aː n a
nānā	n aː n aː
nāpua	n aː p u a
nāwai	n aː w a i̯
oki	o k i
one	o n e
ono	o n o
oʻahu	o ʔ a h u
pahu	p a h u
paina	p a i̯ n a
pakitana	p a k i k a n a
palakiko	p a l a k i k o
palakila	p a l a k i l a
palani	p a l a n i
palaoa	p a l a o̯ a
palapala	p a l a p a l a
pali	p a l i
pana	p a n a
pane	p a n e
pauahi	p a u̯ a h i
paulo	p a u̯ l o
paʻakai	p a ʔ a k a i̯
pea	p e a
pehea	p e h e a
peke	p e k e
pekelo	p e k e l o
pelapela	p e l a p e l a
pele	p e l e
pelekila	p e l e k i l a
pelekiuma	p e l e k i̯ u m a
peneki	p e n e k i
peni	p e n i
peniʻamina	p e n i ʔ a m i n a
pepeiao	p e p e i̯ a o̯
peʻa	p e ʔ a
pihemanu	p i h e m a n u
pika	p i k a
pila	p i l a
pilipi	p i l i p i
pilipo	p i l i p o
pinehaka	p i n e h a k a
pinilana	p i n i l a n a
pipi	p i p i
piʻi	p i ʔ i
piʻikea	p i ʔ i k e a
piʻilani	p i ʔ i l a n i
pokukala	p o k u k a l a
poliʻahu	p o l i ʔ a h u
pua	p u a
pualani	p u a l a n i
puanani	p u a n a n i
puaʻa	p u w ɐ ʔ ə
puka	p u k a
puke	p u k e
pukikī	p u k i k iː
pulukalia	p u l u k a l i a
puruma	p u l u m a
pāpālina	p aː p aː l i n a
pāʻina	p aː ʔ i n a
pōmaikaʻi	p oː m a i̯ k a ʔ i
roselani	l o k e l a n i
roselani	r o s e l a n i
rusia	l u k i a
rūsia	l uː k i a
sepania	k e p a n i a
sililanaka	k i l i l a n a k a
sinapoa	k i n a p o a
solowakia	k o l o w a k i a
solowenia	k o l o w e n i a
suria	k u l i a
tesalonike	k e k a l o n i k e
uila	u i l a
uilama	u i l a m a
uka	u k a
uku	u k u
ula	u l a
ululani	u l u l a n i
uʻilani	u ʔ i l a n i
wahine	w a h i n e
wai	w a i̯
wailani	w a i̯ l a n i
waina	w a i̯ n a
waiwai	w a i̯ w a i̯
wale	w a l e
walu	w a l u
wanuatu	w a n u a k u
wela	w e l a
welina	w e l i n a
wenekola	w e n e k o l a
wiekanama	w i e k a n a m a
wikolia	w i k o l i a
wilama	w i l a m a
wiliama	w i l i a m a
wāhine	w aː h i n e
zekaria	k e k a l i a
zepania	k e p a n i a
ʻ	ʔ
ʻahamaka	ʔ a h a m a k a
ʻahi	ʔ a h i
ʻaho	ʔ a h o
ʻai	ʔ a i̯
ʻaikake	ʔ a i̯ k a k e
ʻaikiopia	ʔ a i̯ k i o p i a
ʻaikupika	ʔ a i̯ k u p i k a
ʻakamu	ʔ a k a m u
ʻakaʻakai	ʔ a k a ʔ a k a i̯
ʻakela	ʔ a k e l a
ʻakeneki	ʔ a k e n e k i
ʻakepaikana	ʔ a k e p a i̯ k a n a
ʻakoni	ʔ a k o n i
ʻalapaki	ʔ a l a p a k i
ʻalekelia	ʔ a l e k e l i a
ʻalekina	ʔ a l e k i n a
ʻalika	ʔ a l i k a
ʻalohi	ʔ a l o h i
ʻalohilani	ʔ a l o h i l a n i
ʻamosa	ʔ a m o k a
ʻana	ʔ a n a
ʻanakalia	ʔ a n a k a l i a
ʻanalū	ʔ a n a l uː
ʻane	ʔ a n e
ʻanekelea	ʔ a n e k e l e a
ʻanoʻi	ʔ a n o ʔ i
ʻapekanikana	ʔ a p e k a n i k a n a
ʻapela	ʔ a p e l a
ʻapelahama	ʔ a p e l a h a m a
ʻapikaʻila	ʔ a p i k a ʔ i l a
ʻapōpō	ʔ a p oː p oː
ʻauinalā	ʔ a u̯ i n a l aː
ʻaukai	ʔ a u̯ k a i̯
ʻaukake	ʔ a u̯ k a k e
ʻaukekulelia	ʔ a u̯ k e k u l e l i a
ʻaukekulia	ʔ a u̯ k e k u l i a
ʻaulani	ʔ a u̯ l a n i
ʻawapuhi	ʔ a w a p u h i
ʻaʻā	ʔ a ʔ aː
ʻehu	ʔ e h u
ʻekalekia	ʔ e k a l e k i a
ʻekekela	ʔ e k e k e l a
ʻekela	ʔ e k e l a
ʻeleakala	ʔ e l e a k a l a
ʻelena	ʔ e l e n a
ʻelepani	ʔ e l e p a n i
ʻelia	ʔ e l i a
ʻelikapeka	ʔ e l i k a p e k a
ʻema	ʔ e m a
ʻemalia	ʔ e m a l i a
ʻemelia	ʔ e m e l i a
ʻemelē	ʔ e m e l eː
ʻenoka	ʔ e n o k a
ʻepeso	ʔ e p e k o
ʻewa	ʔ e w a
ʻezekiʻela	ʔ e k e k i ʔ e l a
ʻikaʻaka	ʔ i k a ʔ a k a
ʻilaka	ʔ i l a k a
ʻilana	ʔ i l a n a
ʻilelani	ʔ i l e l a n i
ʻinia	ʔ i n i a
ʻinidonesia	ʔ i n i k o n e k i a
ʻisaia	ʔ i k a i̯ a
ʻiseraʻela	ʔ i k e l a ʔ e l a
ʻiwalani	ʔ i w a l a n i
ʻobadia	ʔ o p a k i a
ʻohana	ʔ o h a n a
ʻohu	ʔ o h u
ʻoihana	ʔ o̯ i h a n a
ʻokina	ʔ o k i n a
ʻokomopila	ʔ o k o m o p i l a
ʻomana	ʔ o m a n a
ʻukelena	ʔ u k e l e n a
ʻuku	ʔ u k u
ʻukulele	ʔ u k u l e l e
ʻulu	ʔ u l u
ʻusepekikana	ʔ u k e p e k i k a n a
ʻā	ʔ aː
ʻāina	ʔ aː i̯ n a
ʻākau	ʔ aː k a u̯
ʻālohilohi	ʔ aː l o h i l o h i
ʻāmēnia	ʔ aː m eː n i a
ʻāwīwī	ʔ aː w iː w iː
ʻāʻālona	ʔ aː ʔ aː l o n a
ʻī	ʔ iː
ʻīlio	ʔ iː l i o
ʻīnia	ʔ iː n i a
ʻōlelo	ʔ oː l e l o
ʻōmaʻimaʻi	ʔ oː m a ʔ i m a ʔ i
ʻōmaʻomaʻo	ʔ oː m a ʔ o m a ʔ o
