adeo	a d e o
aeroporto	a e r o p o r t o
al	a l
alphabeto	a l f a b e t o
ama	a m a
amante	a m a n t e
amara	a m a r a
amarea	a m a r e a
amate	a m a t e
amava	a m a v a
amico	a m i k o
ancian	a n t s i a n
anglese	a ŋ ɡ l e z e
animal	a n i m a l
anque	a ŋ k w e
apud	a p u d
arbore	a r b o r e
articulo	a r t i k u l o
articulos	a r t i k u l o s
ascoltar	a s k o l t a r
audi	a u̯ d i
audiente	a u̯ d j e n t e
audir	a u̯ d i r
audira	a u̯ d i r a
audirea	a u̯ d i r e a
audite	a u̯ d i t e
audiva	a u̯ d i v a
avantiar	a v a n t s j a ɾ
avion	a v j o n
ben	b e n
benvenite	b e n v e n i t e
berillo	b e r i lː o
besonio	b e z o n j o
bibita	b i b i t a
bibliotheca	b i b l j o t e k a
blanc	b l a ŋ k
boteca	b o t e k a
butyro	b u t i r o
c	k
c	t s
c	t s e
caffe	k a f f e
calcea	k a l t s e a
camera	k a m e r a
camisa	k a m i s a
cantar	k a n t a r
casa	k a s a
catto	k a t t o
chile	t͡ʃ i l e
ci	t s i
ciao	t͡ʃ a o
cinque	t s i ŋ k w e
citate	t s i t a t e
cocina	k o t s i n a
comenciar	k o m e n t s j a r
commode	k o m m o d e
confortabile	k o n f o r t a b i l e
credentia	k ɾ e d e n t s j a
cucu	k u k u
cuje	k u j e
curte	k u r t e
debe	d e b e
deber	d e b e r
dece	d e t s e
decider	d e t s i d e r
decime	d e t s i m e
densitate	d e n s i t a t e
devenir	d e v e n i r
dicer	d i t s e r
difficile	d i f f i t s i l e
discoperir	d i s k o p e ɾ i ɾ
dominica	d o m i n i k a
dubita	d u b i t a
effortio	e f f o ɾ t s j o
effortio	e fː o ɾ t s j o
egyptiano	e ɡ i p t i̯ a n o
egyptio	e ɡ i p t i̯ o
electronic	e l e k t ɾ o n i k
espania	e s p a n j a
esser	e s s e r
essera	e s s e r a
esseva	e s s e v a
etiam	e t s j a m
facer	f a t s e r
familia	f a m i l j a
fenestra	f e n e s t r a
ferma	f e r m a
ferrovia	f e r r o v i a
ficato	f i k ɑ t o
francia	f ɾ a n t s j a
frigide	f r i ɡ i d e
g	d ʒ
g	d ʒ e
g	ɡ
g	ʒ
gay	ɡ e ɪ
gente	ɡ e n t e
germania	ɡ e ɾ m a n j a
granmatre	ɡ r a n m a t r e
granpatre	ɡ r a n p a t r e
habeva	h a b e v a
habitar	h a b i t a r
habite	h a b i t e
hepate	h e p ɑ t e
hiberno	h i b e r n o
homine	h o m i n e
hospital	h o s p i t a l
illac	i l l a k
illuminar	i l l u m i n a r
indian	i n d j a n
international	i n t e r n a t s j o n a l
interne	i n t e r n e
inusabile	i n u s a b i l e
invitation	i n v i t a t s j o n
io	i o
ira	i r a
israel	i s r a e l
italia	i t a l j a
italiano	i t a l j a n o
jacer	ʒ a t s e r
jammais	ʒ a m m e
japonese	ʒ a p o n e z e
jectar	ʒ e k t a ɾ
jentar	ʒ e n t a r
jocar	ʒ o k a r
jornalista	ʒ o r n a l i s t a
jovedi	ʒ o v e d i
laco	l a k o
lacrima	l a k r i m a
lacte	l a k t e
latere	l a t e r e
lection	l e k t s j o n
leger	l e ɡ e r
leonessa	l e o n e sː a
levatura	l e v a t u r a
libere	l i b e ɾ e
lingua	l i ŋ ɡ w a
linguage	l i ŋ ɡ w a ʒ e
littera	l i t t e r a
litterari	l i t t e ɾ a ɾ i
lumine	l u m i n e
lunedi	l u n e d i
major	m a ʒ o r
mano	m a n o
marita	m a r i t a
marito	m a r i t o
martedi	m a r t e d i
masticar	m a s t i k a r
mathematico	m a t e m a t i k o
matino	m a t i n o
maxime	m a k s i m e
melior	m e l j o r
mercuridi	m e r k u r i d i
miaular	m j ɑ u̯ l ɑ r
micre	m i k r e
minime	m i n i m e
minor	m i n o r
miscer	m i s t s e r
montanias	m o n t a n j a s
motor	m o t o r
museo	m u s e o
necessari	n e t s e s s a ɾ i
nihil	n i h i l
nil	n i l
nomine	n o m i n e
nomines	n o m i n e s
novem	n o v e m
numeral	n u m e r a l
objectivo	o b ʒ e k t i v o
octave	o k t a v e
octo	o k t o
oculo	o k u l o
optime	o p t i m e
ordine	o ɾ d i n e
pace	p a t s e
pagina	p a ɡ i n a
pais	p a i s
paises	p a i s e s
parapluvia	p a r a p l u v j a
parola	p a ɾ o l a
passaporto	p a s s a p o r t o
passato	p a s s a t o
passato	p a sː a t o
phenomeno	f e n o m e n o
placer	p l a t s e r
planator	p l a n a t o ɾ
pluvia	p l u v j a
politica	p o l i t i k a
poner	p o n e r
ponte	p o n t e
possibilitate	p o s s i b i l i t a t e
pote	p o t e
potera	p o t e r a
preparation	p ɾ e p a ɾ a t s j o n
prestar	p r e s t a r
prestigiose	p ɾ e s t i ʒ j o z e
prision	p r i s i o n
problema	p r o b l e m a
projectar	p r o ʒ e k t a r
pronunciation	p r o n u n t s j a t s j o n
proque	p r o k w e
proxime	p ɾ o k s i m e
qualque	k w a l k w e
quando	k w a n d o
quante	k w a n t e
quarantesime	k w a ɾ a n t e s i m e
que	k w e
quechua	k e t ʃ w a
question	k w e s t j o n
recipe	r e t s i p e
reciper	r e t s i p e r
revolution	r e v o l u t͡s j o n
romanic	r o m a n i k
sabbato	s a b b a t o
salon	s a l o n
sanguine	s a ŋ ɡ w i n e
sape	s a p e
saper	s a p e r
scala	s k a l a
scote	s k o t e
scotia	s k o t s j a
scotic	s k o t i k
scriber	s k r i b e r
scuma	s k u m
section	s e k t i̯ o n
seculo	s e k u l o
sedia	s e d j a
septime	s e p t i m e
sequente	s e k w e n t e
servir	s e r v i r
sincer	s i n t s e ɾ
solmente	s o l m e n t e
sponso	s p o n s o
statounitese	s t a t o u n i t e s e
strategia	s t ɾ a t e ɡ i a
subito	s u b i t o
sympathic	s i m p ɑ t i k
systema	s i s t e m a
tabula	t a b u l a
tempore	t e m p o r e
the	t e
thema	t e m a
tomate	t o m a t e
torta	t o r t a
traduction	t r a d u k t ʃ o n
traino	t r a i̯ n o
trentesime	t ɾ e n t e s i m e
tu	t u
ubi	u b i
unquam	u ŋ k w a m
urso	u ɾ s o
utero	u t e r o
venerdi	v e n e r d i
vespere	v e s p e r e
viage	v j a ʒ e
vider	v i d e r
vintesime	v i n t e s i m e
visita	v i s i t a
visitar	v i s i t a r
visitara	v i s i t a r a
voce	v o t s e
volar	v o l a r
vulva	v u l v a
