a	a
aanwijzing	a n w ɛ i z ɪ ŋ
abad	a b a t̚
abdi	a b d i
abdis	a b d ɪ s
abi	a b i
abiseka	a b i s e k a
abk	a b e k a
abonemen	a b o n ə m ɛ n
aborsi	a b ɔ r s i
abortus	a b ɔ r t̪ ʊ s
abras	a b r a s
absolusi	a b s o l u s i
abstain	a p̚ s t a i n
abu	a b u
aceh	a t͡ʃ e h
aci	a t͡ʃ i
acik	a t͡ʃ ɪ ʔ
ada	a d a
adalah	a d a l a h
adaptif	a d a p t ɪ f
adat	a d a t
adempauze	a d ə m p a u̯ z ə
adikara	a d i k a r a
adikarya	a d i k a r j a
adil	a d i l
adiperagawan	a d i p ə r a ɡ a w a n
adiwicara	a d i w i t͡ʃ a r a
adiyuswa	a d i j ʊ s w a
administrator	a t̚ m i n ɪ s t r a t ɔ r
administratur	a t̚ m i n ɪ s t r a t ʊ r
adodui	a d o d u i̯
adoptif	a d ɔ p t ɪ f
adpis	a t̚ p ɪ s
adu	a d u
advis	a t̚ f i s
advis	a t̚ v i s
afa	a f a
afdeling	a f d e l i ŋ
afirmasi	a f ɪ r m a s i
agape	a ɡ a p e
ageisme	a ɡ e ɪ s m ə
agen	a ɡ ɛ n
agmaman	a ɡ m a m a n
agraris	a ɡ r a r ɪ s
agresi	a ɡ r ɛ s i
agustus	a ɡ ʊ s t ʊ s
ahli	a h l i
aib	aʲ i b
aikido	a i̯ k i d o
aikido	aʲ i k i d o
air	a ʔ ɪ r
ajar	a d͡ʒ a r
ajo	a d͡ʒ o
akademi	a k a d e m i
akan	a k a n
akang	a k a ŋ
akar	a k a r
akatopi	a k a t o p i
akelit	a k ɛ l ɪ t̚
akeo	a k e o
akil	a k ɪ l
ako	a k e o
aksa	a k̚ s a
aksara	a k s a r a
akselerasi	a k s e l ə r a s i
akta	a k̚ t a
aktan	a k̚ t a n
akte	a k̚ t ə
aktif	a k̚ t ɪ f
aktif	a k̚ t ɪ p
aktifitas	a k̚ t i f i t a s
aktivasi	a k̚ t i f a s i
aktivasi	a k̚ t i p a s i
aktivasi	a k̚ t i v a s i
aktivis	a k̚ t i f ɪ s
aktivis	a k̚ t i p ɪ s
aktivis	a k̚ t i v ɪ s
aktivisme	a k̚ t i f ɪ s m ə
aktivisme	a k̚ t i p ɪ s m ə
aktivisme	a k̚ t i v ɪ s m ə
aktivitas	a k̚ t i f i t a s
aktivitas	a k̚ t i p i t a s
aktivitas	a k̚ t i v i t a s
aku	a k u
akuene	a k u e n e
akur	a k u r
akut	a k u t
alas	a l a s
alat	a l a t
alfuil	a l f u ɪ l
algojo	a l ɡ o d͡ʒ o
algoritmik	a l ɡ o r ɪ t̚ m ɪ k̚
algoritmis	a l ɡ o r ɪ t̚ m ɪ s
aliah	a l i a h
aliansi	a l i a n s i
aliase	a l i a s ə
alis	a l i s
alkali	a l k a l i
allah	a l a h
allah	a l l a h
allah	a w l a h
allah	ɑ l l ɑ h
allah	ɑ w l o h
alngilin	a l ŋ i l ɪ n
aloi	a l o i̯
alokai	a l o k a i̯
alopesia	a l o p e s i a̯
alot	a l ɔ t̚
alpa	a l p a
alpukat	a l p u k a t
altar	a l t a r
altitudo	a l t i t u d o
alur	a l ʊ r
alutta	a l ʊ t t a
am	a m
amah	a m a h
aman	a m a n
amane	a m a n ɛ
amar	a m a r
ambaks	a m b a k s
ambasade	a m b a s a d ə
ambataron	a m b a t a r ɔ n
ambekara	a m b e k a r a
ambekdarma	a m b ə k̚ d a r m a
ambekpati	a m b ə k̚ p a t i
amben	a m b ə n
ambil	a m b ɪ l
ambir	a m b ɪ r
ambong	a m b ɔ ŋ
ambulralra	a m b ʊ l r a l r a
amburat	a m b u r a t̚
ambyang	a m bʲ a ŋ
ambyur	a m bʲ ʊ r
amerika	a m e r i k a
amerta	a m ə r t a
amesureng	a m e s u r ə ŋ
amin	a m ɪ n
amiug	a m i ʊ k̚
amo	a m o
amoa	a m o a̯
amoh	a m ɔ h
ampa	a m p a
ampal	a m p a l
ampikale	a m p i k a l e
ampilalas	a m p i l a l a s
amplek	a m p l ɛ k̚
amplokan	a m p l o k a n
ampor	a m p ɔ r
amporang	a m p o r a ŋ
amporo	a m p o r o
ampot	a m p ɔ t̚
ampul	a m p ʊ l
amput	a m p ʊ t̚
amra	a m r a
amudi	a m u d i
amuk	a m ʊ k̚
ana	a n a
anaheha	a n a h e h a
anak	a n a k
anak	a n a ʔ
anakia	a n a k i a̯
anakompo	a n a k ɔ m p o
analisis	a n a l i s ɪ s
anamolepo	a n a m o l e p o
anangkolaki	a n a ŋ k o l a k i
ananim	a n a n ɪ m
anapaso	a n a p a s o
anau	a n a u̯
anaye	a n a j ɛ
ancai	a n t͡ʃ a i̯
ancak	a n t͡ʃ a k̚
ancala	a n t͡ʃ a l a
ancaman	a n t͡ʃ a m a n
ancok	a n t͡ʃ ɔ k̚
ancuan	a n t͡ʃ u a n
ancumcum	a n t͡ʃ ʊ m t͡ʃ ʊ m
anda	a n d a
andaka	n a n d a k a
andala	a n d a l a
andege	a n d e ɡ e
andem	a n d ə m
andeman	a n d ə m a n
andir	a n d ɪ r
andostorang	a n d ɔ s t o r a ŋ
andung	a n d ʊ ŋ
andurabian	a n d u r a b i a n
anehe	a n e h e
aneka	a n ɛ k a
anfakah	a n f a k a h
anfal	a n f a l
angai	a ŋ a i̯
angciu	a ŋ t͡ʃ i u
anggana	a ŋ ɡ a n a
anggara	a ŋ ɡ a r a
anggas	a ŋ ɡ a s
anggi	a ŋ ɡ i
anggong	a ŋ ɡ ɔ ŋ
anggrang	a ŋ ɡ r a ŋ
anggus	a ŋ ɡ ʊ s
anghengar	a ŋ h e ŋ a r
anghun	a ŋ h u n
angka	a ŋ k a
angkak	a ŋ k a k
angkar	a ŋ k a r
angkasa	a ŋ k a s a
angkasawan	a ŋ k a s a w a n
angki	a ŋ k i
angko	a ŋ k o
angkop	a ŋ k ɔ p̚
angkrok	a ŋ k r ɔ k̚
angkruk	a ŋ k r ʊ k̚
angkur	a ŋ k ʊ r
angkusa	a ŋ k u s a
angkutan	a ŋ k ʊ t a n
anglek	a ŋ l ə k̚
anglo	a ŋ l o
anglung	a ŋ l u ŋ
angpao	a ŋ p a o
angpau	a ŋ p a u̯
angsang	a ŋ s a ŋ
angsongar	a ŋ s o ŋ a r
angsung	a ŋ s ʊ ŋ
angwain	a ŋ w a ɪ n
aniaya	a n i a j a
anido	a n i d o
animasi	a n i m a s i
aniwui	a n i w u i̯
anjal	a n d͡ʒ a l
anjang	a n d͡ʒ a ŋ
anjar	a n d͡ʒ a r
anjeng	a n d͡ʒ ɛ ŋ
anjer	a n d͡ʒ ə r
anjul	a n d͡ʒ ʊ l
ankanan	a n k a n a n
ankara	a n k a r a
anoda	a n o d a
anode	a n o d ə
ansos	a n s o s
anta	a n t a
antanik	a n t a n ɪ k̚
antarbahasa	a n t a r b a h a s a
antarbangsa	a n t a r b a ŋ s a
antardesa	a n t a r d ɛ s a
antariksawan	a n t a r ɪ k s a w a n
antarpemain	a n t a r p ə m a ɪ n
antesis	a n t e s ɪ s
antik	a n t i k
antil	a n t ɪ l
antimikroba	a n t i m i k r o b a
antok	a n t ɔ k̚
antolong	a n t o l ɔ ŋ
antor	a n t ɔ r
antrap	a n t r a p̚
antum	a n t ʊ m
anumerta	a n u m ə r t a
apa	a p a
apak	a p a k
apak	a p a ʔ
apakah	a p a k a h
apanase	a p a n a s ə
apang	a p a ŋ
aparat	a p a r a t
apek	a p ə k
apek	a p ɛ k
aplaus	a p l a u s
aplikan	a p̚ l i k a n
apologi	a p o l o ɡ i
apologia	a p o l o ɡ i a
apostolik	a b o n ə m ɛ n
apotek	a p o t e k
april	a p̚ r ɪ l
apsara	a p s a r a
apsari	a p̚ s a r i
arab	a r a p
arababu	a r a b a b u
arak	a r a k
arambasi	a r a m b a s i
arat	a r a t̚
arbei	a r b e i̯
arbor	a r b ɔ r
argiria	a r ɡ i r i a̯
arid	a r ɪ t̚
arit	a r i t
aritmatika	a r i t m a t i k a
aritmetika	a r i t m ɛ t i k a
arkais	a r k a i s
arloji	a r l o d͡ʒ i
arsip	a r s i p
arta	a r t a
arti	a r t i
arugula	a b o n ə m ɛ n
aruna	a r u n a
arwer	a r w ɛ r
arya	a r j a
asakue	a s a k u e̯
asam	a s a m
asat	a s a t̚
asbak	a s b a k
asbun	a s b u n
asesmen	a s ɛ s m ə n
askese	a s k e s ə
asma	a s m a
asmara	a s m a r a
aspal	a s p a l
aspirin	a s p i r i n
asrama	a s r a m a
astana	a s t a n a
asteris	a s t ə r ɪ s
astronaut	a s t r o n a u̯ t̚
astronaut	a s t r o n ɔ t̚
asumsi	a s ʊ m s i
aswa	a s w a
asyik	a s j ɪ k
asyik	a s ɪ k
asyik	a ʃ ɪ k
atau	a t a u̯
atma	a t m a
atur	a t ʊ r
auban	a u b a n
autokrasi	a u t o k r a s i
autokrat	a u t o k r a t̚
autotrof	a u̯ t o t r o f
avatar	a v a t a r
avtur	a f t ʊ r
avtur	a p̚ t ʊ r
awak	a w a k
awak	a w a ʔ
awas	a w a s
awat	a w a t
ayah	a j a h
ayam	a j a m
ayo	a j o
ayun	a j ʊ n
b	b
b	b e
bab	b a b
babi	b a b i
baca	b a t͡ʃ a
bacaan	b a t͡ʃ a a n
bacang	b a t͡ʃ a ŋ
bagai	b a ɡ a i̯
bagel	b a ɡ ə l
bagi	b a ɡ i
bagian	b a ɡ iʲ a n
baginda	b a ɡ i n d a
bahasa	b a h a s a
bahaya	b a h a j a
bahtera	b a h t ə r a
bahu	b a h u
bahwa	b a h w a
baiduri	b a i̯ d u r i
baja	b a d͡ʒ a
bajaj	b a d ʒ a i̯
bajingan	b a d͡ʒ i ŋ a n
bak	b a k
bak	b ɑ k
bakcang	b a ʔ t͡ʃ a ŋ
bakeri	b a k ə r i
bakero	b a k e r o
baki	b a k i
bakiak	b a k i a k
bakmi	b a k m i
bakpao	b a ʔ p a o
bakpau	b a k p a ʊ̯
bakpia	b a ʔ p i a̯
bakso	b a ʔ s o
baktau	b a k t a ʊ̯
bakti	b a k t i
bakwan	b a ʔ w a n
bala	b a l a
balai	b a l a i̯
bali	b a l i
balikan	b a l i k a n
balim	b a l ɪ m
baling	b a l ɪ ŋ
balo	b a l o
balobo	b a l o b o
baloh	b a l ɔ h
balot	b a l ɔ t̚
balugut	b a l u ɡ ʊ t̚
balumba	b a l ʊ m b a
bancak	b a n t͡ʃ a ʔ
bancakan	b a n t͡ʃ a k a n
banci	b a n t͡ʃ i
bandara	b a n d a r a
banding	b a n d i ŋ
bang	b a ŋ
bangau	b a ŋ a u̯
bangku	b a ŋ k u
bangsa	b a ŋ s a
bangsat	b a ŋ s a t
bangsi	b a ŋ s i
bangun	b a ŋ ʊ n
banji	b a n d͡ʒ i
bank	b a ŋ
bantal	b a n t a l
banua	b a n u a̯
banyak	b a ɲ a k
banzai	b a n z a i̯
bapa	b a p a
bapak	b a p a ʔ
bapao	b a p a o
barikade	b a r i k a d ə
bariton	b a r i t ɔ n
barongsai	b a r o ŋ s a i̯
baronsai	b a r o n s a i̯
baruna	b a r u n a
baskara	b a s k a r a
basket	b a s k ɛ t̚
basmati	b a s m a t i
basmi	b a s m i
batang	b a t a ŋ
batangan	b a t a ŋ a n
batara	b a t a r a
batau	b a t a ʊ̯
batavia	b a t a v i a̯
batik	b a t ɪ k
batur	b a t ʊ r
bausastra	b a u s a s t r a
baya	b a j a
bayangkara	b a j a ŋ k a r a
bayu	b a j u
bazar	b a z a r
bblr	b e b e ɛ l ɛ r
bea	b e a
beasiswa	b e a s ɪ s w a
beban	b ə b a n
bebas	b ɛ b a s
bebetok	b ə b ə t ɔ k̚
bedak	b ə d a k̚
begawan	b ə ɡ a w a n
beha	b e h a
bekintangon	b ɛ k ɪ n t a ŋ ɔ n
bel	b ə l
bel	b ɛ l
bela	b ɛ l a
belajar	b ə l a d͡ʒ a r
belalai	b ə l a l a i̯
belanda	b ə l a n d a
belanja	b ə l a n d͡ʒ a
belanjaan	b ə l a n d͡ʒ a ʔ a n
belantara	b ə l a n t a r a
belasting	b ə l a s t i ŋ
beli	b ə l i
belia	b ə l i a̯
beliau	b ə l i a u̯
belom	b ə l o m
belom	b ə l ʌ m
belum	b ə l ʊ m
bencong	b ɛ n t͡ʃ o ŋ
benda	b ə n d a
bendahara	b ə n d a h a r a
bendel	b ə n d ə l
bendera	b ə n d ɛ r a
bengawan	b ə ŋ a w a n
bengkel	b ɛ ŋ k ɛ l
benih	b ə n ɪ h
benik	b ə n ɪ k̚
benzol	b e n z o l
berada	b ə r a d a
berak	b ɛ r a k
berak	b ɛ r a ʔ
berakhiran	b ə r a x ɪ r a n
berangkat	b ə r a ŋ k a t
berapa	b ə r a p a
berbahaya	b ə r b a h a j a
berbaterai	b ə r b a t ə r a i̯
berbicara	b ə r b i t͡ʃ a r a
berhenti	b ə r h ə n t i
beri	b ə r i
berida	b ə r i d a
berjibaku	b ə r d͡ʒ i b a k u
berjudi	b ə r d͡ʒ u d i
berkap	b ə r k a p̚
berketombe	b ə r k ə t ɔ m b e
berlibur	b ə r l i b ʊ r
berontak	b ə r ɔ n t a k
berpulang	b ə r p u l a ŋ
bersedia	a b o n ə m ɛ n
bersenandung	b ə r s ə n a n d ʊ ŋ
bertambah	b ə r t a m b a h
berteori	b ə r t e o r i
beruang	b ə r u a̯ ŋ
berubah	b ə r ʊ b a h
besar	b ə s a r
besikal	b ə s i k a l
beskal	b ə s k a l
bestari	b ə s t a r i
betawi	b ə t a w i
beton	b ə t o n
bhayangkara	b a j a ŋ k a r a
bia	b i a
bianglala	b i a ŋ l a l a
biara	b i a r a
biaya	b i a j a
bibel	b i b ə l
bicara	b i t͡ʃ a r a
bidadari	b i d a d a r i
bidak	b i d a k
bidan	b i d a n
bihun	b i h u n
bijak	b i d͡ʒ a k
bijaksana	b i d͡ʒ a k s a n a
biji	b i d͡ʒ i
bikini	b i k i n i
biksu	b i k s u
biku	b i k u
bila	b i l a
bilangan	b i l a ŋ a n
bima	b ī m ā
binasa	b i n a s a
binatang	b i n a t a ŋ
bingar	b i ŋ a r
bintara	b i n t a r a
binturung	b ɪ n t u r ʊ ŋ
bioskop	b i o s k o p
bipa	b e i p e a
bipa	b i p a
biro	b i r o
bisban	b ɪ s b a n
blangko	b ə̆ l a ŋ k o
blek	b l ɛ k
blumbak	b l ʊ m b a k̚
bnn	b e ɛ n ɛ n
bnpt	b e ɛ n p e t e
bodo	b o d o
bodoh	b o d o h
bohong	b o h o n ɡ
boikot	b o i̯ k ɔ t̚
boleh	b o l e h
bolu	b o l u
bon	b ɔ n
bor	b o r
borang	b ɔ r a ŋ
bordil	b o r d ɪ l
brankar	b r a n k a r
brigade	b r i ɡ a d ə
bruder	b r u d ə r
buana	b u a̯ n a
budak	b u d a k
budak	b u d a ʔ
budaya	b u d a j a
budi	b u d i
budiman	b u d i m a n
bujangga	b u d͡ʒ a ŋ ɡ a
buka	b u k a
bukak	b u k a k̚
bukak	b u k a ʔ
bukti	b u k t i
buku	b u k u
bulan	b u l a n
bumi	b u m i
bumiputra	b u m i p u t r a
bumiputra	b u m i p u t ə r a
buncis	b u n t͡ʃ ɪ s
bundel	b ʊ n d ə l
bundir	b u n d i r
bunga	b u ŋ a
bungkus	b ʊ ŋ k ʊ s
bungsu	b u ŋ s u
bungsut	b ʊ ŋ s ʊ t̚
bunting	b ʊ n t ɪ ŋ
bunuh	b u n ʊ h
bupati	b u p a t i
buron	b u r ɔ n
buruk	b u r ʊ k̚
bus	b ʊ s
busa	b u s a
busana	b u s a n a
bushido	b u s h i d o
bushido	b u ʃ i d o
busyido	b u ʃ i d o
buta	b u t a
butala	b u t a l a
butana	b u t a n a
butuh	b u t u h
c	s e
c	t ʃ
c	t͡ʃ e
cabai	t͡ʃ a b a i̯
cabai	t͡ʃ a b e
cabai	t͡ʃ a b e ʔ
cadar	t͡ʃ a d a r
cahaya	t͡ʃ a h a j a
cairan	t͡ʃ a ɪ r a n
cakap	t͡ʃ a k a p
cakra	t͡ʃ a k ə r a
cakram	t͡ʃ a k r a m
cakrawala	t͡ʃ a k r a w a l a
cakrawati	t͡ʃ a k r a w a t i
calir	t͡ʃ a l ɪ r
calon	t͡ʃ a l o n
camat	t͡ʃ a m a t̚
candra	t͡ʃ a n d r a
canggih	t͡ʃ a ŋ ɡ i h
cangklek	t͡ʃ a ŋ k l e k̚
canoyu	t͡ʃ a n o j u
cantik	t͡ʃ a n t i k
cara	t͡ʃ a r a
cari	t͡ʃ a r i
catam	t͡ʃ a t a m
catat	t͡ʃ a t a t̚
catur	t͡ʃ a t u r
cecan	t͡ʃ ə t͡ʃ a n
cedera	t͡ʃ ə d ə r a
cela	t͡ʃ ə l a
celaan	t͡ʃ ə l a a n
celaka	t͡ʃ ə l a k a
cempaka	t͡ʃ ə m p a k a
cenangga	t͡ʃ ə n a ŋ ɡ a
cendala	t͡ʃ ə n d a l a
cendana	t͡ʃ ə n d a n a
cendera	t͡ʃ ə n d ə r a
cenderasa	t͡ʃ ə n d ə r a s a
cenderawasih	t͡ʃ ə n d ə r a w a s i h
cengkerama	t͡ʃ ə ŋ k ə r a m a
cengkerawak	t͡ʃ ə ŋ k ə r a w a k
cerana	t͡ʃ ə r a n a
cerca	t͡ʃ ə r t͡ʃ a
ceria	t͡ʃ ə r i a
cerita	t͡ʃ ə r i t a
cerutu	t͡ʃ ə r u t u
cetera	t͡ʃ ə t ə r a
china	t͡ʃ ɪ n a
cita	t͡ʃ i t a
citra	t͡ʃ i t r a
ciu	t͡ʃ i u
coba	t͡ʃ o b a
cogan	t͡ʃ o ɡ a n
cokelat	t ʃ ɔ k ə l a t
coker	t͡ʃ o k ə r
coli	t͡ʃ o l i
contoh	t͡ʃ ɔ n t ɔ h
cowok	t ʃ o w o ʔ
cuaca	t͡ʃ u a t͡ʃ a
cuek	c u e ʔ
cuitan	t͡ʃ u ɪ t̚ a n
cuka	t͡ʃ u k a
cula	t͡ʃ u l a
cultuurstelsel	k ʊ l t ʊ r s t ɛ l s ə l
cuma	t͡ʃ u m a
cupido	t͡ʃ u p i d o
curi	t ʃ u r i
curiga	t͡ʃ u r i ɡ a
d	d
d	d e
dadih	d a d i h
daerah	d a ɛ r a h
daidan	d a i d a n
daidanco	d a i d a n t͡ʃ o
daitia	d a i t i a
daksina	d a k s i n a
daku	d a k u
dalam	d a l a m
damkar	d a m k a r
dan	d a n
dana	d a n a
danau	d a n a u̯
dansa	d a n s a
danta	d a n t a
dari	d a r i
daring	d a r ɪ ŋ
darma	d a r m a
daster	d a s t ɛ ɾ
datang	d a t a ŋ
datar	d a t a r
datu	d a t u
datuk	d a t ʊ k̚
dawat	d a w a t
daya	d a j a
defenisi	d e f e n i s i
dekan	d ə k a n
dekan	d ɛ k a n
dekat	d ə k a t
delesi	d e l e s i
demonetisasi	d e m o n e t i s a s i
dengan	d ə ŋ a n
dengar	d ə ŋ a r
derita	d ə r i t a
desember	d e s ɛ m b ə r
desistor	d e s ɪ s t ɔ r
detail	d ə t a ɪ l
detoksifikasi	d e t ɔ k̚ s i f i k a s i
devosi	d e v o s i
dewa	d ɛ w a
dewan	d ɛ w a n
di	d i
dia	d i a
diaken	d i a k ə n
diakon	d i a k o n
diam	d i a m
diberhentikan	d i b ə r h ə n t i k a n
dicari	d i t͡ʃ a r i
dicatat	d i t͡ʃ a t a t̚
difabel	d i f a b ə l
digali	d i ɡ a l i
digdaya	d i ɡ d a j a
dijelaskan	d i d͡ʒ ə l a s k a n
dikau	d i k a u̯
dikti	d ɪ k̚ t i
dimakan	d i m a k a n
dingin	d i ŋ ɪ n
dinyatakan	d i ɲ a t a k a n
dipantau	d i p a n t a u̯
diperburuk	d i p ə r b u r ʊ k̚
diperkeruh	d i p ə r k ə r ʊ h
diperkokoh	d i p ə r k o k ɔ h
dirgahayu	d i r ɡ a h a j u
disebar	d i s ə b a r
disposisi	d i s p o s i s i
ditangkap	d i t a ŋ k a p̚
ditemukan	d i t ə m u k a n
ditografi	d i t o ɡ r a f i
doa	d o a
dohyo	d o hʲ o
dohyo	d ɔ xʲ ɔ
dojo	d o d͡ʒ o
dokter	d ɔ k t ə r
doktor	d ɔ k t ɔ r
dokumen	d o k u m ɛ n
dokumentalis	d o k u m ɛ n t a l ɪ s
dokumentasi	d o k u m ɛ n t a s i
dokumenter	d o k u m ɛ n t ɛ r
dokumentografi	d o k u m ɛ n t o ɡ r a f i
dolar	d o l a r
dom	d ɔ m
donasi	d o n a s i
dorna	d o r n a
dorong	d o r o ŋ
dosa	d o s a
dosen	d o s ɛ n
dosin	d o s i n
doyo	d o j o
duane	d u a n ə
duduk	d u d ʊ k̚
duit	d u i t
duk	d ʊ k̚
duka	d u k a
duktus	d ʊ k̚ t ʊ s
duli	d u l i
dulu	d u l u
dunia	d u n i a
dupa	d u p a
duta	d u t a
e	e
e	ə
e	ɛ
edamame	e d a m a m e
editor	ɛ d i t ɔ r
efek	ɛ f ɛ k
efektif	ɛ f ɛ k̚ t ɪ f
eigendom	e i ɡ ə n d o m
eka	e k a
ekaristi	ɛ k a r i s t i
eklips	ɛ k l i p s
ekor	ɛ k o r
ekor	ɛ k ɔ r
ekshibitor	ɛ k s h i b i t ɔ r
ekskursi	ɛ k s k ʊ r s i
eksper	ɛ k s p ɛ r
eksplikatif	ɛ k s p l i k a t ɪ f
elektrik	ɛ l ɛ k t r ɪ k
elektris	ɛ l ɛ k t r ɪ s
elektroda	ɛ l ɛ k t r o d a
elektrode	ɛ l ɛ k t r o d e
elektrode	ɛ l ɛ k t r o d ə
emas	ə m a s
emoji	e m o d͡ʒ i
empat	ə m p a t
empedu	ə m p ə d u
enggak	ə ŋ ɡ a ʔ
engkau	ə ŋ k a u̯
ensiklik	e n s i k l i k
ente	ɛ n t ɛ
entot	ɛ n t o t
erat	ə r a t
erti	ə r t i
es	ɛ s
esa	ə s a
estafet	ɛ s t a f ɛ t
etana	e t a n a
etik	ɛ t ɪ k
etika	ɛ t i k a
etis	ɛ t ɪ s
etude	e t u d ɛ
evaluasi	ɛ v a l u a s i
f	f
f	ɛ f
fabrikasi	f a b r i k a s i
faktor	f a k̚ t ɔ r
falseto	f a l s é t o
fantosmia	f a n t ɔ s m i a̯
farmasi	f a r m a s i
fatsun	f a t s u n
favorit	f a v o r ɪ t̚
februari	f ɛ b r u a r i
fermentasi	f e r m e n t a s i
film	f ɪ l ə m
film	p e l ə m
finansial	f i n a n s i a l
firaun	f i r a u n
fiskal	f ɪ s k a l
flan	f l a n
fmipa	e f m i p a
folder	f ɔ l d ə r
fonetik	f o n ɛ t ɪ k̚
formulir	f o r m u l ɪ r
fotoelektrisitas	f o t o ɛ l ɛ k̚ t r i s i t a s
fotosel	f o t o s ɛ l
frater	f r a t ə r
frekuensi	f r e k u ɛ n s i
frekwensi	f r e k w ɛ n s i
g	ɡ
g	ɡ e
gada	ɡ a d a
gading	ɡ a d i ŋ
gaharu	ɡ a h a r u
gajah	ɡ a d͡ʒ a h
gakari	ɡ a k a r i
gala	ɡ a l a
galak	ɡ a l a k
gali	ɡ a l i
galuh	ɡ a l u h
gampar	ɡ a m p a r
gandu	ɡ a n d u
gang	ɡ a ŋ
gap	ɡ a p
gap	ɡ ɛ p
gapura	ɡ a p u r a
garansi	ɡ a r a n s i
garuda	ɡ a r u d a
gaul	ɡ a u l
gay	ɡ a y
gayung	ɡ a j u ŋ
gelita	ɡ ə l i t a
gempa	ɡ ə m p a
gempita	ɡ ə m p i t a
geng	ɡ ɛ ŋ
genta	ɡ ə n t a
gerha	ɡ ə r h a
gerhana	ɡ ə r h a n a
ggl	ɡ e ɡ e ɛ l
giat	ɡ i a t̚
gigi	ɡ i ɡ i
gimnasium	ɡ ɪ m n a s i ʊ m
giri	ɡ i r i
gita	ɡ i t a
go	ɡ o
goban	ɡ o b a n
gongyo	ɡ o n ɡʲ o
gongyo	ɡ ɔ n ɡʲ ɔ
gongyo	ɣ o n ɣʲ o
gongyo	ɣ ɔ n ɣʲ ɔ
graha	ɡ r a h a
grahita	ɡ r a h i t a
granat	ɡ r a n a t̚
granit	ɡ r a n ɪ t̚
greha	ɡ r ə h a
gresik	ɡ r ə s ɪ k̚
grup	ɡ r ʊ p̚
gua	ɡ u a
gubernur	ɡ u b ə r n ʊ r
gudang	ɡ u d a ŋ
gugus	ɡ u ɡ ʊ s
gula	ɡ u l a
gulana	ɡ u l a n a
guna	ɡ u n a
gundik	ɡ u n d i ʔ
gunseibu	ɡ u n s e i b u
gunseikan	ɡ u n s e i k a n
guru	ɡ u r u
h	h
h	h a
habel	h a b e l
habil	h a b ɪ l
hadiah	h a d i j a h
hadir	h a d i r
hadir	h a d ɪ r
hadis	h a d ɪ s
hai	h a ɪ
haiku	h a i k u
hal	h a l
halaman	h a l a m a n
halusinasi	h a l u s i n a s i
hamba	h a m b a
hambatan	h a m b a t a n
hampir	h a m p i r
hampir	h a m p ɪ r
hancur	h a n t͡ʃ ʊ r
handelar	h a n d ə l a r
handschoen	h a n s ə k ʊ n
handschoen	h a n t̚ s k ʊ n
handuk	h a n d ʊ k̚
hangat	h a ŋ a t
hanya	h a ɲ a
hanzi	h a n z i
harap	h a r a p
harga	h a r ɡ a
harimau	h a r i m a u̯
harta	h a r t a
harus	h a r ʊ s
hasta	h a s t a
hati	h a t i
hatta	h a t t a
hawu	h a w u
hayat	h a j a t̚
hayati	h a j a t i
hechting	h ɛ k̚ t ɪ ŋ
hedon	h e d o n
hedonisme	h e d o n i s m ə
heiho	h e i h o
heksana	h ɛ k s a n a
hendak	h ə n d a k̚
heng	h ɛ ŋ
hentai	h ɛ n t a i̯
henti	h ə n t i
heptana	h e p t a n a
heterotrof	h e t e r o t r o f
hewan	h e w a n
hibrida	h i b r i d a
hidrogen	h i d r o ɡ ɛ n
hidup	h i d u p
hierarki	h i e r a r k i
hijrah	h i d͡ʒ r a h
hijriah	h i d͡ʒ r i a h
hilang	h i l a ŋ
hina	h i n a
hipernim	h i p ə r n ɪ m
hipospadia	h i p o s p a d i a̯
homo	h o m o
hongbao	h o ŋ b a o
honji	h o n d͡ʒ i
hop	h o p
hopagen	h o p a ɡ ɛ n
hopbiro	h o p b i r o
hosti	h o s t i
hukum	h u k ʊ m
hukuman	h u k u m a n
huni	h u n i
huruf	h u r ʊ f
hutan	h u t a n
i	i
i	ɪ
ia	i a
ialah	i a l a h
iba	i b a
ibadah	i b a d a h
ibadat	i b a d a t
ibrani	i b r a n i
ibukota	i b u k o t a
idep	ɪ d ə p̚
idih	ʔ i d i h
iga	ɪ ɡ a
ijazah	i d͡ʒ a z a h
ikan	i k a n
ikebana	i k e b a n a
ikhlas	i x l a s
iklim	i k l ɪ m
ikonik	i k o n ɪ k
ikonis	i k o n ɪ s
ilat	ɪ l a t̚
ilopasia	ɪ l o p a s i a̯
ilustrasi	ɪ l ʊ s t r a s i
imam	i m a m
imamah	i m a m a h
imamat	i m a m a t
iman	i m a n
impresum	ɪ m p r ɛ s ʊ m
imprimatur	i m p r i m a t u r
incung	ɪ n t͡ʃ ʊ ŋ
indekos	i n d ə k ɔ s
indeks	ɪ n d ɛ k s
independen	i n d ə p ɛ n d ə n
indonesia	i n d o n ɛ s j a
indonesia	i n d o n ɛ ʃ a
indonesia	ɛ n d o n ɛ s j a
indra	i n d r a
indra	i n d ə r a
industri	ɪ n d ʊ s t r i
influen	ɪ n f l u ɛ n
informasi	i n f ɔ r m a s i
informatif	ɪ n f ɔ r m a t ɪ f
ingin	i ŋ i n
injil	ɪ n d͡ʒ ɪ l
insaf	i n s a f
inset	i n s ɛ t
intensi	i n t ɛ n s i
internasional	i n t ə r n a s i o n a l
internuntius	i n t ə r n u n t i u s
intip	ɪ n t ɪ p̚
intipan	ɪ n t ɪ p̚ a n
intonasi	ɪ n t o n a s i
introspeksi	ɪ n t r o s p ɛ k̚ s i
iotasisme	i o t a s ɪ s m ə
ipa	i p a
ipa	i p e a
irama	i r a m a
isa	i s a
isama	i s a m a
isap	i s a p
istimewa	ɪ s t i m ɛ w a
istri	i s t r i
isu	ɪ s u
itas	i t a s
j	d͡ʒ
j	d͡ʒ e
jadi	d ʒ a d i
jadul	d͡ʒ a d ʊ l
jadwal	d͡ʒ a t̚ w a l
jaga	d͡ʒ a ɡ a
jagat	j a ɡ a t
jagung	d͡ʒ a ɡ ʊ ŋ
jakarta	d͡ʒ a k a r t a
jala	d͡ʒ a l a
jalan	d ʒ a l a n
jamas	d͡ʒ a m a s
jamber	d͡ʒ a m b ə r
jamu	d͡ʒ a m u
jamur	d͡ʒ a m ʊ r
janapada	d͡ʒ a n a p a d a
jangan	d͡ʒ a ŋ a n
jangankan	d͡ʒ a ŋ a n k a n
jantung	d͡ʒ a n t ʊ ŋ
januari	d͡ʒ a n u a r i
japri	d͡ʒ a p r i
jari	d ʒ a r i
jarum	d͡ʒ a r ʊ m
jasmani	d͡ʒ a s m a n i
jasuke	d͡ʒ a s u k e
jataka	d͡ʒ a t a k a
jati	d͡ʒ a t i
jawa	d͡ʒ a w a
jawab	d͡ʒ a w a p̚
jelas	d͡ʒ ə l a s
jelata	d͡ʒ ə l a t a
jelita	d͡ʒ ə l i t a
jelma	d͡ʒ ə l m a
jenasah	d͡ʒ ə n a s a h
jenawi	d͡ʒ ə n a w i
jenazah	d͡ʒ ə n a s a h
jenazah	d͡ʒ ə n a z a h
jeniper	d͡ʒ ə n i p ə r
jentera	d͡ʒ ə n t ə r a
jepang	d͡ʒ ə p a ŋ
jepun	d͡ʒ ə p ʊ n
jerman	d͡ʒ e r m a n
jijik	d͡ʒ i d͡ʒ ɪ ʔ
jiwa	d͡ʒ i w a
jpu	d͡ʒ e p e u
juag	d͡ʒ u a k̚
judo	d͡ʒ u d o
judogi	d͡ʒ u d o ɡ i
judoka	d͡ʒ u d o k a
jujitsu	d ʒ u d ʒ ɪ t s u
jujutan	d͡ʒ u d͡ʒ ʊ t̚ a n
jujutsu	d ʒ u d ʒ ʊ t s u
juli	d͡ʒ u l i
jumat	d͡ʒ u m a t
jumbrek	d͡ʒ ʊ m b r ə k̚
juni	d͡ʒ u n i
juta	d͡ʒ u t a
k	k
k	k a
kabar	k a b a r
kabinet	k a b i n ɛ t
kabisat	k a b i s a t̚
kabuki	k a b u k i
kabupaten	k a b u p a t e n
kabur	k a b ʊ r
kabut	k a b ʊ t̚
kaca	k a t͡ʃ a
kacamata	k a t͡ʃ a m a t a
kacung	k a t͡ʃ ʊ ŋ
kadaster	k a d a s t ə r
kadaver	k a d a v ə r
kadrun	k a d r ʊ n
kaf	k a f
kailan	k a i l a n
kaisar	k a i s a r
kait	k a ɪ t̚
kaji	k a d͡ʒ i
kakak	k a k a ʔ
kakus	k a k ʊ s
kali	k a l i
kalian	k a l i a n
kama	k a m a
kami	k a m i
kamikaze	k a m i k a z e
kamis	k a m ɪ s
kampai	k a m p a i̯
kamu	k a m u
kamuflase	k a m u f l a s ə
kandidat	k a n d i d a t̚
kanit	k a n i t
kanji	k a n d͡ʒ i
kanonis	k a n o n ɪ s
kanta	k a n t a
kap	k a p̚
kapal	k a p a l
kapalan	k a p a l a n
kapan	k a p a n
kapas	k a p a s
kapitan	k a p i t a n
kapten	k a p̚ t ɛ n
karakuri	k a r a k u r i
karaoke	k a r a o k e
karate	k a r a t e
karategi	k a r a t e ɡ i
karateka	k a r a t e k a
kardinal	k a r d i n a l
karkas	k a r k a s
karma	k a r m a
karna	k a r n a
karnivor	k a r n i v ɔ r
karnivora	k a r n i v o r a
karsa	k a r s a
kartel	k a r t ɛ l
kartika	k a r t i k a
kartografer	k a r t o ɡ r a f ə r
kartu	k a r t u
karunia	k a r u n i a̯
karya	k a r i a
karya	k a r j a
karyawisata	k a r j a w i s a t a
kastel	k a s t ɛ l
kastil	k a s t ɪ l
kasuistik	k a s u ɪ s t ɪ k̚
katedral	k a t ə d r a l
katoda	k a t o d a
katode	k a t o d ə
katun	k a t u n
kau	k a u̯
kawan	k a w a n
kawasan	k a w a s a n
kayas	k a j a s
kdrt	k a d e ɛ r t e
keanekaragaman	k ə a n ɛ k a r a ɡ a m a n
kebakaran	k ə b a k a r a n
kebangsaan	k ə b a ŋ s a a n
kebangsaan	k ə b a ŋ s a ʔ a n
kebebasan	k ə b ɛ b a s a n
kebo	k ə b o
kebun	k ə b ʊ n
kebupatian	k ə b u p a t i a n
kebut	k ə b ʊ t̚
kecamatan	k ə t͡ʃ a m a t a n
kecap	k ə t͡ʃ a p
kecap	k ɛ t͡ʃ a p
kecil	k ə t ʃ i l
kedaluwarsa	k ə d a l u w a r s a
kedatangan	k ə d a t a ŋ a n
kedaton	k ə d a t ɔ n
kedatuan	k ə d a t u a n
kedokteran	k ə d o k t ə r a n
kedutaan	k ə d u t a a n
keempat	k ə ə m p a t
kehausan	k ə h a ʊ s a n
kehujanan	k ə h u d͡ʒ a n a n
keibodan	k e i b o d a n
keik	k ɛ i k
kek	k e k
kek	k e ʔ
kek	k ɛ ʔ
keker	k e k ə r
keker	k ɛ k ɛ r
kekosongan	k ə k o s o ŋ a n
kekuasaan	k ə k u a s a a n
kelab	k ə l a b
kelab	k ə l a p
kelambu	k ə l a m b u
kelapa	k ə l a p a
kelar	k ə l a r
kelarutan	k ə l a r u t a n
kelengkiak	k ə l ə ŋ k i a k̚
kelinci	k ə l ɪ n t͡ʃ i
keluar	k ə l u a r
keluaran	k ə l u a r a n
kembang	k ə m b a ŋ
kempetai	k e m p e t a i̯
ken	k ɛ n
kenapa	k ə n a p a
kencan	k ə n t͡ʃ a n
kencana	k ə n t͡ʃ a n a
kenceng	k ə n t͡ʃ ə ŋ
kendaraan	k ə n d a r a ʔ a n
kendi	k ə n d i
kendo	k ɛ n d o
kenek	k ə n ɛ k
kening	k ə n ɪ ŋ
kenken	k e n k e n
keparat	k ə p a r a t
kepolisian	k ə p o l i s i a n
keponakan	k ə p o n a k a n
keramat	k ə r a m a t̚
keramik	k ə r a m ɪ k̚
keranda	k ə r a n d a
keras	k ə r a s
keraton	k ə r a t ɔ n
kerbau	k ə r b a u̯
kerepek	k ə r ɛ p ə k̚
kering	k ə r ɪ ŋ
keripik	k ə r i p ɪ k̚
kerosin	k e r o s ɪ n
kers	k ɛ r s
kersen	k ɛ r s ə n
kertas	k ə r t a s
keruh	k ə r ʊ h
kesalahan	k ə s a l a h a n
keseruan	k ə s ə r u a n
ketentuan	k ə t ə n t u a n
keterangan	k ə t ə r a ŋ a n
ketinggalan	k ə t i ŋ ɡ a l a n
ketombe	k ə t ɔ m b e
ketumbar	k ə t ʊ m b a r
keturunan	k ə t u r u n a n
keuskupan	k ə u s k u p a n
khalifah	x a l i f a ʔ
khatam	h a t a m
khatam	k a t a m
khatam	x a t a m
khawatir	k a w a t i r
khawatir	x a w a t i r
khilafah	x i l a f a ʔ
khs	k a h a ɛ s
kicauan	k i t͡ʃ a u̯ a n
kidal	k i d a l
kilang	k i l a ŋ
kimono	k i m o n o
kinoa	k i n o a̯
kira	k i r a
kirana	k i r a n a
kisi	k i s i
kita	k i t a
kitab	k i t a p̚
kitas	k i t a s
kk	k a k a
kkn	k a k a ɛ n
klasikal	k l a s ɪ k a l
klaver	k l a v ə r
klem	k l ɛ m
klep	k l ɛ p
klinikal	k l i n i k a l
klinis	k l i n i s
klitik	k l i t i k
klop	k l ɔ p̚
klub	k l u p
koki	k o k i
kokoh	k o k ɔ h
kolaborator	k ɔ l a b ɔ r a t ɔ r
kolam	k o l a m
kolega	k o l e ɡ a
kolik	k o l ɪ k
kolon	k o l ɔ n
kolusi	k o l u s i
komandan	k o m a n d a n
kombinasi	k ɔ m b i n a s i
komet	k o m ɛ t̚
komisi	k o m i s i
komite	k o m i t e
kompet	k ɔ m p ɛ t̚
kompetisi	k ɔ m p ə t i s i
kompi	k ɔ m p i
komplot	k o m p l o t
komunikasi	k o m u n i k a s i
komunis	k o m u n ɪ s
koneksi	k o n ɛ k s i
konfeti	k o n f e t i
konfirmasi	k ɔ n f ɪ r m a s i
konpers	k ɔ n p ɛ r s
konsiderans	k ɔ n s i d ə r a n s
konsiderasi	k ɔ n s i d ə r a s i
konsul	k ɔ n s ʊ l
konsuler	k ɔ n s u l ɛ r
kontes	k ɔ n t ɛ s
koordinasi	k o ɔ r d i n a s i
kop	k o p
koper	k o p ə r
koperasi	k o p ə r a s i
kopi	k o p i
kopitiam	k o p i t i a m
kor	k ɔ r
koroner	k o r o n ɛ r
korps	k ɔ r p s
kosakata	k o s a k a t a
kosmonaut	k ɔ s m o n a u̯ t̚
kota	k o t a
kpk	k a p e k a
kredo	k r e d o
krida	k r i d a
kring	k r ɪ ŋ
kriptogam	k r ɪ p t o ɡ a m
kriptogamik	k r ɪ p t o ɡ a m ɪ k
kristen	k r ɪ s t ə n
kruk	k r ʊ k
krusial	k r u s i a l
ktsp	k a t e ɛ s p e
ku	k u
kuap	k u a p̚
kuartal	k u a r t a l
kucing	k u t͡ʃ ɪ ŋ
kuil	k u ɪ l
kuilu	k u i l u
kuintal	k w i n t a l
kuitansi	k u i̯ t a n s i
kuku	k u k u
kukuh	k u k ʊ h
kukus	k u k ʊ s
kuliah	k u l i a h
kultivasi	k ʊ l t i v a s i
kumico	k u m i t͡ʃ o
kumpul	k ʊ m p ʊ l
kumulatif	k u m u l a t ɪ f
kuna	k u n a
kuno	k u n o
kuntit	k ʊ n t ɪ t̚
kuping	k u p ɪ ŋ
kurang	k u r a ŋ
kurawa	k u r a w a
kurikulum	k u r i k u l ʊ m
kusta	k ʊ s t a
kusuma	k u s u m a
kutang	k u t a ŋ
ky	k a j e
l	l
l	ɛ l
labah	l a b a h
lada	l a d a
laher	l a h ə r
laki	l a k i
laksa	l a k s a
laksamana	l a k s a m a n a
laksana	l a k s a n a
laksmana	l a k s m a n a
laksmi	l a k s m i
laku	l a k u
lalat	l a l a t̚
laler	l a l ə r
lama	l a m a
laman	l a m a n
lampak	l a m p a k̚
lanca	l a n t͡ʃ a
lancia	l a n t͡ʃ i a̯
landasan	l a n d a s a n
langau	l a ŋ a u̯
langca	l a ŋ t͡ʃ a
langcia	l a ŋ t͡ʃ i a̯
langit	l ɑː ŋ ɪ t̚
langka	l a ŋ k a
lanjar	l a n d͡ʒ a r
lansia	l a n s i a
lantai	l a n t a i̯
lantama	l a n t a m a
lantamal	l a n t a m a l
lantamil	l a n t a m ɪ l
lantas	l a n t a s
lapang	l a p a ŋ
lapangan	l a p a ŋ a n
lasik	l a s i k
laskar	l a s k a r
latih	l a t ɪ h
latpur	l a t̚ p ʊ r
lawan	l a w a n
layan	l a j a n
layanan	l a j a n a n
lazuardi	l a z u a r d i
leger	l ɛ ɡ ə r
lekas	l ə k a s
lekong	l e k o ŋ
lektor	l ɛ k t o r
lelang	l ɛ l a ŋ
lelangit	l ə l ɑː ŋ ɪ t̚
lemah	l ə m a h
lembar	l ə m b a r
lemper	l ə m p ə r
lempir	l ə m p ɪ r
lempira	l e m p i r a
lengan	l ə ŋ a n
lengket	l ɛ ŋ k ɛ t̚
lenjer	l ə n d͡ʒ ə r
lensa	l ɛ n s a
lepasan	l ə p a s a n
lepra	l ɛ p r a
lev	l e p̚
lgbt	ɛ l ɡ e b e t e
liana	l i a̯ n a
lipur	l i p ʊ r
lisan	l i s a n
literasi	l i t ə r a s i
lobak	l o b a k
lobang	l o b a ŋ
loji	l o d͡ʒ i
lokalisasi	l o k a l i s a s i
lokalisir	l o k a l i s ɪ r
lokapasar	l o k a p a s a r
loket	a b o n ə m ɛ n
lomba	l ɔ m b a
lompat	l ɔ m p a t̚
loper	l o p ə r
losin	l o s i n
losion	l o s i ɔ n
losmen	l o s m ɛ n
lpmp	ɛ l p e ɛ m p e
luak	l u a k̚
luang	l u a ŋ
luap	l u a p̚
luar	l u a r
luas	l u a s
lubang	l u b a ŋ
lucu	l u t͡ʃ u
lues	l u e s
lulusan	l u l ʊ s a n
lumbung	l ʊ m b ʊ ŋ
lumut	l u m ʊ t̚
luncur	l ʊ n t͡ʃ ʊ r
lupa	l u p a
luring	l u r ɪ ŋ
lurus	l u r u s
lusin	l u s i n
m	m
m	ɛ m
madrasah	m a d r a s a h
mag	m ɑ h
mag	m ɑ x
mager	m a ɡ ə r
mahakuasa	m a h a k u a s a
main	m a i n
majelis	m a d͡ʒ ə l ɪ s
makan	m a k a n
makanan	m a k a n a n
makasih	m a k a s ɪ h
makhluk	m a x l ʊ k̚
maklumat	m a k̚ l u m a t̚
makmur	m a ʔ m ʊ r
malam	m a l a m
malat	m a l a t̚
malem	m a l ə m
malingsia	m ä l ɪ ŋ s i a
malingsial	m ä l ɪ ŋ s i a l
mampu	m a m p u
mana	m a n a
mancanegara	m a n t͡ʃ a n ə ɡ a r a
mandiri	m a n d i r i
manga	m a n ɡ a
manga	m a ŋ a
mangaka	m a n ɡ a k a
mantan	m a n t a n
mantap	m a n t a p̚
mantel	m a n t ə l
mantra	m a n t r a
mantri	m a n t ə r i
mantul	m a n t ʊ l
map	m a p̚
mapel	m a p ə l
maret	m a r ə t̚
marhaban	m a r h a b a n
marhabanan	m a r h a b a n a n
mari	m a r i
markas	m a r k a s
masak	m a s a k̚
masakan	m a s a k̚ a n
masam	m a s a m
masih	m a s i h
massal	m a s s a l
masturbasi	m a s t ʊ r b a s i
masyarakat	m a ʃ a r a k a t̚
mata	m a t a
matahari	m a t a h a r i
materai	m a t ə r a i
matkul	m a t k ʊ l
matpel	m a t p ə l
maya	m a j a
mayat	m a j a t̚
mayit	m a j i t̚
mazbah	m a z b a h
mbojo	m b o j o
mecin	m ɛ t͡ʃ i n
medan	m ɛ d a n
mei	m e i̯
melekas	m ə l ə k a s
melekaskan	m ə l ə k a s k a n
meletus	m ə l ə t u s
meloka	m ə l o k a
memaafkan	m ə m a a f k a n
memakan	m ə m a k a n
memantau	m ə m a n t a u̯
memasak	m ə m a s a k̚
memasang	m ə m a s a ŋ
membaca	m ə m b a t ʃ a
membakar	m ə m b a k a r
membangun	m ə m b a ŋ ʊ n
membanguni	m ə m b a ŋ ʊ n i
membangunkan	m ə m b a ŋ ʊ n k a n
membantah	m ə m b a n t a h
membawa	m ə m b a w a
membeli	m ə m b e l i
memberantakkan	m ə m b ə r a n t a k k a n
memberhentikan	m ə m b ə r h ə n t i k a n
memberi	m ə m b ə r i
memberikan	m ə m b ə r i k a n
membranofon	m ɛ m b r a n o f ɔ n
membunuh	m ə m b u n ʊ h
meme	m i m
meme	m ɛ m ɛ
memerban	m ə m ə r b a n
memetieskan	m ə m ə t i ɛ s k a n
memfermentasikan	m ə m f e r m e n t a s i k a n
memilih	m ə m i l i h
memindai	m ə m i n d a i̯
memodernkan	m ə m o d ɛ r n k a n
memola	m ə m o l a
mempengaruhi	m ə m p ə ŋ a r u h i
memperburuk	m ə m p ə r b u r ʊ k̚
memperkeruh	m ə m p ə r k ə r ʊ h
memperketat	m ə m p ə r k ə t a t
memperkokoh	m ə m p ə r k o k ɔ h
memproklamasikan	m ə m p r o k l a m a s i k a n
memukul	m ə m u k ʊ l
memunculkan	m ə m u n t͡ʃ ʊ l k a n
memutakhirkan	m ə m u t a x i r k a n
menabelkan	m ə n a b ə l k a n
menambah	m ə n a m b a h
menampilkan	m ə n a m p i l k a n
menang	m ə n a ŋ
menangkap	m ə n a ŋ k a p̚
menara	m ə n a r a
menatapi	m ə n a t a p i
menayangkan	m ə n a j a ŋ k a n
mencacat	m ə n t͡ʃ a t͡ʃ a t
mencari	m ə n t͡ʃ a r i
mencatat	m ə n t͡ʃ a t a t̚
mencekoki	m ə ɲ t͡ʃ ə k o k i
mencekoki	m ə ɲ t͡ʃ ə k o ʔ i
mencekokkan	m ə n t͡ʃ ə k o ʔ k a n
mencela	m ə ŋ t͡ʃ ə l a
mencium	m ə ɲ t͡ʃ i u m
mendengar	m ə n d ə ŋ a r
mendiamkan	m ə n d i a m k a n
mendoa	m ə n d o a
mendobrak	m ə n d o b r a k
mendung	m ə n d u ŋ
menel	m e n e l
menelaah	m ə n ə l a a h
menemukan	m ə n ə m u k a n
mengabadi	m ə ŋ a b a d i
mengaben	m ə ŋ a b ɛ n
mengabsen	m ə ŋ a b s e n
menganiaya	m ə ŋ a n i a j a
menganiayai	m ə ŋ a n i a j a i
mengapa	m ə ŋ a p a
mengatakan	m ə ŋ a t a k a n
mengenai	m ə ɲ ə n a i
mengencingi	m ə ŋ e n c i ŋ i
mengendalikan	m ə ŋ ə n d a l i k a n
mengerti	m ə ŋ ə r t i
mengetatkan	m ə ŋ ə t a t̚ k a n
menggali	m ə ŋ ɡ a l i
menggarisbawahi	m ə ŋ ɡ a r i s b a w a h i
menggarisi	m ə ŋ ɡ a r i s i
menggempita	m ə ŋ ɡ ə m p i t a
menghadiri	m ə ŋ h a d i r i
menghadirkan	m ə ŋ h a d i r k a n
menghasilkan	m ə ŋ h a s i l k a n
menghukum	m ə ŋ h u k ʊ m
mengiler	m ə ŋ i l ə r
mengimbuh	m ə ŋ i m b u h
mengingat	m ə ŋ ɪ ŋ a t̚
mengoplos	m ə ŋ o p l o s
mengubah	m ə ŋ u b a h
mengumpamakan	m ə ŋ u m p a m a k a n
menikah	m ə n i k a h
menilai	m ə n i l a i
meninggal	m ə n ɪ ŋ ɡ a l
meninggali	m ə n i ŋ ɡ a l i
menit	m ə n ɪ t
menjelaskan	m ə n d͡ʒ ə l a s k a n
menjijikkan	m ə n d͡ʒ i d͡ʒ ɪ ʔ k a n
menorah	m e n o r a h
menuntut	m ə n u n t ʊ t
menurun	m ə n u r ʊ n
menyanggah	m ə ɲ a ŋ ɡ a h
menyatakan	m ə ɲ a t a k a n
menyebar	m ə ɲ ə b a r
menyerahkan	m ə ɲ ə r a h k a n
menyiarkan	m ə ɲ i a r k a n
menyimpan	m ə ɲ i m p a n
menyita	m ə ɲ i t a
menyunting	m ə ɲ u n t i ŋ
menyusun	m ə ɲ u s ʊ n
meong	m ɛ o ŋ
meragu	m ə r a ɡ u
merah	m ə r a h
merah	m ɛ r a h
meraih	m ə r a i h
meraja	m ə r a d͡ʒ a
merebus	m ə r ə b ʊ s
mereka	m ə r e k a
merk	m ɛ r k
merupakan	m ə r u p a k a n
merusak	m ə r u s a ʔ
meta	a b o n ə m ɛ n
metana	m ɛ t a n a
micin	m i t͡ʃ i n
minaret	m i n a r ɛ t
minder	m ɪ n d ə r
mipa	m i p a
mitos	m i t o s
mobil	m o b i l
moci	m o t͡ʃ i
moksa	m o k s a
moktail	m ɔ k̚ t a ɪ l
monarki	m o n a r k i
mu	m u
muamalah	m u a m a l a h
muda	m u d a
mudra	m u d r a
muka	m u k a
mula	m u l a
mulai	m u l a i̯
munsyi	m u n ʃ i
mur	m u r
musang	m u s a ŋ
mutasi	m u t a s i
n	n
n	ɛ n
nagari	n a ɡ a r i
nah	n a h
nakhoda	n a k o d a
nakhoda	n a x o d a
nanas	n a n a s
nanti	n a n t i
narakontak	n a r a k ɔ n t a k̚
nasi	n a s i
nasionalisme	n a s i o n a l i s m ə
nasionalisme	n a s j o n a l i s m ə
nasrani	n a s r a n i
natal	n a t a l
naufal	n a u f a l
negeri	n ə ɡ ə r i
negoisasi	n ɛ ɡ o s i a s i
nepotisme	n e p ɔ t̚ ɪ s m ə
nestapa	n ə s t a p a
netra	n ə t r a
ngab	ŋ a b
ngentot	ŋ ɛ n t o t
nila	n i l a
nira	n i r a
nirwana	n i r w a n a
nopek	n o p ɛ ʔ
nori	n o r i
not	n ɔ t
november	n o p ɛ m b ə r
november	n o v ɛ m b ə r
nuansa	n u a n s a
nyanyi	ɲ a ɲ i
nyendok	ɲ ə n d o ʔ
nyiur	ɲ i ʊ r
nyonya	ɲ o ɲ a
o	o
obesitas	o b ɛ s i t a s
obi	o b i
ogah	o ɡ a h
oke	ɔ k e
oksimeter	ɔ k̚ s i m ɛ t ə r
oktan	o k t a n
oktana	o k t a n a
oktober	ɔ k̚ t o b ə r
ompol	o m p o l
onagata	o n a ɡ a t a
onani	o n a n i
onderdil	o n d ə r d i l
ongkos	o ŋ k o s
onigiri	o n i ɡ i r i
onsen	o n s ɛ n
oplos	o p̚ l o s
oplosan	o p l o s a n
orang	o r a ŋ
orangtua	o r a ŋ t u a
origami	o r i ɡ a m i
ortu	o r t u
oto	o t o
otomobil	o t o m o b i l
pabrikasi	p a b r i k a s i
pabrikasi	p a p̚ r i k a s i
padam	p a d a m
padi	p a d i
padri	p a d r i
paduka	p a d u k a
padus	p a d u s
pagelaran	p a ɡ ə l a r a n
pagu	p a ɡ u
pahala	p a h a l a
paham	p a h a m
pahlawan	p a h l a w a n
paku	p a k u
pala	p a l a
palu	p a l u
palung	p a l ʊ ŋ
panas	p a n a s
pandemi	p a n d e m i
pandemik	p a n d e m ɪ k
panekuk	p a n ə k u k
pangkal	p a ŋ k a l
pangkalan	p a ŋ k a l a n
pangkat	p a ŋ k a t
pangsit	p a ŋ s i t
panjang	p a n d͡ʒ a ŋ
panko	p a n k o
pantat	p a n t a t̚
pantau	p a n t a u̯
pap	p a p
papa	p a p a
parade	p a r a d ə
pariwisata	p a r i w i s a t a
parlemen	p a r l ə m ɛ n
parlementer	p a r l ə m ɛ n t ɛ r
paroki	p a r o k i
parpol	p a r p o l
partikelir	p a r t i k ə l ɪ r
paskah	p a s k a h
pasraman	p a s r a m a n
pastor	p a s t o r
pecahan	p ə t͡ʃ a h a n
pedagogi	p e d a ɡ o ɡ i
pejabat	p ə d͡ʒ a b a t
pek	p ɛ k
pekan	p ə k a n
pekerjaan	p ə k ə r d ʒ a ʔ a n
pelacur	p ə l a t͡ʃ ʊ r
pelajar	p ə l a d͡ʒ a r
pelan	p e l a n
pelan	p ə l a n
pelangi	p ə l a ŋ i
pelatihan	p ə l a t ɪ h a n
peler	p ə l e r
pelonco	p ə l ɔ n t͡ʃ o
pelopor	p ə l o p ɔ r
pelumas	p ə l u m a s
pemain	p ə m a i n
pembaca	p ə m b a t͡ʃ a
pemberontakan	p ə m b ə r ɔ n t a k a n
pembinaan	p ə m b i n a a n
pembohong	p ə m b o h o n ɡ
pembunuh	p ə m b u n ʊ h
pemda	p ə m d a
pemeriksaan	a b o n ə m ɛ n
pemerintahan	p ə m ə r i n t a h a n
pemkab	p ə m k a p̚
pemkot	p ə m k ɔ t̚
pemprov	p ə m p r ɔ p̚
penakut	p ə n a k u t
penanda	p ə n a n d a
pencemaran	p ə n t͡ʃ ə m a r a n
penderita	p ə n d ə r i t a
pendeta	p ə n d ɛ t a
pendukung	p ə n d u k ʊ ŋ
penera	p ə n ə r a
pengairan	p ə ŋ a ʔ ɪ r a n
penganiaya	p ə ŋ a n i a j a
penganiayaan	p ə ŋ a n i a j a a n
pengawas	p ə ŋ a w a s
pengawasan	p ə ŋ a w a s a n
pengen	p ɛ ŋ ɛ n
penggalian	p ə ŋ ɡ a l i a n
penggiling	p ə ŋ ɡ ɪ l ɪ ŋ
pengguna	p ə ŋ ɡ u n a
penghancuran	p ə ŋ h a n t͡ʃ ʊ r a n
pengin	p ɛ ŋ i n
pengoplos	p ɘ ŋ o p l o s
penguatan	p ə ŋ u a t̚ a n
penjagaan	p ə n d͡ʒ a ɡ a a n
penjagaan	p ə n d͡ʒ a ɡ a ʔ a n
pentana	p ɛ n t a n a
penuntut	p ə n u n t ʊ t
penyakit	p ə ɲ a k ɪ t
penyamaran	p ə ɲ a m a r a n
perambah	p ə r a m b a h
perang	p ə r a ŋ
peranti	p ə r a n t i
perasaan	p ə r a s a a n
perawan	p ə r a w a n
perawat	p ə r a w a t
perban	p ə r b a n
percobaan	p ə r t͡ʃ o b a a n
percuma	p ə r t͡ʃ u m a
perdana	p ə r d a n a
perdata	p ə r d a t a
perdom	p ə r d ɔ m
performer	p ə r f ɔ r m ə r
pergi	p ə r ɡ i
perintah	p ə r ɪ n t a h
perkara	p ə r k a r a
permainan	p ə r m a i n a n
permukaan	p ə r m u k a a n
permukaan	p ə r m u k a ʔ a n
pernah	p ə r n a h
perpanjangan	p ə r p a n d͡ʒ a ŋ a n
perpeloncoan	p ə r p ə l ɔ n t͡ʃ o a n
persada	p ə r s a d a
persembahan	p ə r s ə m b a h a n
persen	p ə r s ɛ n
persneling	p ə r s n e l i ŋ
persneling	p ə r s ə n e l i ŋ
pertahanan	p ə r t a h a n a n
pertiwi	p ə r t i w i
perut	p ə r ʊ t̚
pesumo	p ə s u m o
peta	p ə t a
petrus	p ə t r ʊ s
petrus	p ɛ t r ʊ s
phbs	p e h a b e ɛ s
pialang	p ɪ j a l a ŋ
pidana	p i d a n a
piket	p i k ɛ t̚
pikir	p i k ɪ r
pintu	p ɪ n t u
pion	p i o n
pionir	p i o n ɪ r
pipi	p i p i
piranti	p i r a n t i
pistol	p ɪ s t ɔ l
pita	p i t a
plafon	p l a f ɔ n
plafon	p ə̆ l a f ɔ n
plak	p l a k
plan	p l a n
planologi	p l a n o l o ɡ i
plot	p l ɔ t̚
pm	p e ɛ m
pokok	p o k ɔ k̚
pola	p o l a
polis	p o l ɪ s
ponpes	p ɔ n p ə s
ponsel	p o n s ɛ l
posting	p ɔ s t ɪ ŋ
potret	p o t r e t
ppdb	p e p e d e b e
pr	p ɛ ɛ r
prabu	p r a b u
prakerta	p r a k ə r t a
praktek	p r a k̚ t ɛ k̚
praktik	p r a k̚ t ɪ k̚
pramulansia	p r a m u l a n s i a
pramuwreda	p r a m u w r ə d a
prasada	p r a s a d a
prei	p r e i
pria	p r i a̯
pria	p ə r i a̯
pribadi	p r i b a d i
prinsip	p r ɪ n s ɪ p̚
prinsipiel	p r ɪ n s i p i ə l
prioritas	p r i o r i t a s
produk	p r o d a k
produk	p r o d ʊ k
profesor	p r o f ɛ s ɔ r
proklamasi	p r o k l a m a s i
promovendus	p r o m o v ɛ n d ʊ s
propana	p r o p a n a
proses	p r o s ɛ s
provos	p r o v ɔ s
proyek	p r o j ɛ k
psikiater	p ə s i k iʲ a t ə r
psikiater	s i k iʲ a t ə r
psikolog	p ə s i k o l ɔ k̚
psikolog	s i k o l ɔ k̚
ptm	p e t e ɛ m
publikasi	p u b l i k a s i
puing	p u ɪ ŋ
puja	p u d͡ʒ a
puji	p u d͡ʒ i
pujian	p u j i a n
pulang	p u l a ŋ
punia	p u n i a̯
puntung	p ʊ n t ʊ ŋ
pura	p u r a
puri	p u r i
pustaha	p ʊ s t a h a
putus	p u t ʊ s
q	k
q	k i
qanun	q a n u n
rabu	r a b u
radikalisasi	r a d i k a l ɪ s a s i
radikalisme	r a d i k a l ɪ s m ə
radius	r a d i ʊ s
raga	r a ɡ a
ragu	r a ɡ u
ramal	r a m a l
ranjang	r a ɲ d ʒ a ŋ
ransel	r a n s ə l
rasa	r a s a
rase	r a s e
rasuah	r a s u a h
ratu	r a t u
rawi	r a w i
realitas	r e a l i t a s
reanimasi	r e a n i m a s i
regu	r ə ɡ u
reguler	r ɛ ɡ u l ɛ r
rehabilitasi	r e h a b i l i t a s i
rekayasa	r e k a j a s a
reksa	r ə k s a
rektor	r ɛ k t o r
rektum	r ɛ k̚ t ʊ m
rem	r ɛ m
rendah	r ə n d a h
rengo	r e n ɡ o
renten	r ɛ n t ə n
resep	r ə s ɛ p
resesi	r ɛ s ɛ s i
residensial	a b o n ə m ɛ n
resleting	r e s l ɛ t i ŋ
resmi	r ə s m i
resusitasi	r e s u s i t a s i
retensi	r ə t ɛ n s i
rezeki	r ə z ə k i
riba	r i b a
rijsttafel	r ɛ i̯ s t a f ə l
rijsttafel	r ɛ s t a f ə l
risiko	r i s i k o
riskan	r i s k a n
risoto	r i s o t o
ritsleting	r i t s l ə t i ŋ
ritsleting	r i t s s l ə t i ŋ
rokade	r o k a d ə
roman	r o m a n
romo	r o m o
romusa	r o m u s a
romusha	r o m u ʃ a
romusya	r o m u ʃ a
rongga	r ɔ ŋ ɡ a
ronsen	r ɔ n s ə n
rontgen	r ɔ n t ɡ ə n
rs	ɛ r ɛ s
ruang	r u a ŋ
rumput	r ʊ m p ʊ t̚
rusak	r u s a k̚
rusak	r u s a ʔ
rusuk	r u s ʊ k
s'lalu	s l a l u
sa	s a
saat	s a ʔ a t
sabar	s a b a r
sabi	s a b i
sabit	s a b ɪ t̚
sabo	s a b o
sabun	s a b u n
sabung	s a b ʊ ŋ
sadar	s a d a r
sadu	s a d u
sagu	s a ɡ o
sahaya	s a h a j a
saja	s a d ʒ a
saka	s a k a
sake	s a k e
sakelar	s a k ə l a r
sakip	s a k ɪ p̚
sakit	s a k ɪ t̚
sakti	s a k t i
sal	s a l
sala	s a l a
salah	s a l a h
salpeter	s a l p ɛ t ə r
sama	s a m a
samcan	s a m t͡ʃ a n
sampah	s a m p a h
sampai	s a m p a i̯
sampir	s a m p ɪ r
samsek	s a m s ə k
samurai	s a m u r a i
sancan	s a n t͡ʃ a n
sancan	s a ɲ t͡ʃ a n
sandang	s a n d a ŋ
sandar	s a n d a r
sandung	s a n d ʊ ŋ
sangat	s a ŋ a t
sange	s a ŋ ɛ
sange	s a ŋ ɛ ʔ
sangga	s a ŋ ɡ a
sanggah	s a ŋ ɡ a h
sanggul	s a ŋ ɡ ʊ l
sangka	s a ŋ k a
sangkut	s a ŋ k ʊ t
sangsi	s a ŋ s i
sanksi	s a ŋ s i
saputangan	s ä p u t ä ŋ a n
sarana	s a r a n a
sarung	s a r ʊ ŋ
sasana	s a s a n a
saset	s a s ɛ t
satgas	s a t ɡ a s
satori	s a t o r i
satu	s a t u
satwa	s a t̚ w a
saudara	s a u̯ d a r a
saudari	s a u̯ d a r i
saya	s a j a
sayap	s a j a p̚
sebar	s ə b a r
secang	s ə t͡ʃ a ŋ
sedang	s ə d a ŋ
sedawa	s ə d a w a
segara	s ə ɡ a r a
segel	s ɛ ɡ ə l
segitiga	s ə ɡ i t i ɡ a
seharian	s ə h a r i a n
seharian	s ə h a r i j a n
sehat	s ɛ h a t̚
sein	s e ɪ̯ n
seinendan	s e i n e n d a n
seka	s ə k a
seka	s ɛ k a
sekak	s ə k a k
sekali	s ə k a l i
seko	s e k o
seko	s ə k o
seko	s ɛ k o
sekong	s e k o ŋ
sekring	s e k r ɪ ŋ
sekrup	s ə k r u p
seksi	s ɛ k s i
sekum	s ə k ʊ m
sekunder	s ə k ʊ n d ɛ r
selada	s a l a d a
selalu	s ə l a l u
selo	s ɛ l o
semalaman	s ə m a l a m a n
semalem	s ə m a l ə m
semaleman	s ə m a l ə m a n
semangka	s ə m a ŋ k a
sembuh	s ə m b ʊ h
semen	s ə m ɛ n
semen	s ɛ m ɛ n
sementara	s ə m ə n t a r a
seminar	s ə m i n a r
seminari	s ɛ m i n a r i
semir	s ə m i r
semong	s ə m ɔ ŋ
sempoa	s ə m p o a
sempurna	s ə m p u r n a
semua	s ə m u a
senandung	s ə n a n d ʊ ŋ
senantiasa	s ə n a n t i a s a
sendawa	s ə n d a w a
sendratari	s ə n d r a t a r i
sengsai	s ə ŋ s a i
sengsai	s ɛ ŋ s a i
sengsara	s ə ŋ s a r a
senin	s ə n ɪ n
sensei	s e n s e i
senter	s ɛ n t ə r
sentosa	s ə n t o s a
sentral	s ɛ n t r a l
seorang	s ə o r a ŋ
sepak	s e p a k̚
sepak	s ə p a k̚
sepang	s ə p a ŋ
sepatu	s ə p a t u
sepeda	s ə p ɛ d a
seprai	s ə p r a i
seprei	s ə p r e i
september	s ɛ p̚ t ɛ m b ə r
sepupu	s ə p u p u
sepur	s ə p u r
serdadu	s ə r d a d u
serdawa	s ə r d a w a
seremoni	s e r e m o n i
seri	s e r i
seri	s ə r i
sertifikat	s e r t i f i k a t
sertifikat	s e r t i p i k a t
seru	s ə r u
seterika	s ə t ə r i k a
setolop	s ə t ɔ l ɔ p
setra	s ɛ t r a
setrap	s ə t r a p
setrum	s ə t r ʊ m
setuju	s ə t u d͡ʒ u
shinto	ʃ i n t o
shogun	ʃ o ɡ u n
shun	ɛ s h a u ɛ n
si	s i
sialan	s i a l a n
siang	s i a ŋ
sijil	s i d͡ʒ ɪ l
silam	s i l a m
silet	s i l ɛ t̚
silsilah	s ɪ l s i l a h
sim	s ɪ m
singapura	s i ŋ a p u r a
singgasana	s i ŋ ɡ a s a n a
singse	s i ŋ s ə
sini	s i n i
sinse	s i n s e
sintas	s ɪ n t a s
sipil	s i p ɪ l
sirkuler	s ɪ r k u l ɛ r
siswa	s ɪ s w a
sita	a b o n ə m ɛ n
situasional	s i t u a s i o n a l
skala	s ə̆ k a l a
skalar	s k a l a r
skema	s ə k e m a
skim	s ə k ɪ m
skor	s k o r
skrin	s ə k r i n
slalu	s l a l u
slang	s ə l a ŋ
slank	s l ɑ ŋ k
sma	ɛ s ɛ m a
sma	ɛ s ɛ m ʔ a
soang	s o a̯ ŋ
soba	s o b a
sofa	s o f a
songket	s o ŋ k ɛ̀ t
sopir	s o p ɪ r
sore	s o r e
sosialisme	s o s i a l ɪ s m ə
spanduk	s ə p a n d ʊ k̚
spaning	s p a n i ŋ
spesifik	s p ɛ s i f ɪ k̚
spesifisitas	s p e s i f i s i t a s
spoelhoek	s p ʊ l h ʊ k̚
sporadis	s p o r a d ɪ s
sprei	s ə p r e i
sr	ʔ ɛ s ʔ ɛ r
sri	s ə r i
staf	s t a f
standardisasi	s t a n d a r d i s a s i
standarisasi	s t a n d a r i s a s i
stasi	s t a s i
steker	a b o n ə m ɛ n
step	s ə t ɛ p
stoples	s t ɔ p l ɛ s
stoples	s ə t ɔ p l ɛ s
struktur	s t r ʊ k t ʊ r
suami	s u a̯ m i
suara	s u a r a
subjek	s u b d͡ʒ ɛ k
subuco	s u b u t͡ʃ o
subyek	s u b j ə k
subyek	s u b j ɛ k
suci	s u t͡ʃ i
sudoku	s u d o k u
suf	s ʊ f
suiseki	s u i s e k i
suka	s u k a
suket	s u k ə t̚
sulut	s u l u t
sumber	s ʊ m b ə r
sumo	s u m o
sungai	s u ŋ a i̯
sungkit	s ʊ ŋ k ɪ t
surabaya	s u r a b a j a
surakarta	s u r a k a r t a
surat	s u r a t
surga	s u r ɡ a
survei	s ʊ r v e i̯
surya	s u r j a
suster	s u s t ə r
susyi	s u ʃ i
sutra	s u t r a
suvenir	s u v ə n ɪ r
swafoto	s w a f o t o
swakriya	s w a k r i j a
swarga	s w a r ɡ a
swasembada	s w a s ə m b a d a
swasta	s w a s t a
swatantra	s ʋ a t a n t r a
syah	ʃ a h
syahadat	ʃ a h a d a t̚
syahbandar	ʃ a h b a n d a r
syamsi	ʃ a m s i
syogun	ʃ o ɡ u n
syogun	ʃ ɔ ɡ u n
syuriken	ʃ u r i k ɛ n
tabel	t a b ə l
tabel	t a b ɛ l
tabelaris	t a b ə l a r ɪ s
tabib	t a b ɪ p̚
tabu	t a b u
tahanan	t a h a n a n
tahi	t a h i
tahi	t a i
tahu	t a h u
tahu	t a u
tahun	t a h ʊ n
taiso	t a i s o
takal	t a k a l
takar	t a k a r
takeyari	t a k e y a r i
takhta	t a x t a
takoyaki	t a k o j a k i
takraw	t a k̚ r a u̯
takraw	t a k̚ r a w
taksi	t a k̚ s i
takut	t a k u t
tamat	t a m a t̚
tamatan	t a m a t̚ a n
tambah	t a m b a h
tamil	t a m ɪ l
tampar	t a m p a r
tampil	t a m p i l
tamtama	t a m t a m a
tanah	t a n a h
tanam	t a n a m
tanda	t a n d a
tangan	t a ŋ a n
tanggapan	t a ŋ ɡ a p a n
tangguh	t a ŋ ɡ ʊ h
tangkap	t a ŋ k a p̚
tangki	t a ŋ k i
tank	t a ŋ
tank	t ɛ ŋ k
tanpa	t a n p a
tante	t a n t ə
tanya	t a ɲ a
tapa	t a p a
tapas	t a p a s
tar	t a r
target	t a r ɡ ɛ t̚
taring	t a r ɪ ŋ
taruna	t a r u n a
tas	t a s
tatap	t a t a p̚
tato	t a t o
tau	t a ʊ
tawar	t a w a r
tebusan	t ə b u s a n
teh	t ɛ h
tekidanto	t ɛ k i d a n t o
tekor	t ə k o r
telaah	t ə l a a h
telaga	t ə l a ɡ a
telah	t ə l a h
telepon	t ɛ l ɛ p ɔ n
televisi	t e l e v i s i
tembak	t e m b a k
tempat	t ə m p a t
tempel	t ɛ m p ɛ l
tempo	t e m p o
tempur	t ə m p ʊ r
tempura	t ə m p u r a
temu	t ə m u
tenang	t ə n a ŋ
tensi	t ɛ n s i
tentang	t ə n t a ŋ
tentara	t ə n t a r a
teori	t e o r i
tepar	t ɛ p a r
tepat	t ə p a t
tepung	t ə p ʊ ŋ
ter	t ɛ r
teraniaya	t ə r a n i a j a
terbang	t ə r b a ŋ
terbesar	t ə r b ə s a r
terburuk	t ə r b u r ʊ k̚
terein	t ə r e ɪ n
terima	t ə r i m a
teriyaki	t ɛ r i j a k i
terjelas	d͡ʒ ə l a s
terkait	t ə r k a ɪ t̚
terkenal	t ə r k ə n a l
terlalu	t ə r l a l u
terpal	t ə r p a l
terpanjang	t ə r p a n d͡ʒ a ŋ
tersebar	t ə r s ə b a r
tertempel	t ə r t ɛ m p ɛ l
tertinggal	t ə r t ɪ ŋ ɡ a l
terwelu	t ə r w ɛ l u
tidur	t i d u r
tiga	t i ɡ a
timbal	t i m b a l
timbel	t i m b ə l
timur	t i m ʊ r
tindakan	t ɪ n d a k a n
tindas	t ɪ n d a s
tinggal	t ɪ ŋ ɡ a l
tinggi	t i ŋ ɡ i
tinjau	t i n d͡ʒ a u̯
tinta	t i n t a
tipu	t i p u
tirani	t i r a n i
tiri	t i r i
tirta	t i r t a
tobang	t o b a ŋ
tobiko	t o b i k o
tofu	t o f u
toge	t o ɡ e
toh	t o h
toilet	t o i̯ l ɛ t̚
toko	t o k o
torka	t o r k a
torsi	t o r s i
torsi	t ɔ r s i
toto	t o t o
transformasi	a b o n ə m ɛ n
tren	t r ɛ n
tromol	t r o m o l
tsunami	s u n a m i
tsunami	t s u n a m i
tsuru	ʃ u r u
tua	t u a
tuai	t u a i̯
tuas	t u a s
tugas	t u ɡ a s
tuhan	t u h a n
tukang	t u k a ŋ
tumbuhan	t u m b u h a n
tungkas	t ʊ ŋ k a s
tungku	t ʊ ŋ k u
tunjuk	t u n d͡ʒ ʊ ʔ
tuntut	t u n t ʊ t
tustel	t u s t ɛ l
twit	tʷ ɪ t̚
uang	ʊ a̯ ŋ
uap	ʊ a p̚
ucul	u t͡ʃ u l
udah	u d a h
udon	u d o n
ulama	u l a m a
umur	u m ʊ r
undur	u n d ʊ ɾ
unggul	u ŋ ɡ ʊ l
ungkep	ʊ ŋ k ə p̚
unik	u n i k
unta	ʊ n t a
up	u p e
upah	ʊ p a h
upawasa	u p a w a s a
upaya	ʊ p a j a
usada	u s a d a
usang	u s a ŋ
uskup	u s k ʊ p
utama	u t a m a
utan	u t a n
utara	u t a r a
verano	v e r a n o
vetsin	v ɛ t s i n
vetsin	v ɛ t ʃ i n
videografer	v i d e o ɡ r a f ə r
vokal	v o k a l
voucer	v o u̯ t͡ʃ ə r
vulkanologi	f u l k a n o l o ɡ i
w	w
w	w ɛ
wa	w e a
wa	w e ʔ a
waduh	u a d ʊ h
waduh	w a d ʊ h
waduk	w a d ʊ k̚
wafat	w a f a t̚
wagyu	w a ɡʲ u
wahana	w a h a n a
waja	w a d͡ʒ a
wajah	w a d͡ʒ a h
wajib	w a d͡ʒ ɪ p
waktu	w a k t u
wali	w a l i
wana	w a n a
wanara	w a n a r a
wangsa	w a ŋ s a
wanita	w a n i t a
wanprestasi	w a n p r e s t a s i
waralaba	w a r a l a b a
waria	w a r i j a
warsa	w a r s a
waruna	w a r u n a
wasabi	w a s a b i
wasbak	w a s b a k̚
waspada	w a s p a d a
wastafel	w a s t a f ə l
watas	w a t a s
wayang	w a j a ŋ
wazari	w a z a r i
weker	w ɛ k ə r
wibu	w i b u
wicara	w i t͡ʃ a r a
widyaiswara	w i t j a i s ʋ a r a
wihara	w i h a r a
wilapa	w i l a p a
wira	w i r a
wol	w o l
wol	w ɔ l
woles	w ɔ l ə s
wortel	w o r t ə l
wreda	w r ə d a
x	s , k s
x	ɛ k s
y	j
ya	j a
yakitori	j a k i t o r i
yang	j a ŋ
yen	j e n
yen	j ɛ n
yogyakarta	j o ɡ j a k a r t a
yudisium	j u d i s i ʊ m
yuyitsu	j u j i t s u
z	s
z	z
zakat	z a k a t
zen	z ɛ n
