abbast	a p a s t
aborri	aː p ɔ rː i
afgreiðsluborð	a v k r ɛ i̯ ð s t l̥ ʏ p ɔ r ð
afhöfða	a f h œ v ð a
akuryrkja	a k ʏ r ɪ r c a
algildisstafur	a l c ɪ l t ɪ s s t aː v ʏ r
algildistákn	a l c ɪ l t ɪ s tʰ a u h k n
algyðistrú	a l c ɪː ð ɪ s tʰ r uː
alrúna	a l r u n a
altaíska	a l t a i s k a
alur	äː l ʏ r̥
ambátt	a m p a u h t
angelíka	a u̯ n c ɛ l i k a
arfur	a r v ʏ r
athafna	a t h a v n a
au	ø yː
auga	ø yː ɣ a
auk	ø yː k
að	aː ð
baktrygging	p a x t r ɪ c i ŋ k
band	p a n t
barefli	p aː r ɛ p l ɪ
barn	p a r n
barn	p a r t n̥
barn	p a t n̥
barnalegur	p a r t n̥ a l ɛ ɣ ʏ r
barnatönn	p a r t n̥ a t œ nː
beinir	p e iː n ɪ r
belgrad	p ɛ l k r a t
berglaug	p ɛ r k l œ y̯ k
bitur	p ɪː t ʏ r̥
björn	p j œ r t n
blauður	p l ø yː ð ʏ r
blæst	p l a i s t
blæða	p l a iː ð a
blús	p l uː s
branddís	p r a n t i s
brengl	p r e i ŋ l
bridds	p r ɪ tː s
bris	p r ɪː s
brúsi	p r uː s ɪ
bugðóttur	p ʏ ɣ ð o u̯ʰ t ʏ r
bíll	p i t l
bíó	p iː o uː
bóndi	p o u n t ɪ
böllóttur	p œ t l o u h t ʏ r
býsna	p i s t n̥ a
dalur	t aː l ʏ r
daður	t aː ð ʏ r
dekk	t ɛ h k
diktur	t ɪ x t ʏ r
drasl	t r a s t l
drif	t r ɪː v
drífur	t r iː v ʏ r
dula	t ʏː l a
dulur	t ʏː l ʏ r
dvína	t v iː n a
dóra	t o uː r a
dóttir	t o u̯ʰ t ɪ r
dúkku	t uʰ k ʏ
dúnn	t u t n
dúrhljómur	t uː r l̥ j o uː m ʏ r
dýfur	t iː v ʏ r
eggaldin	ɛ kː a l t ɪ n
egill	e iː j ɪ t l
eidís	ɛ i̯ t i s
eigulegur	ɛ i̯ ɣ ʏ l ɛ ɣ ʏ r
eima	e iː m a
einn	e i t n̥
eitur	e iː t ʏ r
eldfjall	ɛ l t f j a t l
endaþarmur	ɛ n t a θ a r m ʏ r
engifer	e i ɲ c ɪ f ɛː r
ensím	ɛ n s iː m
epli	ɛ h p l ɪ
eyra	e iː r a
eyrir	e iː r ɪ r
eyrnalokk	ɛ i̯ r t n̥ a l ɔʰ k
eyðing	ɛ i̯ ð i ŋ k
eða	e ɛ̯ː ð̠ ˕ ä
fag	f aː ɣ
fastbúnaður	f a s t p uː n aː ð ʏ r
ferningsmeðaltal	f ɛ r t n̥ i ŋ s m ɛ ð a l t a l
fjandafæla	f j a n t a v a i̯ l a
fjaðurpenni	f j aː ð ʏ r pʰ ɛ nː ɪ
fjaðurstafur	f j aː ð ʏ r s t aː v ʏ r
fjöllóttur	f j œ t l o u h t ʏ r
fjörður	f j œ r ð ʏ r
fjöður	f j œː ð ʏ r
fjöðurstafur	f j œː ð ʏ r s t aː v ʏ r
flakk	f l a h k
flakkari	f l a h k aː r ɪ
flaumur	f l ø yː m ʏ r
fleygbogi	f l e i ɣ p ɔ i j ɪ
flotkví	f l ɔ t k v i
flytjandi	f l ɪː t j a n t ɪ
fnæsa	f n a iː s a
fold	f ɔ l t
forvitnilegur	f ɔ r v ɪ h t n ɪ l ɛː ɣ ʏ r
framfærsla	f r a m v a i̯ r s t l̥ a
framtíð	f r a m tʰ iː ð
freyr	f r e iː r
friðrik	f r ɪ ð r ɪ k
frændi	f r a i n t ɪ
frýs	f r iː s
frýsa	f r iː s a
fífur	f iː v ʏ r
fílapensill	f i l a p ɛ n s ɪ t l̥
fíll	f i t l
fóstureyðing	f o u̯ s t ʏ r ɛ i̯ ð i ŋ k
föngulegur	f œ y̯ ŋ k ʏ l ɛ ɣ ʏ r
fýll	f i t l
gamanleikur	k a m a n l ɛ i̯ k ʏ r
gamlárskvöld	k a m l a u r̥ ʂ kʰ v œ l t
geimsteinn	c ɛ i̯ m s t ɛ i̯ t n̥
geldingur	c ɛ l t i ŋ k ʏ r
gemsi	c ɛ m s ɪ
gestheiður	c ɛ s t h ɛ i̯ ð ʏ r
geyma	c e iː m a
giftingarhringur	c ɪ f t i ŋ k a r r̥ i ŋ k ʏ r
glaumur	k l ø yː m ʏ r
gleyma	k l e iː m a
glás	k l a uː s
gná	k n a u̯
gnýr	k n iː r
grjót	k r j o uː t
grás	k r a uː s
grátur	k r a uː t ʏ r
guðdómlegur	k ʏ ð t o u̯ m l ɛ ɣ ʏ r
gámur	k a uː m ʏ r
gír	c iː r
hafnarfjörður	h a v n aː r f j œ r ð ʏ r
hagræða	h a ɣ r a i̯ ð a
halló	h a lː o u
halló	h a t l o u
halur	h aː l ʏ r
handlóð	h a n t l o u̯ ð
haukur	h ø yː k ʏ r
heim	h e iː m
heródes	h ɛː r o uː t ɛː s
heróín	h ɛː r o u iː n
hjartarsalt	ç a r̥ t a r s a l̥ t
hland	l̥ a n t
hlaupár	l̥ ø yː p a uː r
hljómfræði	l̥ j o u m f r a iː ð ɪ
hlusta	l̥ ʏ s t a
hlynur	l̥ ɪː n ʏ r
hlægilegur	l̥ a iː j ɪ l ɛː ɣ ʏ r
hlíðar	l̥ i ð a r
hnappagat	n̥ aʰ p a ɣ a t
hnerra	n̥ ɛ rː a
hold	h ɔ l t
hornrétt	h ɔ r t n̥ r j ɛʰ t
hraðeind	r̥ aː ð e i n t
hripa	r̥ ɪː p a
hrota	r̥ ɔː t a
hrotur	r̥ ɔː t ʏ r
hrífur	r̥ iː v ʏ r
hugbúnaður	h ʏ ɣ p uː n aː ð ʏ r
hugleysi	h ʏ ɣ l e iː s ɪ
hugnæmur	h ʏ k n a i̯ m ʏ r
hvellur	kʰ v ɛ t l ʏ r
hvellur	xʷ v ɛ t l ʏ r
hvorki	kʰ v ɔ r̥ c ɪ
hvorki	xʷ ɔ r̥ c ɪ
hvorugur	kʰ v ɔː r ʏː ɣ ʏ r
hvorugur	xʷ ɔː r ʏː ɣ ʏ r
hvísla	kʰ v i s t l a
hvísla	xʷ i s t l a
hvönn	kʰ v œ nː
hvönn	xʷ œ nː
hyrndur	h ɪ r n t ʏ r
háð	h a uː ð
háðsádeila	h a u̯ ð s a u̯ t ɛ i̯ l a
hól	h o uː l
högni	h œ k n ɪ
innsláttur	ɪ nː s t l̥ a u̯ʰ t ʏ r
jafnvígur	j a v n v i ɣ ʏ r
jata	j aː t a
jógúrt	j o uː k u r̥ t
jóker	j o uː k ɛ r
jólatré	j o uː l a tʰ r j ɛː
jónatan	j o u̯ː n a tʰ aː n
jórvík	j o u r v iː k
júlía	j u l i a
kaktus	kʰ a x t ʏ s
kappræða	kʰ aʰ p r a i̯ ð a
karl	kʰ a r t l̥
karl	kʰ ä r t͡ɬ
karl	kʰ ä t͡ɬ
kaþólikki	kʰ a θ o u̯ l ɪʰ c ɪ
keilumyndaður	cʰ ɛ i̯ l ʏ m ɪ n t a ð ʏ r
keilusnið	cʰ ɛ i̯ l ʏ s t n̥ ɪ ð
kemba	cʰ ɛ m p a
kistur	cʰ ɪ s t ʏ r
kjallakur	cʰ a t l̥ a k ʏ r
kjarnasprengja	cʰ a r t n̥ a s p r ɛ i̯ n c a
kjörmaður	cʰ œ r m aː ð ʏ r
klif	kʰ l ɪː v
klyf	kʰ l ɪː v
klífur	kʰ l iː v ʏ r
klón	kʰ l o u̯ n
klýfur	kʰ l iː v ʏ r
knár	kʰ n a uː r
kofi	kʰ ɔː v ɪ
kollegi	kʰ ɔ lː ɛ c ɪ
kona	kʰ o ɔː n ä
konungur	kʰ ɔː n u ŋ k ʏ r
kornflex	kʰ ɔ r t n f l ɛ k s
kornflex	kʰ ɔ r t n f l ɛ x s
kostur	kʰ ɔ s t ʏ r
krabbi	kʰ r a pː ɪ
krapi	kʰ r aː p ɪ
kristrós	kʰ r ɪ s t r o u̯ s
króna	kʰ r o uː n a
krúna	kʰ r uː n a
krús	kʰ r uː s
krúttlegur	kʰ r uʰ t l ɛ ɣ ʏ r
kul	kʰ ʏː l
kveikikerti	kʰ v e i c ɪ cʰ ɛ r̥ t ɪ
kveld	kʰ v ɛ l t
kvíðinn	kʰ v iː ð ɪ nː
kíkja	cʰ iː c a
kólera	kʰ o uː l ɛː r a
kólesteról	kʰ o ʊ̯ː l ɛ s t ɛ r o u̯ː l
kólon	kʰ o uː l ɔ n
köstur	kʰ œ s t ʏ r
köttur	kʰ œ h t ʏ r
kúalubbi	kʰ uː a l ʏ pː ɪ
kýklópi	cʰ iː kʰ l o uː p ɪ
lax	l a k s
lax	l a x s
leiðrétta	l e i ð r j ɛ h d̥ a
lengi	l e i ɲ c ɪ
lestur	l ɛ s t ʏ r
limur	l ɪː m ʏ r
litur	l ɪː t ʏ r̥
ljósker	l j o uː s cʰ ɛː r
ljótur	l j o uː t ʏ r
loftsteinn	l ɔ v t s t ɛ i̯ t n̥
lyngvi	l i ŋ k v ɪ
lárpera	l a uː r pʰ ɛː r a
látleysi	l a u̯ t l ɛ i̯ s ɪ
læs	l a iː s
læsa	l a iː s a
líbería	l i p ɛ r i a
lífdís	l i v t i s
líkja	l iː c a
lína	l iː n a
lítilmótlegur	l i t ɪ l m o u̯ t l ɛ ɣ ʏ r
löður	l œː ð ʏ r
lúxemborgískur	l u x s ɛ m p ɔ r c i s k ʏ r
lýra	l i r a
lýða	l iː ð a
mal	m aː l
man	m aː n
margrét	m a r k r j ɛ t
markasvarmi	m a r k a s v a r m ɪ
matsölustaður	m a t s œ l ʏ s t a ð ʏ r
mauk	m ø yː k
maður	m äː ð̠ ˕ ʏ r̥
mengi	m e i ɲ c ɪ
messíana	m ɛ s s i a n a
meðaltal	m ɛː ð a l tʰ aː l
mikill	m ɪː c ɪ t ɬ
milliliður	m ɪ t l̥ ɪ l ɪ ð ʏ r
mistur	m ɪ s t ʏ r
miðgarður	m ɪ ð k a r ð ʏ r
miðgildi	m ɪ ð c ɪ l t ɪ
mjöll	m j œ t l̥
moka	m ɔː k a
mola	m ɔː l a
morgun	m ɔ r k ʏ n
musteri	m ʏ s t ɛː r ɪ
málþóf	m a u l θ o uː v
máttur	m a u h t ʏ r
mól	m o uː l
mörður	m œ r ð ʏ r
mýkja	m iː c a
naust	n œ y̯ s t
nefndin	n ɛ m t ɪ n
negla	n ɛ k l a
nitur	n ɪː t ʏ r̥
niðri	n ɪ ð r ɪ
norður	n ɔ r ð ʏ r
norðurlega	n ɔ r ð ʏ r l ɛː ɣ a
nykur	n ɪː kʰ ʏ r
nærföt	n a i r f œː t
nísta	n i s t a
níu	n iː j ʏ
olgeir	ɔ l c ɛ i̯ r
op	ɔː p
ostur	ɔ s t ʏ r
pabbi	pʰ a pː ɪ
plúton	pʰ l u t ɔ n
portúgal	pʰ ɔ r t u a l
prjóna	pʰ r j o uː n a
punktur	pʰ u n̥ t ʏ r
punktur	pʰ u ŋ̊ k t ʏ r
pífur	pʰ iː v ʏ r
pílatus	pʰ iː l a tʰ ʏ s
pól	pʰ o uː l
pólon	pʰ o uː l ɔ n
radíus	r aː t i ʏ s
rangl	r a u ŋ l
rausa	r ø yː s a
reik	r e iː k
reika	r e iː k a
reykjavík	r e iː c a v iː k
ruglingur	r ʏ k l i ŋ k ʏ r
ráf	r a uː v
ráfa	r a uː v a
ráðhús	r a uː ð h uː s
rífur	r iː v ʏ r
röskva	r œ s k v a
rússland	r u s s t l̥ a n t
rýfur	r iː v ʏ r
salbjörg	s a l p j œ r k
salur	s aː l ʏ r
sandar	s a n t a r
sauður	s ø yː ð ʏ r
sendiráð	s ɛ n t ɪ r a uː ð
sesar	s ɛː s a r
sex	s ɛ k s
sex	s ɛ x s
sex	s ɛ ɣ s
sigtryggur	s ɪ x t r ɪ k k ʏ r
sikileyska	s ɪ c ɪ l ɛ i̯ s k a
silfá	s ɪ l v a u̯
singapúr	s i ŋ k a p u r
sjáaldur	s j a uː a l t ʏ r
sjósvala	s j o u̯ s v a l a
sjö	s j œː
skeifa	s c e iː v a
skip	s c ɪː p
skipa	s cʰ ɪː p a
skop	s k ɔː p
skot	s k o ɔ̯ t
skríkja	s k r iː c a
skrúfa	s k r uː v a
skrýtinn	s k r iː t ɪ nː
skuggabaldur	s k ʏ k k a p a l t ʏ r
skyndilega	s c ɪ n t ɪ l ɛː ɣ a
skákmaður	s k a uː k m aː ð ʏ r
skífur	s k iː v ʏ r
skógarbjörn	s k o uː a r p j œ r t n
skóhorn	s k o uː h ɔ r t n
slagverk	s d̥ l a ɣ v ɛ r̥ ɡ̊
sleði	s t l ɛː ð ɪ
slippur	s t l ɪ h p ʏ r
slitur	s t l ɪː t ʏ r̥
slyppur	s t l ɪ h p ʏ r
sorgarathöfn	s ɔ r k a r a t h œ v n
sovétríkin	s ɔ v j ɛː t r iː c ɪ n
spúnn	s p u t n
staðalfrávik	s t aː ð a l f r a uː v ɪː k
stepputrítill	s t ɛʰ p ʏ t r i t ɪ t l̥
stjáni	s t j a uː n ɪ
stræti	s t r a iː t ɪ
strönd	s t r œ n t
stykki	s t ɪ h c ɪ
stóreygur	s t o u̯ r ɛ i̯ ɣ ʏ r
sumur	s ʏː m ʏ r
sunnefa	s ʏ nː ɛː v a
suðureyjar	s ʏː ð ʏ r e iː j a r
suðurskautslandið	s ʏ ð ʏ r s k œ y̯ t s t l̥ a n t ɪ ð
svefnpurka	s v ɛ p n pʰ ʏ r̥ k a
svefnpurka	s v ɛ pː ʏ r̥ k a
sveim	s v e iː m
sveima	s v e iː m a
svikahrappur	s v ɪː k a r̥ a h p ʏ r
svikinn	s v ɪː c ɪ nː
sviksamur	s v ɪː k s aː m ʏ r
sviksemi	s v ɪː k s ɛː m ɪ
svikóttur	s v ɪː k o u h t ʏ r
svokallaður	s v ɔː kʰ a t l a ð ʏ r
svolítið	s v o ɔː l iː d̥ ɪ ð
svolítið	s ɔ l d̥ ɪ ð
svonefndur	s v ɔː n ɛ m t ʏ r
svörður	s v œ r ð ʏ r
sæl	s a i̯ː ɬ
sæll	s a i̯ t ɬ
særi	s a iː r ɪ
sæskrímsli	s a iː s k r i m s t l ɪ
sílamávur	s i l a m a u̯ ʏ r
sókn	s o u h k n̥
sólargeisli	s o u̯ l a r c ɛ i̯ s t l̥ ɪ
sólarhringur	s o uː l a r r̥ i ŋ k ʏ r
sólbjört	s o u̯ l p j œ r t
sólúr	s o uː l uː r
sósa	s o uː s a
sóttir	s o u̯ʰ t ɪ r
sóði	s o uː ð ɪ
takki	tʰ a h c ɪ
talía	tʰ a l i a
teiknibóla	tʰ ɛ i̯ʰ k n ɪ p o u̯ l a
teljast	tʰ ɛ l j a s t
teresía	tʰ ɛ r ɛ s i a
titra	tʰ ɪː t r a
tjörn	tʰ j œ r t n
trjónukrabbi	tʰ r j o uː n ʏ kʰ r a pː ɪ
tveir	t̪ʰ v̥ e i̯ː r̥
tvær	t v a iː r
tvíund	tʰ v iː j ʏ n t
tyggigúmmí	tʰ ɪ cː ɪ k u mː iː
táknmál	tʰ a u h k n m a uː l
tómatmauk	tʰ o u̯ m a t m œ y̯ k
tómatur	tʰ o uː m aː t ʏ r
tónn	tʰ o u d̩ n̩
túrismi	tʰ uː r ɪ s m ɪ
ulla	ʏ lː a
ungverjaland	u ŋ k v ɛ r j a l a n t
vampíra	v a m pʰ iː r a
vatnsfall	v a sː f a t l
vað	v aː ð
veig	v e iː ɣ
veigur	v e iː ɣ ʏ r
veraldarvefur	v ɛː r a l t a r v ɛː v ʏ r
versalir	v ɛ ɽ̊ ʂ aː l ɪ r
vinir	v ɪː n ɪ r̥
vitur	v ɪː t ʏ r̥
við	v ɪː ð
viðbein	v ɪ ð p e iː n
viðbjóðslegur	v ɪ ð p j o u̯ ð s t l̥ ɛ ɣ ʏ r
viðbjóður	v ɪ ð p j o uː ð ʏ r
viðbót	v ɪ ð p o uː t
vogur	v ɔː ɣ ʏ r
vola	v ɔː l a
vínguð	v i ŋ k ʏ ð
wikiorðabók	w ɪ c ɪ ɔ r ð a p o u̯ k
áfengi	a uː f e i ɲ c ɪ
áfengur	a uː f e i ŋ k ʏ r
álfdís	a u̯ l v t i s
áríðandi	a u̯ r i ð a n t ɪ
ástríða	a u̯ s t r i ð a
ávöxtur	a uː v œ x s t ʏ r
ég	j ɛː ɣ̊
íbúð	iː b̥ uː ð
ísey	i s ɛ i̯
ð	ɛː θ
ófleygur	o uː f l e iː ɣ ʏ r
ófriður	o uː f r ɪː ð ʏ r
ógurlegur	o uː ʏ r l ɛ ɣ ʏ r
óvopnaður	o uː v ɔ h p n aː ð ʏ r
öfugur	œː v ʏ ɣ ʏ r
öxl	œ̝ k s̺ t̪ l̥
úfur	uː v ʏ r
úða	uː ð a
ýkja	iː c a
það	θ aː ð
þefja	θ ɛ v j a
þit	θ ɪ t
þið	θ ɪː ð
þjóna	θ j o uː n a
þjóðfáni	θ j o uː ð f a uː n ɪ
þorp	θ ɔ r̥ p
þráður	θ r a uː ð ʏ r
þræll	θ r a i t l̥
þrífur	θ r iː v ʏ r
þrílitur	θ r iː l ɪː t ʏ r
þula	θ ʏː l a
þulur	θ ʏː l ʏ r
þvermál	θ v ɛ r m a uː l
þvottavél	θ v ɔ h t a v j ɛː l
þyri	θ ɪ r ɪ
þú	θ uː
