aaloi	aː l o i̯
aampuussen	ɑː m p uː sː e n
aatto	ɑː tː o
aattua	ɑː tː u ɑ
adjala	ɑ d i j ɑ l ɑ
adjala	ɑ d j ɑ l ɑ
adra	ɑ d r ɑ
adra	ɑ t r ɑ
adria	ɑ d r i ɑ
adria	ɑ t r i ɑ
ahas	ɑ h ɑ s
aho	ɑ h o
aijan	ɑ i̯ jˑ ɑ n
aika	ɑ i̯ k ɑ
aikahiin	ɑ i̯ k ɑ h iː n
aikuhizeks	a i̯ k u h i z e k s
aima	ɑ i̯ m ɑ
aimastaa	ɑ i̯ m ɑ s t ɑː
ain	ɑ i̯ n
aina	ɑ i̯ n ɑ
ainava	ɑ i̯ n ɑ ʋ ɑ
airo	ɑ i̯ r o
aita	ɑ i̯ t ɑ
aitta	ɑ i̯ tː ɑ
aivan	ɑ i̯ v ɑ n
ajan	ɑ i̯ jˑ ɑ n
ajan	ɑ j ɑ n
akka	ɑ kː ɑ
al	ɑ l
al	ɑ lː
alkaa	ɑ l k ɑː
alkaa	ɑ l ɡ ɑ
alku	ɑ l k u
alkujutto	ɑ l k u j u tː o
allaa	ɑ lː ɑː
allaa	ɑ lː ɑː n
allaa	ɑ lˑ ɑː
alle	ɑ lː e
alt	ɑ l t
ampua	ɑ m p u ɑ
ampua	ɑ m pː u ɑ k
antaa	ɑ n t ɑ
antaa	ɑ n t ɑː
antakaa	a n t a k aː
antiiks	a n t iː k s
api	ɑ p i
apilain	ɑ p i l ɑ i̯ n
apinikka	ɑ p i n i kː ɑ
apu	ɑ p u
apulain	ɑ p u l ɑ i̯ n
armia	ɑ r m i j ɑ
arriina	a rː iː n a
arvata	ɑ r ʋ ɑ t ɑ
arvo	a r v o
arvutoz	a r v u t o z
assia	a sː i a
assiia	a sː iː a
astiinvaihtelu	a s t iː n v a i̯ h t e l u
auki	ɑ u̯ k i
aukku	a u̯ kː u
avata	ɑ ʋ ɑ t ɑ
avittaa	ɑ ʋ i tː ɑː
avuttaa	ɑ ʋ u tː ɑː
avvaaro	a vː aː r o
batrakka	p ɑ t r ɑ kː ɑ
bukva	p u k ʋ ɑ
bukvari	b u k v a r i
butka	b u t k ɑ
butka	p u t k ɑ
caaju	t͡ʃ æː j u
caaju	t͡ʃ ɑː j u
cisla	t͡ʃ i s l ɑ
cislasana	t͡ʃ i s l ɑ s ɑ n ɑ
ciukkia	t͡ʃ i u̯ kː i a
clena	t͡ʃ l e n ɑ
culana	t͡ʃ u lˑ ɑː n ɑ
daaca	d aː t͡ʃ a
eel	eː l
eelle	eː lː e
eelt	eː l t
egle	e k l e
egle	e k l e n
egle	e k l eː
egle	e ɡ l e n
egle	e ɡ l æ
eglelliin	e ɡ l e l l iː n
ehki	e h k
ehki	e h k i
ehkä	e h k æ
ei	e i̯
eine	e i̯ n e
eittse	e i̯ t͡sː e
ekstsessiivi	e k s t s e s s iː v i
eksyä	e k s y æ
elatiivi	e l a t iː v i
elektrolamppu	e l e k t r o l ɑ m pː u
eli	e l i
elkää	e l k æː
elkäässe	e l k æː s s e
ellää	e lː æː
ellää	e lˑ æː
ellääjä	e lː æː j æ
ellään	e lː æː n
elo	e l o
eloiässää	e l o i æ s s æː
elä	e l æ
eläessä	e l æ e sː æ
emmä	e mː æ
emoi	e m o i̯
emä	e m æ
en	e n
enemp	e n e m p
enne	e nː e
enne	e nː e n
enneglee	e nː e ɡ l eː
ennemmäst	e nː e m m æ s t
ennemoi	e nː e m o i̯
ennemoin	e nː e m o i̯ n
enneppäi	e nː e p p æ i̯
enneppäin	e nː e p p æ i̯ n
ennää	e nː æː
enoi	e n o i̯
ensimäin	e n s i m æ i̯ n
ensimäin	e n s i m æ i̯ n e
enstää	e n s t æː
entä	e n t æ
enz	e n z
enzikkää	e n z i k k æː
enziks	e n z i k s
enzipäästää	e n z i p æː s t æː
eri	e r i
erityin	e r i t y i̯ n
erraahuz	e rː aː h u z
esi	e s i
esimerkiks	e s i m e r k i k s
esimerkki	e s i m e r kː i
esisana	e s i s ɑ n ɑ
eskimosa	e s k i m o s ɑ
esse	e sː e
essiivi	e s s iː v i
et	e t
etempäin	e t e m p æ i̯ n
etes	e t e s
etez	e t e z
etezpäi	e t e z p æ i̯
että	e tː æ
etukättee	e t u k æ tː eː
evät	e v æ t
ezmessarki	e z m e s s a r k i
familia	f a m i l i a
flakku	f l ɑ kː u
flootta	f l oː tː ɑ
fonari	f o n a r i
forma	f o r m ɑ
garmonia	ɡ ɑ r m o n i ɑ
genetiivi	ɡ e n e t iː v i
grammatikka	ɡ r a mː a t i kː a
haapa	h ɑː p ɑ
haara	h ɑː r ɑ
haarikas	h ɑː r i k ɑ s
haili	h a i̯ l i
haju	h a j u
hakkuu	h a kː uː
halko	h ɑ l k o
halla	h ɑ lː ɑ
hallia	h ɑ lˑ iː ɑ
halluuz	h a lː uː z
halu	h ɑ l u
halva	h ɑ l ʋ ɑ
hanhi	h ɑ n e
hanhi	h ɑ n h i
hantara	h a n t a r a
harakka	h ɑ r ɑ kː ɑ
harjokka	h ɑ r j o kː ɑ
harjutoz	h a r j u t o z
harmaa	h ɑ r m ɑː
harvaa	h a r v aː
hattu	h ɑ tː u
hauki	h a u̯ k i
heijen	h e i̯ jˑ e n
heille	h e i̯ lː e
hepoin	h e pː o i̯
hepoin	h e pˑ o i̯ n
hepoin	h e pˑ oː n e
herra	h e rː ɑ
hersi	h e r s
hersi	h e r s i
hersi	h e r ʃ
hervi	h e r ʋ i
hiili	h iː l i
hiiri	h iː r i
hiljakaistaa	h i l j ɑ k ɑ i̯ s t ɑː
hirvi	h i r ʋ i
hoikka	h o i̯ kː ɑ
hoitaa	h o i̯ t ɑː
hoomeen	h oː m e n
hoomeenillaal	h oː m eː n i lː aː l
hoomenhoomukseel	h oː m e n h oː m u k s eː l
hoomukseel	h oː m u k s eː l
hoomus	h oː m u s
hoomus	h uː m u s
hot	h o t
huul	h uː l
hyvä	h y ʋ æ
hyväst	h y ʋ æ s t
hyväst	h y ʋ æ s t æ
häkki	h æ kː i
hämärä	h æ mˑ æː r æ
hänel	h æ n e l
hänelle	h æ n e lː e
hänen	h æ n e n
häntä	h æ n d æ
häntä	h æ n t æ
häppiiä	h æ pː iː æ
härkä	h æ r k æ
hää	h æː
hää	h æː n
höyry	h ø y̯ r y
höö	h yː
höö	h øː
i	i
ien	i e̯ n
ihme	i h m e
ihmihiin	i h m i h iː n
ihmiin	i h m iː n
ikinää	i k i n æː
ikkee	i kˑ eː
ikkuna	i kː u n ɑ
ikkää	i kː æː
ikkää	i kˑ æː
ikä	i k æ
ilata	i l ɑ t ɑ
ilkiä	i l k i æ
illaal	i lː ɑː l
ilma	i l m ɑ
ilo	i l o
ilta	i l t ɑ
iltaan	i l t ɑː n
inessiivi	i n e s s iː v i
inkeroin	i ŋ k e r o i̯ n
inmihiin	i n m i h iː n
inmiin	i n m iː n
instruktiivi	i n s t r u k t iː v i
irti	i r t i
istua	i s t u ɑ
itse	i t͡s e
itse	i t͡s e k
itse	i t͡ʃ e
ittseopastaja	i t t s e o p a s t a j a
ity	i t y
izo	i z o
izä	i z æ
izänmaa	i z æ n m aː
izäst	i z æ s t
iäkäs	i æ k æ s
ižora	i ʒ o r ɑ
ižorakkoi	i ʒ o r a kː o i̯
ižoraks	i ʒ o r ɑ k s
ižoralain	i ʒ o r ɑ l ɑ n e
ižoran	i ʒ o r ɑ n
ja	j ɑ
jahti	j ɑ h t i
jalalle	j ɑ l ɑ lː e
jalast	j ɑ l ɑ s t
jalka	j ɑ l k ɑ
jalka	j ɑ l ɡ ɑ
jaslit	j ɑ s l i t
jo	j o
joelt	j o e l t
joka	j o k ɑ
jokahiin	j o k ɑ h iː n
joki	j o k i
joki	j o ɡ i
joossa	j oː sː ɑ
joovva	j oː ʋː ɑ
joovva	j uː ɑ
jot	j o t
joukko	j o u̯ kː o
joulu	j o u̯ l u
joutaa	j o u̯ t ɑː
joutua	j o u̯ t u ɑ
joutua	j o u̯ tː u ɑ k
jožikka	j o ʒ i kː ɑ
jožikka	j oː z i kː ɑ
jumala	j u m ɑ l ɑ
jumala	j u mˑ ɑː l ɑ
jurma	j u r m ɑ
jurmus	j u r m u s
jute	j u t e
juttiit	j u tː iː t
jutto	j u tː o
jyrriinä	j y rː iː n æ
jyttiinä	j y tː iː n æ
jäin	j æ i̯ n
jäin	j æ i̯ n e
jälelle	j æ l e lː e
jälelt	j æ l e l t
jälki	j æ l k i
jälkiäpäi	j æ l k i æ p æ i
jälkkeen	j æ l kː eː n
jälkkiä	j æ l kː i æ
jällee	j æ lː eː
jänis	j æ n i s
järestä	j æ r e s t æ
järkennää	j æ r k e n n æː
järriiä	j æ rː iː æ
järvi	j æ r ʋ i
jää	j æː
jäättyä	j æː tː y æ
jäävvä	j æː ʋˑ æ
kaataa	k ɑː t ɑː
kaatua	k ɑː t u ɑ
kablukka	k a b l u k k a
kagra	k ɑ k r ɑ
kagra	k ɑ ɡ r ɑ
kagrahiin	k a ɡ r a h i i n
kaheks	k ɑ h e k s
kaheksan	k ɑ h e k s ɑ n
kaheksan	k ɑ h ɑ k ʃ e n
kaheksan	k ɑ ɡ ɑ k ʃ e n
kaheksankymment	k ɑ h e k s ɑ n k y mː e n t
kaheksantoist	k ɑ h e k s ɑ n t o i̯ s t
kaheksas	k ɑ h e k s ɑː s
kaheksaskymmenäs	k ɑ h e k s ɑː s k y mː e n æː s
kaik	k ɑ i̯ k
kaikenlaajain	k a i̯ k e n l aː j a i̯ n
kaita	k ɑ i̯ t ɑ
kaivertaa	k ɑ i̯ ʋ e r t ɑː
kaks	k ɑ k s
kaks	k ɑ k ʃ
kakskymment	k ɑ k s k y mː e n t
kakskymmenäs	k ɑ k s k y mː e n æː s
kakstoist	k ɑ k s t o i̯ s t
kala	k ɑ l ɑ
kalakas	k ɑ l ɑ k ɑ s
kalanikka	k a l a n i kː a
kalastaa	k ɑ l ɑ s t ɑː
kalastaja	k ɑ l ɑ s t ɑ j ɑ
kalloja	k ɑ lˑ oː j ɑ
kana	k ɑ n ɑ
kangas	k ɑ ŋ k ɑ s
kangas	k ɑ ŋ ɡ ɑ s
kangas	k ɑ ŋ ɡ ɑ ʃ
kansa	k ɑ n s ɑ
kanto	k ɑ n t o
kanz	k a n z
kapa	k ɑ p ɑ
kapusta	k ɑ p u s t ɑ
kardinaali	k a r d i n aː l i
karhu	k ɑ r fː u
karhu	k ɑ r h u
karhu	k ɑ r u
karta	k ɑ r t ɑ
kartain	k ɑ r t ɑ i̯ n
kartain	k ɑ r tˑ ɑ i̯ n
kartta	k ɑ r tː ɑ
kasi	k ɑ s i
kasvaa	k ɑ s ʋ ɑː
katolle	k ɑ t o lː e
katolt	k ɑ t o l t
katool	k ɑ t oː l
katsoa	k ɑ t͡s o ɑ
kattaa	k ɑ tː ɑː
kattila	k ɑ tː e l ɑ
kattila	k ɑ tː i l ɑ
kattila	k ɑ tː ɑ l ɑ
katto	k ɑ tː o
kaunis	k ɑ u̯ n i s
keeli	k eː l
keeli	k eː l i
keeli	k i e̯ l i
keeli	k iː l
keeli	k iː l i
keittää	k e i̯ tː æː
kelkka	k e l kː ɑ
keltain	k e l t ɑ i̯ n
keltain	k e l tˑ ɑ i̯ n
kelvata	k e l v a t a
ken	k e n
kena	k e n ɑ
kenen	k e n e n
kenikke	k e n i k k e
kenkä	k e ŋ k æ
kenle	k e n l e
kera	k e r ɑ
kerallee	k e r ɑ lː eː
kerraal	k e rː ɑː l
kerralle	k e rː ɑ lː e
kerta	k e r d ɑ
kerta	k e r t ɑ
kerves	k e r ʋ e s
kerves	k e r ʋ e ʃ
kerä	k e r æ
kesä	k e s æ
kesä	k e ʒ æ
kevät	k e v æ t
kiin	k iː n
kiin	k iː n i
kiire	k iː r e
kiiree	k iː r e
kiiree	k iː r eː
kimalain	k i m ɑ l ɑ i̯ n
kippiä	k i pː e æ
kippiä	k i pˑ iː æ
kirja	k i r j ɑ
kirjakeeli	k i r j ɑ k eː l i
kirjakeeli	k i r j ɑ k iː l i
kirjasuma	k i r j ɑ s u m ɑ
kirjuttaa	k i r j u tː ɑː
kirkko	k i r i kː o
kirkko	k i r kː o
kissa	k i sː ɑ
kitsas	k i t͡s ɑ s
kiukkaa	k i u̯ kː aː
kiuru	k i u̯ r u
kivekäs	k i ʋ e k æ s
kivi	k i ʋ i
kivviin	k i ʋˑ iː n
klaassa	k l ɑː sː ɑ
klasi	k l ɑ s i
kohme	k o h m e
koi	k o i̯
koika	k o i̯ k ɑ
koikka	k o i̯ kː ɑ
koira	k o i̯ r ɑ
koiralt	k o i̯ r ɑ l t
koivisso	k o i̯ v i s s o
koivu	k o i̯ ʋ u
koivuin	k o i̯ ʋ u i̯ n
koko	k o k o
kokuttaa	k o k u tː ɑː
kolmanneks	k o l m ɑ nː e k s
kolmas	k o l m e ʃ
kolmas	k o l m ɑ s
kolmas	k o l m ɑː s
kolmaskymmenäs	k o l m ɑː s k y mː e n æː s
kolt	k o l t
koltkymment	k o l t k y mː e n t
kolttoist	k o l tː o i̯ s t
kons	k o n s
koputtaa	k o p u tː ɑː
korkehus	k o r k e h u s
korkia	k o r k i ɑ
korkia	k o r kˑ i ɑ
korkia	k o r ɡ j ɑ
korppi	k o r pː i
korria	k o rˑ iː ɑ
korva	k o r ʋ ɑ
korz	k o r z
koti	k o d i
koti	k o t i
kova	k o ʋ ɑ
kraaska	k r aː s k a
kraazata	k r aː z a t a
krantossi	k r ɑ n t o sː i
krapu	k r a p u
kruga	k r u k ɑ
ku	k u
kuhu	k u h o n
kuhu	k u h u
kuhu	k u h uː n
kuin	k u i̯
kuin	k u i̯ n
kuiva	k u i̯ ʋ ɑ
kuivaa	k u i̯ ʋ ɑː
kuivahuz	k u i̯ v a h u z
kuivakala	k u i̯ v a k a l a
kuivata	k u i̯ ʋ ɑ t ɑ
kuivattaa	k u i̯ v ɑ tː ɑː
kuivua	k u i̯ v u a
kuivus	k u i̯ ʋ u s
kuka	k u k ɑ
kuka	k u ɡ ɑ
kukaikke	k u k a i̯ k k e
kukale	k u k a l e
kukka	k u kː ɑ
kukko	k u kː o
kukko	k u kː o i̯
kulkia	k u l k i a
kulku	k u l k u
kulo	k u l o
kulta	k u l t ɑ
kultain	k u l t ɑ i̯ n
kumpa	k u m p ɑ
kumpain	k u m p ɑ i̯ n
kumpainki	k u m p ɑ i n e ŋ kˑ i
kunis	k u n i s
kunnia	k u nː i a
kura	k u r ɑ
kural	k u r ɑ l
kurki	k u r k i
kurki	k u r ɡ i
kus	k u s
kuu	k uː
kuulla	k uː lː ɑ
kuulua	k uː l u ɑ
kuuma	k uː m ɑ
kuus	k uː s
kuus	k uː ʃ
kuusi	k uː s i
kuusi	k uː ʒ i
kuuskymment	k uː s k y mː e n t
kuustoist	k uː s t o i̯ s t
kuuvves	k uː ʋː eː s
kuuvveskymmenäs	k uː ʋː eː s k y mː e n æː s
kuva	k u ʋ ɑ
kuve	k u ʋ e
kylmä	k y l m æ
kylvää	k y l ʋ æː
kylä	k y l ä
kymmen	k y mː e n
kymmenikkö	k y mː e n i kː ø
kymmenäs	k y mː e n æː s
kyntää	k y n t æː
kyntää	k y n tː æ
kynz	k y n z
kyssyä	k y sˑ yː æ
käen	k æ e n
käet	k æ e t
käki	k æ k i
käkö	k æ k ø
käkö	k æ k ø i̯
kämärä	k æ mˑ æː r æ
käppiä	k æ pː e æ
käppiä	k æ pˑ iː æ
käpy	k æ p y
käpälä	k æ p æ l æ
käpälä	k æ pˑ æː l æ
kärkki	k æ r kː i
kärkkilatva	k æ r kː i l ɑ t ʋ ɑ
kärkky	k æ r kː y
kärkkä	k æ r kː æ
kärppä	k æ r pː æ
kärpäin	k æ r p æ i̯ n
kärsä	k æ r s æ
käsi	k æ s i
käsi	k æ ʒ i
käsivarsi	k æ s i ʋ ɑ r s
käsivarsi	k æ s i ʋ ɑ r s i
kätyt	k æ t y t
käyttäjä	k æ y̯ tː æ j æ
käyttää	k æ y̯ tː æː
käyvvä	k æ y̯ ʋˑ æː
kääntää	k æː n t æː
köhä	k ø h æ
köyz	k ø y̯ z
laatia	l ɑː t i ɑ
lahja	l a h j a
lahna	l ɑ h n ɑ
laho	l a h o
laine	l ɑ i̯ n e
laiska	l ɑ i̯ s k ɑ
laiva	l ɑ i̯ ʋ ɑ
lammas	l ɑ mː ɑ s
lammiia	l a mː iː a
lamppi	l ɑ m pː i
lamppu	l ɑ m pː u
lanka	l ɑ ŋ k ɑ
lanttu	l ɑ n tː u
lappa	l a pː a
laps	l ɑ p s
laps	l ɑ p s i
laps	l ɑ p ʃ i
lapseen	l ɑ p s eː n
lapselle	l ɑ p s e lː e
laskia	l a s k i a
laskiissa	l a s k i s s a
lastu	l ɑ s t u
latva	l ɑ d ʋ ɑ
latva	l ɑ t ʋ ɑ
laulaa	l ɑ u̯ l ɑ
laulaa	l ɑ u̯ l ɑː
laulu	l ɑ u̯ l u
lauta	l ɑ u̯ t ɑ
lautain	l ɑ u̯ t ɑ i̯ n
lazi	l a z i
leem	l eː m
lehmä	l e h m æ
lehti	l e h t i
leipä	l e i̯ p æ
leipää	l e i̯ p æ
leipää	l e i̯ pˑ æː
leiville	l e i̯ ʋ i lː e
leivän	l e i̯ ʋ æ n
lekko	l e kː o
lekko	l e kː o i̯
leningrad	l e n i ŋ k r ɑ t
lentää	l e n t æː
leppä	l e pː æ
leuka	l e u̯ k ɑ
levviä	l e vː e æ
levviä	l e vˑ i æ
levviä	l e vˑ iː æ
liiva	l iː ʋ ɑ
liivakas	l iː ʋ ɑ k ɑ s
liki	l i k i
linna	l i nː ɑ
linnakkoi	l i nː a k k o i̯
linnalain	l i nː ɑ l ɑ i̯ n
linnast	l i nː ɑ s t
lintu	l i n t u
lintuin	l i n t u i̯ n
liukas	l i u̯ k ɑ s
liuvvuttaa	l i u̯ ʋˑ u tː ɑː
lohi	l o h i
lounat	l o u̯ n e t
lounat	l o u̯ n ɑ s
lounat	l o u̯ n ɑ t
luhti	l u h t i
luikko	l u i̯ kː o
luikko	l u i̯ kː o i̯
lukkia	l u kː e ɑ
lukkia	l u kː i ɑ
lukkia	l u kː iː ɑ
lukkia	l u kˑ i ɑ
luku	l u k u
lumi	l u m i
lumimäki	l u m i m æ k i
lumipamppu	l u m i p ɑ m pː u
lumiukko	l u m i u kː o
lunta	l u n t ɑ
lupa	l u p ɑ
lusikka	l u s i kː ɑ
lusti	l u s t i
luu	l uː
luun	l uː n
luuta	l uː t ɑ
lyhe	l y e
lyhe	l y h e
lyhe	l y h e h
lyhhyys	l y xˑ yː s
lyhyt	l y h y t
lähe	l æ h e
lähe	l æ h e h
lähtiä	l æ h t i æ
läksy	l æ k s y
lämmää	l æ mː æː
läpi	l æ p i
läsiä	l æ sˑ iː æ
läätä	l æː d æ
läätä	l æː t æ
läätä	l æː t æ k
löövvä	l yː æ
löövvä	l øː ʋː æ
maa	m ɑː
maailma	m ɑː i l m ɑ
maata	m ɑː d ɑ
maata	m ɑː t ɑ
mae	m ɑ e
mae	m ɑ e h
mahtaa	m ɑ h t ɑ
mahtaa	m ɑ h t ɑː
maikkia	m a i̯ kː i a
mailma	m ɑ i l m ɑ
mainia	m ɑ i̯ n i ɑ
mainita	m ɑ i̯ n i t ɑ
maito	m ɑ i̯ t o
maja	m ɑ j ɑ
makkaahuz	m a kː aː h u z
mama	m ɑ m ɑ
mancikka	m ɑ n t͡s i kː ɑ
mancikka	m ɑ n t͡ʃ i kː ɑ
mancikkain	m ɑ n t͡ʃ i kː ɑ i̯ n
marja	m a r j a
masterskoi	m a s t e r s k o i̯
masti	m ɑ s t i
matala	m ɑ d ɑ l ɑ
matala	m ɑ t ɑ l ɑ
matala	m ɑ tˑ ɑː l ɑ
matka	m ɑ t k ɑ
mato	m ɑ t o
meeli	m eː l
meeli	m eː l i
meeli	m iː l i
mees	m eː s
mees	m iː s
mees	m iː ʃ
meestä	m eː s t
meestä	m eː s t æ
meestä	m iː s t
mehiläin	m e h i l æ i̯ n
meihe	m e i̯ h e
meijen	m e i̯ jˑ e n
meijet	m e i̯ jˑ e t
meiks	m e i̯ k s
meikäläin	m e i̯ k æ l æ i̯ n e
meil	m e i̯ l
meille	m e i̯ lː e
meilt	m e i̯ l t
meinnä	m e i̯ nː æ
meis	m e i̯ s
meist	m e i̯ s t
meitä	m e i̯ t æ
mekko	m e kː o
meri	m e r i
merikarhu	m e r i k ɑ r h u
merkki	m e r kː i
merta	m e r d ɑ
merta	m e r t ɑ
mesi	m e s i
metsä	m e t͡s æ
metsä	m e t͡ʃ æ
miks	m i k s
mikä	m i k æ
mikäikke	m i k æ i̯ k k e
mikäle	m i k æ l e
millain	m i lː ɑ i̯ n
millain	m i lː ɑ n e
milläin	m i lː e i̯ n
milläin	m i lː æ i̯
milläin	m i lː æ i̯ n
milläin	m i lː æ n e
miltain	m i l t ɑ i̯ n
minnua	m i nː u ɑ
mis	m i s
mist	m i s t
miuhu	m i u̯ h e
miuhu	m i u̯ h u
miuks	m i u̯ k s
miul	m i u̯ l
miulle	m i u̯ lː e
miult	m i u̯ l t
miun	m i u̯ n
miunna	m i u̯ nː ɑ
mius	m i u̯ s
miust	m i u̯ s t
miz	m i z
miä	m i æ̯
moen	m o e̯ n
mokoma	m o k o m ɑ
mokoma	m o kˑ oː m ɑ
molemmat	m o l e mː ɑ t
molemmat	m o lˑ eː m ɑ t
molommat	m o lˑ oː m ɑ t
monenlaajain	m o n e n l aː j a i̯ n
moni	m o n i
monikas	m o n i k ɑ s
monikko	m o n i kː o
monta	m o n t
monta	m o n t ɑ
moskova	m o s k o ʋ ɑ
muila	m u i̯ l ɑ
multa	m u l t ɑ
muna	m u n a
musaks	m u s a k s
mussa	m u sː a
mussikka	m u sː i kː ɑ
mussikka	m u ʃː i kː ɑ
mussikkain	m u sː i kː ɑ i̯ n
mussikkain	m u ʃː i kː ɑ i̯ n
muu	m uː
muurahain	m uː r ɑ h ɑ i̯ n
muutomanz	m uː t o m a n z
muuttaa	m uː tː ɑː
mytty	m y tː y
mäki	m æ k i
männä	m æ nː æ
männöö	m æ nː øː
möit	m ø i̯ t
möita	m ø i̯ t a
möry	m ø r y
möö	m yː
möö	m øː
mööhä	m øː h æ
mööhää	m øː h æː
mööt	m øː t
möövvä	m yː j æ
möövvä	m yː ʋˑ æ
möövvä	m øː ʋː æ
möövvä	m øː ʋˑ æ
naagla	n aː ɡ l a
naaglan	n aː ɡ l a n
naasti	n ɑː s t i
nagro	n ɑ k r o
nagru	n ɑ ɡ r u
nain	n ɑ i̯ n
nain	n ɑ i̯ n e
naizeks	n a i̯ z e k s
naizikko	n a i̯ z i k k o
naizikkoi	n a i̯ z i k k o i̯
nakke	n ɑ kː e
nasse	n a sː e
naz	n a z
neegla	n eː k l ɑ
neegla	n eː ɡ l ɑ
neegla	n i e̯ k ɑ l ɑ
neegla	n iː k l ɑ
neet	n eː t
neljä	n e l j æ
neljä	n e lː æ
neljäkymment	n e l j æ k y mː e n t
neljäs	n e l j æ s
neljäs	n e l j æː s
neljäs	n e lː æ ʃ
neljäskymmenäs	n e l j æː s k y mː e n æː s
neljätoist	n e l j æ t o i̯ s t
neljääzpäivä	n e l j æː z p æ i̯ v æ
nenä	n e n æ
nenätauti	n e n æ t ɑ u̯ t i
nevvo	n e u̯ ʋˑ o
nevvo	n e ʋː o
nietauno	n i e̯ t a u̯ n o
niin	n iː
niin	n iː n
niini	n iː n i
niitty	n iː tː y
niku	n i k u
niku	n iː ŋ k u
nimi	n i m i
nimisana	n i m i s ɑ n ɑ
noissa	n o i̯ sː ɑ
noissa	n o u̯ sː ɑ
noissa	n o u̯ ʃː ɑ
noki	n o k i
nolla	n o lː a
nominatiivi	n o m i n ɑ t iː v i
noo	n oː
noo	n uː
noori	n oː r
noori	n oː r i
noori	n u o̯ r
noori	n uː r i
noorus	n oː r u s
nootta	n oː tː ɑ
noppiia	n o pː iː a
nostaa	n o s t ɑː
nurkka	n u r kː ɑ
nykyizii	n y k y i̯ z iː
nyt	n y t
nähhä	n æ xː æ
näkkyyä	n æ kː yː æ
näkköin	n æ k k ø ɪ̯ n
näkö	n æ k ø
nälkä	n æ l k æ
nämät	n æ m æ
nämät	n æ m æ t
närriä	n æ rː i æ
närriä	n æ rˑ iː æ
näyttää	n æ y̯ tː æː
näät	n æː t
obidna	o b i d n a
obidnaal	o b i d n aː l
obižoittaa	o b i z o i̯ tː ɑː
obižoittaa	o b i ʒ o i̯ tː ɑː
odra	o d r a
oikehus	o i̯ k e h u s
oikia	o i̯ k e
oikia	o i̯ k i ɑ
oikia	o i̯ kˑ i ɑ
oikial	o i̯ k i ɑ l
oja	o j ɑ
oksa	o k s ɑ
oksakaz	o k s a k a z
oli	o l i
olimma	o l i mː ɑ
olin	o l i n
olit	o l i t
olitta	o l i tː ɑ
olivat	o l i ʋ ɑ t
olla	o lː ɑ
ollaa	o lː ɑː
olt	o l t
oltii	o l t iː
olut	o l u t
oma	o m ɑ
omena	o m e n ɑ
omena	o m eː n ɑ
omena	o mˑ eː n ɑ
ommella	o mː e l l a
on	o n
onkikokka	o ŋ k i k o kː a
onnetoin	o nː e t o i̯ n
ono	o n o
oo	oː
oomma	oː mː ɑ
oon	oː n
oot	oː t
ootella	oː t e lː ɑ
ootta	oː tː ɑ
opastaja	o p a s t a j a
opettaa	o p e tː ɑː
opettaja	o p e tː ɑ j ɑ
opokka	o p o k k a
oppi	o pː i
oppia	o pː i ɑ
oppihua	o pː i h u ɑ
oppihussa	o pː i h u sː ɑ
orava	o r ɑ ʋ ɑ
orava	o rˑ ɑː ʋ ɑ
ordinaali	o r d i n aː l i
orsi	o r s
orsi	o r s i
osa	o s ɑ
ostaa	o s t aː
ottaa	o tː ɑ k
ottaa	o tː ɑː
ottsa	o t͡sː a
ottsain	o t t s a ɪ̯ n
ovat	o ʋ ɑ t
ovi	o ʋ i
ozata	o z a t a
padretti	p a d r e tː i
pagla	p a ɡ l a
paha	p ɑ h ɑ
pahemp	p ɑ h e m p
paikka	p ɑ i̯ kː ɑ
paimen	p a i̯ m e n
paimeneen	p a i̯ m e n eː n
painaa	p ɑ i̯ n ɑː
paino	p ɑ i̯ n o
painutoz	p a i̯ n u t o z
paita	p ɑ i̯ t ɑ
pakkaana	p a kː aː n a
paksu	p ɑ k s u
pala	p a l a
paljaz	p a l j a z
paljo	p ɑ l j o
paljo	p ɑ lʲː o
palkka	p a l kː a
pallaa	p ɑ lː ɑː
pallaa	p ɑ lˑ ɑː
palo	p ɑ l o
palvella	p a l v e l l a
pamppu	p ɑ m pː u
panna	p a nː a
papa	p ɑ p ɑ
paperi	p ɑ p e r i
paperi	p ɑ pˑ eː r i
pappi	p ɑ pː i
paremp	p ɑ r e m p
parennos	p ɑ r e nː o s
parentaa	p ɑ r e n t ɑː
parsi	p ɑ r s
parsi	p ɑ r s i
parta	p ɑ r t ɑ
partitiivi	p ɑ r t i t iː v i
partta	p ɑ r tː ɑ
parvi	p a r v i
pata	p ɑ d ɑ
pata	p ɑ t ɑ
patsas	p ɑ t͡s ɑ s
peeni	p eː n
peeni	p eː n i
peeni	p iː n
peeni	p iː n i
pelto	p e l d o
pelto	p e l t o
pere	p e r e
pere	p e r e h
pero	p e r o i̯
pertti	p e r tː i
perze	p e r z e
perälle	p e r æ l l e
perält	p e r æ l t
perääl	p e r æː l
perään	p e r æː n
pessiissä	p e sː iː sː æ
pessiissä	p e sˑ iː sː æ
pessiissä	p e ʃː y i̯ ʃː æ
pessä	p e sː æ
pesä	p e s æ
petos	p e t o s
petteri	p e tː e r i
pettää	p e tː æː
petäjä	p e t æ j æ
petäjä	p e tː æ j æ
petäjä	p e tˑ æː j æ
pii	p iː
piippu	p iː pː u
pilata	p i l ɑ t ɑ
pinta	p i n t ɑ
pirta	p i r t ɑ
pistää	p i s t æː
pitkin	p i t k i n
pitkä	p i t k æ
pittuus	p i tˑ uː s
pittää	p i tː æ
pittää	p i tː æː
pittää	p i tˑ æː
plaanu	p l ɑː n u
pluuga	p l uː k ɑ
pluuga	p l uː ɡ ɑ
poeetta	p o eː t t a
poeettakkoi	p o eː t t a kː o i̯
poika	p o i̯ k ɑ
poika	p o i̯ ɡ ɑ
poikin	p o i̯ k i n
pois	p o i̯ s
pois	p o i̯ ʃ
poiz	p o i̯ z
poljzi	p o l s i
polttaa	p o l tː ɑː
porkkana	p o r kː o n ɑ
porkkana	p o r kː ɑ n ɑ
porstaa	p o r s t aː
poski	p o s k i
poski	p o ʃ k i
pronoomini	p r o n oː m i n i
pruuda	p r uː t ɑ
puhas	p u h ɑ s
puhas	p u h ɑ ʃ
puin	p u i̯ n
punain	p u n ɑ i̯ n e
punain	p u nˑ ɑ i̯ n
punapääopokka	p u n a p æː o p o k k a
purra	p u rː a
puu	p uː
puuttua	p uː tː u ɑ
pyhä	p y h æ
pyhäpäivä	p y h æ p æ i̯ v æ
pyssy	p y sː y
pyytää	p yː t æː
pyzyst	p y z y s t
päi	p æ i̯
päin	p æ i̯ n
päivyt	p æ i̯ v y t
päivä	p æ i̯ ʋ æ
päivääl	p æ i̯ ʋ æ lː æ
päivääl	p æ i̯ ʋ æː l
päpi	p æ p i
pässi	p æ sː i
pää	p æː
päädettsä	p æː d e t͡s t͡s æ
päädettsään	p æː d e t͡s t͡s æː n
päähkänä	p æː h k æ n æ
pääl	p æː l
pääl	p æː lː æ
päälle	p æː lː e
päält	p æː l t
pään	p æː n
pääsky	p æː s k y
pääskö	p æː s k ø i̯
päässä	p æː sː æ
päätauti	p æː t a u̯ t i
pööriä	p øː r i æ
pöörä	p øː r æ
raataa	r ɑː t ɑː
raataa	r ɑː tː ɑ
rae	r ɑ e
raha	r ɑ h ɑ
rahakas	r ɑ h ɑ k ɑ s
rakentaa	r a k e n t aː
ranta	r ɑ n t ɑ
rapa	r a p a
rappia	r ɑ pˑ iː ɑ
raskas	r ɑ s k ɑ s
rauhalliin	r ɑ u̯ h ɑ lː iː n
rauhallisest	r ɑ u̯ h ɑ l i s e s t
rauta	r ɑ u̯ t ɑ
rautain	r ɑ u̯ t ɑ i̯ n
rautalanka	r ɑ u̯ t ɑ l ɑ ŋ k ɑ
reikä	r e i̯ k æ
repo	r e b o i̯
repo	r e p o
repo	r e p o i̯
retu	r e t u
riista	r iː s t ɑ
rinta	r i n t ɑ
ripustaa	r i p u s t ɑː
risti	r i s t i
risti	r i ʃ t i
ristiä	r i s t i æ
rohoin	r o h o n e
rohoin	r o xˑ o i̯ n
rooka	r oː k a
rootsi	r oː t͡s i
roottsa	r oː t͡sː a
rotta	r o tː ɑ
rovatti	r o ʋ ɑ tː i
rublja	r u b lʲ ɑ
rublja	r u p l ɑ
ruskia	r u s k e ɑ
ruskia	r u s k i ɑ
ruttaa	r u tː ɑː
ruttiissa	r u tː iː sː ɑ
ruuti	r uː t i
rääty	r æː t y
saahka	s ɑː h k ɑ
saavva	s ɑː ʋˑ ɑ
sae	s ɑ e
saekaz	s a e̯ k a z
saha	s ɑ h ɑ
sahata	s ɑ h ɑ t ɑ
sahhaaja	s ɑ xˑ ɑː j ɑ
saippu	s ɑ i̯ pː i ɑ
saippu	s ɑ i̯ pː u
sakkiia	s a kː iː a
sama	s ɑ m ɑ
samanlaajain	s ɑ m ɑ n l ɑː j ɑ i̯ n
sana	s ɑ n ɑ
sanakirja	s ɑ n ɑ k i r j ɑ
sannoa	s ɑ nː o ɑ
sannoa	s ɑ nˑ oː ɑ
sannoa	ʃ ɑ nː o ɑ
sarka	s ɑ r k ɑ
sarka	ʃ ɑ r ɡ ɑ
sata	s ɑ d ɑ
sata	s ɑ t ɑ
sata	ʃ ɑ d ɑ
sataoksa	s ɑ t ɑ o k s ɑ
sattaa	s ɑ tˑ ɑː
sattaa	ʃ ɑ tː ɑ
sattais	s ɑ tː ɑ i̯ s
savekas	s ɑ ʋ e k ɑ s
savest	s ɑ ʋ e s t
savi	s ɑ ʋ i
savi	ʃ ɑ ʋ i
savviin	s ɑ ʋˑ iː n
se	s e
se	ʃ e
seegla	s eː k l ɑ
seegla	s eː ɡ l ɑ
seegla	s i e̯ k ɑ l ɑ
seegla	s iː k l ɑ
seegla	ʃ iː ɡ l ɑ
seel	s eː l
seel	ʃ æː l
seelt	s eː l t
seelt	ʃ æː l t
seemen	s eː m e n
seili	s e i̯ l i
seinä	s e i̯ n æ
seissa	s e i̯ sː ɑ
seitsemäs	s e i̯ t͡s e m æː s
seitsemäskymmenäs	s e i̯ t͡s e m æː s k y mː e n æː s
seitsen	s e i̯ t͡s e
seitsen	s e i̯ t͡s e n
seitsen	ʃ e i̯ t͡ʃ e n
seitsenkymment	s e i̯ t͡s e n k y mː e n t
seitsentoist	s e i̯ t͡s e n t o i̯ s t
seiväs	s e i̯ ʋ æ s
sejalka	s e j ɑ l k ɑ
selkiä	s e l k e æ
selkiä	s e l k i æ
selkiä	s e l kˑ i æ
selkä	s e l k æ
selkä	ʃ e l ɡ æ
sellain	s e lː a i̯ n
sereta	s e r e t a
sesama	s e s ɑ m ɑ
siha	s i h a
siipi	s iː p i
siis	s i s
siis	s iː s
sika	s i k ɑ
sika	ʃ i ɡ ɑ
sikäläin	s i k æ l æ i̯ n
sikäläin	s i k æ l æ i̯ n e
silloin	s i lː o i̯ n
silmä	s i l m æ
silmä	ʃ i l m æ
silta	s i l t a
sinne	s i nː e
sinne	s i nː e k
sinne	s i nː æ
siputtaa	s i p u tː ɑː
sises	s i s e s
sises	s i s e sː æ
sises	s i s æː s
sisest	s i s e s t
sisest	s i s e s t æ
sisest	s i s æ s t
sissee	s i sː eː
sissee	s i sː æː n
sissee	s i sˑ eː
siun	s i u̯ n
siä	s i æ̯
siä	ʃ iː æ̯
soikkola	s o i̯ kː o l ɑ
soikkola	s o i̯ kː u l ɑ
soittaa	s o i̯ tː ɑː
soittaa	ʃ o i̯ t ɑ
sokka	s o kː a
soo	s oː
soo	ʃ uː
sooja	s oː j ɑ
sooja	s u o̯ j ɑ
soomalain	s oː m ɑ l ɑ i̯ n
soomi	s oː m i
soomi	s uː m i
soomi	ʃ uː m i
sormi	s o r m i
sorria	s o rː e ɑ
sorria	s o rˑ i ɑ
sorria	s o rˑ iː ɑ
sorsa	s o r s ɑ
sota	s o t ɑ
sota	ʃ o t ɑ
sotilahhaan	s o t i l a xː aː n
sottiilaz	s o tː iː l a z
sovhoza	s o ʋ h o s ɑ
speili	s p e i̯ l i
spicka	s p i t͡ʃ k ɑ
stooli	s t oː l i
stooli	s t uː l i
suksa	s u k s ɑ
suksi	s u k s i
suksia	s u k s e ɑ
suksia	s u k s i ɑ
suma	s u m ɑ
susi	s u s i
susi	ʃ u z i
suu	s uː
suu	ʃ uː
suur	s uː r
suur	ʃ uː r i
suuremp	s uː r e m p
suuvotta	s uː v o t t a
syksy	s y k s y
syksy	s y kː yː z y
syksy	ʃ y kˑ y ʒ y
syksyyl	s y k s yː l
syksyyn	s y k s yː n
sysi	s y s i
syvennös	s y ʋ e nː ø s
syventää	s y ʋ e n t æː
syvvyys	s y ʋː yː s
syvä	s y ʋ æ
syy	s yː
syän	s y æ n
syäntauti	s y æ n t a u̯ t i
säkille	s æ k i lː e
säkki	s æ kː i
säkki	ʃ æ kː i
särkiä	s æ r k i æ
sööttää	s yː tː æː
sööttää	s øː tː æː
söövvä	s yː ʋː æ
söövvä	s yː ʋˑ æ
söövvä	s øː ʋˑ æ
söövvä	ʃ yː j æ
taas	t ɑ s
taas	t ɑː s
taasi	t aː s i
tabletti	t a b l e tː i
tae	t ɑ e
tae	t ɑ e h
tae	t ɑː h e
tahto	t ɑ h t o
tahtoa	t ɑ h t o ɑ
taivas	t ɑ i̯ ʋ ɑ s
takkaa	t a kː aː
takkaaks	t a kː aː k s
takkaan	t a kː aː n
takkaant	t a kː aː n t
tali	t ɑ l i
talli	t ɑ lː i
talo	t ɑ l o i̯
talvi	t ɑ l ʋ i
tamikko	t a m i k k o
tanvas	t ɑ n ʋ ɑ s
tauti	t ɑ u̯ t i
tauvvinmääritöz	t a u̯ vː i n m æː r i t ø z
tauvvinoire	t a u̯ vː i n o i̯ r e
tee	t eː
tee	t iː
teenoo	t eː n oː
tehhä	t e h æ
tehhä	t e xː æ
teijen	t e i̯ j e n
teijen	t e i̯ jˑ e n
teko	t e k o
tekosana	t e k o s ɑ n ɑ
tere	t e r e
teräksiin	t e r æ k s iː n
tetretti	t e d r e tː i
tetretti	t e t r e tː i
tihhii	t i xː iː
tihhiiä	t i xː iː æ
tihhiä	t i xː i æ
tihti	t i h t i
tihtii	t i h t iː
tiitää	t iː t æ
tiitää	t iː t æː
tikka	t i kː ɑ
tiukkaa	t i u̯ kː ɑː
tiukku	t i u̯ kː u
toin	t o i̯ n
toin	t o i̯ n e
toissarki	t o i̯ s s a r k i
toizinaa	t o i̯ z i n aː
too	t oː
too	t uː
toovva	t oː ʋː ɑ
traktora	t r ɑ k t o r ɑ
translatiivi	t r ɑ n s l ɑ t iː v i
trenki	t r e ŋ k i
tuhatta	t u h a t t a
tuhka	t u x k a
tuli	t u l i
tulla	t u lː ɑ
tulo	t u l o
tumma	t u mː ɑ
tunni	t u nː i
tupa	t u p ɑ
turu	t u r u
tuttahus	t u tː ɑ h u s
tuttava	t u tː ɑ ʋ ɑ
tutussua	t u t u sː u ɑ
tuuli	t uː l i
tuura	t uː r ɑ
tyhjä	t y h j æ
tykky	t y kː y
tyttärikköi	t y tː æ r i kː ø i̯
tyttärikköin	t y tː æ r i kː ø i̯ n
tyttö	t y tː ø
tyttö	t y tː ø i̯
tytär	t y t æ r
tytär	t y æ r
tytökkäin	t y t ø kː æ i̯ n
tyvi	t y v i
tyyppi	t yː pː i
tähen	t æ h e n
tähti	t æ h t i
täkäläin	t æ k æ l æ i̯ n
täkäläin	t æ k æ l æ i̯ n e
tämä	t æ m æ
tämä	t æ m æ k
tämän	t æ m æ n
tänne	t æ nː e
tänäpään	t æ n æ p æː n
täyttyä	t æ y̯ tː y æ
täyttää	t æ y̯ tː æː
tää	t æː
tääl	t æ l
tääl	t æː l
täält	t æː l t
tään	t æː n
töö	t yː
töö	t øː
tööläin	t øː l æ i̯ n
tööläin	t øː l æ i̯ n e
töönikkä	t øː n i k k æ
tööst	t øː s t
uhluu	u h l uː
uijua	u i̯ j uː ɑ
ukko	u kː o
uksi	u k s
uksi	u k s i
utoi	u t o i̯
utu	u t u
uulitsa	uː l i t͡s ɑ
uulitsa	uː l i t͡ʃ ɑ
uulitsalle	uː l i t͡s ɑ lː e
uus	uː s
uus	uː ʃ
uutiin	uː t i n e
uutiin	uː t iː n
uutta	uː tː a
vahti	ʋ ɑ h t i
vahtia	ʋ ɑ h t i ɑ
vahva	ʋ ɑ h ʋ ɑ
vahvus	ʋ ɑ h ʋ u s
vai	v a i̯
vaihto	v ɑ i̯ h t o
vaikia	v a i̯ k i a
vaka	v a k a
valkeus	ʋ ɑ l k e u s
valkia	ʋ ɑ l k e ɑ
valkia	ʋ ɑ l k i ɑ
valkia	ʋ ɑ l kˑ i ɑ
valkia	ʋ ɑ l ɡ j ɑ
valmis	ʋ ɑ l m i s
valo	ʋ ɑ l o
valta	ʋ ɑ l t ɑ
vanha	ʋ ɑ n h ɑ
vanha	ʋ ɑ n ɑ
vanhemp	ʋ ɑ n h e m p
vanhemp	ʋ ɑ n h eː m p
vanhus	ʋ ɑ n h u s
vanki	v a n k i
vappaa	v a pː aː
vara	ʋ ɑ r ɑ
variz	v a r i z
varpaisillaa	v a r p a i̯ s i lː aː
varraa	ʋ ɑ rː ɑː
varraa	ʋ ɑ rˑ ɑː
varsi	ʋ ɑ r s
varsi	ʋ ɑ r s i
vart	ʋ ɑ r t
vart	ʋ ɑ r t ɑ
vart	ʋ ɑ r tː ɑ
varvas	ʋ ɑ r ʋ ɑ s
vasara	ʋ ɑ s ɑ r ɑ
vasara	ʋ ɑ sˑ ɑː r ɑ
vasata	v a s a t a
vaskiin	ʋ ɑ s k iː n
vassa	v a sː a
vassaa	v a sː aː
vassen	v a sː e n
vasta	ʋ ɑ s t ɑ
vasta	ʋ ɑ ʃ t ɑ
vatsan	v a t͡s a n
vatsantauti	v a t͡s a n t a u̯ t i
vattsa	v a t͡sː a
vazaraal	v a z a r aː l
veejä	ʋ eː jˑ æ
veel	ʋ eː l
veel	ʋ iː l
veitsi	ʋ e i̯ t͡s i
veli	ʋ e l i
veli	ʋ e lˑ i
veljä	ʋ e l j æ
velka	ʋ e l k ɑ
vello	ʋ e lː o
vello	ʋ e lː o i̯
vene	ʋ e n e
vene	ʋ e n e h
vennua	ʋ e nː u ɑ
vennua	ʋ e nˑ uː ɑ
venäeks	v e n æ e k s
venäkköi	v e n æ k k ø i̯
venäläin	ʋ e n æ l æ i̯ n
venät	v e n æ t
verbi	v e r b i
verka	v e r k a
verkko	v e r kː o
vesi	ʋ e s i
vesi	ʋ e ʒ i
vesselä	ʋ e sː e l æ
vet	ʋ e t
viha	ʋ i h ɑ
viheltää	ʋ i h e l t æː
vihma	ʋ i h m ɑ
viholain	ʋ i h o l ɑ i̯ n
viijes	ʋ iː j e s
viijes	ʋ iː j e ʃ
viijes	ʋ iː jː eː s
viijeskymmenäs	ʋ iː jː eː s k y mː e n æː s
viina	ʋ iː n ɑ
viis	ʋ iː s
viis	ʋ iː ʃ
viiskymment	ʋ iː s k y mː e n t
viistoist	ʋ iː s t o i̯ s t
vika	v i k a
vilja	ʋ i l j ɑ
vinkua	ʋ i ŋ k u ɑ
virta	ʋ i r t ɑ
voi	ʋ o i̯
voija	ʋ o i̯ jˑ ɑ
voittaa	ʋ o i̯ tː ɑː
voitua	v o i̯ t u a
vokala	v o k ɑ l ɑ
vooe	v oː e
voohi	ʋ oː h i
voohi	ʋ uː h i
vooks	v oː k s
voonna	ʋ oː nː ɑ
voonna	ʋ uː nː ɑ
voos	ʋ oː s
voos	ʋ uː ʃ
vootta	ʋ oː tː a
voovvelt	ʋ oː ʋː e l t
voovvelt	ʋ uː ʋː e l t
vähä	ʋ æ h æ
väki	ʋ æ k i
väki	ʋ æː ɡ i
vöö	ʋ y ø̯
vöö	ʋ yː
vöö	ʋ øː
yheksän	y h e k s æ n
yheksän	y h æ k ʃ e n
yheksän	y ɡ æ k ʃ e n
yheksänkymment	y h e k s æ n k y mː e n t
yheksäntoist	y h e k s æ n t o i̯ s t
yheksäs	y h e k s æː s
yheksäskymmenäs	y h e k s æː s k y mː e n æː s
yhtee	y h t eː
yhtein	y h t e i̯ n
yhtä	y h t æ
yks	y k s
yks	y k ʃ
yksikkö	y k s i kː ø
yksintää	y k s i n t æː
ykstoist	y k s t o i̯ s t
yli	y l i
ylihoomen	y l i h oː m e n
yllää	y lː æː
yllää	y lː æː n
yllää	y lˑ æː
yläsokka	y l æ s o kː a
ympäriil	y m p æ r iː l
ympäär	y m p eː r
ympäär	y m p æ r
ympäär	y m p æ r i
ympäär	y m p æː r
ympäär	y m pˑ æː r
ystävä	y s t æ ʋ æ
zavoda	s ɑ ʋ o t ɑ
äijä	æ i̯ j æ
äly	æ l y
ämmä	æ mː æ
ämmö	æ mː ø
ämmö	æ mː ø i̯
ään	æː n
ääni	æː n i
äänioppi	æː n i o pː i
ääntää	æː n t æː
öittee	ø i̯ tː eː
öö	y ø̯
öö	yː
öö	øː
ööl	øː l
šahmatat	ʃ ɑ h m ɑ t ɑ t
šaška	ʃ ɑ ʃ k ɑ
škoulu	ʃ k o u̯ l u
