آتھوار	aː tʰ w aː r
آزٲدی	ɑː z əː d iː
آوٕرُن	ɑː ʋ ɨ ɾ u n
أنٛجیٖر	ə n d͡ʒ iː r
أنٛز	ə̃ z
أنٛزِنؠ	ə̃ z i nʲ
أچھ	ə t͡ʃʰ
ؤہراتھ	w ə h r aː tʰ
اوٚنٛگٕج	õ ɡ ɨ d͡ʒ
اَخبار	a kʰ b aː r
اَرَب	a r a b
اَرٕترٕٛہ	a r ɨ t r ɨ h
اَرٕتٲجِہہ	a r ɨ t əː d͡ʒ i h
اَرٕتٲجی	a r ɨ t əː d͡ʒ iː
اَرٕداہ	a r ɨ d aː h
اَرٕسَتَتھ	a r ɨ s a t a tʰ
اَرٕشيٖتھ	a r ɨ ʃ iː tʰ
اَرٕنَمَتھ	a r ɨ n a m a tʰ
اَرٕوَنٛزاہ	a r ɨ w a n z aː h
اَرٕہٲٹھ	a r ɨ h əː ʈʰ
اَنٛدَر	a n d a r
اَٹھووُہ	a ʈʰ oː w u h
اۆنٛجوٗر	o n d͡ʒ uː r
بؠنتھٕر	bʲ a n tʰ ɨ r
بؠنٛزٕ	bʲ a n z ɨ
بابتھٕر	b aː b tʰ ɨ r
باوزٕ	b aː w z ɨ
باپتھٕر	b aː p tʰ ɨ r
باہ	b aː h
برَٛسوار	b r a s w aː r
برٛؠسوار	b rʲ a s w aː r
برٛور	b r oː r
برٛٲر	b r əː r
بوموار	b oː m w aː r
بوگ	b oː ɡ
بَب	b a b
بَرساتھ	b a r s aː tʰ
بَطُخ	b a t u kʰ
بَطٕچ	b a t ɨ t͡ʃ
بَہار	b a h aː r
بَہہ	b a h
بُتھ	b u t̪ʰ
بُلبُل	b u l b u l
بٕہٕر	b ɨ h ɨ r
بٕۂر	b ɨ h ə r
بٲدرؠتھ	b əː d rʲ a tʰ
بٲدٕر	b əː d ɨ r
بٲدٕرپؠتھ	b əː d ɨ r pʲ a tʰ
بۄنٛوار	b ɔ̃ w aː r
بیساکھ	b eː s aː kʰ
بیمہٕ	b eː m ɨ
بیٔنٛزٕ	b j ə n z ɨ
بیٛور	b j oː r
بیٛٲر	b j əː r
تارُن	t ɑː ɾ u n
ترُٛسَتَتھ	t r u s a t a tʰ
ترُٛنَمَتھ	t r u n a m a tʰ
ترُٛواہ	t r u w aː h
ترُٛوَنٛزاہ	t r u w a n z aː h
ترُٛہٲٹھ	t r u h əː ʈʰ
ترٕٛسَتَتھ	t r ɨ s a t a tʰ
ترٕٛنَمَتھ	t r ɨ n a m a tʰ
ترٕٛوَنٛزاہ	t r ɨ w a n z aː h
ترٕٛہ	t r ɨ h
ترٕٛہٲٹھ	t r ɨ h əː ʈʰ
ترٛۆوُہ	t r o w u h
توٗر	t uː r
تھُج	tʰ u d͡ʒ
جاناوار	d͡ʒ aː n aː w a r
جُمعہ	d͡ʒ u m aː h
خَر	kʰ a r
خٔرِنؠ	kʰ ə r i nʲ
داہ	d aː h
درُٛے	d r u j
دَب	d̪ a b
دَے	d̪ a j
دُسَتَتھ	d u s a t a tʰ
دُنَمَتھ	d u n a m a tʰ
دُوَنٛزاہ	d u w a n z aː h
دٔنٛدٕر	d̪ ə̃ n d̪ ɨ ɾ
دٔہ	d ə h
دۄہَے	d ɔ h a j
دیٛارتھٕر	d j aː r tʰ ɨ r
دیٛارٕز	d j aː r ɨ z
رؠے	rʲ a j
ریش	r eː ʃ
ریٚے	r e j
زام	z aː m
زوٗن	z uː n
زٕتووُہ	z ɨ t oː w u h
زٲمِیہِ	z əː m i j i
زٲمی	z əː m iː
زۆن	z o n
زیٹھ	z eː ʈʰ
ساس	s aː s
سال	s aː l
سونٛتھ	s õː tʰ
سَتووُہ	s a t oː w u h
سَتَتھ	s a t a tʰ
سَتُت	s a t u t
سَداہ	s a d aː h
سَرُف	s a r u f
سُہ	s u
سٲجُو	s əː d͡ʒ u w
سۄ	s ɔ
شرٛاوُن	ʃ r aː w u n
شيٖتھ	ʃ iː tʰ
شُراہ	ʃ u ɾ a h
شُسَتَتھ	ʃ u s a t a tʰ
شُنَمَتھ	ʃ u n a m a tʰ
شُوَنٛزاہ	ʃ u w a n z aː h
شُہٲٹھ	ʃ u h əː ʈʰ
شِشُر	ʃ i ʃ u r
شۆکُروار	ʃ o k u r w aː r
شیرنی	ʃ eː r n iː
شیٹھ	ʃ eː ʈʰ
شےٚ	ʃ e
طوطہٕ	t oː t ɨ
لوو	l oː w
لَچھ	l a t͡ʃʰ
لٔڑکہٕ	l ə ɽ k ɨ
لٔڑکی	l ə ɽ k iː
لٔکٕر	l ə k ɨ ɾ
ماتامال	m aː t aː m aː l
ماسُو	m aː s u w
مالیُٛن	m aː l j u n
مام	m aː m
ماگ	m aː ɡ
موج	m oː d͡ʒ
مَرٕد	m a r ɨ d
مَنٛجہۆر	m a n d͡ʒ h o r
مَنٛگُن	m ã ɡ u n
مَگَر	m a n d͡ʒ h o r
مَہارازٕ	m a h aː r aː z ɨ
مَہاریٚنؠ	m a h aː r e nʲ
مٔچھ	m ə t͡ʃʰ
مٔہنیُٛو	m ə h n j u w
مٲج	m əː d͡ʒ
مٲش	m əː ʃ
مٲنٛش	m ə̃ː ʃ
مۄنٛگُر	m ɔ n ɡ u r
مۄنٛگٕر	m ɔ n ɡ ɨ r
مۆہنیُٛو	m o h n j u w
نانؠ	n aː nʲ
نوٗل	n uː l
نَمَتھ	n a m a tʰ
نِلٕج	n i l ɨ d͡ʒ
نٔر	n ə ɾ
نۆر	n o ɾ
نیتھٕر	n eː tʰ ɨ r
نیٚچُو	n e t͡ʃ uː w
واریُٛل	w aː r j u l
والُن	ʋ ɑː l u n
وانٛدُر	w ãː d u r
ووٗنٛٹِنؠ	w ũː ʈ i nʲ
وَنٛدٕ	w a n d ɨ
وَژھٕر	w a t͡sʰ ɨ r
وَہؠکھ	w a hʲ a kʰ
وُہ	w u h
وٲریُٛو	w əː r j u w
وۆژھ	w o t͡sʰ
ٲشِد	əː ʃ i d
پوٗتھ	p uː t̪ʰ
پوہ	p oː h
پَنٛداہ	p a n d aː h
پَنٛژاہ	p a n t͡s aː h
پٔچھِن	p ə t͡ʃ i n
پٕنٛژٕہ	p ɨ n t͡s ɨ h
پھؠرَن	pʰʲ a r a n
پھاگُن	pʰ aː ɡ u n
پۄہ	p ɔ h
پۆتھٕر	p o tʰ ɨ r
پۆنٛز	p o n z
چھِرٕ	t͡ʃ i r ɨ
ژارَو	t͡s aː r a w
ژَتجِہہ	t͡s a t d͡ʒ i h
ژَتجی	t͡s a t d͡ʒ iː
ژَکَو	t͡s a k a w
ژُسَتَتھ	t͡s u s a t a tʰ
ژُنَمَتھ	t͡s u n a m a tʰ
ژُوَنٛزاہ	t͡s u w a n z aː h
ژُہٲٹھ	t͡s u h əː ʈʰ
ژِتھٕر	t͡s i tʰ ɨ r
ژٔر	t͡s ə r
ژٔنٛدرٕوار	t͡s ə n d r ɨ w aː r
ژٕتھٕر	t͡s ɨ tʰ ɨ r
ژھاوُل	t͡sʰ aː w u l
ژھاوٕج	t͡sʰ aː w ɨ d͡ʒ
ژۄداہ	t͡s ɔ d aː h
ژۆوُہ	t͡s o w u h
کارتِکھ	k aː r t i kʰ
کانٛتُر	k ãː t u r
کانٛدُر	k ãː d u ɾ
کاہ	k aː h
کرٕٛم	k r ɨ m
کوتُر	k oː t u r
کَرور	k a r oː r
کَٹھ	k a ʈʰ
کَہہ	k a h
کُس	k u s
کِتاب	k i t aː b
کٔٹ	k ə ʈ
کٔچھوٕ	k ə t͡ʃʰ w ɨ
کٲنٛتُر	k ə̃ː t u r
کھانٛدَر	kʰ aː n d a r
کھَرَب	kʰ a r a b
کۄرور	k ɔ r oː r
کۄکُر	k ɔ k u r
کۄکٕر	k ɔ k ɨ r
کۆٹ	k o ʈ
کیُٛس	k j u s
کیٛۆم	kʲ o m
گاش	ɡ aː ʃ
گانٛٹھ	ɡ ãː ʈʰ
گاٹہٕ	ɡ aː ʈ ɨ
گرَٛد	ɡ r a d
گرٛیٚشِم	ɡ r e ʃ i m
گَرٕ	ɡ a r ɨ
گِلۂرؠ	ɡ i l h ə rʲ
گٔب	ɡ ə b
گٔنٛڈِتھ	ɡ ə̃ ɳ ɖ i t̪ʰ
گٕس	ɡ ɨ s
گٲنٛٹھ	ɡ ə̃ː ʈʰ
گۆبُر	ɡ o b u r
ہار	h aː r
ہارٕؤٹ	h aː r ɨ w ə ʈ
ہارٕواتٕج	h aː r ɨ w aː t ɨ d͡ʒ
ہانٛگُل	h ãː ɡ u l
ہاپُتھ	h aː p u tʰ
ہاپٕژ	h aː p ɨ t͡s
ہونٛک	h õː k
ہووُر	h oː w u r
ہوٗن	h uː n
ہوٗنؠ	h uː nʲ
ہوہور	h oː h oː r
ہَتھ	h a tʰ
ہَرُد	h a r u d
ہٲر	h əː r
ہۆس	h o s
ہۆست	h o s t
ۂہَر	h ə h a r
