ؠ	t aː l ɨ rʲ
ؠ	ɡ oː l j aː j u k
ؠ	ʲ
ؠ	ʲa
آ	aː
آ	m a d
آب	aː b
آزاد	aː z aː d
آسُن	aː s u n
آشَنؠ	aː ʃ a nʲ
آشێنؠ	aː ʃ e nʲ
آلَو	aː l a ʋ
آوٕسُن	ɑː ʋ ɨ s u n
آپراوُن	aː p r aː ʋ u n
آگُر	aː ɡ u ɾ
أ	a m aː l ɨ
أ	ə
أسؠ	ə sʲ
أہرُن	ə h ɾ u n
ؤری	v ə r iː
ؤری	w ə r iː
ؤٹِل	w ə ʈ i l
إ	s aː j i
إ	ɨ
ا	a
ا	aː
ا	äː
ا	ɑː
ا	ə
ا	ə l i f
ا	∅
او	oː
او	w aː w u k
اوش	oː ʃ
اوٗ	k a ʃ i w aː w u k
اوٗ	uː
اوٚبُر	o b u r
اَ	a
اَ	z a b a r
اَبساوُن	a b s aː w u n
اَبسُن	a b s u n
اَبۆد	a b o d
اَتھٕ	a tʰ ɨ
اَرزُن	a ɾ z u n
اَرژَن	a ɾ t͡s a n
اَرژُن	a ɾ t͡s u n
اَز	a z
اَز	ʌ z
اَزماوُن	a z m aː w u n
اَماپۆز	a m aː p o z
اَمب	a m b
اَنٛگریٖزؠ	a ŋ ɡ r iː zʲ
اَنٛگریٖزؠ	ã ɡ r iː zʲ
اَپُز	a p u z
اَچھُر	a t͡ʃʰ u r
اَڈُن	a ɖ u n
اَکھ	a kʰ
اَہلُن	a h l u n
اُ	p eː ʃ
اُ	u
اُردوٗ	u r d uː
اِ	i
اِ	z eː r
اِدرار	i d r ɑː r
اِنسان	i n s aː n
اِنڈِیا	i n ɖ i j aː
اۄ	l ə ʈʲ w aː w u k
اۄ	ɔ
اۄا	l ə ʈʲ w aː w u k m a d
اۄا	ɔː
اۆ	n iː m ɨ w aː w u k
اۆ	o
ای	iː
ای	k a ʃ i z eː r
ایٖمان	iː m aː n
اے	eː
اے	j aː j u k
اےٚ	e
اےٚ	kʰ iː m ɨ j aː j u k
ب	b
ب	b eː
بادام	b aː d aː m
بادَم	b aː d a m
باوُت	b ɑː w u t
بوزُن	b oː z u n
بوے	b oː j
بَرتھا	b a r tʰ aː
بَلُن	b a l u n
بَہ	b a h
بھارَت	bʰ aː r a t
بہَ	b a
بہٕ	b ɨ
بۄ	b ɔ
بیٚنہِ	b e n i
ت	t
ت	t eː
ترَٛٹھ	t r a ʈʰ
ترٕٛے	t r ɨ j
ترٛےٚ	t r e
تَتُن	t a t u n
تَرُن	t a r u n
تَگُن	t a ɡ u n
تٕژھ	t̪ ɨ t͡sʰ
تٟر	t ɨː r
تھ	tʰ
تھ	tʰ ə
تۆت	t o t
ث	s
ث	s eː
ج	d͡ʒ
ج	d͡ʒ iː m
جۆنوٗب	d͡ʒ o n uː b
ح	h
ح	h a j
خ	kʰ
خ	kʰ a j
خ	x
خاوَنٛد	kʰ aː w a n d
د	d
د	d aː l
داتھ	d aː tʰ
دارؠل	d aː rʲ a l
دارُن	d aː r u n
دانٛد	d ãː d
داہ	d ə h
دود	d̪ oː d̪
دَنٛد	d ã n d
دَکھیُٛن	d a kʰ j u n
دُکان	d u k aː n
دُکاندار	d u k aː n d aː r
دٔہ	d aː h
دٲر	d əː r
دۄد	d ɔ d
دۄہ	d ɔ h
ذ	z
ذ	z aː l
ر	r
ر	r eː
روٗد	r uː d
روٗن	r uː n
روٗگ	ɾ uː ɡ
رَب	ɾ a b
رَتھ	ɾ a t̪ʰ
رَژٕوٲنؠ	r a t͡s ɨ w əː nʲ
رِوُن	r i w u n
رٔنؠ	r ə nʲ
رٲچھ	ɾ əː t͡ʃʰ
ریشَل	r eː ʃ a l
ز	z
ز	z eː
زؠو	zʲ a w
زال	z ɑː l
زالُن	z ɑː l u n
زامتُر	z aː m t u r
زامَن	z ɑː m a n
زان	z ɑː n
زانُن	z ɑː n u n
زاگلُن	z ɑː ɡ l u n
زَبان	z a b aː n
زَرُن	z a ɾ u n
زَل	z a l
زَنان	z a n aː n
زَنٛگ	z ã ɡ
زُر	z u r
زُوُن	z u w u n
زٔنؠ	z ə nʲ
زٕ	z ɨ
زۆنٛگ	z õ ɡ
زیٖوَن	z iː ʋ a n
س	s
س	s iː n
ساوُن	s aː ʋ u n
سَبٕز	s a b ɨ z
سَتھ	s a tʰ
سَر	s a ɾ
سَرُپھ	s a r u pʰ
سَپدُن	s a p a d u n
سَپدُن	s a p d u n
سِریٖنَگَر	s i r iː n a ɡ a r
سِیاسَتھ	s i j aː s a tʰ
سۄنیٚنؠ	s ɔ n e nʲ
سۆنؠ	s o nʲ
ش	ʃ
ش	ʃ iː n
شال	ʃ aː l
شوگہٕ	ʃ oː ɡ ɨ
شُر	ʃ u r
شُمال	ʃ u m aː l
شُپ	ʃ u p
شٲج	ʃ əː d͡ʒ
شیر	ʃ eː r
ص	s
ص	s ɔː d
صِفَر	s i f a r
ض	z
ض	z ɔː d
ط	t
ط	t ɔ j
ظ	z
ظ	z ɔ j
ع	əː n
غ	ɡ
غ	ɡ əː n
ـاَل	a l
ـاُل	u l
ف	f
ف	f eː
ف	pʰ
ق	k
ق	k aː f
ل	l
ل	l aː m
لؠو	lʲ a w
لؠوان	lʲ a v aː n
لؠوان	lʲ a w aː n
م	m
م	m iː m
ماس	m aː s
مامَنؠ	m aː m a nʲ
مول	m oː l
مَرُن	m a r u n
مَشرِق	m a ʃ r i k
مَغرِب	m a ɡ r i b
مٕتھٕر	m ɨ tʰ ɨ r
ن	n
ن	n uː n
ن	◌̃
ناو	n ɑː ʋ
ناوُت	n ɑː w u t
ناوٕتؠ	n ɑː w ɨ tʲ
نَب	n a b
نَتہٕ	n a t ɨ
نَشُن	n a ʃ u n
نَنُن	n a n u n
نَو	n a w
نۄش	n ɔ ʃ
و	oː
و	w
و	w aː w
واتُن	ʋ aː t u n
وان	w aː n
وانٛگُن	w ãː ɡ u n
ووٗنٛٹ	w ũː ʈ
وَدُن	ʋ a d u n
وُشُن	w u ʃ u n
وۄتُر	w ɔ t u r
ویٖر	ʋ iː ɾ
َ	a
َ	z a b a r
ُ	p eː ʃ
ُ	u
ِ	i
ِ	z eː r
ٔ	a m aː l ɨ
ٔ	ə
ٕ	s aː j i
ٕ	ɨ
ٟ	s aː j i m a d
ٟ	ɨː
ٲ	a m aː l ɨ m a d
ٲ	əː
ٲس	əː s
ٲشٕژ	əː ʃ ɨ t͡s
ٲٹھ	əː ʈʰ
ٲڈراوُن	əː ɖ ɾ aː w u n
ٲڈرُن	əː ɖ ɾ u n
ٳ	s aː j i m a d
ٳ	ɨː
ٹ	ʈ
ٹ	ʈ eː
ٹھ	ʈʰ
ٹھ	ʈʰ ə
ٹۄپھ	ʈ ɔ pʰ
پ	p
پ	p eː
پانٛژھ	p ãː t͡sʰ
پرَٛکٕرٲن	p r a k ɨ r əː n
پرٛاگ	p r aː ɡ
پوش	p oː ʃ
پونؠ	p oː nʲ
پوٗر	p uː r
پوٗرُن	p uː ɾ u n
پَدٕکرٛٲم	p a d ɨ k r əː m
پَرُن	p a r u n
پَرکھٲے	p a ɾ kʰ əː j
پَمپوش	p a m p oː ʃ
پَنٛجاب	p a n d͡ʒ aː b
پَنٛجٲبؠ	p a n d͡ʒ əː bʲ
پَچھِم	p a t͡ʃʰ i m
پَچھیُٛم	p a t͡ʃʰ j u m
پِشُل	p i ʃ u l
پٲنٛژھ	p ə̃ː t͡sʰ
پٲکِستان	p əː k i s t aː n
پھ	pʰ
پھ	pʰ ə
پھَش	pʰ a ʃ
پھَکھ	pʰ a kʰ
پھۆل	pʰ o l
پۄپھ	p ɔ pʰ
پۄپھُو	p ɔ pʰ u w
پۆز	p o z
پیٔتٕر	p j ə t ɨ r
پیٖن	p iː n
پیٚشاب	p e ʃ ɑː b
پیٚچھَنؠ	p e t͡ʃʰ a nʲ
پیٛۆل	pʲ o l
چ	t͡ʃ
چ	t͡ʃ iː m
چھ	t͡ʃʰ
چھ	t͡ʃʰ ə
چھَلُن	t͡ʃʰ a l u n
چھَکُن	t͡ʃʰ a k u n
چھَکھ	t ʃʰ a kʰ
چھُ	t ʃʰ u
چھُکھ	t͡ʃ u k
ڈ	ɖ
ڈ	ɖ aː l
ڈَبہٕ	ɖ a b ɨ
ڈَل	ɖ a l
ڑ	ɽ
ڑ	ɽ eː
ژ	t͡s
ژ	t͡s eː
ژؠل	t͡sʲ a l
ژارُن	t͡s aː r u n
ژور	t͡s oː r
ژوٗنٛٹھ	t͡s ũː ʈʰ
ژَٹُن	t͡s a ʈ u n
ژٕ	t͡s ɨ
ژھ	t͡sʰ
ژھ	t͡sʰ ə
ژھانٛڈُن	t͡sʰ ãː ɖ u n
ژھۄپٕہ	t͡sʰ ɔ p ɨ
ژیر	t͡s eː r
ک	k
ک	k iː f
کانٛدُر	k ãː d u r
کوشُر	k oː ʃ u r
کوٗر	k uː r
کَتھ	k a tʰ
کَرُن	k a r u n
کَن	k a n
کَژھ	k a t͡sʰ
کُل	k u l
کُکِل	k u k i l
کٔشیٖر	k ə ʃ iː r
کٲشُر	k əː ʃ u r
کٲم	k əː m
کھ	kʰ
کھ	kʰ ə
کھوژُن	kʰ oː t͡s u n
کھوژٕناوُن	kʰ oː t͡s ɨ n ɑː ʋ u n
کھۄر	kʰ ɔ ɾ
کھیٛۆن	kʰ j o n
کۄلَے	k ɔ l a j
کۄہ	k ɔ h
کۆرمُت	k o r m u t
کۆہ	k o h
کیلہٕ	k eː l ɨ
گ	ɡ
گ	ɡ aː f
گام	ɡ aː m
گاٹُل	ɡ aː ʈ u l
گاٹٕج	ɡ aː ʈ ɨ d͡ʒ
گاٹٕلؠ	ɡ aː ʈ ɨ lʲ
گَرواجیٚنؠ	ɡ a r w aː d͡ʒ e nʲ
گَروول	ɡ a r w oː l
گَرُن	ɡ a r u n
گَژھُن	ɡ a t͡sʰ u n
گَگُر	ɡ a ɡ u r
گُر	ɡ u r
گُل	ɡ u l
گُپُن	ɡ u p u n
گٔر	ɡ ə r
ں	n uː n ɡ ɔ n aː
ں	◌̃
ہ	h
ہ	h eː
ہَش	h a ʃ
ہِندوستان	h i n d oː s t aː n
ہِندی	h i n d iː
ہِہُر	h i h u r
ہیُٛہُر	h j u h u r
ہیٚچھُن	h e t͡ʃʰ u n
ۄ	l ə ʈʲ w aː w u k
ۄ	ɔ
ی	iː
ی	j
ی	l ɔ k u ʈ j eː
یہِ	j i
یۆد	y o d
ے	b o ɖ j eː
ے	eː
ے	j
