абажур	a b a ʒ u r
абайлау	ɑ b ɑ j ɫ ɑ w
абак	ɐ b a k
аббревиатура	ɐ b rʲ ɪ vʲ ɪ ɐ t u r ə
абдикация	ɐ b dʲ ɪ k a t͡s ɨ j ə
абдоминопластика	ɐ b d ə mʲ ɪ n ɐ p ɫ a sʲ tʲ ɪ k ə
абиссаль	ɐ bʲ ɪ s a lʲ
абонемент	ɐ b ə nʲ ɪ mʲ e n t
абонент	ɐ b ɐ nʲ e n t
абсолют	ɐ p s ɐ lʲ u t
абсолютизм	ɐ p s ə lʲ ʉ tʲ i z m
абстракция	ɐ b s t r a k t͡s ɨ j ə
авангард	ɐ v ɐ n ɡ a r d
аванс	ɐ v a n s
авиация	ɐ vʲ ɪ a t͡s ɨ ɪ̯ ə
автономия	ɐ f t ɐ n o mʲ ɪ j ə
автономиялы	ɐ f t ɐ n ə mʲ ɪ j ə l ə
автономиялық	ɐ f t ɐ n ə mʲ ɪ j ə l ə q
автоспорт	a f t ɐ s p o r t
агава	ɐ ɡ a v ə
аденозин	ɐ d ɛ n ɐ zʲ i n
адрон	ɐ d r o n
ажал	ɑ ʒ ɑ ɫ
азамат	ɑ z ɑ m ɑ t
азшылық	ɑ s ʃ ɯ ɫ ɯ q
айтыс	ɑ j t ə s
айыр	ɑ j ɯ r
академизм	ɐ k ə dʲ ɪ mʲ i z m
академик	ɐ k ɐ dʲ e mʲ ɪ k
акварель	ɐ k v ɐ rʲ e lʲ
акварельші	ɐ k v ɐ rʲ e lʲ ʃ i
аквариум	ɐ k v a rʲ ɪ ʊ m
аккордеон	ɐ k ə r dʲ ɪ o n
аккредитив	ɐ k rʲ ɪ dʲ ɪ tʲ i f
аккумулятор	ɐ k ʊ m ʊ lʲ a t ə r
акриламид	ɐ k rʲ ɪ l ɐ mʲ i d
акробатика	ɐ k r ɐ b a tʲ ɪ k ə
алақан	ɑ ɫ ɑ q ɑ n
алаң	ɑ ɫ ɑ ŋ
албания	ɐ l b a nʲ ɪ j ə
алгебра	a l ɡʲ ɪ b r ə
алгоритм	ɐ l ɡ ɐ rʲ i t m
алкалоид	a l k ɐ l o ɪ d
алкин	ɐ l kʲ i n
алкоголь	ɐ ɫ k ɐ ɡ o lʲ
аллергия	ɐ lʲ ɪ r ɡʲ i ɪ̯ ə
аллотропия	ɐ l ɐ t r o pʲ ɪ j ə
алматы	ɑ ɫ m ɑ t ə
алпразолам	ɐ ɫ p r ə z ɐ ɫ a m
алты	ɑ ɫ t ə
алушы	ɑ ɫ ʊ w ʃ ɯ
алхамдулилла	a l x a m d ʊ w lʲ ɪ l ɑː
альдегид	ɐ lʲ d ɨ ɡʲ i d
альпинизм	ɐ lʲ pʲ ɪ nʲ i z m
альтруизм	ɐ lʲ t r ʊ i z m
альянс	ɐ lʲ j a n s
алюминий	ɐ lʲ ʉ mʲ i nʲ ɪ j
алғашқы	ɑ ɫ ɣ ɑ ʃ q ɯ
алғытөлем	ɐ v a n s
аммиак	ɐ mʲ ɪ a k
анатомия	ɐ n ɐ t o mʲ ɪ ɪ̯ ə
ангидрид	ɐ n ɡʲ ɪ d rʲ i d
ант	ɑ n t
антенна	ɐ n t ɛ n ə
антибиотик	ɐ nʲ tʲ ɪ bʲ ɪ o tʲ ɪ k
антикоммунизм	a nʲ tʲ ɪ k ə m ʊ nʲ i z m
антиоксидант	a nʲ tʲ ɪ ə k sʲ ɪ d a n t
антипризма	ɐ nʲ tʲ ɪ p rʲ i z m ə
антисептик	ɐ nʲ tʲ ɪ s ɛ p tʲ ɪ k
антифриз	ɐ nʲ tʲ ɪ f rʲ i z
антициклон	a nʲ tʲ ɪ t͡s ɨ k l o n
антрополог	ɐ n t r ɐ p o ɫ ə ɡ
антропология	ɐ n t r ə p ɐ l o ɡʲ ɪ j ə
антропологиялық	ɐ n t r ə p ɐ l o ɡʲ ɪ j ə l ə q
антропометрия	ɐ n t r ə p ɐ mʲ e t rʲ ɪ ɪ̯ ə
апельсин	ɐ pʲ ɪ lʲ sʲ i n
арамшөп	ɑ r ɑ m ʃ ø p
арба	ɐ r b a
арбалет	ɐ r b ɐ lʲ e t
аргентина	ɐ r ɡʲ ɪ nʲ tʲ i n ə
арккосинус	ɐ r k k o sʲ ɪ n ʊ s
арккотангенс	ɐ r k k ɐ t a n ɡʲ ɪ n s
арксеканс	ɐ r k s ɛ k ə n s
арксинус	ɐ r k sʲ i n ʊ s
арктангенс	ɐ r k t a n ɡʲ ɪ n s
арпеджио	ɐ r pʲ e d͡ʒ ɨ o
арфа	a r f ə
археология	ɐ r xʲ ɪ ɐ ɫ o ɡʲ ɪ ɪ̯ ə
аскөк	ɑ s k ø k
аспап	ɑ s p ɑ p
ассалаумағалейкум	a s ɐ l a w m a ʕ ə lʲ e j k ʊ w m
ассалаумағалейкүм	a s ɐ l a w m a ʕ ə lʲ e j k ʉ m
ассамблея	ɐ s ɐ m b lʲ e j ə
ассимиляция	ɐ sʲ ɪ mʲ ɪ lʲ a t͡s ɨ ɪ̯ ə
ассонанс	ɐ s ɐ n a n s
ассоциация	ɐ s ə t͡s ɨ a t͡s ɨ j ə
астроном	ɐ s t r ɐ n o m
атавизм	ɐ t ɐ vʲ i z m
атаксия	ɐ t ɐ k sʲ i j ə
атлас	a t l ə s
атропин	ɐ t r ɐ pʲ i n
аттестат	ɐ tʲ ɪ s t a t
аудармашы	ɑ w d ɑ r m ɑ ʃ ɯ
аура	a ʊ r ə
ауру	ɑ w r ʊ w
аустенит	ɐ ʊ s t ɛ nʲ i t
аутизм	ɐ ʊ tʲ i z m
ауыл	ɑ w ɯ ɫ
ацетилен	ɐ t͡s ɨ tʲ ɪ lʲ e n
аштық	ɑ ʃ t ɯ q
ашу	ɑ ʃ ʊ w
аяз	ɑ j ɑ z
ақиқат	ɑ q ɯ j q ɑ t
базальт	b ɐ z a lʲ t
байдарка	b ɐ j d a r k ə
байқоңыр	b ɑ j q o ŋ ɯ r
бактерия	b ɐ k tʲ e rʲ ɪ j ə
балабақша	b ɑ ɫ ɑ b ɑ q ʃ ɑ
балапан	b ɑ ɫ ɑ p ɑ n
банда	b a n d ə
банк	b a n k
банкет	b ɐ n kʲ e t
банкнот	b ɐ n k n o t
барбадос	b ɐ r b a d ə s
бармен	b ɐ r mʲ e n
баскетбол	b ə s kʲ ɪ d b o l
батарея	b ə t ɐ rʲ e j ə
бауырмалдық	b ɑ w ʊ r m ɑ ɫ d ɯ q
бахрейн	b ɐ x rʲ e j n
бағбан	b ɑ ɣ b ɑ n
бағдарламалық	b ɑ ɣ d ɑ r ɫ ɑ m ɑ ɫ ɯ q
бағдаршам	b ɑ ɣ d ɑ r ʃ ɑ m
бақташы	b ɑ q t ɑ ʃ ɯ
бегемот	bʲ ɪ ɡʲ ɪ m o t
беде	b e d e
бейсбол	bʲ ɪ j z b o l
бейәдеби	b e j æ d e b ɘ j
беккерель	bʲ ɪ kʲ ɪ r ɛ lʲ
берет	bʲ ɪ rʲ e t
бериллий	bʲ ɪ rʲ i lʲ ɪ j
бес	bʲ e s
бетон	bʲ ɪ t o n
бидай	b ɪ j d ɑ j
бие	bʲ i j e̞
бикини	bʲ ɪ kʲ i nʲ ɪ
биогеография	bʲ i ə ɡʲ ɪ ɐ ɡ r a fʲ ɪ ɪ̯ ə
биология	bʲ ɪ ɐ ɫ o ɡʲ ɪ ɪ̯ ə
бихевиоризм	bʲ ɪ xʲ ɪ vʲ ɪ ɐ rʲ i z m
бланк	b l a n k
боран	b o r ɑ n
бос	b o s
бригадир	b rʲ ɪ ɡ ɐ dʲ i r
бруней	b r ʊ nʲ e j
бульдозер	b ʊ lʲ d o zʲ ɪ r
буржуазия	b ʊ r ʒ ʊ ɐ zʲ i j ə
бутерброд	b ʊ t ɨ r b r o d
бухгалтерия	b ʊ ɣ ɐ ɫ tʲ e rʲ ɪ ɪ̯ ə
бюретка	bʲ ʉ rʲ e t k ə
бюро	bʲ ʊ r o
бюрократ	bʲ ʊ r ɐ k r a t
бұлбұл	b ʊ ɫ b ʊ ɫ
бұта	b ʊ t ɑ
бөлшек	b ø l ʃ ø k
бөлік	b ø l ʏ k
вакуоль	v ə k ʊ o lʲ
вакцина	v ɐ k t͡s ɨ n ə
вакцинация	v ə k t͡s ɨ n a t͡s ɨ j ə
валторна	v ɐ l t o r n ə
ватт	v a t
вебер	vʲ e bʲ ɪ r
ведомство	vʲ e d ə m s t v ə
вексель	vʲ e k sʲ ɪ lʲ
вектор	vʲ e k t o r
велоспорт	vʲ ɪ l ɐ s p o r t
вермишель	vʲ ɪ r mʲ ɪ ʂ ɛ lʲ
вирус	vʲ i r ʊ s
вирусология	vʲ ɪ r ʊ s ɐ l o ɡʲ ɪ j ə
виски	vʲ i s kʲ ɪ
волейбол	v ə lʲ ɪ j b o l
вотум	v o t ʊ m
гадолиний	ɡ ə d ɐ lʲ i nʲ ɪ j
газет	ɡ ɐ zʲ e t
галактика	ɡ ɐ l a k tʲ ɪ k ə
галерея	ɡ ə lʲ ɪ rʲ e j ə
галоген	ɡ ə l ɐ ɡʲ e n
галстук	ɡ a ɫ s t ʊ k
гангрена	ɡ ɐ n ɡ rʲ e n ə
гардероб	ɡ ə r dʲ ɪ r o b
гафний	ɡ a f nʲ ɪ j
гватемала	ɡ v ə t ɨ m a l ə
гемоглобин	ɡʲ ɪ m ə ɡ l ɐ bʲ i n
генерал	ɡ ɛ n ɛ r a ɫ
генетика	ɡʲ ɪ n ɛ tʲ ɪ k ə
геном	ɡʲ ɪ n o m
генри	ɡʲ e n rʲ ɪ
геодезия	ɡʲ ɪ ɐ d ɛ zʲ ɪ j ə
геоморфология	ɡʲ e ə m ə r f ɐ ɫ o ɡʲ ɪ ɪ̯ ə
германий	ɡʲ ɪ r m a nʲ ɪ j
героин	ɡʲ ɪ r ɐ i n
герц	ɡʲ e r t͡s
гигиена	ɡʲ ɪ ɡʲ ɪ j e n ə
гидравлика	ɡʲ ɪ d r a v lʲ ɪ k ə
гидрид	ɡʲ ɪ d rʲ i t
гидрография	ɡʲ ɪ d r ɐ ɡ r a fʲ ɪ ɪ̯ ə
гидроксид	ɡʲ ɪ d r ɐ k sʲ i d
гидролиз	ɡʲ ɪ d r o lʲ ɪ z
гидромеханика	ɡʲ i d r ə mʲ ɪ x a nʲ ɪ k ə
гимнаст	ɡʲ ɪ m n a s t
гипербола	ɡʲ ɪ pʲ e r b ə l ə
гипертония	ɡʲ ɪ pʲ ɪ r t ɐ nʲ i j ə
гипноз	ɡʲ ɪ p n o z
гистамин	ɡʲ ɪ s t ɐ mʲ i n
гистология	ɡʲ ɪ s t ɐ l o ɡʲ ɪ j ə
гликоген	ɡ lʲ ɪ k ɐ ɡʲ e n
глицерин	ɡ lʲ ɪ t͡s ɨ rʲ i n
глобус	ɡ ɫ o b ʊ s
глюкагон	ɡ lʲ ʊ k ɐ ɡ o n
глюкоза	ɡ lʲ ʊ k o z ə
глюкокортикоид	mʲ ɪ nʲ ɪ r a ɫ ə k ə r tʲ ɪ k o ɪ d
глюконеогенез	ɡ lʲ ʊ k ə nʲ ɪ ə ɡʲ ɪ nʲ e s
гном	ɡ n o m
гну	ɡ n u
гоблин	ɡ o b lʲ ɪ n
годограф	ɡ ɐ d o ɡ r ə f
градус	ɡ r a d ʊ s
грамматика	ɡ r ɐ m a tʲ ɪ k ə
гранит	ɡ r ɐ nʲ i t
грант	ɡ r a n t
граффити	ɡ r ɐ fʲ i tʲ ɪ
гроссмейстер	ɡ r ɐ s mʲ e j sʲ tʲ ɪ r
губка	ɡ u p k ə
гүл	ɡ ʏ l
дармштадтий	d ɐ r m ʃ t a tʲː ɪ j
даршын	d ɑ r ʃ ɯ n
дауыл	d ɑ w ʊ ɫ
дағдарыс	d ɑ ɣ d ɑ r ɯ s
дағдарыссыз	d ɑ ɣ d ɑ r ɯ s s ɯ z
дебютант	dʲ ɪ bʲ ʊ t a n t
декларация	dʲ ɪ k l ɐ r a t͡s ɨ j ə
делегация	dʲ ɪ lʲ ɪ ɡ a t͡s ɨ ɪ̯ ə
демократия	dʲ ɪ m ɐ k r a tʲ ɪ ɪ̯ ə
деонтология	d ɛ ə n t ɐ ɫ o ɡʲ ɪ ɪ̯ ə
департамент	dʲ ɪ p ɐ r t a mʲ ɪ n t
депо	dʲ ɪ p o
диагональ	dʲ ɪ ə ɡ ɐ n a lʲ
диалектика	dʲ ɪ ɐ lʲ e k tʲ ɪ k ə
диамагнетизм	dʲ i ə m ə ɡ nʲ ɪ tʲ i z m
диахрония	dʲ ɪ ə x r ɐ nʲ i ɪ̯ ə
дизайн	dʲ ɪ z a j n
дизентерия	dʲ ɪ zʲ ɪ nʲ tʲ ɪ rʲ i j ə
диктатор	dʲ ɪ k t a t ə r
диктатура	dʲ ɪ k t ɐ t u r ə
динозавр	d i n ɔ z a w̜ r
директор	dʲ ɪ rʲ e k t ə r
дирижабль	dʲ ɪ rʲ ɪ ʒ a b lʲ
дискотека	dʲ ɪ s k ɐ tʲ e k ə
диспансер	dʲ ɪ s p ɐ n s ɛ r
дисплей	dʲ ɪ s p l ɛ j
диссертация	dʲ ɪ sʲ ɪ r t a t͡s ɨ j ə
дифтерия	dʲ ɪ f tʲ ɪ rʲ i j ə
дифференциал	dʲ ɪ fʲ ɪ rʲ ɪ n t͡s ɨ a ɫ
диффузия	dʲ ɪ f u zʲ ɪ j ə
домна	d o m n ə
драма	d r a m ə
драматург	d r ə m ɐ t u r k
драматургия	d r ə m ə t ʊ r ɡʲ i ɪ̯ ə
дубляж	d ʊ b lʲ a ʒ
дубний	d u b nʲ ɪ j
дүкен	d ʏ k ø n
дүниежүзілік	d y n y jː e ʒ y z y l ɪ k
дүниетаным	d ʉ n ɨ j e t ɐ n ɯ m
дұрыс	d ʊ r ʊ s
дұшпан	d ʊ ʃ p ɑ n
дұға	d ʊ ɣ ɑ
дәмқосар	d æ m q o s ɑ r
дәрі	d æ r ɪ
дөң	d ø ŋ
е	ʲɛ
ежелгі	j e ʒ e l ɡ ɘ
елорда	j e l o r d ɑ
емдеу	j e m d e w
емле	j e m l e
ему	j e m ʉ w
емхана	j e m x ɑ n ɑ
ертегі	j e r t e ɡ ɘ
ертек	j e r t e k
ешкім	j e ʃ k ɘ m
ешқашан	j e ʃ q ɑ ʃ ɑ n
ж	d ʒ
жаман	d͡ʒ ɑ m ɑ n
жаман	ʒ ɑ m ɑ n
жантану	d ʒ ɑ n t ɑ n ʊ w
жапалақ	ʒ ɑ p ɑ ɫ ɑ q
жарық	ʒ ɑ r ɯ q
жасуша	ʒ ɑ s ʊ w ʃ ɑ
жатақхана	ʒ ɑ t ɑ q χ ɑ n ɑ
жауынгер	ʒ ɑ w ʊ ŋ ɡʲ e r
жағдай	ʒ ɑ ɣ d ɑ j
жақсы	ʑ æ χ s ə
жел	ʒ e l
желтоқсан	ʒ e l t o q s a n
жеті	ʒ e t i
жеңуші	ʒ e ŋ ʏ w ʃ ɘ
жеңіліс	ʒ e ŋ ɘ l ɘ s
жеңімпаз	ʒ e ŋ ɘ m p ɑ z
жеңіскер	ʒ e ŋ ɘ s kʲ e r
жолаушы	ʒ o ɫ ɑ w ʃ ɯ
жолбарыс	ʒ o l b ɑ ɾ ɯ s
жохан	ʒ ɔ x a n
журналистика	d ʒ ʊ r n ɐ lʲ i sʲ tʲ ɪ k ə
жуырда	ʒ ʊ w ʊ r d ɑ
жылау	ʒ ɯ ɫ ɑ w
жылдық	ʒ ɯ ɫ d ɯ q
жыныс	ʒ ɯ n ɯ s
жүн	ʒ ʏ n
жұдырық	ʒ ʊ d ʊ r ɯ q
жұту	ʒ ʊ t ʊ w
запас	z ɐ p a s
заңгер	z ɑ ŋ ɡʲ e r
заңнама	z a ŋ n ə m a
заңсыз	z ɑ ŋ s ɯ z
заңсыздық	z ɑ ŋ s ɯ z d ɯ q
зейнетақы	zʲ e j nʲ e t ɑ q ɯ
зейнеткер	zʲ e j nʲ e t kʲ e r
зергер	zʲ e r ɡʲ e r
зерттеуші	zʲ e r tː e w ʃ ɘ
зертхана	zʲ e r t x ɑ n ɑ
зертханалық	zʲ e r t x ɑ n ɑ ɫ ɯ q
зертханашы	zʲ e r t x ɑ n ɑ ʃ ɯ
зиверт	zʲ i vʲ ɪ r t
зимбабве	zʲ ɪ m b a b v ɛ
зор	z o r
идеология	ɪ dʲ ɪ ɐ ɫ o ɡʲ ɪ j ə
идиллия	ɪ dʲ i lʲ ɪ j ə
изоморфизм	ɪ z ə m ɐ r fʲ i z m
иммунитет	ɪ m ʊ nʲ ɪ tʲ e t
импеданс	ɪ m pʲ ɪ d a n s
император	ɪ m pʲ ɪ r a t ə r
империализм	ɪ m pʲ ɪ rʲ ɪ ɐ lʲ i z m
импрессионизм	ɪ m p rʲ ɪ sʲ ɪ ɐ nʲ i z m
импульс	i m p ʊ lʲ s
индоссамент	ɪ n d ə s ɐ mʲ e n t
инженер	ɪ n ʒ ɨ nʲ e r
инновация	ɪ nː ɐ v a t͡s ɨ j ə
интеграл	ɪ n t ɨ ɡ r a l
интеллигенция	ɪ nʲ tʲ ɪ lʲ ɪ ɡʲ e n t͡s ɨ j ə
интернационализм	ɪ n t ɨ r n ə t͡s ɨ ə n ɐ lʲ i z m
интерполяция	ɪ n t ɛ r p ɐ lʲ a t͡s ɨ ɪ̯ ə
интерфейс	ɪ n t ɨ r fʲ e j s
интерферон	ɪ n t ɨ r fʲ ɪ r o n
инфляция	ɪ n f lʲ a t͡s ɨ j ə
ипотека	ɪ p ɐ tʲ e k ə
ислам	ɪ s l a m
исландия	ɪ s l a nʲ dʲ ɪ j ə
испания	ɪ s p a nʲ ɪ j ə
итбалық	ɘ j t b ɑ ɫ ɯ q
кабак	k ɐ b a k
калька	k a lʲ k ə
кальмар	k ɑ l m ɑ r
кальцит	k ɐ lʲ t͡s ɨ t
камфара	k ə m f ɐ r a
камфора	k a m f ə r ə
канада	k ɐ n a d ə
кандела	k ɐ n d ɛ l ə
каноэ	k ɐ n o ɛ
капитал	k ə pʲ ɪ t a l
карамель	k ə r ɐ mʲ e lʲ
карнавал	k ə r n ɐ v a ɫ
карта	k a r t ə
картель	k ɐ r t ɛ lʲ
картечь	k ɐ r tʲ e t͡ɕ
картография	k ə r t ɐ ɡ r a fʲ ɪ j ə
картоп	k ɑ r t o p
катал	k ɐ t a l
католик	k ɐ t o lʲ ɪ k
кахексия	k ə xʲ ɪ k sʲ i ɪ̯ ə
каюта	k ɐ j u t ə
квадрант	k v ɐ d r a n t
кедейлік	kʲ e d e j l ɘ k
келу	kʰʲ e l ʉ w
кельвин	kʲ e lʲ vʲ ɪ n
келісім	kʲ e l ɘ s ɘ m
кеміру	kʲ e m ɘ r ʏ w
кесене	kʲ e sʲ e nʲ e
кету	kʰʲ e t ʉ w
кешіру	kʲ e ʃ ɘ r ʏ w
кең	kʲ e ŋ
кинетика	kʲ ɪ n ɛ tʲ ɪ k ə
кинокартина	kʲ ɪ n ə k ɐ r tʲ i n ə
кинотеатр	kʲ ɪ n ə tʲ ɪ a t r
кисель	kʲ ɪ sʲ e lʲ
кию	kʰ i j ʉ w
киім	k ɪ j ɪ m
классика	k l a sʲ ɪ k ə
классицизм	k ɫ ə sʲ ɪ t͡s ɨ z m
климатология	k lʲ ɪ m ə t ɐ l o ɡʲ ɪ j ə
кодекс	k o d ɨ k s
комбайн	k ɐ m b a ɪ̯ n
комедия	k ɐ mʲ e dʲ ɪ j ə
комиссар	k ə mʲ ɪ s a r
комитет	k ə mʲ ɪ tʲ e t
коммунизм	k ə m ʊ nʲ i z m
коммунист	k ə m ʊ nʲ i s t
компьютер	k ɐ m p j u t ɨ r
конвейер	k ɐ n vʲ e ɪ r
конверсия	k ɐ n vʲ e r sʲ ɪ ɪ̯ ə
конгломерат	k ə n ɡ ɫ ə mʲ ɪ r a t
конкур	k ɐ n k u r
консалтинг	k ɐ n s a ɫ tʲ ɪ n k
консорциум	k ɐ n s o r t͡s ɨ ʊ m
конституция	k ə n sʲ tʲ ɪ t u t͡s ɨ j ə
конструктивизм	k ə n s t r ʊ k tʲ ɪ vʲ i z m
контейнер	k ɐ n t ɛ j nʲ ɪ r
континуум	k ɐ nʲ tʲ i n ʊ ʊ m
контрреволюционер	k o n t rʲː ɪ v ə lʲ ʊ t͡s ɨ ɐ nʲ e r
конференция	k ə n fʲ ɪ rʲ e n t͡s ɨ ɪ̯ ə
конфигурация	k ə n fʲ ɪ ɡ ʊ r a t͡s ɨ j ə
копенгаген	k ə pʲ ɪ n ɡ a ɡʲ ɪ n
корея	k ɐ rʲ e j ə
косеканс	k ɐ s ɛ k ə n s
косинус	k o sʲ i n ʊ s
космополитизм	k ə s m ə p ə lʲ ɪ tʲ i z m
котангенс	k ɐ t a n ɡʲ ɪ n s
коэффициент	k ə ɪ fʲ ɪ t͡s ɨ ɛ n t
кредит	k rʲ e dʲ ɪ t
кремний	k rʲ e m nʲ ɪ j
креп	k rʲ e p
криминалистика	k rʲ ɪ mʲ ɪ n ɐ lʲ i sʲ tʲ ɪ k ə
криптон	k rʲ ɪ p t o n
кристаллография	k rʲ ɪ s t ə ɫ ɐ ɡ r a fʲ ɪ ɪ̯ ə
ксенофобия	k sʲ ɪ n ɐ f o bʲ ɪ j ə
ксилофон	k sʲ ɪ l ɐ f o n
куба	k u b ə
кувейт	k ʊ vʲ e j t
культуризм	k ʊ lʲ t ʊ rʲ i z m
купон	k ʊ p o n
кір	k ɘ r
кісі	kʰ ɘ s ɘ
кітап	k t ɑ p
кітапхана	kʰ t ɑ p χ ɑ n ɑ
кішкентай	k ɘ ʃ kʲ e n t ɑ j
күйсандық	k ʏ j s ɑ n d ɯ q
күкірт	k ʉ k i r t
күнбағыс	k ʏ n b ɑ ɣ ɯ s
күнделік	k ʏ n d e l ɘ k
күнәкар	k y n æ k ɑ r
күнәһар	k y n æ h ɑ r
күшән	k ʉ ʃ æ n
кәмпит	k æ m p ɘ j t
көйлек	k ø j l ø k
көк	k ø k
көкек	k ø k ø k
көкекшөп	k ø k ø k ʃ ø p
көмек	k ø m ø k
көмекші	k ø m ø k ʃ ɘ
көрме	k ø r m ø
көтеру	k ø t e r ʏ w
көтерілісші	k ø tʲ e r ɪ l ɪ s ʃ ɪ
лагуна	ɫ ɐ ɡ u n ə
ландшафт	l ɐ n ʃ a f t
лексикография	lʲ ɪ k sʲ ɪ k ɐ ɡ r a fʲ ɪ j ə
лемниската	lʲ ɪ m nʲ ɪ s k a t ə
лемур	lʲ ɪ m u r
либерализм	lʲ ɪ bʲ ɪ r ɐ lʲ i z m
ливерморий	lʲ ɪ vʲ ɪ r m o rʲ ɪ j
ликёр	lʲ ɪ kʲ ɵ r
лимон	lʲ ɪ m o n
лимонен	lʲ ɪ m ɐ n ɛ n
лимфоцит	lʲ ɪ m f ɐ t͡s ɨ t
лингвистика	lʲ ɪ n ɡ vʲ i sʲ tʲ ɪ k ə
линолеум	lʲ ɪ n o lʲ ɪ ʊ m
лихтенштейн	lʲ ɪ x t ɨ n ʃ t ɛ j n
лицензия	lʲ ɪ t͡s ɛ nʲ zʲ ɪ j ə
логика	ɫ o ɡʲ ɪ k ə
логистика	ɫ ɐ ɡʲ i sʲ tʲ ɪ k ə
логос	ɫ o ɡ ə s
лори	ɫ o rʲ ɪ
лоуренсий	l ə ʊ rʲ e n sʲ ɪ j
люкс	lʲ u k s
люксембург	lʲ ʊ k sʲ ɪ m b u r ɡ
люмен	lʲ ʉ mʲ ɪ n
лютеций	lʲ ʊ t ɛ t͡s ɨ j
лютня	lʲ ʉ tʲ nʲ ə
мавритания	m ə v rʲ ɪ t a nʲ ɪ j ə
магма	m a ɡ m ə
магний	m a ɡ nʲ ɪ j
мадагаскар	m ə d ə ɡ ɐ s k a r
май	m a j
маймыл	m ɑ j m ɯ ɫ
майонез	m ɐ j ɔ n ɛ z
макака	m ɐ k a k ə
макияж	m ə kʲ ɪ j a ʒ
малшы	m ɑ ɫ ʃ ɯ
мамыр	m a m ɯ r
марафон	m ə r ɐ f o n
маржан	m ɑ r ʒ ɑ n
марихуана	m ə rʲ ɪ x ʊ a n ə
маршал	m a r ʃ ə ɫ
маскарад	m ə s k ɐ r a d
мата	m ɑ t ɑ
матай	m a t a j
матбуғат	m ɑ t b u ʁ ɑ t
математик	m ə tʲ ɪ m a tʲ ɪ k
математика	m ə tʲ ɪ m a tʲ ɪ k ə
материализм	m ə tʲ ɪ rʲ ɪ ɐ lʲ i z m
махаббат	m ɑ x ɑ b b ɑ t
мағына	m ɑ ɣ ɯ n ɑ
маңызды	m ɑ ŋ ɯ z d ɯ
медаль	mʲ ɪ d a lʲ
медицина	mʲ ɪ dʲ ɪ t͡s ɨ n ə
мезон	mʲ ɪ z o n
мейоз	mʲ ɪ j ɵ s
мейрамхана	mʲ e j r ɑ m x ɑ n ɑ
мейтнерий	mʲ ɪ j tʲ nʲ e rʲ ɪ j
меланезия	mʲ ɪ ɫ ɐ nʲ e zʲ ɪ j ə
метастаз	mʲ ɪ t ɐ s t a z
метафизика	mʲ ɪ t ɐ fʲ i zʲ ɪ k ə
метеорология	mʲ ɪ tʲ ɪ ə r ɐ l o ɡʲ ɪ j ə
микроавтобус	mʲ i k r ɐ ɐ f t o b ʊ s
микроскоп	mʲ ɪ k r ɐ s k o p
микрофон	mʲ ɪ k r ɐ f o n
милиционер	mʲ ɪ lʲ ɪ t͡s ɨ ɐ nʲ e r
миллион	mʲ ɪ lʲ ɪ o n
минералокортикоид	mʲ ɪ nʲ ɪ r a ɫ ə k ə r tʲ ɪ k o ɪ d
минимализм	mʲ ɪ nʲ ɪ m ɐ lʲ i z m
министр	mʲ ɪ nʲ i s t r
минут	m i n ʊ t
миокардит	mʲ ɪ ə k ɐ r dʲ i t
мирас	m ɯ j r ɑ s
мистицизм	mʲ ɪ sʲ tʲ ɪ t͡s ɨ z m
митохондрия	mʲ ɪ t ɐ x o n d rʲ ɪ j ə
мнемоника	m nʲ ɪ m o nʲ ɪ k ə
модернизм	m ə dʲ ɪ r nʲ i z m
молдова	m ɐ l d o v ə
молекула	m ɐ lʲ e k ʊ l ə
мольберт	m ɐ lʲ bʲ e r t
монархия	m ɐ n a r xʲ ɪ ɪ̯ ə
монизм	m ɐ nʲ i z m
моногамия	m ə n ɐ ɡ a mʲ ɪ j ə
монография	m ə n ɐ ɡ r a fʲ ɪ j ə
мономер	m ə n ɐ mʲ e r
морфология	m ə r f ɐ ɫ o ɡʲ ɪ ɪ̯ ə
музыка	m u z ɨ k ə
мультимедиа	m ʊ lʲ tʲ ɪ mʲ e dʲ ɪ ə
муниципалитет	m ʊ nʲ ɪ t͡s ɨ p ə lʲ ɪ tʲ e t
мутант	m ʊ t a n t
мылтық	m ɯ ɫ t ɯ q
мырза	m ɯ r z ɑ
мүлік	m ʏ l ʏ k
мүмкіндік	m ʏ m k ʏ n d ɘ k
мүрде	m ʉ r dʲ e
мүрдеші	m ʉ r dʲ e ʃ ɘ
мұздатқыш	m ʊ z d ɑ t q ɯ ʃ
мұражай	m ʊ r ɑ ʒ ɑ j
мұрағатшы	m ʊ r ɑ ɣ ɑ t ʃ ɯ
мұсылман	m ʊ s ʊ ɫ m ɑ n
мұхит	m ʊ x ɯ j t
мұқтаж	m ʊ q t ɑ ʒ
мә	m æ
мәгәзін	m æ ɡ æ z i n
мәдениетсіз	m æ d e n ɪ jː e t s ɪ z
мәдениетсіздік	m æ d e n ɘ jː e t s ɘ z d ɘ k
мәдениеттану	m æ d e n ɘ jː e tː ɑ n ʊ w
мәлдивтер	m æ ɫ dʲ ɪ v tʲ e r
мәселе	m æ sʲ e l e
мәскеу	m æ s kʲ e w
мөр	m ø r
нарциссизм	n ə r t͡s ɨ sʲ i z m
натрий	n a t rʲ ɪ j
натюрморт	n ə tʲ ʊ r m o r t
науру	n ɐ u r ʊ
наурыз	n a w r ɯ z
наша	n ɑ ʃ ɑ
нейтрон	nʲ ɪ j t r o n
ноктюрн	n ɐ k tʲ u r n
норвегия	n ɐ r vʲ e ɡʲ ɪ j ə
норматив	n ə r m ɐ tʲ i f
ноутбук	n o ʊ d b ʊ k
нумизматика	n ʊ mʲ ɪ z m a tʲ ɪ k ə
нутация	n ʊ t a t͡s ɨ ɪ̯ ə
ньютон	nʲ j ʊ t o n
нәсілшіл	n æ s ɘ l ʃ ɘ l
нәсілшілдік	n æ s ɘ l ʃ ɘ l d ɘ k
нәтижелі	n æ t ɘ j ʒ e l ɘ
нәтижелілік	n æ t ɘ j ʒ e l ɘ l ɘ k
нәтижесіз	n æ t ɘ j ʒ e s ɘ z
нөл	n œ l
облигация	ɐ b lʲ ɪ ɡ a t͡s ɨ j ə
облыс	w o b l ə s
объект	ɐ b j e k t
оганесон	ɐ ɡ ə nʲ ɪ s o n
одақ	w o d ɑ q
одометр	ɐ d o mʲ ɪ t r
ойнап	w o j n ɑ p
ойыншы	w o j ʊ n ʃ ɯ
океания	ɐ kʲ ɪ a nʲ ɪ j ə
олигархия	ɐ lʲ ɪ ɡ a r xʲ ɪ j ə
ом	o m
омоним	ɐ m o nʲ ɪ m
оникс	o nʲ ɪ k s
онлайн	o n l a j n
ономастика	ɤ n ɐ m a s tʲ ɪ k ə
операция	ɐ pʲ ɪ r a t͡s ɨ ɪ̯ ə
опоссум	ɐ p o s ʊ m
оппортунизм	ɐ p ə r t ʊ nʲ i z m
оратория	ɐ r ɐ t o rʲ ɪ ɪ̯ ə
орман	w o r m ɑ n
орфография	ɐ r f ɐ ɡ r a fʲ ɪ ɪ̯ ə
орфографиялық	ɐ r f ɐ ɡ r a fʲ ɪ ɪ̯ ə l ə q
орыс	w o r ʊ s
от	w o t
отан	w o̞ t ɑ n
отбасы	w o t b ɑ s ɯ
оқиға	w o q ɯ j ɣ ɑ
оқулық	w o q ʊ w ɫ ʊ q
оңтүстік	w o ŋ t͜s t ʉ̞ k
пайғамбар	p a j ɣ a m b a r
палеобиология	p a lʲ ɪ ə bʲ ɪ ɐ ɫ o ɡʲ ɪ ɪ̯ ə
палеоклиматология	p a lʲ ɪ ə k lʲ ɪ m ə t ɐ ɫ o ɡʲ ɪ ɪ̯ ə
панорама	p ə n ɐ r a m ə
парагвай	p ə r ɐ ɡ v a j
парадигма	p ə r ɐ dʲ i ɡ m ə
парадокс	p ə r ɐ d o k s
паразит	p ə r ɐ zʲ i t
параллакс	p ə r ɐ ɫ a k s
параллелограмм	p ə r ə lʲ ɪ ɫ ɐ ɡ r a m
параметр	p ɐ r a mʲ ɪ t r
парақор	p ɑ r ɑ q o r
парақорлық	p ɑ r ɑ q o r ɫ ɯ q
партизан	p ə r tʲ ɪ z a n
партизандық	p ə r tʲ ɪ z a n d ə q
партия	p a r tʲ ɪ j ə
пастор	p a s t ə r
патент	p ɐ tʲ e n t
патоген	p ə t ɐ ɡʲ e n
патогенез	p a t ə ɡʲ ɪ n ɛ s
патриарх	p ə t rʲ ɪ a r x
пацифизм	p ə t͡s ɨ fʲ i z m
педагог	pʲ ɪ d ɐ ɡ o ɡ
пептид	pʲ ɪ p tʲ i d
пері	pʲ e r ɘ
періште	pʲ e r ɘ ʃ t e
перғауын	pʲ e r ɣ ɑ w ɯ n
петиция	pʲ ɪ tʲ i t͡s ɨ j ə
пилотка	pʲ ɪ ɫ o t k ə
пирамида	pʲ ɪ r ɐ mʲ i d ə
пиримидин	pʲ ɪ rʲ ɪ mʲ ɪ dʲ i n
плазмид	p ɫ ɐ z mʲ i d
плазмида	p ɫ ɐ z mʲ i d ə
пленум	p lʲ e n ʊ m
позитрон	p ə zʲ ɪ t r o n
полимер	p ə lʲ ɪ mʲ e r
полиомиелит	p o lʲ ɪ ə mʲ ɪ ɪ̯ ɪ lʲ i t
порт	p o r t
постмодернизм	p o s t m ə d ɛ r nʲ i z m
поэзия	p ɐ ɛ zʲ ɪ j ə
преамбула	p rʲ ɪ a m b ʊ ɫ ə
предикат	p rʲ ɪ dʲ ɪ k a t
предикатив	p rʲ ɪ dʲ ɪ k ɐ tʲ i f
призма	p rʲ i z m ə
принтер	p rʲ i n t ɛ r
провинция	p r ɐ vʲ i n t͡s ɨ ɪ̯ ə
прогестерон	p r ə ɡʲ ɪ s t ɛ r o n
прокуратура	p r ə k ʊ r ɐ t u r ə
прокурор	p r ə k ʊ r o r
протекционизм	p r ə tʲ ɪ k t͡s ɨ ɐ nʲ i z m
профиль	p r o fʲ ɪ lʲ
психиатрия	p sʲ ɪ xʲ ɪ ɐ t rʲ i j ə
психология	p sʲ ɪ x ɐ l o ɡʲ ɪ j ə
публицистика	p ʊ b lʲ ɪ t͡s ɨ sʲ tʲ ɪ k ə
пульмонология	p ʊ lʲ m ə n ɐ ɫ o ɡʲ ɪ ɪ̯ ə
пьеса	p j e s ə
пәкістан	p æ k i s t a n
пәкістан	p æ k i s t ɑ n
пәкістан	p æ k ɘ s t ɑ n
пәкістан	p æ k ɪ s t ɑ n
пәлсапа	p æ ɫ s ɑ p ɑ
раввин	r ɐ vʲ i n
радиан	r ə dʲ ɪ a n
радиозонд	r a dʲ ɪ o z o n d
радиостанция	r ə dʲ ɪ ɐ s t a n t͡s ɨ j ə
раритет	r ə rʲ ɪ tʲ e t
рахмет	ɾ æ χ m j e̘ t
реализм	rʲ ɪ ɐ lʲ i z m
ревматизм	rʲ ɪ v m ɐ tʲ i z m
регрессия	rʲ ɪ ɡ r ɛ sʲ ɪ j ə
редакция	rʲ ɪ d a k t͡s ɨ j ə
режим	r e ʒ ɪ m
резерват	rʲ ɪ zʲ ɪ r v a t
резерфордий	rʲ ɪ zʲ ɪ r f o r dʲ ɪ j
рейтинг	r ɛ j tʲ ɪ n k
реформизм	rʲ ɪ f ɐ r mʲ i z m
рецептор	rʲ ɪ t͡s ɛ p t ə r
романтизм	r ə m ɐ nʲ tʲ i z m
рота	r o t ə
руанда	r ʊ a n d ə
рұқсат	r ʊ q s ɑ t
рұқсатнама	r ʊ q s ɑ t n ɑ m ɑ
рәміз	r æ m ɘ z
сабыр	s ɑ b ɯ r
сага	s a ɡ ə
сазгер	s ɑ z ɡʲ e r
сайлаушы	s ɑ j ɫ ɑ w ʃ ɯ
саламандра	s ə ɫ ɐ m a n d r ə
салт	s ɑ ɫ t
салық	s ɑ ɫ ɯ q
сальвадор	s ə lʲ v ɐ d o r
самоа	s ɐ m o ə
сандық	s ɑ n d ɯ q
санкция	s a n k t͡s ɨ j ə
саркома	s ɐ r k o m ə
саясат	s ɑ j ɑ s ɑ t
саясаткер	s ɑ j ɑ s ɑ t kʲ e r
саясаттанушы	s ɑ j ɑ s ɑ t ɑ n ʊ w ʃ ɯ
саяхат	s ɑ j ɑ x ɑ t
саяхатшы	s ɑ j ɑ x ɑ t ʃ ɯ
сағатшы	s ɑ ɣ ɑ t ʃ ɯ
сақал	s ɑ q ɑ ɫ
сақтандырғыш	s ɑ q t ɑ n d ɯ r ɣ ɯ ʃ
саңырауқұлақ	s ɑ ŋ ɯ r ɑ w ɣ ʊ ɫ ɑ q
сегіз	sʲ e ɡ i z
сейсмограф	sʲ ɪ j s m o ɡ r ə f
секанс	s ɛ k ə n s
секстант	sʲ ɪ k s t a n t
секстет	s ɛ k sʲ tʲ e t
селен	sʲ ɪ lʲ e n
селенит	sʲ ɪ lʲ ɪ nʲ i t
семантика	sʲ ɪ m a nʲ tʲ ɪ k ə
семинар	sʲ ɪ mʲ ɪ n a r
семиотика	sʲ ɪ mʲ ɪ o tʲ ɪ k ə
сенат	sʲ ɪ n a t
сербия	sʲ e r bʲ ɪ j ə
серпентинит	sʲ ɪ r pʲ ɪ nʲ tʲ ɪ nʲ i t
сертификат	sʲ ɪ r tʲ ɪ fʲ ɪ k a t
сессия	s ɛ sʲ ɪ ɪ̯ ə
сигнал	sʲ ɪ ɡ n a ɫ
символизм	sʲ ɪ m v ɐ lʲ i z m
сименс	sʲ i mʲ ɪ n s
синагога	sʲ ɪ n ɐ ɡ o ɡ ə
сингапур	sʲ ɪ n ɡ ɐ p u r
синдикат	sʲ ɪ nʲ dʲ ɪ k a t
синдром	sʲ ɪ n d r o m
синкретизм	sʲ ɪ n k rʲ ɪ tʲ i z m
синтезатор	sʲ ɪ n t ɨ z a t ə r
синус	sʲ i n ʊ s
скейтбординг	s kʲ ɪ ɪ̯ d b o r dʲ ɪ n k
скипидар	s kʲ ɪ pʲ ɪ d a r
словения	s l ɐ vʲ e nʲ ɪ j ə
солитон	s ə lʲ ɪ t o n
сомали	s ə m ɐ lʲ i
сору	s o r ʊ w
сот	s o t
софтбол	s ɐ f t b o ɫ
социализм	s ə t͡s ɨ ɐ lʲ i z m
социалистік	s ə t͡s ɨ ə lʲ ɪ s t ɘ k
спам	s p a m
спектроскопия	s pʲ ɪ k t r ə s k ɐ pʲ i j ə
спидометр	s pʲ ɪ d o mʲ ɪ t r
спорт	s p o r t
статика	s t a tʲ ɪ k ə
степлер	s t ɛ p lʲ ɪ r
стерадиан	s t ɛ r ə dʲ ɪ a n
стратиграфия	s t r ə tʲ ɪ ɡ r a fʲ ɪ j ə
студент	s t ʊ dʲ e n t
субъект	s ʊ b j e k t
сумо	s ʊ m o
супермаркет	s ʊ pʲ ɪ r m a r kʲ ɪ t
суринам	s ʊ rʲ ɪ n a m
суфле	s ʊ f lʲ e
суық	s ʊ w ʊ q
сылақшы	s ɯ l ɑ q ʃ ɯ
сыра	s ɯ r ɑ
сыртқы	s ɯ r t q ɯ
сюрреализм	sʲ ʉ rʲ ɪ ɐ lʲ i z m
сілеусін	s ɪ l e w s ɪ n
сіріңке	s ɘ r ɘ ŋ kʲ e
сұрақ	s ʊ r ɑ q
сәбихана	s æ b ɪ j x ɑ n ɑ
сәлем	s æ l j e̘ m
сәулет	s æ w l e t
табан	t ɑ b ɑ n
табиғат	t ɑ b ɯ j ɣ ɑ t
табыс	t ɑ b ɯ s
таж	t ɑ ʒ
тайфун	t ɐ j f u n
талап	t ɑ ɫ ɑ p
тамам	t ɑ m ɑ m
тамарин	t ə m ɐ rʲ i n
тамаринд	t ə m ɐ rʲ i n d
тамақ	t ɑ m ɑ q
тамыз	t a m ɯ z
тамыр	t ɑ m ɯ r
танау	t ɑ n ɑ w
тангенс	t a n ɡʲ ɪ n s
танк	t a n k
тану	t ɑ n ʊ w
тапанша	t ɑ p ɑ n ʃ ɑ
таразы	t ɑ r ɑ z ɯ
тарихшы	t ɑ r ɯ j x ʃ ɯ
тау	tʰ ɑ w
тауық	t ɑ w ʊ q
тахометр	t ɐ x o mʲ ɪ t r
таяқ	t ɑ j ɑ q
таға	t ɑ ɣ ɑ
таңертең	t ɑ ŋ e r t e ŋ
таңқурай	t ɑ ŋ q ʊ w r ɑ j
тезис	t ɛ zʲ ɪ s
тек	t e k
телевидение	tʲ ɪ lʲ ɪ vʲ i dʲ ɪ nʲ ɪ j e
телеграф	tʲ ɪ lʲ ɪ ɡ r a f
телескоп	tʲ ɛ lʲ ɛ s k o p
телефон	tʲ i lʲ i f o n
температура	tʲ ɪ m pʲ ɪ r ɐ t u r ə
теократия	tʲ ɪ ɐ k r a tʲ ɪ j ə
теорема	tʲ ɪ ɐ rʲ e m ə
теория	tʲ ɪ o rʲ ɪ j ə
термин	tʲ e r mʲ ɪ n
терминология	tʲ ɪ r mʲ ɪ n ɐ ɫ o ɡʲ ɪ j ə
термодинамика	tʲ e r m ə dʲ ɪ n a mʲ ɪ k ə
термометр	tʲ ɪ r m o mʲ ɪ t r
территория	tʲ ɪ rʲ ɪ t o rʲ ɪ j ə
терроризм	tʲ ɪ r ɐ rʲ i z m
тесік	t e s ɘ k
тетраэдр	tʲ ɪ t r a ɪ d r
техник	tʲ e x nʲ ɪ k
техникум	tʲ e x nʲ ɪ k ʊ m
технология	tʲ ɪ x n ɐ ɫ o ɡʲ ɪ ɪ̯ ə
теңсіздік	t e ŋ s ɘ z d ɘ k
тибеттану	tʲ ɪ bʲ e t a n ʊ w
типология	tʲ ɪ p ɐ ɫ o ɡʲ ɪ j ə
толықтауыш	t o ɫ ɯ q t ɑ w ɯ ʃ
толқын	t o ɫ q ə n
топ	t o p
топырақ	t o p ɯ r ɑ q
тоғай	t o ɣ ɑ j
тоқсан	tʰ o q s ɑ n
тоқылдақ	t o q ʊ ɫ d ɑ q
тоңазытқыш	t o ŋ ɑ z ɯ t q ɯ ʃ
трагедия	t r ɐ ɡʲ e dʲ ɪ j ə
трактор	t r a k t ə r
транскрипция	t r ɐ n s k rʲ i p t͡s ɨ j ə
трансұлттық	t r a n s ʊ ɫ t t ʊ q
трахома	t r ɐ x o m ə
триангуляция	t rʲ ɪ ə n ɡ ʊ lʲ a t͡s ɨ ɪ̯ ə
триатлон	t rʲ ɪ ɐ t l o n
триод	t rʲ ɪ o d
тромбон	t r ɐ m b o n
тротуар	t r ə t ʊ a r
ту	t ʊ w
туба	t u b ə
турбина	t ʊ r bʲ i n ə
туризм	t ʊ rʲ i z m
турист	t ʊ rʲ i s t
туу	tʰ u w u w
туф	t u f
туыстық	t ʊ w ə s t ə q
тыл	t ɯ l
тырнақ	t ɯ r n ɑ q
тілмаш	t ɘ l m ɑ ʃ
түйме	t ʏ j m ø
түнек	t ʏ n ø k
түркітану	t y r k ɪ t ɑ n ʊ w
түркітанушы	t y r k ɪ t ɑ n ʊ w ʃ ɯ
түрме	t ʏ r m ø
түс	t ʏ s
тұман	t ʊ m ɑ n
тұрғын	t u r ɣ ɨ n
тұрғын	t ʊ r ɣ ɨ n
тұту	tʰ ʊ t u w
тәжірибе	t æ ʒ ɘ r ɘ j bʲ e
тәсіл	t æ s ɪ l
төбелес	t ø b ø l e s
төгу	t ø ɡ ʏ w
төлеу	t ø l ø w
төлеуші	t ø l ø w ʃ ɘ
төраға	t ø r ɑ ɣ ɑ
төсек	t ø s ø k
уганда	ʊ ɡ a n d ə
улы	ʊ w ɫ ʊ
университет	ʊ nʲ ɪ vʲ ɪ r sʲ ɪ tʲ e t
униформа	ʊ nʲ ɪ f o r m ə
уругвай	ʊ r ʊ ɡ v a j
утилитаризм	ʊ tʲ ɪ lʲ ɪ t ɐ rʲ i z m
учаске	ʊ t͡ɕ a s kʲ e
фагот	f ɐ ɡ o t
факт	f a k t
фактор	f a k t ə r
факториал	f ə k t ə rʲ ɪ a l
факультет	f ə k ʊ lʲ tʲ e t
фантастика	f ɐ n t a sʲ tʲ ɪ k ə
фарад	f ɐ r a d
фастфуд	f ɐ s t f u d
федерация	fʲ ɪ dʲ ɪ r a t͡s ɨ j ə
феминизм	fʲ ɪ mʲ ɪ nʲ i z m
феноменология	fʲ ɪ n ə mʲ ɪ n ɐ ɫ o ɡʲ ɪ j ə
фенотип	fʲ ɪ n ɐ tʲ i p
феодализм	fʲ ɪ ə d ɐ lʲ i z m
фетиш	f ɛ tʲ i ʃ
физиология	fʲ ɪ zʲ ɪ ɐ l o ɡʲ ɪ j ə
филиппиндер	fʲ ɪ lʲ ɪ pʲ i n dʲ e r
филология	fʲ ɪ ɫ ɐ ɫ o ɡʲ ɪ j ə
философия	fʲ ɪ ɫ ɐ s o fʲ ɪ ɪ̯ ə
финляндия	fʲ ɪ n lʲ æ nʲ dʲ ɪ j ə
фобия	f o bʲ ɪ ɪ̯ ə
фовизм	f ɐ vʲ i z m
фонема	f ɐ n ɛ m ə
фонетика	f ɐ n ɛ tʲ ɪ k ə
формализм	f ə r m ɐ lʲ i z m
формула	f o r m ʊ ɫ ə
фосфор	f o s f ə r
фуга	f u ɡ ə
функционал	f ʊ n k t͡s ɨ ɐ n a ɫ
функционализм	f ʊ n k t͡s ɨ ə n ɐ lʲ i z m
функция	f u n k t͡s ɨ ɪ̯ ə
футуризм	f ʊ t ʊ rʲ i z m
фюзеляж	fʲ ʊ z e lʲ ɑ ʒ
фәлсапа	f æ ɫ s ɑ p ɑ
фәлсафа	f æ ɫ s ɑ f ɑ
халық	χ ɑ ɫ ə q
хаос	x ɐ o s
хассий	x a sʲ ɪ j
хатшы	x ɑ t ʃ ɯ
химия	xʲ i mʲ ɪ j ə
хирург	xʲ ɪ r u r ɡ
хирургия	xʲ ɪ r ʊ r ɡʲ i ɪ̯ ə
хлор	x l o r
хлоропласт	x l ə r ɐ p l a s t
хлороформ	x l ə r ɐ f o r m
холестерин	x ə lʲ ɪ s t ɨ rʲ i n
хорватия	x ɐ r v a tʲ ɪ j ə
христиан	x rʲ ɪ sʲ tʲ ɪ a n
хроматин	x r ə m ɐ tʲ i n
хромосома	x r ə m ɐ s o m ə
хронология	x r ə n ɐ ɫ o ɡʲ ɪ ɪ̯ ə
чемпионат	t͡ɕ ɪ m pʲ ɪ ɐ n a t
шабдалы	ʃ ɐ b d ɑ l ə
шалғам	ʃ ɑ ɫ ɣ ɑ m
шам	ʃ a m
шарманка	ʃ ɐ r m a n k ə
шаштараз	ʃ ɑ ʃ t ɑ r ɑ z
шағыр	ʃ ɑ ɣ ɯ r
шаң	ʃ ɑ ŋ
швеция	ʃ vʲ e t͡s ɨ j ə
шие	ʃ ɘ j j e
шизофрения	ʃ ɨ z ə f rʲ ɪ nʲ i j ə
шимпанзе	ʃ ɨ m p ɐ n z ɛ
шина	ʃ i n a
шоколад	ʃ ɔ k ə l a d
шымкент	ʃ ɯ m kʲ ɪ n t
шығанақ	ʃ ɯ ɣ ɑ n ɑ q
шығыстану	ʃ ɯ ɣ ɯ s t ɑ n ʊ w
шығыстанушы	ʃ ɯ ɣ ɯ s t ɑ n ʊ w ʃ ɯ
шүбә	ʃ ʏ b æ
шөл	ʃ ø l
ылғал	ɯ ɫ ɣ ɑ ɫ
ылғалды	ɯ ɫ ɣ ɑ ɫ d ɯ
ым	ɯ m
ырым	ɯ r ɯ m
ыстық	ɯ s t ɯ q
ықпал	ɯ q p ɑ ɫ
эвакуация	ɛ v ə k ʊ a t͡s ɨ ɪ̯ ə
эволюция	ɪ v ɐ lʲ u t͡s ɨ j ə
экзистенциализм	ɛ ɡ zʲ ɪ s t ɛ n t͡s ɨ ɐ lʲ i z m
эклектизм	ɛ k lʲ ɪ k tʲ i z m
экология	ɪ k ɐ l o ɡʲ ɪ j ə
экосфера	ɛ k ɐ s fʲ e r ə
экотоксикология	ɛ k ə t ə k sʲ ɪ k ɐ ɫ o ɡʲ ɪ ɪ̯ ə
экскаватор	ɛ k s k ɐ v a t ə r
экскурсия	ɪ k s k u r sʲ ɪ j ə
экспансия	ɛ k s p a n sʲ ɪ ɪ̯ ə
экспрессионизм	ɪ k s p rʲ ɪ sʲ ɪ ɐ nʲ i z m
экстремизм	ɛ k s t rʲ ɪ mʲ i z m
экстремум	ɛ k s t rʲ e m ʊ m
электрокардиография	ɛ lʲ e k t r ə k ə r dʲ ɪ ɐ ɡ r a fʲ ɪ ɪ̯ ə
электролиз	ɪ lʲ ɪ k t r o lʲ ɪ s
электролит	ɛ lʲ ɪ k t r ɐ lʲ i t
электрон	ɪ lʲ ɪ k t r o n
электроника	ɪ lʲ ɪ k t r o nʲ ɪ k ə
электроскоп	ɛ lʲ ɪ k t r ɐ s k o p
элемент	ɪ lʲ ɪ mʲ e n t
эллипс	ɛ lʲ ɪ p s
эллипсоид	ɛ lʲ ɪ p s o ɪ d
эмансипация	ɛ m ə n sʲ ɪ p a t͡s ɨ ɪ̯ ə
эмблема	ɛ m b lʲ e m ə
эмбриология	ɛ m b rʲ ɪ ɐ l o ɡʲ ɪ ɪ̯ ə
эмиссия	ɛ mʲ i sʲ ɪ ɪ̯ ə
энтальпия	ɛ n t ɐ lʲ pʲ i ɪ̯ ə
энтропия	ɪ n t r ɐ pʲ i j ə
энциклопедия	ɪ n t͡s ɨ k l ɐ pʲ e dʲ ɪ j ə
эпиграф	ɪ pʲ i ɡ r ə f
эпистемология	ɪ pʲ ɪ sʲ tʲ ɪ m ɐ ɫ o ɡʲ ɪ j ə
эстетизм	ɛ s t ɛ tʲ i z m
эстетика	ɪ s t ɛ tʲ ɪ k ə
этика	ɛ tʲ ɪ k ə
этиология	ɪ tʲ ɪ ɐ l o ɡʲ ɪ j ə
этюд	ɛ tʲ u d
эфиопия	ɪ fʲ ɪ o pʲ ɪ j ə
яхта	j a x t ə
із	ɘ z
ішкі	ɘ ʃ k ɘ
ғаламшараралық	ɣ ɑ ɫ ɑ m ʃ ɑ r ɑ r ɑ ɫ ɯ q
ғарышкер	ɣ ɑ r ɯ ʃ kʲ e r
ғасыр	ɣ ɑ s ɯ r
ғашық	ɣ ɑ ʃ ɯ q
ғашықтық	ɣ ɑ ʃ ɯ q t ɯ q
ғибадатхана	ɣ ɯ j b ɑ d ɑ t x ɑ n ɑ
қабір	q ɑ b ɘ ɾ
қазақ	qʰ ɑ̝ z ɑ̝ qʰ
қазақстан	qʰ ɑ z ɑ q s t ɑ n
қайық	q ɑ j ɯ q
қалайсың	q ɑ ɫ ɑ j s ɪ ŋ
қалампыр	q ɑ ɫ ɑ m p ɯ r
қамыс	q ɑ m ɯ s
қараша	q a r a ʃ a
қарбыз	q ɑ r b ɯ z
қарлығаш	q ɑ r ɫ ɯ ɣ ɑ ʃ
қатесіз	q ɑ tʲ e s ɪ z
қауын	q ɑ w ɯ n
қағаз	q ɑ ɣ ɑ z
қаңтар	q a ŋ t a r
қолтырауын	q o l t ɯ r ɑ w ɯ n
қоспа	q o s p ɑ
қоғамдастық	q o ɣ ɑ m d ɑ s t ɯ q
қоңыз	q o ŋ ʊ z
қызыл	q ə z ə l
қызығушылық	q ɯ z ɯ ɣ ʊ w ʃ ɯ ɫ ɯ q
қыл	q ɯ ɫ
қылмыс	q ɯ ɫ m ɯ s
қылмыскер	q ɯ ɫ m ɯ s kʲ e r
қылмыстылық	q ɯ ɫ m ɯ s t ɯ l ɯ q
қылмыстық	q ɯ ɫ m ɯ s t ɯ q
қымбат	q ɯ m b ɑ t
қыпшақ	q ə p ɕ ɑ q
қыпшақ	q ɯ p ʃ ɑ q
қыркүйек	q ɯ r k ʏ j j ø k
қырыққабат	q ɯ r ɯ qː ɑ b ɑ t
қырғауыл	q ɯ r ɣ ɑ w ɯ ɫ
қырғызстан	q ə ɾ ʁ ə z s t ɑ n
қырғызстан	q ɯ r ʁ ɯ z s t ɑ n
қытай	qʰ ə̠ t ɑ j
қышқыл	q ɯ ʃ q ɯ ɫ
құдайсыз	q ʊ d ɑ j s ɯ z
құдайсыздық	q ʊ d ɑ j s ɯ z d ɯ q
құзғын	q ʊ z ɣ ʊ n
құйрық	q ʊ j r ə q
құмайт	q ʊ m ɑ j t
құрам	q ʊ r ɑ m
құрама	q ʊ r ɑ m ɑ
құрылым	q ʊ r ʊ ɫ ɯ m
құрылыс	q ʊ r ʊ l ɯ s
құқық	q ʊ q ʊ q
құқықтану	q ʊ q ʊ q t ɑ n ʊ w
үйрету	ʏ j r ø t ʏ w
үйретуші	ʏ j r ø t ʏ w ʃ ɘ
үкі	ʏ k ʏ
үкімет	ʉ̞ k m e t
үкіметаралық	ʏ k ʏ mʲ e t ɑ r ɑ ɫ ɯ q
үлкен	ʏ l k ø n
үмітсіздік	ʏ m ʏ t s ɘ z d ɘ k
ұйықтау	ʊ j ʊ q t ɑ w
ұйғыр	u j ʁ ɯ r
ұйғыр	ʊ i̯ ʁ ə r
ұлттық	ʊ ɫ t t ʊ q
ұлтшылдық	ʊ ɫ t ʃ ʊ ɫ d ɯ q
ұшақ	ʊ ʃ ɑ q
ұя	ʊ j ɑ
ұят	ʊ j ɑ t
ұятсыздық	ʊ j ɑ t s ɯ z d ɯ q
әдебиет	æ dʲ e bʲ iʲ e t
әдебиеттану	æ d e b ɘ jː e tː ɑ n ʊ w
әдебиеттанушы	æ d e b ɘ jː e tː ɑ n ʊ w ʃ ɯ
әділетсіздік	æ d ɘ l e t s ɘ z d ɘ k
әжетхана	æ ʒ e t x ɑ n ɑ
әлхамдулилла	æ l x a m d ʊ w lʲ ɪ l ɑː
әлхамдулиллаһ	æ l x a m d ʊ w lʲ ɪ l ɑː h
әмбебап	æ m bʲ e b a p
әңгіме	æ ŋ ɡ ɘ m e
өзбекстан	œ z bʲ e k s t ɑ n
өзбекстан	œ z bʲ ɪ k s t ɑ n
өзбекстандық	w ø z b e k s t ɑ n d ə q
өйткені	ʏ̯ œ j t k e n ɘ
өлі	w ø l y
өлім	w ø l ʏ m
өмірбаян	y ø m y r b ɑ j ɑ n
өсиет	w ø s ɘ j j e t
өсиетші	y ø s y jː e t ʃ ɪ
өсу	w ø s ʏ w
өсімдік	w ø s ʏ m d ɘ k
өтініш	w ø t ʏ n ɘ ʃ
