aarimũ	àː ɾ í m óꜜ
aca	aː ɕ a
aga	a ɣ a
aka	a k a
aka	à k ǎ
akia	a k i a
amba	aᵐ b a
ambata	aᵐ b a t a
ambĩrĩria	aᵐ b e ɾ e ɾ i a
andĩka	aⁿ d e k a
aria	a ɾ i a
atha	a ð a
atĩa	a t e a
atũka	a t o k a
atũra	a t o ɾ a
baara	β aː ɾ a
baba	β àː β ǎꜜ
bangiri	β à ŋ ɡ í r í
bara	β à ɾ àꜜ
barabara	β à ɾ à β à ɾ àꜜ
barĩthiramu	β à ɾ éː ð ì ɾ á m ú
biacara	β i a ɕ a ɾ a
biribiri	β ì ɾ ì β ì ɾ ì
biribiri	β ì ɾ ì β ì ɾ ìꜜ
biribiri	β ì ɾ ì β í ɾ íꜜ
bitharĩ	β ì ð áː ɾ èꜜ
bongwe	β ɔ́ᵑ ɡ w ɛ̌ꜜ
borithi	β ɔ̀ ɾ í ð ìꜜ
butha	β u ð a
bũrũri	β ò ɾ ò ɾ í
bũrũri	β ò ɾ ò ɾ íꜜ
cemania	ɕ ɛ m a n i a
ciana	ɕ i à n áꜜ
ciara	ɕ i a ɾ a
ciara	ɕ i à ɾ àꜜ
ciara	ɕ i à ɾ áꜜ
cimba	ɕ iᵐ b a
cina	ɕ i n a
cindano	ɕ iⁿ d a n ɔ
cindano	ɕ ìːⁿ d à n ɔ̀
cindano	ɕ ìːⁿ d à n ɔ̀ꜜ
coka	ɕ ɔː k a
cokia	ɕ ɔː k i a
conoka	ɕ ɔ n ɔ k a
cuba	ɕ ùː β àꜜ
cuba	ʃ ùː β àꜜ
cukari	ɕ ù k àː ɾ ìꜜ
cukuru	ɕ ù k ú ɾ ùꜜ
cuma	t ɕ ùː m àꜜ
cumbĩ	t ɕ ùᵐ b é
cuuka	ɕ uː k a
cũcũ	ɕ òː ɕ ǒꜜ
cũna	ɕ o n a
enda	ɛⁿ d a
endia	ɛⁿ d i a
enja	ɛᶮ d ʑ a
gatagatĩ	ɣ à t à ɣ á t èꜜ
gatarũ	ɣ à t à ɾ ó
gatego	ɣ à t ɛ̀ ɣ ɔ́ꜜ
gathuku	ɣ à ð ù k ǔ
gathĩrĩthĩrĩ	ɣ à ð è ɾ é ð è ɾ éꜜ
gatitũ	ɣ à t ì t óꜜ
gatumia	ɣ a t u m i j a
geithia	ɣ ɛ i ð i a
gera	ɣ ɛ ɾ a
geria	ɣ ɛ ɾ i a
giria	ɣ i ɾ i a
guka	ɣ ùː k ǎꜜ
guoko	ɣ u ɔ̀ k ɔ́ꜜ
gwata	ɣ w a t a
gĩathĩ	ɣ e à ð ě
gĩcagi	ɣ è ɕ à ɣ ìꜜ
gĩcanjama	ɣ e ɕ aᶮ d͡ʑ a m a
gĩcanũri	ɣ è ɕ à n ó ɾ íꜜ
gĩcanũri	ɣ è ɕ à n ó ɾ ǐꜜ
gĩcicio	ɣ e ɕ iː ɕ i ɔ
gĩcigĩrĩra	ɣ è ɕ ì ɣ é ɾ è ɾ áꜜ
gĩciko	ɣ è ɕ ì k ɔ̀ꜜ
gĩciri	ɣ è ɕ ì ɾ íꜜ
gĩcunjĩ	ɣ è ɕ ùᶮ d͡ʑ èꜜ
gĩcuthĩ	ɣ è ɕ ù ð éꜜ
gĩcũhĩ	ɣ è ɕ ó h èꜜ
gĩcũnũnũ	ɣ e ɕ o n oː n o
gĩeterero	ɣ e ɛ̀ t ɛ́ ɾ ɛ̀ ɾ ɔ̀ꜜ
gĩkama	ɣ è k à m áꜜ
gĩkeno	ɣ è k ɛ̀ n ɔ́
gĩkere	ɣ è k ɛ̀ ɾ ɛ̌
gĩkombe	ɣ è k ɔ̀ᵐ b ɛ́
gĩkombe	ɣ è k ɔ̀ᵐ b ɛ̌
gĩkoni	ɣ è k ɔ̀ n ìꜜ
gĩkorora	ɣ è k ɔ̀ ɾ ɔ́ ɾ à
gĩkorora	ɣ è k ɔ́ ɾ ɔ́ ɾ à
gĩkundi	ɣ è k ùⁿ d ǐ
gĩkuũ	ɣ è k u ǒꜜ
gĩkwa	ɣ è k o ǎ
gĩkwa	ɣ è k w ǎ
gĩkĩngĩ	ɣ è k èᵑ ɡ ě
gĩkũnjo	ɣ è k òᶮ d ʑ ɔ́ꜜ
gĩkũyũ	ɣ è k ò j óꜜ
gĩtahi	ɣ è t à h íꜜ
gĩtaigua	ɣ è t a ì ɣ u á
gĩtanda	ɣ è t àⁿ d ǎ
gĩtarũrũ	ɣ è t áː ɾ ò ɾ óꜜ
gĩtete	ɣ è t ɛ̀ t ɛ́
gĩthagathago	ɣ è ð à ɣ á ð à ɣ ɔ̀ꜜ
gĩthana	ɣ è ð à n ǎ
gĩthemengũ	ɣ è ð ɛ̀ m ɛ̀ᵑ ɡ óꜜ
gĩthima	ɣ è ð ì m áꜜ
gĩthingithia	ɣ è ð ìᵑ ɡ í ð i áꜜ
gĩthitũ	ɣ è ð íː t ǒꜜ
gĩthoguo	ɣ è ð ɔ̀ː ɣ u ɔ́ꜜ
gĩthomo	ɣ è ð ɔ̀ː m ɔ́ꜜ
gĩthũnũ	ɣ è ð ò n ó
gĩthũri	ɣ è ð ò ɾ íꜜ
gĩthũũkũ	ɣ è ð òː k ó
gĩthũũri	ɣ è ð óː ɾ ǐꜜ
gĩtina	ɣ è t í n áꜜ
gĩtingĩ	ɣ è t ìᵑ ɡ ě
gĩtoero	ɣ è t ɔ̀ː ɛ́ ɾ ɔ̀ꜜ
gĩtoka	ɣ è t ɔ̀ː k áꜜ
gĩtore	ɣ e t ɔː ɾ ɛ
gĩtugĩ	ɣ è t ù ɣ é
gĩtukũ	ɣ è t ù k óꜜ
gĩtumumu	ɣ e t ú m ùː m úꜜ
gĩtumumu	ɣ è t ú m ùː m úꜜ
gĩtumumu	ɣ é t ú m ùː m úꜜ
gĩtĩ	ɣ è t ě
gĩtũngũrũ	ɣ e t oᵑ ɡ o ɾ o
gĩĩko	ɣ è è k ɔ̀ꜜ
gũra	ɣ o ɾ a
gũtũ	ɣ o t o
haaro	h àː ɾ ɔ̀ꜜ
haica	h a i ɕ a
haka	h a k a
hamwe	h a m o ɛ
handa	h aⁿ d a
handũ	h àⁿ d òꜜ
hanyũka	h a ɲ o k a
harika	h à ɾ í k á
harika	h à ɾ í k áꜜ
he	h ɛ
heho	h ɛ̀ h ɔ́ꜜ
heke	h ɛ̀ k ɛ́
heke	h ɛ̀ k ɛ́ꜜ
higo	h ì ɣ ɔ́ꜜ
hinya	h ì ɲ áꜜ
hitha	h i ð a
hiti	h ì t í
hota	h ɔ t a
hoya	h ɔː j a
huko	h ù k ɔ̀ꜜ
huria	h u ɾ i a
huria	h ù ɾ i ǎ
hwaĩ	h w à éꜜ
hĩtũka	h e t o k a
hĩtũkĩra	h e t o k e ɾ a
hũngũ	h òᵑ ɡ ó
hũnĩro	h oː n e ɾ ɔ
hũra	h oː ɾ a
ibabai	ì β à β à ìꜜ
ibuku	ì β ù k ùꜜ
iburi	ì β ù ɾ ìꜜ
icani	ì ɕ áː n ìꜜ
icembe	ì ɕ ɛ̀ᵐ b ɛ́
icoya	ì ɕ ɔ̀ j ǎ
icungwa	i ɕ oᵑ ɡ o a
icungwa	i ɕ uᵑ ɡ o a
icungwa	i ɕ uᵑ ɡ w a
iga	i ɣ a
igana	i ɣ a n a
igata	ì ɣ à t áꜜ
igego	ì ɣ ɛ̀ ɣ ɔ̀ꜜ
igoko	ì ɣ ɔ̀ k ɔ́
igoko	ì ɣ ɔ̀ k ɔ́ꜜ
igoti	ì ɣ ɔ̀ t ìꜜ
igua	i ɣ u a
igua	i ɣ w a
iguana	i ɣ u a n a
iguku	ì ɣ ù k ú
iheeni	ì h ɛ̀ː n í
ihera	ì h ɛ̀ ɾ áꜜ
ihiga	ì h ì ɣ áꜜ
ihinda	ì h ìⁿ d àꜜ
ihooru	i h ɔ̀ː ɾ ú
ihuti	ì h ù t ìꜜ
ihĩa	ì h e ǎꜜ
ihĩa	ì h è áꜜ
ihĩndu	ì h èⁿ d ǔ
ihĩndĩ	ì h èⁿ d é
ihĩtia	ì h è t i á
ihũa	ì h ó w áꜜ
ihũha	ì h ò h áꜜ
ihũri	ì h ò ɾ íꜜ
ikai	i k a i
ikamburu	i k aᵐ b u ɾ u
ikara	ì k à ɾ áꜜ
ikia	i k i a
ikinya	ì k ì ɲ áꜜ
ikoni	ì k ɔ̀ n ìꜜ
ikoro	ì k ɔ̀ ɾ ɔ̀ꜜ
ikorobia	ì k ɔ̀ ɾ ɔ̀ β í j àꜜ
ikundo	ì k ùⁿ d ɔ́ꜜ
ikunũ	ì k ù n ó
ikũmbĩ	ì k òᵐ b èꜜ
ikũmbĩ	ì k ùᵐ b èꜜ
ikũmi	ì k ò m íꜜ
ikũrũka	i k o ɾ o k a
ime	ì m ɛ̀ꜜ
ina	i n a
inagu	ì n á ɣ ùꜜ
inanathi	ì n à n áː ð ìꜜ
inegene	ì n ɛ̀ ɣ ɛ̀ n ɛ́
inegene	ì n ɛ̀ ɣ ɛ́ n ɛ́
ini	ì n ìꜜ
inia	i n i a
iniũrũ	ì n i ò ɾ óꜜ
inooro	ì n ɔ̀ː ɾ ɔ̀ꜜ
inyuĩ	i ɲ u e
inũka	i n o k a
ira	i ɾ a
irathĩro	ì ɾ à ð é ɾ ɔ̀ꜜ
irebeta	ì ɾ ɛ̀ β ɛ́ t àꜜ
iria	ì ɾ ì j àꜜ
iria	ì ɾ ì j áꜜ
irigithathi	ì ɾ ì ɣ í ð àː ð ìꜜ
irigũ	ì ɾ ì ɣ òꜜ
irima	ì ɾ ì m àꜜ
irimũ	ì ɾ ì m óꜜ
irimũ	ì ɾ í m óꜜ
irio	ì ɾ i ɔ̌ꜜ
iru	ì ɾ ǔꜜ
irurumĩ	ì ɾ ù ɾ ù m ě
irĩhi	ì ɾ è h ǐ
irũa	ì ɾ ò w àꜜ
irũngo	ì ɾ òᵑ ɡ ɔ̀ꜜ
ita	i t a
ita	ì t ǎ
ita	ì t ǎꜜ
itaata	ì t áː t ǎꜜ
itahuha	ì t á h ùː h áꜜ
itangi	ì t àᵑ ɡ ìꜜ
itangi	ì t àᵑ ɡ ǐ
itarara	ì t áː ɾ àː ɾ áꜜ
ithagu	ì ð à ɣ ú
ithagu	ì ð à ɣ ǔ
ithandũkũ	ì ð àⁿ d ó k óꜜ
ithangũ	ì ð àᵑ ɡ ǒ
ithanwa	ì ð á n o áꜜ
ithanwa	ì ð á n w áꜜ
ithe	ì ð ɛ̌
itherero	ì ð ɛ̀ ɾ ɛ̀ ɾ ɔ̀ꜜ
ithuĩ	i ð u e
ithĩnjĩro	ì ð èᶮ d͡ʑ é ɾ ɔ̀ꜜ
ithũĩro	ì ð ò w è ɾ ɔ̀ꜜ
itimũ	ì t ì m óꜜ
itina	ì t ì n áꜜ
itina	ì t í n áꜜ
itu	i t u
itumbĩ	ì t ùᵐ b é
itunda	ì t ùⁿ d á
iturubarĩ	ì t ù ɾ ù β àː ɾ èꜜ
ituuya	ì t ùː j áꜜ
itũũra	ì t óː ɾ ǎꜜ
iya	i j a
iyũra	i j o ɾ a
kaana	k a à n áꜜ
kaara	k aː ɾ a
kahĩĩ	k à h è é
kahũa	k à h ó w áꜜ
kaingĩ	k a iᵑ ɡ e
kaiyaba	k a ì j á β àꜜ
kamau	k à m à úꜜ
kameme	k à m ɛ̀ː m ɛ̀ꜜ
kamũcoroge	k à m ò ɕ ɔ̀ ɾ ɔ̀ ɣ ɛ́ꜜ
kana	k a n a
kanitha	k à n ì ð áꜜ
kanua	k à n ù àꜜ
kanyoni	k à ɲ ɔ̀ n ìꜜ
kanyĩrĩ	k à ɲ é ɾ éꜜ
karani	k à ɾ á n íꜜ
karema	k à ɾ ɛ̀ m áꜜ
kari	k à ɾ ìꜜ
kariũki	k à ɾ i ò k ǐꜜ
karĩgũ	k à ɾ èː ɣ ó
karĩma	k à ɾ è m àꜜ
karĩma	k à ɾ è m á
karũũĩ	k à ɾ òː éꜜ
kaĩ	k a e
kena	k ɛ n a
kenda	k ɛ́ⁿ d áꜜ
kira	k i ɾ a
kiugo	k i ù ɣ ɔ́ꜜ
kiugũ	k i ù ɣ ǒ
kiumia	k i u m i a
koma	k ɔ m a
korora	k ɔ ɾ ɔ ɾ a
kua	k u a
kumia	k u m i a
kundĩka	k uⁿ d e k a
kunya	k u ɲ a
kuuma	k u u m a
kĩande	k e àⁿ d ɛ́
kĩande	k e àⁿ d ɛ́ꜜ
kĩara	k e à ɾ àꜜ
kĩara	k e à ɾ áꜜ
kĩbaũ	k è β àː óꜜ
kĩbiriti	k è β ì ɾ ìː t ìꜜ
kĩboko	k è β ɔ̀ k ɔ́
kĩboko	k è β ɔ̀ k ɔ̌
kĩegetha	k e ɛ̀ ɣ ɛ́ ð àꜜ
kĩeha	k e ɛ̀ h á
kĩero	k e ɛ̀ ɾ ɔ̀ꜜ
kĩganda	k è ɣ àⁿ d àꜜ
kĩganda	k è ɣ àⁿ d ǎ
kĩgera	k è ɣ ɛ̀ ɾ àꜜ
kĩgokora	k è ɣ ɔ̀ k ɔ́ː ɾ àꜜ
kĩgokora	k è ɣ ɔ̀ː k ɔ́ː ɾ à
kĩgokora	k è ɣ ɔ̀ː k ɔ́ː ɾ àꜜ
kĩgomano	k è ɣ ɔ̀ m à n ɔ̀ꜜ
kĩgunyarĩrĩ	k è ɣ ù ɲ àː ɾ è ɾ èꜜ
kĩgunyũ	k è ɣ ù ɲ ǒ
kĩgwa	k è ɣ o ǎ
kĩgwa	k è ɣ w ǎ
kĩhaaro	k è h àː ɾ ɔ̀ꜜ
kĩhaato	k è h àː t ɔ́ꜜ
kĩhara	k è h à ɾ áꜜ
kĩharũrũka	k è h à ɾ ó ɾ ò k áꜜ
kĩhembe	k è h ɛ̀ᵐ b ɛ́
kĩhingo	k e h iᵑ ɡ ɔ
kĩhuti	k è h ù t ìꜜ
kĩhĩĩ	k è h è é
kĩihũ	k e i h o
kĩimba	k è ìᵐ b áꜜ
kĩino	k è ì n ɔ́ꜜ
kĩmamo	k è m àː m ɔ́ꜜ
kĩmani	k è m à n íꜜ
kĩmone	k è m ɔ́ n ɛ́ꜜ
kĩmũrĩ	k è m ò ɾ èꜜ
kĩndũ	k èⁿ d òꜜ
kĩnena	k è n ɛ̀ n àꜜ
kĩng'ang'i	k è ŋ à ŋ í
kĩnundu	k è n ùⁿ d ùꜜ
kĩohe	k e ɔ h ɛ
kĩoho	k e ɔ̀ h ɔ́ꜜ
kĩonereria	k e ɔ̀ n ɛ́ ɾ ɛ́ ɾ i á
kĩongo	k e ɔ̀ᵑ ɡ ɔ̌
kĩonje	k e ɔ̀ᶮ d ʑ ɛ̀ꜜ
kĩoro	k e ɔ̀ ɾ ɔ́ꜜ
kĩraka	k è ɾ à k áꜜ
kĩratũ	k è ɾ áː t ǒꜜ
kĩrema	k è ɾ ɛ̀ m áꜜ
kĩreru	k e ɾ ɛ ɾ u
kĩrimũ	k è ɾ ì m óꜜ
kĩroboto	k è ɾ ɔ̀ β ɔ̀ t ɔ̌
kĩroko	k è ɾ ɔ̀ː k ɔ̀ꜜ
kĩromo	k è ɾ ɔ̀ m ɔ̀ꜜ
kĩronda	k è ɾ ɔ̀ⁿ d àꜜ
kĩroruha	k è ɾ ɔ̀ː ɾ ú h àꜜ
kĩroto	k è ɾ ɔ̀ː t ɔ́ꜜ
kĩrumi	k è ɾ ù m íꜜ
kĩrung'u	k è ɾ ù ŋ òꜜ
kĩrĩgũ	k è ɾ èː ɣ ó
kĩrĩkanĩro	k è ɾ èː k à n è ɾ ɔ̀ꜜ
kĩrĩma	k è ɾ è m àꜜ
kĩrĩma	k è ɾ è m á
kĩrĩndĩ	k è ɾ èⁿ d ě
kĩrĩro	k è ɾ è ɾ ɔ̀ꜜ
kĩrĩro	k è ɾ è ɾ ɔ́ꜜ
kĩrũngũrĩra	k e ɾ oᵑ ɡ o ɾ e ɾ a
kĩrũngũrĩra	k è ɾ òᵑ ɡ ò ɾ è ɾ ɔ̀ꜜ
kĩrũũmi	k è ɾ òː m ìꜜ
kĩrũũmi	k è ɾ òː m ǐ
kĩĩgamba	k e è ɣ áᵐ b ǎꜜ
kĩĩhindiĩ	k e e h iⁿ d i e
kĩĩhuruta	k èː h ú ɾ ùː t áꜜ
kĩĩmbu	k e èᵐ b ǔ
kĩĩruru	k e è ɾ ú ɾ úꜜ
kĩĩruru	k e è ɾ ú ɾ ǔꜜ
kĩĩrũma	k e e ɾ o m a
kĩũgũ	k e ò ɣ òꜜ
kĩũma	k e ò m áꜜ
kĩũra	k e ò ɾ ǎ
kũgũrũ	k ò ɣ ò ɾ òꜜ
kũngũ	k òᵑ ɡ óꜜ
kũnja	k oᶮ d ʑ a
kũya	k o j a
ma	m ǎꜜ
maatha	m aː ð a
magathĩ	m à ɣ á ð èꜜ
magego	m à ɣ ɛ̀ ɣ ɔ̀ꜜ
maguta	m à ɣ ù t áꜜ
mahira	m à h ì ɾ á
mahuti	m à h ù t ìꜜ
mahĩa	m à h e ǎꜜ
mahĩa	m à h è áꜜ
mai	m a i
maina	m a ì n ǎ
maithori	m a ì ð ɔ́ ɾ ìꜜ
makorobia	m à k ɔ̀ ɾ ɔ̀ β í j àꜜ
marakara	m a ɾ aː k a ɾ a
marebeta	m à ɾ ɛ̀ β ɛ́ t àꜜ
marurumĩ	m à ɾ ù ɾ ù m ě
mata	m a t a
mathugumo	m à ð ù ɣ ú m ɔ̀ꜜ
mathĩnjĩro	m à ð èᶮ d͡ʑ é ɾ ɔ̀ꜜ
matuuya	m à t ùː j áꜜ
maĩ	m àː éꜜ
mbaara	ᵐb áː ɾ ǎꜜ
mbaka	ᵐb à k áꜜ
mbakĩ	ᵐb à k ě
mbarara	ᵐb á ɾ àː ɾ áꜜ
mbarathi	ᵐb à ɾ áː ð ìꜜ
mbarĩ	ᵐb à ɾ é
mbarĩ	ᵐb à ɾ éꜜ
mbarĩki	ᵐb à ɾ é k ìꜜ
mbeca	ᵐb ɛ̀ː ɕ àꜜ
mbegũ	ᵐb ɛ̀ ɣ ó
mbegũ	ᵐb ɛ̀ ɣ ǒ
mbembe	ᵐb ɛ̀ᵐ b ɛ́ꜜ
mbere	ᵐb ɛ̀ ɾ ɛ̀ꜜ
mbeũ	ᵐb ɛ̀ ó
mbiacara	ᵐb i a ɕ a ɾ a
mbica	ᵐb ì ɕ á
mbiro	ᵐb ì ɾ ɔ́ꜜ
mboco	ᵐb ɔ̀ː ɕ ɔ̀ꜜ
mbogo	ᵐb ɔ̀ ɣ ɔ́
mbogo	ᵐb ɔ̀ ɣ ɔ̌
mbogoro	ᵐb ɔ̀ ɣ ɔ̀ ɾ ɔ̀ꜜ
mbugi	ᵐb ù ɣ íꜜ
mbuku	ᵐb ù k ùꜜ
mbura	ᵐb ù ɾ áꜜ
mbuĩ	ᵐb u e
mbwe	ᵐb w ɛ̌ꜜ
mbwe	ᵐb ò ɛ́ꜜ
mbĩrĩra	ᵐb èː ɾ é ɾ àꜜ
mbũkũ	ᵐb ó k óꜜ
mbũmbũĩ	ᵐb òᵐ b ò èꜜ
mbũri	ᵐb ò ɾ íꜜ
mbũtũ	ᵐb ò t ó
mbũũ	ᵐb ò ǒ
mena	m ɛ n a
menya	m ɛ ɲ a
meria	m ɛ ɾ i a
metha	m ɛ̀ː ð àꜜ
minji	m ìᶮ d ʑ ìꜜ
moni	m ɔ̀ n íꜜ
mori	m ɔ̀ː ɾ ìꜜ
muonjoria	m u ɔ̀ᶮ d͡ʑ ɔ̀ ɾ i á
muoyo	m u ɔ̀ j ɔ̀ꜜ
muuma	m u ù m ǎ
muunjuga	m u ùᶮ d͡ʑ ù ɣ àꜜ
muuto	m ùː t ɔ̀ꜜ
mwaka	m o à k áꜜ
mwaki	m o à k ìꜜ
mwaki	m o à k íꜜ
mwaki	m w à k ìꜜ
mwaki	m w à k íꜜ
mwambato	m o àᵐ b à t ɔ̀ꜜ
mwana	m ò à n áꜜ
mwanake	m o à n á k ɛ́
mwanga	m o àᵑ ɡ àꜜ
mwangi	m w àᵑ ɡ ǐ
mwarimũ	m o à ɾ í m óꜜ
mwario	m o à ɾ i ɔ̀ꜜ
mwario	m w àː ɾ i ɔ̀ꜜ
mwarĩ	m o à ɾ ě
mwarĩ	m w àː ɾ ě
mwarĩki	m o à ɾ é k ìꜜ
mwathani	m o à ð à n ìꜜ
mwathimũro	m o à ð í m ò ɾ ɔ̀ꜜ
mwatĩ	m o à t éꜜ
mwatũ	m o à t ǒ
mwatũka	m o à t ó k áꜜ
mwatũka	m w à t ó k ǎꜜ
mwe	m w ɛ
mwegetho	m o ɛ̀ ɣ ɛ́ ð ɔ̀ꜜ
mwena	m o ɛ̀ n àꜜ
mwendwa	m o ɛ̀ⁿ d o ǎ
mwene	m o ɛ̀ n ɛ́
mwera	m o ɛ́ ɾ ǎꜜ
mwere	m o ɛ̀ ɾ ɛ̌
mweri	m o ɛ̀ ɾ íꜜ
mwĩnũ	m o è n ǒ
mwĩrĩ	m ò è r èꜜ
mwĩrĩ	m ò è r ě
mwĩthũa	m o è ð ó w ǎꜜ
mĩhang'o	m è h à ŋ ɔ́ꜜ
mĩhũmũ	m è h òː m ó
mĩhũmũ	m è h òː m ǒ
mĩhũmũ	m è h óː m òꜜ
mũbangi	m ò β àᵑ ɡ ìꜜ
mũbango	m ò β àᵑ ɡ ɔ́ꜜ
mũbariti	m o β a ɾ iː t i
mũbarĩki	m ò β à ɾ é k ìꜜ
mũbaũ	m ò β àː óꜜ
mũbeebe	m ò β ɛ̀ː β ɛ́ꜜ
mũbira	m ò β íː ɾ ǎꜜ
mũbirũbirũ	m ò β ì ɾ ó β ì ɾ óꜜ
mũbĩngũ	m ò β èᵑ ɡ ǒ
mũcakwe	m ò ɕ á k o ɛ̀ꜜ
mũcakwe	m ò ɕ á k o ɛ́ꜜ
mũcarage	m ò ɕ à ɾ á ɣ ɛ̀ꜜ
mũceere	m ò ɕ ɛ́ː ɾ ɛ̌ꜜ
mũceere	m ó ɕ ɛ́ː ɾ ɛ̀
mũcege	m o t ɕ ɛː ɣ ɛ
mũcemanio	m ò ɕ ɛ̀ m à n i ɔ́
mũcemanio	m ò ɕ ɛ̀ m á n i ɔ̀ꜜ
mũcemeki	m ò ɕ ɛ̀ m ɛ́ k ìꜜ
mũciari	m ò ɕ i à ɾ íꜜ
mũciarithia	m ò ɕ i à ɾ ì ð i á
mũciarithia	m ò ɕ i à ɾ í ð i á
mũcibi	m ò ɕ í β íꜜ
mũciciũ	m ò t ɕ ì t ɕ i ó
mũcinga	m ò ɕ ìᵑ ɡ ǎ
mũcingo	m ò ɕ ìᵑ ɡ ɔ́
mũcingo	m ò ɕ ìᵑ ɡ ɔ̌
mũcingũ	m ò ɕ ìᵑ ɡ ó
mũcingũ	m ò ɕ ìᵑ ɡ ǒ
mũciĩ	m ò ɕ ì èꜜ
mũcumarĩ	m ò ɕ ù m àː ɾ èꜜ
mũcura	m ò ɕ ú ɾ ǎꜜ
mũcuthĩ	m ò ɕ ù ð éꜜ
mũcũgi	m ò t ɕ ò ɣ í
mũcũrĩ	m ò ɕ ò ɾ éꜜ
mũcũthi	m ò t ɕ ò ð ìꜜ
mũembe	m o ɛ́ᵐ b ɛ̀ꜜ
mũgaa	m ò ɣ á àꜜ
mũgagaca	m ò ɣ à ɣ á ɕ á
mũgaita	m o ɣ a i t a
mũgambo	m ò ɣ àᵐ b ɔ̀ꜜ
mũgate	m ò ɣ à t ɛ̌
mũgathĩ	m ò ɣ á ð ě
mũgathĩ	m ó ɣ á ð ì
mũgeka	m ò ɣ ɛ̀ k áꜜ
mũgendi	m ò ɣ ɛ̀ⁿ d ìꜜ
mũgeni	m ò ɣ ɛ̀ n ìꜜ
mũgiro	m o ɣ i ɾ ɔ
mũgogo	m ò ɣ ɔ́ː ɣ ɔ̀ꜜ
mũgoma	m ò ɣ ɔ́ m ǎ
mũgongo	m ò ɣ ɔ̀ᵑ ɡ ɔ̀ꜜ
mũgoro	m ò ɣ ɔ̀ ɾ ɔ̀ꜜ
mũgumo	m ò ɣ ù m ɔ̀ꜜ
mũguongo	m ò ɣ u ɔ̀ᵑ ɡ ɔ́
mũguongo	m ò ɣ u ɔ̀ᵑ ɡ ɔ́ꜜ
mũguĩ	m o ɣ o e
mũguĩ	m o ɣ w e
mũguĩmi	m ò ɣ o è m íꜜ
mũguĩmi	m ò ɣ u è m íꜜ
mũgwanja	m ò ɣ o àᶮ d͡ʑ áꜜ
mũgĩmbĩ	m ò ɣ èᵐ b ě
mũgũnda	m ò ɣ òⁿ d àꜜ
mũgũrũki	m ò ɣ ò ɾ ò k ìꜜ
mũhaara	m ò h àː ɾ ǎ
mũhaka	m ò h à k ǎ
mũhari	m ò h à ɾ ìꜜ
mũheenania	m ò h ɛ̀ː n á n i á
mũhehe	m ò h ɛ̀ː h ɛ̀ꜜ
mũhethu	m ò h ɛ̀ ð ú
mũhikania	m ò h ì k à n i á
mũhiki	m o h i k i
mũhoko	m ò h ɔ̀ k ɔ̌
mũhu	m ò h ǔꜜ
mũhĩa	m ò h e ǎ
mũhĩa	m ò h è á
mũhĩnga	m ò h éᵑ ɡ ǎꜜ
mũhĩrĩgo	m ò h è ɾ é ɣ ɔ̀ꜜ
mũhũgũ	m ò h ò ɣ ó
mũhũmũ	m ò h òː m ó
mũhũmũ	m ò h òː m ǒ
mũhũmũ	m ò h óː m òꜜ
mũhũri	m ò h ò ɾ í
mũici	m ò ì ɕ íꜜ
mũigaigua	m o i ɣ a i ɣ u a
mũigua	m o i ɣ u a
mũikari	m o i k a ɾ i
mũikari	m ò ì k à ɾ ìꜜ
mũiko	m ò ì k ɔ́ꜜ
mũikũrũko	m ò ì k ò ɾ ò k ɔ̀ꜜ
mũiri	m ò ìː ɾ íꜜ
mũiru	m ò ì ɾ ǔ
mũirĩtu	m o ì ɾ éː t ùꜜ
mũirĩtu	m o ì ɾ éː t ú
mũitĩrĩro	m ò ì t è ɾ è ɾ ɔ̀ꜜ
mũka	m ò k ǎ
mũkamo	m ò k à m ɔ́ꜜ
mũkanda	m ò k àⁿ d á
mũkangarithi	m o k aᵑ ɡ a ɾ i ð i
mũkarakaba	m o k a ɾ a k a β a
mũkarara	m ò k à ɾ à ɾ àꜜ
mũkaro	m ò k à ɾ ɔ̀ꜜ
mũkebe	m ò k ɛ́ β ɛ́ꜜ
mũkengeria	m ò k ɛ́ᵑ ɡ ɛ̀ ɾ i áꜜ
mũkenia	m ò k ɛ́ n i ǎꜜ
mũkiha	m ò k í h àꜜ
mũkinyai	m ò k ì ɲ à íꜜ
mũkoigo	m ò k ɔ̀ ì ɣ ɔ̀ꜜ
mũkoigwa	m ò k ɔ̀ ì ɣ w àꜜ
mũkomakoma	m o k ɔ m a k ɔ m a
mũkombi	m ò k ɔ̀ᵐ b ìꜜ
mũkongoro	m o k ɔᵑ ɡ ɔ ɾ ɔ
mũkonyo	m ò k ɔ̀ ɲ ɔ́ꜜ
mũkoro	m ò k ɔ̀ ɾ ɔ̀ꜜ
mũkorobia	m ò k ɔ̀ ɾ ɔ̀ β íː àꜜ
mũkorombothi	m ò k ɔ̀ ɾ ɔ̀ᵐ b ɔ̀ ð ìꜜ
mũkuha	m ò k ù h áꜜ
mũkururo	m ò k ù ɾ ù ɾ ɔ̀ꜜ
mũkĩndũ	m ò k èⁿ d óꜜ
mũkĩra	m ò k é ɾ áꜜ
mũkĩra	m ò k é ɾ ǎꜜ
mũkũndũ	m ò k òⁿ d ó
mũkũndũ	m ò k òⁿ d óꜜ
mũkũnga	m ò k òᵑ ɡ áꜜ
mũkũngũgũ	m o k oᵑ ɡ o ɣ o
mũkũyũ	m ò k ò j óꜜ
mũmero	m ò m ɛ̀ ɾ ɔ̀ꜜ
mũmondo	m ò m ɔ̀ⁿ d ɔ̀ꜜ
mũna	m o n a
mũndũ	m òⁿ d òꜜ
mũno	m o n ɔ
mũnungo	m ò n ùᵑ ɡ ɔ̀ꜜ
mũnyago	m ò ɲ á ɣ ɔ̀ꜜ
mũnyaka	m ò ɲ à k áꜜ
mũnyiginyigi	m ò ɲ ì ɣ í ɲ ì ɣ íꜜ
mũnyongoro	m ò ɲ ɔ́ᵑ ɡ ɔ̀ ɾ ɔ́ꜜ
mũnyĩrĩ	m ò ɲ é ɾ éꜜ
mũnyũrũrũko	m ò ɲ ò ɾ ò ɾ ò k ɔ̀ꜜ
mũragũri	m ò ɾ à ɣ ò ɾ ìꜜ
mũrangi	m ò ɾ àᵑ ɡ ǐ
mũrango	m o ɾ aᵑ ɡ ɔ
mũraraciĩ	m o ɾ a ɾ a ɕ i e
mũraru	m ò ɾ àː ɾ ú
mũrarĩ	m ò ɾ à ɾ èꜜ
mũrarĩ	m ò ɾ á ɾ èꜜ
mũrarũ	m òː ɾ á ɾ òꜜ
mũrata	m ò ɾ àː t áꜜ
mũratho	m ò ɾ à ð ɔ́ꜜ
mũratina	m ò ɾ áː t ì n áꜜ
mũrera	m ò ɾ ɛ̀ː ɾ ǎ
mũrera	m ò ɾ ɛ́ ɾ áꜜ
mũri	m ò ɾ ìꜜ
mũrigo	m ò ɾ ì ɣ ɔ́ꜜ
mũrimũ	m ò ɾ ì m óꜜ
mũringa	m ò ɾ íᵑ ɡ àꜜ
mũriyũ	m ò ɾ ìː ǒ
mũrogi	m ò ɾ ɔ̀ ɣ ìꜜ
mũromo	m ò ɾ ɔ̀ m ɔ̀ꜜ
mũrongo	m ò ɾ ɔ̀ᵑ ɡ ɔ̀ꜜ
mũrutani	m ò ɾ ù t à n ìꜜ
mũrĩithi	m ò ɾ e ì ð íꜜ
mũrĩmi	m ò ɾ è m ìꜜ
mũrĩmo	m ò ɾ é m ɔ̀ꜜ
mũrũaru	m ò ɾ o à ɾ ú
mũrũarũ	m ò ɾ o à ɾ ó
mũrũgũ	m ò ɾ ó ɣ òꜜ
mũrũngũru	m ò ɾ òᵑ ɡ ó ɾ ú
mũrũrũ	m ò ɾ ò ɾ òꜜ
mũrũrũa	m ò ɾ òː ɾ òː áꜜ
mũrũrũe	m ò ɾ ò ɾ ò w ɛ̀ꜜ
mũrũthi	m ò ɾ òː ð ǐ
mũtamaiyũ	m o t a m a i j o
mũtamaiyũ	m ò t à m á í j ó
mũtarakwa	m ò t à ɾ á k o áꜜ
mũtaratara	m ò t à ɾ á t à ɾ áꜜ
mũtaro	m ò t à ɾ ɔ́ꜜ
mũtatĩ	m ò t à t éꜜ
mũtego	m ò t ɛ̀ ɣ ɔ́ꜜ
mũtembei	m ò t ɛ̀ᵐ b ɛ́ ìꜜ
mũtendera	m ò t ɛ̀ⁿ d ɛ̀ ɾ áꜜ
mũthaatũ	m ò ð àː t ó
mũthaithi	m ò ð à ì ð ìꜜ
mũthaitĩ	m o ð a i t e
mũthamaki	m ò ð à m á k ìꜜ
mũthandũkũ	m ò ð àⁿ d ó k óꜜ
mũthanga	m ò ð áᵑ ɡ àꜜ
mũtharaba	m ò ð à ɾ à β áꜜ
mũthece	m ò ð ɛ̀ː ɕ ɛ́
mũthee	m ò ð ɛ́ ɛ́ꜜ
mũthegethe	m ò ð ɛ̀ ɣ ɛ̀ ð ɛ́
mũthekere	m ò ð ɛ̀ k ɛ̀ ɾ ɛ́
mũthemba	m ò ð ɛ̀ᵐ b àꜜ
mũthia	m ò ð ì j áꜜ
mũthia	m ò ð ì áꜜ
mũthigari	m òː ð ì ɣ á ɾ íꜜ
mũthigari	m òː ð í ɣ á ɾ ì
mũthigiti	m ò ð ì ɣ í t ìꜜ
mũthita	m ò ð ìː t áꜜ
mũthita	m ò ð ìː t ǎ
mũthitarĩ	m ò ð ì t àː ɾ èꜜ
mũthitarĩ	m ò ð ì t àː ɾ ìꜜ
mũthithe	m ò ð ì ð ɛ́
mũthithikũ	m ò ð ì ð ì k ǒ
mũthiũrũrũko	m ò ð i ò ɾ ó ɾ ò k ɔ̀ꜜ
mũthongorima	m ò ð ɔ̀ᵑ ɡ ɔ́ ɾ í m á
mũthuru	m ò ð ù ɾ úꜜ
mũthuuri	m ò ð ùː ɾ ìꜜ
mũthĩga	m ò ð è ɣ áꜜ
mũthũ	m o ð o
mũthũa	m ò ð ò w á
mũthũngũ	m ò ð óᵑ ɡ òꜜ
mũthũũri	m ò ð óː ɾ ǐꜜ
mũting'oe	m ò t ìː ŋ ɔ̀ ɛ́ꜜ
mũtino	m ò t ì n ɔ́ꜜ
mũtitũ	m ò t ì t óꜜ
mũtokaa	m ò t ɔ̀ k á àꜜ
mũtomoko	m ò t ɔ̀ː m ɔ́ k ɔ̀ꜜ
mũtongoria	m ò t ɔ̀ᵑ ɡ ɔ́ ɾ i á
mũtongu	m ò t ɔ̀ᵑ ɡ ú
mũtore	m ò t ɔ̀ ɾ ɛ̀ꜜ
mũtore	m ò t ɔ̀ ɾ ɛ̌
mũtumia	m ò t ù m í j àꜜ
mũturi	m ò t ù ɾ íꜜ
mũtuuya	m ò t ùː j áꜜ
mũtwe	m o t o ɛ
mũtwe	m o t w ɛ
mũtĩ	m ò t ě
mũtũma	m ò t òː m àꜜ
mũtũma	m ò t óː m ǎꜜ
mũtũng'ũ	m ò t ò ŋ óꜜ
mũtũngũrũ	m ò t òᵑ ɡ ó ɾ ó
mũũnyũ	m o ò ɲ óꜜ
namba	n àᵐ b á
namũ	n á m òꜜ
nathi	n àː ð íꜜ
nda	ⁿd àꜜ
ndaa	ⁿd à ǎ
ndaa	ⁿd àː áꜜ
ndabibi	ⁿd a β iː β i
ndaci	ⁿd àː ɕ ìꜜ
ndagĩtarĩ	ⁿd à ɣ é t àː ɾ éꜜ
ndahi	ⁿd à h íꜜ
ndaka	ⁿd à k àꜜ
ndangũrũ	ⁿd aᵑ ɡ o ɾ o
ndangũrũ	ⁿd àᵑ ɡ ó ɾ ó
ndaraca	ⁿd à ɾ à ɕ ǎ
ndarama	ⁿd à ɾ à m ǎ
ndare	ⁿd à ɾ ɛ́
ndarũa	ⁿd àː ɾ o á
ndawa	ⁿd àː w á
ndaĩ	ⁿd à éꜜ
ndeegwa	ⁿd ɛː ɣ o a
ndeegwa	ⁿd ɛː ɣ w a
ndege	ⁿd ɛ̀ ɣ ɛ́ꜜ
ndegwa	ⁿd ɛ̀ː ɣ o àꜜ
ndegwa	ⁿd ɛ̀ː ɣ w àꜜ
ndemwa	ⁿd ɛ́ m o áꜜ
ndereba	ⁿd ɛ̀ ɾ ɛ̀ β áꜜ
ndereti	ⁿd ɛ̀ː ɾ ɛ̀ː t íꜜ
ndereti	ⁿd ɛ̀ː ɾ ɛ́ t íꜜ
nderi	ⁿd ɛ̀ ɾ íꜜ
ndeto	ⁿd ɛ̀ t ɔ́ꜜ
ndia	ⁿd ì àꜜ
ndigiri	ⁿd ì ɣ ì ɾ ìꜜ
ndigithũ	ⁿd ì ɣ í ð óꜜ
ndigithũ	ⁿd ì ɣ í ð ǒꜜ
ndimũ	ⁿd ì m óꜜ
ndina	ⁿd ì n áꜜ
nding'oing'o	ⁿd ì ŋ ɔ̀ ì ŋ ɔ̀ꜜ
ndinoho	ⁿd ì n ɔ̀ h ɔ́ꜜ
ndira	ⁿd íː ɾ áꜜ
ndira	ⁿd íː ɾ ǎꜜ
ndirica	ⁿd ì ɾ ì ɕ ǎ
ndoco	ⁿd ɔ̀ː ɕ ɔ̀ꜜ
ndogo	ⁿd ɔ̀ː ɣ ɔ̀ꜜ
ndome	ⁿd ɔ̀ː m ɛ́
ndongoro	ⁿd ɔ̀ᵑ ɡ ɔ̀ ɾ ɔ̀ꜜ
ndoo	ⁿd ɔ̀ ɔ̌
ndoro	ⁿd ɔ̀ː ɾ ɔ̀ꜜ
ndotono	ⁿd ɔ̀ t ɔ́ n ɔ̀ꜜ
nduka	ⁿd ù k á
nduma	ⁿd ù m á
ndume	ⁿd ù m ɛ́
ndundu	ⁿd uⁿ d u
ndundu	ⁿd ùⁿ d ú
ndungata	ⁿd ùᵑ ɡ á t á
ndururumo	ⁿd ù ɾ ù ɾ ù m ɔ̀ꜜ
ndutu	ⁿd ú t úꜜ
ndutura	ⁿd ù t ùː ɾ ǎ
ndwari	ⁿd o à ɾ íꜜ
ndwari	ⁿd w à ɾ íꜜ
ndĩrĩ	ⁿd è ɾ ě
ndũgũ	ⁿd ò ɣ ǒ
ndũiga	ⁿd o i ɣ a
ndũnyũ	ⁿd òː ɲ ó
ndũrũme	ⁿd ò ɾ ó m ɛ̀ꜜ
ndũũma	ⁿd óː m ǎꜜ
ng'aragu	ŋ à ɾ à ɣ úꜜ
ng'ombe	ŋ ɔ̀ᵐ b ɛ̀ꜜ
ng'ondu	ŋ ɔ̀ⁿ d úꜜ
ngaara	ᵑɡ aː ɾ a
ngage	ᵑɡ à ɣ ɛ́ꜜ
ngage	ᵑɡ á ɣ ɛ́ꜜ
ngai	ᵑɡ à ǐ
ngaita	ᵑɡ a i t a
nganga	ᵑɡ àᵑ ɡ áꜜ
nganja	ᵑɡ àᶮ d ʑ á
ngarĩ	ᵑɡ à ɾ éꜜ
ngatata	ᵑɡ à t á t á
ngathĩti	ᵑɡ à ð éː t ìꜜ
ngatia	ᵑɡ á t i áꜜ
ngemi	ᵑɡ ɛ̀ m íꜜ
ngi	ᵑɡ ìꜜ
ngigĩ	ᵑɡ ì ɣ èꜜ
ngingo	ŋ ɡ ì ŋ ɡ ɔ́
ngingo	ŋ ɡ í ŋ ɡ ɔ́
nginya	ᵑɡ ì ɲ àꜜ
ngirathi	ᵑɡ ì ɾ áː ð ì
ngiria	ᵑɡ ì ɾ i á
ngitĩ	ᵑɡ ì t éꜜ
ngitĩ	ᵑɡ ì t ě
ngo	ᵑɡ ɔ̀ꜜ
ngobo	ᵑɡ ɔ́ β ɔ́ꜜ
ngoma	ᵑɡ ɔ̀ m ǎ
ngombo	ᵑɡ ɔ̀ᵐ b ɔ́
ngono	ᵑɡ ɔ̀ n ɔ́
ngoro	ᵑɡ ɔ̀ ɾ ɔ́ꜜ
ngoru	ᵑɡ ɔ̀ ɾ úꜜ
ngothi	ᵑɡ ɔ̀ː ð ìꜜ
ngucanio	ᵑɡ ùː ɕ á n i ɔ́ꜜ
ngui	ᵑɡ ú íꜜ
ngumo	ᵑɡ ù m ɔ́ꜜ
ngundi	ᵑɡ ùⁿ d ǐ
ngunĩko	ᵑɡ ù n é k ɔ̀ꜜ
nguru	ᵑɡ ù ɾ úꜜ
ngurunyu	ᵑɡ ù ɾ ù ɲ ú
ngurunyu	ᵑɡ ù ɾ ú ɲ ú
nguruu	ᵑɡ ù ɾ ù ǔ
nguruu	ᵑɡ ù ɾ ú ùꜜ
nguuũ	ᵑɡ ùː ǒ
nguya	ᵑɡ u j a
nguyo	ᵑɡ ùː j ɔ̀ꜜ
ngwacĩ	ᵑɡ o à ɕ ěꜜ
ngwacĩ	ᵑɡ w à ɕ ěꜜ
ngware	ᵑɡ o à ɾ ɛ̌
ngĩma	ᵑɡ è m áꜜ
ngĩrĩ	ᵑɡ è ɾ ě
ngũbia	ᵑɡ ò β í j áꜜ
ngũbia	ᵑɡ ò β í j ǎꜜ
ngũgũ	ᵑɡ óː ɣ ǒꜜ
ngũgũtũ	ᵑɡ ò ɣ ó t ó
ngũha	ᵑɡ ò h áꜜ
ngũkũ	ᵑɡ ò k ó
ngũkũma	ᵑɡ oː k o m a
ngũngũni	ŋ ɡ óː ŋ ɡ ò n íꜜ
ngũrũe	ŋ ò ɾ ò w ɛ̀ꜜ
ngũrũe	ᵑɡ ò ɾ ò ɛ̀ꜜ
niĩ	n i e
njagathi	ᶮd ʑ à ɣ à ð ìꜜ
njagĩ	ᶮd ʑ à ɣ ě
njahĩ	ᶮd ʑ à h ě
njamba	ᶮd ʑ àᵐ b áꜜ
njara	ᶮd ʑ a ɾ a
njata	ᶮd ʑ á t áꜜ
njege	ᶮd ʑ ɛː ɣ ɛ
njegeeke	ᶮd ʑ ɛ́ ɣ ɛ̀ː k ɛ́ꜜ
njeneni	ᶮd ʑ ɛ́ n ɛ̀ː n íꜜ
njikarĩro	ᶮd ʑ ì k à ɾ è ɾ ɔ̀ꜜ
njogoo	ᶮd ʑ ɔ̀ ɣ ɔ́ ɔ̀ꜜ
njogu	ᶮd ʑ ɔ̀ ɣ ùꜜ
njohero	ᶮd ʑ ɔ̀ h ɛ́ ɾ ɔ̀
njohero	ᶮd ʑ ɔ́ h ɛ́ ɾ ɔ̀
njohi	ᶮd ʑ ɔ̀ː h ǐ
njoka	ᶮd ʑ ɔ̀ k áꜜ
njoroge	ᶮd ʑ ɔ̀ ɾ ɔ̀ ɣ ɛ́ꜜ
njuĩrĩ	ᶮd͡ʑ o è ɾ éꜜ
njuĩrĩ	ᶮd͡ʑ u è ɾ éꜜ
njĩmbĩrĩ	ᶮd ʑ èᵐ b é ɾ é
njĩra	ᶮd ʑ è ɾ ǎ
njũgũma	ᶮd ʑ ò ɣ ò m ǎ
njũi	ᶮd ʑ óː ìꜜ
njũkĩ	ᶮd ʑ ò k éꜜ
njũragano	ᶮd͡ʑ ò ɾ á ɣ à n ɔ̀ꜜ
no	n ɔ
noe	n ɔ̀ ɛ́ꜜ
noora	n ɔː ɾ a
numĩra	n ù m è ɾ àꜜ
nyaga	ɲ à ɣ áꜜ
nyama	ɲ à m àꜜ
nyama	ɲ à m áꜜ
nyamĩndigi	ɲ à m éːⁿ d í ɣ ì
nyamĩndigi	ɲ á m éːⁿ d ì ɣ ì
nyamĩndigi	ɲ á m íːⁿ d ì ɣ íꜜ
nyamũ	ɲ à m ǒꜜ
nyamũga	ɲ a m o ɣ a
nyamũga	ɲ à m ó ɣ áꜜ
nyau	ɲ à úꜜ
nyau	ɲ àː úꜜ
nyee	ɲ ɛ́ ɛ́ꜜ
nyeni	ɲ ɛ n i
nyenje	ɲ ɛ̀ᶮ d ʑ ɛ́
nyina	ɲ ì n ǎꜜ
nyoka	ɲ ɔ̀ k áꜜ
nyondo	ɲ ɔ̀ⁿ d ɔ̀ꜜ
nyoni	ɲ ɔ̀ n ìꜜ
nyoro	ɲ ɔ̀ ɾ ɔ̀ꜜ
nyua	ɲ u a
nyũmba	ɲ òᵐ b ǎ
nyũngũ	ɲ òᵑ ɡ ǒ
nĩ	n e
nĩkĩ	n e k e
nũgũ	n ó ɣ óꜜ
nũgũ	n ó ɣ ǒꜜ
nũũ	n oː
oha	ɔ h a
ona	ɔ n a
onia	ɔ n i a
oya	ɔ j a
raara	ɾ aː ɾ a
raaria	ɾ aː ɾ i a
ragũra	ɾ a ɣ o ɾ a
ragũrĩra	ɾ a ɣ o ɾ e ɾ a
rakara	ɾ aː k a ɾ a
rangi	ɾ àᵑ ɡ ǐ
ratha	ɾ a ð a
rega	ɾ ɛ ɣ a
rema	ɾ ɛ m a
remwo	ɾ ɛ m o ɔ
riboti	ɾ ì β ɔ́ː t ìꜜ
riika	ɾ ìː k àꜜ
riitho	ɾ i ì ð ɔ́ꜜ
ririkana	ɾ i ɾ i k a n a
ririkania	ɾ i ɾ i k a n i a
riũa	ɾ i ò áꜜ
rora	ɾ ɔ ɾ a
rota	ɾ ɔː t a
ruai	ɾ ù à ì
ruga	ɾ u ɣ a
ruma	ɾ u m a
rumu	ɾ ù m ùꜜ
ruoya	ɾ u ɔ̀ j ǎ
ruruma	ɾ u ɾ u m a
ruta	ɾ u t a
rwagĩ	ɾ o a ɣ e
rwambo	ɾ o àᵐ b ɔ̀ꜜ
rwara	ɾ o à ɾ áꜜ
rĩa	ɾ e a
rĩera	ɾ e ɛ́ ɾ ǎꜜ
rĩha	ɾ e h a
rĩithia	ɾ e i ð i a
rĩithori	ɾ è ì ð ɔ́ ɾ ìꜜ
rĩma	ɾ e m a
rĩra	ɾ e ɾ a
rĩrĩa	ɾ e ɾ e a
rĩu	ɾ e u
rĩĩtwa	ɾ e e t o a
rĩĩtwa	ɾ e e t w a
rĩũmba	ɾ e òᵐ b áꜜ
rũathe	ɾ o à ð ɛ̌
rũbaru	ɾ ò β à ɾ ùꜜ
rũbaũ	ɾ ò β àː óꜜ
rũbutu	ɾ ò β ú t úꜜ
rũbũa	ɾ ò β ò w ǎ
rũcinĩ	ɾ òː ɕ íː n ěꜜ
rũcuĩrĩ	ɾ ò ɕ o è ɾ éꜜ
rũcuĩrĩ	ɾ ò ɕ u è ɾ éꜜ
rũga	ɾ ò ɣ àꜜ
rũgama	ɾ oː ɣ a m a
rũgano	ɾ ò ɣ à n ɔ̀ꜜ
rũgendo	ɾ ò ɣ ɛ̀ⁿ d ɔ̀ꜜ
rũgiri	ɾ ò ɣ ì ɾ ìꜜ
rũgito	ɾ ò ɣ ì t ɔ̀ꜜ
rũgongo	ɾ ò ɣ ɔ̀ᵑ ɡ ɔ̀ꜜ
rũgucio	ɾ ò ɣ ùː ɕ i ɔ̀ꜜ
rũgũrũ	ɾ ò ɣ ò ɾ òꜜ
rũheni	ɾ ò h ɛ̀ n ìꜜ
rũhiũ	ɾ ò h i ǒ
rũhonge	ɾ ò h ɔ̀ᵑ ɡ ɛ̌
rũhuho	ɾ ò h ùː h ɔ̀ꜜ
rũhĩ	ɾ ò h ěꜜ
rũhĩa	ɾ ò h e ǎ
rũhĩa	ɾ ò h è á
rũkunyũ	ɾ ò k ò ɲ ǒ
rũkunyũ	ɾ ò k ù ɲ ǒ
rũkũngũ	ɾ ò k òᵑ ɡ ǒ
rũma	ɾ o m a
rũmĩrĩra	ɾ o m e ɾ e ɾ a
rũng'ũthũ	ɾ ò ŋ ò ð óꜜ
rũnyarĩrĩ	ɾ o ɲ aː ɾ e ɾ e
rũnyarĩrĩ	ɾ ò ɲ àː ɾ è ɾ èꜜ
rũraacio	ɾ ò ɾ àː ɕ i ɔ̀ꜜ
rũrigi	ɾ ò ɾ ì ɣ íꜜ
rũru	ɾ òː ɾ ùꜜ
rũrĩmĩ	ɾ ò ɾ è m éꜜ
rũrĩra	ɾ ò ɾ è ɾ àꜜ
rũrĩra	ɾ ò ɾ ɛ̀ ɾ àꜜ
rũthingo	ɾ ò ð ìᵑ ɡ ɔ̀ꜜ
rũthiomi	ɾ ò ð i ɔ̀ m íꜜ
rũthirũ	ɾ ò ð ì ɾ ó
rũthĩa	ɾ ò ð è j á
rũĩmbo	ɾ o èᵐ b ɔ́ꜜ
rũũga	ɾ oː ɣ a
rũũĩ	ɾ òː éꜜ
taara	t aː ɾ a
taha	t a h a
tahĩka	t a h e k a
te	t ɛ
teithia	t ɛ i ð i a
tema	t ɛ m a
tene	t ɛ̀ n ɛ̀ꜜ
teng'era	t ɛ ŋ ɛ ɾ a
teta	t ɛ t a
thaatũ	ð àː t ó
thabina	ð à β í n àꜜ
thabuni	ð a β uː n i
thaburia	ð à β ú ɾ i áꜜ
thaburia	ð à β ú ɾ i ǎꜜ
thahabu	ð à h á β ùꜜ
thahabu	ð à h á β ǔꜜ
thaitha	ð a i ð a
thakame	ð à k á m ɛ́
thakara	ð a k a ɾ a
thamaka	ð a m a k a
thamaki	ð à m á k ìꜜ
thambara	ð àᵐ b á ɾ á
thambia	ð aᵐ b i a
thandara	ð aⁿ d a ɾ a
thandĩ	ð àⁿ d éꜜ
thani	ð áː n ǐꜜ
thara	ð àː ɾ ǎ
thathi	ð àː ð íꜜ
theca	ð ɛː ɕ a
thegere	ð ɛ̀ ɣ ɛ̀ ɾ ɛ̀ꜜ
theka	ð ɛ k a
thenge	ð ɛ̀ᵑ ɡ ɛ̀ꜜ
thiari	ð i a ɾ i
thibitarĩ	ð ì β ì t áː ɾ èꜜ
thigai	ð ì ɣ áː ìꜜ
thigiriri	ð ì ɣ í ɾ ì ɾ íꜜ
thiirĩ	ð ìː ɾ èꜜ
thimbũ	ð íːᵐ b ǒꜜ
thimo	ð i m ɔ
thiota	ð ì ɔ̀ t àꜜ
thirikari	ð i ɾ i k aː ɾ i
thiruai	ð i ɾ o a i
thiruai	ð i ɾ u a i
thiruai	ð ì ɾ w á ǐ
thiruai	ð í ɾ w à íꜜ
thiruai	ð í ɾ w á ì
thithino	ð ì ð ì n ɔ̀ꜜ
thitima	ð ìː t í m àꜜ
thiya	ð ìː j á
thiĩ	ð i e
thiũrũra	ð i ò ɾ ó ɾ àꜜ
thogora	ð ɔ̀ ɣ ɔ̀ ɾ àꜜ
thoguo	ð ɔ̀ː ɣ u ɔ́ꜜ
thoko	ð ɔ̀ k ɔ̀ꜜ
thoma	ð ɔː m a
thondeka	ð ɔⁿ d ɛ k a
thonjo	ð ɔ̀ᶮ d ʑ ɔ̀ꜜ
thukuru	ð ù k ú ɾ ùꜜ
thumu	ð ù m ùꜜ
thundo	ð ùⁿ d ɔ́ꜜ
thuraku	ð ù ɾ á k ùꜜ
thutha	ð ùː ð àꜜ
thuya	ð ùː j áꜜ
thwara	ð o á ɾ àꜜ
thwariga	ð o à ɾ ì ɣ ǎ
thwariga	ð w a ɾ i ɣ a
thĩ	ð e
thĩa	ð e a
thĩa	ð è j á
thĩgĩngĩ	ð è ɣ éᵑ ɡ èꜜ
thũ	ð ǒꜜ
thũng'wa	ð ó ŋ o áꜜ
thũngũri	ð oᵑ ɡ o ɾ i
thũngũri	ð òᵑ ɡ ò ɾ ìꜜ
thũriũ	ð òː ɾ i ǒꜜ
tiga	t i ɣ a
tinia	t i n i a
tombo	t ɔ̀ᵐ b ɔ́
tongoria	t ɔᵑ ɡ ɔ ɾ i a
tonya	t ɔː ɲ a
toro	t ɔ̀ ɾ ɔ̌ꜜ
tura	t u ɾ a
twara	t w a ɾ a
tĩĩri	t èː ɾ íꜜ
tũma	t o m a
tũnga	t oᵑ ɡ a
tũũra	t oː ɾ a
uga	u ɣ a
uma	u m a
umagara	u m a ɣ a ɾ a
uungumania	u uᵑ ɡ u m a n i a
wabici	w à β ì ɕ í
wakarurĩ	w a k a ɾ u ɾ e
wakarurĩ	w àː k à ɾ ò ɾ èꜜ
wandĩndĩ	w àⁿ d èⁿ d èꜜ
waru	w à ɾ úꜜ
watho	w àː ð ɔ̀ꜜ
we	w ɛ
we	w ɛː
wega	w ɛː ɣ a
wendo	w ɛⁿ d ɔ
werũ	w ɛ̀ ɾ óꜜ
wonjoria	w ɔ̀ᶮ d͡ʑ ɔ̀ ɾ i á
wĩra	w èː ɾ àꜜ
ĩ	e ɪ
ĩka	e k a
ĩra	e ɾ a
ĩrorera	e ɾ ɔ ɾ ɛ ɾ a
ĩrĩ	e ɾ e
ĩta	e t a
ĩtigĩra	e t i ɣ e ɾ a
ĩĩ	e e
ũ	o
ũbuthu	ò β ù ð ǔ
ũcũrũ	ò t ɕ ò ɾ ǒ
ũgwati	ò ɣ w à t ìꜜ
ũgũrũki	ò ɣ ò ɾ ò k ìꜜ
ũhere	ò h ɛ̀ r ɛ̀ꜜ
ũhere	ò h ɛ̀ r ɛ̌
ũhoro	ò h ɔ̀ ɾ ɔ́ꜜ
ũiru	ò ì ɾ ǔ
ũka	o k a
ũkuhĩ	ò k ù h é
ũkĩra	o k e ɾ a
ũmba	oᵐ b a
ũmotho	ò m ɔ̀ ð ɔ̌
ũmũthĩ	ò m óː ð èꜜ
ũra	o ɾ a
ũraga	o ɾ a ɣ a
ũraihu	o ɾ a i h u
ũraihu	ò ɾ à ì h ó
ũrata	ò ɾ àː t áꜜ
ũria	o ɾ i a
ũrimũ	ò ɾ ì m óꜜ
ũruu	ò ɾ ù ǔ
ũrĩmi	ò ɾ è m ìꜜ
ũrĩo	ò ɾ e ɔ̌ꜜ
ũrĩrĩ	ò ɾ è ɾ èꜜ
ũta	ò t ǎꜜ
ũtheri	ò ð ɛ̀ ɾ íꜜ
ũthiũ	ò ð i ǒꜜ
ũtonga	ò t ɔ̀ᵑ ɡ ǎ
ũtukũ	ò t ù k óꜜ
ũtune	ò t ùː n ɛ́ꜜ
ũĩ	oː w e
ũũgĩ	ò ò ɣ é
ũũkĩ	o ò k éꜜ
ũũru	o ò ɾ ú
