a	a
abaks	a b a k s
abate	a b a t ɛ
abatija	a b a t i j a
abats	a b a t s
abejonė	ɐ bʲ ɛ j ǒː nʲ eː
abi	a b i
abinieks	a b i n i ɛ k s
aborts	a b o ɾ t s
abstrakcija	a b s t ɾ a k t s i j a
abstrakts	a b s t ɾ a k t s
abstraktums	a b s t ɾ a k t u m s
acs	a t s
adata	a d a t a
adenīns	a d ɛ n iː n s
administratore	a d m i n i s t r a t oː ɾ ɛ
administratore	a d m i n i s t r aː t oː ɾ ɛ
administrators	a d m i n i s t ɾ a t o ɾ s
adrese	a d ɾ ɛ s ɛ
adīt	a d îː t
adīšana	a d îː ʃ a n a
afrikānietis	a f r i k āː n i ɛ t i s
afrikānietis	āː f r i k āː n i ɛ t i s
afrikānis	a f ɾ i k āː n i s
afrikānis	āː f ɾ i k āː n i s
afrikānisks	a f r i k āː n i s k s
afrikānisks	āː f r i k āː n i s k s
agrs	a ɡ ɾ s
agrums	a ɡ ɾ u m s
aicināt	a î t s i n âː t
aicināt	ā ī t s i n âː t
aids	â j t s
airis	ā ī ɾ i s
aita	à j t a
aiz	à j s
aizdusa	à j z d u s a
aizgalds	à j z ɡ â l t s
aizmirst	à j z m ì ɾ s t
aizmārša	à i z m àː ɾ ʃ a
aizparīt	à j z p a ɾ îː t
aizspriedums	à j s p ɾ i ɛ̂ d u m s
aizstāvēt	a j s t āː v ɛ̂ː t
aizvakar	à j z v a k a r
aizvakardiena	à j z v a k a ɾ d ì ɛ n a
aka	a k a
akcents	a k t s ɛ n t s
akcentuācija	a k t s ɛ n t u aː t s i j a
akls	a k l s
aklums	a k l u m s
aknas	a k n a s
akts	a k t s
aktīnijs	a k t īː n i j s
akustika	a k u s t i k a
akustisks	a k u s t i s k s
akustiķe	a k u s t i c e
akustiķis	a k u s t i c i s
akvedukts	a k v ɛ d u k t s
ala	a l a
albāniete	a l b āː n i ɛ t ɛ
albānija	a l b āː n i j a
albānis	a l b āː n i s
algebra	a l ɡ ɛ b ɾ a
alksnis	à l k s n i s
alnis	â l n i s
alumīnijs	a l u m iː n i j s
alus	a l u s
alva	ā l v a
amerika	a m ɛ ɾ i k a
amerikāniete	a m ɛ ɾ i k āː n i ɛ t ɛ
amerikānis	a m ɛ ɾ i k āː n i s
amerikānisks	a m ɛ ɾ i k āː n i s k s
amerikānisms	a m ɛ ɾ i k āː n i s m s
amerīcijs	a m e r ìː t s i j s
amfībija	a m f īː b i j a
ananass	a n a n a s
anatome	a n a t ōː m ɛ
anatomija	a n a t ōː m i j a
anatomisks	a n a t ōː m i s k s
anatoms	a n a t ōː m s
andora	a n d oː ɾ a
andoriete	a n d o ɾ i ɛ t ɛ
anglija	ā ŋ ɡ l i j a
anglis	ā ŋ ɡ l i s
anglisks	ā ŋ ɡ l i s k s
antimons	ā n t i m ōː n s
antropologs	ā n t ɾ o p o l o ɡ s
antropoloģe	ā n t ɾ o p o l o ɟ ɛ
antropoloģija	ā n t ɾ o p o l o ɟ i j a
apart	a p â ɾ t
aparšana	a p a ɾ ʃ a n a
apavniece	a p a w n ì ɛ t s ɛ
apavnieks	a p a w n ì ɛ k s
apavs	a p a w s
apcept	a p t s ɛ p t
apdārzs	a p d àː ɾ s
apinis	a p i n i s
apinis	a p īː n i s
aplikācija	a p l i k aː t s i j a
aploksne	a p l ù o k s n e
apmainīt	a p m ā ī n îː t
apmainīšana	a p m ā ī n îː ʃ a n a
apmaiņa	a p m ā ī ɲ a
apostrofs	a p o s t ɾ oː f s
aprikoze	a p ɾ i k oː z ɛ
apse	a p s ɛ
apspriede	a p s p ɾ i ɛ̂ d ɛ
apspriest	a p s p ɾ i ɛ̂ s t
apstāklis	a p s t àː k l i s
apstāklis	a p s t âː k l i s
apvidus	a p v i d u s
apvienot	a p v i ɛ̂ n u ô t
apziņa	a p z i ɲ a
argons	a r ɡ ɔː n s
armija	a ɾ m i j a
arsēns	a r s eː n s
art	â ɾ t
arvien	a ɾ v î ɛ n
arī	a ɾ îː
arī	a ɾ īː
asinis	a s i n i s
ass	a s
astats	a s t a t s
aste	a s t ɛ
astere	a s t ɛ ɾ ɛ
astoņi	a s t u ô ɲ i
astronomisks	a s t ɾ o n oː m i s k s
atart	a t â ɾ t
atbilde	a t b i l d ɛ
atbildēt	a t b î l d ɛ ː̂ t
atcept	a t t s ɛ p t
atgriezt	a t ɡ r i ɛ̂ s t
atgriezt	a t ɡ r ī ɛ̄ s t
atmiņa	a t m i ɲ a
atoms	a t oː m s
atoms	aː t oː m s
atrast	a t ɾ a s t
atslēga	a t s l æ̂ː ɡ a
atstāstījums	a t s t āː s t īː j u m s
atstāstīt	a t s t âː s t îː t
atvasara	a t v a s a ɾ a
atvere	a t v ɛ ɾ ɛ
atvērt	a t v ɛ̄ː ɾ t
auglis	â w ɡ l i s
augs	â w k s
augsme	â w k s m e
augsne	â w k s n ɛ
augsts	a û ɡ s t s
augt	â w k t
auka	ā w k a
aukla	à w k l a
auksts	ā ū k s t s
auns	à w n s
auss	à w s
aust	à w s t
aust	â w s t
austrumi	à w s t r u m i
aut	à w t
aušana	â w ʃ a n a
aušana	â w ʃː a n a
aušana	ā w ʃː a n a
avokado	a v o k a d oː
avokado	a v o k aː d oː
ašs	a ʃ
b	b
bads	b a t s
bagāts	b a ɡ āː t s
baidīt	b â j d îː t
baidīt	b ā ī d îː t
baigs	b a î ɡ s
bail	b â j l
bailes	b â j l ɛ s
balss	b à l s
baltkrievs	b a l t k ɾ ì e w s
balts	b ā l t s
baltums	b ā l t u m s
baznīca	b a z n ìː t s a
bebrs	b æ b ɾ s
berilijs	b e r i l i j s
berklijs	b e r k l i j s
bet	b ɛ t
biedre	b ì ɛ d ɾ ɛ
biedrs	b ì ɛ d r s
biezs	b ì ɛ s
biežs	b ì ɛ ʃ
bikls	b i k l s
bikses	b i k s ɛ s
bilde	b i lː d e
bildēt	b i lˀ d eːˀ t
bildēt	b i lː d eːˀ t
binoklis	b ì n o k l i s
bismuts	b i s m u t s
blusa	b l u s a
blāvs	b l āː w s
blīvs	b l īː w s
bole	b ū ō l e
borijs	b ɔː r i j s
bors	b ɔː r s
brasls	b ɾ a s l s
brauciens	b r à w t s i ɛ n s
braukt	b ɾ à w k t
brazīlija	b ɾ a z īː l i j a
briedis	b ɾ i ɛ̂ d i s
brilles	b ɾ ī l l ɛ s
brokastis	b ɾ ū ō k a s t i s
broms	b r ɔ m s
broms	b r ɔː m s
bruņas	b r u ɲ ɑ s
brālis	b r āː l i s
brālēns	b r āː l æ n s
brīvs	b r īː w s
brūngans	b r ūː n ɡ a n s
brūngans	b r ūː ŋ ɡ a n s
brūns	b ɾ ū n s
bulta	b ū l t a
bumba	b ū m b a
bumbieris	b u m b i ɐ̯ r i s
bura	b u r a
burkāns	b ū ɾ k āː n s
burtnīca	b ū r t n ì t s a
burts	b ū r t s
buča	b u t ʃ a
bāls	b āː l s
bālums	b āː l u m s
bārabērns	b àː ɾ a b æ̀ː ɾ n s
bārda	b àː ɾ d a
bārdains	b àː ɾ d ā j n s
bāre	b àː ɾ ɛ
bārene	b àː ɾ ɛ n ɛ
bārenis	b àː ɾ ɛ n i s
bāris	b àː ɾ i s
bē	b ɛː
bēda	b æ̀ː d a
bērns	b æ̀ː ɾ n s
bērzs	b ǣː r s
bīties	b îː t i ɛ̂ s
bļoda	b ʎ ū ō d a
būt	b ûː t
c	t s
cauna	t s a û n a
caur	t s ā ū ɾ
caurs	t s ā ū ɾ s
celis	t s ɛ l i s
celt	t s ɛ̂ l t
censties	t s ɛ̀ n s t i ɛ̂ s
cepetis	t s ɛ p ɛ t i s
cepeškrāsns	t s ɛ p ɛ ʃ k ɾ âː s n s
cepešpanna	t s ɛ p ɛ ʃ p a n n a
cepiens	t s ɛ p i e n s
ceplis	t s ɛ p l i s
cept	t s ɛ p t
ceptuve	t s æ p t u v ɛ
cepums	t s æ p u m s
cerēt	t s ɛ ɾ ɛ̂ː t
ceļš	t s ɛ ʎ ʃ
ciems	t s ì e m s
ciet	t s i ɛ̂ t
ciets	t s i ɛ̂ t s
ciešs	t s i ɛ̂ ʃ
cilts	t s î l t s
cilvēks	t s ì l v æ̀ː k s
cimds	t s ì m t s
cipars	t s i p a r s
cirslis	t s ì ɾ s l i s
citronkoks	t s i t ɾ o n k ù o k s
citrons	t s i t ɾ oː n s
cukurs	t s u k u ɾ s
cālis	t s āː l i s
cē	t s ɛː
cēls	t s eː l s
cērijs	t s ɛ̄ː ɾ i j s
cēsis	t s ēː s i s
cēsnieks	t s ēː s i n i ɛ k s
cēsnieks	t s ēː s n i ɛ k s
cūka	t s uːː k a
cūkgaļa	t s ūː k ɡ a ʎ a
d	d
dabūt	d a b ûː t
daile	d ā ī l ɛ
daiļš	d ā ī ʎ ʃ
dalīt	d a l îː t
dancis	d ā n t s i s
darbs	d â r p s
darīt	d a r îː t
daudz	d ā ū d z
daudzi	d ā ū d z i
daugava	d à w ɡ a v a
daugavpils	d à w ɡ à w p i l s
dažreiz	d a ʒ ɾ ɛ ī z
debils	d e b i l s
debils	d e b iː l s
degt	d e k t
dejot	d ɛ j u ô t
desa	d æ s a
desmit	d ɛ s m i t
deviņi	d ɛ v i ɲ i
diennakts	d ì ɛ n n a k t s
dieve	d ì ɛ v ɛ
dievs	d ì ɛ w s
direktore	d i ɾ ɛ k t oː ɾ ɛ
direktors	d i ɾ ɛ k t oː ɾ s
dobjš	d u ô bʲ ʃ
dobs	d u ô b s
dome	d ū ō m ɛ
dot	d u ɔ̯ t
drakons	d ɾ a k oː n s
draugs	d r à w k s
drosme	d ɾ ù o s m e
drošs	d ɾ ù o ʃ
drāna	d r āː n a
drēgns	d r ǣː ɡ n s
drīkstēt	d ɾ ìː k s t ɛ̂ː t
dundurs	d ū n d u ɾ s
dusa	d u s a
dusēt	d u s ɛ̂ː t
dvielis	d v ī ē l i s
dvīne	d v ìː n ɛ
dvīnis	d v ìː n i s
dvīņi	d v ìː n i s
dzelt	d z ɛ̂ l t
dzeltens	d z æ̀ l t æ n s
dzelzs	d z ɛ̀ l s
dzert	d z ɛ ɾ̂ t
dzestrs	d z æ s t ɾ s
dzestrums	d z æ s t ɾ u m s
dziedāt	d z i ɛ̂ d âː t
dziesma	d z i ɛ̂ s m a
dzimt	d z ì m t
dzimt	d z î m t
dzimt	d z ī m t
dzimta	d z ì m t a
dzimte	d z ì m t ɛ
dzimtene	d z î m t e n e
dzimtene	d z ī m t e n e
dzimšana	d z î m ʃ a n a
dzimšana	d z ī m ʃ a n a
dzirdēt	d z ì ɾ d ɛ̂ː t
dzērve	d z ɛ̄ː ɾ v ɛ
dzīsla	d z îː s l a
dzīt	d z îː t
dzīt	d z īː t
dzīvnieks	d z î u n ì ɛ k s
dzīvoklis	d z īː v u o k l i s
dzīvot	d z îː vʷ ô t
dzīvs	d z îː w s
dzīšana	d z î ʃ a n a
dzīšana	d z ī ʃ a n a
dārgs	d àː ɾ ɡ s
dārzs	d àː ɾ s
dāsns	d âː s n s
dāsns	d āː s n s
dē	d ɛː
dēls	d æ̂ː l s
dīvains	d īː v a j n s
e	æ
e	ɛ
ef	ɛ f
eiro	ɛ ì ɾ o
eja	ɛ j a
ejakulējoši	ʔ ɛ i̯ ə k ʊ ɫ ɛː j ɔ ʃ ɪ
el	ɛ l
elkonis	æ̀ l k ù o n i s
em	ɛ m
en	ɛ n
er	ɛ ɾ
erotisks	ɛ ɾ ɔː t i s k s
erozija	ɛ ɾ oː z i j a
es	ɛ s
esamība	æ s a m īː b a
ezers	æ z æ ɾ s
ezis	ɛ z i s
eļ	ɛ ʎ
eņ	ɛ ɲ
eš	ɛ ʃ
f	f
fakts	f a k t s
fantastika	f a n t a s t i k a
fantastisks	f a n t a s t i s k s
folklora	f o l k l oː ɾ a
g	ɡ
gadsimts	ɡ a t s ì m t s
gaist	ɡ à j s t
gaist	ɡ â j s t
gaist	ɡ ā j s t
gaišs	ɡ à j ʃ
galds	ɡ â l t s
gals	ɡ a l s
galva	ɡ â l v a
gards	ɡ â ɾ t s
garša	ɡ â ɾ ʃ a
gatavot	ɡ a t a v u ô t
gatavs	ɡ a t a w s
gaume	ɡ ā ū m e
gaļa	ɡ a ʎ a
glābt	ɡ l âː p t
glāze	ɡ l āː z ɛ
glīts	ɡ l îː t s
gnīda	ɡ n īː d a
govs	ɡ ù o w s
gredzens	ɡ ɾ æ d z æ n s
grezns	ɡ ɾ æ z n s
gribēt	ɡ ɾ i b ɛ̂ː t
grieznes	ɡ ɾ i ɛ̂ z n ɛ s
griezt	ɡ r i ɛ̂ s t
griezt	ɡ r ī ɛ̄ s t
griešana	ɡ r i ê ʃː a n a
griešana	ɡ r ī ē ʃː a n a
grāmata	ɡ ɾ āː m a t a
grīva	ɡ ɾ īː v a
grūsns	ɡ ɾ ūː s n s
grūtniecība	ɡ ɾ ūː t n ì ɛ t s īː b a
grūts	ɡ ɾ ūː t s
grūtums	ɡ ɾ ūː t u m s
gulta	ɡ ù l t a
gulēt	ɡ u l ɛ̂ː t
gurķis	ɡ û ɾ c i s
gā	ɡ aː
gādāt	ɡ āː d âː t
gāze	ɡ âː z e
gāze	ɡ āː z e
h	x
hercegovina	h e r t s e ɡ ɔ v i n a
hercegovina	h æ r t s æ ɡ ɔ v i n a
horvātija	x ɔ r v aː t i j a
hroms	h r ɔ m s
hroms	h r ɔː m s
hroms	x r ɔ m s
hroms	x r ɔː m s
hā	x aː
i	i
iecept	i ɛ t s ɛ p t
iedvesma	ì ɛ d v ɛ s m a
iekļūt	ì ɛ k ʎ ûː t
iekša	ì ɛ k ʃ a
iela	ì ɛ l a
ierocis	ì ɛ ɾ u ô t s i s
iet	i ɛ̂ t
iet	i ɛ̄ t
igaunis	i ɡ ā w n i s
ilgs	ī l ɡ s
inde	ī n d ɛ
insekts	i n s ɛ k t s
inspiratore	i n s p i ɾ a t oː ɾ ɛ
inspiratore	i n s p i ɾ aː t oː ɾ ɛ
inspirators	i n s p i ɾ a t oː ɾ s
inspirators	i n s p i ɾ aː t oː ɾ s
interpunkcija	i n t e ɾ p u n k t s i j a
intonācija	i n t o n āː t s i j a
intuīcija	i n t u ī c i j a
intīms	īː n t īː m s
ir	i r
izart	i z â ɾ t
izcept	i s t s ɛ p t
izcils	i s t s i l s
izkapts	i s k a p t s
izteikt	i s t ɛ̀ i k t
iztulkot	i s t ū l k u ô t
j	j
jakts	j a k t s
jau	j à w
jauks	j â w k s
jauns	j a û n s
jautrs	j à w t ɾ s
jautāt	j ā ū t â t
jods	j oː t s
jods	j u o t s
jokot	j u ō k u ô t
joks	j u ō k s
joprojām	j ù o p ɾ u ô j âː m
joprojām	j ù o p ɾ u ô j āː m
josla	j u ô s l a
josta	j u ô s t a
jumts	j ù m t s
just	j u s t
jā	j àː
jē	j ɛː
jēga	j ǣ ɡ a
jēgt	j ɛ̄ k t
jēls	j æ̂ː l s
jērs	j ǣː ɾ s
jūra	j ūː ɾ a
jūrmala	j ūː ɾ m a l a
jūs	j ūː s
k	k
ka	k a
kaija	k ā ī j a
kails	k a î l s
kalns	k â l n s
kalps	k ā l p s
kalt	k ā l t
kapibara	k a p i b a ɾ a
kaplis	k a p l i s
kaplēt	k a p l ɛ̂ː t
kareivis	k a ɾ ɛ̄ ī v i s
karogs	k a ɾ u ō k s
karote	k a r u ô t e
karsts	k â ɾ s t s
kartupelis	k ā r t u p e l i s
karš	k à ɾ ʃ
kauns	k à w n s
kaza	k a z a
kaķe	k a c ɛ
kaķene	k a c ɛ n ɛ
kaķis	k a c i s
kija	k i j a
kivi	k i v i
kivi	k i v iː
klade	k l a d e
klaips	k l à j p s
klaips	k l â j p s
klepot	k l æ p u ô t
klepus	k l æ p u s
klints	k l ī n t s
klons	k l o n s
klons	k l ū ō n s
klosteris	k l u o s t ɛ ɾ i s
klupt	k l u p t
kluss	k l u s
klēts	k l ɛ̄ː t s
knašs	k n a ʃ
knābis	k n àː b i s
koks	k ù o k s
komandantstunda	k ɔ m a n d a n t s t u n d a
komats	k o m a t s
kopā	k u ō p aː
kost	k u ô s t
kreile	k ɾ ɛ̄ ī l ɛ
kreilis	k ɾ ē ī l i s
kreiss	k ɾ è j s
krievs	k ɾ ì e w s
krona	k r ōː n a
kronis	k ɾ ū ō n i s
krāce	k ɾ āː t s ɛ
krāsa	k r āː s a
krāsns	k ɾ âː s n s
krāšņs	k ɾ àː ʃ ɲ s
krēsla	k r ǣː s l a
krēslains	k r ǣː s l a i n s
krēslot	k ɾ æ̀ː s l u ô t
krēslot	k ɾ ǣː s l u ô t
krēslošana	k r ǣː s l u ɔ ʃ a n a
krēsls	k r ǣː s l s
krūms	k ɾ ūː m s
kukainis	k u k â j n i s
kult	k ū l t
kur	k ù ɾ
kur	k û ɾ
kur	k ū ɾ
kurls	k û ɾ l s
kurls	k ū ɾ l s
kurlums	k û ɾ l u m s
kurlums	k ū ɾ l u m s
kurpe	k û ɾ p ɛ
kurpe	k ū ɾ p ɛ
kurt	k û r t
kurt	k ū r t
kustonis	k u s t u ô n i s
kustēt	k u s t ɛ̂ː t
kuģis	k u ɟ i s
kuņģis	k ū ɲ ɟ i s
kvieši	k v ì ɛ ʃ i
kā	k âː
kā	k āː
kāja	k āː j a
kāposti	k àː p u ô s t i
kāpēc	k âː p êː t s
kārs	k āː r s
kārts	k āː ɾ t s
kāsis	k àː s i s
kāss	k āː s
kļūda	k ʎ ûː d a
kļūt	k ʎ ûː t
kūka	k uːː k a
kūts	k ūː t s
l	l
labrīt	l a b ɾ îː t
labrīts	l a b ɾ îː t s
labvakar	l a b v a k a ɾ
labība	l a b ìː b a
lai	l a î
laiks	l ā ī k s
laime	l ā ī m ɛ
laimīgs	l ā ī m îː ɡ s
laipns	l ā ī p n s
laiva	l ā ī v a
laizīt	l a i z iː t
lakstīgala	l a k s t îː ɡ a l a
lakstīgala	l a k s t īː ɡ a l a
lapsa	l a p s a
lapsene	l a p s ɛ n ɛ
lasīt	l a s îː t
latvija	l a t v i j a
latvis	l a t v i s
lauks	l ā ū k s
lauva	l ā w v a
ledus	l æ d u s
lepns	l æ p n s
lidot	l i d u ô t
liegt	l i ɛ̂ k t
lielpilsēta	l ī ɛ̄ l p i l s ǣː t a
liels	l i ɛ̂ l s
liels	l ī ɛ̄ l s
lielīgs	l ī ɛ̄ l îː k s
liepa	l ī ɛ̄ p a
liepāja	l ì e p ā j a
liet	l i ɛ̂ t
lietus	l i ɛ̂ t u s
lietvārds	l ì ɛ t v àː ɾ d s
locījums	l ù o t s îː j u m s
lode	l ū ō d ɛ
logaritms	l o ɡ a ɾ i t m s
logs	l u ô k s
lokans	l ù o k a n s
loks	l ù ɔ̯ k s
loks	l û ɔ̯ k s
loks	l ū ɔ̯ k s
lops	l ū ō p s
lācene	l âː t s ɛ n ɛ
lācis	l âː t s i s
lāpsta	l âː p s t a
lāpstiņa	l âː p s t i ɲ a
lēca	l ǣː t s a
lēns	l æ̀ː n s
lēts	l ǣː t s
līdzskanis	l īː d s k a n i s
līdzēt	l īː d z ɛ̂ː t
līķis	l īː c i s
lūpa	l ūː p a
m	m
mainīt	m ā ī n îː t
maisiņš	m à j s i ɲ ʃ
maiss	m à j s
maize	m à j z ɛ
maiznīca	m à i z n ìː t s a
maks	m a k s
maksa	m a k s a
maksts	m a k s t s
maksāt	m a k s âː t
mango	m a ŋ ɡ oː
manuskripts	m a n u s k ɾ i p t s
mape	m a p ɛ
mats	m a t s
maurs	m ā ū r s
mazgāt	m a z ɡ âː t
medus	m æ d u s
meija	m ē ī j a
meita	m ɛ̂ j t a
meitene	m ɛ̂ j t ɛ n ɛ
meklēt	m ɛ k l ɛ̂ː t
melns	m ǣ l n s
melot	m æ l u ô t
menca	m ǣ n t s a
mezglot	m æ z ɡ l u ôː t
mezgls	m æ z ɡ l s
mežs	m ɛ̄ ʃː
mežāzis	m ɛ ʒ âː z i s
mežģīt	m ɛ ʒ d ʒ îː t
mežģīt	m ɛ ʒ ɟ îː t
miegs	m ì ɛ k s
miers	m i ɛ̂ ɾ s
miesa	m ì ɛ s a
miets	m ì ɛ t s
mikls	m i k l s
milti	m i l t i
milze	m î l z ɛ
milzis	m î l z i s
mirstība	m î ɾ s t iː b a
mirstība	m ī ɾ s t iː b a
mirstīgs	m î ɾ s t iː k s
mirstīgs	m ī ɾ s t iː k s
mirstīgums	m î ɾ s t iː ɡ u m s
mirstīgums	m ī ɾ s t iː ɡ u m s
mirt	m î ɾ t
mirt	m ī ɾ t
miršana	m î ɾ ʃ a n a
miršana	m ī ɾ ʃ a n a
mitrs	m i t ɾ s
mobils	m o b i l s
mobils	m o b iː l s
moderns	m o d æ ɾ n s
modernums	m o d æ ɾ n u m s
modrs	m u ô d ɾ s
monako	m o n a k oː
monako	m o n aː k oː
možs	m u ô ʃ
mukls	m u k l s
mundrs	m ū n d ɾ s
mute	m u t ɛ
muļķis	m û ʎ c i s
muša	m u ʃ a
māja	m aː j a
māte	m āː t ɛ
mēle	m ɛ̀ː l ɛ
mērs	m eː r s
mērs	m æː r s
mēs	m ɛ̄ː s
mēsli	m æ̂ː s l i
mīksts	m îː k s t s
mīts	m îː t s
mīts	m īː t s
mīļš	m īː ʎ ʃ
mūks	m ūː k s
mūsu	m uː s u
mūķene	m ūː c ɛ n ɛ
n	n
nakts	n a k t s
nasks	n a s k s
nauda	n â w d a
naudasmaks	n â w d a s m a k s
nebēda	n æ b æ̀ː d a
nedēļa	n ɛ d ɛ̄ː ʎ a
neglīts	n ɛ ɡ l îː t s
neglītums	n ɛ ɡ l îː t u m s
nepareizs	p a ɾ ɛ̄ ī s
nerātns	n æ ɾ āː t n s
nespodrs	n ɛ s p u ô d ɾ s
netīrs	n ɛ t īː ɾ s
noart	n u o â ɾ t
nocept	i s t s ɛ p t
norma	n o ɾ m a
nākotne	n āː k u ô t n ɛ
nākt	n āː k t
nāss	n āː s
nāve	n âː v ɛ
nāvēt	n âː v ɛ̂ː t
o	o
o	oː
o	u ə̯
ods	u ô t s
odze	u ô d z ɛ
oga	u ô ɡ a
ogle	ù o ɡ l ɛ
ola	u ō l a
oma	u ō m a
ost	u ô s t
ota	ū ō t a
ozols	u ô z u o l s
oža	u ô ʒ a
p	p
paart	p a â ɾ t
pacept	p a t s ɛ p t
paduse	p a d u s ɛ
pagātne	p a ɡ āː t n ɛ
paklājs	p a k l âː j s
palodze	p a l ū ō d z ɛ
palīdzēt	p a l īː d z ɛ̂ː t
pamats	p a m a t s
panna	p ā n n a
paprika	p a p ɾ i k a
paradokss	p a ɾ a d o k s
parast	p a ɾ a s t
pareizs	p a ɾ ɛ̄ ī s
parīt	p a ɾ îː t
parītdiena	p a ɾ îː d d ì ɛ n a
parīts	p a ɾ îː t s
paslēpt	p a s l ɛ̀ː p t
pastala	p a s t a l a
pastmarka	p a s t m a ɾ k a
pasts	p a s t s
patulkot	p a t ū l k u ô t
pavasaris	p a v a s a ɾ i s
pavēle	p a v ɛ̄ː l ɛ
pavēlēt	p a v ɛ̄ː l ɛ̂ː t
peldēt	p ɛ̄ l d ɛ̂ː t
pelnīt	p ɛ̀ l n îː t
pelēks	p æ l æ̂ː k s
pergamentpapīrs	p ɛ ɾ ɡ a m ɛ n t p a p iː ɾ
pergaments	p ɛ ɾ ɡ a m ɛ n t s
peri	p æ ɾ i
piecept	p i ɛ t s ɛ p t
pieci	p ì ɛ t s i
piedurkne	p ì ɛ d û ɾ k n ɛ
piedurkne	p ì ɛ d ū ɾ k n ɛ
piemirst	p ì ɛ m ì ɾ s t
piens	p ī ɛ̄ n s
piere	p ì ɛ ɾ ɛ
pierobeža	p ì ɛ ɾ u ò b ɛ ʒ a
pilns	p ī l n s
pilsonis	p ì l s u o n i s
pipars	p i p a ɾ s
pirkt	p ì ɾ k t
plats	p l a t s
plašs	p l a ʃ
pludmale	p l u d m a l ɛ
plāns	p l âː n s
plāns	p l āː n s
plīts	p l īː t s
polis	p ū ō l i s
post	p u ô s t
prast	p ɾ a s t
prasīt	p r a s îː t
priecīgs	p ɾ i ɛ̂ k s îː ɡ s
prieks	p ɾ i ɛ̂ k s
priesteriene	p ɾ ī ɛ̄ s t ɛ ɾ i ɛ n ɛ
priesteris	p ɾ ī ɛ̄ s t ɛ ɾ i s
priesterība	p ɾ ī ɛ̄ s t ɛ ɾ ìː b a
prievārds	p ɾ i e v àː ɾ d s
producēt	p ɾ o d u t s ɛ̂ː t
profesore	p ɾ o f ɛ s o ɾ ɛ
profesors	p ɾ o f ɛ s o ɾ s
prāvs	p r à w s
puisis	p ū ī s i s
pulkstenis	p ù l k s t ɛ n i s
pulkstens	p ù l k s t æ n s
punšs	p u n ʃ
purvs	p ù ɾ v s
pusdienas	p u s d ì ɛ n a
pusnakts	p u s n a k t s
pāksts	p âː k s t s
pār	p āː r
pārcept	p aː ɾ t s ɛ p t
pārtulkot	p āː ɾ t ū l k u ô t
pātaga	p àː t a ɡ a
pāvests	p āː v ɛ s t s
pē	p ɛː
pēc	p ɛ ː̂ t s
pēcpusdiena	p ɛ ː̂ t s p u s d ì ɛ n a
pēkšņs	p ɛ̀ː k ʃ ɲ s
pērn	p ǣː ɾ n
pērns	p ǣː ɾ n s
pīle	p īː l ɛ
pļaujmašīna	p ʎ ā w m a ʃ īː n a
pļaut	p ʎ ā w t
pļava	p ʎ a v a
pļāpāt	p ʎ āː p â t
pūt	p ūː t
pūķis	p ūː c i s
r	ɾ
rags	ɾ a k s
raize	r a î z ɛ
raksts	ɾ a k s t s
raksturs	ɾ a k s t u ɾ s
rakstīt	ɾ a k s t îː t
rakt	ɾ a k t
rast	ɾ a s t
rats	ɾ a t s
rauda	ɾ ā ū d a
raudāt	ɾ a û d â t
raupjš	r à w pʲ ʃ
raža	ɾ a ʒ a
redzēt	ɾ ɛ d z ɛ̂ː t
resns	r æ s n s
rets	ɾ æ t s
reņģe	ɾ ɛ̄ ɲ ɟ ɛ
riet	r i ɛ̂ t
rinda	ɾ ī n d a
rits	ɾ i t s
roka	ɾ ù o k a
ronis	ɾ ū ō n i s
roze	r ū ō z ɛ
runcis	ɾ ū n t s i s
rupjš	r u pʲ ʃ
rātns	ɾ āː t n s
rēzekne	ɾ ɛ̄ː z ɛ k n ɛ
rīga	ɾ īː ɡ a
rīks	ɾ ì k s
rīt	r îː t
rīt	r īː t
rītdiena	ɾ îː d d ì ɛ n a
rīts	ɾ îː t s
rūgts	ɾ ûː k t
s	s
saart	s a â ɾ t
sacept	s a t s ɛ p t
sacīt	s a t s îː t
saiklis	s ā j k l i s
sala	s a l a
salds	s â l t s
salns	s â l n s
sargāt	s â r ɡ āː t
sarkans	s â ɾ k a n s
saukt	s à w k t
saule	s ā ū l e
sauss	s à w s
sauļot	s ā ū ʎ u ô t
sedulka	s æ d u l k a
sega	s æ ɡ a
segli	s æ ɡ l i
seglot	s æ ɡ l u ô t
sekls	s æ k l s
sekss	s ɛ k s
selga	s ǣ l ɡ a
septiņi	s ɛ p t i ɲ i
sermulis	s æ̂ ɾ m u l i s
seši	s ɛ ʃ i
siekalas	s ī ɛ̄ k a l a s
siena	s i ê n a
siens	s ì e n s
siers	s ī ɛ̄ ɾ s
sieva	s ī ɛ̄ v a
sils	s i l s
silts	s ī l t s
simbols	s i m b ɔ l s
sirds	s î ɾ t s
sirms	s ī ɾ m s
sirpis	s ì ɾ p i s
skaidrot	s k ā ī d r u ô t
skaidrs	s k ā ī d r s
skaists	s k ā ī s t s
skaitīt	s k à j t îː t
skate	s k a t ɛ
skatīt	s k a t îː t
skaļrunis	s k a ʎ ɾ u n i s
skaļš	s k a ʎ ʃ
skumjas	s k ù m j a s
skumjums	s k ù m j u m s
skumjš	s k ù mʲ ʃ
skumt	s k ù m t
skuķe	s k u c ɛ
skuķis	s k u c i s
skābs	s k âː b s
skābt	s k âː p t
skūpsts	s k ûː p s t s
skūpstīt	s k ûː p s t īː t
slaids	s l a î t s
slaiks	s l a î k s
slapjš	s l a pʲ ʃ
slaucīt	s l ā w t s îː t
slaukt	s l à w k t
slepkava	s l æ p k a v a
slinks	s l ī n k s
sliņķis	s l ī ɲ c i s
sloka	s l ù o k a
slota	s l u ô t a
slēpt	s l ɛ̀ː p t
smags	s m a k s
smaids	s m ā ī t s
smaidīt	s m ā ī d îː t
smiekls	s m i ɛ̂ k l s
smuks	s m u k s
smukums	s m u k u m s
sniegs	s n ì ɛ k s
sods	s ù o t s
soma	s ū ō m a
soms	s ū ō m s
spainis	s p ā ī n i s
spalgs	s p â l k s
spalva	s p ā l v a
speķis	s p ɛ c i s
spilgts	s p ī l k t s
spilve	s p ì l v e
spilve	s p ī l v e
spilvens	s p ì l v æ n s
spirgts	s p ī ɾ k t s
spodrs	s p u ô d ɾ s
spogulis	s p ū ō ɡ u l i s
sportisks	s p o ɾ t i s k s
sportiskums	s p o ɾ t i s k u m s
spriedums	s p ɾ i ɛ̂ d u m s
spriest	s p ɾ i ɛ̂ s t
spuldze	s p û l d z ɛ
spulgs	s p û l k s
spārns	s p àː ɾ n s
spējš	s p ɛ̀ː j ʃ
spējš	s p ɛ̄ː j ʃ
spēks	s p æ̀ː k s
spļaut	s p ʎ ā w t
staigns	s t à j ɡ n s
starp	s t a ɾ p
stingrs	s t î ŋ ɡ ɾ s
stingrs	s t ī ŋ ɡ ɾ s
stings	s t ī ŋ ɡ s
stiprs	s t i p ɾ s
stirna	s t ī ɾ n a
stirnāzis	s t i ɾ n âː z i s
stops	s t ū ō p s
straujš	s t ɾ à u j ʃ
strauts	s t r ā ū t s
strādāt	s t ɾ àː d âː t
strēle	s t ɾ ɛ̂ː l ɛ
studēt	s t u d ɛ̂ː t
stulbs	s t ù l p s
stulms	s t û l m s
stumt	s t ù m t
stumt	s t ū m t
stāds	s t àː t s
stādīt	s t āː d îː t
stārķis	s t āː ɾ ɟ i s
stāsts	s t âː s t s
stāstīt	s t âː s t îː t
stāvoklis	s t āː v u o k l i s
stāvēt	s t āː v ɛ̂ː t
stīvs	s t īː w s
svaine	s v â j n ɛ
svainis	s v â j n i s
svece	s v ɛ t s ɛ
sveiks	s v ɛ̀ j k s
svešs	s v ɛ ʃ
sviests	s v i ɛ̂ s t s
svārki	s v àː ɾ k i
svārki	s v āː ɾ k i
sākt	s âː k t
sāls	s àː l s
sārts	s āː ɾ t s
sēklis	s ɛ̀ː k l i s
sēklis	s ɛ̄ː k l i s
sēne	s ɛ̄ː n ɛ
sērs	s ǣː r s
sīks	s îː k s
sīpols	s īː p u o l s
sūkt	s ùː k t
t	t
tabaka	t a b a k a
tabakmaks	t a b a k m a k s
tagad	t a ɡ a t
tapirs	t a p i ɾ s
tapt	t a p t
tas	t a s
taurs	t à u r s
taurs	t ā ū r s
taustīt	t â w s t îː t
tauta	t à w t a
taču	t a t ʃ u
teika	t ē ī k a
teikt	t ɛ̀ i k t
telts	t ē l t s
ticēt	t i t s ɛ̂ː t
tievs	t i ê w s
tilts	t ī l t s
tinte	t ī n t e
tirgus	t ì ɾ ɡ u s
tornis	t ū ō r n i s
traks	t ɾ a k s
trakums	t ɾ a k u m s
traucēt	t r à w t s ɛ̂ː t
trīs	t r îː s
trūkt	t ɾ ūː k t
tu	t u
tuksnesis	t u k s n ɛ s i s
tulkot	t ū l k u ô t
tulks	t ū l k s
tumšs	t ù m ʃ
tur	t ù ɾ
turpinājums	t ù ɾ p i n âː j u m s
turpināt	t ù ɾ p i n âː t
turpmāks	t ū ɾ p m âː k
turēt	t u ɾ ɛ̂ː t
tuvs	t u w s
tā	t àː
tā	t âː
tā	t āː
tāfele	t āː f ɛ l ɛ
tāls	t âː l s
tāss	t āː s s
tē	t ɛː
tētis	t ɛ̄ː t i s
tēvocis	t ǣː v u ô t͡s i s
tēvs	t ǣː w s
tīrs	t īː ɾ s
u	u
ubagot	u b a ɡ u ô t
ubags	u b a k s
uguns	u ɡ u n s
un	ù n
upuris	u p u ɾ i s
uzart	s a â ɾ t
uzcept	i s t s ɛ p t
uzdevums	u z d ɛ v u m s
uzsvars	u s v a ɾ s
v	v
vabole	v a b ù o l ɛ
vads	v a t s
vai	v a î
vai	v à i
vai	v ā ī
vaina	v ā ī n a
vaisla	v à j s l a
vakar	v a k a r
vakardiena	v a k a ɾ d ì ɛ n a
vakariņas	v a k a ɾ i ɲ a s
vakars	v a k a ɾ s
valgs	v ā l k s
valis	v a l i s
valks	v â l k s
valmiera	v à l m ī ɛ̄ ɾ a
valoda	v a l u ô d a
valsts	v à l s t s
valūta	v a l ùː t a
varavīksne	v a ɾ a v îː k s n ɛ
varde	v â r d e
varēt	v a ɾ ɛ̂ː t
vasara	v a s a ɾ a
vasks	v a s k s
vecs	v æ t s
vedekla	v æ d æ k l a
veids	v ɛ̄ ī t s
veikals	v ē ī k a l s
veikls	v ē ī k l s
velns	v ǣ l n s
ventspils	v æ̀ n t s p i l s
verbs	v æ ɾ b s
verbs	v ɛ ɾ b s
vesels	v æ s æ l s
vidzeme	v i d z e m e
viegls	v ì ɛ ɡ l s
vienot	v i ɛ̂ n u ô t
viens	v i ɛ̂ n s
viesis	v ì e s i s
viesnīca	v ì e s n īː t s a
vilciens	v ì l c i e n s
vilks	v ì l k s
vilna	v ī l n a
vilnis	v î l n i s
vingrot	v ī ŋ ɡ ɾ u ô t
vingrs	v ī ŋ ɡ ɾ s
virs	v ì r s
virsa	v ì r s a
virsis	v ì r s i s
virsus	v ì r s u s
viss	v i s
viņš	v i ɲ ʃ
vāci	v āː t s i
vājš	v âː j ʃ
vāks	v âː k s
vālodze	v āː l u ô d z ɛ
vārdnīca	v ɑː r d n iː t s ɑ
vārds	v àː ɾ d s
vārna	v āː ɾ n a
vārīt	v àː ɾ îː t
vārīt	v āː ɾ îː t
vāvere	v aː v ɛ ɾ ɛ
vāverēns	v āː v ɛ ɾ ɛ̄ː n s
vē	v ɛː
vēdeklis	v ɛ̄ː d ɛ k l i s
vēdzele	v ɛ̂ː d z ɛ l ɛ
vējš	v ɛ̄ː j ʃ
vēl	v ɛ̂ l
vēlreiz	v ɛ̂ l r e ī z
vēls	v æ̂ l s
vērsis	v ɛ̀ː r s i s
vēsma	v ǣː s m a
vēss	v ǣː s
vēstule	v æ̀ː s t u l ɛ
vēsture	v æ̀ː s t u ɾ ɛ
vēsturniece	v æ̀ː s t u ɾ n i ɛ t s ɛ
vēsturnieks	v æ̀ː s t u ɾ n i ɛ k s
vētra	v ǣː t ɾ a
vēzis	v ɛ̂ː z i s
vīle	v ìː l ɛ
vīle	v īː l ɛ
vīns	v īː n s
vīrietis	v īː ɾ i e t i s
vīrs	v īː ɾ s
z	z
zagle	z a ɡ l ɛ
zaglis	z a ɡ l i s
zaldāts	z ā l d āː t s
zarna	z â ɾ n a
zars	z ā ɾ s
zaudēt	z à w d ɛ̂ː t
zaķis	z a c i s
zaļš	z a ʎ ʃ
zelt	z ê l t
zelts	z æ̀ l t s
zeme	z ɛ m ɛ
zems	z æ m s
zeņķis	z ɛ̄ ɲ c i s
ziema	z ì ɛ m a
ziemot	z ì ɛ m u ô t
ziepes	z i ɛ̃ p ɛ s
zilonis	z i l u ò n i s
zināt	z i n âː t
zinātne	z i n âː t n ɛ
zirgs	z î ɾ k s
zirnis	z ī ɾ n i s
zivs	z i w s
ziņote	z i ɲ u ô t ɛ
znots	z n u ō t s
zobens	z ù o b æ n s
zobens	z ù o b ɛ n s
zobs	z ù o p s
zoss	z ù o s
zupa	z u p a
zvaigzne	z v à j ɡ z n ɛ
zvejot	z v e j u ô t
zviegt	z v ì ɛ k t
zvirbulis	z v ī ɾ b u l i s
zvērs	z v æ̂ː ɾ s
zvīņa	z v īː ɲ a
zābaks	z àː b a k s
zāle	z âː l ɛ
zāle	z āː l ɛ
zāģis	z āː ɟ i s
zāģēt	z āː ɟ ɛ̂ː t
zē	z ɛː
zēns	z ǣː n s
zīlīte	z īː l ìː t ɛ
zīmulis	z ìː m u l i s
zīst	z î s t
ā	aː
ābele	âː b ɛ l e
ābols	âː b u o l s
āda	âː d a
ālants	āː l a n t s
āmurs	āː m u ɾ s
āpsis	âː p s i s
āre	âː ɾ ɛ
āre	āː ɾ ɛ
ārs	âː ɾ s
ārs	āː ɾ s
ārsts	āː r s t s
ātrs	āː t ɾ s
āzis	âː z i s
āķis	āː c i s
č	t ʃ
čakarēt	t͡ʃ ɑ kː ɑ r eːˀ t
čakls	t ʃ a k l s
četri	t s æ t r i
četri	t ʃ ɛ t r i
čiekurs	t ʃ i ē k u r s
čoms	t ʃ o m s
čē	t ʃ ɛː
čība	t ʃ īː b a
čūska	t ʃ ū s k a
ē	æː
ē	ɛː
ēdiens	êː d i e n s
ēna	ǣː n a
ērce	ɛ̄ː ɾ t s ɛ
ērglis	ɛ̀ː r ɡ l i s
ērkšķis	êː r k ʃ t͡ʃ i s
ērkšķis	ɛ̄ː ɾ k ʃ t͡ʃ i s
ērts	æ̀ː ɾ t s
ēst	ɛ̂ː s t
ēzelis	ɛ̄ː z ɛ l i s
ģ	ɟ
ģerbonis	ɟ æ̀ r b ù o n i s
ģerbonis	ɟ æ̂ː r b u o n i s
ģimene	ɟ i m ɛ n ɛ
ģints	ɟ ì n t s
ģē	ɟ ɛː
ī	iː
īgns	î ɡ n s
īgt	îː k t
īlens	īː l æ n s
īpašs	īː p a ʃ
īpašība	īː p a ʃ ìː b a
īss	îː s
īstens	īː s t ɛ n s
īsts	īː s t s
īstums	īː s t u m s
ķ	c
ķauķis	c a u c i s
ķeizariste	c e i z a r i s t e
ķemme	c ɛ̄ m m ɛ
ķermenis	c ɛ̄ ɾ m ɛ n i s
ķerra	c æ rː a
ķiploks	c i p l u ō k s
ķirbis	c ī r b i s
ķirzaka	c ī r z a k a
ķē	c ɛː
ķēde	c ɛ̄ː d ɛ
ķēniņš	c ɛ̄ː n i ɲ ʃ
ķēve	c ɛ̄ː v ɛ
ķīsis	c īː s i s
ļ	ʎ
ļaudis	ʎ à w d i s
ļauns	ʎ ā ū n s
ļoti	ʎ ù o t i
ņ	ɲ
ņemt	ɲ ɛ̂ m t
ņemt	ɲ ɛ̄ m̄ t
ņiprs	ɲ i p ɾ s
š	ʃ
šaurs	ʃ à u ɾ s
šausmas	ʃ ā ū s m a s
šašliks	ʃ a ʃ l i k s
šeit	ʃ ɛ î t
šeit	ʃ ɛ̄ ī t
šis	ʃ i s
šmaukt	ʃ m à w k t
švaks	ʃ v a k s̪
šķidrs	ʃ c i d ɾ s
šķirklis	ʃ c ī ɾ k l i s
šķēps	ʃ c æ̀ p s
šķēres	ʃ c ɛ̄ː ɾ ɛ s
šķērslis	ʃ c ɛ̀ː ɾ s l i s
šķērsot	ʃ c ɛ̀ː ɾ s u ô t
šķērss	ʃ c ɛ̀ː ɾ s
šķērst	ʃ c ɛ̀ː ɾ s t
šķīsts	ʃ c îː s t s
šķīvis	ʃ c īː v i s
šūt	ʃ ūː t
ū	uː
ūdens	ûː d ɛ n s
ūdrs	ûː d r s
ūsa	ūː s a
ž	ʒ
žigls	ʒ i ɡ l s
žirgts	ʒ ī ɾ k t s
žogs	ʒ ù o ɡ s
žoklis	ʒ u ô k l i s
žurka	ʒ ù r k a
žurka	ʒ ū r k a
žē	ʒ ɛː
