aaet	ɑ e tˠ
aaet	ɑː e tˠ
aba	ɑ bˠ ɑ
abba	ɑ p pˠ ɑ
abbain	ɑ p pˠ ɑ ɯ nʲ
abōļ	ɑ bˠ ʌ lˠ
abōļin	ɑ bˠ ʌ lˠ i nʲ
addi	ɑ r rʲ i
aej	ɑ e tʲ
aejin	ɑ e zʲ i nʲ
aejkudiim	ɑ e zʲ u ɡʷ u rʲ iː mʲ
aejkudiimin	ɑ e zʲ u ɡʷ u rʲ iː mʲ i nʲ
aejkudiim̧	ɑ e zʲ u ɡʷ u rʲ iː mˠ
aejkudiim̧in	ɑ e zʲ u ɡʷ u rʲ iː mˠ i nʲ
aelok	ɑ e lʲ o kʷ
aelōn̄	ɑ e lʲ ɤ ŋ
aelōn̄in	ɑ e lʲ ɤ ŋ i nʲ
aelōn̄inae	ɑ e lʲ ɤ ŋ i nʲ ɑː ɛ
aelōn̄ļapļap	ɑ e lʲ ɤ ŋ ɤ lˠ ɑ bʲ ɛ lˠ ɑ pʲ
aen	ɑ ɛ nʲ
aet	ɑ e tˠ
aet	ɑː e tˠ
aij	ɑ i tʲ
aijin	ɑ i zʲ i nʲ
aijkudiim	ɑ i zʲ u ɡʷ u rʲ iː mʲ
aijkudiimin	ɑ i zʲ u ɡʷ u rʲ iː mʲ i nʲ
aijkudiim̧	ɑ i zʲ u ɡʷ u rʲ iː mˠ
aijkudiim̧in	ɑ i zʲ u ɡʷ u rʲ iː mˠ i nʲ
aj	ɑ tʲ
aje	ɑ zʲ e
ajein	ɑ zʲ e i nʲ
aji	ɑ zʲ i
akjijen	ɑ ɡ i zʲ iː zʲ ɛ nʲ
akwāāl	ɑ ɡʷ æ æ lʲ
akwāāl	ɑ ɡʷ æː lʲ
allōn̄	ɑ l lʲ ɤ ŋ
amedka	ɑ mʲ ɛ rʲ ɛ ɡ ɑ
am̧bo	ɑ m bˠ o
am̧onika	ɑ mˠ ɔː nʲ i ɡ ɑ
am̧onikain	ɑ mˠ ɔː nʲ i ɡ ɑ ɯ nʲ
anij	ɑ nʲ i tʲ
an̄	ɑ ŋ
aolep	ɑ ɔ lʲ ɛ pʲ
aoļōt	ɑ o lˠ ɤ tˠ
arņo	ɑ n nˠ ɔ
atļaņtiik	ɑ dˠ ʌ lˠ ɑ n dˠ iː k
aujpitōļ	ɑ u zʲ i bʲ i dˠ ʌ lˠ
aujtōrōlia	ɑ u t tˠ ʌ rˠ ʌ lʲ i ɑ
aur	ɑ u rˠ
awa	ɑ w ɑ
awaan	ɑ w ɑ ɑ nʲ
awaan	ɑ w ɑː nʲ
awai	ɑ w ɑː i
aļ	ɑ lˠ
aļajka	ɑ lˠ ɑ zʲ ɛ ɡ ɑ
aļap	ɑ lˠ ɑ pʲ
aļaļ	ɑ lˠ ɑː lˠ
aļbapeet	ɑ lˠ ʌ bˠ ɑː bʲ ɛː tˠ
baajikōļ	pˠ ɑ ɑ zʲ i ɡ ʌ lˠ
baajikōļ	pˠ ɑː zʲ i ɡ ʌ lˠ
baajkōļ	pˠ ɑː zʲ ɛ ɡ ʌ lˠ
baam̧	pˠ ɑ ɑ mˠ
baam̧	pˠ ɑː mˠ
baam̧in	pˠ ɑ ɑ mˠ i nʲ
baam̧in	pˠ ɑː mˠ i nʲ
baam̧le	pˠ ɑː mˠ ɤ lʲ e
baan̄ke	pˠ ɑː ŋ ɡ e
baba	pˠ ɑː bˠ ɑ
babbūb	pˠ ɑ p pˠ ɯ pˠ
bae	pˠ ɑː ɛ
baeoliin	pˠ ɑː ɛ̯ ɔː lʲ iː nʲ
baeoliinin	pˠ ɑː ɛ̯ ɔː lʲ iː nʲ i nʲ
baeļ	pˠ ɑː ɛ lˠ
baibōļ	pˠ ɑː i bˠ ʌ lˠ
baijin	pˠ ɑː i zʲ i nʲ
baiklaaj	pˠ ɑː i ɡ i lʲ ɑː tʲ
baiļat	pˠ ɑː i lˠ ɑ tˠ
bajinjea	pˠ ɑː zʲ i n zʲ ɛ ɑ
bajjipiik	pˠ ɑ t tʲ iː bʲ iː k
bajjipik	pˠ ɑ t tʲ iː bʲ i k
bao	pˠ ɑː ɔ
barulep	pˠ ɑ rˠ uː lʲ ɛ pʲ
bata	pˠ ɑː dˠ ɑ
baļebo̧o̧ļ	pˠ ɑː lˠ eː bˠ ɒː lˠ
baļuun	pˠ ɑ lˠ u u nʲ
baļuun	pˠ ɑ lˠ uː nʲ
baļuunin	pˠ ɑ lˠ u u nʲ i nʲ
baļuunin	pˠ ɑ lˠ uː nʲ i nʲ
baļwūn	pˠ ɑ lˠ u w ɯ nʲ
baļwūnin	pˠ ɑ lˠ u w ɯ nʲ i nʲ
boea	pˠ ɔː ɛ̯ ɑ
bojin	pˠ oː zʲ i nʲ
bok	pˠ o kʷ
bok	pˠ ɔ kʷ
bokaak	pˠ ɔ ɡʷ ɑː k
bokin	pˠ o ɡʷ u nʲ
bon̄	pˠ o ŋʷ
boonpe	pˠ oː nʲ e bʲ e
boraan̄	pˠ oː rˠ ɑː ŋ
bou	pˠ o u
boub	pˠ o u pˠ
bouk	pˠ o u k
bo̧kutan̄	pˠ ɒ ɡʷ u dˠ ɑ ŋ
bujeen̄	pˠ uː zʲ ɛː ŋ
bujentōm̧a	pˠ uː zʲ ɛ n dˠ ʌ mˠ ɑ
bukun	pˠ u ɡʷ u nʲ
bukwabok	pˠ u ɡʷ ɑ bˠ ɔ kʷ
bukwi	pˠ u ɡʷ i
buoj	pˠ u o tʲ
buum̧	pˠ u u mˠ
buum̧	pˠ uː mˠ
buwae	pˠ u w ɑː e
buwaj	pˠ u w ɑ tʲ
bwe	pˠ e
bwe	pˠ ɛ
bweetkōn	pˠ eː dˠ ɤ ɡ ɤ nʲ
bweo	pˠ e o
bweoan	pˠ ɛ ɛ w ɑ nʲ
bweoan	pˠ ɛː w ɑ nʲ
bwiaea	pˠ i ɑː ɛ̯ ɑ
bwiin	pˠ i i nʲ
bwiin	pˠ iː nʲ
bwij	pˠ i tʲ
bwijuwe	pˠ i zʲ uː w e
bwilijmāāņ	pˠ i lʲ i zʲ i mʲ æː nˠ
bwiro	pˠ iː rˠ o
bāibōļ	pˠ æ i bˠ ʌ lˠ
bōjin	pˠ ɤː zʲ i nʲ
bōkāro	pˠ ʌ ɡ æː rˠ ɔ
bōraide	pˠ ʌ rˠ ɑː i rʲ ɛ
bōta	pˠ ʌ dˠ ɑ
bōļaide	pˠ ʌ lˠ ɑː i rʲ ɛ
bōļao	pˠ ʌ lˠ ɑː ɔ
bōļau	pˠ ʌ lˠ ɑː u
bōļeak	pˠ ʌ lˠ ɛ̯ ɑ k
bōļeakin	pˠ ʌ lˠ ɛ̯ æ ɡ i nʲ
bōļāāk	pˠ ʌ lˠ æ æ k
bōļāāk	pˠ ʌ lˠ æː k
bōļāākin	pˠ ʌ lˠ æ æ ɡ i nʲ
bōļāākin	pˠ ʌ lˠ æː ɡ i nʲ
būranij	pˠ ɯ rˠ ɑː nʲ i tʲ
būrawūn	pˠ ɯ rˠ ɑː w ɯ nʲ
būreej	pˠ ɯ rˠ ɛ ɛ tʲ
būreej	pˠ ɯ rˠ ɛː tʲ
būrotijen	pˠ ɯ rˠ ɔː dˠ iː zʲ ɛ nʲ
būro̧k	pˠ ɯ rˠ ɒ kʷ
būrōrō	pˠ ɯ rˠ ʌː rˠ ʌ
būton̄	pˠ ɯ dˠ ɔ ŋʷ
būton̄in	pˠ ɯ dˠ ɔ ŋʷ ɯ nʲ
būton̄ton̄	pˠ ɯ dˠ ɔ ŋʷ ɔ dˠ ɔ ŋʷ
būttiwaļ	pˠ ɯ t tˠ iː w ɑ lˠ
būļajtiik	pˠ ɯ lˠ ɑ t tˠ iː k
būļan̄kōj	pˠ ɯ lˠ ɑ ŋ ɡ ʌ tʲ
būļu	pˠ ɯ lˠ u
būļāide	pˠ ɯ lˠ æ i rʲ ɛ
būļāwūt	pˠ ɯ lˠ æː w ɯ tˠ
da	rʲ ɑ
dak	rʲ ɑ k
debweiu	rʲ ɛ bˠ e i̯ u
deo̧	rʲ ɛ ɒ
diaka	rʲ i æ ɡ ɑ
diin̄ko	rʲ iː ŋ ɡ o
dik	rʲ i k
ditōb	rʲ i dˠ ɤ pˠ
diwōj	rʲ iː w ɤ tʲ
duoj	rʲ u o tʲ
dān	rʲ æ nʲ
dānnin	rʲ æ n nʲ i nʲ
dāp	rʲ æ pʲ
eakeak	æ ɡ ɛ̯ ɑ k
eakeake	æ ɡ æː ɡ ɛ
eakto	æ ɡ ɤ dˠ o
eaktuwe	æ ɡ ɯ dˠ u w ɛ
ean̄	ɛ̯ ɑ ŋ
ean̄in	æ ŋ i nʲ
eaļ	ɛ̯ ɑ lˠ
ebeje	ɛ bʲ ɛ zʲ æ
ed	ɛ rʲ
eijia	e i zʲ i ɑ
ek	e k
elej	ɛ lʲ ɛ tʲ
ellep	ɛ l lʲ ɛ pʲ
em	ɛ mʲ
emān	ɛ mʲ æ nʲ
em̧m̧an	ɛ m mˠ ɑ nʲ
ene	e nʲ e
enjeļ	ɛ n zʲ ɛ lˠ
enm̧aat	ɛ nʲ ʌ mˠ ɑː tˠ
en̄oul	e ŋ o u lʲ
eok	e̯ o kʷ
eo̧n̄	ɛ̯ ɒ ŋʷ
eo̧n̄wōd	ɛ̯ ɒ ŋʷ ʌ rʲ
eo̧n̄ōd	ɛ̯ ɒ ŋʷ ʌ rʲ
eo̧r	ɛ̯ ɒ rʷ
eo̧werōk	ɛ̯ ɒ w eː rˠ ɤ k
epatōn	ɛ bʲ ɑ dˠ ʌ nʲ
epjā	ɛ bʲ ɛ zʲ æ
epoon	ɛ bʲ ɔ ɔ nʲ
epoon	ɛ bʲ ɔː nʲ
eprōļ	ɛ bʲ ɛ rˠ ʌ lˠ
erm̧we	e rˠ ɤ mˠ e
erm̧ween	e rˠ ɤ mˠ eː nʲ
etal	ɛ dˠ ɑ lʲ
ewan	ɛ w ɑ nʲ
ewerōk	e w eː rˠ ɤ k
eļbōn	ɛ lˠ ʌ bˠ ʌ nʲ
eōō	ɛ̯ ʌ ʌ
eōō	ɛ̯ ʌː
iaab	i̯ ɑ ɑ pˠ
iaab	i̯ ɑː pˠ
iaam̧	i̯ ɑ ɑ mˠ
iaam̧	i̯ ɑː mˠ
iakiakwe	i̯ ɒ ɡʷ i̯ ɒ ɡʷ ɛ
iakiu	i̯ æ ɡ i u
iakiuin	i̯ æ ɡ i u u nʲ
iakiuin	i̯ æ ɡ i uː nʲ
iakwe	i̯ ɒ ɡʷ ɛ
iakwāāl	i̯ ɯ ɑ ɡʷ æ æ lʲ
iakwāāl	i̯ ɯ ɑ ɡʷ æː lʲ
iaļ	iː ɑ lˠ
iaļ	i̯ ɑ lˠ
iaļo	iː ɑ lˠ o
iaļo	i̯ ɑ lˠ o
ibae	i bˠ ɑː ɛ
ibbuku	i p pˠ u ɡʷ u
ibkij	i bˠ ɯ ɡ i tʲ
idaak	i rʲ ɑ ɑ k
idaak	i rʲ ɑː k
iia	iː ɑ
iiaeae	iː ɑː ɛ̯ ɑː ɛ
iiaieo	iː ɑː i o
iiaļ	iː ɑ lˠ
iiaļan̄e	iː ɑ lˠ ɑ ŋ ɛ
iiaļo	iː ɑ lˠ o
iij	i i tʲ
iij	iː tʲ
iiāekwōj	iː æ e ɡʷ ɤ tʲ
iiāio	iː æ i o
ijitō	i zʲ i dˠ ʌ
iju	i zʲ u
ikbwij	i ɡ ɯ bˠ i tʲ
ilo	i lʲ o
ilo	i lʲ ɔ
im	i mʲ
im̧wej	i mˠ i̯ e tʲ
in	i nʲ
indeeo	i n rʲ eː ɔ
intia	i n dˠ i ɑ
intiia	i n dˠ iː ɑ
in̄	i ŋ
in̄len	i ŋ i lʲ ɛ nʲ
in̄lij	i ŋ i lʲ i tʲ
io̧kio̧kwe	i̯ ɒ ɡʷ i̯ ɒ ɡʷ ɛ
io̧kwe	i̯ ɒ ɡʷ ɛ
io̧kwein	i̯ ɒ ɡʷ e i nʲ
io̧o̧t	i̯ ɒ ɒ tˠ
io̧o̧t	i̯ ɒː tˠ
iu	i̯ u
iuun	i̯ u u nʲ
iuun	i̯ uː nʲ
iuunin	i̯ u u nʲ i nʲ
iuunin	i̯ uː nʲ i nʲ
iuwi	i̯ uː w i
iāekwōj	iː æ e ɡʷ ɤ tʲ
iāekwōj	i̯ æ e ɡʷ ɤ tʲ
iōn̄	i̯ ɤ ŋ
iōn̄in	i̯ e ŋ i nʲ
jaab	tʲ ɑ ɑ pˠ
jaab	tʲ ɑː pˠ
jaajmi	tʲ ɑː zʲ i mʲ i
jaam̧	tʲ ɑ ɑ mˠ
jaam̧	tʲ ɑː mˠ
jaat	tʲ ɑ ɑ tˠ
jaat	tʲ ɑː tˠ
jabwi	tʲ ɑ bˠ i
jabōn	tʲ ɑ bˠ ʌ nʲ
jabōt	tʲ ɑ bˠ ʌ tˠ
jabōļ	tʲ ɑ bˠ ʌ lˠ
jaidin̄	tʲ ɑː i rʲ iː ŋ
jaij	tʲ ɑː i tʲ
jain	tʲ ɑː i nʲ
jaina	tʲ ɑː i nʲ ɑ
jaintiij	tʲ ɑː i n dˠ iː tʲ
jaki	tʲ ɑ ɡ i
jakkūramen	tʲ ɑ k k ɯ rˠ ɑː mʲ ɛ nʲ
jakōļ	tʲ ɑ ɡ ʌ lˠ
jam̧uwa	tʲ ɑː mˠ uː w ɑ
jam̧ōņ	tʲ ɑ mˠ ʌ nˠ
jan̄	tʲ ɑ ŋ
jan̄ai	tʲ ɑː ŋ ɑː i
jan̄ij	tʲ ɑ ŋ i tʲ
jan̄in̄i	tʲ ɑː ŋ iː ŋ i
jarej	tʲ ɑ rˠ ʌ tʲ
jarom	tʲ ɒ rʷ ɔ mʲ
jaromin	tʲ ɒ rʷ ɔ mʲ i nʲ
jarōj	tʲ ɑ rˠ ʌ tʲ
jatiin	tʲ ɑː dˠ iː nʲ
jatiraito	tʲ ɑː dˠ iː rˠ ɑː i dˠ o
jauwi	tʲ ɒ u w i
jaņtōj	tʲ ɑ n dˠ ʌ tʲ
je	tʲ e
jebat	tʲ ɛ bˠ ɑ tˠ
jebkwanwūjo̧	tʲ ɛ bˠ ɔ ɡʷ ɑ nʲ u w ɯ zʲ ɒ
jebtōm̧ba	tʲ ɛ bˠ ʌ dˠ ʌ m bˠ ɑ
jebwa	tʲ ɛ bˠ ɔ w ɑ
jebwad	tʲ ɛ bˠ ɔ w ɑ rʲ
jedo̧ujij	tʲ ɛ rʲ ɒ u zʲ i tʲ
jedpānit	tʲ ɛ rʲ ɛ bʲ æ nʲ i tˠ
jeen	tʲ ɛ ɛ nʲ
jeen	tʲ ɛː nʲ
jeeļ	tʲ ɛ ɛ lˠ
jeeļ	tʲ ɛː lˠ
jeina	tʲ e i nʲ ɑ
jelba	tʲ e lʲ ɤ bˠ ɑ
jelbain	tʲ e lʲ ɤ bˠ ɑ ɯ nʲ
jemene	tʲ ɛ mʲ ɛ nʲ ɛ
jemo̧	tʲ æː mʲ ɒ
jem̧ar	tʲ ɛ mˠ ɑ rˠ
jennade	tʲ ɛ n nʲ ɑː rʲ e
jepaan	tʲ ɛ bʲ ɑ ɑ nʲ
jepaan	tʲ ɛ bʲ ɑː nʲ
jeptōm̧ba	tʲ ɛ bʲ ɛ dˠ ʌ m bˠ ɑ
jera	tʲ ɛ rˠ ɑ
jerbal	tʲ ɛ rˠ ʌ bˠ ɑ lʲ
jerā	tʲ ɛ rˠ æ
jibuki	tʲ i bˠ u ɡʷ i
jibukwi	tʲ i bˠ u ɡʷ i
jiij	tʲ i i tʲ
jiij	tʲ iː tʲ
jiijin	tʲ i i zʲ i nʲ
jiijin	tʲ iː zʲ i nʲ
jiip	tʲ i i pʲ
jiip	tʲ iː pʲ
jiipip	tʲ iː bʲ iː pʲ
jijej	tʲ iː zʲ e tʲ
jijer	tʲ iː zʲ ɛ rˠ
jijilimjuon	tʲ i zʲ i lʲ i mʲ i zʲ u ɔ nʲ
jijāj	tʲ iː zʲ æ tʲ
jikako	tʲ i ɡ ɑː ɡ o
jikka	tʲ i k k ɑ
jikuuļ	tʲ i ɡ u u lˠ
jikuuļ	tʲ i ɡ uː lˠ
jiljilimjuon	tʲ i lʲ i zʲ i lʲ i mʲ i zʲ u ɔ nʲ
jiljilimjuonn̄oul	tʲ i lʲ i zʲ i lʲ i mʲ i zʲ u ɔ nʲ ɤ ŋ o u lʲ
jiljino	tʲ i zʲ i nʲ ɔ
jiljinon̄oul	tʲ i zʲ i nʲ ɔː ŋ o u lʲ
jiljinōn̄n̄oul	tʲ i zʲ i nʲ ɤ ŋ ŋ o u lʲ
jiln̄uul	tʲ i lʲ i ŋ uː lʲ
jilu	tʲ i lʲ u
jimeeņ	tʲ i mʲ ɛ ɛ nˠ
jimeeņ	tʲ i mʲ ɛː nˠ
jimjuon	tʲ i mʲ i zʲ u ɔ nʲ
jimjuon̄oul	tʲ i mʲ i zʲ u ɔ ŋ o u lʲ
jimāāņ	tʲ i mʲ æ æ nˠ
jimāāņ	tʲ i mʲ æː nˠ
jipein	tʲ i bʲ e i nʲ
jisōs	tʲ iː zʲ e tʲ
jitni	tʲ i dˠ i nʲ i
jito̧kin	tʲ i dˠ ɒː ɡ i nʲ
jitūūl	tʲ i dˠ ɯ ɯ lʲ
jitūūl	tʲ i dˠ ɯː lʲ
jitūūlin	tʲ i dˠ ɯ ɯ lʲ i nʲ
jitūūlin	tʲ i dˠ ɯː lʲ i nʲ
joiu	tʲ oː i̯ u
jojo	tʲ oː zʲ o
jojo	tʲ ɔː zʲ ɔ
jojoin	tʲ oː zʲ o u nʲ
jojoin	tʲ ɔː zʲ o u nʲ
jok	tʲ ɔ kʷ
joob	tʲ ɔ ɔ pˠ
joob	tʲ ɔː pˠ
joobin	tʲ ɔ ɔ bˠ i nʲ
joobin	tʲ ɔː bˠ i nʲ
jourur	tʲ o u rˠ u w u rˠ
jowapin	tʲ ɔ w ɑː bʲ i nʲ
jo̧jej	tʲ ɒː zʲ ɛ tʲ
jo̧kleej	tʲ ɒ ɡʷ ʌ lʲ ɛː tʲ
jo̧o̧n	tʲ ɒ ɒ nʲ
jo̧o̧n	tʲ ɒː nʲ
jo̧o̧ļ	tʲ ɒ ɒ lˠ
jo̧o̧ļ	tʲ ɒː lˠ
jo̧uwi	tʲ ɒ u w i
juga	tʲ u ɡʷ ɑ
juje	tʲ uː zʲ ɛ
jukuuļ	tʲ u ɡʷ u u lˠ
jukuuļ	tʲ u ɡʷ uː lˠ
jukwa	tʲ u ɡʷ ɑ
jukwain	tʲ u ɡʷ ɑ ɯ nʲ
jukweea	tʲ u ɡʷ ɛː ɑ
jukweeain	tʲ u ɡʷ ɛː ɑ ɯ nʲ
juon	tʲ u ɔ nʲ
jurbak	tʲ u rʷ u bˠ ɑ k
jure	tʲ uː rˠ e
jurub	tʲ u rʷ u pˠ
jurubin	tʲ u rʷ u bˠ i nʲ
juub	tʲ u u pˠ
juub	tʲ uː pˠ
juubin	tʲ u u bˠ i nʲ
juubin	tʲ uː bˠ i nʲ
juuj	tʲ u u tʲ
juuj	tʲ uː tʲ
juun	tʲ u u nʲ
juun	tʲ uː nʲ
juwapen	tʲ uː w ɑ bʲ e nʲ
juwapin	tʲ u w ɑː bʲ i nʲ
juļae	tʲ uː lˠ ɑː ɛ
jādede	tʲ æ rʲ ɛː rʲ ɛ
jāidin̄	tʲ æ i rʲ iː ŋ
jāij	tʲ æ i tʲ
jāina	tʲ æ i nʲ ɑ
jāioon	tʲ æ i ɔ ɔ nʲ
jāioon	tʲ æ i ɔː nʲ
jāipaan	tʲ æ i bʲ ɑ ɑ nʲ
jāipaan	tʲ æ i bʲ ɑː nʲ
jāj	tʲ æ tʲ
jāje	tʲ æː zʲ e
jālele	tʲ æ lʲ eː lʲ e
jālooj	tʲ æ lʲ o o tʲ
jālooj	tʲ æ lʲ oː tʲ
jālwōj	tʲ æ lʲ o w ɤ tʲ
jāmne	tʲ æ mʲ ɛ nʲ ɛ
jāmo̧	tʲ æː mʲ ɒ
jāndik	tʲ æ n rʲ i k
jāntōj	tʲ ɑ n dˠ ʌ tʲ
jānwōde	tʲ æ nʲ ɔ w ʌ rʲ ɛ
jāān	tʲ æ æ nʲ
jāān	tʲ æː nʲ
jāānwūj	tʲ æː nʲ u w ɯ tʲ
kaab	k ɑ ɑ pˠ
kaab	k ɑː pˠ
kaaj	k ɑ ɑ tʲ
kaaj	k ɑː tʲ
kaar	k ɑ ɑ rˠ
kaar	k ɑː rˠ
kaarar	k ɑː rˠ ɑː rˠ
kaarin	k ɑ ɑ rˠ i nʲ
kaarin	k ɑː rˠ i nʲ
kaj	k ɑ tʲ
kajin	k ɑ zʲ i nʲ
kajji	k ɑ t tʲ i
kako	k ɑː ɡ o
kalboonea	k ɑ lʲ ʌ bˠ ɔː nʲ ɛ̯ ɑ
kameļ	k ɑ mʲ ɛ lˠ
kam̧bōj	k ɑ m bˠ ʌ tʲ
kam̧putōr	k ɑ m bʲ uː dˠ ʌ rˠ
kanbōj	k ɑ nʲ ʌ bˠ ʌ tʲ
kanniōk	k ɑ n nʲ i ɤ k
kanniōkin	k ɑ n nʲ i e ɡ i nʲ
kapel	k ɑː bʲ ɛ lʲ
kapen	k ɑ bʲ ɛ nʲ
kapilōn̄	k ɑ bʲ iː lʲ ɤ ŋ
kapjer	k ɑ bʲ e zʲ e rˠ
kapjerin	k ɑ bʲ e zʲ e rˠ i nʲ
kapjor	k ɑ bʲ e zʲ o rʷ
kapjorin	k ɑ bʲ e zʲ o rʷ u nʲ
kapwor	k ɑ bʲ o w o rˠ
kare	k ɑ rˠ e
karjin	k ɑ rˠ i zʲ i nʲ
karoļāin	k ɑ rˠ ɔː lˠ æ i nʲ
katiin	k ɑː dˠ iː nʲ
katiin̄	k ɑː dˠ iː ŋ
katin	k ɑ dˠ i nʲ
katkijm̧uuj	k ɑ dˠ ɯ ɡ i zʲ i mˠ uː tʲ
katlik	k ɑ dˠ i lʲ i k
katļo̧k	k ɑ dˠ ʌ lˠ ɒ kʷ
katļo̧kin	k ɑ dˠ ʌ lˠ ɒ ɡʷ u nʲ
kau	k ɑː u
kaubowe	k ɑː uː bˠ ɔ w ɛ
kaubowein	k ɑː uː bˠ o w e i nʲ
kauin	k ɑː uː nʲ
keepran̄	k ɛː bʲ ɛ rˠ ɑ ŋ
kena	k ɛː nʲ ɑ
kiaaj	k i ɑ ɑ tʲ
kiaaj	k i ɑː tʲ
kiaj	k i ɑː tʲ
kideddelbwij	k i rʲ e r rʲ e lʲ i bˠ i tʲ
kidu	k i rʲ u
kiduin	k i rʲ u u nʲ
kiduin	k i rʲ uː nʲ
kiduun	k i rʲ u u nʲ
kiduun	k i rʲ uː nʲ
kieo	k iː ɔ
kiin̄	k i i ŋ
kiin̄	k iː ŋ
kiin̄in	k i i ŋ i nʲ
kiin̄in	k iː ŋ i nʲ
kij	k i tʲ
kijdik	k i zʲ i rʲ i k
kijeek	k i zʲ ɛ ɛ k
kijeek	k i zʲ ɛː k
kil	k i lʲ
kilaaj	k i lʲ ɑ ɑ tʲ
kilaaj	k i lʲ ɑː tʲ
kilaj	k i lʲ ɑː tʲ
kilbōt	k i lʲ i bˠ ʌ tˠ
kilin	k i lʲ i nʲ
kilmeej	k i lʲ i mʲ ɛː tʲ
kilmir	k i lʲ i mʲ i rˠ
kimej	k i mʲ e tʲ
kio	k i ɔ
kior	k i o rʷ
kiorin	k i e rʷ u nʲ
kipilōn̄	k i bʲ iː lʲ ɤ ŋ
kito	k iː dˠ o
kiuba	k i uː bˠ ɑ
kiudi	k i uː rʲ i
kiur	k i u rʷ
kiurin	k i i rʷ u nʲ
kiurin	k iː rʷ u nʲ
koba	k oː bˠ ɑ
koba	k ɔː bˠ ɑ
koko	k oː ɡ o
kokōro	k ɔː ɡ ʌ rˠ ɔ
kom̧	kʷ o mˠ
kom̧le	kʷ o mˠ ɤ lʲ e
kom̧m̧ool	kʷ ɔ m mˠ ɔː lʲ
koot	k ɔ ɔ tˠ
koot	k ɔː tˠ
korap	kʷ ɔ rˠ ɑ pʲ
kotin	kʷ ɔ dˠ i nʲ
kotōl	kʷ o dˠ ʌ lʲ
koļeiaat	kʷ o lˠ e i ɑ ɑ tˠ
koļeiaat	kʷ o lˠ e i ɑː tˠ
ko̧kwe	kʷ ɒ ɡʷ e
ko̧o̧j	k ɒ ɒ tʲ
ko̧o̧j	k ɒː tʲ
ko̧o̧joj	k ɒː zʲ o w ɤ tʲ
ko̧o̧n	k ɒ ɒ nʲ
ko̧o̧n	k ɒː nʲ
ko̧pe	k ɒː bʲ e
kraist	k ɯ rˠ ɑː i tʲ
kuajleen	kʷ u w ɑ zʲ ɛ lʲ ɛː nʲ
kuam̧	kʷ u w ɑː mˠ
kujjae	kʷ u t tʲ ɑː ɛ
kuria	kʷ u rˠ i ɑ
kuriļa	kʷ u rˠ iː lˠ ɑ
kurm̧a	kʷ u rˠ ɯ mˠ ɑ
kurob	kʷ u rʷ ɔ pˠ
kuuj	k u u tʲ
kuuj	k uː tʲ
kuujin	k u u zʲ i nʲ
kuujin	k uː zʲ i nʲ
kuum̧	k u u mˠ
kuum̧	k uː mˠ
kuum̧in	k u u mˠ i nʲ
kuum̧in	k uː mˠ i nʲ
kuum̧um̧	k uː mˠ u w u mˠ
kuwaam̧	kʷ u w ɑ ɑ mˠ
kuwaam̧	kʷ u w ɑː mˠ
kuwaj	kʷ u w ɑ tʲ
kuwajleen	kʷ u w ɑ zʲ ɛ lʲ ɛː nʲ
kuļuļ	kʷ u lʷ u lʷ
kwarkwar	kʷ ɑ rˠ ɔ ɡʷ ɑ rˠ
kwaļm̧we	kʷ ɑ lˠ ɤ mˠ e
kweet	kʷ e e tˠ
kweet	kʷ eː tˠ
kweetin	kʷ e e dˠ i nʲ
kweetin	kʷ eː dˠ i nʲ
kwiin	kʷ i i nʲ
kwiin	kʷ iː nʲ
kwiinin	kʷ i i nʲ i nʲ
kwiinin	kʷ iː nʲ i nʲ
kwōle	kʷ ɤ lʲ e
kwōle	kʷ ʌ lʲ ɛ
kāpin	k æː bʲ i nʲ
kāāntōļ	k æː n dˠ ʌ lˠ
kāān̄	k æ æ ŋ
kāān̄	k æː ŋ
kōba	k ʌ bˠ ɑ
kōbaatat	k ʌ bˠ ɑː dˠ ɑː tˠ
kōjae	k ʌ zʲ ɑː ɛ
kōjjeb	k ʌ t tʲ ɛ pˠ
kōjwad	k ʌ zʲ ɔ w ɑ rʲ
kōjām	k ʌ zʲ æ mʲ
kōle	k ɤ lʲ e
kōm	k ɤ mʲ
kōmālij	k ʌ mʲ æ lʲ i tʲ
kōrein	k ʌ rˠ e i nʲ
kōrā	k ʌ rˠ æ
kōrāin	k ʌ rˠ æ i nʲ
kōtrāāk	k ʌ dˠ ʌ rˠ æː k
kōtōmānlimpok	k ʌ dˠ ʌ mʲ æ n lʲ i m bʲ ɔ kʷ
kōōb	k ɤ ɤ pˠ
kōōb	k ɤː pˠ
kūm̧ake	k ɯ mˠ ɑ ɡ e
kūraij	k ɯ rˠ ɑː i tʲ
kūrawūn	k ɯ rˠ ɑː w ɯ nʲ
kūrawūnin	k ɯ rˠ ɑː w ɯ nʲ i nʲ
kūre	k ɯ rˠ e
kūreep	k ɯ rˠ e e pʲ
kūreep	k ɯ rˠ eː pʲ
kūrepe	k ɯ rˠ eː bʲ e
kūriij	k ɯ rˠ i i tʲ
kūriij	k ɯ rˠ iː tʲ
kūriin	k ɯ rˠ i i nʲ
kūriin	k ɯ rˠ iː nʲ
kūrijm̧ōj	k ɯ rˠ i zʲ i mˠ ɤ tʲ
kūrjin	k ɯ rˠ i zʲ i nʲ
kūro	k ɯ rˠ o
kūru	k ɯ rˠ u
kūta	k ɯ dˠ ɑ
kūtain	k ɯ dˠ ɑ ɯ nʲ
lae	lʲ ɑː ɛ
lan̄	lʲ ɑ ŋ
lelejkakkak	lʲ e lʲ e zʲ e ɡ ɑ k k ɑ k
lemn̄oul	lʲ e mʲ e ŋ o u lʲ
lerooj	lʲ eː rˠ oː tʲ
leroojin	lʲ eː rˠ oː zʲ i nʲ
libwetōr	lʲ i bˠ ɛː dˠ ʌ rˠ
liele	lʲ i e lʲ e
lijjo̧o̧n	lʲ i t tʲ ɒː nʲ
likiep	lʲ i ɡ i ɛ pʲ
likijjine	lʲ i ɡ i t tʲ i nʲ e
lomo̧o̧r	lʲ ɔː mʲ ɒː rˠ
lo̧jet	lʲ ɒː zʲ e tˠ
lo̧lo̧	lʲ ɒː lʲ ɒ
lo̧lo̧in	lʲ ɒː lʲ ɒ u nʲ
lo̧mo̧o̧r	lʲ ɒː mʲ ɒː rˠ
lūbōntōr	lʲ i bˠ ʌ n dˠ ʌ rˠ
mar	mʲ ɑ rˠ
maroro	mʲ ɑː rˠ ɔː rˠ ɔ
mat	mʲ ɑ tˠ
meik	mʲ e i k
mejatoto	mʲ ɛ zʲ ɑ dˠ ɔː dˠ ɔ
mejatto	mʲ ɛ zʲ ɑ t tˠ ɔ
mejjiko	mʲ ɛ t tʲ i ɡ ɔ
metak	mʲ ɛ dˠ ɑ k
metwe	mʲ e dˠ o w e
mijel	mʲ i zʲ e lʲ
mile	mʲ i lʲ e
milik	mʲ i lʲ i k
mir	mʲ i rˠ
mouj	mʲ o u tʲ
mour	mʲ o u rˠ
mourin	mʲ o u rˠ i nʲ
mā	mʲ æ
mādke	mʲ æ rʲ e ɡ e
māe	mʲ æ e
māj	mʲ æ tʲ
mājeej	mʲ æ zʲ e e tʲ
mājeej	mʲ æ zʲ eː tʲ
mājej	mʲ æ zʲ eː tʲ
mājro	mʲ æ zʲ e rˠ o
mājur	mʲ æ zʲ u rʷ
mānnueaļ	mʲ æ n nʲ uː i̯ ɑ lˠ
m̧aaj	mˠ ɑ ɑ tʲ
m̧aaj	mˠ ɑː tʲ
m̧adianna	mˠ ɑ rʲ i ɑː n nʲ ɑ
m̧aikronijia	mˠ ɑː i ɡ u rʷ ɔ nʲ i zʲ i ɑ
m̧ajeļ	mˠ ɑː zʲ ɛ lˠ
m̧akneet	mˠ ɑ ɡ ʌ nʲ ɛː tˠ
m̧akōni	mˠ ɑː ɡ ʌ nʲ i
m̧am̧a	mˠ ɑː mˠ ɑ
m̧am̧ōj	mˠ ɑ mˠ ɤ tʲ
m̧ande	mˠ ɑ n rʲ ɛ
m̧aļoeļap	mˠ ɑ lˠ ɔː ɛ lˠ ɑ pʲ
m̧aōkōni	mˠ ɑ ʌː ɡ ʌ nʲ i
m̧m̧an	mˠ ʌ mˠ ɑ nʲ
m̧m̧an	ɛ m mˠ ɑ nʲ
m̧ool	mˠ ɔ ɔ lʲ
m̧ool	mˠ ɔː lʲ
m̧upi	mˠ uː bʲ i
m̧uļe	mˠ u lʷ e
m̧uļein	mˠ u lʷ e i nʲ
m̧weiuk	mˠ e i̯ u kʷ
m̧weiukin	mˠ e i ɡʷ u nʲ
m̧wian̄	mˠ i ɑ ŋ
m̧wian̄in	mˠ i æ ŋ i nʲ
m̧wijm̧wij	mˠ i zʲ i mˠ i tʲ
m̧winam̧ōn	mˠ i nʲ ɑ mˠ ʌ nʲ
m̧ōjlim	mˠ ʌ zʲ i lʲ i mʲ
m̧ōjm̧ōj	mˠ ɤ zʲ e mˠ ɤ tʲ
m̧ōm̧	mˠ ɤ mˠ
m̧ōm̧an	mˠ ʌ mˠ ɑ nʲ
m̧ōm̧ōj	mˠ ɤ mˠ ɤ tʲ
m̧ōn̄ā	mˠ ʌ ŋ æ
m̧ūrar	mˠ ɯ rˠ ɑ rˠ
naaj	nʲ ɑ ɑ tʲ
naaj	nʲ ɑː tʲ
nam̧	nʲ ɑ mˠ
nam̧dik	nʲ ɑ mˠ i rʲ i k
nam̧o	nʲ ɑ mˠ o
nana	nʲ ɑː nʲ ɑ
nawōdo	nʲ ɑː w ʌ rʲ ɔ
ni	nʲ i
nibbon̄	nʲ i p pˠ ɔ ŋʷ
niiļ	nʲ i i lˠ
niiļ	nʲ iː lˠ
nim̧ur	nʲ i mˠ u rʷ
nitijeļā	nʲ i dˠ iː zʲ ɛ lˠ æ
nobōm̧ba	nʲ ɔː bˠ ʌ m bˠ ɑ
nopem̧ba	nʲ ɔː bʲ ɛ m bˠ ɑ
nujiiļōn	nʲ uː zʲ iː lˠ ʌ nʲ
nuuj	nʲ u u tʲ
nuuj	nʲ uː tʲ
nuujpeba	nʲ uː zʲ i bʲ eː bˠ ɑ
nuwio̧o̧k	nʲ u w i ɒ ɒ k
nuwio̧o̧k	nʲ u w i ɒː k
nāj	nʲ æ tʲ
nōļ	nʲ ʌ lˠ
n̄e	ŋ e
n̄e	ŋ ɛ
n̄i	ŋ i
n̄iitwa	ŋ iː dˠ u w ɑ
n̄ituwa	ŋ iː dˠ u w ɑ
oja	w ʌ zʲ ɑ
ok	w o kʷ
oktoba	w ɔ ɡ ʌ dˠ ɔː bˠ ɑ
om̧	w o mˠ
om̧rawūn	w ɔ mˠ ʌ rˠ ɑː w ɯ nʲ
on̄kon̄	w ɔ ŋ ɡʷ ɔ ŋʷ
opiem̧	w ɤ bʲ i e mˠ
opij	w ʌ bʲ iː tʲ
oran	w ɔ rˠ ɑ nʲ
orpāp	w o rˠ ɤ bʲ æ pʲ
oteeļ	w ʌ dˠ ɛ ɛ lˠ
oteeļ	w ʌ dˠ ɛː lˠ
otemjej	w ɤ dˠ ɤ mʲ e zʲ e tʲ
otemjeļo̧k	w ɤ dˠ ɤ mʲ e zʲ ɛ lˠ ɒ kʷ
otobai	w ʌ dˠ ɔː bˠ ɑ ɯ i̯
oļeo̧	w ɔ lˠ ɛ ɒ
oļip	w ɔ lˠ i pʲ
o̧b	w ɑ pˠ
o̧kwōj	ɒ ɡʷ ʌ tʲ
o̧kwōn	ɒ ɡʷ ʌ nʲ
o̧kwōnin	ɒ ɡʷ ʌ nʲ i nʲ
o̧kōnjo̧	ɒ ɡʷ ʌ n zʲ ɒ
o̧o̧j	ɒ ɒ tʲ
o̧o̧j	ɒː tʲ
o̧o̧jin	ɒ ɒ zʲ i nʲ
o̧o̧jin	ɒː zʲ i nʲ
o̧o̧jo̧j	ɒː zʲ ɔ w ɑ tʲ
o̧waj	ɒː w ɑ tʲ
o̧wajin	ɒː w ɑ zʲ i nʲ
pako	pʲ ɑ ɡ ɔ
pat	pʲ ɑ tˠ
peba	pʲ eː bˠ ɑ
peba	pʲ ɛ bˠ ɑ
pedam̧wijm̧wij	pʲ ɛ rʲ ɑ mˠ i zʲ i mˠ i tʲ
pedan̄otn̄ot	pʲ ɛ rʲ ɒ ŋʷ ɔ dˠ ɔ ŋʷ ɔ tˠ
pedan̄utn̄ut	pʲ ɛ rʲ ɒ ŋʷ u dˠ u ŋʷ u tˠ
pedan̄wūjn̄wūj	pʲ ɛ rʲ ɒ ŋʷ ɯ zʲ u ŋʷ ɯ tʲ
peejnej	pʲ eː zʲ e nʲ e tʲ
peinabōļ	pʲ e i nʲ ɑː bˠ ʌ lˠ
peljem̧	pʲ ɛ lʲ ɛ zʲ ɛ mˠ
penkō	pʲ ɛ nʲ ʌ ɡ ʌ
penkōin	pʲ ɛ nʲ ɤ ɡ ɤ ɯ nʲ
pepa	pʲ ɛ bʲ ɑ
peptaij	pʲ ɛ bʲ ɛ dˠ ɑː i tʲ
peran	pʲ ɛ rˠ ɑ nʲ
petkōj	pʲ e dˠ ɤ ɡ ɤ tʲ
pi	pʲ i
pia	pʲ i ɑ
piaea	pʲ i ɑː ɛ̯ ɑ
piano	pʲ i ɑː nʲ ɔ
pianoin	pʲ i ɑː nʲ o u nʲ
piik	pʲ i i k
piik	pʲ iː k
piin̄	pʲ i i ŋ
piin̄	pʲ iː ŋ
piji	pʲ iː zʲ i
pijin	pʲ i zʲ i nʲ
pik	pʲ i k
pikaar	pʲ i ɡ ɑ ɑ rˠ
pikaar	pʲ i ɡ ɑː rˠ
pikeej	pʲ i ɡ ɛ ɛ tʲ
pikeej	pʲ i ɡ ɛː tʲ
pikin	pʲ i ɡ i nʲ
pikinni	pʲ i ɡ i n nʲ i
pikōļ	pʲ i ɡ ʌ lˠ
pilawā	pʲ i lʲ ɑː w æ
piliet	pʲ i lʲ i ɛ tˠ
pilipin	pʲ i lʲ i bʲ i nʲ
pinana	pʲ i nʲ ɑː nʲ ɑ
pinjeļ	pʲ i n zʲ ɛ lˠ
pinneep	pʲ i n nʲ ɛː pʲ
pinniep	pʲ i n nʲ i ɛ pʲ
pinōt	pʲ iː nʲ ʌ tˠ
piolōt	pʲ i ɔː lʲ ʌ tˠ
pirōk	pʲ i rˠ ɤ k
piteto	pʲ i dˠ ɛː dˠ ɔ
piwūj	pʲ iː w ɯ tʲ
pāpode	pʲ æ bʲ ɔː rʲ ɛ
pāār	pʲ æ æ rˠ
pāār	pʲ æː rˠ
pāārin	pʲ æ æ rˠ i nʲ
pāārin	pʲ æː rˠ i nʲ
raij	rˠ ɑː i tʲ
raijin	rˠ ɑː i zʲ i nʲ
raj	rˠ ɑ tʲ
rak	rˠ ɑ k
ralitōk	rˠ ɑː lʲ iː dˠ ɤ k
rapit	rˠ ɑ bʲ i tˠ
ratak	rˠ ɑː dˠ ɑ k
ratimjuon	rˠ ɑː dˠ i mʲ i zʲ u ɔ nʲ
reba	rˠ eː bˠ ɑ
rej	rˠ ɛ tʲ
rilomo̧o̧r	rˠ i lʲ ɔː mʲ ɒː rˠ
rilo̧mo̧o̧r	rˠ i lʲ ɒː mʲ ɒː rˠ
robba	rʷ ɔ p pˠ ɑ
robbain	rʷ ɔ p pˠ ɑ ɯ nʲ
roj	rʷ ɔ tʲ
rojia	rʷ oː zʲ i ɑ
ron̄	rˠ ɔ ŋʷ
ron̄dik	rʷ ɔ ŋʷ ɯ rʲ i k
ron̄ļap	rʷ ɔ ŋʷ ɔ lˠ ɑ pʲ
rooj	rˠ ɔ ɔ tʲ
rooj	rˠ ɔː tʲ
roojin	rˠ ɔ ɔ zʲ i nʲ
roojin	rˠ ɔː zʲ i nʲ
roojoj	rˠ ɔː zʲ ɔ w ʌ tʲ
rualitōk	rˠ u w ɑː lʲ iː dˠ ɤ k
ruatimjuon	rˠ u w ɑː dˠ i mʲ i zʲ u ɔ nʲ
ruk	rˠ u kʷ
ruo	rˠ u ɔ
ruot	rʷ u ɔ tˠ
ruujia	rʷ uː zʲ iː ɑ
ruwalitōk	rˠ u w ɑː lʲ iː dˠ ɤ k
ruwatimjuon	rˠ u w ɑː dˠ i mʲ i zʲ u ɔ nʲ
ruwōjjā	rˠ u ɔ t tʲ æ
rwalitōk	rʷ ɑː lʲ iː dˠ ɤ k
rālik	rˠ æː lʲ i k
rārōk	rˠ æː rˠ ɤ k
rōplen	rˠ ʌ bʲ ɛ lʲ ɛ nʲ
rūm̧m̧an	rˠ ɯ m mˠ ɑ nʲ
tabwil	tˠ ɑ bˠ i lʲ
taeo	tˠ ɑː ɛ̯ ɔ
taewan	tˠ ɑː ɛ w ɑ nʲ
taibuun	tˠ ɑː i bˠ uː nʲ
taije	tˠ ɑː i zʲ ɛ
taikō	tˠ ɑː i ɡ ʌ
taim̧oņ	tˠ ɑː i mˠ ɔ nʷ
taiwan	tˠ ɑː i w ɑ nʲ
tak	tˠ ɑ k
take	tˠ ɑ ɡ e
takin	tˠ ɑ ɡ i nʲ
taktō	tˠ ɑ ɡ ʌ dˠ ʌ
talboon	tˠ ɑ lʲ ʌ bˠ ɔː nʲ
tampeļ	tˠ ɑ m bʲ ɛ lˠ
tanim	tˠ ɑ nʲ i mʲ
tapioka	tˠ ɑ bʲ i ɔː ɡ ɑ
tata	tˠ ɑː dˠ ɑ
taun	tˠ ɑː w ɯ nʲ
tawūn	tˠ ɑː w ɯ nʲ
taļa	tˠ ɑː lˠ ɑ
tebu	tˠ eː bˠ u
teem̧bura	tˠ ɛː m bˠ u rʷ ɑ
teem̧būra	tˠ ɛː m bˠ ɯ rˠ ɑ
teļap	tˠ ɛː lˠ ɑ pʲ
ti	tˠ i
tiin	tˠ i i nʲ
tiin	tˠ iː nʲ
tijem̧ba	tˠ iː zʲ ɛ m bˠ ɑ
til	tˠ i lʲ
tonaaj	tˠ ɔː nʲ ɑː tʲ
toļ	tˠ ɔ lʷ
toļin	tˠ ɔ lʷ ɯ nʲ
toņ	tˠ ɔ nʷ
to̧nōt	tˠ ɒː nʲ ʌ tˠ
to̧o̧l	tˠ ɒ ɒ lʲ
to̧o̧l	tˠ ɒː lʲ
to̧o̧lin	tˠ ɒ ɒ lʲ i nʲ
to̧o̧lin	tˠ ɒː lʲ i nʲ
to̧o̧n̄ke	tˠ ɒː ŋ ɡ e
to̧ujin	tˠ ɒ u zʲ i nʲ
tubaļu	tˠ uː bˠ ɑː lˠ u
tuean̄	tˠ uː i̯ ɑ ŋ
tuen̄	tˠ uː i̯ ɤ ŋ
tuiōn̄	tˠ uː i̯ ɤ ŋ
tun̄n̄ūlaļļo̧k	tˠ u ŋ ŋʷ ɯ lʲ ɑ l lˠ ɒ kʷ
tāeo	tˠ æ ɛ̯ ɔ
tāākji	tˠ æː ɡ i zʲ i
tōkā	tˠ ʌ ɡ æ
tōm̧ato	tˠ ʌ mˠ ɑː dˠ ɔ
tūkjinede	tˠ ɯ ɡ i zʲ i nʲ ɛː rʲ ɛ
tūkōk	tˠ ɯ ɡ ɤ k
tūm̧m̧wilaļļo̧k	tˠ ɯ m mˠ i lʲ ɑ l lˠ ɒ kʷ
tūrāikōn	tˠ ɯ rˠ æ i ɡ ʌ nʲ
u	w u
uin	w u u nʲ
uin	w uː nʲ
ujae	w ɯ zʲ ɑː ɛ
ujlan̄	w ɯ zʲ i lʲ ɑ ŋ
ujooj	w ɯ zʲ o o tʲ
ujooj	w ɯ zʲ oː tʲ
uklele	w u ɡʷ u lʲ ɛː lʲ ɛ
uklelein	w u ɡʷ u lʲ ɛː lʲ e i nʲ
untoba	w u n dˠ ɔː bˠ ɑ
upaaj	w ɯ bʲ ɑ ɑ tʲ
upaaj	w ɯ bʲ ɑː tʲ
upaajaj	w ɯ bʲ ɑː zʲ ɑː tʲ
ut	w u tˠ
utilomar	w u dˠ iː lʲ ɔː mʲ ɑ rˠ
uton̄	w u dˠ ɔ ŋʷ
uto̧r	w u dˠ ɒ rʷ
uto̧rin	w u dˠ ɒ rʷ u nʲ
utrooj	w u dˠ ɯ rˠ ɔː tʲ
utrōk	w u dˠ ɯ rˠ ɤ k
utut	w u dˠ u w ɯ tˠ
uuk	w u u k
uuk	w uː k
uwi	i̯ uː w i
uwi	w uː w i
wa	w ɑ
wab	w ɑ pˠ
wain	w ɑː i nʲ
waj	w ɑ tʲ
wajwaj	w ɑ zʲ ɔ w ɑ tʲ
wan̄	w ɑ ŋ
watre	w ɑ dˠ ɤ rˠ e
wau	w ɑː u
wea	w ɛ ɑ
weain	w ɛ ɑ ɯ nʲ
weejej	w eː zʲ eː tʲ
weejejin	w eː zʲ eː zʲ i nʲ
weiļ	w e i lˠ
wiawe	w i ɑː w e
wio̧we	w i ɒ w e
wōd	w ʌ rʲ
wōil	w e i lʲ
wōj	w ɤ tʲ
wōja	w ʌ zʲ ɑ
wōjjā	w ʌ t tʲ æ
wōjke	w ɤ zʲ e ɡ e
wōl	w ɤ lʲ
wōn	w ɤ nʲ
wōn	w ʌ nʲ
wōnje	w ʌ n zʲ ɛ
wōpiem̧	w ɤ bʲ i e mˠ
wōpij	w ʌ bʲ iː tʲ
wōt	w ɤ tˠ
wōtbai	w ʌ dˠ ʌ bˠ ɑː i
wōtbaiin	w ʌ dˠ ʌ bˠ ɑː iː nʲ
wōteļ	w ʌ dˠ ɛː lˠ
wōtmiiļ	w ʌ dˠ i mʲ iː lˠ
wōtto	w ʌ t tˠ ɔ
wōtōmjej	w ɤ dˠ ɤ mʲ e zʲ e tʲ
wōtōmjeļo̧k	w ɤ dˠ ɤ mʲ e zʲ ɛ lˠ ɒ kʷ
wūdeakeak	w ɯ rʲ i̯ æ ɡ ɛ̯ ɑ k
wūdkabbe	w ɯ rʲ i ɡ ɑ p pˠ e
wūjae	w ɯ zʲ ɑː ɛ
wūjlan̄	w ɯ zʲ i lʲ ɑ ŋ
wūjooj	w ɯ zʲ o o tʲ
wūjooj	w ɯ zʲ oː tʲ
wūjwūj	w ɯ zʲ u w ɯ tʲ
wūlka	w ɯ lʲ i ɡ ɑ
wūntoba	w u n dˠ ɔː bˠ ɑ
wūntō	w u n dˠ ʌ
wūpaaj	w ɯ bʲ ɑ ɑ tʲ
wūpaaj	w ɯ bʲ ɑː tʲ
wūpaajaj	w ɯ bʲ ɑː zʲ ɑː tʲ
wūt	w u tˠ
wūtwūt	w u dˠ u w ɯ tˠ
yok	e̯ o kʷ
yokwe	i̯ ɒ ɡʷ ɛ
yokyokwe	i̯ ɒ ɡʷ i̯ ɒ ɡʷ ɛ
yuk	e̯ o kʷ
ādkup	æ rʲ u ɡʷ u pʲ
ākto	æ ɡ ɤ dˠ o
āktuwe	æ ɡ ɯ dˠ u w ɛ
ākūtwe	æ ɡ ɯ dˠ u w ɛ
āne	æ nʲ e
āneeļļapkaņ	æ nʲ eː l lˠ ɑ bʲ ɛ ɡ ɑ nˠ
ānewetak	æ nʲ eː w ɛː dˠ ɑ k
ānewātak	æ nʲ eː w æː dˠ ɑ k
āt	æ tˠ
ātāt	æ dˠ æː tˠ
ļaam̧	lˠ ɑ ɑ mˠ
ļaam̧	lˠ ɑː mˠ
ļaam̧am̧	lˠ ɑː mˠ ɑː mˠ
ļaim̧	lˠ ɑː i mˠ
ļaim̧in	lˠ ɑː i mˠ i nʲ
ļaiōn	lˠ ɑː i ʌː nʲ
ļaiōōn	lˠ ɑː i ʌː nʲ
ļalem	lˠ ɑ lʲ e mʲ
ļan̄	lˠ ɑ ŋ
ļan̄e	lˠ ɑ ŋ e
ļap	lˠ ɑ pʲ
ļaņtōn	lˠ ɑ n dˠ ʌ nʲ
ļon̄	lʷ o ŋʷ
ļon̄	lˠ ɔ ŋʷ
ļoob	lˠ ɔ ɔ pˠ
ļoob	lˠ ɔː pˠ
ļoobin	lˠ ɔ ɔ bˠ i nʲ
ļoobin	lˠ ɔː bˠ i nʲ
ļora	lˠ ɔː rˠ ɑ
ļuj	lʷ ɯ tʲ
ļwe	lʷ e
ļwein	lʷ e i nʲ
ļwūj	lʷ ɯ tʲ
ņadikdik	nˠ ɑː rʲ i ɡ i rʲ i k
ņaib	nˠ ɑː i pˠ
ņaibin	nˠ ɑː i bˠ i nʲ
ņam̧	nˠ ɑ mˠ
ņo	nˠ o
ņo	nˠ ɔ
ņokwanej	nˠ ɔ ɡʷ ɑ nʲ ɛː tʲ
ņo̧kneej	nˠ ɒ ɡʷ ʌ nʲ ɛː tʲ
ōeōe	ɤ e̯ ɤː e̯
ōne	ɤ nʲ e
ōō	ɤ ɤ
ōō	ɤː
ōō	ʌ ʌ
ōō	ʌː
ūlūl	ɯ lʲ ɯː lʲ
ūlūlin	ɯ lʲ ɯː lʲ i nʲ
