अ	ə
अं	ə m
अंकगणित	ə ŋ k ə ɡ ə ɳ i t̪
अंगण	ə ŋ ɡ ə ɳ
अंडे	ə ɳ ɖ e
अंडे	ə ɳ ɖ ə
अंथरूण	ə n t̪ʰ ɾ u ɳ
अंदाज	ə n d̪ a d͡z
अंदाजे	ə n d̪ a d͡z e
अंबोळी	ə m b o ɭ̆ i
अः	ə̤
अकथित	ə k t̪ʰ i t̪
अक्कल	ə k k ə l
अख्खे	ə k kʰ e
अख्खे	ə k kʰ ə
अजिबात	ə d͡ʑ i b a t̪
अट	ə ʈ
अठरा	ə ʈʰ ɾ a
अडणे	ə ɖ ɳ e
अडणे	ə ɖ ɳ ə
अडाणी	ə ɖ a ɳ i
अत्तर	ə t̪ t̪ ə ɾ
अननस	ə n ə n ə s
अनुभवणे	ə n u bʱ ə ʋ ɳ e
अनुभवणे	ə n u bʱ ə ʋ ɳ ə
अपंग	ə p ə ŋ ɡ ə
अबीर	ə b i ɾ
अभिषेक	ə bʱ i ʂ e k
अमरावती	ə m ɾ a ʋ ə t̪ i
अरुंद	ə ɾ u n d̪ ə
अर्थ	ə ɾ t̪ʰ ə
अल्लड	ə l l ə ɖ
अहमदनगर	ə ɦ m ə d̪ n ə ɡ ə ɾ
अहमदाबाद	ə ɦ ə m d̪ a b a d̪
आ	a
आंघोळ	a ŋ ɡʱ o ɭ̆
आंधळे	a n d̪ʱ ə ɭ̆ e
आंधळे	a n d̪ʱ ə ɭ̆ ə
आंबट	a m b ə ʈ
आंबा	a m b a
आक्का	a k k a
आखणे	a kʰ ɳ e
आखणे	a kʰ ɳ ə
आग्रा	a ɡ ɾ a
आचार्य	a t͡ɕ a ɾ j ə
आज	a d͡z
आजकाल	a d͡z k a l
आजमावणे	a d͡z m a ʋ ɳ e
आजमावणे	a d͡z m a ʋ ɳ ə
आजारी	a d͡z a ɾ i
आजी	a d͡ʑ i
आजोबा	a d͡z o b a
आठवे	a ʈʰ ʋ e
आठवे	a ʈʰ ʋ ə
आढळणे	a ɖʱ ə ɭ̆ ɳ e
आढळणे	a ɖʱ ə ɭ̆ ɳ ə
आणि	a ɳ i
आफ्रिका	a pʰ ɾ i k a
आभाळ	a bʱ a ɭ̆
आमटी	a m ʈ i
आम्ही	a mʱ i
आयते	a j t̪ e
आयते	a j t̪ ə
आयुष्य	a j u ʂ j ə
आलिंगन	a l i ŋ ɡ ə n
आळवणे	a ɭ̆ ə ʋ ɳ e
आळवणे	a ɭ̆ ə ʋ ɳ ə
आळस	a ɭ̆ ə s
आवाज	a ʋ a d͡z
इ	i
इंगलंड	i ŋ ɡ l ə ɳ ɖ
इंदूर	i n d̪ u ɾ
इतर	i t̪ ə ɾ
इमान	i m a n
इलाज	i l a d͡z
इशारा	i ɕ a ɾ a
इसम	i s ə m
इस्लाम	i s l a m
ई	iː
ईशान्य	i ɕ a n j ə
उ	u
उंच	u n t͡s ə
उंट	u ɳ ʈ ə
उंबरठा	u m b ə ɾ ʈʰ a
उकरणे	u k ə ɾ ɳ e
उकरणे	u k ə ɾ ɳ ə
उकिरडा	u k i ɾ ɖ a
उखाणा	u kʰ a ɳ a
उगारणे	u ɡ a ɾ ɳ e
उगारणे	u ɡ a ɾ ɳ ə
उच्चारणे	u t͡ɕ t͡ɕ a ɾ ɳ e
उच्चारणे	u t͡ɕ t͡ɕ a ɾ ɳ ə
उजळणे	u d͡z ə ɭ̆ ɳ e
उजळणे	u d͡z ə ɭ̆ ɳ ə
उजवे	u d͡z ʋ e
उजवे	u d͡z ʋ ə
उजेड	u d͡ʑ e ɖ
उटणे	u ʈ ɳ e
उटणे	u ʈ ɳ ə
उडणे	u ɖ ɳ e
उडणे	u ɖ ɳ ə
उड्डाण	u ɖ ɖ a ɳ
उथळ	u t̪ʰ ə ɭ̆
उदास	u d̪ a s
उदाहरण	u d̪ a ɦ ɾ ə ɳ
उधळणे	u d̪ʱ ə ɭ̆ ɳ e
उधळणे	u d̪ʱ ə ɭ̆ ɳ ə
उनाड	u n a ɖ
उन्हाळा	u nʱ a ɭ̆ a
उपनिषद्	u p n i ʂ ə d̪
उमजणे	u m ə d͡z ɳ e
उमजणे	u m ə d͡z ɳ ə
उमटणे	u m ə ʈ ɳ e
उमटणे	u m ə ʈ ɳ ə
उमदे	u m d̪ e
उमदे	u m d̪ ə
उमलणे	u m ə l ɳ e
उमलणे	u m ə l ɳ ə
उमेद	u m e d̪
उरणे	u ɾ ɳ e
उरणे	u ɾ ɳ ə
उल्हास	u lʱ a s
उल्हासनगर	u lʱ a s n ə ɡ ə ɾ
उष्टे	u ʂ ʈ e
उष्टे	u ʂ ʈ ə
उसळणे	u s ə ɭ̆ ɳ e
उसळणे	u s ə ɭ̆ ɳ ə
उस्मानाबाद	u s m a n a b a d̪
ऊ	u
ऋ	ɾ u
ए	e
एकत्र	e k ə t̪ ɾ ə
ऐ	ə i
ऑ	ɔ
ओ	o
ओंजळ	o n d͡z ə ɭ̆
ओघ	o ɡʱ
ओझरते	o d͡zʱ ə ɾ t̪ e
ओझरते	o d͡zʱ ə ɾ t̪ ə
ओथंबणे	o t̪ʰ ə m b ə ɳ e
ओथंबणे	o t̪ʰ ə m b ə ɳ ə
ओरपणे	o ɾ ə p ɳ e
ओरपणे	o ɾ ə p ɳ ə
ओलांडणे	o l a ɳ ɖ ə ɳ e
ओलांडणे	o l a ɳ ɖ ə ɳ ə
ओळखणे	o ɭ̆ ə kʰ ɳ e
ओळखणे	o ɭ̆ ə kʰ ɳ ə
ओवा	o ʋ a
ओसंडणे	o s ə ɳ ɖ ə ɳ e
ओसंडणे	o s ə ɳ ɖ ə ɳ ə
ओसरणे	o s ə ɾ ɳ e
ओसरणे	o s ə ɾ ɳ ə
ओहायो	o ɦ a j o
औ	ə u
औरंगाबाद	ə u ɾ ə ŋ ɡ a b a d̪
क	k ə
कंदील	k ə n d̪ i l
कचरा	k ə t͡s ɾ a
कचेरी	k ə t͡ɕ e ɾ i
कटि	k ə ʈ i
कट्यार	k ə ʈ j a ɾ
कत्तल	k ə t̪ t̪ ə l
कदाचित	k ə d̪ a t͡ɕ i t̪
कपडा	k ə p ɖ a
कपाट	k ə p a ʈ
कराची	k ə ɾ a t͡ɕ i
कर्तृत्व	k ə ɾ t̪ ɾ u t̪ ʋ ə
कर्म	k ə ɾ m ə
कलिंगड	k ə l i ŋ ɡ ə ɖ
कल्लोळ	k ə l l o ɭ̆
कळशी	k ə ɭ̆ ɕ i
कवाईत	k ə ʋ a i t̪
कविता	k ə ʋ i t̪ a
कसोटी	k ə s o ʈ i
कहाणी	k ə ɦ a ɳ i
काच	k a t͡s
काजळ	k a d͡z ə ɭ̆
काजवा	k a d͡z ʋ a
काढा	k a ɖʱ a
कात्री	k a t̪ ɾ i
कान	k a n
कानपूर	k a n p u ɾ
कापड	k a p ə ɖ
कापूर	k a p u ɾ
काफी	k a pʰ i
कायदा	k a j d̪ a
कायम	k a j ə m
कारले	k a ɾ l e
कारले	k a ɾ l ə
कारागीर	k a ɾ a ɡ i ɾ
काळ	k a ɭ̆
कावळा	k a ʋ ɭ̆ a
काव्य	k a ʋ j ə
कासव	k a s ə ʋ
किंमत	k i m m ə t̪
किंवा	k i u ʋ a
किनारा	k i n a ɾ a
किल्ला	k i l l a
किल्ली	k i l l i
कीबोर्ड	k i b o ɾ ɖ ə
कीव	k i ʋ
कुंकू	k u ŋ k u
कुंभार	k u m bʱ a ɾ
कुटुंब	k u ʈ u m b ə
कुतूहल	k u t̪ u ɦ ə l
कुराण	k u ɾ a ɳ
कुऱ्हाड	k u ɾʱ a ɖ
कुलूप	k u l u p
केळे	k e ɭ̆ e
केळे	k e ɭ̆ ə
केस	k eː s
कोकण	k o k ə ɳ
कोड	k o ɖ
कोडे	k o ɖ e
कोडे	k o ɖ ə
कोय	k o j
कोरणे	k o ɾ ɳ e
कोरणे	k o ɾ ɳ ə
कोरे	k o ɾ e
कोरे	k o ɾ ə
कोल्हापूर	k o lʱ a p u ɾ
कोळसा	k o ɭ̆ s a
कोवळे	k o ʋ ɭ̆ e
कोवळे	k o ʋ ɭ̆ ə
कोशिंबीर	k o ɕ i m b i ɾ
कोशीस	k o ɕ i s
क्रूस	k ɾ u s
क्ष	k ʂ ə
क्षण	k ʂ ə ɳ
क्षितिज	k ʂ i t̪ i d͡ʑ
क्षुल्लक	k ʂ u l l ə k
ख	kʰ ə
खचणे	kʰ ə t͡s ɳ e
खचणे	kʰ ə t͡s ɳ ə
खजूर	kʰ ə d͡z u ɾ
खटला	kʰ ə ʈ l a
खड्डा	kʰ ə ɖ ɖ a
खत्रप	kʰ ə t̪ ɾ ə p
खदखदा	kʰ ə d̪ kʰ ə d̪ a
खबर	kʰ ə b ə ɾ
खरे	kʰ ə ɾ e
खरे	kʰ ə ɾ ə
खर्च	kʰ ə ɾ t͡s ə
खर्चणे	kʰ ə ɾ t͡s ə ɳ e
खर्चणे	kʰ ə ɾ t͡s ə ɳ ə
खलाशी	kʰ ə l a ɕ i
खाऊ	kʰ a u
खाजणे	kʰ a d͡z ɳ e
खाजणे	kʰ a d͡z ɳ ə
खाजवणे	kʰ a d͡z ə ʋ ɳ e
खाजवणे	kʰ a d͡z ə ʋ ɳ ə
खाण	kʰ a ɳ
खाते	kʰ a t̪ e
खाते	kʰ a t̪ ə
खाना	kʰ a n a
खिमा	kʰ i m a
खुजे	kʰ u d͡z e
खुजे	kʰ u d͡z ə
खुडणे	kʰ u ɖ ɳ e
खुडणे	kʰ u ɖ ɳ ə
खुद्द	kʰ u d̪ d̪ ə
खुर्ची	kʰ u ɾ t͡ɕ i
खुळे	kʰ u ɭ̆ e
खुळे	kʰ u ɭ̆ ə
खुश	kʰ u ɕ
खेकडा	kʰ e k ɖ a
खेचणे	kʰ e t͡s ɳ e
खेचणे	kʰ e t͡s ɳ ə
खेडे	kʰ e ɖ e
खेडे	kʰ e ɖ ə
खोचणे	kʰ o t͡s ɳ e
खोचणे	kʰ o t͡s ɳ ə
ग	ɡ ə
गडबड	ɡ ə ɖ b ə ɖ
गडबडणे	ɡ ə ɖ b ə ɖ ɳ e
गडबडणे	ɡ ə ɖ b ə ɖ ɳ ə
गफलत	ɡ ə pʰ l ə t̪
गरज	ɡ ə ɾ ə d͡z
गरजणे	ɡ ə ɾ ə d͡z ɳ e
गरजणे	ɡ ə ɾ ə d͡z ɳ ə
गल्ली	ɡ ə l l i
गवसणे	ɡ ə ʋ ə s ɳ e
गवसणे	ɡ ə ʋ ə s ɳ ə
गहिरे	ɡ ə ɦ i ɾ e
गहिरे	ɡ ə ɦ i ɾ ə
गांगरणे	ɡ a ŋ ɡ ə ɾ ɳ e
गांगरणे	ɡ a ŋ ɡ ə ɾ ɳ ə
गाजणे	ɡ a d͡z ɳ e
गाजणे	ɡ a d͡z ɳ ə
गाजर	ɡ a d͡z ə ɾ
गाझियाबाद	ɡ a d͡zʱ i j a b a d̪
गाठ	ɡ a ʈʰ
गाठणे	ɡ a ʈʰ ɳ e
गाठणे	ɡ a ʈʰ ɳ ə
गाढ	ɡ a ɖʱ
गाणे	ɡ a ɳ e
गाणे	ɡ a ɳ ə
गादी	ɡ a d̪ i
गाभारा	ɡ a bʱ a ɾ a
गारुडी	ɡ a ɾ u ɖ i
गिधाड	ɡ i d̪ʱ a ɖ
गुंतणे	ɡ u n t̪ ə ɳ e
गुंतणे	ɡ u n t̪ ə ɳ ə
गुंतवणे	ɡ u n t̪ ə ʋ ɳ e
गुंतवणे	ɡ u n t̪ ə ʋ ɳ ə
गुंफणे	ɡ u m pʰ ə ɳ e
गुंफणे	ɡ u m pʰ ə ɳ ə
गुज	ɡ u d͡z
गुजरात	ɡ u d͡z ɾ a t̪
गुजराती	ɡ u d͡z ɾ a t̪ i
गुढी	ɡ u ɖʱ i
गुणगुणणे	ɡ u ɳ ɡ u ɳ ɳ e
गुणगुणणे	ɡ u ɳ ɡ u ɳ ɳ ə
गुन्हा	ɡ u nʱ a
गुन्हेगार	ɡ u nʱ e ɡ a ɾ
गुऱ्हाळ	ɡ u ɾʱ a ɭ̆
गुलाब	ɡ u l a b
गोंधळ	ɡ o n d̪ʱ ə ɭ̆
गोठा	ɡ o ʈʰ a
गोफण	ɡ o pʰ ə ɳ
गोसावी	ɡ o s a ʋ i
ग्वाल्हेर	ɡ ʋ a lʱ e ɾ
घ	ɡʱ ə
घटणे	ɡʱ ə ʈ ɳ e
घटणे	ɡʱ ə ʈ ɳ ə
घड्याळ	ɡʱ ə ɖ j a ɭ̆
घरजावई	ɡʱ ə ɾ d͡z a ʋ ə i
घराणे	ɡʱ ə ɾ a ɳ e
घराणे	ɡʱ ə ɾ a ɳ ə
घाम	ɡʱ a m
घुबड	ɡʱ u b ə ɖ
घुमट	ɡʱ u m ə ʈ
घुमणे	ɡʱ u m ɳ e
घुमणे	ɡʱ u m ɳ ə
च	t͡s ə
च	t͡ɕ ə
चटई	t͡s ə ʈ ə i
चढणे	t͡s ə ɖʱ ɳ e
चमकणे	t͡s ə m ə k ɳ e
चमचा	t͡s ə m t͡s a
चमचा	t͡ɕ ə m t͡ɕ a
चव	t͡s ə ʋ
चवताळणे	t͡s ə ʋ t̪ a ɭ̆ ɳ e
चवताळणे	t͡s ə ʋ t̪ a ɭ̆ ɳ ə
चव्हाटा	t͡s ə ʋʱ a ʈ a
चहा	t͡ɕ ə ɦ a
चांदणी	t͡s a n d̪ ə ɳ i
चांदी	t͡s a n d̪ i
चाक	t͡s a k
चाकू	t͡s a k u
चाखणे	t͡s a kʰ ɳ e
चाखणे	t͡s a kʰ ɳ ə
चाटणे	t͡s a ʈ ɳ e
चाटणे	t͡s a ʈ ɳ ə
चाफा	t͡s a pʰ a
चामडी	t͡s a m ɖ i
चालणे	t͡s a l ɳ e
चाळ	t͡s a ɭ̆
चाळणे	t͡s a ɭ̆ ɳ e
चाळणे	t͡s a ɭ̆ ɳ ə
चावणे	t͡s a ʋ ɳ e
चाहणे	t͡ɕ a ɦ ɳ e
चाहणे	t͡ɕ a ɦ ɳ ə
चिंच	t͡ɕ i n t͡s ə
चिंतणे	t͡ɕ i n t̪ ə ɳ e
चिंतणे	t͡ɕ i n t̪ ə ɳ ə
चिकण	t͡ɕ i k ə ɳ
चिकणे	t͡ɕ i k ɳ e
चिकणे	t͡ɕ i k ɳ ə
चिखल	t͡ɕ i kʰ ə l
चिठ्ठी	t͡ɕ i ʈ ʈʰ i
चीक	t͡ɕ i k
चीज	t͡ɕ i d͡z
चुंबन	t͡ɕ u m b ə n
चूक	t͡s u k
चूळ	t͡s u ɭ̆
चॉकलेट	t͡ɕ ɔ k l e ʈ
चोख	t͡s o kʰ
चोपणे	t͡s o p ɳ e
चोपणे	t͡s o p ɳ ə
चोर	t͡s o ɾ
चौक	t͡s ə u k
चौकट	t͡s ə u k ə ʈ
चौकोन	t͡s ə u k o n
चौथे	t͡s ə u t̪ʰ e
चौथे	t͡s ə u t̪ʰ ə
चौधरी	t͡s ə u d̪ʱ ɾ i
चौरंग	t͡s ə u ɾ ə ŋ ɡ ə
छ	t͡ɕʰ ə
ज	d͡z ə
ज	d͡ʑ ə
जखम	d͡z ə kʰ ə m
जड	d͡z ə ɖ
जनावर	d͡z ə n a ʋ ə ɾ
जपणे	d͡z ə p ɳ e
जपणे	d͡z ə p ɳ ə
जप्त	d͡z ə p t̪ ə
जबडा	d͡z ə b ɖ a
जबाबदार	d͡z ə b a b d̪ a ɾ
जमणे	d͡z ə m ɳ e
जमणे	d͡z ə m ɳ ə
जमवणे	d͡z ə m ə ʋ ɳ e
जमवणे	d͡z ə m ə ʋ ɳ ə
जमाना	d͡z ə m a n a
जमीन	d͡z ə m i n
जयपूर	d͡ʑ ə j p u ɾ
जल	d͡ʑ ə l
जळणे	d͡z ə ɭ̆ ɳ e
जळणे	d͡z ə ɭ̆ ɳ ə
जव	d͡z ə ʋ
जहाज	d͡z ə ɦ a d͡z
जाऊ	d͡z a u
जाणणे	d͡z a ɳ ɳ e
जाणणे	d͡z a ɳ ɳ ə
जाणूनबुजून	d͡z a ɳ u n b u d͡z u n
जाणे	d͡z a ɳ e
जाणे	d͡z a ɳ ə
जाब	d͡z a b
जायफळ	d͡z a j pʰ ə ɭ̆
जारी	d͡ʑ a ɾ i
जावई	d͡z a ʋ ə i
जाहिरात	d͡ʑ a ɦ i ɾ a t̪
जाहीर	d͡ʑ a ɦ i ɾ
जिव्हाळा	d͡ʑ i ʋʱ a ɭ̆ a
जुंपणे	d͡z u m p ə ɳ e
जुंपणे	d͡z u m p ə ɳ ə
जुगार	d͡z u ɡ a ɾ
जुळणे	d͡z u ɭ̆ ɳ e
जुळणे	d͡z u ɭ̆ ɳ ə
जुळवणे	d͡z u ɭ̆ ə ʋ ɳ e
जुळवणे	d͡z u ɭ̆ ə ʋ ɳ ə
जुळे	d͡z u ɭ̆ e
जुळे	d͡z u ɭ̆ ə
जोखीम	d͡z o kʰ i m
जोर	d͡z o ɾ
जोरदार	d͡z o ɾ d̪ a ɾ
ज्ञ	ɡ ɲ ə
झ	d͡zʱ ə
झ	d͡ʑʱ ə
झगडणे	d͡zʱ ə ɡ ə ɖ ɳ e
झगडणे	d͡zʱ ə ɡ ə ɖ ɳ ə
झटकणे	d͡zʱ ə ʈ ə k ɳ e
झटकणे	d͡zʱ ə ʈ ə k ɳ ə
झपाटणे	d͡zʱ ə p a ʈ ɳ e
झपाटणे	d͡zʱ ə p a ʈ ɳ ə
झवणे	d͡zʱ ə ʋ ɳ e
झांज	d͡zʱ a n d͡z ə
झाकणे	d͡zʱ a k ɳ e
झाड	d͡zʱ a ɖ
झारखंड	d͡zʱ a ɾ kʰ ə ɳ ɖ ə
झाले	d͡zʱ a l e
झाले	d͡zʱ a l ə
झाशी	d͡zʱ a ɕ i
झिजणे	d͡ʑʱ i d͡z ɳ e
झिजणे	d͡ʑʱ i d͡z ɳ ə
झुंज	d͡zʱ u n d͡z ə
झुंजणे	d͡zʱ u n d͡z ə ɳ e
झुंजणे	d͡zʱ u n d͡z ə ɳ ə
झुकणे	d͡zʱ u k ɳ e
झुकणे	d͡zʱ u k ɳ ə
झुरणे	d͡zʱ u ɾ ɳ e
झुरणे	d͡zʱ u ɾ ɳ ə
झुलणे	d͡zʱ u l ɳ e
झुलणे	d͡zʱ u l ɳ ə
झुळूक	d͡zʱ u ɭ̆ u k
झेलणे	d͡ʑʱ e l ɳ e
झेलणे	d͡ʑʱ e l ɳ ə
झोडणे	d͡zʱ o ɖ ɳ e
झोडणे	d͡zʱ o ɖ ɳ ə
झोप	d͡zʱ o p
झोपडी	d͡zʱ o p ɖ i
झोपणे	d͡zʱ o p ɳ e
ञ	j ə̃
ट	ʈ ə
टक	ʈ ə k
टक्कर	ʈ ə k k ə ɾ
टक्कल	ʈ ə k k ə l
टळणे	ʈ ə ɭ̆ ɳ e
टळणे	ʈ ə ɭ̆ ɳ ə
टांगणे	ʈ a ŋ ɡ ə ɳ e
टांगणे	ʈ a ŋ ɡ ə ɳ ə
टाळी	ʈ a ɭ̆ i
टिकणे	ʈ i k ɳ e
टिकाऊ	ʈ i k a u
टिकाव	ʈ i k a ʋ
टेकडी	ʈ e k ɖ i
टेकणे	ʈ e k ɳ e
टेकणे	ʈ e k ɳ ə
टोळी	ʈ o ɭ̆ i
ट्रेन	ʈ ɾ e n
ठ	ʈʰ ə
ठळक	ʈʰ ə ɭ̆ ə k
ठाऊक	ʈʰ a u k
ठाणे	ʈʰ a ɳ e
ठाम	ʈʰ a m
ठिकाण	ʈʰ i k a ɳ
ठीक	ʈʰ i k
ठेंगणे	ʈʰ e ŋ ɡ ə ɳ e
ठेंगणे	ʈʰ e ŋ ɡ ə ɳ ə
ठेका	ʈʰ e k a
ड	ɖ ə
डबा	ɖ ə b a
डसणे	ɖ ə s ɳ e
डसणे	ɖ ə s ɳ ə
डाग	ɖ a ɡ
डिवचणे	ɖ i ʋ ə t͡s ɳ e
डिवचणे	ɖ i ʋ ə t͡s ɳ ə
डुंबणे	ɖ u m b ə ɳ e
डुंबणे	ɖ u m b ə ɳ ə
डोहाळा	ɖ o ɦ a ɭ̆ a
ढ	ɖʱ ə
ण	ɳ ə
त	t̪ ə
तंबाखू	t̪ ə m b a kʰ u
तडजोड	t̪ ə ɖ d͡z o ɖ
तडफडणे	t̪ ə ɖ pʰ ə ɖ ɳ e
तडफडणे	t̪ ə ɖ pʰ ə ɖ ɳ ə
तमिळ	t̪ ə m i ɭ̆
तरंगणे	t̪ ə ɾ ə ŋ ɡ ə ɳ e
तरंगणे	t̪ ə ɾ ə ŋ ɡ ə ɳ ə
तऱ्हा	t̪ ə ɾʱ a
तलवार	t̪ ə l ʋ a ɾ
ताजे	t̪ a d͡z e
ताट	t̪ a ʈ
ताठ	t̪ a ʈʰ
ताणणे	t̪ a ɳ ɳ e
ताणणे	t̪ a ɳ ɳ ə
तापणे	t̪ a p ɳ e
तापणे	t̪ a p ɳ ə
ताबा	t̪ a b a
तारण	t̪ a ɾ ə ɳ
तारीफ	t̪ a ɾ i pʰ
तालीम	t̪ a l i m
तालुका	t̪ a l u k a
तावणे	t̪ a ʋ ɳ e
तावणे	t̪ a ʋ ɳ ə
तिजोरी	t̪ i d͡z o ɾ i
तिरके	t̪ i ɾ k e
तिरके	t̪ i ɾ k ə
तीळ	t̪ i ɭ̆
तुम्ही	t̪ u mʱ i
तूप	t̪ u p
तृप्ती	t̪ ɾ u p t̪ i
तोलणे	t̪ o l ɳ e
तोलणे	t̪ o l ɳ ə
तोळा	t̪ o ɭ̆ a
थ	t̪ʰ ə
थकणे	t̪ʰ ə k ɳ e
थकणे	t̪ʰ ə k ɳ ə
थट्टा	t̪ʰ ə ʈ ʈ a
थरथरणे	t̪ʰ ə ɾ t̪ʰ ə ɾ ɳ e
थरथरणे	t̪ʰ ə ɾ t̪ʰ ə ɾ ɳ ə
थवा	t̪ʰ ə ʋ a
थाळी	t̪ʰ a ɭ̆ i
थिजणे	t̪ʰ i d͡z ɳ e
थिजणे	t̪ʰ i d͡z ɳ ə
थेंब	t̪ʰ e m b ə
थेट	t̪ʰ e ʈ
थोडे	t̪ʰ o ɖ e
थोडे	t̪ʰ o ɖ ə
थोबाड	t̪ʰ o b a ɖ
द	d ə
दचकणे	d̪ ə t͡s ə k ɳ e
दरबार	d̪ ə ɾ b a ɾ
दरवाजा	d̪ ə ɾ ʋ a d͡z a
दर्या	d̪ ə ɾ j a
दलाल	d̪ ə l a l
दहा	d̪ ə ɦ a
दहावे	d̪ ə ɦ a ʋ e
दहावे	d̪ ə ɦ a ʋ ə
दही	d̪ ə ɦ i
दाखल	d̪ a kʰ ə l
दाट	d̪ a ʈ
दाटणे	d̪ a ʈ ɳ e
दाटणे	d̪ a ʈ ɳ ə
दार	d̪ a ɾ
दिपणे	d̪ i p ɳ e
दिपणे	d̪ i p ɳ ə
दिल	d̪ i l
दिवाणे	d̪ i ʋ a ɳ e
दिवाणे	d̪ i ʋ a ɳ ə
दिवाळी	d̪ i ʋ a ɭ̆ i
दुधी	d̪ u d̪ʱ i
दुरुस्त	d̪ u ɾ u s t̪ ə
दूर	d̪ u ɾ
दोन्ही	d̪ o nʱ i
दौडणे	d̪ ə u ɖ ɳ e
दौडणे	d̪ ə u ɖ ɳ ə
दौरा	d̪ ə u ɾ a
दौलत	d̪ ə u l ə t̪
द्राक्ष	d̪ ɾ a k ʂ ə
ध	d̪ʱ ə
धक्का	d̪ʱ ə k k a
धगधगणे	d̪ʱ ə ɡ d̪ʱ ə ɡ ɳ e
धगधगणे	d̪ʱ ə ɡ d̪ʱ ə ɡ ɳ ə
धडकणे	d̪ʱ ə ɖ ə k ɳ e
धडकणे	d̪ʱ ə ɖ ə k ɳ ə
धबधबा	d̪ʱ ə b d̪ʱ ə b a
धरणे	d̪ʱ ə ɾ ɳ e
धरणे	d̪ʱ ə ɾ ɳ ə
धर्म	d̪ʱ ə ɾ m ə
धाडणे	d̪ʱ a ɖ ɳ e
धाडणे	d̪ʱ a ɖ ɳ ə
धाप	d̪ʱ a p
धिमे	d̪ʱ i m e
धिमे	d̪ʱ i m ə
धुंद	d̪ʱ u n d̪ ə
धूर	d̪ʱ u ɾ
धूळ	d̪ʱ u ɭ̆
न	n ə
नक्कल	n ə k k ə l
नजर	n ə d͡z ə ɾ
नजराणा	n ə d͡z ɾ a ɳ a
नजीक	n ə d͡ʑ i k
नमुना	n ə m u n a
नववे	n ə ʋ ʋ e
नववे	n ə ʋ ʋ ə
नवस	n ə ʋ ə s
नव्व्याण्णव	n ə ʋ ʋ j a ɳ ɳ ə ʋ
नशीब	n ə ɕ i b
नाक	n a k
नाका	n a k a
नाखुश	n a kʰ u ɕ
नागपूर	n a ɡ p uː ɾ
नाच	n a t͡s
नाचक्की	n a t͡ɕ ə k k i
नाडी	n a ɖ i
नाते	n a t̪ e
नाते	n a t̪ ə
नापसंत	n a p ə s ə n t̪ ə
नाम	n a m
नारळ	n a ɾ ə ɭ̆
नाव	n a ʋ
नावाजणे	n a ʋ a d͡z ɳ e
नावाजणे	n a ʋ a d͡z ɳ ə
नासणे	n a s ɳ e
नासणे	n a s ɳ ə
नाही	n a ɦ i
निखळणे	n i kʰ ə ɭ̆ ɳ e
निखळणे	n i kʰ ə ɭ̆ ɳ ə
निजणे	n i d͡z ɳ e
निपजणे	n i p ə d͡z ɳ e
निपजणे	n i p ə d͡z ɳ ə
निबर	n i b ə ɾ
निभावणे	n i bʱ a ʋ ɳ e
निभावणे	n i bʱ a ʋ ɳ ə
निर्भय	n i ɾ bʱ ə j
निर्मळ	n i ɾ m ə ɭ̆
निवळणे	n i ʋ ə ɭ̆ ɳ e
निवळणे	n i ʋ ə ɭ̆ ɳ ə
निवारा	n i ʋ a ɾ a
निव्वळ	n i ʋ ʋ ə ɭ̆
निष्णात	n i ʂ ɳ a t̪
निसटणे	n i s ə ʈ ɳ e
निसटणे	n i s ə ʈ ɳ ə
निस्तरणे	n i s t̪ ə ɾ ɳ e
निस्तरणे	n i s t̪ ə ɾ ɳ ə
नेणे	n e ɳ e
नेणे	n e ɳ ə
नेतृत्व	n e t̪ ɾ u t̪ ʋ ə
नेपाळ	n e p a ɭ̆
नेसणे	n e s ɳ e
नेसणे	n e s ɳ ə
नोंदणे	n o n d̪ ə ɳ e
नोकर	n o k ə ɾ
न्याहारी	n j a ɦ a ɾ i
न्हावी	nʱ a ʋ i
प	p ə
पंख	p ə ŋ kʰ ə
पचणे	p ə t͡s ɳ e
पचणे	p ə t͡s ɳ ə
पटणे	p ə ʈ ɳ e
पटणे	p ə ʈ ɳ ə
पटवणे	p ə ʈ ə ʋ ɳ e
पटवणे	p ə ʈ ə ʋ ɳ ə
पठाण	p ə ʈʰ a ɳ
पठार	p ə ʈʰ a ɾ
पडदा	p ə ɖ d̪ a
पडवळ	p ə ɖ ʋ ə ɭ̆
पढवणे	p ə ɖʱ ə ʋ ɳ e
पढवणे	p ə ɖʱ ə ʋ ɳ ə
पणजी	p ə ɳ d͡ʑ i
पणती	p ə ɳ t̪ i
पणतू	p ə ɳ t̪ u
पदार्थ	p ə d̪ a ɾ t̪ʰ ə
पन्हे	p ə nʱ e
पन्हे	p ə nʱ ə
परत	p ə ɾ ə t̪
परतणे	p ə ɾ ə t̪ ɳ e
परतणे	p ə ɾ ə t̪ ɳ ə
परवड	p ə ɾ ʋ ə ɖ
परवडणे	p ə ɾ ʋ ə ɖ ɳ e
परवडणे	p ə ɾ ʋ ə ɖ ɳ ə
पलंग	p ə l ə ŋ ɡ ə
पश्चिम	p ə ɕ t͡ɕ i m
पसंत	p ə s ə n t̪ ə
पसारा	p ə s a ɾ a
पस्तावणे	p ə s t̪ a ʋ ɳ e
पस्तावणे	p ə s t̪ a ʋ ɳ ə
पहाट	p ə ɦ a ʈ
पांगणे	p a ŋ ɡ ə ɳ e
पांगणे	p a ŋ ɡ ə ɳ ə
पांघरणे	p a ŋ ɡʱ ə ɾ ɳ e
पांघरणे	p a ŋ ɡʱ ə ɾ ɳ ə
पांघरूण	p a ŋ ɡʱ ɾ u ɳ
पाऊस	p a u s
पाक	p a k
पाकळी	p a k ɭ̆ i
पाखरू	p a kʰ ɾ u
पाच	p a t͡s
पाजणे	p a d͡z ɳ e
पाजणे	p a d͡z ɳ ə
पाझर	p a d͡zʱ ə ɾ
पाझरणे	p a d͡zʱ ə ɾ ɳ e
पाझरणे	p a d͡zʱ ə ɾ ɳ ə
पाडवा	p a ɖ ʋ a
पाडवा	p a ɖ ʋ ə
पाणावणे	p a ɳ a ʋ ɳ e
पाणावणे	p a ɳ a ʋ ɳ ə
पादणे	p a d̪ ɳ e
पादणे	p a d̪ ɳ ə
पाय	p a j
पायथा	p a j t̪ʰ a
पायरी	p a j ɾ i
पारखणे	p a ɾ ə kʰ ɳ e
पारखणे	p a ɾ ə kʰ ɳ ə
पारोसे	p a ɾ o s e
पारोसे	p a ɾ o s ə
पालटणे	p a l ə ʈ ɳ e
पालटणे	p a l ə ʈ ɳ ə
पाळणे	p a ɭ̆ ɳ e
पाळणे	p a ɭ̆ ɳ ə
पाहणे	p a ɦ ɳ e
पाहणे	p a ɦ ɳ ə
पाहुणा	p a ɦ u ɳ a
पिझ्झा	p i d͡z d͡zʱ a
पिसणे	p i s ɳ e
पिसणे	p i s ɳ ə
पिसारा	p i s a ɾ a
पीठ	p i ʈʰ
पीस	p i s
पुठ्ठा	p u ʈ ʈʰ a
पुडा	p u ɖ a
पुडी	p u ɖ i
पुढे	p u ɖʱ e
पुतळा	p u t̪ ɭ̆ a
पुन्हा	p u nʱ a
पुरते	p u ɾ t̪ e
पुरते	p u ɾ t̪ ə
पुरुष	p u ɾ u ʂ
पुष्कलावती	p u ʂ k ə l a ʋ ə t̪ i
पुसणे	p u s ɳ e
पुसणे	p u s ɳ ə
पूर्ण	p u ɾ ɳ ə
पॅरिस	p æ ɾ i s
पेज	p e d͡z
पेटी	p e ʈ i
पेढा	p e ɖʱ a
पेरणे	p e ɾ ɳ e
पेरणे	p e ɾ ɳ ə
पेलणे	p e l ɳ e
पेलणे	p e l ɳ ə
पेला	p e l a
पेहलवान	p e ɦ ə l ʋ a n
पैज	p ə i d͡z
पैदा	p ə i d̪ a
पोकळ	p o k ə ɭ̆
पोक्त	p o k t̪ ə
पोते	p o t̪ e
पोते	p o t̪ ə
पोतेरे	p o t̪ e ɾ e
पोतेरे	p o t̪ e ɾ ə
पोवाडा	p o ʋ a ɖ a
पोषाख	p o ʂ a kʰ
प्यादे	p j a d̪ e
प्यादे	p j a d̪ ə
प्रचंड	p ɾ ə t͡ɕ ə ɳ ɖ ə
प्रतिज्ञा	p ɾ ə t̪ i d̪ n j a
प्रबोधिका	p ɾ ə b o d̪ʱ i k a
प्रभा	p ɾ ə bʱ a
प्राकृत	p ɾ a k ɾ u t̪
प्राचार्य	p ɾ a t͡ɕ a ɾ j ə
फ	f ə
फ	pʰ ə
फराळ	pʰ ə ɾ a ɭ̆
फरीदाबाद	pʰ ə ɾ i d̪ a b a d̪
फाडणे	pʰ a ɖ ɳ e
फाडणे	pʰ a ɖ ɳ ə
फावडे	pʰ a ʋ ɖ e
फावडे	pʰ a ʋ ɖ ə
फावणे	pʰ a ʋ ɳ e
फावणे	pʰ a ʋ ɳ ə
फिसकटणे	pʰ i s k ə ʈ ɳ e
फिसकटणे	pʰ i s k ə ʈ ɳ ə
फुगणे	pʰ u ɡ ɳ e
फुगणे	pʰ u ɡ ɳ ə
फुगा	pʰ u ɡ a
फुलणे	pʰ u l ɳ e
फुलणे	pʰ u l ɳ ə
फोड	pʰ o ɖ
फौज	pʰ ə u d͡z
फ्रान्स	pʰ ɾ a n s
ब	b ə
बँक	b æ ŋ k
बंब	b ə m b ə
बकणे	b ə k ɳ e
बकणे	b ə k ɳ ə
बचावणे	b ə t͡ɕ a ʋ ɳ e
बचावणे	b ə t͡ɕ a ʋ ɳ ə
बजावणे	b ə d͡ʑ a ʋ ɳ e
बजावणे	b ə d͡ʑ a ʋ ɳ ə
बनणे	b ə n ɳ e
बनणे	b ə n ɳ ə
बनवणे	b ə n ə ʋ ɳ e
बनवणे	b ə n ə ʋ ɳ ə
बरे	b ə ɾ e
बरे	b ə ɾ ə
बरोबर	b ə ɾ o b ə ɾ
बर्फ	b ə ɾ pʰ ə
बहाद्दर	b ə ɦ a d̪ d̪ ə ɾ
बाजार	b a d͡z a ɾ
बादशहा	b a d̪ ɕ ə ɦ a
बाहुली	b a ɦ u l i
बिचारे	b i t͡ɕ a ɾ e
बिचारे	b i t͡ɕ a ɾ ə
बुडबुडा	b u ɖ b u ɖ a
बुद्ध	b u d̪ d̪ʱ ə
बुवा	b u ʋ a
बोकड	b o k ə ɖ
बोलणे	b o l ɳ e
बोलणे	b o l ɳ ə
बोळा	b o ɭ̆ a
ब्राझील	b ɾ a d͡zʱ i l
भ	bʱ ə
भडकणे	bʱ ə ɖ ə k ɳ e
भडकणे	bʱ ə ɖ ə k ɳ ə
भणभणणे	bʱ ə ɳ bʱ ə ɳ ɳ e
भणभणणे	bʱ ə ɳ bʱ ə ɳ ɳ ə
भांडण	bʱ a ɳ ɖ ə ɳ
भांडणे	bʱ a ɳ ɖ ə ɳ e
भांडणे	bʱ a ɳ ɖ ə ɳ ə
भांडवल	bʱ a ɳ ɖ ə ʋ ə l
भारत	bʱ a ɾ ə t̪
भावंड	bʱ a ʋ ə ɳ ɖ ə
भावजय	bʱ a ʋ d͡z ə j
भासणे	bʱ a s ɳ e
भासणे	bʱ a s ɳ ə
भिंत	bʱ i n t̪ ə
भिडणे	bʱ i ɖ ɳ e
भिडणे	bʱ i ɖ ɳ ə
भिनणे	bʱ i n ɳ e
भिनणे	bʱ i n ɳ ə
भीक	bʱ i k
भुई	bʱ u i
भूक	bʱ u k
भूकंप	bʱ u k ə m p ə
भूगोल	bʱ u ɡ o l
भें	bʱ ẽ
भेळ	bʱ e ɭ̆
भोळे	bʱ o ɭ̆ e
भोळे	bʱ o ɭ̆ ə
भोवरा	bʱ o ʋ ɾ a
म	m ə
मंडई	m ə ɳ ɖ ə i
मका	m ə k a
मग	m ə ɡ
मजबूत	m ə d͡z b u t̪
मजला	m ə d͡z l a
मजा	m ə d͡ʑ a
मडगाव	m ə ɖ ɡ a ʋ
मत्सर	m ə t̪ s ə ɾ
मद्य	m ə d̪ j ə
मध्ये	m ə d̪ʱ e
मध्ये	m ə d̪ʱ j e
मनगट	m ə n ɡ ə ʈ
मनसुबा	m ə n s u b a
मराठी	m ə ɾ a ʈʰ i
मलूल	m ə l u l
मस्करी	m ə s k ə ɾ i
मस्का	m ə s k a
मस्त	m ə s t̪ ə
महाग	m ə ɦ a ɡ
महाराष्ट्र	m ə ɦ a ɾ a ʂ ʈ ɾ ə
महाविद्यालय	m ə ɦ a ʋ i d̪ j a l ə j
मांजर	m a n d͡z ə ɾ
मांडणे	m a ɳ ɖ ə ɳ e
मांडणे	m a ɳ ɖ ə ɳ ə
मांदूस	m a n d̪ u s
माकड	m a k ə ɖ
माज	m a d͡z
माजी	m a d͡ʑ i
माझे	m a d͡zʱ e
मानणे	m a n ɳ e
मानणे	m a n ɳ ə
मार्ग	m a ɾ ɡ ə
माहीत	m a ɦ i t̪
माहेर	m a ɦ e ɾ
मिरवणे	m i ɾ ə ʋ ɳ e
मिरवणे	m i ɾ ə ʋ ɳ ə
मिसळणे	m i s ə ɭ̆ ɳ e
मिसळणे	m i s ə ɭ̆ ɳ ə
मुंगूस	m u ŋ ɡ u s
मुंबई	m u m b ə i
मुकणे	m u k ɳ e
मुकणे	m u k ɳ ə
मुके	m u k e
मुके	m u k ə
मुक्काम	m u k k a m
मुख्याध्यापक	m u kʰ j a d̪ʱ j a p ə k
मुद्दा	m u d̪ d̪ a
मुद्दाम	m u d̪ d̪ a m
मुलगी	m u l ɡ i
मुलायम	m u l a j ə m
मुश्कील	m u ɕ k i l
मेंदी	m e n d̪ i
मेज	m e d͡z
मेहनत	m e ɦ n ə t̪
मैदा	m ə i d̪ a
मैदान	m ə i d̪ a n
मोका	m o k a
मोजणे	m o d͡z ɳ e
मोजा	m o d͡z a
मोहीम	m o ɦ i m
य	j ə
यादी	j a d̪ i
येणे	j e ɳ e
येणे	j e ɳ ə
र	ɾ ə
रंगणे	ɾ ə ŋ ɡ ə ɳ e
रंगणे	ɾ ə ŋ ɡ ə ɳ ə
रचणे	ɾ ə t͡s ɳ e
रचणे	ɾ ə t͡s ɳ ə
रताळे	ɾ ə t̪ a ɭ̆ e
रताळे	ɾ ə t̪ a ɭ̆ ə
रद्द	ɾ ə d̪ d̪ ə
रयत	ɾ ə j ə t̪
रांगोळी	ɾ a ŋ ɡ o ɭ̆ i
राई	ɾ a i
राऊत	ɾ a u t̪
राखणे	ɾ a kʰ ɳ e
राखणे	ɾ a kʰ ɳ ə
राजी	ɾ a d͡z i
राजी	ɾ a d͡ʑ i
राणी	ɾ a ɳ i
राबणे	ɾ a b ɳ e
राबणे	ɾ a b ɳ ə
रुग्णालय	ɾ u ɡ ɳ a l ə j
रुजणे	ɾ u d͡z ɳ e
रुजणे	ɾ u d͡z ɳ ə
रुतणे	ɾ u t̪ ɳ e
रुतणे	ɾ u t̪ ɳ ə
रुमाल	ɾ u m a l
रुळणे	ɾ u ɭ̆ ɳ e
रुळणे	ɾ u ɭ̆ ɳ ə
रुसणे	ɾ u s ɳ e
रुसणे	ɾ u s ɳ ə
रोकड	ɾ o k ə ɖ
रोख	ɾ o kʰ
रोज	ɾ o d͡z
र्‍	r
ल	l ə
लखनौ	l ə kʰ n ə u
लग्न	l ə ɡ n ə
लटकणे	l ə ʈ ə k ɳ e
लटकणे	l ə ʈ ə k ɳ ə
लटकावणे	l ə ʈ k a ʋ ɳ e
लटकावणे	l ə ʈ k a ʋ ɳ ə
लफडे	l ə pʰ ɖ e
लफडे	l ə pʰ ɖ ə
लबाड	l ə b a ɖ
लवणे	l ə ʋ ɳ e
लवणे	l ə ʋ ɳ ə
लहान	l ə ɦ a n
लांडे	l a ɳ ɖ e
लांडे	l a ɳ ɖ ə
लांबणे	l a m b ə ɳ e
लांबणे	l a m b ə ɳ ə
लाख	l a kʰ
लाज	l a d͡z
लाटणे	l a ʈ ɳ e
लाटणे	l a ʈ ɳ ə
लाथ	l a t̪ʰ
लादणे	l a d̪ ɳ e
लादणे	l a d̪ ɳ ə
लाल	l a l
लाही	l a ɦ i
लाहोर	l a ɦ o ɾ
लिलाव	l i l a ʋ
लोखंड	l o kʰ ə ɳ ɖ ə
लोळणे	l o ɭ̆ ɳ e
लोळणे	l o ɭ̆ ɳ ə
ल्हासा	lʱ a s a
ळ	ɭ̆ ə
व	ʋ ə
वगळणे	ʋ ə ɡ ə ɭ̆ ɳ e
वगळणे	ʋ ə ɡ ə ɭ̆ ɳ ə
वय	ʋ ə j
वरात	ʋ ə ɾ a t̪
वळण	ʋ ə ɭ̆ ə ɳ
वही	ʋ ə ɦ i
वाकडे	ʋ a k ɖ e
वाकडे	ʋ a k ɖ ə
वागणे	ʋ a ɡ ɳ e
वागणे	ʋ a ɡ ɳ ə
वाचणे	ʋ a t͡s ɳ e
वाचणे	ʋ a t͡s ɳ ə
वाचन	ʋ a t͡ɕ ə n
वाजवणे	ʋ a d͡z ə ʋ ɳ e
वाजवणे	ʋ a d͡z ə ʋ ɳ ə
वानर	ʋ a n ə ɾ
वायदा	ʋ a j d̪ a
वारणे	ʋ a ɾ ɳ e
वारणे	ʋ a ɾ ɳ ə
वाळणे	ʋ a ɭ̆ ɳ e
वाळणे	ʋ a ɭ̆ ɳ ə
वाळवणे	ʋ a ɭ̆ ə ʋ ɳ e
वाळवणे	ʋ a ɭ̆ ə ʋ ɳ ə
वास	ʋ a s
वाहणे	ʋ a ɦ ɳ e
वाहणे	ʋ a ɦ ɳ ə
विंचरणे	ʋ i n t͡s ə ɾ ɳ e
विंचरणे	ʋ i n t͡s ə ɾ ɳ ə
विंचू	ʋ i n t͡s u
विखुरणे	ʋ i kʰ u ɾ ɳ e
विखुरणे	ʋ i kʰ u ɾ ɳ ə
विझणे	ʋ i d͡zʱ ɳ e
विझणे	ʋ i d͡zʱ ɳ ə
विझवणे	ʋ i d͡zʱ ə ʋ ɳ e
विझवणे	ʋ i d͡zʱ ə ʋ ɳ ə
वितळणे	ʋ i t̪ ə ɭ̆ ɳ e
वितळणे	ʋ i t̪ ə ɭ̆ ɳ ə
विनंती	ʋ i n ə n t̪ i
विलायत	ʋ i l a j ə t̪
विसळणे	ʋ i s ə ɭ̆ ɳ e
विसळणे	ʋ i s ə ɭ̆ ɳ ə
विस्कटणे	ʋ i s k ə ʈ ɳ e
विस्कटणे	ʋ i s k ə ʈ ɳ ə
वीज	ʋ i d͡z
वीट	ʋ i ʈ
वृक्ष	ʋ ɾ u k ʂ ə
वेधणे	ʋ e d̪ʱ ɳ e
वेधणे	ʋ e d̪ʱ ɳ ə
वैतागणे	ʋ ə i t̪ a ɡ ɳ e
वैतागणे	ʋ ə i t̪ a ɡ ɳ ə
व्याही	ʋ j a ɦ i
श	ɕ ə
शब्द	ɕ ə b d̪ ə
शरम	ɕ ə ɾ ə m
शहर	ɕ ə ɦ ə ɾ
शहा	ɕ ə ɦ a
शाल	ɕ a l
शाळा	ɕ a ɭ̆ a
शाहीर	ɕ a ɦ i ɾ
शिंक	ɕ i ŋ k ə
शिंग	ɕ i ŋ ɡ ə
शिंतोडा	ɕ i n t̪ o ɖ a
शिंपडणे	ɕ i m p ə ɖ ɳ e
शिंपडणे	ɕ i m p ə ɖ ɳ ə
शिकणे	ɕ i k ɳ e
शिकणे	ɕ i k ɳ ə
शिजणे	ɕ i d͡z ɳ e
शिजणे	ɕ i d͡z ɳ ə
शिफारस	ɕ i pʰ a ɾ ə s
शिळे	ɕ i ɭ̆ e
शिळे	ɕ i ɭ̆ ə
शुश्रूषा	ɕ u ɕ ɾ u ʂ a
शेंडी	ɕ e ɳ ɖ i
शेकणे	ɕ e k ɳ e
शेकणे	ɕ e k ɳ ə
शेजारी	ɕ e d͡z a ɾ i
शेट	ɕ e ʈ
शेण	ɕ e ɳ
शेत	ɕ e t̪
शेळी	ɕ e ɭ̆ i
शोभणे	ɕ o bʱ ɳ e
शोभणे	ɕ o bʱ ɳ ə
श्रीमंत	ɕ ɾ i m ə n t̪ ə
ष	ʂ ə
स	s ə
संभवणे	s ə m bʱ ə ʋ ɳ e
संभवणे	s ə m bʱ ə ʋ ɳ ə
संभाळणे	s ə m bʱ a ɭ̆ ɳ e
संभाळणे	s ə m bʱ a ɭ̆ ɳ ə
संस्कृत	s ə u s k ɾ u t̪
संहार	s ə u ɦ a ɾ
सक्त	s ə k t̪ ə
सगळे	s ə ɡ ɭ̆ e
सगळे	s ə ɡ ɭ̆ ə
सजवणे	s ə d͡z ə ʋ ɳ e
सजवणे	s ə d͡z ə ʋ ɳ ə
सज्ज	s ə d͡ʑ d͡ʑ ə
सडणे	s ə ɖ ɳ e
सडणे	s ə ɖ ɳ ə
सतावणे	s ə t̪ a ʋ ɳ e
सतावणे	s ə t̪ a ʋ ɳ ə
सफेद	s ə pʰ e d̪
समजणे	s ə m ə d͡z ɳ e
समजणे	s ə m ə d͡z ɳ ə
समृद्ध	s ə m ɾ u d̪ d̪ʱ ə
सम्मुख	s ə m m u kʰ
सरकार	s ə ɾ k a ɾ
सरणे	s ə ɾ ɳ e
सरणे	s ə ɾ ɳ ə
सरहद्द	s ə ɾ ɦ ə d̪ d̪ ə
सराफ	s ə ɾ a pʰ
सर्प	s ə ɾ p ə
सल	s ə l
सलणे	s ə l ɳ e
सलणे	s ə l ɳ ə
सलाम	s ə l a m
सवत	s ə ʋ ə t̪
सव्हाना	s ə ʋʱ a n a
ससा	s ə s a
सांज	s a n d͡z ə
सांडणे	s a ɳ ɖ ə ɳ e
सांडणे	s a ɳ ɖ ə ɳ ə
सांधणे	s a n d̪ʱ ə ɳ e
सांधणे	s a n d̪ʱ ə ɳ ə
साचणे	s a t͡s ɳ e
साचणे	s a t͡s ɳ ə
साठणे	s a ʈʰ ɳ e
साठणे	s a ʈʰ ɳ ə
साडी	s a ɖ i
साधणे	s a d̪ʱ ɳ e
साधणे	s a d̪ʱ ɳ ə
सामना	s a m n a
सामान	s a m a n
सामावणे	s a m a ʋ ɳ e
सामावणे	s a m a ʋ ɳ ə
सासू	s a s u
सुईण	s u i ɳ
सुचणे	s u t͡s ɳ e
सुचणे	s u t͡s ɳ ə
सुचवणे	s u t͡s ə ʋ ɳ e
सुचवणे	s u t͡s ə ʋ ɳ ə
सुजणे	s u d͡z ɳ e
सुजणे	s u d͡z ɳ ə
सुटे	s u ʈ e
सुटे	s u ʈ ə
सुनावणे	s u n a ʋ ɳ e
सुनावणे	s u n a ʋ ɳ ə
सुपारी	s u p a ɾ i
सुभा	s u bʱ a
सुरू	s u ɾ u
सुस्ती	s u s t̪ i
सूत	s u t̪
सूर्योदय	s u ɾ j o d̪ ə j
सोंग	s o ŋ ɡ ə
सोडणे	s o ɖ ɳ e
सोडणे	s o ɖ ɳ ə
सोने	s o n e
सोने	s o n ə
सोनेरी	s o n e ɾ i
सोपवणे	s o p ə ʋ ɳ e
सोपवणे	s o p ə ʋ ɳ ə
सोसणे	s o s ɳ e
सोसणे	s o s ɳ ə
सोहळा	s o ɦ ɭ̆ a
स्वतः	s ʋ ə t̪ əʰ
स्वस्त	s ʋ ə s t̪ ə
स्वार	s ʋ a ɾ
स्वीकारणे	s ʋ i k a ɾ ɳ e
स्वीकारणे	s ʋ i k a ɾ ɳ ə
ह	ɦ ə
हक्क	ɦ ə k k ə
हत्यार	ɦ ə t̪ j a ɾ
हद्द	ɦ ə d̪ d̪ ə
हरकत	ɦ ə ɾ k ə t̪
हाक	ɦ a k
हाकलणे	ɦ a k ə l ɳ e
हाकलणे	ɦ a k ə l ɳ ə
हाणणे	ɦ a ɳ ɳ e
हाणणे	ɦ a ɳ ɳ ə
हात	ɦ a t̪
हिंग	ɦ i ŋ ɡ ə
हिंडणे	ɦ i ɳ ɖ ə ɳ e
हिंडणे	ɦ i ɳ ɖ ə ɳ ə
हिरा	ɦ i ɾ a
हिवाळा	ɦ i ʋ a ɭ̆ a
हिसकणे	ɦ i s ə k ɳ e
हिसकणे	ɦ i s ə k ɳ ə
हिसकावणे	ɦ i s k a ʋ ɳ e
हिसकावणे	ɦ i s k a ʋ ɳ ə
हुद्दा	ɦ u d̪ d̪ a
हृद्गत	ɦ ɾ u d̪ ɡ ə t̪
हेम	ɦ e m
हेर	ɦ e ɾ
हेरणे	ɦ e ɾ ɳ e
हेरणे	ɦ e ɾ ɳ ə
हेलगा	ɦ e l ɡ a
हेवा	ɦ e ʋ a
हैराण	ɦ ə i ɾ a ɳ
होडी	ɦ o ɖ i
हौस	ɦ ə u s
ॲ	æ
