ababe	a b a b e
abahana	b aː n
abahana	ə̥ b a h ə̥ n ə̥
abaribary	a b a ɾ i b a ɾʲ
abidy	a b i dʲ
abily	a b i lʲ
aboretaka	a b u ɾ e t a k ạ
adala	a d a l ạ
adana	a d
adary	a d a ɾʲ
adiady	a d i a dʲ
adiditra	a d i d i t͡ʂ ạ
adidy	a d i dʲ
adilotra	a d i l u t͡ʂ ạ
adina	a d i n ạ
adiny	a d i nʲ
adisanina	a d i s a n i n ạ
adonadona	a d u n a d u n ạ
ady	a dʲ
afafa	a f a f ạ
afafy	a f a fʲ
afahy	a f a ʔʲ
afaitra	a f a i t͡ʂ ạ
afaka	a f a k ạ
afakampitso	a f a k a m͡p i t͡sʷ
afakomaly	a f a k u m a lʲ
afatotra	a f a t u t͡ʂ ạ
afatra	a f a t͡ʂ ạ
afioka	a f i u k ạ
afo	a fʷ
afofandiovana	a f u f a n d i u v a n ạ
afokasoka	a f u k a s u k ạ
afonafona	a f u n a f u n ạ
afondolo	a f u n d u lʷ
aforano	a f u ɾ a nʷ
afotana	a f u t a n ạ
afotroa	a f u t͡ʂ u ạ
afovato	a f u v a tʷ
afovoany	a f u v u a nʲ
afoy	a f uʲ
afy	a fʲ
ahady	a ʔ a dʲ
ahaingo	a ʔ a i ŋ͡ɡʲʷ
ahanahana	a ʔ a n a ʔ a n ạ
ahiahy	a ʔ i a ʔʲ
ahidrano	a ʔ i ɖ͡ʐ a nʷ
ahimaina	a ʔ i m a i n ạ
ahitra	a ʔ i t͡ʂ ạ
aholo	a ʔ u lʷ
ahonahona	a ʔ u n a ʔ u n ạ
ahy	a ʔ i
aiay	a i a j
aidina	a i d i n ạ
ainginaingina	a i ŋ͡ɡ i n a i ŋ͡ɡ i n ạ
aingitraingitra	a i ŋ͡ɡ i t͡ʂ a i ŋ͡ɡ i t͡ʂ ạ
akanakana	a k a n a k a n ạ
akanga	a k a ŋ͡ɡ ạ
akanjo	a k a n d͡zʷ
akarenjy	a k a ɾ e n d͡zʲ
akatra	a k a t͡ʂ ạ
akimpy	a k i m͡pʲ
akio	a k iʷ
akisa	a k i s ạ
akofa	a k u f ạ
akohokely	a k u h u k e lʲ
ala	a l a
alazy	a l a zʲ
alika	a l i kʲ ạ
amalona	a m a l u n ḁ
amboa	ə m b u ə
amboadia	a m͡b u a d i ạ
amboahaolo	a m͡b u a ʔ a u lʷ
amboanala	a m͡b u a n a l ạ
ampaha	a m͡p a ʔ ḁ
ampondra	a m p u ɳ ɖʳ ə̥
ampongabendanitra	a m͡p u ŋ͡ɡ a b e n d a n i t͡ʂ ḁ
ampongy	a m p u n ɡʲ
andevokorova	a n d e v u k u ɾ u v ạ
andriana	a n d ʐ e n
anoratana	ə n u ɽ ə t ə n ə
antananarivo	ə̥ n t ə̥ n a n d ʐ i vʷ
antsangy	ə n t s a ŋ ɡʲ
aositrisy	o s i t͡ʂ i sʲ
avaratra	a v a ɾ a t͡ʂ ạ
babakoto	b a b a k u tʷ
balaonina	b a l o n i n ḁ
bibikely	b i b i k e lʲ
bibilava	b i bʲ l a v
biriky	b i ɾ i kʲ
diakona	d i a k u n ạ
dite	d i t e
ditra	d i t͡ʂ ạ
elefanta	e l e f a n͡t ạ
endrika	e n ɖ͡ʐ i kʲ ə
fala	f a l a
fana	f a n a
fanihy	f a n i ʔ i
fanontany	f a n u n t a nʲ
fantatra	f a n͡t a t͡ʂ ạ
farara	f a ɾ a ɾ ạ
farihy	f a ɾ i h i
fary	f a rʲ
firaka	f i r ə k ə̥
fivoriana	f i v u rʲ a n ạ
gidro	ɡ i ɖ͡ʐʷ
goaika	ɡ u a i kʲ a
hidirôzenina	ʔ i d i ɾ ô z e n i n ḁ
hoala	ʔ u a l ạ
horita	u r i t
ividiana	i v i d e n
jejy	d͡z e d͡zʲ
jery	d͡z ɛ rʲ
karaoty	k a ɾ o tʲ
karibonetra	k a ɾ i b u n e t͡ʂ ḁ
kolejy	k u l e d͡zʲ
konseritra	k u n s e ɾ i t͡ʂ ḁ
lakolosy	l a k u l u sʲ
laposety	l a p u s e tʲ
lasosy	l a s u sʲ
maky	m a kʲ
malagasy	m a l a ɡ a sʲ
miaraka	m e r ə k
mitsoka	m i t͡s u k ạ
mozika	m u z i kʲ ḁ
nify	n i fʲ
orona	u ɾ u n ḁ
osy	u sʲ
paoma	p a u m ạ
rambo	ɾ a m͡bʷ
sahona	s a u n
saosisy	s o s i sʲ
sendrasendra	s e n d ʐ s e n d ʐ
sivy	s i vʲ
taratra	t a ɾ a t͡ʂ ḁ
tiorka	t i u ɾ k ạ
tsidiala	t s i d i a l ạ
vaovao	v a w v a w
vaovao	v o v o
vary	v a rʲ
vehivavy	v e h i v a v i
vivy	v i vʲ
voanio	vʷ a nʲ u̥
voanjo	vʷ aⁿ d͡zʷ
voay	v u a j
volo	v u lʷ
voromahery	v u ɾ u m a ʔ e ɾʲ
vorombato	v u ɾ u m͡b a tʷ
vorombola	v u ɾ u m͡b u l ḁ
vorona	v u ɾ u n ḁ
vozona	v u z u n ạ
zanabolana	z a n a b u l a n ḁ
zavamaneno	z a v a m a n e nʷ
