ᠠ	a
ᠠᠨ	a n
ᠠᠨᠠ	a n a
ᠠᠨᠠᠮᠪᡳ	a n a m p i
ᠠᠨᠠᡴᡡ	a n a qʰ ʊ
ᠠᠨᠵᡠ	a n t͡ʃ u
ᠠᠨᡨᠠᡥᠠ	a n tʰ a χ a
ᠠᠨᡨᠠᡥᠠᠰᡳ	a n tʰ a χ a ɕ i
ᠠᠨᡳᠶᠠ	a ɲ a
ᠠᠩᡤᠠ	a ŋ ŋ a
ᠠᠪᠠ	a p a
ᠠᠪᠠᠯᠠᠮᠪᡳ	a p a l a m p i
ᠠᠪᡩᠠᡥᠠ	a p t a χ a
ᠠᠪᡴᠠ	a p k a
ᠠᠪᡴᠠ	a p qʰ a
ᠠᠪᡴᠠ	a p χ a
ᠠᠪᡴᠠ	a u χ a
ᠠᠪᡴᠠ	a v qʰ a
ᠠᠪᡴᠠ	a w qʰ a
ᠠᠪᡴᠠ	a w χ a
ᠠᠪᡴᠠ	ɑ p qʰ ə
ᠠᠪᡴᠠ	ɑ v qʰ ə
ᠠᠪᡴᠠᡳ	a p qʰ a i
ᠠᠮᠠ	a m a
ᠠᠮᠠᠯᠠ	a m a l a
ᠠᠮᠠᡴᠠ	a m a qʰ a
ᠠᠮᠠᡵᡤᡳ	a m a r k i
ᠠᠮᠪᠠ	a m p a
ᠠᠮᠪᠠᠨ	a m p a n
ᠠᠮᠪᡠ	a m p u
ᠠᠮᠪᡠᠮᠠ	a m p u m a
ᠠᠮᠵᡳ	a m t͡ɕ i
ᠠᠮᡠ	a m u
ᠠᠮᡤᠠᠮᠪᡳ	a m q a m p i
ᠠᠮᡥᠠ	a m χ a
ᠠᠮᡨᠠᠨ	a m tʰ a n
ᠠᠮᡨᠠᠩᡤᠠ	a m tʰ a ŋ ŋ a
ᠠᠮᡳᠯᠠ	a m i l a
ᠠᠮᡳᡥᡡᠨ	a m i χ ʊ n
ᠠᠯᠠ	a l a
ᠠᠯᠠᠵᠠᠨ	a l a t͡ʃ a n
ᠠᠯᠴᡠᡴᠠ	a l t͡ʃʰ u qʰ a
ᠠᠯᡤᡳᠨ	a l k i n
ᠠᠯᡳᠨ	a l i n
ᠠᠯᡳᠨ	e i l i n
ᠠᠯᡳᠨ	ɛ l ĩ n
ᠠᠯᡳᡴᡡ	a l i qʰ ʊ
ᠠᠰᡠ	a s u
ᠠᠰᡠᡴᡳ	a s u kʰ i
ᠠᠰᡥᠠ	a s χ a
ᠠᠰᡳᡥᠠᠨ	a ɕ i χ a n
ᠠᠴᠠᠨ	a t͡ʃʰ a n
ᠠᠴᠠᠮᠪᡳ	a t͡ʃʰ a m p i
ᠠᠵᠠ	a t͡ʃ a
ᠠᠵᡳᡤᡝ	a t͡ɕ i k ə
ᠠᠵᡳᡵᡤᠠᠨ	a t͡ɕ i r q a n
ᠠᠶᠠᠨ	a j a n
ᠠᡤᠠ	a q a
ᠠᡤᠠᠮᠪᡳ	a q a m p i
ᠠᡤᡝ	a k ə
ᠠᡥᠠ	a χ a
ᠠᡥᠠᠰᡳ	a χ a ɕ i
ᠠᡥᡡᠨ	a χ ʊ n
ᠠᡥᡡᠨᡨᠠ	a χ ʊ n tʰ a
ᠠᡧᠠ	a ʃ a
ᠠᡧᡧᠠᠮᠪᡳ	a ʃ ʃ a m p i
ᠠᡨᠠᠩᡤᡳ	a tʰ a ŋ ŋ i
ᠠᡩᠠᠯᡳ	a t a l i
ᠠᡩᠠᡵᠠᠮᡝ	a t a r a m ə
ᠠᡩᡠ	a t u
ᠠᡩᡠᠨ	a t u n
ᠠᡩᡠᠯᠠᠮᠪᡳ	a t u l a m p i
ᠠᡩᡠᠴᡳ	a t u t͡ɕʰ i
ᠠᡳ	a i
ᠠᡳ᠌ᠨᡠ	a i n u
ᠠᡳ᠌ᠨᡠ	a n
ᠠᡳ᠌ᠨᡠ	a n u
ᠠᡳᠨᡠ	a i n u
ᠠᡳᠨᡠ	a n
ᠠᡳᠨᡠ	a n u
ᠠᡳᠮᠠᠨ	a i m a n
ᠠᡳᠯᡳ	a i l i
ᠠᡳᠰᡳᠨ	a i ɕ i n
ᠠᡳᠴᡳ	a i t͡ɕʰ i
ᠠᡳᡥᠠ	a i χ a
ᠠᡳᡥᡡ	a i χ ʊ
ᠠᡳᡥᡡᠨ	a i χ ʊ n
ᠠᡳᡩᠠᡤᠠᠨ	a i t a q a n
ᠠᡳᡴᠠ	a i qʰ a
ᠠᡴ᠋ᠰᡠ	a kʰ s u
ᠠᡴᠠᠮᠪᡳ	a qʰ a m p i
ᠠᡴᠵᠠᠨ	a kʰ t͡ʃ a n
ᠠᡴᡡ	a qʰ ʊ
ᠠᡵᠠ	a r a
ᠠᡵᠠᠮᠪᡳ	a r a m p i
ᠠᡵᠠᡥᠠ	a r a χ a
ᠠᡵᠠᡵᠠ	a r a r a
ᠠᡵᠰᠠᠯᠠᠨ	a r s a l a n
ᠠᡵᠰᠠᡵᡳ	a r s a r i
ᠠᡵᠰᡠᠨ	a r s u n
ᠠᡵᡴᡝ	a r kʰ ə
ᠠᡵᡴᡳ	a r kʰ i
ᠠᡵᡶᠠ	a i l w ə
ᠠᡵᡶᠠ	a r f a
ᠣᠣᡯᡝ	oː t͡s ə
ᠣᠣᡵᡳ	oː r i
ᠣᠨ	ɔ n
ᠣᠨᠣᠨ	ɔ n ɔ n
ᠣᠨᠴᠣ	ɔ n t͡ʃʰ ɔ
ᠣᠩᡤᠣᠮᠪᡳ	ɔ ŋ ŋ ɔ m p i
ᠣᠩᡤᠣᠰᡠ	ɔ ŋ ŋ ɔ s u
ᠣᠩᡤᠣᠴᠣᠨ	ɔ ŋ ŋ ɔ t͡ʃʰ ɔ n
ᠣᠪᠣᠩᡤᡳ	ɔ p ɔ ŋ ŋ i
ᠣᠪᠣᠮᠪᡳ	ɔ p ɔ m p i
ᠣᠮᠣ	ɔ m ɔ
ᠣᠮᠣᠯᠣ	ɔ m ɔ l ɔ
ᠣᠮᡧᠣᠨ	ɔ m ʃ ɔ n
ᠣᠯᠣ	ɔ l ɔ
ᠣᠯᠣᠮᠪᡳ	ɔ l ɔ m p i
ᠣᠯᠪᠣ	ɔ l p ɔ
ᠣᠯᠵᡳ	ɔ l t͡ɕ i
ᠣᠯᠵᡳᠯᠠᠮᠪᡳ	ɔ l t͡ɕ i l a m p i
ᠣᠴᡳ	ɔ t͡ɕʰ i
ᠣᠵᠣᠮᠪᡳ	ɔ t͡ʃ ɔ m p i
ᠣᠶᠣ	ɔ j ɔ
ᠣᠶᠣᡴᡳ	ɔ j ɔ kʰ i
ᠣᡥᠣ	ɔ χ ɔ
ᠣᡥᠣᡨᠣᠨᠣ	ɔ χ ɔ tʰ ɔ n ɔ
ᠣᡧᠣᡥᠣ	ɔ ʃ ɔ χ ɔ
ᠣᡯᡝ	ɔ t͡s ə
ᠣᡴ᠋ᡨ᠋ᠣ	ɔ kʰ tʰ ɔ
ᠣᡴᡝ	ɔ kʰ ə
ᠣᡴᡨᠣ	ɔ kʰ tʰ ɔ
ᠣᡴᡨᠣᠯᠣᠮᠪᡳ	ɔ kʰ tʰ ɔ l ɔ m p i
ᠣᡴᡨᠣᠰᡳ	ɔ kʰ tʰ ɔ ɕ i
ᠣᡴᡩᠣᠮᠪᡳ	ɔ kʰ t ɔ m p i
ᠣᡵᠣᠨᠴᠣ	ɔ r ɔ n t͡ʃʰ ɔ
ᠣᡵᠣᠰ	ɔ r ɔ s
ᠣᡵᡤᠣᠨ	ɔ r q ɔ n
ᠣᡵᡥᠣ	ɔ r χ ɔ
ᠣᡵᡥᠣᡩᠠ	ɔ r χ ɔ t a
ᠣᡵᡩᠣ	ɔ r t ɔ
ᠣᡵᡳᠨ	ɔ r i n
ᠣᡵᡳᠩᡤᡝᡵᡳ	ɔ r i ŋ ŋ ə r i
ᠣᡵᡳᠮᠪᡳ	ɔ r i m p i
ᠣᡵᡳᠴᡳ	ɔ r i t͡ɕʰ i
ᠣᡶᠣᡵᠣ	ɔ f ɔ r ɔ
ᠣᡶᡳ	ɔ f i
ᠨᠠ	n a
ᠨᠠᠮᠠ	n a m a
ᠨᠠᠮᠠᡴᡡ	n a m a qʰ ʊ
ᠨᠠᠮᡠ	n a m u
ᠨᠠᠮᡠᠨ	n a m u n
ᠨᠠᠮᡴᡡ	n a m qʰ ʊ
ᠨᠠᠰᠠᠮᠪᡳ	n a s a m p i
ᠨᠠᠴᠠ	n a t͡ʃʰ a
ᠨᠠᠴᡳᡥᡳᠶᠠᠮᠪᡳ	n a t͡ɕʰ i χ j a m p i
ᠨᠠᠶᠠ	n a j a
ᠨᠠᡥᠠᠨ	n a χ a n
ᠨᠠᡩᠠᠨ	n a t a n
ᠨᠠᡩᠠᠨᠵᡠ	n a t a n t͡ʃ u
ᠨᠠᡩᠠᠩᡤᡝᡵᡳ	n a t a ŋ ŋ ə r i
ᠨᠠᡩᠠᠴᡳ	n a t a t͡ɕʰ i
ᠨᠠᡩᠠᡨᠠ	n a t a tʰ a
ᠨᠠᡳᠨᠠᡳ	n a i n a i
ᠨᠠᡴᠴᡠ	n a kʰ t͡ʃʰ u
ᠨᠠᡵᡥᡡᠨ	n a r χ ʊ n
ᠨᠣᠣᡵ	n oː r
ᠨᠣᠨ	n ɔ n
ᠨᠣᠮᡠᠨ	n ɔ m u n
ᠨᠣᠮᡥᠣᠨ	n ɔ m χ ɔ n
ᠨᠣᠶᠠᠨ	n ɔ j a n
ᠨᠣᡶᡳ	n ɔ f i
ᠨᡝᠮᡝᡵᡥᡝᠨ	n ə m ə r χ ə n
ᠨᡝᠮᡝᡵᡴᡠ	n ə m ə r kʰ u
ᠨᡝᠮᡠ	n ə m u
ᠨᡝᠴᡝ	n ə t͡ʃʰ ə
ᠨᡝᠶᡝ	n ə j ə
ᠨᡝᡳ	n ə i
ᠨᡝᡴᠴᡠ	n ə kʰ t͡ʃʰ u
ᠨᡝᡴᡝᠯᡳᠶᡝᠨ	n ə kʰ ə l j ə n
ᠨᡝᡴᡠ	n ə kʰ u
ᠨᡝᡵᡤᡳ	n ə r k i
ᠨᡠᡥᡝᠴᡳ	n u χ ə t͡ɕʰ i
ᠨᡠᡴᡨᡝ	n u kʰ tʰ ə
ᠨᡠᡵᡝ	n u r ə
ᠨᡠᡵᡤᠠᠴᡳ	n u r q a t͡ɕʰ i
ᠨᡳ	n i
ᠨᡳᠣᠨᡳᠣ	n i ɔ n i ɔ
ᠨᡳᠣᠩᠨᡳᠶᠠᡥᠠ	n i ɔ ŋ ɲ a χ a
ᠨᡳᠣᠯᡥᡠᠨ	n i ɔ l χ u n
ᠨᡳᠣᠸᠠᠩᡤᡳᠶᠠᠨ	n i ɔ w a ŋ ŋ j a n
ᠨᡳᠣᡥᠣᠨ	n i ɔ χ ɔ n
ᠨᡳᠣᡥᡝ	n i ɔ χ ə
ᠨᡳᠣᡵᠣᠨ	n i ɔ r ɔ n
ᠨᡳᠨᠵᡠ	n i n t͡ʃ u
ᠨᡳᠩᡤᡠ	n i ŋ ŋ u
ᠨᡳᠩᡤᡠᠨ	n i ŋ ŋ u n
ᠨᡳᠩᡤᡠᠨ	n i͜u ɣ u
ᠨᡳᠩᡤᡠᠨ	n i͜õ ɣ õ
ᠨᡳᠩᡤᡠᠩᡤᡝᡵᡳ	n i ŋ ŋ u ŋ ŋ ə r i
ᠨᡳᠩᡤᡠᠴᡳ	n i ŋ ŋ u t͡ɕʰ i
ᠨᡳᠩᡤᡠᡨᠠ	n i ŋ ŋ u tʰ a
ᠨᡳᠩᡤᡠᡨᡝ	n i ŋ ŋ u tʰ ə
ᠨᡳᠪᠴᡠ	n i p t͡ʃʰ u
ᠨᡳᠮᠠᠨ	n i m a n
ᠨᡳᠮᠠᠩᡤᡳ	n i m a ŋ ŋ i
ᠨᡳᠮᠠᠯᠠᠨ	n i m a l a n
ᠨᡳᠮᠠᡥᠠ	n i m a χ a
ᠨᡳᠮᡝᠩᡤᡳ	n i m ə ŋ ŋ i
ᠨᡳᠮᡝᡴᡠ	n i m ə kʰ u
ᠨᡳᠴᡠᡥᡝ	n i t͡ʃʰ u χ ə
ᠨᡳᠶᠠᠨᡳᠣᠮᠪᡳ	ɲ a n i ɔ m p i
ᠨᡳᠶᠠᠮᠠᠨ	ɲ a m a n
ᠨᡳᠶᠠᠯᠮᠠ	ɲ a l m a
ᠨᡳᠶᠠᡥᠠᠨ	ɲ a χ a n
ᠨᡳᠶᠠᡴᡳ	ɲ a kʰ i
ᠨᡳᠶᠣᡥᠣᠮᠪᡳ	ɲ ɔ χ ɔ m p i
ᠨᡳᠶᠣᡴᡩᠣᡴᠣ	ɲ ɔ kʰ t ɔ qʰ ɔ
ᠨᡳᠶᡝᠩᠨᡳᠶᡝᡵᡳ	ɲ ə ŋ ɲ ə r i
ᠨᡳᠶᡝᡥᡝ	ɲ ə χ ə
ᠨᡳᡨᠠᠨ	n i tʰ a n
ᠨᡳᡴᠠᠨ	n i qʰ a n
ᠨᡳᡵᡠ	n i r u
ᠨᡳᡵᡠᠮᠪᡳ	n i r u m p i
ᠨᡳᡵᡠᡤᠠᠨ	n i r u q a n
ᠪᠠ	p a
ᠪᠠᠨᡳᡥᠠ	p a n i χ a
ᠪᠠᠰᠠ	p a s a
ᠪᠠᠶᠠᠨ	p a j a n
ᠪᠠᠶᠠᠨ	p a j i n
ᠪᠠᡧᠠ	p a ʃ a
ᠪᠠᡨᠠᠩ	p a tʰ a ŋ
ᠪᠠᡨᡠᡵᡠ	p a tʰ u r u
ᠪᠠᡳᡥᠠᠯ	p a i χ a l
ᠪᠠᡳᡨᠠ	p a i tʰ a
ᠪᠠᡳᡨᠠᠯᠠᠮᠪᡳ	p a i tʰ a l a m p i
ᠪᠠᡳᡴᡡ	p a i qʰ ʊ
ᠪᠠᡵᠠᠮᡳᡩᠠ	p a r a m i t a
ᠪᠠᡵᡠ	p a r u
ᠪᠣᠣ	p oː
ᠪᠣᠣᠪᠠᡳ	p oː p a i
ᠪᠣᠣᠰᡝ	p oː s ə
ᠪᠣᠨᠣ	p ɔ n ɔ
ᠪᠣᠨᡳᠣ	p ɔ n i ɔ
ᠪᠣᠯᠣᠰᡠ	p ɔ l ɔ s u
ᠪᠣᠯᠣᡵᡳ	p ɔ l ɔ r i
ᠪᠣᠯᠵᠣᠨ	p ɔ l t͡ʃ ɔ n
ᠪᠣᠯᠵᠣᠮᠪᡳ	p ɔ l t͡ʃ ɔ m p i
ᠪᠣᠰᠣ	p ɔ s ɔ
ᠪᠣᠰᡥᠣ	p ɔ s χ ɔ
ᠪᠣᠴᠣ	p ɔ t͡ʃʰ ɔ
ᠪᠣᡩ᠋ᠣᡴᡡ	p ɔ t ɔ qʰ ʊ
ᠪᠣᡩᡳᠰᠠᡨᡠ	p ɔ t i s a tʰ u
ᠪᠣᡳᡥᠣᠨ	p ɔ i χ ɔ n
ᠪᠣᡵᠣ	p ɔ r ɔ
ᠪᠣᡶᡠᠨ	p ɔ f u n
ᠪᡝᠯᡝ	p ə l ə
ᠪᡝᠰᡝᡵᡤᡝᠨ	p ə s ə r k ə n
ᠪᡝᠵᡳᠩ	p ə t͡ɕ i ŋ
ᠪᡝᠶᡝ	p ə i
ᠪᡝᠶᡝ	p ə j ə
ᠪᡝᡤᡳᠩ	p ə k i ŋ
ᠪᡝᡥᡝ	p ə χ ə
ᠪᡝᡨᡝᠨ	p ə tʰ ə n
ᠪᡝᡨᡥᡝ	p ə tʰ χ ə
ᠪᡝᡳ	p ə i
ᠪᡝᡳ᠌ᠯᡝ	p ə i l ə
ᠪᡝᡳᠯᡝ	p ə i l ə
ᠪᡝᡳᡥᡝ	p ə i χ ə
ᠪᡝᡳᡴᡠᠸᡝᠨ	p ə i kʰ w ə n
ᠪᡝᡵᡥᡠ	p ə r χ u
ᠪᡝᡵᡳ	p ə r i
ᠪᡠᠯᠠ	p u l a
ᠪᡠᠯᡝᡥᡝᠨ	p u l ə χ ə n
ᠪᡠᠯᡝᡴᡠ	p u l kʰ u
ᠪᡠᠯᡝᡴᡠ	p u l u ŋ kʰ u
ᠪᡠᠯᡝᡴᡠ	p u l ə kʰ u
ᠪᡠᠯᡠᡴᠠᠨ	p u l u qʰ a n
ᠪᡠᠴᠠ	p u t͡ʃʰ a
ᠪᡠᠴᡝᠮᠪᡳ	p u t͡ʃʰ ə m p i
ᠪᡠᠴᡝᡥᡝ	p u t͡ʃʰ ə χ ə
ᠪᡠᠵᠠᠨ	p u t͡ʃ a n
ᠪᡠᠶᡝᠨ	p u j ə n
ᠪᡠᡥᠠ	p u χ a
ᠪᡠᡥᡡ	p u χ ʊ
ᠪᡠᡩ᠋ᠠ	p u t a
ᠪᡠᡩᠠ	p u t a
ᠪᡠᡴᠠ	p u qʰ a
ᠪᡠᡵᠠᡨ	p u r a tʰ
ᠪᡠᡵᠠᡴᡳ	p u r a kʰ i
ᠪᡳ	p i
ᠪᡳᠩᡤᡳᠶᠠ	p i ŋ ŋ j a
ᠪᡳᠯᡝᡵᡳ	p i l ə r i
ᠪᡳᠯᡥᠠ	p i l χ a
ᠪᡳᠯᡨᡝᠨ	p i l tʰ ə n
ᠪᡳᠴᡳᠪᡝ	p i t͡ɕʰ i p ə
ᠪᡳᠶᠠ	p j a
ᠪᡳᠶᠠᠩᠰᡳᡴᡡ	p j a ŋ ɕ i qʰ ʊ
ᠪᡳᠶᠣᠣ	p j oː
ᠪᡳᡤᠠᠨ	p i q a n
ᠪᡳᡤᠠᡵᠠᠮᠪᡳ	p i q a r a m p i
ᠪᡳᡨᡠᠪᡠᠮᠪᡳ	p i tʰ u p u m p i
ᠪᡳᡨᡥᡝ	p i tʰ i χ ə
ᠪᡳᡨᡥᡝ	p i tʰ χ ə
ᠪᡳᡨᡥᡝᠰᡳ	p i tʰ χ ə ɕ i
ᠪᡳᡴᠴᡠ	p i kʰ t͡ʃʰ u
ᠪᡳᡴᠴᡠᠨᡳ	p i kʰ t͡ʃʰ u n i
ᠪᡳᡵᠠ	p i r a
ᠪᡳᡵᠠ	p i ə l ə
ᠪᡳᡵᡝᠨ	p i r ə n
ᠪᡳᡵᡝᡤᡝᠨ	p i r ə k ə n
ᠪᡳᡵᡤᠠᠨ	p i r q a n
ᠮᠠᠨᠵᡠ	m a n t͡ʃ u
ᠮᠠᠨᠵᡠᡵᠠᠮᠪᡳ	m a n t͡ʃ u r a m p i
ᠮᠠᠨᡩᠠ	m a n t a
ᠮᠠᠩᡤᠠ	m a ŋ ŋ a
ᠮᠠᠪᡠ	m a p u
ᠮᠠᠪᡠᠯᠠᠮᠪᡳ	m a p u l a m p i
ᠮᠠᠮᠠ	m a m a
ᠮᠠᠮᡤᡳᠶᠠ	m a m k j a
ᠮᠠᠮᡤᡳᠶᠠᠮᠪᡳ	m a m k j a m p i
ᠮᠠᠯᠠ	m a l a
ᠮᠠᠯᠠᠩᡤᡡ	m a l a ŋ ŋ ʊ
ᠮᠠᠯᠠᡥᡳ	m a l a x i
ᠮᠠᠯᡠ	m a l u
ᠮᠠᠰᡝ	m a s ə
ᠮᠠᠶᠠᠨ	m a j a n
ᠮᠠᡥᠠᠯᠠ	m a χ a l a
ᠮᠠᡩᠠᠰᡠ	m a t a s u
ᠮᠠᡩᠠᡤᠠᠨ	m a t a q a n
ᠮᠠᡳᠯᠠᠰᡠᠨ	m a i l a s u n
ᠮᠠᡳᠰᡝ	m a i s ə
ᠮᠠᡶᠠ	m a f
ᠮᠠᡶᠠ	m a f a
ᠮᠠᡶᡠᡨᠠ	m a f u tʰ a
ᠮᠣᠣ	m oː
ᠮᠣᠨᡳᠣ	m ɔ n i ɔ
ᠮᠣᠩᡤᠣ	m ɔ ŋ ŋ ɔ
ᠮᠣᠩᡤᠣᠨ	m ɔ ŋ ŋ ɔ n
ᠮᠣᠩᡤᠣᠰᠣ	m ɔ ŋ ŋ ɔ s ɔ
ᠮᠣᠩᡤᡡ	m ɔ ŋ ŋ ʊ
ᠮᠣᠰᠺᠣᠸᠠ	m ɔ s kʰ ɔ w a
ᠮᠣᡵᠣ	m ɔ r ɔ
ᠮᠣᡵᠣᠮᠪᡳ	m ɔ r ɔ m p i
ᠮᠣᡵᡳᠨ	m ɔ r i n
ᠮᠣᡵᡳᠨ	m ɔ r i ŋ
ᠮᠣᡵᡳᠰᠠ	m ɔ r i s a
ᠮᡝ	m ə
ᠮᡝᠨᠴᡳ	m ə n t͡ɕʰ i
ᠮᡝᠨᡝ	m ə n ə
ᠮᡝᠨᡨᡠ	m ə n tʰ u
ᠮᡝᠨᡩᡝ	m ə n t ə
ᠮᡝᠨᡳ	m ə n i
ᠮᡝᠩᡤᡠᠨ	m ə ŋ ŋ u n
ᠮᡝᠮᠪᡝ	m ə m p ə
ᠮᡝᠯᡝᠮᠪᡳ	m ə l ə m p i
ᠮᡝᠶᡝ	m ə j ə
ᠮᡝᡥᡝᠨ	m ə χ ə n
ᠮᡝᡥᡝᠵᡝᠨ	m ə χ ə t͡ʃ ə n
ᠮᡝᡩᡝᡵᡳ	m ə t ə r i
ᠮᡝᡳ᠌ᡥᡝ	m ə i χ ə
ᠮᡝᡳᡥᡝ	m ə i χ ə
ᠮᡝᡳᡥᡝᡨᡠ	m ə i χ ə tʰ u
ᠮᡝᡳᡵᡝᠨ	m ə i r ə n
ᠮᡝᡳᡶᡝᠨ	m ə i f ə n
ᠮᡝᡴᡝᠯᡝ	m ə kʰ ə l ə
ᠮᡝᡵᠰᡝᠨ	m ə r s ə n
ᠮᡝᡵᡝ	m ə r ə
ᠮᡠᠩᡤᠠᠨ	m u ŋ ŋ a n
ᠮᡠᠮᡠᡥᡠ	m u m u χ u
ᠮᡠᠯᠠᠨ	m u l a n
ᠮᡠᠯᡠ	m u l u
ᠮᡠᠰᡝ	m u s ə
ᠮᡠᠰᡝᠪᡝ	m u s ə p ə
ᠮᡠᠰᡝᠴᡳ	m u s ə t͡ɕʰ i
ᠮᡠᠰᡝᡩᡝ	m u s ə t ə
ᠮᡠᠰᡝᡳ	m u s ə i
ᠮᡠᠴᡝᠨ	m u t͡ʃʰ ə n
ᠮᡠᠴᡠ	m u t͡ʃʰ u
ᠮᡠᠵᡠᡥᡠ	m u t͡ʃ u χ u
ᠮᡠᠵᡳ	m u t͡ɕ i
ᠮᡠᠶᠠᡵᡳ	m u j a r i
ᠮᡠᠸᠠ	m w a
ᠮᡠᡥᠠᠨ	m u χ a n
ᠮᡠᡥᡠ	m u χ u
ᠮᡠᡩᡠᡵᡳ	m u t u r i
ᠮᡠᡴᡝ	m u kʰ u
ᠮᡠᡴᡝ	m u kʰ ə
ᠮᡠᡴᡝ	m u x o
ᠮᡠᡴᡡᠨ	m u qʰ ʊ n
ᠮᡠᡴᡩᡝᠨ	m u kʰ t ə n
ᠮᡠᡵᠰᠠ	m u r s a
ᠮᡳᠨᠴᡳ	m i n t͡ɕʰ i
ᠮᡳᠨᡩᡝ	m i n t ə
ᠮᡳᠨᡳ	m i n i
ᠮᡳᠨᡳ	m i nʲ
ᠮᡳᠨᡳᠩᡤᡝ	m i n i ŋ ŋ ə
ᠮᡳᠩᡤᠠᠨ	m i ŋ ŋ a n
ᠮᡳᠮᠪᡝ	m i m p ə
ᠮᡳᠰᡠᠨ	m i s u n
ᠮᡳᠴᡳᡥᡳᠶᠠᠨ	m i t͡ɕʰ i χ j a n
ᠮᡳᠶᠠᡥᡡ	m j a χ ʊ
ᠮᡳᠶᠣᠣᠴᠠᠨ	m j oː t͡ʃʰ a n
ᠮᡳᡥᠠᠨ	m i χ a n
ᠮᡳᡩᠠᡥᠠ	m i t a χ a
ᠯᠠᠩᠯᠠᡳ	l a ŋ l a i
ᠯᠠᠩᡤᡡ	l a ŋ ŋ ʊ
ᠯᠠᠩᡨᡠ	l a ŋ tʰ u
ᠯᠠᠪᠠ	l a p a
ᠯᠠᠪᡩᡠ	l a p t u
ᠯᠠᠮᠠ	l a m a
ᠯᠠᠮᡠᠨ	l a m u n
ᠯᠠᠮᡠᡴᠠᠨ	l a m u qʰ a n
ᠯᠠᠮᡦᠠ	l a m pʰ a
ᠯᠠᡴᠴᠠᠮᠪᡳ	l a kʰ t͡ʃʰ a m p i
ᠯᠠᡴᠴᠠᡥᠠ	l a kʰ t͡ʃʰ a χ a
ᠯᠠᡵᡥᡡᠨ	l a r χ ʊ n
ᠯᠣᡥᠣ	l ɔ χ ɔ
ᠯᠣᡵᡳᠨ	l ɔ r i n
ᠯᡝᠯᡳ	l ə l i
ᠯᡝᡶᡠ	l ə f u
ᠯᡠᠩᡤᡠ	l u ŋ ŋ u
ᠯᡳ	l i
ᠯᡳᠶᡝᠯᡳᠶᡝᠮᠪᡳ	l j ə l j ə m p i
ᠯᡳᡶᠠᡥᠠᠨ	l i f a χ a n
ᠰᠠ	s a
ᠰᠠᠨᠰᡳ	s a n ɕ i
ᠰᠠᠨᠴᠠ	s a n t͡ʃʰ a
ᠰᠠᠩᠰᡝ	s a ŋ s ə
ᠰᠠᠩᡤᡠᠵᡳ	s a ŋ ŋ u t͡ɕ i
ᠰᠠᠪᡠ	s a p u
ᠰᠠᠪᡠᠯᠠ	s a p u l a
ᠰᠠᠪᡴᠠ	s a p qʰ a
ᠰᠠᠮᠠᠨ	s a m a n
ᠰᠠᠮᠠᡩᡳ	s a m a t i
ᠰᠠᠮᠪᡳ	s a m p i
ᠰᠠᠮᡦᠠ	s a m pʰ a
ᠰᠠᠯᠵᠠ	s a l t͡ʃ a
ᠰᠠᠯᡠ	s a l u
ᠰᠠᠰᠠ	s a s a
ᠰᠠᠴᠠ	s a t͡ʃʰ a
ᠰᠠᠴᡳᠮᠠ	s a t͡ɕʰ i m a
ᠰᠠᡥᠠ	s a χ a
ᠰᠠᡥᠠᠯᡳᠶᠠᠨ	s a χ a l j a n
ᠰᠠᡥᠠᡥᡡᠨ	s a χ a χ ʊ n
ᠰᠠᡩᠠ	s a t a
ᠰᠠᡳᠨ	s a i n
ᠰᠠᡳᠨ	s a n
ᠰᠠᡳᠨ	ɕ a n
ᠰᠠᡳᡥᡡᠸᠠ	s a i χ w a
ᠰᠠᡳᡴᠠᠨ	s a i qʰ a n
ᠰᠠᡳᡶᡳ	s a i f i
ᠰᠠᡴᠰᠠᡥᠠ	s a kʰ s a χ a
ᠰᠠᡴᡩᠠ	s a kʰ t a
ᠰᠠᡵᠠ	s a r a
ᠰᠠᡵᠠᠰᡠ	s a r a s u
ᠰᠠᡵᠠᡴᡡ	s a r a qʰ ʊ
ᠰᠠᡵᠯᡠᡴ	s a r l u kʰ
ᠰᠠᡵᡤᠠᠨ	s a r q a n
ᠰᠠᡵᡤᡳᠶᠠ	s a r k j a
ᠰᠠᡵᡦᠠ	s a r pʰ a
ᠰᠠᡵᡳᠨ	s a r i n
ᠰᠠᡵᡴᡡ	s a r qʰ ʊ
ᠰᠣᠨᠴᠣᡥᠣ	s ɔ n t͡ʃʰ ɔ χ ɔ
ᠰᠣᠩᡤᠣᠮᠪᡳ	s ɔ ŋ ŋ ɔ m p i
ᠰᠣᠯᠣᠨ	s ɔ l ɔ n
ᠰᠣᠯᠮᡳᠨ	s ɔ l m i n
ᠰᠣᠯᡥᠣ	s ɔ l χ ɔ
ᠰᠣᡤᡳ	s ɔ k i
ᠰᠣᡥᠣᠨ	s ɔ χ ɔ n
ᠰᠣᡥᡳᠨ	s ɔ x i n
ᠰᠣᡳᠰᠣᠨ	s ɔ i s ɔ n
ᠰᠣᡵᠣ	s ɔ r ɔ
ᠰᡝ	s ə
ᠰᡝᠣᠯᡝᠮᠪᡳ	s ə ɔ l ə m p i
ᠰᡝᠨᠴᡝ	s ə n t͡ʃʰ ə
ᠰᡝᠨᠴᡝᡥᡝ	s ə n t͡ʃʰ ə χ ə
ᠰᡝᠩᡤᡝ	s ə ŋ ŋ ə
ᠰᡝᠩᡤᡳ	s ə ŋ ŋ i
ᠰᡝᠩᡴᡠᠯᡝ	s ə ŋ kʰ u l ə
ᠰᡝᠪᠰᡝᡥᡝᡵᡳ	s ə p s ə χ ə r i
ᠰᡝᠪᠵᡝᠨ	s ə p t͡ʃ ə n
ᠰᡝᠪᡩᡝᠨ	s ə p t ə n
ᠰᡝᠮᠪᡳ	s ə m p i
ᠰᡝᠮᡝ	s ə m ə
ᠰᡝᠯᡝ	s ə l ə
ᠰᡝᠵᡝᠨ	s ə t͡ʃ ə n
ᠰᡝᠵᡝᠰᡳ	s ə t͡ʃ ə ɕ i
ᠰᡝᠵᡳᠯᡝᠮᠪᡳ	s ə t͡ɕ i l ə m p i
ᠰᡝᡥᡝ	s ə χ ə
ᠰᡝᡥᡝᡵᡝᠮᠪᡳ	s ə χ ə r ə m p i
ᠰᡝᡳᡵᡝ	s ə i r ə
ᠰᡝᡴᡝ	s ə kʰ ə
ᠰᡝᡴᡳᠶᡝᠨ	s ə kʰ j ə n
ᠰᡝᡵᡝ	s ə r ə
ᠰᡝᡵᡝᠩᡤᡝ	s ə r ə ŋ ŋ ə
ᠰᡝᡵᡝᠮᠪᡳ	s ə r ə m p i
ᠰᡝᡵᡤᡠᠸᡝᠨ	s ə r k w ə n
ᠰᡝᡵᡤᡠᠸᡝᡧᡝᠮᠪᡳ	s ə r k w ə ʃ ə m p i
ᠰᡝᡵᡴᡳ	s ə r kʰ i
ᠰᡝᡵᡴᡳᠨ	s ə r kʰ i n
ᠰᡝᡶᡠ	s ə f u
ᠰᡟᠴᡠᠸᠠᠨ	s z̩ t͡ʃʰ w a n
ᠰᡠᠨ	s u n
ᠰᡠᠨᠵᠠ	s u n t͡ʃ a
ᠰᡠᠨᠵᠠᠩᡤᡝᡵᡳ	s u n t͡ʃ a ŋ ŋ ə r i
ᠰᡠᠨᠵᠠᠴᡳ	s u n t͡ʃ a t͡ɕʰ i
ᠰᡠᠪᠠᡵᡥᠠᠨ	s u p a r χ a n
ᠰᡠᠪᡝ	s u p ə
ᠰᡠᠮᠠᠨ	s u m a n
ᠰᡠᠰᠠᡳ	s u s a i
ᠰᡠᠰᡠ	s u s u
ᠰᡠᠸᠠᠨ᠋ᡩ᠋ᠠ	s w a n t a
ᠰᡠᠸᠠᠶᠠᠨ	s w a j a n
ᠰᡠᠸᡝ	s w ə
ᠰᡠᠸᡝᠨᠴᡳ	s w ə n t͡ɕʰ i
ᠰᡠᠸᡝᠨᡩᡝ	s w ə n t ə
ᠰᡠᠸᡝᠨᡳ	s w ə n i
ᠰᡠᠸᡝᠮᠪᡝ	s w ə m p ə
ᠰᡠᡥᡝ	s u χ ə
ᠰᡠᡥᡠᠨ	s u χ u n
ᠰᡠᡩᡠᡵᡳ	s u t u r i
ᠰᡠᡳᠯᠠᠨ	s u i l a n
ᠰᡠᡳᡥᠠ	s u i χ a
ᠰᡠᡳᡥᡝ	s u i χ ə
ᠰᡠᡳᡶᡠᠨ	s u i f u n
ᠰᡠᡴᠰᠠᡥᠠ	s u kʰ s a χ a
ᠰᡠᡴᡡ	s u qʰ ʊ
ᠰᡠᡴᡩᡠᠨ	s u kʰ t u n
ᠰᡠᡵᠠᠨ	s u r a n
ᠰᡠᡵᡠ	s u r u
ᠰᡠᡶᠠᠨ	s u f a n
ᠰᡳ	ɕ i
ᠰᡳᠨᠴᡳ	ɕ i n t͡ɕʰ i
ᠰᡳᠨᡩᡝ	ɕ i n t ə
ᠰᡳᠨᡳ	ɕ i n i
ᠰᡳᠩᡤᡝᡵᡳ	ɕ i ŋ ŋ ə r i
ᠰᡳᠪᡝ	ɕ i p ə
ᠰᡳᠮᠪᡝ	ɕ i m p ə
ᠰᡳᠮᠪᡳᡵᠰᡴᡠ	ɕ i m p i r s kʰ u
ᠰᡳᠮᡝᠨ	ɕ i m ə n
ᠰᡳᠮᡥᡠᠨ	ɕ i m χ u n
ᠰᡳᠯᡝ	ɕ i l ə
ᠰᡳᠯᡝᠩᡤᡳ	ɕ i l ə ŋ ŋ i
ᠰᡳᠯᡠᠨ	ɕ i l u n
ᠰᡳᠯᡥᡳ	ɕ i l x i
ᠰᡳᠰᡥᡝ	ɕ i s χ ə
ᠰᡳᠰᡳ	ɕ i ɕ i
ᠰᡳᠵᡳᡤᡳᠶᠠᠨ	ɕ i t͡ɕ i k j a n
ᠰᡳᡥᠠᡴᡡ	ɕ i χ a qʰ ʊ
ᠰᡳᡥᡳᠨ	ɕ i x i n
ᠰᡳᡧᠠᡵᡤᠠᠨ	ɕ i ʃ a r q a n
ᠰᡳᡨᡥᡝᠨ	ɕ i tʰ χ ə n
ᠰᡳᡴᠰᡝ	ɕ i kʰ s ə
ᠰᡳᡴᠰᡝᡵᡳ	ɕ i kʰ s ə r i
ᠰᡳᡴᡝ	ɕ i kʰ ə
ᠰᡳᡵᠠᠮᠪᡳ	ɕ i r a m p i
ᠰᡳᡵᡤᡝ	ɕ i r k ə
ᠰᡳᡵᡥᠠᠴᡳᠨ	ɕ i r χ a t͡ɕʰ i n
ᠰᡳᡵᡩᠠᠨ	ɕ i r t a n
ᠰᡳᡵᡳᠨ	ɕ i r i n
ᠰᡳᡶᡠᠯᡠ	ɕ i f u l u
ᠴᠠᠨᠠᠩᡤᡳ	t͡ʃʰ a n a ŋ ŋ i
ᠴᠠᠩᡤᡳ	t͡ʃʰ a ŋ ŋ i
ᠴᠠᠪᠴᠠᠯ	t͡ʃʰ a p t͡ʃʰ a l
ᠴᠠᡤᠠᠨ	t͡ʃʰ a q a n
ᠴᠠᡥᠠᡵ	t͡ʃʰ a χ a r
ᠴᠠᡥᡡ	t͡ʃʰ a χ ʊ
ᠴᠠᡳ	t͡ʃʰ a i
ᠴᠠᡵᡴᡳ	t͡ʃʰ a r kʰ i
ᠴᠣᠣᡥᠠ	t͡ʃʰ oː χ a
ᠴᠣᠣᡥᡳᠶᠠᠨ	t͡ʃʰ oː χ j a n
ᠴᠣᠴᠣ	t͡ʃʰ ɔ t͡ʃʰ ɔ
ᠴᠣᡴᠣ	t͡ʃʰ ɔ qʰ ɔ
ᠴᠣᡵᠣ	t͡ʃʰ ɔ r ɔ
ᠴᠣᡵᠣᠨ	t͡ʃʰ ɔ r ɔ n
ᠴᡝ	t͡ʃʰ ə
ᠴᡝᠨᠴᡳ	t͡ʃʰ ə n t͡ɕʰ i
ᠴᡝᠨᡩᡝ	t͡ʃʰ ə n t ə
ᠴᡝᠨᡳ	t͡ʃʰ ə n i
ᠴᡝᠮᠪᡝ	t͡ʃʰ ə m p ə
ᠴᡝᠴᡳᡴᡝ	t͡ʃʰ ə t͡ɕʰ i kʰ ə
ᠴᡝᠵᡝᠨ	t͡ʃʰ ə t͡ʃ ə n
ᠴᡠᠩᡤᡠᡵᡠ	t͡ʃʰ u ŋ ŋ u r u
ᠴᡠᠰᡝ	t͡ʃʰ u s ə
ᠴᡠᠸᠠᠨ	t͡ʃʰ w a n
ᠴᡠᡴᡡᠯᡠ	t͡ʃʰ u qʰ ʊ l u
ᠴᡳ	t͡ɕʰ i
ᠴᡳᠪᡳᠨ	t͡ɕʰ i p i n
ᠴᡳᠮᠠᡵᡳ	t͡ɕʰ i m a r i
ᠴᡳᠮᠠᡵᡳᠯᠠᠮᠪᡳ	t͡ɕʰ i m a r i l a m p i
ᠴᡳᠰᡠ	t͡ɕʰ i s u
ᠴᡳᠰᡠᡳ	t͡ɕʰ i s u i
ᠴᡳᠴᡳᡥᠠᡵ	t͡ɕʰ i t͡ɕʰ i χ a r
ᠴᡳᡥᠠᠯᠠᠨ	t͡ɕʰ i χ a l a n
ᠴᡳᡥᡝ	t͡ɕʰ i χ ə
ᠴᡳᡵᠠ	t͡ɕʰ i r a
ᠴᡳᡵᡠᡴᡠ	t͡ɕʰ i r u kʰ u
ᠴᡳᡵᡴᡠ	t͡ɕʰ i r kʰ u
ᠴᡳᡶᡝᠩᡤᡠ	t͡ɕʰ i f ə ŋ ŋ u
ᠵᠠ	t͡ʃ a
ᠵᠠᠨᠴᡠᡥᡡᠨ	t͡ʃ a n t͡ʃʰ u χ ʊ n
ᠵᠠᠨᠴᡠᡥᡡᠨᠵᡝ	t͡ʃ a n t͡ʃʰ u χ ʊ n t͡ʃ ə
ᠵᠠᠩᠵᡠ	t͡ʃ a ŋ t͡ʃ u
ᠵᠠᠩᡤᡳᠨ	t͡ʃ a ŋ ŋ i n
ᠵᠠᠪᠵᠠᠨ	t͡ʃ a p t͡ʃ a n
ᠵᠠᠮᡠ	t͡ʃ a m u
ᠵᠠᠮᡠᡵᡳ	t͡ʃ a m u r i
ᠵᠠᠯᠠᠨ	t͡ʃ a l a n
ᠵᠠᠯᡠ	t͡ʃ a l u
ᠵᠠᠰᡝ	t͡ʃ a s ə
ᠵᠠᡥᠠᡵᡳ	t͡ʃ a χ a r i
ᠵᠠᡳ	t͡ʃ a i
ᠵᠠᡳᠴᡳ	t͡ʃ a i t͡ɕʰ i
ᠵᠠᡴᠠ	t͡ʃ a qʰ a
ᠵᠠᡴᠠᡩᡝ	t͡ʃ a qʰ a t ə
ᠵᠠᡴᠰᠠᠨ	t͡ʃ a kʰ s a n
ᠵᠠᡴᡡᠨ	t͡ʃ a qʰ ʊ n
ᠵᠠᡴᡡᠨ	ʈ͡ʂ ɑ̟ x ə
ᠵᠠᡴᡡᠨ	ʈ͡ʂ ɔ χ õ
ᠵᠠᡴᡡᠨᠵᡠ	t͡ʃ a qʰ ʊ n t͡ʃ u
ᠵᠠᡴᡡᠩᡤᡝᡵᡳ	t͡ʃ a qʰ ʊ ŋ ŋ ə r i
ᠵᠠᡴᡡᠴᡳ	t͡ʃ a qʰ ʊ t͡ɕʰ i
ᠵᠠᡴᡡᡨᠠ	t͡ʃ a qʰ ʊ tʰ a
ᠵᠠᡴᡩᠠᠨ	t͡ʃ a kʰ t a n
ᠵᠠᡵᡤᡳᠮᠠ	t͡ʃ a r k i m a
ᠵᠠᡵᡥᡡ	t͡ʃ a r χ ʊ
ᠵᠡᠭᠦᠨᠭᠠᠷ	d̥͡ʒ̊ uː ŋ ɡ̊ ɑ r
ᠵᠣᠣ	t͡ʃ oː
ᠵᠣᠯᠣ	t͡ʃ ɔ l ɔ
ᠵᠣᡥᠣᠮᠪᡳ	t͡ʃ ɔ χ ɔ m p i
ᠵᠣᡵᡤᠣᠨ	t͡ʃ ɔ r q ɔ n
ᠵᡝ	t͡ʃ ə
ᠵᡝᠮᡦᡳᠨ	t͡ʃ ə m pʰ i n
ᠵᡝᠯᡠ	t͡ʃ ə l u
ᠵᡝᠴᡝᠨ	t͡ʃ ə t͡ʃʰ ə n
ᠵᡝᠵᡝ	t͡ʃ ə t͡ʃ ə
ᠵᡝᡤᡳᠶᠠᠩ	t͡ʃ ə k j a ŋ
ᠵᡝᡴᡠ	t͡ʃ ə kʰ u
ᠵᡝᡵᡝᠨ	t͡ʃ ə r ə n
ᠵᡝᡵᡩᡝ	t͡ʃ ə r t ə
ᠵᡠᠩ	t͡ʃ u ŋ
ᠵᡠᠯᡝᡵᡤᡳ	t͡ʃ u l ə r k i
ᠵᡠᠰᡝ	t͡ʃ u s ə
ᠵᡠᠰᡝᡴᡳ	t͡ʃ u s ə kʰ i
ᠵᡠᠴᡠᠨ	t͡ʃ u t͡ʃʰ u n
ᠵᡠᠴᡠᠯᡝᠮᠪᡳ	t͡ʃ u t͡ʃʰ u l ə m p i
ᠵᡠᠴᡳᠪᠠ	t͡ʃ u t͡ɕʰ i p a
ᠵᡠᠸᠠᠨ	t͡ʃ w a n
ᠵᡠᠸᠠᠨᠴᡳ	t͡ʃ w a n t͡ɕʰ i
ᠵᡠᠸᠠᠩᡤᡝᡵᡳ	t͡ʃ w a ŋ ŋ ə r i
ᠵᡠᠸᠠᠯᡳ	t͡ʃ w a l i
ᠵᡠᠸᠠᡵᡳ	t͡ʃ w a r i
ᠵᡠᠸᡝ	t͡ʃ w ə
ᠵᡠᠸᡝᠨᠣᡶᡳ	t͡ʃ w ə n ɔ f i
ᠵᡠᠸᡝᠩᡤᡝᡵᡳ	t͡ʃ w ə ŋ ŋ ə r i
ᠵᡠᠸᡝᠮᠪᡳ	t͡ʃ w ə m p i
ᠵᡠᠸᡝᠴᡳ	t͡ʃ w ə t͡ɕʰ i
ᠵᡠᠸᡝᡨᡝ	t͡ʃ w ə tʰ ə
ᠵᡠᠸᡝᡩᡝᠮᠪᡳ	t͡ʃ w ə t ə m p i
ᠵᡠᠸᡝᡵᡝ	t͡ʃ w ə r ə
ᠵᡠᠸᡝᡵᡤᡝ	t͡ʃ w ə r k ə
ᠵᡠᡤᡡᠨ	t͡ʃ u q ʊ n
ᠵᡠᡥᡝ	t͡ʃ u χ ə
ᠵᡠᡧᡝᠨ	t͡ʃ u ʃ ə n
ᠵᡠᡧᡠᠨ	t͡ʃ u ʃ u n
ᠵᡠᡧᡠᡥᡠᠨ	t͡ʃ u ʃ u χ u n
ᠵᡠᡧᡠᡵᡠ	t͡ʃ u ʃ u r u
ᠵᡠᡳ	t͡ʃ i
ᠵᡠᡳ	t͡ʃ u i
ᠵᡠᡴᡨᡝᠮᠪᡳ	t͡ʃ u kʰ tʰ ə m p i
ᠵᡠᡴᡨᡝᡥᡝᠨ	t͡ʃ u kʰ tʰ ə χ ə n
ᠵᡠᡵᠠᠮᠪᡳ	t͡ʃ u r a m p i
ᠵᡠᡵᠠᡴᠠ	t͡ʃ u r a qʰ a
ᠵᡠᡵᠰᡠ	t͡ʃ u r s u
ᠵᡳᠨᠵᠠᡥᠠ	t͡ɕ i n t͡ʃ a χ a
ᠵᡳᠩᠰᡝ	t͡ɕ i ŋ s ə
ᠵᡳᠪᡝᡥᡠᠨ	t͡ɕ i p ə χ u n
ᠵᡳᠮᠪᡳ	t͡ɕ i m p i
ᠵᡳᠯᡤᠠᠨ	t͡ɕ i l q a n
ᠵᡳᠯᡥᠠ	t͡ɕ i l χ a
ᠵᡳᠵᡠᠨ	t͡ɕ i t͡ʃ u n
ᠵᡳᠵᡠᠮᠪᡳ	t͡ɕ i t͡ʃ u m p i
ᠵᡳᠶᠠᠩᡤᡳᠶᡡᠨ	ʈ͡ʂ ʐ a ŋ ŋ i j ʊ n
ᠵᡳᡥᠠ	t͡ɕ i χ a
ᠵᡳᡵᠠᠮᡳᠨ	t͡ɕ i r a m i n
ᠶᠠ	j a
ᠶᠠᠪᡠᠨ	j a p u n
ᠶᠠᠪᡠᠮᠪᡳ	j a p u m p i
ᠶᠠᠪᡠᠮᠪᡳ	j ä m m i
ᠶᠠᠪᡠᠮᠪᡳ	j ɔ w u m i
ᠶᠠᠮᠵᡳ	j a m t͡ɕ i
ᠶᠠᠮᠵᡳᠰᡥᡡᠨ	j a m t͡ɕ i s χ ʊ n
ᠶᠠᠮᡠᠨ	j a m u n
ᠶᠠᠮᡠᠯᠠᠮᠪᡳ	j a m u l a m p i
ᠶᠠᠯᡳ	j a l i
ᠶᠠᠰᠠ	j a s a
ᠶᠠᠰᠠᡳ	j a s a i
ᠶᠠᠴᡳᡥᡳᠶᠠᠮᠪᡳ	j a t͡ɕʰ i χ j a m p i
ᠶᠠᠶᠠ	j a j a
ᠶᠠᡥᠠ	j a χ a
ᠶᠠᡨᡠᡥᠠᠨ	j a tʰ u χ a n
ᠶᠠᡴᠴᠠ	j a kʰ t͡ʃʰ a
ᠶᠠᡵᡤᡳᠶᠠᠨ	j a r k j a n
ᠶᠠᡵᡥᠠ	j a r χ a
ᠶᠠᡶᠠᠨ	j a f a n
ᠶᠠᡶᠠᠰᡳ	j a f a ɕ i
ᠶᠣᠣᠰᡝ	j oː s ə
ᠶᠣᠩᡤᠠᠨ	j ɔ ŋ ŋ a n
ᠶᠣᠪᠣ	j ɔ p ɔ
ᠶᠣᡥᠣ	j ɔ χ ɔ
ᠶᠣᡩᠠᠨ	j ɔ t a n
ᠶᡝᠩᡤᡠᡥᡝ	j ə ŋ ŋ u χ ə
ᠶᡝᠯᡠ	j ə l u
ᠶᡝᠶᡝ	j ə j ə
ᠶᡝᡴᠰᡝᡵᡥᡝᠨ	j ə kʰ s ə r χ ə n
ᠶᡝᡵᡠ	j ə r u
ᠶᡝᡵᡥᡠᠸᡝ	j ə r χ w ə
ᠶᡝᡵᡨᡝᠮᠪᡳ	j ə r tʰ ə m p i
ᠶᡝᡵᡴᡳᠮ	j ə r kʰ i m
ᠶᡠᠶᡠᠨ	j u j u n
ᠶᡠᠶᡠᠮᠪᡳ	j u j u m p i
ᠶᡠᠸᠠᠨ	j w a n
ᠸᠠ	w a
ᠸᠠᠨ	w a n
ᠸᠠᠨᠯᡳ	w a n l i
ᠸᠠᠩ	w a ŋ
ᠸᠠᠩᡤᠠ	w a ŋ ŋ a
ᠸᠠᠪᡠᡵᡠ	w a p u r u
ᠸᠠᠮᠪᡳ	w a m p i
ᠸᠠᠯᡳ	w a l i
ᠸᠠᠯᡳᠶᠠᠮᠪᡳ	w a l j a m p i
ᠸᠠᡥᠠᡳ	w a χ a i
ᠸᠠᡥᡡᠨ	w a χ ʊ n
ᠸᠠᡳᡩᠠᡴᡡ	w a i t a qʰ ʊ
ᠸᠠᡴᠠ	w a qʰ a
ᠸᠠᡴᠠᠯᠠᠨ	w a qʰ a l a n
ᠸᠠᡴᠠᠯᠠᠮᠪᡳ	w a qʰ a l a m p i
ᠸᠠᡴᡧᠠᠨ	w a kʰ ʃ a n
ᠸᠠᡵᡤᡳ	w a r k i
ᠸᡝ	w ə
ᠸᡝᠨᡳᠶᡝᠮᠪᡳ	w ə ɲ ə m p i
ᠸᡝᠰᡳᠮᠪᡳ	w ə ɕ i m p i
ᠸᡝᡥᡝ	w ə χ ə
ᠸᡝᡳᠯᡝ	w ə i l ə
ᠸᡝᡳᠯᡝᠨ	w ə i l ə n
ᠸᡝᡳᡥᡝ	w ə i χ ə
ᠸᡝᡳᡥᡠᡴᡝᠨ	w ə i χ u kʰ ə n
ᡝ	ə
ᡝᠨᡝᠨ	ə n ə n
ᡝᠨᡝᠩᡤᡳ	ə n ə ŋ ŋ i
ᡝᠨᡩᡠᡵᡳ	ə n t u r i
ᡝᠨᡳᠶᡝ	ə ɲ ə
ᡝᠨᡳᠶᡝᡥᡝᠨ	ə ɲ ə χ ə n
ᡝᠨᡳᡥᡝᠨ	ə n i χ ə n
ᡝᠩᡤᡝᠮᡠ	ə ŋ ŋ ə m u
ᡝᠪᠴᡳ	ə p t͡ɕʰ i
ᡝᠪᡝᠯᡝ	ə p ə l ə
ᡝᠪᡳᡧᡝᠮᠪᡳ	ə p i ʃ ə m p i
ᡝᠮᡝ	ə m ə
ᡝᠮᡝᡴᡝ	ə m ə kʰ ə
ᡝᠮᡠ	ɔ m
ᡝᠮᡠ	ə m
ᡝᠮᡠ	ə m u
ᡝᠮᡤᡝᡵᡳ	ə m k ə r i
ᡝᠮᡥᡝ	ə m χ ə
ᡝᠮᡨᡝ	ə m tʰ ə
ᡝᠮᡳᠯᡝ	ə m i l ə
ᡝᠯᠪᡝᠨ	ə l p ə n
ᡝᠯᠪᡝᠮᠪᡳ	ə l p ə m p i
ᡝᠯᠪᡳᡥᡝ	ə l p i χ ə
ᡝᠯᠴᡳᠨ	ə l t͡ɕʰ i n
ᡝᠯᡠ	ə l u
ᡝᠯᡩᡝᠨ	ə l t ə n
ᡝᠰᡥᡝᠨ	ə s χ ə n
ᡝᠰᡥᡠᠨ	ə s χ u n
ᡝᠰᡳᡥᡝ	ə ɕ i χ ə
ᡝᠴᡳ	ə t͡ɕʰ i
ᡝᠴᡳᠮᠠᡵᡳ	ə t͡ɕʰ i m a r i
ᡝᠴᡳᡴᡝ	ə t͡ɕʰ i kʰ ə
ᡝᠵᡝᠪᡠᠨ	ə t͡ʃ ə p u n
ᡝᠵᡝᠮᠪᡳ	ə t͡ʃ ə m p i
ᡝᠵᡝᠰᡠ	ə t͡ʃ ə s u
ᡝᠶᡝ	ə j ə
ᡝᠶᡝᠨ	ə j ə n
ᡝᠶᡠᠨ	ə j u n
ᡝᡥᡝ	ə χ ə
ᡝᡨᡠᡴᡠ	ə tʰ u kʰ u
ᡝᡩᡠᠨ	ə t u n
ᡝᡳ᠌ᠮᡝᠮᠪᡳ	ə i m ə m p i
ᡝᡳᡤᡝᠨ	ə i k ə n
ᡝᡳᡥᡝᠨ	ə i χ ə n
ᡝᡳᡥᡠᠮᡝ	ə i χ u m ə
ᡝᡳᡨᡝᠨ	ə i tʰ ə n
ᡝᡳᡶᡠ	ə i f u
ᡝᡵᠴᡳᠰ	ə r t͡ɕʰ i s
ᡝᡵᡝ	ə r ə
ᡝᡵᡝᠮᠪᡳ	ə r ə m p i
ᡝᡵᡠᠨ	ə r u n
ᡝᡵᡤᡝᠨ	ə r k ə n
ᡝᡵᡤᡝᠮᠪᡳ	ə r k ə m p i
ᡝᡵᡥᡝ	ə r χ ə
ᡝᡵᡨᡝᠯᡝ	ə r tʰ ə l ə
ᡝᡵᡩᡝ	ə r t ə
ᡝᡵᡩᡝᠨᡳ	ə r t ə n i
ᡝᡵᡳᠨ	ə r i n
ᡝᡵᡳᠮᠪᡳ	ə r i m p i
ᡝᡵᡳᡴᡠ	ə r i kʰ u
ᡝᡵᡴᡠ	ə r kʰ u
ᡝᡶᡝᠨ	ə f ə n
ᡝᡶᡠ	ə f u
ᡠᠨ	u n
ᡠᠨᠴᡝᡥᡝᠨ	u n t͡ʃʰ ə χ ə n
ᡠᠨᡩᡝᡥᡝᠨ	u n t ə χ ə n
ᡠᠨᡳᠶᡝᠨ	u ɲ ə n
ᡠᠩᡤᡠ	u ŋ ŋ u
ᡠᠮᡝ	u m ə
ᡠᠮᡝᠰᡳ	u m ə ɕ i
ᡠᠮᡠᡩᡠ	u m u t u
ᡠᠮᡤᠠᠨ	u m q a n
ᡠᠮᡥᠠᠨ	u m χ a n
ᡠᠮᡦᡠ	u m pʰ u
ᡠᠮᡳᠶᠠᡥᠠ	u m j a χ a
ᡠᠮᡳᠶᡝᠰᡠᠨ	u m j ə s u n
ᡠᠯᠠ	u l a
ᡠᠯᠮᡝ	u l m ə
ᡠᠯᡤᡳᠶᠠᠨ	u l k j a n
ᡠᠯᡥᡡᠮᠠ	u l χ ʊ m a
ᡠᠯᡥᡳ	u l x i
ᡠᠯᡩᡝ᠋ᠨ	u l t ə n
ᡠᠯᡳ	u l i
ᡠᠯᡳᠨ	u l i n
ᡠᠰᡝ	u s ə
ᡠᠰᡳᠨ	u ɕ i n
ᡠᠰᡳᠰᡳ	u ɕ i ɕ i
ᡠᠰᡳᡥᠠ	u ɕ i χ a
ᡠᠴᡝ	u t͡ʃʰ ə
ᡠᠴᡠᠨ	u t͡ʃʰ u n
ᡠᠵᠠᠨ	u t͡ʃ a n
ᡠᠵᡝᠨ	u t͡ʃ ə n
ᡠᠵᡠ	u t͡ʃ u
ᡠᠵᡠᡳ	u t͡ʃ u i
ᡠᠵᡳᡵᡥᡳ	u t͡ɕ i r x i
ᡠᠶᠠᠨ	u j a n
ᡠᠶᠠᡧᠠᠨ	u j a ʃ a n
ᡠᠶᡠᠨ	u j u n
ᡠᠶᡠᠨᠵᡠ	u j u n t͡ʃ u
ᡠᠶᡠᠩᡤᡝᡵᡳ	u j u ŋ ŋ ə r i
ᡠᠶᡠᠴᡳ	u j u t͡ɕʰ i
ᡠᠶᡠᡨᡝ	u j u tʰ ə
ᡠᠶᡠᡵᠰᡠ	u j u r s u
ᡠᡥᠠᠯᠠ	u χ a l a
ᡠᡥᡝᠨ	u χ ə n
ᡠᡥᡠᠮᡝ	u χ u m ə
ᡠᡥᡠᡴᡝᠨ	u χ u kʰ ə n
ᡠᡧᡝ	u ʃ ə
ᡠᡨᡥᠠᡳ	u tʰ χ a i
ᡠᡨᡨᡠ	u tʰ tʰ u
ᡠᡩᠠᠮᠪᡳ	u t a m p i
ᡠᡩᡠ	u t u
ᡠᡳᡤᡠᡵ	u i k u r
ᡠᡳᡥᡝ	u i χ ə
ᡠᡴ᠋ᠰᡳ᠍ᠨ	u kʰ ɕ i n
ᡠᡴᠰᡠᠨ	u kʰ s u n
ᡠᡴᠰᡠᡵᠠ	u kʰ s u r a
ᡠᡴᠴᠠᠮᠪᡳ	u kʰ t͡ʃʰ a m p i
ᡠᡵᠠ	u r a
ᡠᡵᡝᠮᠪᡳ	u r ə m p i
ᡠᡵᡠᠨ	u r u n
ᡠᡵᡠᠮᠴᡳ	u r u m t͡ɕʰ i
ᡠᡵᡠᠯᡩᡝᠮᠪᡳ	u r u l t ə m p i
ᡠᡶᠠ	u f a
ᡠᡶᡠᡥᡠ	u f u χ u
ᡡᠯᡝᠨ	ʊ l ə n
ᡡᠯᡝᡨ	ʊ l ə tʰ
ᡡᡵᡝᠨ	ʊ r ə n
ᡤᠠᠯᠠ	q a l a
ᡤᠠᠯᠮᠠᠨ	q a l m a n
ᡤᠠᠯᡤᠠ	q a l q a
ᡤᠠᠯᡤᠠᠨ	q a l q a n
ᡤᠠᠰᠠᠮᠪᡳ	q a s a m p i
ᡤᠠᠰᠠᠴᡠᠨ	q a s a t͡ʃʰ u n
ᡤᠠᠰᡥᠠ	q a s χ a
ᡤᠠᡥᠠ	q a χ a
ᡤᠠᡵᡠ	q a r u
ᡤᠠᡵᡠᡩᠠᡳ	q a r u t a i
ᡤᠠᡵᡤᠠᠨ	q a r q a n
ᡤᠠᡵᡩᠠᠮᠪᡳ	q a r t a m p i
ᡤᠣᠪᡳ	q ɔ p i
ᡤᠣᠯᠣ	q ɔ l ɔ
ᡤᠣᠯᠮᡳᠨ	q ɔ l m i n
ᡤᠣᠰᡳᡥᠣᠨ	q ɔ ɕ i χ ɔ n
ᡤᠣᡥᠣᠨ	q ɔ χ ɔ n
ᡤᠣᡵᠣ	q ɔ r ɔ
ᡤᠣᡵᠣᡴᡳ	q ɔ r ɔ kʰ i
ᡤᡝ	k ə
ᡤᡝᠩᡤᡳᠶᡝᠨ	k ə ŋ ŋ j ə n
ᡤᡝᠪᡠ	k o v ʊ
ᡤᡝᠪᡠ	k o w ə
ᡤᡝᠪᡠ	k ə p u
ᡤᡝᠮᡠᠨ	k ə m u n
ᡤᡝᠯᡳ	k ə l i
ᡤᡝᠴᡝᠨ	k ə t͡ʃʰ ə n
ᡤᡝᠴᡝᠮᠪᡳ	k ə t͡ʃʰ ə m p i
ᡤᡝᡤᡝ	k ə k ə
ᡤᡝᡥᡠᠨ	k ə χ u n
ᡤᡝᡨᡝᠮᠪᡳ	k ə tʰ ə m p i
ᡤᡝᡵᡠᡩᡝᡳ	k ə r u t ə i
ᡤᡝᡶᡝᡥᡝ	k ə f ə χ ə
ᡤᡠ	k u
ᡤᡠᠩ	k u ŋ
ᡤᡠᠩᠵᡠ	k u ŋ t͡ʃ u
ᡤᡠᠩᡤᡝ	k u ŋ ŋ ə
ᡤᡠᠩᡥᡝᡬᠣ	k u ŋ χ ə k ɔ
ᡤᡠᠴᡠ	k u t͡ʃʰ u
ᡤᡠᠶᡝ	k u j ə
ᡤᡠᠸᠠᠩᠰᡳ	k w a ŋ ɕ i
ᡤᡠᠸᠠᠩᡩᡠᠩ	k w a ŋ t u ŋ
ᡤᡠᠸᡝᠯᡝᡴᡠ	k w ə l ə kʰ u
ᡤᡠᠸᡝᠵᡳᡥᡝ	k w ə t͡ɕ i χ ə
ᡤᡠᡳᠯᡝᡥᡝ	k u i l ə χ ə
ᡤᡠᡳᡤᡠ	k u i k u
ᡤᡠᡵᠵᡝᠨ	k u r t͡ʃ ə n
ᡤᡠᡵᡠᠨ	k u r u n
ᡤᡠᡵᡠᠩ	k u r u ŋ
ᡤᡠᡵᡤᡠ	k u r k u
ᡤᡠᡶᡠ	k u f u
ᡤᡡᠨᡳᠨ	q ʊ n i n
ᡤᡡᠩᡴᠠᠨ	q ʊ ŋ qʰ a n
ᡤᡡᠯᠮᠠᡥᡡᠨ	q ʊ l m a χ ʊ n
ᡤᡡᠯᡥᠠ	q ʊ l χ a
ᡤᡡᠰᠠ	q ʊ s a
ᡤᡡᠰᡳᠨ	q ʊ ɕ i n
ᡤᡡᠰᡳᠩᡤᡝᡵᡳ	q ʊ ɕ i ŋ ŋ ə r i
ᡤᡡᠰᡳᠴᡳ	q ʊ ɕ i t͡ɕʰ i
ᡤᡡᠴᠠ	q ʊ t͡ʃʰ a
ᡤᡡᠸᠠ	k w a
ᡤᡡᠸᠠᠪᠰᡳ	k w a p ɕ i
ᡤᡡᠸᠠᠮᠪᡳ	k w a m p i
ᡤᡡᠸᠠᠯᡤᡳᠶᠠ	k w a l k j a
ᡤᡳᠣ	k i ɔ
ᡤᡳᠣᠸᠠᠨ	k i ɔ w a n
ᡤᡳᠣᡥᠠᠮᠪᡳ	k i ɔ χ a m p i
ᡤᡳᠣᡥᠣᡨᠣ	k i ɔ χ ɔ tʰ ɔ
ᡤᡳᠣᡳ	k y
ᡤᡳᠯᠠᡥᡡᠨ	k i l a χ ʊ n
ᡤᡳᠰᡝ	k i s ə
ᡤᡳᠰᡠᠨ	k i s u n
ᡤᡳᠰᡠᠨ	k y s u n
ᡤᡳᠰᡠᡵᡝᠮᠪᡳ	k i s u r ə m p i
ᡤᡳᠰᡠᡵᡝᡥᡝ	k i s u r ə χ ə
ᡤᡳᠰᡠᡵᡝᡵᡝ	k i s u r ə r ə
ᡤᡳᠶᠠ	k j a
ᡤᡳᠶᠠᠩᠰᡠ	k j a ŋ s u
ᡤᡳᠶᠠᠮᡠᠨ	k j a m u n
ᡤᡳᠶᠠᡥᡡᠨ	k j a χ ʊ n
ᡤᡳᠶᠠᡳ	k j a i
ᡤᡳᡩᠠ	k i t a
ᡤᡳᡵᠠᠨ	k i r a n
ᡤᡳᡵᠠᠩᡤᡳ	k i r a ŋ ŋ i
ᡤᡳᡵᡠᠴᡠᠨ	k i r u t͡ʃʰ u n
ᡤᡳᡵᡳᠨ	k i r i n
ᡥᠠᠨ	χ a n
ᡥᠠᠨᠴᡳ	χ a n t͡ɕʰ i
ᡥᠠᠨᡩᡠ	χ a n t u
ᡥᠠᠩᠰᡝ	χ a ŋ s ə
ᡥᠠᠩᠰᡳ	χ a ŋ ɕ i
ᡥᠠᠪᡤᡳᠶᠠᠮᠪᡳ	χ a p k j a m p i
ᡥᠠᠪᡧᠠᠮᠪᡳ	χ a p ʃ a m p i
ᡥᠠᠮᡠ	χ a m u
ᡥᠠᠮᡨᠠᠮᠪᡳ	χ a m tʰ a m p i
ᡥᠠᠮᡳ	χ a m i
ᡥᠠᠯᠠ	χ a l a
ᡥᠠᠯᠠᠨ	χ a l a n
ᡥᠠᠯᠪᠠ	χ a l p a
ᡥᠠᠯᠪᡳᠨ	χ a l p i n
ᡥᠠᠯᡥᡡᠨ	χ a l χ ʊ n
ᡥᠠᠰᠠᡥᠠ	χ a s a χ a
ᡥᠠᠰᠠᡴ	χ a s a kʰ
ᡥᠠᠰᡥᡡ	χ a s χ ʊ
ᡥᠠᠰᡳ	χ a ɕ i
ᡥᠠᠰᡳᡥᠠᡵ	χ a ɕ i χ a r
ᡥᠠᠴᡳᠨ	χ a t͡ɕʰ i n
ᡥᠠᠶᠠᠨ	χ a j a n
ᡥᠠᡥᠠ	χ a χ a
ᡥᠠᡧᠠ	χ a ʃ a
ᡥᠠᡨᡠᡥᡡᠨ	χ a tʰ u χ ʊ n
ᡥᠠᡩᠠᠯᠠ	χ a t a l a
ᡥᠠᡩᡠᡶᡠᠨ	χ a t u f u n
ᡥᠠᡳᠯᠠᠨ	x ɛ l i n
ᡥᠠᡳᠯᠠᠨ	χ a i l a n
ᡥᠠᡳᠯᡠᠨ	χ a i l u n
ᡥᠠᡳᡥᡡ	χ a i χ ʊ
ᡥᠠᡳᡩᠠᠮᠪᡳ	χ a i t a m p i
ᡥᠠᡴᠰᠠᠨ	χ a kʰ s a n
ᡥᠠᡵᠪᡳᠨ	χ a r p i n
ᡥᠠᡵᠰᠠ	χ a r s a
ᡥᠠᡵᡤᠠᡧᠠᠨ	χ a r q a ʃ a n
ᡥᠠᡵᡤᠠᡧᠠᠮᠪᡳ	χ a r q a ʃ a m p i
ᡥᠠᡵᡩᠠᡴᡡ	χ a r t a qʰ ʊ
ᡥᠠᡶᠠᠨ	χ a f a n
ᡥᠣᠣᡧᠠᠨ	χ oː ʃ a n
ᡥᠣᠨᠠᠨ	χ ɔ n a n
ᡥᠣᠨᡳᠨ	χ ɔ n i n
ᡥᠣᠪᠣ	χ ɔ p ɔ
ᡥᠣᠮᡳᠨ	χ ɔ m i n
ᡥᠣᠯᠣ	χ ɔ l ɔ
ᡥᠣᠯᠪᠣᠨ	χ ɔ l p ɔ n
ᡥᠣᠯᡥᠣᠨ	χ ɔ l χ ɔ n
ᡥᠣᠰᡝᡵᡳ	χ ɔ s ə r i
ᡥᠣᠴᡳᡴᠣᠨ	χ ɔ t͡ɕʰ i qʰ ɔ n
ᡥᠣᠵᡳᡥᠣᠨ	χ ɔ t͡ɕ i χ ɔ n
ᡥᠣᡨᠣ	χ ɔ tʰ ɔ
ᡥᠣᡨᠣᠨ	χ ɔ tʰ ɔ n
ᡥᠣᡳᠰᡝ	χ ɔ i s ə
ᡥᠣᡴᡳ	χ ɔ kʰ i
ᡥᠣᡵᡥᠣ	χ ɔ r χ ɔ
ᡥᠣᡵᡳᠨ	χ ɔ r i n
ᡥᡝᠨᡩᡠᠮᠪᡳ	χ ə n t u m p i
ᡥᡝᠩᡴᡝ	χ ə ŋ kʰ ə
ᡥᡝᠯᠮᡝᠨ	χ ə l m ə n
ᡥᡝᠯᠮᡝᡥᡝᠨ	χ ə l m ə χ ə n
ᡥᡝᠯᡳᠶᡝᠨ	χ ə l j ə n
ᡥᡝᠰᡝ	χ ə s ə
ᡥᡝᠴᡝᠨ	χ ə t͡ʃʰ ə n
ᡥᡝᠶᡝ	χ ə j ə
ᡥᡝᡥᡝ	χ ə χ ə
ᡥᡝᡧᡝᠨ	χ ə ʃ ə n
ᡥᡝᡵᡠᠯᡠᠨ	χ ə r u l u n
ᡥᡝᡵᡤᡝᠨ	χ ə r k ə n
ᡥᡝᡵᡳᠰᡨᠣᠰ	χ ə r i s tʰ ɔ s
ᡥᡝᡶᡝᠯᡳ	χ ə f ə l i
ᡥᡠᠨᠴᡠᠨ	χ u n t͡ʃʰ u n
ᡥᡠᠨᡳᠣ	χ u n i ɔ
ᡥᡠᠸᡝᡧᡝᠨ	χ w ə ʃ ə n
ᡥᡠᡥᡠ	χ u χ u
ᡥᡠᡥᡠᠨ	χ u χ u n
ᡥᡠᡨᡠ	χ u tʰ u
ᡥᡠᡵᡝᠨ	χ u r ə n
ᡥᡡᠨᠠᠨ	χ ʊ n a n
ᡥᡡᠨᡨᠠᡥᠠᠨ	χ ʊ n tʰ a χ a n
ᡥᡡᠪᠠᡵᠠᡴ	χ ʊ p a r a kʰ
ᡥᡡᠪᡝ	χ ʊ p ə
ᡥᡡᠪᡳᠯᡤᠠᠨ	χ ʊ p i l q a n
ᡥᡡᠯᠠᠨ	χ ʊ l a n
ᡥᡡᠰᡠᡵᡳ	χ ʊ s u r i
ᡥᡡᠰᡳᡥᠠᠨ	χ ʊ ɕ i χ a n
ᡥᡡᠴᡳᠨ	χ ʊ t͡ɕʰ i n
ᡥᡡᠸᠠ	χ w a
ᡥᡡᠸᠠᠩᡥᡝᠣ	χ w a ŋ χ ə ɔ
ᡥᡡᠸᠠᠩᡩᡳ	χ w a ŋ t i
ᡥᡡᠸᠠᠯᡳᠶᠠᠮᠪᡳ	χ w a l j a m p i
ᡥᡡᠸᠠᠵᡳᠶᠣᠣ	χ w a t͡ɕ i oː
ᡥᡡᠸᠠᡧᠠᠨ	χ w a ʃ a n
ᡥᡡᠸᠠᡧᠠᠮᠪᡳ	χ w a ʃ a m p i
ᡥᡡᡧᠠᠵᡠ	χ ʊ ʃ a t͡ʃ u
ᡥᡡᡩᠠ	χ ʊ t a
ᡥᡡᡩᡠᠨ	χ ʊ t u n
ᡥᡡᡳ	χ ʊ i
ᡥᡡᡵᡥᠠᠨ	χ ʊ r χ a n
ᡥᡡᡵᡳ	χ ʊ r i
ᡥᡳᠩᡤᠠᠨ	x i ŋ ŋ a n
ᡥᡳᠪᠰᡠ	x i p s u
ᡥᡳᠰᡝ	x i s ə
ᡥᡳᠶᠠᠩᠴᡳ	x j a ŋ t͡ɕʰ i
ᡥᡳᠶᡝᠰᡝ	x j ə s ə
ᡥᡳᡨᠠᡥᡡᠨ	x i tʰ a χ ʊ n
ᡥᡳᡨᡥᡝᠨ	x i tʰ χ ə n
ᡥᡳᡵᠠᠮᠪᡳ	x i r a m p i
ᡦᠠᠨᠴᠠᠨ	pʰ a n t͡ʃʰ a n
ᡦᠠᠩᡥᠠᡳ	pʰ a ŋ χ a i
ᡦᠠᠯᡨᠠ	pʰ a l tʰ a
ᡦᠣᠣ	pʰ oː
ᡦᠣᠴᠣᠩ	pʰ ɔ t͡ʃʰ ɔ ŋ
ᡦᡠᠰᠠ	pʰ u s a
ᡦᡠᠰᡝᠯᡳ	pʰ u s ə l i
ᡦᡳᠩᡤᡠᡵᡳ	pʰ i ŋ ŋ u r i
ᡧᠠᠨ	ʃ a n
ᡧᠠᠨᠰᡳ	ʃ a n ɕ i
ᡧᠠᠨᠴᡳᠨ	ʃ a n t͡ɕʰ i n
ᡧᠠᠨᠶᠠᠨ	ʃ a n j a n
ᡧᠠᠨᡩᡠᠩ	ʃ a n t u ŋ
ᡧᠠᠩᡤᡳᠶᠠᠨ	ʃ a ŋ ŋ j a n
ᡧᠠᠪᡠᡵᡠ	ʃ a p u r u
ᡧᠠᠪᡳ	ʃ a p i
ᡧᠠᡥᡡᠨ	ʃ a χ ʊ n
ᡧᠠᡥᡡᡵᡠᠨ	ʃ a χ ʊ r u n
ᡧᠠᡧᠠᠮᠪᡳ	ʃ a ʃ a m p i
ᡧᠠᡨᠠᠨ	ʃ a tʰ a n
ᡧᠠᡴᡧᠠᡥᠠ	ʃ a kʰ ʃ a χ a
ᡧᠣᠩᡴ᠋ᠣᡵᠣ	ʃ ɔ ŋ qʰ ɔ r ɔ
ᡧᠣᠪᡳᠨ	ʃ ɔ p i n
ᡧᠣᠯᠣᠨᡨᡠ	ʃ ɔ l ɔ n tʰ u
ᡧᠣᡤᡝ	ʃ ɔ k ə
ᡧᠣᡥᠣ	ʃ ɔ χ ɔ
ᡧᠣᡩᠣᠮᠪᡳ	ʃ ɔ t ɔ m p i
ᡧᠣᡵᡥᠣ	ʃ ɔ r χ ɔ
ᡧᡝᠩᡤᡳᠨ	ʃ ə ŋ ŋ i n
ᡧᡝᠶᡝᠨ	ʃ ə j ə n
ᡧᡝᡧᡝᠮᡦᡝ	ʃ ə ʃ ə m pʰ ə
ᡧᡝᡨᡠᡥᡝᠨ	ʃ ə tʰ u χ ə n
ᡧᡝᡵᡳ	ʃ ə r i
ᡧᡠ	ʃ u
ᡧᡠᠨ	ʃ u n
ᡧᡠᠮᡠᡵᡠ	ʃ u m u r u
ᡧᡠᠮᡳᠨ	ʃ u m i n
ᡧᡠᠯᡥᡝ	ʃ u l χ ə
ᡧᡠᠰᡳᡥᠠ	ʃ u ɕ i χ a
ᡧᡠᡧᡠ	ʃ u ʃ u
ᡧᡳᠮᡳᠨ	ɕ i m i n
ᡧᡳᡯᡠᠩ	ɕ i t͡s u ŋ
ᡨ᠋ᠠᠯᡴᡳᠶᠠᠨ	tʰ a l kʰ j a n
ᡨᠠᠨᠠ	tʰ a n a
ᡨᠠᠩᡤᡡ	tʰ a ŋ ŋ ʊ
ᡨᠠᠮᠠᠨ	tʰ a m a n
ᡨᠠᠮᠠᠮᠪᡳ	tʰ a m a m p i
ᡨᠠᠮᠪᡳ	tʰ a m p i
ᡨᠠᠯᠠ	tʰ a l a
ᡨᠠᠯᠠᠮᠪᡳ	tʰ a l a m p i
ᡨᠠᠯᠮᠠᠨ	tʰ a l m a n
ᡨᠠᠯᡴᡳᠶᠠᠮᠪᡳ	tʰ a l kʰ j a m p i
ᡨᠠᠰᡥᠠ	tʰ a s χ a
ᡨᠠᠴᡳᠨ	tʰ a t͡ɕʰ i n
ᡨᠠᠴᡳᠮᠪᡳ	tʰ a t͡ɕʰ i m p i
ᡨᠠᠴᡳᠮᠰᡳ	tʰ a t͡ɕʰ i m ɕ i
ᡨᠠᠴᡳᡴᡡ	tʰ a t͡ɕʰ i qʰ ʊ
ᡨᠠᡥᡳ	tʰ a x i
ᡨᠠᡨᠠᠮᠪᡳ	tʰ a tʰ a m p i
ᡨᠠᡨᠠᠮᡝ	tʰ a tʰ a m ə
ᡨᠠᡨᠠᡴᡡ	tʰ a tʰ a qʰ ʊ
ᡨᠠᡨᠠᡵᠠ	tʰ a tʰ a r a
ᡨᠠᡨᡠᡥᠠᠨ	tʰ a tʰ u χ a n
ᡨᠠᡳᠪᡠ	tʰ a i p u
ᡨᠠᡳᠸᠠᠨ	tʰ a i w a n
ᡨᠠᡳᡤᡳᠶᠠᠨ	tʰ a i k j a n
ᡨᠠᡳᡶᡳᠨ	tʰ a i f i n
ᡨᠠᡴᠠ	tʰ a qʰ a
ᡨᠠᡵᠠ	tʰ a r a
ᡨᠠᡵᠪᠠᡥᡳ	tʰ a r p a x i
ᡨᠠᡵᠴᠠᠨ	tʰ a r t͡ʃʰ a n
ᡨᠠᡵᡥᡡᠨ	tʰ a r χ ʊ n
ᡨᠠᡵᡶᡠ	tʰ a r f u
ᡨᠣᠣᠰᡝ	tʰ oː s ə
ᡨᠣᠨ	tʰ ɔ n
ᡨᠣᠩᡤᠣ	tʰ ɔ ŋ ŋ ɔ
ᡨᠣᠪᡤᡳᠶᠠ	tʰ ɔ p k j a
ᡨᠣᠯᡤᡳᠨ	tʰ ɔ l k i n
ᡨᠣᠵᡳᠨ	tʰ ɔ t͡ɕ i n
ᡨᠣᡥᠣᠨ	tʰ ɔ χ ɔ n
ᡨᠣᡥᠣᠯᠣᠨ	tʰ ɔ χ ɔ l ɔ n
ᡨᠣᡴᠰᠣ	tʰ ɔ kʰ s ɔ
ᡨᠣᡴᠰᡳᡨᡠ	tʰ ɔ kʰ ɕ i tʰ u
ᡨᠣᡴᡨᠣᠮᠪᡳ	tʰ ɔ kʰ tʰ ɔ m p i
ᡨᠣᡴᡨᠣᡥᠣ	tʰ ɔ kʰ tʰ ɔ χ ɔ
ᡨᠣᡵᠣ	tʰ ɔ r ɔ
ᡨᠣᡶᠣᡥᠣᠨ	tʰ ɔ f ɔ χ ɔ n
ᡨᠣᡶᠣᡥᠣᠩᡤᡝᡵᡳ	tʰ ɔ f ɔ χ ɔ ŋ ŋ ə r i
ᡨᠣᡶᠣᡥᠣᠴᡳ	tʰ ɔ f ɔ χ ɔ t͡ɕʰ i
ᡨᠣᡶᠣᡥᠣᡵᠰᡠ	tʰ ɔ f ɔ χ ɔ r s u
ᡨᡝ	tʰ ə
ᡨᡝᠩᡤᡝᡵᡳ	tʰ ə ŋ ŋ ə r i
ᡨᡝᠩᡤᡳᠨ	tʰ ə ŋ ŋ i n
ᡨᡝᠪᡴᡠ	tʰ ə p kʰ u
ᡨᡝᠮᠪᡳ	tʰ ə m p i
ᡨᡝᠮᡝᠨ	tʰ ə m ə n
ᡨᡝᠮᡝᡵᡳ	tʰ ə m ə r i
ᡨᡝᡳᡧᡠᠨ	tʰ ə i ʃ u n
ᡨᡝᡳᡴᡝ	tʰ ə i kʰ ə
ᡨᡝᡴᡠ	tʰ ə kʰ u
ᡨᡝᡵᡝ	tʰ ə r ə
ᡨᡝᡵᡠ	tʰ ə r u
ᡨᡝᡵᡴᡳᠨ	tʰ ə r kʰ i n
ᡨᡝᡵᡴᡳᠮᠪᡳ	tʰ ə r kʰ i m p i
ᡨᡠᠨ	tʰ u n
ᡨᡠᠩᠰᡝ	tʰ u ŋ s ə
ᡨᡠᠩᠵᡝᠣ	tʰ u ŋ t͡ʃ ə ɔ
ᡨᡠᠩᡤᡝᠨ	tʰ u ŋ ŋ ə n
ᡨᡠᠩᡴᡝᠨ	tʰ u ŋ kʰ ə n
ᡨᡠᠪᡳᡥᡝ	tʰ u p i χ ə
ᡨᡠᠮᡝᠨ	tʰ u m ə n
ᡨᡠᠮᡳᠨ	tʰ u m i n
ᡨᡠᠮᡳᡥᠠ	tʰ u m i χ a
ᡨᡠᠯᡝᡵᡤᡳ	tʰ u l ə r k i
ᡨᡠᠯᡥᡠᠨ	tʰ u l χ u n
ᡨᡠᠰᡠᠮᠪᡳ	tʰ u s u m p i
ᡨᡠᠸᠠ	tʰ w a
ᡨᡠᠸᠠᠮᠪᡳ	tʰ w a m p i
ᡨᡠᠸᡝᡵᡳ	tʰ w ə r i
ᡨᡠᡤᡳ	tʰ u k i
ᡨᡠᡵᠠ	tʰ u r a
ᡨᡠᡵᠠᡴᡡ	tʰ u r a qʰ ʊ
ᡨᡠᡵᡤᠠ	tʰ u r q a
ᡨᡠᡵᡳ	tʰ u r i
ᡨᡠᡵᡶᠠᠨ	tʰ u r f a n
ᡩᠠᠨᠴᠠᠨ	t a n t͡ʃʰ a n
ᡩᠠᠨᠴᠠᠯᠠᠮᠪᡳ	t a n t͡ʃʰ a l a m p i
ᡩᠠᠩᠰᡝ	t a ŋ s ə
ᡩᠠᠪᠠᡤᠠᠨ	t a p a q a n
ᡩᠠᠪᠰᡠᠨ	t a p s u n
ᡩᠠᠪᠴᡳᡴᡡ	t a p t͡ɕʰ i qʰ ʊ
ᡩᠠᠮᠪᠠᡤᡠ	t a m p a k u
ᡩᠠᠮᡠ	t a m u
ᡩᠠᠮᡨᡠᠨ	t a m tʰ u n
ᡩᠠᠮᡨᡠᠯᠠᠮᠪᡳ	t a m tʰ u l a m p i
ᡩᠠᠯᠠᠨ	t a l a n
ᡩᠠᠯᠪᠠ	t a l p a
ᡩᠠᠯᡳᠨ	t a l i n
ᡩᠠᠰᠠᠨ	t a s a n
ᡩᠠᠰᠠᠮᠪᡳ	t a s a m p i
ᡩᠠᡥᠠᠨ	t a χ a n
ᡩᠠᡳ᠌ᠴᡳᠩ	t a i t͡ɕʰ i ŋ
ᡩᠠᡳᡳᠮᡳᠩ	t a i i m i ŋ
ᡩᠠᡳᡶᡠ	t a i f u
ᡩᠠᡳᡶᡠᡵᠠᠮᠪᡳ	t a i f u r a m p i
ᡩᠠᡵᠠ	t a r a
ᡩᠠᡵᠠᠮᠠ	t a r a m a
ᡩᠠᡵᡠᠨ	t a r u n
ᡩᠠᡵᡳ	t a r i
ᡩᠣ	t ɔ
ᡩᠣᠣᠰᡝ	t oː s ə
ᡩᠣᠣᡥᠠᠨ	t oː χ a n
ᡩᠣᠪᠣᠨᡳᠣ	t ɔ p ɔ n i ɔ
ᡩᠣᠪᠣᡵᡳ	t ɔ p ɔ r i
ᡩᠣᠪᡳ	t ɔ p i
ᡩᠣᠮᠪᡳ	t ɔ m p i
ᡩᠣᠯᠣ	t ɔ l ɔ
ᡩᠣᠰᠣᠮᠪᡳ	t ɔ s ɔ m p i
ᡩᠣᡤᠣᠨ	t ɔ q ɔ n
ᡩᠣᡵᠣᠨ	t ɔ r ɔ n
ᡩᠣᡵᡤᠣᠨ	t ɔ r q ɔ n
ᡩᠣᡵᡤᡳ	d œ r χ
ᡩᠣᡵᡤᡳ	t ɔ r k i
ᡩᡝᠣ	t ə ɔ
ᡩᡝᠨ	t ə n
ᡩᡝᠩᠯᡠ	t ə ŋ l u
ᡩᡝᠩᠵᠠᠨ	t ə ŋ t͡ʃ a n
ᡩᡝᠯᡠᠨ	t ə l u n
ᡩᡝᠯᡳᡥᡠᠨ	t ə l i χ u n
ᡩᡝᠶᡝᠮᠪᡳ	t ə j ə m p i
ᡩᡝᡥᡝᠮᠠ	t ə χ ə m a
ᡩᡝᡥᡝᠮᡝ	t ə χ ə m ə
ᡩᡝᡥᡝᠯᡝ	t ə χ ə l ə
ᡩᡝᡥᡳ	t ə x i
ᡩᡝᡨᡥᡝ	t ə tʰ χ ə
ᡩᡝᡵᡝ	t ə r ə
ᡩᡝᡵᡝᡨᡠ	t ə r ə tʰ u
ᡩᡝᡵᡤᡳ	t ə r k i
ᡩᡝᡵᡥᡠᠸᡝ	t ə r χ w ə
ᡩᡝᡵᡥᡳ	t ə r x i
ᡩᡝᡶᡠ	t ə f u
ᡩᡠ	t u
ᡩᡠ᠋ᡩᡠ᠋	t u t u
ᡩᡠᠩᡤᠠ	t u ŋ ŋ a
ᡩᡠᠩᡤᡠ	t u ŋ ŋ u
ᡩᡠᠯᡝᡶᡠᠨ	t u l ə f u n
ᡩᡠᠯᡳᠮᠪᠠ	t u l i m p a
ᡩᡠᡥᠠ	t u χ a
ᡩᡠᡳᠨ	t u i n
ᡩᡠᡳᠩᡤᡝᡵᡳ	t u i ŋ ŋ ə r i
ᡩᡠᡳᠪᡠᠯᡝᠨ	t u i p u l ə n
ᡩᡠᡳᠪᡠᠯᡝᠮᠪᡳ	t u i p u l ə m p i
ᡩᡠᡳᠪᡠᠯᡝᠴᡳ	t u i p u l ə t͡ɕʰ i
ᡩᡠᡳᠴᡳ	t u i t͡ɕʰ i
ᡩᡠᡴᠠ	t u qʰ a
ᡩᡠᡵᡤᡳᠶᠠ	t u r k j a
ᡬᠠᠨ	k a n
ᡬᠠᠨᡯᡝ	k a n t͡s ə
ᡬᠠᠯᠠᠪ	k a l a p
ᡮᠠᡳᡶᡠᠩ	t͡sʰ a i f u ŋ
ᡰᡳᠨᡯᡠᠩ	ʐ i n t͡s u ŋ
ᡰᡳᠪᡝᠨ	ʐ i p ə n
ᡳ	i
ᡳᠨᠠ	i n a
ᡳᠨᠴᡳ	i n t͡ɕʰ i
ᡳᠨᠵᠠᡥᠠ	i n t͡ʃ a χ a
ᡳᠨᠵᡝᡴᡠ	i n t͡ʃ ə kʰ u
ᡳᠨᡝᠩᡤᡳ	i n ə ŋ ŋ i
ᡳᠨᡠ	i n u
ᡳᠨᡩᠠᡥᡡᠨ	i n t a χ ʊ n
ᡳᠨᡩᡝ	i n t ə
ᡳᠨᡳ	i n i
ᡳᠪᡳᠶᠠᠮᠪᡳ	i p j a m p i
ᡳᠪᡳᠶᠠᡥᠠ	i p j a χ a
ᡳᠮᠠᡥᡡ	i m a χ ʊ
ᡳᠮᠪᡝ	i m p ə
ᡳᠯᠠᠨ	i l a n
ᡳᠯᠠᠨᠣᡶᡳ	i l a n ɔ f i
ᡳᠯᠠᠩᡤᡝᡵᡳ	i l a ŋ ŋ ə r i
ᡳᠯᠠᠴᡳ	i l a t͡ɕʰ i
ᡳᠯᠮᠠᡥᠠ	i l m a χ a
ᡳᠯᠮᡠᠨ	i l m u n
ᡳᠯᡝᠩᡤᡠ	i l ə ŋ ŋ u
ᡳᠯᡤᠠ	i l q a
ᡳᠯᡤᠠᠮᠪᡳ	i l q a m p i
ᡳᠯᡥᠠ	i l ɣ ɐ
ᡳᠯᡥᠠ	i l ʁ ɑ
ᡳᠯᡥᠠ	i l χ a
ᡳᠯᡩᡠᠨ	i l t u n
ᡳᠯᡳ	i l i
ᡳᠯᡳᠮᠪᡳ	i l i m p i
ᡳᠰᡝ	i s ə
ᡳᠰᡥᡝᠯᡳᠶᡝᠨ	i s χ ə l j ə n
ᡳᠰᡳᠨᠠᠮᠪᡳ	i ɕ i n a m p i
ᡳᠰᡳᠨᠠᡥᠠ	i ɕ i n a χ a
ᡳᠰᡳᠨᠠᡵᠠ	i ɕ i n a r a
ᡳᠰᡳᡨᠠᠯᠠ	i ɕ i tʰ a l a
ᡳᠴᡝ	i t͡ʃʰ ə
ᡳᠴᡝᠮᠪᡳ	i t͡ʃʰ ə m p i
ᡳᠴᡝᡴᡠ	i t͡ʃʰ ə kʰ u
ᡳᠴᡳ	i t͡ɕʰ i
ᡳᠵᡳᠮᠪᡳ	i t͡ɕ i m p i
ᡳᠵᡳᡶᡠᠨ	i t͡ɕ i f u n
ᡳᡥᠠᠨ	i χ a n
ᡳᡥᠠᠰᡳ	i χ a ɕ i
ᡳᡴᡡᡵᠰᡠᠨ	i qʰ ʊ r s u n
ᡳᡵᠠ	i r a
ᡳᡵᡤᡝᠨ	i r k ə n
ᡴᠠᠨᡩᠠᡥᠠᠨ	qʰ a n t a χ a n
ᡴᠠᠨᡳ	qʰ a n i
ᡴᠠᠩᠰᡳᡵᡳ	qʰ a ŋ ɕ i r i
ᡴᠠᠩᡴᠠᠮᠪᡳ	qʰ a ŋ qʰ a m p i
ᡴᠠᠪᠠ	qʰ a p a
ᡴᠠᠯᡴᠠ	qʰ a l qʰ a
ᡴᠠᡨᡠ᠋ᡵᡳ	qʰ a tʰ u r i
ᡴᠠᡩᠠᠯᠠᠮᠪᡳ	qʰ a t a l a m p i
ᡴᠠᡩᠠᠯᠠᡵᠠ	qʰ a t a l a r a
ᡴᠠᡴᡳᡵᡳ	qʰ a kʰ i r i
ᡴᠠᡵᠠ	qʰ a r a
ᡴᠠᡵᠮᠠᠨᡳ	qʰ a r m a n i
ᡴᠣᠣᠯᡳ	kʰ oː l i
ᡴᠣᠩᡤᠣᡵᠣ	qʰ ɔ ŋ ŋ ɔ r ɔ
ᡴᠣᠮᠰᠣ	qʰ ɔ m s ɔ
ᡴᠣᡴᡳ	qʰ ɔ kʰ i
ᡴᠣᡵᠴᡳᠨ	qʰ ɔ r t͡ɕʰ i n
ᡴᡝᠰᡳᡴᡝ	kʰ ə ɕ i kʰ ə
ᡴᡝᡴᡝ	kʰ ə kʰ ə
ᡴᡠᠩᡯᡳ	kʰ u ŋ t͡s i
ᡴᡠᠪᡠ	kʰ u p u
ᡴᡠᠪᡠᠨ	kʰ u p u n
ᡴᡠᠪᡠᡵᡥᡝᠨ	kʰ u p u r χ ə n
ᡴᡠᠮᡠᠨ	kʰ u m u n
ᡴᡠᠸᡝᠴᡳᡥᡝ	kʰ w ə t͡ɕʰ i χ ə
ᡴᡠᡧᡠᠨ	kʰ u ʃ u n
ᡴᡠᡳᡨᡠᠨ	kʰ u i tʰ u n
ᡴᡠᡴᡠ	kʰ u kʰ u
ᡴᡠᡵᡠᠮᡝ	kʰ u r u m ə
ᡴᡡᠴᠠ	qʰ ʊ t͡ʃʰ a
ᡴᡳᡵᠰᠠ	kʰ i r s a
ᡵᠠᡴᡧᠠ	r a kʰ ʃ a
ᡶ᠋ᡠᠰᡝᡵᡳ	f u s ə r i
ᡶ᠋ᡠᡵᡤᡳᠰᡠ	f u r k i s u
ᡶ᠋ᡳᡨᡠᡥᠠᠨ	f i tʰ u χ a n
ᡶᠠ	f a
ᡶᠠᠩᡴᠠᠯᠠ	f a ŋ qʰ a l a
ᡶᠠᠯᠠᠨ	f a l a n
ᡶᠠᠯᠠᠩᡤᡡ	f a l a ŋ ŋ ʊ
ᡶᠠᠯᠠᠰᡠ	f a l a s u
ᡶᠠᠴᡠᡥᡡᠨ	f a t͡ʃʰ u χ ʊ n
ᡶᠠᠵᠠᠨ	f a t͡ʃ a n
ᡶᠠᠵᠠᠮᠪᡳ	f a t͡ʃ a m p i
ᡶᠠᠵᡠᡴᡡ	f a t͡ʃ u qʰ ʊ
ᡶᠠᠶᠠᠩᡤᠠ	f a j a ŋ ŋ a
ᡶᠠᡥᠠᠯᠠ	f a χ a l a
ᡶᠠᡥᡡᠨ	f a χ ʊ n
ᡶᠠᡨᠠᠨ	f a tʰ a n
ᡶᠠᡳᡨᠠᠨ	f a i tʰ a n
ᡶᠠᡵᡥᡡᠨ	f a r χ ʊ n
ᡶᠠᡶᠠᡥᠠ	f a f a χ a
ᡶᠠᡶᡠᠨ	f a f u n
ᡶᠣᠨ	f ɔ n
ᡶᠣᠨᠵᡳᠨ	f ɔ n t͡ɕ i n
ᡶᠣᠮᠣᠴᡳ	f ɔ m ɔ t͡ɕʰ i
ᡶᠣᠯᡤᡝ	f ɔ l k ə
ᡶᠣᠯᡥᠣ	f ɔ l χ ɔ
ᡶᠣᠰᠣᠨ	f ɔ s ɔ n
ᡶᠣᠶᠣᡵᠣ	f ɔ j ɔ r ɔ
ᡶᠣᡥᠣᠯᠣᠨ	f ɔ χ ɔ l ɔ n
ᡶᠣᡩᠣᡥᠣ	f ɔ t ɔ χ ɔ
ᡶᠣᡵᡤᠣᠨ	f ɔ r q ɔ n
ᡶᡝ	f ə
ᡶᡝᠨᡳᠶᡝᠨ	f ə ɲ ə n
ᡶᡝᠮᡝᠨ	f ə m ə n
ᡶᡝᠯᡳᠶᡝᠮᠪᡳ	f ə l j ə m p i
ᡶᡝᠶᡝ	f ə j ə
ᡶᡝᡥᡳ	f ə x i
ᡶᡝᡳ	f ə i
ᡶᡝᡳᠰᡝ	f ə i s ə
ᡶᡝᡴᠴᡠᡥᡠᠨ	f ə kʰ t͡ʃʰ u χ u n
ᡶᡝᡵᡥᡝ	f ə r χ ə
ᡶᡝᡶᡝ	f ə f ə
ᡶᡠ	f u
ᡶᡠᠨᡳᠶᡝᡥᡝ	f u ɲ ə χ ə
ᡶᡠᠩᠯᡠ	f u ŋ l u
ᡶᡠᠩᡤᠠᡥᠠ	f u ŋ ŋ a χ a
ᡶᡠᠩᡴᡠ	f u ŋ kʰ u
ᡶᡠᠯᠠᡥᡡᠨ	f u l a χ ʊ n
ᡶᡠᠯᠴᡳᠨ	f u l t͡ɕʰ i n
ᡶᡠᠯᡝᠩᡤᡳ	f u l ə ŋ ŋ i
ᡶᡠᠯᡝᡥᡝ	f u l ə χ ə
ᡶᡠᠯᡤᡳᠶᠠᠨ	f u l k j a n
ᡶᡠᠯᡥᠠ	f u l χ a
ᡶᡠᠯᡥᡡ	f u l χ ʊ
ᡶᡠᠰᠠ	f u s a
ᡶᡠᠰᡝᠯᡳ	f u s ə l i
ᡶᡠᠰᡠᠮᠪᡳ	f u s u m p i
ᡶᡠᠰᡠᡴᡠ	f u s u kʰ u
ᡶᡠᠰᡥᡝᡴᡠ	f u s χ ə kʰ u
ᡶᡠᠴᡳᡥᡳ	f u t͡ɕʰ i x i
ᡶᡠᡤᡳᠶᠠᠨ	f u k j a n
ᡶᡠᡨᠠ	f u tʰ a
ᡶᡠᡩᠠᠮᠪᡳ	f u t a m p i
ᡶᡠᡩᡝᠮᠪᡳ	f u t ə m p i
ᡶᡠᡩᡝᡥᡝ	f u t ə χ ə
ᡶᡠᡵᠰᡠᠨ	f u r s u n
ᡶᡠᡵᡤᡳᠨ	f u r k i n
ᡶᡠᡵᡤᡳᠰᡠ	f u r k i s u
ᡶᡠᡵᡩᠠᠨ	f u r t a n
ᡶᡠᡶᡠᠨ	f u f u n
ᡶᡳ	f i
ᡶᡳᠣᡥᠠ	f i ɔ χ a
ᡶᡳᠯᠠ	f i l a
ᡶᡳᠯᡳ	f i l i
ᡶᡳᠰᠠ	f i s a
ᡶᡳᠴᠠᡴᡡ	f i t͡ʃʰ a qʰ ʊ
ᡶᡳᠶᠠ	f j a
ᡶᡳᠶᠠᠨᠠᡵᠠᠮᠪᡳ	f j a n a r a m p i
ᡶᡳᠶᠠᡴᠰᠠ	f j a kʰ s a
ᡶᡳᠶᠣᡨᠣᠮᠪᡳ	f j ɔ tʰ ɔ m p i
ᡶᡳᠶᠣᡴᠣᠨ	f j ɔ qʰ ɔ n
ᡶᡳᡴᡨᡠ	f i kʰ tʰ u
ᡶᡳᡵᡤᡝᠮᠪᡳ	f i r k ə m p i
ᡶᡳᡶᠠᠨ	f i f a n
ᡷᠶᠯᡳ	ʈ͡ʂ ʐ l i
ᡷᡳᠯᡳ	ʈ͡ʂ ʐ l i
ᡷᡳᡥᡳᠶᠠᠨ	ʈ͡ʂ ʐ x j a n
