а	a
аав	aː w
ааг	aː ɡ
аадар	aː d ə r
аалз	aː ɮ t s
ааруул	aː r ʊː ɮ
ав	a w
аварга	a w̜ r ə ɢ
авах	a w ə x
авга	a w ə ɢ
авдар	a w t ə r
авс	a w s
австрали	a f s tʰ r a ɮ
австри	a w̜ s tʰ r
автобус	a f tʰ ʊː s
автобус	ä w̜ tʰ p ʊˑ s
автомашин	a f tʰ ə m a ʃ i ŋ
авьяас	a w j a s
агаар	a ɢ aː r
агентлаг	ä ɡ eˑ n tʰ ɮ ə k
агшин	a ɡ ʃ i ŋ
ад	a t
адал	a t ə ɮ
адгуус	a t ɢ ʊ s
адил	æ t ə ɮ
адуу	a t ʊ
адуус	a t ʊ s
ажил	a t͜ɕ ə ɮ
ажилтан	a t͜ɕ ə ɮ tʰ ə ŋ
аз	a t͡s
азербайжан	a t͡s e r p a i t͡ʃ a ŋ
ази	aˑ t͜s
айл	æː ɮ
айлчлах	a i ɮ t͡ɕʰ ɮ ə x
аймаг	æː m ə k̠
аймшиг	a i m ʃ i ɡ
айраг	æː r ə k
академи	a k t eˑ m
академич	ä k t e̞ m t͜ɕʰ
алба	a ɮ p
албадах	a ɮ p ə t ə x
албадлага	a ɮ p ə t ɮ ə ɢ
албани	a ɮ p aˑ n
алга	a ɮ ə ɢ
алдах	a ɮ t ə x
алжир	a ɮ t͡ʃ i r
алим	ɛ ɮ ə m
аллах	a ɮ ɮ a x
алмааз	a ɮ m aː t͡s
алт	a ɮ tʰ
алтан	a ɮ tʰ ə ŋ
алтгана	a ɮ tʰ ɢ ə n
алх	a ɮ x
алчуур	a ɮ t͡ʃ ʊː r
аль	æ ɮ
ам	a m
амжилт	a m t͡ʃ i ɮ tʰ
амжих	a m t͡ɕ ə x
амь	æ m
амьдрал	ɛ m t r ə ɮ
амьсгалах	a mʲ s ɢ ə ɮ ə x
амьтан	æ m tʰ ə̠ ɴ̟
анги	a ŋ ɡ
англи	a ŋ ɡ i ɮ
англи	æˑ ŋ ɡ a ɮ
анекдот	ɔ n i ɡ ɔː
ану	a n
анх	a ŋ x
анхилга	a ŋʲ xʲ ə ɮ ə ɢ
анчин	a n t͡ʃʰ i ŋ
аппарат	a pʰ r a tʰ
аптек	a pʰ tʰ e kʰ
арал	a r ə ɮ
арвай	a r w a i
арга	a r ə ɢ
аргентин	a r ɡ e n tʰ i ŋ
архи	æ r x
архив	æ r x iˑ w
архичин	ɛ r x t͜ɕʰ ə ŋ
арьс	a rʲ s
арьстан	æ r s tʰ ə̠ ɴ̟
арьстны	æ r s tʰ n iː
асуух	a s ʊ x
атаа	a tʰ a
атаархах	a tʰ a r x ə x
афганистан	a f ɡ a n i s tʰ a ŋ
африкаанс	a f r i kʰ aː n s
ах	ä χ
ац	a t͡sʰ
б	p
баавар	p aː w̜ ə r
баасан	b aː s a ŋ
баатар	p aː tʰ ə r
баах	p aː x
баг	p a ɡ
бага	p a ɢ
багаж	p a ɢ t͡ɕ
баглаа	p a ɢ ɮ aː
багс	p a ɡ s
багш	p a ɡ ʃ
бадмаараг	p a t m aː r a ɡ
байгаль	p æː ɢ ə̠ ɮ
байгууллага	p a i ɢ ʊː ɮ ɮ ə k
байдал	p æː t ə̠ ɮ
байна	p æː n
байх	p æː χ
байц	p a i t͡sʰ
байцаа	p a i t͡s aː
байшин	p æː ʃ ɪ ɴ̟
балба	p a ɮ a p
бангладеш	p a ŋ ɡ ɮ ə̠ t eˑ ʃ
банк	p a ŋ k
бар	p a r
бараг	p a r ə ɡ
барамнас	p a r a m n a s
барга	p ä r ə q
барилдах	p a r i ɮ t a x
барих	p a rʲ ə x
баруун	p a r ʊː ŋ
баруунтан	p ä r ʊː n tʰ ə ŋ
бассейн	p a s e j ŋ
баяд	p ä j t ə
баялаг	p a j ɮ ə k̠
баян	p a j ə ŋ̠
баянхонгор	p a j a ŋ x ɔ ŋ ɡ ɔ r
баяр	p a j r
баярлалаа	p a j ə r ɮ a
баярлах	p a j ə r ɮ a x
баяртай	p a j ə̠ r tʰ æː
беларусь	p e ɮ aˑ r ʊˑ s
бельги	p e ɮ i k
би	pʲ i
бид	p i t
бие	p i j
бийр	p iː r
битлз	p i tʰ ə ɮ t͡s
бичлэг	p i t͡ʃʰ ɮ e ɡ
богино	p ɔ ɡʲ ə n
бодис	p œ t ʊ s
бодисадва	p œ t ʊ s ə̠ t w aˑ
бодьсадва	p ɔ tʲ s a t w̜
бойжих	p ɔ i t͡ɕ ə x
бол	p ɔ ɮ
болгар	p ɔ ɮ ɡ a r
болд	p ɔ ɮ t
боломж	p ɔ ɮ ə m t͡ɕ
болон	p ɔ ɮ ʊ ŋ̠
болор	p ɔ ɮ ʊ r
болох	p ɔ ɮ ə x
болохоор	p ɔ ɮ χ ɔː r
больниц	p ɔ ɮʲ nʲ ə t͡sʰ
бомбо	p ɔ m p ʊ
боов	p ɔː w
боол	p ɔː ɮ
боомт	p ɔː m t
боорцог	p ɔː r t͡sʰ ə ɡ
боошиг	p ɔː ʃ i ɡ
борной	p ɔ r n ɔ i
бороо	p ɔ r ɔː
бослого	p ɔ s ɮ ə ɢ
босох	p ɔ s ə x
боть	p œ tʰ
бохь	p ɔ xʲ
бразил	p r ä t͜s iˑ ɮ
бразил	p r ɛ t͜s iˑ ɮ
буга	p ʊ ɢ
будда	p ʊ t t a
буйдан	p ʊ i t a ŋ
буйл	p ʊ i ɮ
булаацалдах	p ʊ ɮ aː t͡s a ɮ t a x
булга	p ʊ ɮ ə ɢ
булчирхай	p ʊ ɮ t͡ɕʰ ə r x a i
бумба	p ʊ m p
бурхан	p ʊ r x a ŋ
бутан	p ʊ tʰ a ŋ
буу	p ʊː
буудал	p ʊː t a ɮ
бууз	p ʊː t͡s
бууралтах	p ʊː r ə ɮ tʰ ə x
бух	p ʊ x
буян	p ʊ j ə ŋ
бэлтгэл	p e ɮ tʰ ɡ e ɮ
бэлэг	p i ɮ i ɡ
бэрс	p e r s
бэх	p e x
бээжин	p eː t͡ʃ i ŋ
бямба	pʲ a m p
бярга	p j a r ɡ
бяруу	pʲ a r ʊ
бясалгал	pʲ a s ə ɮ ɢ ə ɮ
бясалгах	pʲ a s ə ɮ ɢ ə x
бүжигчин	p u t͡ɕ ə ɡ t͡ɕʰ ə ŋ
бүйлс	p u i ɮ s
бүр	p u r
бүрхэвч	p u r x i w̜ t͡ʃʰ
бүрхүүл	p u r x u ɮ
бүс	p u s
бүх	p u x
бүхэн	p u x ə ŋ
бөднө	p o t ə n
бөс	p ɵ s
бөө	p oː
бөөлжих	p oː ɮ t͡ɕ ə x
бөөс	p oː s
в	w̜
ваар	w̜ aː r
вагон	w a ɢ ɔˑ ɴ̟
вакцин	w̜ a kʰ t͡s i ŋ
ван	w a ŋ̠
видео	w̜ iˑ tʲ ɔˑ
википедиа	w̜ i kʰ i pʰ eˑ t i͜a
вирус	w̜ iˑ r u s
вьетнам	w e tʰ n aˑ m
г	ɡ
г	ɢ
гаанс	ɢ aː n s
гавал	ɢ a w ə ɮ
гадил	ɢ a tʲ ə ɮ
гадна	ɢ a t ə n
газарч	ɢ a t͡s ə r t͡ʃʰ
гайхал	ɢ a i x a ɮ
гайхалтай	ɢ a i x ə ɮ tʰ a i
гайхамшиг	ɢ a i x a m ʃ i ɡ
гайхамшигтай	ɢ a i x a m ʃ i ɡ tʰ a i
гайхах	ɢ a i x a x
гал	ɢ a ɮ
галдах	ɢ a ɮ t ə x
галт	ɢ a ɮ tʰ
галуу	ɢ a ɮ ʊː
ган	ɢ a ŋ
ганжин	ɢ a n t͡ɕ ə ŋ
ганц	ɢ a n t͡sʰ
гар	ɢ a r
гарал	ɡ a r a ɮ
гарах	ɢ a r ə x
гарчиг	ɢ a r t͡ɕʰ ə ɡ
гатлах	ɢ a tʰ ɮ ə x
гахай	ɢ a χ æː
герман	ɡ e r m aˑ ŋ
герман	ɡ e r m aˑ ɴ̟
гийгэх	ɡ iː ɡ ĕ x
гийгүүлэгч	ɡ iː ɡ uː ɮ ĕ ɡ t͡ʃʰ
гийгүүлэх	ɡ iː ɡ uː ɮ ĕ x
говь	ɢ œ w̜
гоймон	ɢ ɔ i m ə ŋ
гол	ɢ ɔ ɮ
голланд	ɡ ɔ ɮ a n t
грек	ɡ e r e kʰ
гудамж	ɢ ʊ t ə m t͡ɕ
гуйх	ɢ ʊ i x
гулууз	ɢ ʊ ɮ ʊ t͡s
гурав	ɢ ʊ r ə w
гурил	ɢ ʊ rʲ ə ɮ
гутаах	ɢ ʊ tʰ a x
гутал	ɢ ʊ tʰ ə ɮ
гууль	ɢ ʊː ɮʲ
гэдэс	ɡ i t i s
гэлэн	ɡ i ɮ ə ŋ
гэлэнмаа	ɡ i ɮ ə m m a
гэмших	ɡ i m ʃ ə x
гэр	ɡ e r
гэргий	ɡ e r ɡ iː
гэрэл	ɡ i r i ɮ
гүзээлзгэнэ	ɡ u t͡s e ɮ d͡z ɡ ə n
гүн	ɡ u ŋ
гүнж	ɡ u n t͡ʃ
гүрвэл	ɡ u r w̜ i ɮ
гүрэн	ɡ u r e ŋ
гүүр	ɡ uː r
д	t
даваа	t a w a
давс	t a w s
давхар	t a w̜ x ə r
дайгдах	t a i ɡ t ə x
дайн	t a i ŋ
дайсан	t a i s a ŋ
дайх	t a i x
далавч	t a ɮ a w̜ t͡ʃʰ
далай	t a ɮ a i
далбаа	t a ɮ p a
дамнах	t a m n ə x
дани	t äˑ n
дани	t ɛˑ n
данс	t a n s
дарангуйлагч	t a r a ŋ ɡ ʊ i ɮ a ɡ t͡ʃʰ
дарма	t a r m
дарс	t a r s
дархан	t a r x a ŋ
дарь	t ɛ r
дасах	t a s ə x
дасгал	t a s ɢ ə ɮ
дахин	t a x i ŋ
дахин	t a xʲ ə ŋ
дахь	t ɛ χ
дельта	t eˑ ɮ tʰ aˑ
динозавр	t i n t͡s a w ə r
динозавр	t i n ɔ z a w ə r
диэн	d i͜e n
довжоо	t ɔ w̜ t͡ɕ ɔ
догшин	t ɔ ɡ ʃ ə ŋ
долоо	t ɔ ɮ ɔː
долоон	t ɔ ɮ ɔː ɴ̟
долоох	t ɔ ɮ ɔ x
дорно	t ɔ r n
доромжлох	t ɔ r ɔ m t͡ʃ ɮ ɔ x
дотор	t ɔ tʰ ə r
дох	t ɔ x
дохих	t ɔ xʲ ə x
дудран	t ʊ t r ə ŋ
дун	t ʊ ŋ
дурдах	t ʊ r t ə x
дуудлага	t ʊː t ɮ ə ɢ
дуулга	d u ɮ ɢ a
дуулгавар	t ʊː ɮ ɢ ə w ə r
дуурь	t ʊː rʲ
дуусгах	t ʊː s ɢ ə x
дуучин	t ʊː t͡ɕʰ ə ŋ
дэвтэр	t i w̜ tʰ i r
дэвшил	t i w ʃ ə ɮ
дэвшилт	t i w ʃ ə ɮ tʰ
дэвших	t i w ʃ ə x
дэл	t i ɮ
дэлгүүр	t i ɮ ɡ uː r
дэлхий	t i ɮ x iː
дэлэн	t e ɮ ə ŋ
дэлүү	t e ɮ u
дэнлүү	t e n ɮ u
дэрс	t i r s
дээл	t eː ɮ
дээр	t eː r
дүнгэр	t u ŋ ɡ ə r
дүпү	t u pʰ
дүү	t uː
дөрвөд	t ɵ r w̜ u t
дөрвөл	t ɵ r w̜ u ɮ
дөрөв	t ɵ r u w̜
е	j i
е	j ɵ
евровидение	j e w̜ r ɔ w̜ i t e n i e
европ	j ɵ w r ɔˑ pʰ
европчууд	j ɵ w r ɔˑ pʰ t͡ʃʰ ʊː t
египет	e ɡ i f tʰ
ер	j e r
ерөнхийлөгч	j o r ə ŋ x i ɮ ə ɡ t͡ɕʰ
ерөнхийлөх	e r ɵ ŋ x iː ɮ ɵ x
ес	j ɵ s
еэвэн	j eː w ə ŋ
ж	t ʃ
жаал	t͡ɕ aː ɮ
жад	t͡ɕ a t
жаргалтай	t͡ʃ a r ɡ a ɮ tʰ a i
желон	d͡ʒ e l ɔ ŋ
женев	d ʒ ɛ n ɛ f
жигнэмэг	t͡ɕ i ɡ n ə m ə ɡ
жигүүр	t͡ʃ i ɡ uː r
жижүүр	t͡ɕ i t͡ɕ u r
жимс	t͡ɕ i m s
жор	t͡ɕ ɔ r
жорлон	t͡ɕ ɔ r ɮ ə ŋ
жунгаа	t͡ʃ ʊ ŋ ɢ aː
жууцай	t͡ɕ ʊː t͡sʰ a i
з	t͡s
заан	t͜s aː ɴ̟
заарь	t͡s aː r
заах	t͡s aː x
завод	t͜s ä w̜ ɔˑ t
завь	t͡s a wʲ
заг	t͡s a ɡ
загас	t͡s a ɢ ə s
зайдуу	t͡s a i t ʊ
залах	t͡s a ɮ ə x
залбирал	t͡s a ɮ p i r a ɮ
залгамал	t͡s a ɮ ɢ ə m ə ɮ
залгах	t͡s a ɮ ɢ ə x
залгуур	t͡s a ɮ ɢ ʊ r
залуу	t͡s a ɮ ʊ
залуур	t͡s a ɮ ʊ r
зам	t͡s a m
замбага	t͡s a m p ə ɢ
зан	t͡s a ŋ
занах	t͡s a n ə x
зангилаа	t͡s a ŋ ɡʲ ə ɮ a
зангуу	t͡s a ŋ ɢ ʊ
зандах	t͡s a n t ə x
зардаг	t͡s a r t ə ɡ
зарим	t͡s a rʲ ə m
заримдаа	t͡s a rʲ ə m t a
зарлал	t͡s a r ɮ a ɮ
зарц	t͡s a r t͡s
засаг	t͡s a s ə ɡ
зах	t͡s a x
захиа	t͡s a x j a
захчин	t͜s a χ t͜ɕʰ ə ŋ
зовлон	t͡s ɔ w ɮ ə ŋ
зогсох	t͡s ɔ ɡ s ə x
золбин	t͡s ɔ ɮʲ pʲ ə ŋ
золгох	t͡s ɔ ɮ ɢ ə x
зонтик	t͜s ɔˑ n tʰ ʊ̈ kʰ
зориг	t͡s ɔ rʲ ə ɡ
зориглох	t͡s ɔ rʲ ə ɡ ɮ ə x
зоригоор	t͡s ɔ rʲ ə ɡ ɔ r
зоригт	t͡s ɔ rʲ ə ɡ tʰ
зорилго	t͡s ɔ rʲ ə ɮ ə ɢ
зорилт	t͡s ɔ rʲ ə ɮ tʰ
зоримгой	t͡s ɔ rʲ ə m ɢ ɔ i
зоримог	t͡s ɔ rʲ ə m ə ɡ
зориуд	t͡s ɔ rʲ ʊ t
зориулах	t͡s ɔ rʲ ʊ ɮ ə x
зорих	t͡s ɔ rʲ ə x
зохиол	t͜s œ x ɔː ɮ
зочин	t͡s ɔ t͡ʃʰ i ŋ
зугтах	t͡s ʊ ɡ tʰ ə x
зузаан	t͡s ʊ t͡s a ŋ
зул	t͡s ʊ ɮ
зулзага	t͡s ʊ ɮ t͡s ə ɢ
зун	t͡s ʊ ŋ
зураач	t͡s ʊ r aː t͡ʃʰ
зураг	t͡s ʊ r a ɡ
зурагт	t͡s ʊ r ə ɡ tʰ
зурагчин	t͜s ʊ r x̠ t͜ɕʰ ə ŋ
зурвас	t͡s ʊ r w ə s
зууж	t͡s ʊː t͡ɕ
зуунмод	t͡s ʊː m m ɔ t
зуух	t͡s ʊː x
зэвсэг	t͡s i w s ə ɡ
зэрлэг	t͡s e r ɮ ə ɡ
зэрэг	t͡s i r ə ɡ
зэс	t͡s i s
зээ	t͡s eː
зээлбэр	t s eː ɮ p ɪ̆ r
зээр	t͡s eː r
зээргэнэ	t͡s eː r ɡ ə n
зүй	t͡s u i
зүйр	t͡s u i r
зүйрлэл	t͡s u i r ɮ ə ɮ
зүйрлэх	t͡s u i r ɮ ə x
зүс	t͡s u s
зүү	t͡s uː
зүүд	t͡s uː t
зүүдлэх	t͡s uː t ɮ ə x
зүүн	t͡s uː ŋ
зүүнтэн	t͜s uː n tʰ ə ŋ
зөвлөгөө	t͡s o w ɮ ə ɡ o
зөвшөөрөл	t͡s ɵ w ʃ oː r ɵ ɮ
зөвшөөрөх	t͡s ɵ w ʃ oː r ɵ x
зөрүүдлэх	t͡s o r u t ɮ ə x
зөөлөн	t͡s oː ɮ ɵ ŋ
и	i
ивээл	i w eː ɮ
идэх	i t ə x
израиль	i t͡s r a i ɮʲ
ил	i ɮ
илгээх	i ɮ ɡ eː x
илд	i ɮ t
илдэх	i ɮ t ə x
иллэг	i ɮ ɮ i ɡ
илтгэл	i ɮ tʰ ɡ ə ɮ
илтгэх	i ɮ tʰ ɡ ə x
илхэн	i ɮ x ə ŋ
имрэх	i m r ə x
индонез	i n t ɔ n e t͡s
индүү	i n t uː
инээмсэглэх	i n eː m s i ɡ ɮ i x
иран	i r a ŋ
ирвэс	i r w ə s
ирц	i r t͡sʰ
ирэх	i r ə x
ирээдүй	i r e t u i
исланд	i s ɮ a n t
испани	i s pʰ aˑ n
итали	i tʰ a ɮ
их	i x
ихэр	i x ə r
й	i
к	kʰ
к	x
казахстан	kʰ ä t͜s ə ɡ s t äˑ ŋ
календарь	k a ɮ e n d a rʲ
камбож	kʰ a m p ɔ t͡ʃ
канад	kʰ a n a t
канжи	kʰ a n t͡ʃ
каучук	kʰ a w t͡ʃʰ ʊˑ kʰ
кафе	kʰ a f eˑ
келх	x i ɮ ə x
километр	kʰ i ɮ ɔ m e tʰ r
кино	kʰ i n ɔ
кинотеатр	kʰ i n ɔ tʰ e a tʰ r
комисс	kʰ ɔ m iˑ s
коммунизм	kʰ ɔ m ʊ n iˑ s ʊ m
коммунизм	kʰ ɔ m ʊ n iˑ t͜s ʊ m
компьютер	kʰ ɔ m pʰ j ʊˑ tʰ ə r
кофе	kʰ ɔˑ f eˑ
күнз	kʰ u n t͡s
л	ɮ
лал	ɮ a ɮ
лам	ɮ ä m
латви	ɮ äˑ tʰ ə w̜
либерал	ɮ i p r aˑ ɮ
лийр	ɮ iː r
лифт	ɮ i f tʰ
лондон	ɮ ɔ n t ɔ ŋ
луу	ɮ ʊː
лууван	ɮ ʊː w̜ ə ŋ
лхагва	ɬ a w ə ɡ
лхас	ɬ a s
м	m
маажих	m aː t͡ɕ ə x
маань	m æː n
магтаал	m a x t a ɮ
магтаал	m a ɡ tʰ a ɮ
магтах	m a x t ă
мал	m a ɮ
малайз	m a ɮ a i t͡s
малгай	m a ɮ ɢ a i
маллах	m a ɮ ɮ ə x
малчин	m a ɮ t͡ɕʰ ə ŋ
манай	m a n æː
манан	m a n ə ŋ
мандуулъя	m a n t ʊː ɮ iː
манж	m a n t͡ɕ
манж	m a n t͡ʃ
мануул	m a n ʊ ɮ
маргад	m a r ɡ a t
маргах	m a r ɢ a x
марк	m ä r k
массаж	m a s a t͡ʃ
мастурбаци	m ə s t ʊ r b a t͡s ɨ
мах	m a x
махийх	m a xʲ i x
махчин	m a x t͡ɕʰ ə ŋ
маш	m a ʃ
машин	m a ʃ i ŋ
мексик	m e kʰ s i kʰ
металл	m e tʰ a ɮ
метр	m e tʰ r
миний	m i n iː
минут	m i n ʊˑ tʰ
минь	m i n
мисир	m i s i r
могой	m ɔ ɢ ɔ i
мод	m ɔ t
модны	m ɔ t n iː
модоч	m ɔ t ə t͡ɕʰ
мойл	m ɔ i ɮ
молтогчин	m ɔ ɮ tʰ ə ɣ t͡ɕ ə n
монгол	m ɔ ɴ ɢ ʊ ɮ
монголоор	m ɔ ɴ ɢ ʊ ɮ ɔː r
монголч	m ɔ ɴ ɢ ʊ ɮ t͡ʃʰ
морилох	m ɔ rʲ ɮ ə x
морь	m œ r
морьхон	m œ r χ ʊ ŋ̠
москва	m ɔ s kʰ w̜ a
мотоцикл	m ɔ tʰ ɔ t͡s i kʰ ɮ
мохоо	m ɔ x ɔ
мохох	m ɔ x ə x
муж	m ʊ t͡ɕ
музей	m ʊ t͜s eː
мусульман	m ʊ s ʊ ɮʲ m a ŋ
муу	m ʊː
мушгирах	m ʊ ʃ ɡʲ ə r ə x
мэдэрхэх	m i t ə r x ə x
мэдэх	m i t ə x
мэдээ	m e t eː
мэдээлэл	m i t e ɮ ə ɮ
мэлхий	m i ɮ x i
мэндлэх	m i n t ɮ i x
мэндчилгээ	m i n t t͡ʃʰ i ɮ ɡ eː
мэргэжил	m i r ə ɡ t͡ɕ ə ɮ
мэргэжилтэн	m i r ə ɡ t͡ɕ ə ɮ tʰ ə ŋ
мэргэн	m e r ɡ e ŋ
мэс	m i s
мэт	m i tʰ
мэхээр	m i x e r
мээм	m eː m
мягмар	m i ɡ m ə̠ r
мянга	mʲ ä ɴ q
мөн	m o ŋ
мөнгө	m o ŋ ɡ
мөндөр	m ɵ n t ɵ r
мөндөрлөх	m ɵ n t ɵ r ɮ ə x
мөнх	m o ŋ x
мөр	m o r
мөрдөгч	m ɵ r t ɵ ɡ t͡ʃʰ
мөрдөх	m ɵ r t ɵ x
мөрөвч	m o r ə w t͡ɕʰ
мөрөн	m ɵ r u ŋ
мөрөөдөл	m o r o t ə ɮ
мөс	m o s
мөс	m ɘ s
мөчир	m o t͡ɕʰ ə r
н	n
н	ŋ
наадам	n aː t ə̠ m
надад	n a t ə t
най	n a i
найдах	n æː t ə̠ χ
найз	n a i t͡s
наймалж	n a i m a ɮ t͡ʃ
найтаах	n a i tʰ a x
нам	n a m
намар	n a m a r
намтар	n a m tʰ ə r
нар	n ɐ ɾ
нарийн	n a rʲ i ŋ
начин	n ɑ t͡ɕ i n
непал	n e pʰ a ɮ
нидерланд	n i t e r ɮ a n t
нийгэм	n iː ɡ i m
нийтгэх	n iː tʰ ɡ e x
нийх	n iː x
нил	n i ɮ
нисгэгч	n i s ɡ e ɡ t͡ʃʰ
нисгэх	n i s ɡ e x
ногоон	n ɔ ɢ ɔː ŋ
ном	n ɔ m
номхон	n ɔ m x ɔ ŋ
норвег	n ɔ r w eˑ ɡ
норвеги	n ɔ r w eˑ ɡ
нохой	n ɔ x ɔ i
ноён	n ɔ j ə ŋ
нугалам	n ʊ ɢ ɮ ə m
нурам	n ʊ r ə m
нус	n ʊ s
нутаг	n ʊ tʰ ə̠ ɡ̠
нуур	n ʊː r
нууц	n ʊː t͡s
нь	n
нь	ə n
нэг	n e ɡ
нэмэр	n i m ə r
нэмэх	n i m ə x
нэр	n e r
нэхмэл	n i x m ə ɮ
нээлттэй	n eː ɮ tʰ tʰ e
нээх	n eː x
нялх	nʲ a ɮ x
ням	nʲ a m
нүдүүр	n u t u r
нүүдэлчин	n uː t i ɮ t͡ʃʰ i ŋ
нөгөө	n ɵ ɡ oː
нөлөө	n o ɮ o
нөхцөл	n o x t͡sʰ ə ɮ
нөхөр	n ɵ x u r
нөөц	n oː t͡sʰ
нөөцлөх	n oː t͡sʰ ɮ ə x
о	ɔ
овог	ɔ w ʊ k̠
овьёос	ɔ w j ɔ s
огих	ɔ ɡʲ ə x
оготор	ɔ ɢ tʰ ə r
огурцы	o ɡ ə r t͡sʰ i
од	ɔ t
одоо	ɔ t ɔ
озох	ɔ t͡s ɔ x
ойлгох	ɔ i ɮ ɢ ə x
оймс	o i m s
ойрад	œː r t
олон	ɔ ɮ ə ŋ
омог	ɔ m ə ɡ
онгоц	ɔ ŋ ɢ ə t͡sʰ
онигоо	ɔ nʲ ɢ ɔ
оноо	ɔ n ɔ
онь	ɔ nʲ
оньс	ɔ nʲ s
оочир	ɔː t͡ɕʰ ə r
опер	ɔ pʰ e r
ор	ɔ r
орой	ɔ r ɔ i
оройвч	ɔ r ɔ i w t͡ɕʰ
ором	ɔ r ə m
орон	ɔ r ə ŋ
орос	ɔ r ʊ s
орох	ɔ r ʊ χ
орчим	ɔ r t͡ɕʰ ə m
орчуулах	ɔ r t͡ʃʰ ʊː ɮ a x
орчуулга	ɔ r t͡ʃʰ ʊː ɮ ɡ
оффис	ɔ f f i s
охин	œ χ ə ŋ
очих	ɔ t͡ɕʰ ə x
оюутан	ɔ j ʊ tʰ ə ŋ
оёдол	ɔ j t ə ɮ
оёх	ɔ j ʊ χ
п	pʰ
пальто	pʰ a ɮʲ tʰ ɔ
парламент	pʰ a r ɮ a m e n tʰ
паспорт	pʰ a s pʰ ə r tʰ
перс	pʰ e r s
пиво	pʰ iˑ w̜
пигүүж	pʰ i ɡ u t͡ɕ
пиджак	pʰ i t t͡ʃ a kʰ
пийшин	pʰ iː ʃ ə ŋ
подвоолк	pʰ ɔ t w̜ ɔː ɮ kʰ
польш	pʰ œˑ ɮ ʃ
польш	pʰ ɔˑ ɮ ʃ
португал	pʰ ɔ r tʰ ʊ ɡ a ɮ
програм	pʰ r ɔ ɡ r a m
пулемёт	pʰ u ɮ mʲ ɔˑ tʰ
пуужин	pʰ ʊː t͡ɕ ə ŋ
пүрэв	pʰ u r u w
р	r
радио	r aˑ tʲ ɔˑ
размер	r a t͡s m e r
резин	i r t͡s eː ŋ
резин	r e t͡s i ŋ
ресторан	e r s tʰ r aˑ ŋ
ресторан	r e s tʰ r aˑ ŋ
рубль	r ʊ p ɮʲ
с	s
саатал	s aː tʰ ə ɮ
саваа	s a w a
саван	s a w̜ a ŋ
савар	s a w ə r
сайд	s æː t
сайн	s æː ɴ̟
сайншанд	s a i ŋ ʃ a n t
сайхан	s a i x a ŋ
салах	s a ɮ ə x
салхи	s æ ɮ x
сам	s a m
самбар	s a m p ə r
сампин	s a m pʰ i ŋ
сан	s a ŋ
санах	s a n ə x
сансар	s a n s ə r
сар	s a r
сар	s ɐ ɾ
сарлаг	s a r ɮ ə ɡ
сармис	s a r mʲ ə s
сартуул	s a r tʰ ʊː ɮ
сая	s a j
симфони	s i m f ɔˑ n
сири	s iˑ r
сойз	s ɔ i t͡s
солгой	s ɔ ɮ ɢ ɔ i
солих	s ɔ ɮʲ ə x
солонго	s ɔ ɮ ʊ ɴ ɢ
солонго	s ʊ l ɘ ŋ
солонгос	s ɔ ɮ ɔ ŋ ɡ ə s
сонгох	s ɔ ŋ ɢ ə x
сонгууль	s ɔ ŋ ɢ ʊ ɮʲ
сонин	s œ n ə ŋ
сонирхол	s ɔ nʲ ə r x ə ɮ
сонсох	s ɔ n s ə x
сорих	s ɔ rʲ ə x
соруул	s ɔ r ʊ ɮ
соруулах	s ɔ r ʊ ɮ ə x
социализм	s ɔ t͡s i a ɮ i t͡s m
соёл	s ɔ j ʊ ɮ
соёо	s ɔ j ɔː
судар	s ʊ t ə r
сул	s o ɬ
сум	s ʊ m
сурагч	s ʊ r a ɡ t͡ʃʰ
суралцах	s ʊ r a ɮ t͡s a x
сурах	s ʊ r ə x
сурвалж	s ʊ r w ə ɮ t͡ɕ
сургах	s ʊ r ɡ a x
сургууль	s ʊ r ɢ ʊ̈ː ɮ
суурь	s ʊː rʲ
суух	s ʊː x
сэжиг	s i t͡ɕ ə ɡ
сэлэх	s e ɮ ə x
сэрэх	s e r ə x
сэрээх	s e r eː x
сэтгэл	s i tʰ ɡ ə ɮ
сэтгүүл	s e tʰ ɡ u ɮ
сүмс	s u m s
сүнс	s u n s
сүрчиг	s u r t͡ʃʰ i k
сүрэг	s u r ə ɡ
сүх	s u x
сүү	s uː
сүүдэр	s uː t ə r
сөүл	s ɵ u ɮ
т	tʰ
та	tʰ a
таах	tʰ aː x
тав	tʰ ä w̜
тавин	tʰ ɛ w̜ ə ŋ
тавих	tʰ a wʲ ə x
тавхай	tʰ a w x a i
тавь	tʰ ɛ w̜
тайван	tʰ æː w ə̠ ŋ̠
тайланд	tʰ a i ɮ a n t
такси	tʰ a kʰ s i
талбай	tʰ a ɮ p a i
талх	tʰ a ɮ x
тамах	tʰ a m ə x
тамга	tʰ a m ə ɢ
танц	tʰ a n t͡sʰ
тарвага	tʰ a r w ə ɢ
тархах	tʰ a r x ə x
тархи	tʰ a rʲ xʲ
татаар	tʰ ä tʰ äː r
татах	tʰ a tʰ ə x
татвар	tʰ a tʰ w̜ ə r
тахиа	tʰ æ x i͜a
таяг	tʰ a j ə ɡ
тб	tʰ ɪ r p ʊ m
театр	tʰ i͜a tʰ ə r
телевиз	tʰ e ɮ e w̜ i t͡s
телевизор	tʰ e ɮ e w̜ i t͡s ɔ r
телефон	tʰ e ɮ e f ɔ ŋ
тив	tʰ i w̜
товч	tʰ ɔ w t͡ɕʰ
тоглоом	tʰ ɔ ɡ ɮ ɔː m
тогооч	tʰ ɔ ɢ ɔː t͡ʃʰ
тогос	tʰ ɔ ɢ ə s
тогтоол	tʰ ɔ ɡ tʰ ɔ ɮ
тогтоомж	tʰ ɔ ɡ tʰ ɔ m t͡ɕ
тогтоох	tʰ ɔ ɡ tʰ ɔ x
тойруу	tʰ ɔ i r ʊ
толгой	tʰ ɔ ɮ ɢ ɔ i
толь	tʰ œ ɮ
том	tʰ ɔ m
томох	tʰ ɔ m ə x
томсох	tʰ ɔ m s ə x
тоншуул	tʰ ɔ ŋ ʃ ʊ ɮ
тоор	tʰ ɔː r
тоормос	tʰ ɔː r m ə s
тоосго	tʰ ɔː s ə q
тор	tʰ ɔ r
торго	tʰ ɔ r ə ɢ
тос	tʰ ɔ s
тоть	tʰ œ tʰ
трактор	tʰ r a kʰ tʰ ə r
трамвай	tʰ r a m w̜ a i
тува	tʰ ʊ w̜ aˑ
тува	tʰ ʊ w̜ äˑ
туг	tʰ ʊ k
тулуй	tʰ ʊ ɮ ʊ i
тунадас	tʰ ʊ n t ə s
турк	tʰ ʊˑ r kʰ
туршлага	tʰ ʊ r ʃ ɮ ə ɢ
тусламж	tʰ ʊ s ɮ ə m t͡ɕ
туулай	tʰ ʊː ɮ a i
тухай	tʰ ʊ x a i
тухайд	tʰ ʊ x a i t
тухайн	tʰ ʊ χ æː ɴ̟
тэвнэ	tʰ i w ə n
тэвчих	tʰ i w̜ t͡ʃʰ i x
тэвчээр	tʰ i w̜ t͡ʃʰ eː r
тэвэр	tʰ i w ə r
тэг	tʰ i ɡ
тэд	tʰ e tʰ
тэмцэгч	tʰ e m t͡sʰ e ɡ t͡ʃʰ
тэмцэх	tʰ i m t͡s i x
тэмцээн	tʰ i m t͡s eː ŋ
тэмээ	tʰ i m e
тэнгэр	tʰ e ŋ ɡ e r
тэнгэр	tʰ ɘ ŋ ɘ ɾ
тэнгэс	tʰ i ŋ ɡ ə s
тэр	tʰ e r
тэрс	tʰ i r s
тэрэг	tʰ i r ə ɡ
тэс	tʰ i s
түймэр	tʰ u i m ə r
түлхэх	t u ɮ x ə x
түлэгдэлт	tʰ u ɮ ə ɡ t ə ɮ tʰ
түмэд	tʰ u m ə̟ t
түүнийх	tʰ uː n iː x
түүх	tʰ uː x
төвд	tʰ ɵ w̜ t
төвөд	tʰ u p ɘ t
төвөд	tʰ ɵ w u t
төгрөг	tʰ ɵ ɡ r ə ɡ
төр	tʰ ɵ r
төрсөн	tʰ ɵ r s u ŋ
төстэй	tʰ o s tʰ e
төсөвлөх	tʰ o s ə w ɮ ə x
у	ʊ
уг	ʊ ɡ
удаа	ʊ t a
удган	ʊ t ɢ ə ŋ
удирдамж	ʊ t i r t a m t͡ʃ
удирдах	ʊ tʲ ə r t ə x
удирдлага	ʊ tʲ ə r t ɮ ə ɢ
украин	ʊ kʰ r a i ŋ
улаан	ʊ ɮ aː ŋ
улаангом	ʊ ɮ aː ŋ ɡ ɔ m
улаанцав	ʊ ɮ a n t͡sʰ ə w
уламжлалт	ʊ ɮ ə m t͡ɕ ɮ ə ɮ tʰ
улиас	ʊ ɮʲ a s
улиастай	ʊ ɮ i a s tʰ a i
улс	ʊ ɮ s
унах	ʊ n ə x
унгах	ʊ ŋ ɡ a x
унтах	ʊ n tʰ a x
унтраах	ʊ n tʰ r aː x
унтрах	ʊ n tʰ r a x
унших	ʊ n ʃ ə x
урвах	ʊ r w ə x
урлаг	ʊ r ɮ a ɡ
уруул	ʊ r ʊ ɮ
ус	ʊ s
ус	ʊ s ʊ
утаа	ʊ tʰ a
утас	ʊ tʰ ə s
утга	ʊ tʰ ə ɢ
уу	ʊː
уул	ʊː ɮ
уулс	ʊː ɮ s
уур	ʊː r
уурга	ʊː r ə ɢ
уурхай	ʊː r x a i
уух	ʊː χ
уучлаарай	ʊː t͡ʃʰ ɮ aː r a i
уушги	ʊː ʃ ə ɡʲ
ф	f
ф	pʰ
файл	f a i ɮ
факс	f a kʰ s
факсдах	f a kʰ s t a x
ферм	f e r m
фильм	f i ɮʲ m
финланд	f i n ɮ a n t
финлянд	f i n ɮ j a n t
фото	f ɔ tʰ ɔˑ
фото	pʰ ɔ tʰ ɔˑ
франц	f r äˑ n t͜sʰ
фронт	f r ɔˑ n tʰ
фронт	pʰ r ɔˑ n tʰ
футболк	f ʊ tʰ p ɔ ɮ kʰ
х	x
хаалга	x aː ɮ ə ɢ
хаан	x aː ŋ
хаана	x aː n
хаах	x aː x
хавар	x a w̜ ə r
хавирга	x a wʲ r ə ɢ
хавч	x a w t͡ɕʰ
хавчих	x a w t͡ɕʰ ə x
хаг	x a ɡ
хага	x a ɢ
хагарах	x a ɢ r ə x
хад	x a t
хадаас	x a t aː s
хадаг	x a t ə ɡ
хадуур	x a t ʊ r
хазаар	x a t͡s a r
хазах	x a t͡s ə x
хайлмаг	x a i ɮ m ə ɡ
хайнаг	x a i n ə ɡ
хайр	χ æː r
хайрлах	x a i r ɮ ə x
хайх	x a i x
хайч	χ æː t͡ʃʰ
хайчлах	χ æː t͡ʃʰ ɮ ə χ
халаад	x a ɮ a t
халдах	x a ɮ t a x
халдвар	x a ɮ t w̜ a r
халдваргүй	χ a ɮ t w ə̠ r ɡ ʉ͜i
халдварт	χ a ɮ t w ə̠ r tʰ
халуун	x a ɮ ʊː ŋ
халх	x a ɮ x
хамгаалах	x a m ɡ aː ɮ a x
хамт	x a m tʰ
хан	χ ä ŋ
хана	χ ä n
ханз	x a n t͡s
хараацай	x a r aː t͡sʰ a ɪ
харайх	x a r a i x
харандаа	x a r ə n t a
харваа	x a r w a
харваач	x a r w a t͡ɕʰ
харгана	x a r ɢ ə n
харин	x a rʲ ə ŋ
хариу	x a rʲ ʊ
харьяа	x a rʲ j aː
харьяалах	x a rʲ j aː ɮ a x
хас	χ a s
хасаг	x ɐ s ɐ k
хасаг	χ a s ə k̠
хатмал	x a tʰ m ə ɮ
хахууль	x a x ʊ ɮʲ
хаялах	x a j ɮ ə x
хаях	x a j ə x
хдхв	x eː t eː x eː w eː
хиам	xʲ aː m
хижээл	x i t͡ɕ e ɮ
хий	x iː
хиймэл	x iː m ə ɮ
хийх	x iː x
хил	x i ɮ
хирс	x i r s
хог	x ɔ ɡ
хойг	x ɔ i ɡ
хойд	χ œː tʰ
хойно	x ɔ i n
хол	χ ɔ ɬ
холбоо	χ ɔ ɮ p ɔː
холтос	x ɔ ɮ tʰ ə s
хонох	x ɔ n ɔ x
хонь	x ɔ nʲ
хоньчин	x ɔ nʲ t͡ʃʰ i ŋ
хоол	x ɔː ɮ
хорвоо	x ɔ r w ɔ
хордох	x ɔ r t ə x
хорсох	x ɔ r s ə x
хорхой	x ɔ r x ɔ i
хос	x ɔ s
хот	x ɔ tʰ
хотон	χ ɔ tʰ o ŋ
хотын	x ɔ tʰ i ŋ
хошного	x ɔ ʃ n ə ɢ
хоёр	χ ɔ j ʊ r
хуанли	x ʊ a ŋ ɮ i
хуваарь	x ʊ w̜ aː rʲ
хуванцар	x ʊ w̜ ə n t͡s ə r
хувилбар	x ʊ wʲ ə ɮ p ə r
хувсьгал	x u v ə s x ɑ ɮ
хувцас	x ʊ w t͡sʰ ə s
хувь	x ʊ wʲ
хувьсгал	x ʊ̈ w̜ s ɡ ə ɮ
хугацаа	x ʊ ɢ t͡sʰ a
худал	x ʊ t ə ɮ
худалдах	x ʊ t ə ɮ t ə x
худалч	x ʊ t ə ɮ t͡ɕʰ
хударга	x ʊ t r ə ɢ
хужаа	x ʊ t͡ʃ aː
хуй	x ʊ i
хулгана	x ʊ ɮ ɢ ə n
хулуу	x ʊ ɮ ʊː
хулхи	x ʊ ɮ xʲ
хумс	x ʊ m s
хун	x ʊ n
хураамж	x ʊ r aː m t͡ʃ
хурал	x ʊ r ə ɮ
хурга	x ʊ r ə ɢ
хурим	x ʊ rʲ ə m
хуруу	x ʊ r ʊ
хуруувч	x ʊ r ʊ w t͡ɕʰ
хурхирах	x ʊ rʲ xʲ ə r ə x
хусах	x ʊ s ə x
хутга	x ʊ tʰ ə ɢ
хуудас	x ʊː t a s
хууль	x ʊː ɮʲ
хуульч	x ʊː ɬʲ t͡ʃʰ
хуульчлах	x ʊː ɬʲ t͡ʃʰ ɬ a x
хуурах	x ʊː r ə x
хуурга	x ʊː r ə ɢ
хуушуур	x ʊː ʃ ʊ r
хэбид	x i p i t
хэвэл	x e v e ɮ
хэдэрлэх	x e t ə r ɮ ə x
хэзээ	x i t͡s eː
хэл	x e ɮ
хэл	x ə l
хэлэлцэх	x i ɮ ə ɮ t͡sʰ ə x
хэлэх	x i ɮ ə x
хэм	x i m
хэмжээ	x i m t͡ɕ e
хэн	x i ŋ
хэрэг	k e r e ɡ
хэрэг	x i r ə ɡ
хэрэглэгдэх	x i r ə ɡ ɮ ə ɡ t ə
хэрэглэгдэхүүн	x i r i ɡ ɮ i ɡ t i x uː ŋ
хэрэглэл	x i r ə ɡ ɮ ə ɮ
хэрэглэх	k e r e ɡ l e x ʉ
хэрэглэх	x i r ə ɡ ɮ ə x
хэрэглээ	x i r ə ɡ ɮ e
хэрэглүүр	x i r ə ɡ ɮ u r
хэрэгтэй	x i r ə ɡ tʰ e
хэрүүл	x i r u ɮ
хэтэвч	x e tʰ ə w t͡ɕʰ
хэхрэх	x i x r i x
хээр	x ɛ e r
хязгаар	xʲ a t͜s ɢ aː r
хялгас	xʲ a ɮ ʁ a s
хянган	x j a ŋ ɡ a ŋ
хяргах	xʲ a r ɢ ə x
хярс	xʲ a r s
хятад	x j a tʰ a t
хятад	χʲ a tʰ ə t
хүзүү	x u t͡s u
хүлэх	x u ɮ ə x
хүмүүн	x u m uː ŋ
хүнд	x u n t
хүнс	x u n s
хүнтэй	x u n tʰ eː
хүнцэл	x u n t͡s i ɮ
хүрз	x u r t s
хүрхрээ	x u r x r e
хүрэл	x u r ə ɮ
хүрэлзгэнэ	x u r ə ɮ t͡s ɡ ə n
хүрэх	x u r ə x
хүсэх	x u s ə x
хүч	x u t͡ɕʰ
хүү	x uː
хүүгэд	x uː x ə t
хүүхэд	x uː x ə t
хүүхэлдэй	x uː x ə ɮ t e
хөвгүүн	x ɵ w̜ ɡ uː ŋ
хөвүүн	x ɵ w̜ ɡ uː ŋ
хөгжим	x ɵ ɡ t͡ʃ i m
хөгжимчин	x o ɡ t͡ɕ ə m t͡ɕʰ ə ŋ
хөдлөх	x o t ɮ ə x
хөдөлмөр	x ɵ t ɵ ɮ m ɵ r
хөлдөх	x ɵ ɮ t ɵ x
хөлдөөгч	x o ɮ t o ɡ t͡ɕʰ
хөлдөөх	x ɵ ɮ t oː x
хөмрүүлэх	x o m r u ɮ ə x
хөмрөх	x o m r ə x
хөмүүн	x o m u ŋ
хөндий	x o n t i
хөнжил	x ɵ n t͡ɕ ə ɮ
хөнөг	x o n ə ɡ
хөргүүр	x ɵ r ɡ uː r
хөргөгч	x ɵ r ɡ ɵ ɡ t͡ʃʰ
хөрс	x o r s
хөрш	x o r ʃ
хөрөө	x o r o
хөх	x ɵ x
хөхүүр	x o x u r
хөхөх	x ɵ x ə x
хөших	x ɵ ʃ i x
хөөмий	x ɵː m iː
хөөрөг	x oː r ə ɡ
ц	t͡sʰ
цаасан	t͡sʰ aː s ə ŋ
цавуу	t͡sʰ a w ʊ
цаг	t͜sʰ ä k̠
цагаан	t͡s a ɢ aː ŋ
цаглабар	t͡s a ɡ ɮ a p a r
цадиг	t͡sʰ a tʲ ə ɡ
цай	t͜sʰ æː
цайллага	t͡sʰ a i ɮ ɮ ə ɢ
цайны	t͜sʰ æː n iː
цайных	t͜sʰ æː n iː x
цайр	t͡sʰ a i r
цамц	t͡s a m t͡s
цангаа	t͡sʰ a ŋ ɢ a
цангах	t͡sʰ a ŋ ɢ ə x
царс	t͡sʰ a r s
цас	t͡sʰ a s
цас	t͡ʃʰ ɐ s
цирк	t͡s i r kʰ
цогц	t͡sʰ ɔ ɡ t͡sʰ
цогцос	t͡sʰ ɔ ɡ t͡sʰ ə s
цонх	t͡s ɔ ŋ x
цохих	t͡sʰ ɔ xʲ ə x
цуйван	t͡sʰ ʊ i w ə ŋ
цус	t͡sʰ ʊ s
цэвэрлэх	t͡sʰ e w ə r ɮ ə x
цэг	t͡s i ɡ
цэрэг	t͡sʰ e r ə ɡ
цэцэг	t͡ʃʰ i t͡ʃʰ ɘ k
цүүц	t͡sʰ uː t͡sʰ
цөл	t͡sʰ ø ɮ
цөлхөөв	t͡s ɵ ɮ x oː w̜
цөцгий	t͡sʰ o t͡sʰ ɡ i
цөөн	t͡sʰ oː ŋ
ч	t͡ʃʰ
чавхдас	t͡ɕʰ a w x t ə s
чагнаал	t͡ɕʰ a ɡ n a ɮ
чанар	t͡ɕʰ a n ə r
чанарлаг	t͡ɕʰ a n ə r ɮ ə ɡ
чек	t͡ʃʰ e kʰ
чемодан	t͡ʃʰ e m t a ŋ
чи	t͡ʃʰ i
чийг	t͡ɕʰ iː ɡ
чийдэн	t͡ɕʰ iː t ə ŋ
чингис	t͡ɕʰ i ŋ ɡ ə s
чинжүү	t͡ʃʰ i n t͡ʃ uː
чих	t͡ɕʰ i x
чухаг	t͡ɕʰ ʊ x ə ɡ
чухал	t͡ɕʰ ʊ x ə ɮ
чөмөг	t͡ɕʰ o m ə ɡ
ш	ʃ
шаазгай	ʃ aː t͡s ɢ a i
шаардах	ʃ aː r t ə x
шаардлага	ʃ aː r t ɮ ə ɢ
шавар	ʃ a w ə r
шал	ʃ a ɮ
шалбархай	ʃ a ɮ p a r x a i
шалгалт	ʃ a ɮ ɢ ə ɮ tʰ
шалгах	ʃ a ɮ ɢ ə x
шалгуур	ʃ a ɮ ɢ ʊ r
шалтаг	ʃ a ɮ tʰ ə ɡ
шалтгаа	ʃ a ɮ tʰ ɡ a
шалтгаа	ʃ a ɮ tʰ ɢ a
шалтгаан	ʃ a ɮ tʰ ɢ a ŋ
шанаа	ʃ a n a
шанд	ʃ a n t
шанз	ʃ a n t͡s
шар	ʃ a r
шатаах	ʃ a tʰ a x
шатар	ʃ a tʰ ə r
шафа	ʃ a f a
шахах	ʃ a x ə x
швед	ʃ w̜ e t
швейцари	ʃ e̞ f t͜sʰ äˑ r
шивнэх	ʃ i w n ə x
шивээс	ʃ i w e s
шийдвэр	ʃ iː t w ə r
шийжүү	ʃ iː t͡ɕ u
шил	ʃ i ɮ
шилбэ	ʃ i ɮ p
шилүүс	ʃ i ɮ u s
шингэн	ʃ i ŋ ɡ ə ŋ
шиньжян	ʃ i nʲ t͡ʃ j a ŋ
шинэ	ʃ i n
шинэлэг	ʃ i n ɮ ə ɡ
ширхэг	ʃ i r x e ɡ
ширээ	ʃ i r e
шодой	ʃ ɔ t ɔ i
шоколад	ʃ ɔ kʰ ɮ a t
шонхор	ʃ ɔ ŋ x ɔ r
шоо	ʃ ɔː
шоргоолж	ʃ ɔ r ɡ ɔː ɮ t͡ʃ
шорлог	ʃ ɔ r ɮ ə ɡ
шороо	ʃ ɔ r ɔː
шпагетти	ʃ pʰ a ɡ e tʰ tʰ
шувуу	ʃ ʊ w ʊ
шугам	ʃ ʊ ɢ ə m
шулуун	ʃ ʊ ɮ ʊ ŋ
шуугиан	ʃ ʊː ɡʲ a ŋ
шуудан	ʃ ʊː t a ŋ
шээх	ʃ eː x
шүд	ʃ u d
шүлс	ʃ u ɮ s
шүлэг	ʃ u ɮ e ɡ
шүүдэр	ʃ uː t ə r
шүүр	ʃ uː r
шүүрдэх	ʃ uː r t i x
шүүс	ʃ uː s
шүүслэг	ʃ uː s ɮ ə ɡ
шүүслэх	ʃ uː s ɮ ə x
шөнө	ʃ ɵ n
щ	ʃ
ы	i
ь	ʲ
э	e
э	i
эв	i w
эвэр	e w ə r
эд	e tʰ
эзэн	i t͡s ə ŋ
экзистэнциализм	ɛ q z i s t ɛ n t s j ɑ l i z m
элэг	i ɮ ə ɡ
эм	i m
эмнэлэг	i m n ə ɮ ə ɡ
эмч	i m t͡ʃʰ
эмчилгээ	e m t͡ɕʰ ə ɮ ɡ e
эмэгтэй	e m ə ɡ tʰ e
эмээ	e m e
эмээл	i m e ɮ
энд	e n t
энх	e ŋ x
энэ	e n
энэтхэг	i n i tʰ x i ɡ
эр	i r
эргэх	i r ɡ i x
эрдэнэ	e r t ə n
эрдэнэт	i r t i n i tʰ
эрзээн	i r t͡s eː ŋ
эрх	i r x
эрхийвч	i r x i w t͡ɕʰ
эрхтэн	i r x tʰ i ŋ
эрхүү	e r x uː
эрхүүд	e r x uː t
эрч	i r t͡ɕʰ
эрүү	e r u
эсгий	i s ɡ i
эх	i x
эхлэх	e x ɮ ə x
эхнэр	i x n i r
ээмэг	eː m i k
ю	j u
ю	j ʊ
юм	j ʊ m
юмдүүжин	j ʊ m t uː t͡ʃ i ŋ
юмсан	j ʊ m s a ŋ
юу	j ʊː
я	j a
яагаад	j aː ɢ a t
яам	j aː m
явдал	j a w t ə ɮ
явц	j a w t͡sʰ
явцуу	j a w t͡sʰ ʊ
ялгал	j a ɮ ɢ a ɮ
ялгах	j a ɮ ɢ a x
ямаа	j a m a
ямар	j a m ə r
яндан	j a n t a ŋ
янжуур	j a ŋ t͡ɕ ʊ r
янз	j a n t͡s
янхан	j a ŋ x a ŋ
япон	j ä pʰ ɔˑ ŋ
яс	j a s
ястан	j ä s tʰ ə ŋ
ятга	j a tʰ ə ɢ
ятуу	j a tʰ ʊ
ё	j ɔ
ёл	j ɔ ɮ
ёотон	j ɔː tʰ ʊ ɴ̟
ёс	j ɔ s
ёслол	j ɔ s ɮ ʊ ɮ
ёсны	j ɔ s n iː
ёстой	j ɔ s tʰ œː
ү	u
үг	u ɡ
үгийн	u ɡ i ŋ
үгүй	u ɡ u i̯
үдэш	u t i ʃ
үе	u j
үзэм	u t͡s ə̆ m
үзэх	u t͡s ə x
үзүүр	u t͡s u r
үйл	u i ɮ
үйлдвэр	u i ɮ t w ə r
үйлдвэржих	u i ɮ t w ə r t͡ɕ ə x
үйлдвэрлэл	u i ɮ t w ə r ɮ ə ɮ
үйлдвэрлэх	u i ɮ t w ə r ɮ ə x
үйлдвэрчин	u i ɮ t w ə r t͡ɕʰ ə ŋ
үйлдэл	u i ɮ t ə ɮ
үйлдэржилт	u i ɮ t w e r t͡ɕ ə ɮ tʰ
үйлдэх	u i ɮ t ə x
үйлчилгээ	u ɮ t͡ʃʰ i ɮ ɡ eː
үйлчлэл	u i ɮ t͡ʃʰ ɮ i ɮ
үйлчлэх	u i ɮ t͡ɕʰ ɮ ə x
үйлчлүүлэгч	u i ɮ t͡ʃʰ ɮ uː ɮ i ɡ t͡ʃʰ
үйлчлүүлэх	u i ɮ t͡ʃʰ ɮ uː ɮ i x
үлээх	u ɮ e x
үндэс	u n t ə s
үндэсний	u n t i s n iː
үндэстэн	u n t ə s t ə ŋ
үнс	u n s
үнсэх	u n s i x
үнэ	u n
үнэг	u n ə ɡ
үнэн	u n ə ŋ
үнээ	u n e
үр	u r
үсрэх	u s r i x
үсэг	u s ə ɡ
үтрэм	u tʰ r ə m
үтрээ	u tʰ r e
үхэр	u x ə r
үүл	uː l
үүргэвч	uː r ɡ i w̜ t͡ʃʰ
ө	o
ө	œ
ө	ɵ
өвдөг	o w t ə ɡ
өвс	o w s
өвөл	ɵ w̜ ɵ ɮ
өвөр	o w o r
өглөө	ɵ ɡ ɮ oː
өгөх	o ɡ ə x
өд	o t
өдөр	ɵ t ə r
өлгий	ɵ ɮ ɡ iː
өлмий	o ɮ m i
өлсгөлөн	o ɮ s ɡ ə ɮ ə ŋ
өлсөх	o ɮ s ə x
өмд	ɵ m t
өмнө	ɵ m n
өмсөх	o m s ə x
өнгө	ɵ ŋ k
өндөрхаан	ɵ n t ɵ r x aː ŋ
өнчин	o n t͡ɕʰ ə ŋ
өр	ɵ r
өргөн	ø r k ø ŋ
өрсөлдөгч	ɵ r s ɵ ɮ t ɵ ɡ t͡ʃʰ
өрсөлдөх	ɵ r s u ɮ t u x
өрсөлдөөн	ɵ r s ɵ ɮ t oː ŋ
өрсөх	ɵ r s u x
өрөм	o r ə m
өтгөн	o tʰ ɡ ə ŋ
өчүүхэн	o t͡ɕʰ u x ə ŋ
өөлд	oː ɮ tʰ
өөр	oː r
өөрийн	ɵː r iː ŋ
өөрийнхөө	ɵː r iː ŋ x ɵː
өөрчлөлт	oː r t͡ɕʰ ɮ ə ɮ tʰ
өөрчлөх	oː r t͡ɕʰ ɮ ə x
өөх	oː x
өөхлөг	oː x ɮ ə ɡ
өөш	oː ʃ
