اب	a b a
اب	a b ə
اباکوس	a b a k o s
اباکوس	a b a k ʊ s
ابراهیم	i b r a h e m
ابراهیم	i b r a h ɪ m
ابه	a b a h
ابو	a b u
ابيض	a b i a t
اتارا	u t a r a
اتارا	u t a r ə
اتور	a t o r
اتور	a t ʊ r
اتڤ	a t a p
اثنين	i s n e n
اثنين	i s n ɪ n
اجق	a d͡ʒ a ʔ
احد	a h a t
اد	a d a
اد	a d ə
ادوه	a d o h
ادوه	a d ʊ h
ادوي	a d o i̯
ادوي	a d ʊ i̯
ادي	a d i
اديندا	a d i n d a
اديندا	a d i n d ə
اديڠ	a d e ŋ
اديڠ	a d ɪ ŋ
اربع	a r b a ʔ a
اربع	a r b a ʔ ə
ارض	a r d i
ارنب	a r n a p
ارو	ə r u
اروس	a r o s
اروس	a r ʊ s
اري	a r i
ارݢون	a r ɡ ɔ n
اسا	a s a
اسا	a s ə
اسا	ə s a
اسا	ə s ə
استا	a s t ə
اسم	i s e m
اسم	i s ɪ m
اسڤ	a s a p
اله	i l a h
الو	a l u
الور	a l o r
الور	a l ʊ r
الومينيوم	a l u m i n i o m
الير	a l e r
الير	a l ɪ r
اليه	a l e h
اليه	a l ɪ h
امبون	ə m b o n
امبون	ə m b ʊ n
امبڠ	a m b a ŋ
امق	ə m a ʔ
امڤت	a m p a t
امڤت	ə m p a t
انا	a n a
انا	a n ə
انم	a n a m
انم	ə n a m
انچيق	ə n t͡ʃ e ʔ
انچيق	ə n t͡ʃ ɪ ʔ
اوبن	u b a n
اوتار	u t a r a
اوتار	u t a r ə
اوتارا	u t a r a
اوتارا	u t a r ə
اوترا	u t a r a
اوترا	u t a r ə
اوتق	o t a ʔ
اوتق	u t a ʔ
اوتن	u t a n
اوتوس	u t o s
اوتوس	u t ʊ s
اوجن	u d͡ʒ a n
اوجوڠ	u d͡ʒ o ŋ
اوجوڠ	u d͡ʒ ʊ ŋ
اودڠ	u d a ŋ
اوسوڠ	u s o ŋ
اوسوڠ	u s ʊ ŋ
اوسير	u s e r
اوسير	u s ɪ r
اوسيق	u s e ʔ
اوسيق	u s ɪ ʔ
اولر	u l a r
اولڠ	u l a ŋ
اومق	u m a ʔ
اون	a w a n
اونديسيليون	u n d ɛ s i l i o n
اونۏيݢينتيليون	u n v i ɡ i n t i l i o n
اوکتاݢون	o k t a ɡ o n
اوکتوديسيليون	ɔ k t o d ɛ s i l i o n
اوکتيليون	ɔ k t i l i o n
اوکسيݢن	ɔ k s i ɡ ə n
ايان	a j a n
ايرولوݢي	e r o l o ɡ i
ايسوق	e s o ʔ
ايسوق	e s ʊ ʔ
اين	i n i
اينا	i n ə
اينفرابوڽي	i n f r a b u ɲ i
اينفرابوڽي	i n f r ə b u ɲ i
ايو	a j u
ايوت	a j o t
ايوت	a j ʊ t
ايوق	a j o ʔ
ايوق	a j ʊ ʔ
ايک	e k a
ايک	e k ə
ايکداسا	e k a d a s a
ايکداسا	e k ə d a s ə
ايکن	i k a n
ايکولوݢي	e k o l o ɡ i
اڠسا	a ŋ s a
اڠسا	a ŋ s ə
اڠکت	a ŋ k a t
اڤ	a p a
اڤ	a p ə
اڤوڠ	a p u ŋ
اکتا	a k t ɐ
اکر	a k a r
اکو	a k u
اݢر	a ɡ a r
اݢس	a ɡ a s
اݢق	a ɡ a ʔ
اݢوس	a ɡ o s
اݢوس	a ɡ ʊ s
باءيق	b a i k
بابي	b a b i
باجيڠ	b a d͡ʒ e ŋ
باجيڠ	b a d͡ʒ ɪ ŋ
باسه	b a s a h
بالوڠ	b a l o ŋ
بالوڠ	b a l ʊ ŋ
بايو	b a j u
باکول	b a k o l
باکول	b a k ʊ l
ببت	b ə b a t
براد	b ə r a d a
براد	b ə r a d ə
براديق	b ə r a d e ʔ
براديق	b ə r a d ɪ ʔ
براهیم	b ə r a h e m
براهیم	b ə r a h ɪ m
برايسوق	b ə r e s o ʔ
برايسوق	b ə r e s ʊ ʔ
برسين	b ə r s e n
برسين	b ə r s ɪ n
برما	b ə r m a
برما	b ə r m ə
بلس	b ə l a s
بلونچس	b ə l u n t͡ʃ a s
بليرڠ	b ə l e r a ŋ
بمبو	b a m b u
بنتل	b a n t a l
بنجير	b a n d͡ʒ e r
بنجير	b a n d͡ʒ ɪ r
بنق	b ə n a ʔ
به	b a h
بوتق	b o t a ʔ
بوتق	b u t a ʔ
بورون	b ɔ r ɔ n
بوسوت	b u s o t
بوسوت	b u s ʊ t
بولوه	b u l o h
بولوه	b u l ʊ h
بوليه	b o l e h
بوليه	b o l ɪ h
بوليه	b u l e h
بوليه	b u l ɪ h
بومبوڠ	b u m b o ŋ
بومبوڠ	b u m b ʊ ŋ
بونتل	b u n t a l
بوڠسو	b o ŋ s u
بوکيت	b u k e t
بوکيت	b u k ɪ t
بوڽي	b u ɲ i
بياوق	b i a w a ʔ
بيرم	b i r a m
بيريليوم	b ɛ r i l i o m
بيسوق	b e s o ʔ
بيسوق	b e s ʊ ʔ
بيليق	b i l e ʔ
بيليق	b i l ɪ ʔ
بيليون	b i l i o n
بيلڠن	b i l a ŋ a n
بڠکاروڠ	b ə ŋ k a r o ŋ
بڠکاروڠ	b ə ŋ k a r ʊ ŋ
بڠکو	b a ŋ k u
تاجي	t a d͡ʒ i
تاندس	t a n d a s
تاهونن	t a h o n a n
تاهونن	t a h ʊ n a n
تاڤي	t a p i
تبل	t ə b a l
تتاڤي	t ə t a p i
تتس	t ə t a s
تربڠ	t ə r b a ŋ
تري	t ə r i
تريديسيليون	t r e d ɛ s i l i o n
تريليون	t r i l i o n
تلنجڠ	t ə l a n d͡ʒ a ŋ
تلو	t ə l u
تمڤل	t a m p a l
تنتڠ	t ə n t a ŋ
توءيل	t u e l
توءيل	t u ɪ l
توا	t u a
توا	t u ə
توالا	t u a l a
توالا	t u a l ə
توبوه	t u b o h
توبوه	t u b ʊ h
توبين	t u b e n
توبين	t u b ɪ n
توجوه	t u d͡ʒ o h
توجوه	t u d͡ʒ ʊ h
تورون	t u r u n
تولت	t u l a t
تولي	t u l i
توها	t u h a
توها	t u h ə
توهن	t u h a n
توڠݢل	t u ŋ ɡ a l
توڠݢيڠ	t o ŋ ɡ e ŋ
توڠݢيڠ	t o ŋ ɡ ɪ ŋ
توڤاي	t u p a i̯
توڤي	t o p i
توڤي	t u p a i̯
تيليۏيشن	t ɛ l e v i ʃ ə n
تيمبق	t e m b a ʔ
تيمبق	t i m b a ʔ
تيمبل	t i m b ə l
تيڠکڤ	t i ŋ k a p
تيکنيک	t ɛ k n e k
تيکنيک	t ɛ k n ɪ k
تيݢ	t i ɡ a
تيݢ	t i ɡ ə
تڠاري	t ə ŋ a r i
تڠکوق	t ə ŋ k o ʔ
تڠکوق	t ə ŋ k ʊ ʔ
تڠکي	t a ŋ k i
تڠݢ	t a ŋ ɡ a
تڠݢ	t a ŋ ɡ ə
ثلاث	s ə l a s a
ثلاث	s ə l a s ə
ثنين	s ə n e n
ثنين	s ə n ɪ n
جاروم	d͡ʒ a r o m
جاروم	d͡ʒ a r ʊ m
جاريڠ	d͡ʒ a r i ŋ
جاݢوار	d͡ʒ a ɡ u a r
جلادري	d͡ʒ ə l a d ə r i
جمعة	d͡ʒ u m a ʔ a t
جنديلا	d͡ʒ ə n d e l a
جنديلا	d͡ʒ ə n d e l ə
جوتا	d͡ʒ u t a
جوتا	d͡ʒ u t ə
جوليڠ	d͡ʒ u l e ŋ
جوليڠ	d͡ʒ u l ɪ ŋ
جيجيق	d͡ʒ i d͡ʒ e ʔ
جيجيق	d͡ʒ i d͡ʒ ɪ ʔ
جيريم	d͡ʒ i r e m
جيريم	d͡ʒ i r ɪ m
خميس	k a m e s
خميس	k a m ɪ s
خميس	x a m e s
خميس	x a m ɪ s
خنزير	x i n z e r
خنزير	x i n z ɪ r
داءوت	d a o t
داءوت	d a ʊ t
داتو	d a t u
دارت	d a r a t
داسا	d a s a
داسا	d a s ə
دالم	d a l a m
دامر	d a m a r
دان	d a n
دانيال	d a n i a l
داود	d a o t
داود	d a ʊ t
داکو	d a k u
دبق	d ə b a ʔ
دبو	d ə b u
دريحال	d a r i h a l
دلاڤن	d ə l a p a n
دليما	d ə l i m a
دليما	d ə l i m ə
دوا	d u a
دوا	d u ə
دوريت	d u r i a t
دولي	d u l i
دووديسيليون	d u o d ɛ s i l i o n
دوي	d u i
دويوڠ	d u j o ŋ
دويوڠ	d u j ʊ ŋ
دوݢوڠ	d u ɡ o ŋ
دوݢوڠ	d u ɡ ʊ ŋ
ديام	d i a m
ديديق	d i d i k
ديسيليون	d ɛ s i l i o n
ديق	d e ʔ
ديق	d ɪ ʔ
ديندا	a d i n d a
ديندا	a d i n d ə
ديوا	d e w a
ديوا	d e w ə
ديوي	d e w i
ذوريت	z u r i a t
رابو	r a b u
راتوس	r a t o s
راتوس	r a t ʊ s
راج	r a d͡ʒ a
راج	r a d͡ʒ ə
رامل	r a m a l
راوي	r a w i
رمبت	r a m b o t
رمبت	r a m b ʊ t
رمبوت	r a m b o t
رمبوت	r a m b ʊ t
رمضان	r a m a d a n
رو	r u
رودا	r o d a
رودا	r o d ə
روسوق	r u s o ʔ
روسوق	r u s ʊ ʔ
رومي	r u m i
ريبو	r i b u
ريساو	r i s a u̯
ريسو	r i s a u̯
ريماو	r i m a u̯
زرافه	z i r a f a h
زمان	z a m a n
زهراء	z u h r a t
زهرة	z u h r a t
زهره	z u h r a h
زوايکولوݢي	z u e k o l o ɡ i
زيلوفون	z i l o f o n
سالق	s a l a ʔ
سالور	s a l o r
سالور	s a l ʊ r
سالورن	s a l o r a n
سالورن	s a l ʊ r a n
سالير	s a l e r
سالير	s a l ɪ r
سالڠ	s a l a ŋ
ساکر	s a k a r
ساݢر	s a ɡ a r
سبت	s a p t u
ستانوم	s t a n o m
ستانوم	s t a n ʊ m
سدڤ	s ə d a p
سراتوس	s ə r a t o s
سراتوس	s ə r a t ʊ s
سريبو	s ə r i b u
سرڤ	s ə r a p
سسياڤا	s ə s i a p ə
سلاڠا	s l a ŋ a
سلاڤن	s ə l a p a n
سلطان	s u l t aː n
سمبور	s ə m b o r
سمبور	s ə m b ʊ r
سموا	s ə m u a
سموا	s ə m u ə
سمولاجادي	s ə m u l a d͡ʒ a d i
سواري	s u a r i
سوتوڠ	s o t o ŋ
سوتوڠ	s o t ʊ ŋ
سوده	s u d a h
سوري	s o r e
سوري	s u r i
سوريا	s u r i a
سوريا	s u r i ə
سولفور	s u l f o r
سومڤيت	s u m p e t
سومڤيت	s u m p ɪ t
سوڤايا	s u p a j a
سوڤايا	s u p a j ə
سيليکون	s i l i k ɔ n
سينيکولوݢي	s i n e k o l o ɡ i
سيڤتيليون	s ɛ p t i l i o n
سيڤتينديسيليون	s ɛ p t ɛ n d ɛ s i l i o n
سيکستيليون	s ɛ k s t i l i o n
سيکسديسيليون	s ɛ k s d ɛ s i l i o n
سڤتا	s a p t a
سڤتا	s a p t ə
سڤولوه	s ə p u l o h
سڤولوه	s ə p u l ʊ h
سڽڤ	s ə ɲ a p
سݢارا	s ə ɡ a r a
سݢارا	s ə ɡ a r ə
شاکر	ʃ a k a r
شاݢر	ʃ a ɡ a r
شمس	ʃ a m s i
شمس	ʃ a m s u
شهمت	ʃ a h m a t
صفر	s a f a r
صفر	s i f a r
عادت	a d a t
عين	a e n
عين	a ɪ n
فعل	f ɪ ʕ l
فلورين	f l u ɔ r ɪ n
فوسفوروس	f ɔ s f o r o s
فيلم	f i l ɘ m
فيلولوݢي	f i l o l o ɡ i
لاءوتن	l a o t a n
لاءوتن	l a ʊ t a n
لاري	l a r i
لالت	l a l a t
لاڤن	l a p a n
لبق	l ə b a ʔ
لبو	l ə b u
لقسا	l a k s a
لقسا	l a k s ə
لنتاي	l a n t a i̯
لندق	l a n d a ʔ
لوتيڠ	l o t e ŋ
لوسا	l u s a
لوسا	l u s ə
لوق	l o ʔ
لوق	l ʊ ʔ
لوموت	l u m o t
لوموت	l u m ʊ t
لويڠ	l o j a ŋ
ليتيوم	l i t i o m
ليم	l i m a
ليم	l i m ə
لڠکت	l a ŋ k a t
ماءوڠ	m a o ŋ
ماءوڠ	m a ʊ ŋ
ماتاهاري	m a t a h a r i
ماتاهاري	m a t ə h a r i
ماتريلينيال	m a t r i l i n e a l
ماري	m a r i
مانوق	m a n o ʔ
مانوق	m a n ʊ ʔ
ماچن	m a t͡ʃ a n
ماکن	m a k a n
متاخير	m u t a x i r
محرم	m u h a r a m
مسجد	m a s d͡ʒ e t
مسجد	m a s d͡ʒ ɪ t
مق	m a ʔ
مليرڠ	m ə l i r a ŋ
منتاري	m ə n t a r i
مين	m i n
ميݢ	m e ɡ a
ميݢ	m e ɡ ə
مڠابو	m ə ŋ a b u
مڠادوه	m ə ŋ a d o h
مڠادوه	m ə ŋ a d ʊ h
مڠـ	b
مڠـ	d
مڠـ	d͡ʒ
مڠـ	f
مڠـ	h
مڠـ	k
مڠـ	l
مڠـ	m
مڠـ	m ə
مڠـ	m ə m
مڠـ	m ə n
مڠـ	m ə ŋ
مڠـ	m ə ŋ ə
مڠـ	m ə ɲ
مڠـ	n
مڠـ	p
مڠـ	r
مڠـ	s
مڠـ	t
مڠـ	t͡ʃ
مڠـ	w
مڠـ	y
مڠـ	z
مڠـ	ŋ
مڠـ	ɡ
مڠـ	ɲ
مڠناءي	m ə ŋ ə n ə i
مڠکاروڠ	m ə ŋ k a r o ŋ
مڠکاروڠ	m ə ŋ k a r ʊ ŋ
مݢنيسيوم	m a k n e s i o m
نانه	n a n a h
ناوا	n a w a
ناوا	n a w ə
نتريوم	n a t r i o m
نم	n a m
نوسا	n u s a
نوسا	n u s ə
نول	n o l
نونيليون	n ɔ n i l i o n
نوۏيمديسيليون	n o v ɛ m d ɛ s i l i o n
ني	n i
نيتروݢن	n i t r o ɡ ə n
نيهيل	n i h e l
نيون	n e ɔ n
هابوق	h a b o ʔ
هابوق	h a b ʊ ʔ
هاتور	h a t o r
هاتور	h a t ʊ r
هارون	h a r o n
هارون	h a r ʊ n
هاريماو	h a r i m a u̯
هالاو	h a l a u̯
هايم	h a j a m
هاڠت	h a ŋ a t
هاڽير	h a ɲ e r
هاڽير	h a ɲ ɪ r
هلڠ	h ə l a ŋ
همڤدل	h ə m p ə d a l
همڤدو	h ə m p ə d u
هنتر	h a n t a r
هوجوڠ	h u d͡ʒ o ŋ
هوجوڠ	h u d͡ʒ ʊ ŋ
هياڠ	h i a ŋ
هيدروݢن	h i d r o ɡ ə n
هيسڤ	h i s a p
هيليوم	h e l i o m
هيلڠ	h i l a ŋ
هيو	h i u
واحد	w a h e t
واحد	w a h ɪ t
وادوه	u a d o h
وادوه	u a d ʊ h
وانيتا	w a n i t a
وايو	w a j u
واڤ	u a p
ويليرڠ	w e l i r a ŋ
يو	i u
يڠ	i a ŋ
چاتور	t͡ʃ a t o r
چاتور	t͡ʃ a t ʊ r
چاون	t͡ʃ a w a n
چاڠکير	t͡ʃ a ŋ k e r
چاڠکير	t͡ʃ a ŋ k ɪ r
چت	t͡ʃ a t
چمارا	t͡ʃ ə m a r a
چمارا	t͡ʃ ə m a r ə
چوبيت	t͡ʃ u b e t
چوبيت	t͡ʃ u b ɪ t
چوچو	t͡ʃ u t͡ʃ u
چيچيت	t͡ʃ i t͡ʃ e t
چيچيت	t͡ʃ i t͡ʃ ɪ t
چيچيق	t͡ʃ i t͡ʃ e ʔ
چيچيق	t͡ʃ i t͡ʃ ɪ ʔ
چچک	t͡ʃ i t͡ʃ a ʔ
چڠلون	t͡ʃ a ŋ ə l o n
چڠلون	t͡ʃ a ŋ ə l ʊ n
چڠکاروڠ	t͡ʃ ə ŋ k a r o ŋ
چڠکاروڠ	t͡ʃ ə ŋ k a r ʊ ŋ
چڠکول	t͡ʃ a ŋ k o l
چڠکول	t͡ʃ a ŋ k ʊ l
ڤاترا	p a t ə r a
ڤاترا	p a t ə r ə
ڤادڠ	p a d a ŋ
ڤاسير	p a s e r
ڤاسير	p a s ɪ r
ڤاوان	p a w a n a
ڤاوان	p a w a n ə
ڤت	p a t
ڤتڠ	p ə t a ŋ
ڤرامڤت	p ə r ə m p a t
ڤروت	p ə r o t
ڤروت	p ə r ʊ t
ڤريݢي	p ə r i ɡ i
ڤلاڠي	p ə l a ŋ i
ڤنديديقن	p ə n d i d i k a n
ڤنچا	p a n t͡ʃ a
ڤنچا	p a n t͡ʃ ə
ڤنچاـ	p a n t͡ʃ a
ڤنچاـ	p a n t͡ʃ ə
ڤها	p a h a
ڤها	p ə h ə
ڤواس	p u a s
ڤولوه	p u l o h
ڤولوه	p u l ʊ h
ڤوليستيرينا	p o l i s t i r e n a
ڤويو	p u j u
ڤيتو	p i t u
ڤينتو	p i n t u
ڤيوت	p i o t
ڤيوت	p i ʊ t
ڤيڤي	p i p i
ڤڠـ	b
ڤڠـ	d
ڤڠـ	d͡ʒ
ڤڠـ	f
ڤڠـ	h
ڤڠـ	j
ڤڠـ	k
ڤڠـ	l
ڤڠـ	m
ڤڠـ	n
ڤڠـ	p
ڤڠـ	p ə
ڤڠـ	p ə m
ڤڠـ	p ə n
ڤڠـ	p ə ŋ
ڤڠـ	p ə ŋ ə
ڤڠـ	p ə ɲ
ڤڠـ	r
ڤڠـ	s
ڤڠـ	t
ڤڠـ	t͡ʃ
ڤڠـ	w
ڤڠـ	z
ڤڠـ	ŋ
ڤڠـ	ɡ
ڤڠـ	ɲ
ڤڠݢيل	p a ŋ ɡ e l
ڤڠݢيل	p a ŋ ɡ ɪ l
ڤڽو	p ə ɲ u
کأمڤت	k ə ʔ ə m p a t
کاسواري	k a s u a r i
کالين	k a l i a n
کامڤوڠ	k a m p o ŋ
کامڤوڠ	k a m p ʊ ŋ
کتي	k ə t i
کربون	k a r b o n
کرڠ	k ə r a ŋ
کلاور	k ə l a w a r
کلداي	k ə l d a i̯
کللاور	k ə l ə l a w a r
کليليڠ	k ə l i l i ŋ
کمسيا	k a m s i a
کمسيا	k a m s i ə
کمسياه	k a m s i a h
کنيڠ	k ə n e ŋ
کنيڠ	k ə n ɪ ŋ
کواتورديسيليون	k u a t r o d ɛ s i l i o n
کوادريليون	k u a d r i l i o n
کوسوڠ	k o s o ŋ
کوسوڠ	k o s ʊ ŋ
کومبڠ	k u m b a ŋ
کومور	k u m u r
کونيڠن	k u n e ŋ a n
کونيڠن	k u n ɪ ŋ a n
کوينتيليون	k u i n t i l i o n
کوينديسيليون	k u i n d ɛ s i l i o n
کوڤي	k o p i
کوڤيتيام	k o p i t i a m
کيلت	k i l a t
کڤه	k ə p a h
کڽڠ	k ə ɲ a ŋ
ڽاموق	ɲ a m o ʔ
ڽاموق	ɲ a m ʊ ʔ
ۏيݢينتيليون	v i ɡ i n t i l i o n
ݢاݢق	ɡ a ɡ a ʔ
ݢريڠ	ɡ ə r i ŋ
ݢليڠݢڠ	ɡ ə l e ŋ ɡ a ŋ
ݢليڠݢڠ	ɡ ə l i ŋ ɡ a ŋ
ݢموق	ɡ ə m o ʔ
ݢموق	ɡ ə m ʊ ʔ
ݢميلن	ɡ a m e l a n
ݢولا	ɡ u l a
ݢولا	ɡ u l ə
ݢولي	ɡ u l i
ݢونوڠ	ɡ u n u ŋ
ݢوڠݢوڠ	ɡ o ŋ ɡ o ŋ
ݢوڠݢوڠ	ɡ o ŋ ɡ ʊ ŋ
ݢوݢول	ɡ o ɡ o l
ݢوݢولڤليکس	ɡ o ɡ o l p l ɛ k s
ݢݢت	ɡ ə ɡ a t
