a	a
aba	a b a
aba	a b ə
abah	a b a h
abakus	a b a k o s
abakus	a b a k ʊ s
abang	a b a ŋ
abdomen	a b d o m ə n
abduktor	a b d u k t o r
abiad	a b i a t
abjad	a b d͡ʒ a t
abomasum	a b o m a s u m
absen	a b s e n
absorptif	a p s ɔ r p t e f
absorptif	a p s ɔ r p t ɪ f
abu	a b u
abyad	a b i a t
abyad	a b j a t
acara	a t͡ʃ a r a
acara	a t͡ʃ a r ə
aceh	a t͡ʃ e h
acuan	a t͡ʃ u a n
ada	a d a
ada	a d ə
adalah	a d a l a h
adalah	a d ə l a h
adat	a d a t
adelfogami	a d e l f o ɡ a m i
adem	a d ə m
adi	a d i
adik	a d e ʔ
adik	a d ɪ ʔ
adil	a d e l
adil	a d ɪ l
adinda	a d i n d a
adinda	a d i n d ə
ading	a d e ŋ
ading	a d ɪ ŋ
adoi	a d o i̯
adoi	a d ʊ i̯
aduh	a d u h
aduktor	a d u k t o r
aerologi	e r o l o ɡ i
afrika	a f r i k a
afrika	a f r i k ə
afrikaans	a f r i k a n s
agak	a ɡ a ʔ
agama	a ɡ a m a
agama	a ɡ a m ə
agar	a ɡ a r
agas	a ɡ a s
agus	a ɡ o s
agus	a ɡ ʊ s
ahad	a h a t
ahmak	a h m a c
aikido	a i k i d o
ain	a e n
ain	a ɪ n
ainu	a i̯ n u
air	a i r
ais	a e s
ais	a ɪ s
ajaib	a d͡ʒ a e p
ajaib	a d͡ʒ a ɪ p
ajak	a d͡ʒ a ʔ
akak	a k a ʔ
akan	a k a n
akang	a k a ŋ
akar	a k a r
aklan	a k l a n
akromion	a k r o m i o n
aksi	a k s i
akta	a k t ɐ
aktif	a k t e f
aktif	a k t ɪ f
aktivitet	a k t i v i t e t
aktiviti	a k t i v i t i
aku	a k u
alamak	a l a m a k
albania	a l b e n i a
alfabet	a l f a b e t
alih	a l i h
alir	a l e r
alir	a l ɪ r
allah	a l l a h
alpa	a l p a
alpa	a l p ə
alu	a l u
aluminium	a l u m i n i o m
alur	a l o r
alur	a l ʊ r
aman	a m a n
amat	a m a t
ambang	a m b a ŋ
ampat	a m p a t
ampun	a m p u n
amuk	a m u k
ana	a n a
ana	a n ə
anak	a n a ʔ
anam	a n a m
anda	a n d a
aneh	a n e h
anggap	a ŋ ɡ a p
angin	a ŋ i n
angka	a ŋ k a
angka	a ŋ k ə
angkat	a ŋ k a t
angkut	a ŋ k o t
angkut	a ŋ k ʊ t
angsa	a ŋ s a
angsa	a ŋ s ə
anoa	a n o a
anoa	a n o ə
antarabangsa	a n t a r a b a ŋ s a
antarabangsa	a n t a r a b a ŋ s ə
antelop	a n t ə l o p
antu	a n t u
anu	a n u
anugerah	a n u ɡ ə r a h
anut	a n u t
anyam	a ɲ a m
apa	a p a
apa	a p ə
apabila	a p a b i l a
apabila	a p ə b i l ə
apung	a p u ŋ
ara	a r a
ara	a r ə
arab	a r a p
arah	a r a h
arau	a r a u̯
arbaa	a r b a ʔ a
arbaa	a r b a ʔ ə
ardi	a r d i
ardvark	a r t v a r k
argon	a r ɡ ɔ n
ari	a r i
arkib	a r k e p
arkib	a r k ɪ p
armadillo	a r m a d i l o
armenia	a r m e n i a
arnab	a r n a p
arus	a r o s
arus	a r ʊ s
asa	a s a
asa	a s ə
asap	a s a p
asin	a s e n
asin	a s ɪ n
asing	a s e ŋ
asing	a s ɪ ŋ
assalamualaikum	a s s a l a m u ʔ a l a i̯ k o m
assalamualaikum	a s s a l a m u ʔ a l a i̯ k u m
asta	a s t ə
astă	a s t ə
atap	a t a p
atas	a t a s
atau	a t a u̯
atom	a t o m
atuk	a t u k
atur	a t o r
atur	a t ʊ r
aur	a u r
australia	a u̯ s t r a l i a
australia	a u̯ s t r a l i ə
automatik	a u̯ t o m a t e k
automatik	a u̯ t o m a t ɪ k
awak	a w a ʔ
awan	a w a n
aya	a j ə
ayah	a j a h
ayahanda	a j a h a n d a
ayahanda	a j a h a n d ə
ayam	a j a m
ayan	a j a n
ayu	a j u
ayuk	a j o ʔ
ayuk	a j ʊ ʔ
ayut	a j o t
ayut	a j ʊ t
azam	a d͡ʒ a m
azam	a z a m
azerbaijan	a z ə r b a i̯ d͡ʒ a n
bab	b a p
baba	b a b a
baba	b a b ə
babak	b a b a ʔ
babi	b a b i
baca	b a t͡ʃ a
baca	b a t͡ʃ ə
bacaan	b a t͡ʃ a a n
badam	b a d a m
badan	b a d a n
baghal	b a ɡ a l
baghal	b a ɣ a l
bagi	b a ɡ i
baginda	b a ɡ i n d a
baginda	b ə ɡ i n d ə
bagus	b a ɡ o s
bagus	b a ɡ u s
bagus	b a ɡ ʊ s
bah	b a h
baharu	b a h a r u
bahasa	b a h a s a
bahasa	b a h a s ə
bahlul	b a h l o l
bahlul	b a h l ʊ l
bahtera	b a h t ə r a
bahtera	b a h t ə r ə
bahu	b a h u
baik	b a i k
bait	b a e t
bait	b a ɪ t
bajing	b a d͡ʒ e ŋ
bajing	b a d͡ʒ ɪ ŋ
baju	b a d͡ʒ u
bakat	b ä k ä t
baku	b a k u
bakul	b a k o l
bakul	b a k ʊ l
bakung	b a k o ŋ
bakung	b a k ʊ ŋ
balai	b a l a i̯
balas	b a l a s
balasan	b a l a s a n
bali	b a l i
balik	b a l i k
baling	b ä l ɪ ŋ
balu	b a l u
balung	b a l o ŋ
balung	b a l ʊ ŋ
bambu	b a m b u
banal	b a n a l
banci	b a n t͡ʃ i
bang	b a ŋ
bangang	b ä ŋ ä ŋ
bangkrap	b a ŋ k r a p
bangku	b a ŋ k u
bangun	b a ŋ u n
bangunan	b a ŋ u n a n
banjar	b a n d͡ʒ a r
banjir	b a n d͡ʒ i r
bantal	b a n t a l
banteng	b a n t e ŋ
banteng	b a n t ɪ ŋ
banting	b a n t e ŋ
banting	b a n t ɪ ŋ
banyak	b a ɲ a k
bapa	b a p a
bapa	b a p ə
bapai	b a p a i̯
bapak	b a p a ʔ
bapanda	b a p a n d a
bapanda	b a p a n d ə
bapang	b a p a ŋ
bara	b a r a
bara	b a r ə
barang	b a r a ŋ
baring	b a r e ŋ
baring	b a r ɪ ŋ
baris	b ä r ɪ s
barisan	b a r i s a n
baru	b a r u
bas	b a s
basah	b a s a h
basi	b a s i
basikal	b a s i k a l
batang	b a t a ŋ
bateri	b a t ə r i
batik	b a t e ʔ
batik	b a t ɪ ʔ
batu	b a t u
bau	b a u
bausastera	b a u s a s t ə r a
bawah	b a w a h
bayi	b a j i
bayu	b a j u
bazir	b ä z ɪ r
bazir	b ä z ɪː
bebal	b ə b a l
bebas	b e b a s
bebat	b ə b a t
bebenang	b ə b ə n a ŋ
beberapa	b ə b ə r a p a
beberapa	b ə b ə r a p ə
bebiri	b ə b i r i
beca	b e t͡ʃ a
begitu	b ə ɡ i t u
bekas	b ə k a s
belah	b ə l a h
belajar	b ə l a d͡ʒ a r
belakang	b ə l a k a ŋ
belanda	b ə l a n d a
belas	b ə l a s
beleng	b e l e ŋ
belerang	b ə l e r a ŋ
beli	b ə l i
beliau	b ə l i a u̯
belok	b e l o k
belum	b ə l o m
belum	b ə l ʊ m
beluncas	b ə l u n t͡ʃ a s
benak	b ə n a ʔ
benar	b ə n a r
bendera	b ə n d e ɾ a
bendera	b ə n d e ɾ ə
bengap	b ə ŋ a p
bengawan	b ə ŋ a w a n
bengkarung	b ə ŋ k a r o ŋ
bengkarung	b ə ŋ k a r ʊ ŋ
bengkok	b e ŋ k o k
benih	b ə n i h
bentala	b ə n t a l a
bentala	b ə n t a l ə
bentuk	b ə n t u k
benua	b ə n u a
benuang	b ə n u a ŋ
berada	b ə r a d a
berada	b ə r a d ə
beradik	b ə r a d e ʔ
beradik	b ə r a d ɪ ʔ
berahim	b ə r a h e m
berahim	b ə r a h ɪ m
berani	b ə r a n i
berapa	b ə r a p a
beras	b ə r a s
berat	b ə r a t
berau	b ə r a u̯
berbulu	b ə r b u l u
berendam	b ɘ r ɘ n d a m
beresok	b ə r e s o ʔ
beresok	b ə r e s ʊ ʔ
beri	b ə r i
berilium	b ɛ r i l i o m
beritahu	b ə r i t a h u
berma	b ə r m a
berma	b ə r m ə
bernafas	b ə r n a f a s
bernafas	b ə r n a p a s
bersama	b ə r s a m a
bersama	b ə r s a m ə
bersih	b ə r s e h
bersih	b ə r s ɪ h
bersin	b ə r s e n
bersin	b ə r s ɪ n
bertuah	b ə r t u a h
beruang	b ə r u a ŋ
berudu	b ə r u d u
besar	b ə s a r
besok	b e s o ʔ
besok	b e s ʊ ʔ
beta	b e t a
beta	b e t ə
betina	b ə t i n ə
betis	b ə t e s
betis	b ə t ɪ s
betul	b ə t u l
beza	b e z ə
bianglala	b i a ŋ l a l a
biasa	b i a s a
biasa	b i a s ə
biawak	b i a w a ʔ
bicara	b i t͡ʃ a r a
bicara	b i t͡ʃ a r ə
bidan	b i d a n
biksu	b i k s u
bila	b i l a
bila	b i l ə
bilang	b i l a ŋ
bilangan	b i l a ŋ a n
bilik	b i l e ʔ
bilik	b i l ɪ ʔ
biling	b i l e ŋ
biling	b i l ɪ ŋ
bilion	b i l i o n
bingung	b i ŋ u ŋ
bini	b i n i
bintang	b i n t a ŋ
bintangur	b i n t a ŋ o r
bintangur	b i n t a ŋ ʊ r
binturung	b i n t u r o ŋ
binturung	b i n t u r ʊ ŋ
bioekologi	b i o e k o l o ɡ i
bir	b e r
bir	b ɪ r
biram	b i r a m
bisa	b i s a
boat	b u a t
bodoh	b o d o h
bodoh	b o d ʊ h
bogam	b o ɡ a m
bohrium	b ɔ h r i o m
bokor	b o k o r
bola	b o l a
boleh	b o l e h
bomoh	b o m o h
bomoh	b o m ʊ h
bongak	b o ŋ a ʔ
bongok	b o ŋ o ʔ
bongok	b o ŋ ʊ ʔ
bongsu	b o ŋ s u
boron	b ɔ r ɔ n
borzoi	b ɔ r z o i̯
botak	b o t a ʔ
botol	b o t o l
bu	b u
buah	b u a h
buai	b u a i̯
buaian	b u a i a̯ n
buaian	b u a i̯ a n
buana	b u a n a
buana	b u a n ə
buat	b u a t
buaya	b u a j a
buaya	b u a j ə
bubu	b u b u
bubuk	b u b o k
bubuk	b u b ʊ k
budak	b u d a k
budaya	b u d a j a
buka	b u k a
buka	b u k ə
bukan	b u ʔ k a n
bukit	b u k e t
bukit	b u k ɪ t
buku	b u k u
bular	b u l a r
bulih	b u l e h
bulih	b u l ɪ h
buloh	b u l o h
buloh	b u l ʊ h
bulu	b u l u
buluh	b u l o h
buluh	b u l ʊ h
bumbung	b u m b o ŋ
bumbung	b u m b ʊ ŋ
bumi	b u m i
bung	b o ŋ
bung	b ʊ ŋ
bunga	b u ŋ a
bunga	b u ŋ ə
bungsu	b o ŋ s u
buntal	b u n t a l
buntut	b u n t u t
bunuh	b u n o h
bunuh	b u n ʊ h
bunyi	b u ɲ i
buruk	b u r o k
buruk	b u r ʊ k
burung	b u r o ŋ
burung	b u r ʊ ŋ
busa	b u s a
busa	b u s ə
busur	b u s u r
busut	b u s o t
busut	b u s ʊ t
buta	b u t a
buta	b u t ə
butak	b u t a ʔ
butuh	b u t o h
butuh	b u t ʊ h
buyut	b u j o t
buyut	b u j ʊ t
c	t ʃ
ca	t ʃ a
cabar	t͡ʃ a b a r
cacing	t͡ʃ a t͡ʃ i ŋ
cadang	t͡ʃ a d a ŋ
cahari	t͡ʃ ä h ä r i
cahaya	t͡ʃ ä h ä j ä
cahaya	t͡ʃ ä h ä j ə
cairan	t͡ʃ a e r a n
cairan	t͡ʃ a ɪ r a n
cakap	t͡ʃ a k a p
cakar	t͡ʃ a k a r
cakawari	t͡ʃ a k a w a r i
cakera	t͡ʃ a k ə r ə
camca	t͡ʃ a m t͡ʃ a
camca	t͡ʃ a m t͡ʃ ə
campur	t͡ʃ a m p o r
campur	t͡ʃ a m p ʊ r
canai	t͡ʃ a n a i̯
cangkir	t͡ʃ a ŋ k e r
cangkir	t͡ʃ a ŋ k ɪ r
cangkul	t͡ʃ a ŋ k o l
cangkul	t͡ʃ a ŋ k ʊ l
cantik	t͡ʃ a n t i k
cantik	t͡ʃ ä n t ɪ ʔ
capai	t͡ʃ ä p ä i
cas	t͡ʃ a s
cat	t͡ʃ a t
catur	t͡ʃ a t o r
cawan	t͡ʃ a w a n
cecair	t͡ʃ ə t͡ʃ a e r
cecair	t͡ʃ ə t͡ʃ a ɪ r
cemara	t͡ʃ ə m a r a
cemara	t͡ʃ ə m a r ə
cemburu	t͡ʃ ə m b u r u
cemerlang	t͡ʃ ə m ə r l a ŋ
cendawan	t͡ʃ ə n d a w a n
cendera	t͡ʃ ə n d ə r a
cendera	t͡ʃ ə n d ə r ə
cengkarung	t͡ʃ ə ŋ k a r o ŋ
cengkarung	t͡ʃ ə ŋ k a r ʊ ŋ
cengkerik	t͡ʃ ə ŋ k ə r e k
cengkerik	t͡ʃ ə ŋ k ə r ɪ k
cepua	t͡ʃ ə p u a
cepua	t͡ʃ ə p u ə
cerai	t͡ʃ ə r a i
cerlang	t͡ʃ ə r l a ŋ
cerpen	t͡ʃ ə r p e n
cetek	t͡ʃ e t e ʔ
chalet	ʃ a l e
champagne	ʃ e m p e n
changlun	t͡ʃ a ŋ ə l o n
changlun	t͡ʃ a ŋ ə l ʊ n
chator	t͡ʃ a t o r
chator	t͡ʃ a t ʊ r
china	t͡ʃ i n a
china	t͡ʃ i n ə
ci	t͡ʃ i
cicak	t͡ʃ i t͡ʃ a ʔ
cicik	t͡ʃ i t͡ʃ e ʔ
cicik	t͡ʃ i t͡ʃ ɪ ʔ
cicit	t͡ʃ i t͡ʃ e t
cicit	t͡ʃ i t͡ʃ ɪ t
cilawagi	t͡ʃ i l a w a ɡ i
cina	t͡ʃ i n a
cinta	t ʃ i n t a
cinta	t ʃ i n t ə
citra	t͡ʃ i t r a
citra	t͡ʃ i t r ə
coklat	t ʃ o k l a t
congek	t͡ʃ o ŋ e ʔ
congek	t͡ʃ o ŋ ɪ ʔ
congok	t͡ʃ o ŋ o ʔ
congong	t͡ʃ o ŋ o ŋ
congong	t͡ʃ o ŋ ʊ ŋ
cuai	t͡ʃ u a i̯
cuba	t͡ʃ u b ä
cuba	t͡ʃ u b ə
cubaan	t͡ʃ u b ä ä n
cubit	t͡ʃ u b e t
cubit	t͡ʃ u b ɪ t
cucu	t͡ʃ u t͡ʃ u
cuka	t͡ʃ u k a
cuma	t͡ʃ u m a
cuma	t͡ʃ u m ə
curam	t͡ʃ u r a m
dada	d a d a
dada	d a d e
dadah	d a d a h
daerah	d a e r a h
daging	d a ɡ e ŋ
daging	d a ɡ ɪ ŋ
dah	d a h
dahan	d a h a n
dahi	d a h i
dak	d a ʔ
daki	d a k i
daku	d a k u
dalam	d a l a m
dalmatia	d a l m a t i a
dalmatia	d a l m a t i ə
dam	d ä m
damar	d a m a r
dan	d a n
danau	d a n a u̯
danial	d a n i a l
danta	d a n t a
danta	d a n t ə
dapat	d a p a t
dapur	d a p u r
dara	d a r a
darah	d a r a h
darat	d a r a t
darihal	d a r i h a l
dasa	d a s a
dasa	d a s ə
dasă	d a s a
dasă	d a s ə
datang	d a t a ŋ
datar	d a t a r
dataran	d a t a r a n
datu	d a t u
datuk	d a t u k
daud	d a o t
daud	d a ʊ t
daun	d a o n
daun	d a ʊ n
daut	d a o t
daut	d a ʊ t
daya	d a j a
debak	d ə b a ʔ
debu	d ə b u
dekad	d e k a t
dekan	d ə k a n
dekat	d ə k a t
delapan	d ə l a p a n
delima	d ə l i m a
delima	d ə l i m ə
demokrasi	d e m o k r a s i
den	d e n
den	d ɪ n
dengan	d ə ŋ a n
dengar	d ə ŋ a r
depa	d e p ä
depa	d e p ɑ
depa	d e p ə
derana	d ə r a n a
derana	d ə r a n ə
desilion	d ɛ s i l i o n
dewa	d e w a
dewa	d e w ə
dewi	d e w i
di	d i
dia	d i a
diam	d i a m
didik	d i d i k
diem	d i ə m
dik	d e ʔ
dik	d ɪ ʔ
dikau	d i k a u̯
dikit	d i k i t
din	d e n
din	d ɪ n
dinda	a d i n d a
dinda	a d i n d ə
dingin	d i ŋ e n
dingin	d i ŋ ɪ n
diorang	d i j o r ä ŋ
diraja	d i r a d͡ʒ a
diraja	d i r a d͡ʒ ə
diri	d i r i
dogol	d o ɡ o l
dogol	d o ɡ ʊ l
doktor	d ɔ k t o r
dongok	d o ŋ o ʔ
dongok	d o ŋ ʊ ʔ
drebar	d r e b a r
dua	d u a
dubnium	d u b n i o m
dubur	d u b u r
duda	d u d a
duduk	d u d o ʔ
duduk	d u d ʊ ʔ
duga	d u ɡ a
dugong	d u ɡ o ŋ
dugong	d u ɡ ʊ ŋ
dukun	d u k o n
dukun	d u k ʊ n
dukung	d u k u ŋ
duli	d u l i
dungu	d u ŋ u
dunia	d u ɲ a
dunia	d u ɲ ə
duodesilion	d u o d ɛ s i l i o n
duovigintilion	d u o v i ɡ i n t i l i o n
duri	d u r i
durian	d u r i a n
duriat	d u r i a t
duyung	d u j o ŋ
duyung	d u j ʊ ŋ
duă	d u a
duă	d u ə
dwi	d u i
dĕlapan	d ə l a p a n
dĕlimă	d ə l i m a
dĕlimă	d ə l i m ə
ejek	e d͡ʒ e ʔ
eka	e k a
eka	e k ə
ekadasa	e k a d a s a
ekadasa	e k ə d a s ə
ekologi	e k o l o ɡ i
ekor	e k o r
ekor	e k ʊ r
ekă	e k a
ekă	e k ə
ekădasă	e k a d a s a
ekădasă	e k ə d a s ə
elak	e l a k
elektron	e l ɛ k t r ɔ n
emak	ə m a ʔ
emas	ə m a s
embun	ə m b o n
embun	ə m b ʊ n
empang	ə m p a ŋ
empangan	ə m p a ŋ a n
empat	ə m p a t
empu	ə m p u
enak	e n a ʔ
enam	ə n a m
encik	ə n t͡ʃ e ʔ
encik	ə n t͡ʃ ɪ ʔ
engkau	ə ŋ k a u̯
engko	ə ŋ k o
engsel	e ŋ s e l
eropah	e r o p a h
eru	ə r u
esa	ə s a
esa	ə s ə
esok	e s o ʔ
esok	e s ʊ ʔ
falsafah	f a l s a f a h
famili	f a m i l i
fatah	f a t a h
fatwa	f a t w a
fiil	f ɪ ʕ l
fikir	f i k e r
fikir	f i k ɪ r
fikir	p i k e r
fikir	p i k ɪ r
fikologi	f i k o l o ɡ i
filologi	f i l o l o ɡ i
fisiologi	f i s i o l o ɡ i
fluorin	f l u ɔ r ɪ n
fosforus	f ɔ s f o r o s
francais	f r a n t ʃ a i s
fungsi	f o ŋ s i
fungsi	f ʊ ŋ s i
gagak	ɡ a ɡ a ʔ
gajah	ɡ a d͡ʒ a h
galah	ɡ a l a h
gali	ɡ a l i
gamat	ɡ a m a t
gambir	ɡ a m b e r
gambir	ɡ a m b ɪ r
gamelan	ɡ a m e l a n
gamer	ɡ a m e r
gandum	ɡ a n d o m
gandum	ɡ a n d ʊ m
gangsa	ɡ a ŋ s a
gangsa	ɡ a ŋ s ə
ganjil	ɡ a n d͡ʒ i l
ganu	ɡ a n u
garau	ɡ a r a u̯
garpu	ɡ a r p u
gatal	ɡ a t a l
gedang	ɡ ə d a ŋ
gegat	ɡ ə ɡ a t
gelak	ɡ ə l a ʔ
gelas	ɡ ə l a s
gelemat	ɡ ə l ə m a t
gelen	ɡ e l e n
gelenggang	ɡ ə l e ŋ ɡ a ŋ
gelinggang	ɡ ə l i ŋ ɡ a ŋ
gemuk	ɡ ə m o ʔ
gemuk	ɡ ə m ʊ ʔ
genggam	ɡ ə ŋ ɡ a m
genggang	ɡ ə ŋ ɡ a ŋ
geografi	ɡ e o ɡ r a f i
gerabak	ɡ ə r a b a ʔ
gereja	ɡ ə r e d͡ʒ a
gereja	ɡ ə r e d͡ʒ ə
gerhana	ɡ ə r h a n a
gerhana	ɡ ə r h a n ə
gerigi	ɡ ə r i ɡ i
gering	ɡ ə r i ŋ
getah	ɡ ə t a h
gigi	ɡ i ɡ i
gigit	ɡ i ɡ e t
gigit	ɡ i ɡ ɪ t
gila	ɡ i l a
gincu	ɡ i n t͡ʃ u
gingam	ɡ i ŋ a m
ginjal	ɡ i n d͡ʒ a l
gita	ɡ i t a
golok	ɡ o l o ʔ
gong	ɡ o ŋ
gonggong	ɡ o ŋ ɡ o ŋ
gonggong	ɡ o ŋ ɡ ʊ ŋ
googol	ɡ o ɡ o l
googolpleks	ɡ o ɡ o l p l ɛ k s
goreng	ɡ o r e ŋ
gostan	ɡ o s t a n
gua	ɡ u a
gua	ɡ u ə
gubra	ɡ ä b r äː
gula	ɡ u l a
gula	ɡ u l ə
guli	ɡ u l i
guling	ɡ u l e ŋ
guling	ɡ u l ɪ ŋ
guni	ɡ u n i
gunting	ɡ u n t e ŋ
gunting	ɡ u n t ɪ ŋ
guntur	ɡ u n t o r
guntur	ɡ u n t ʊ r
gunung	ɡ u n u ŋ
gurita	ɡ u r i t a
guruh	ɡ u r u h
gurun	ɡ u r o n
gurun	ɡ u r ʊ n
haba	h a b a
habuk	h a b u k
hadap	h a d a p
hadiah	h a d i j a h
hahnium	h a h n i o m
hai	h a i
halaju	h a l a d͡ʒ u
halaman	h a l a m a n
halang	h a l a ŋ
halau	h a l a u̯
halia	h a l i a
hamba	h a m b a
hang	h ä ŋ
hangat	h a ŋ a t
hangit	h a ŋ i t
hantar	h a n t a r
hantu	h a n t u
hanya	h a ɲ a
hanya	h a ɲ ə
hanyir	h a ɲ e r
hanyir	h a ɲ ɪ r
hanyut	h a ɲ u t
hapus	h a p u s
harap	h a r a p
harimau	h a r i m a u̯
haron	h a r o n
haron	h a r ʊ n
harun	h a r o n
harun	h a r ʊ n
hati	h a t i
hatur	h a t o r
hatur	h a t ʊ r
hawa	h a w a
hayam	h a j a m
helang	h ə l a ŋ
helium	h e l i o m
helo	h e l o
hembus	h ə m b u s
hempedal	h ə m p ə d a l
hempedu	h ə m p ə d u
hentak	h ə n t a k
hentam	h ə n t a m
henti	h ə n t i
hiang	h i a ŋ
hias	h i j ä s
hiasan	h i j ä s ä n
hidrogen	h i d r o ɡ ə n
hidung	h i d o ŋ
hidung	h i d ʊ ŋ
hidup	h i d o p
hidup	h i d ʊ p
hilang	h i l a ŋ
himar	h i m a r
hingus	h i ŋ u s
hisap	h i s a p
hitung	h i t o ŋ
hitung	h i t ʊ ŋ
hiu	h i u
hoi	h o i
hospital	h ɔ s p i t a l
hujan	h u d͡ʒ a n
hujung	h u d͡ʒ o ŋ
hujung	h u d͡ʒ ʊ ŋ
hulu	h u l u
huma	h u m a
huma	h u m ə
huruf	h u r o f
huruf	h u r ʊ f
huski	h u s k i
hutan	h u t a n
hutang	h u t a ŋ
ia	i a
ialah	i a l a h
ialah	i ə l a h
iau	i a u̯
iau	i a̯ u̯
ibrahim	i b r a h e m
ibrahim	i b r a h ɪ m
ibu	i b u
ijazah	i d͡ʒ a z a h
ijok	i d͡ʒ o ʔ
ijok	i d͡ʒ ʊ ʔ
ijuk	i d͡ʒ o ʔ
ijuk	i d͡ʒ ʊ ʔ
ikan	i k a n
ikut	i k ʊ t
ilah	i l a h
imbas	i m b a s
impi	i m p i
ina	i n ə
inap	i n a p
indera	i n d ə r a
indogsial	i n d o ɡ s i a l
indon	i n d o n
indonesia	i n d o n e s i a
indonesia	i n d o n e s i ə
infrabunyi	i n f r a b u ɲ i
infrabunyi	i n f r ə b u ɲ i
inframerah	i n f r a m e r a h
inframerah	i n f r ə m e r a h
inggeris	i ŋ ɡ ə r e s
inggeris	i ŋ ɡ ə r ɪ s
ingsun	i ŋ s o n
ingsun	i ŋ s ʊ n
ini	i n i
interaksi	i n t ə r a k s i
ipoh	i p o h
ipoh	i p ʊ h
ipuh	i p o h
ipuh	i p ʊ h
isih	i s i h
isim	i s e m
isim	i s ɪ m
isnin	i s n e n
isnin	i s n ɪ n
itik	i t e ʔ
itik	i t ɪ ʔ
itu	i t u
jadi	d ʒ a d i
jadual	d͡ʒ a d u a l
jadual	d͡ʒ a d u ə l
jagat	d͡ʒ a ɡ a t
jaguar	d͡ʒ a ɡ u a r
jahat	d ʒ a h a t
jahit	d͡ʒ a h i t
jajah	d͡ʒ a d͡ʒ a h
jakarta	d͡ʒ a k a r t a
jakarta	d͡ʒ a k a r t ə
jalan	d͡ʒ a l a n
jamban	d͡ʒ a m b a n
janda	d͡ʒ a n d a
jangan	d͡ʒ a ŋ a n
jangkit	d͡ʒ a ŋ k e t
jangkit	d͡ʒ a ŋ k ɪ t
jangkitan	d͡ʒ a ŋ k i t a n
jantan	d͡ʒ a n t a n
jantung	d͡ʒ a n t o ŋ
jantung	d͡ʒ a n t ʊ ŋ
jaring	d͡ʒ a r i ŋ
jaringan	d͡ʒ a r e ŋ a n
jaringan	d͡ʒ a r ɪ ŋ a n
jarum	d͡ʒ a r u m
jauh	d͡ʒ a o h
jauh	d͡ʒ a ʊ h
jawab	d͡ʒ a w a p
jawaban	d͡ʒ a w a b a n
jawapan	d͡ʒ a w a p a n
jawi	d͡ʒ a w i
jaya	d͡ʒ a j a
jaya	d͡ʒ a j ə
jeda	d͡ʒ e d a
jeladeri	d͡ʒ ə l a d ə r i
jeluang	d͡ʒ ə l u a ŋ
jenaka	d͡ʒ ə n ä k ä
jenaka	d͡ʒ ə n ä k ə
jendela	d͡ʒ ə n d e l a
jendela	d͡ʒ ə n d e l ə
jepang	d͡ʒ ə p a ŋ
jepun	d͡ʒ ə p o n
jepun	d͡ʒ ə p ʊ n
jerman	d͡ʒ ə r m a n
jerung	d͡ʒ ə r u ŋ
jijik	d͡ʒ i d͡ʒ e ʔ
jijik	d͡ʒ i d͡ʒ ɪ ʔ
jika	d͡ʒ i k a
jika	d͡ʒ i k ə
jikalau	d͡ʒ i k a l a u̯
jingga	d͡ʒ i ŋ ɡ a
jingga	d͡ʒ i ŋ ɡ ə
jirim	d͡ʒ i r e m
jirim	d͡ʒ i r ɪ m
jitra	d͡ʒ i t ə r a
jitra	d͡ʒ i t ə r ə
jitu	d͡ʒ i t u
jiwa	d͡ʒ i w a
johor	d͡ʒ o h o r
jong	d͡ʒ ɔ ŋ
jual	d͡ʒ u a l
juara	d ʒ u a r a
juara	d ʒ u a r ə
juga	d͡ʒ u ɡ a
juga	d͡ʒ u ɡ a ʔ
juga	d͡ʒ u ɡ ə
juling	d͡ʒ u l e ŋ
juling	d͡ʒ u l ɪ ŋ
jumaat	d͡ʒ u m a ʔ a t
juta	d͡ʒ u t a
kabus	k a b o s
kabus	k a b ʊ s
kabut	k a b o t
kabut	k a b ʊ t
kaca	k a t͡ʃ a
kacukan	k a t͡ʃ u k a n
kaedah	k a e d a h
kaji	k a d͡ʒ i
kak	k a ʔ
kakak	k a k a ʔ
kakaktua	k a k a ʔ t u a
kakaktua	k a k a ʔ t u ə
kakanda	k a k a n d a
kakanda	k a k a n d ə
kakang	k a k a ŋ
kaki	k a k i
kala	k a l a
kala	k a l ə
kalah	k a l a h
kalamin	k a l a m e n
kalamin	k a l a m ɪ n
kalau	k a l a u̯
kali	k a l i
kalian	k a l i a n
kambing	k a m b i ŋ
kami	k a m i
kamis	k a m e s
kamis	k a m ɪ s
kampanye	k a m p a ɲ ə
kampong	k a m p o ŋ
kampong	k a m p ʊ ŋ
kampung	k a m p o ŋ
kampung	k a m p ʊ ŋ
kamsia	k a m s i a
kamsia	k a m s i ə
kamsiah	k a m s i a h
kamu	k a m u
kamus	k a m o s
kamus	k a m ʊ s
kan	k a n
kanak	k a n a ʔ
kanan	k a n a n
kanda	k a n d a
kanda	k a n d ə
kandang	k a n d a ŋ
kandung	k a n d u ŋ
kandungan	k a n d u ŋ a n
kang	k a ŋ
kangar	k a ŋ a r
kangmas	k a ŋ m a s
kanin	k a n e n
kanin	k a n ɪ n
kapal	k a p a l
kapas	k a p a s
kapasiti	k a p a s i t i
kapitan	k a p i t a n
kapuk	k a p o ʔ
kapuk	k a p ʊ ʔ
kapur	k a p u r
karbon	k a r b o n
karet	k a r e t
karipap	k a r i p a p
karya	k a r i a
karya	k a r i ə
karya	k a r j a
karya	k a r j ə
kasau	k a s a u̯
kasi	k a s i
kasih	k a s i h
kasuari	k a s u a r i
katak	k a t a ʔ
kati	k a t i
katil	k a t e l
katil	k a t ɪ l
kau	k a u̯
kaula	k a u l a
kaula	k a u l ə
kawal	k a w a l
kawula	k a u l a
kawula	k a u l ə
kaya	k a j a
kayu	k a j u
keadaan	k ə a d a a n
keadaan	k ə a d ə a n
kebenaran	k ə b ə n a r a n
kecil	k ə t͡ʃ i l
kecuali	k ə t͡ʃ u a l i
kedah	k ə d a h
kedai	k ə d a i̯
kedoktoran	k ə d o k t o r a n
keempat	k ə ʔ ə m p a t
kejam	k ə d͡ʒ a m
kejohanan	k ə d͡ʒ o h a n a n
kejut	k ə d͡ʒ u t
kejutan	k ə d͡ʒ u t a n
kekabu	k ə k a b u
kekanda	k ə k a n d a
kekanda	k ə k a n d ə
kekasih	k ə k a s i h
kekunci	k ə k u n t͡ʃ i
kelak	k ə l a ʔ
kelang	k ə l a ŋ
kelantan	k ə l a n t a n
kelantan	k ə l ã t ɛ̃
kelapa	k ə l a p a
kelapa	k ə l a p ə
kelawar	k ə l a w a r
keldai	k ə l d a i̯
kelelawar	k ə l ə l a w a r
keliling	k ə l i l i ŋ
kelim	k ə l e m
kelim	k ə l ɪ m
kelinci	k ə l ɪ n t͡ʃ i
keling	k ə l e ŋ
keling	k ə l ɪ ŋ
kelip	k ə l i p
kelmarin	k ə l m a r i n
keluar	k ə l u ä r
keluarga	k ə l u a r ɡ a
kemas	k ə m a s
kembang	k ə m b a ŋ
kembar	k ə m b a r
kembung	k ə m b u ŋ
kena	k ə n a
kenapa	k ə n a p a
kening	k ə n e ŋ
kening	k ə n ɪ ŋ
kentang	k ə n t a ŋ
kentut	k ə n t ʊ t
kenyang	k ə ɲ a ŋ
kepah	k ə p a h
kepala	k ə p a l a
kepala	k ə p a l ə
kepulauan	k ə p u l a u̯ a n
kerakyatan	k ə r a k j a t a n
kerana	k ə r a n a
kerana	k ə r a n ə
kerang	k ə r a ŋ
kerbau	k ə r b a u̯
keretapi	k ə r e t a p i
kerinjal	k ə r i n d͡ʒ a l
kesan	k ə s a n
kesuma	k ə s u m a
ketek	k e t e ʔ
keti	k ə t i
ketua	k ə t u a
ketuhar	k ə t u h a r
keturunan	k ə t u r o n a n
keturunan	k ə t u r ʊ n a n
kewarganegaraan	k ə w a r ɡ a n ə ɡ a r a a n
khabar	x a b a r
khalifah	k a l i f a h
khalifah	k a l i p a h
khalifah	x a l i f a h
khamis	x a m e s
khamis	x a m ɪ s
khinzir	h i n z e r
khinzir	k i n z e r
khinzir	x i n z e r
khinzir	x i n z ɪ r
kidal	k i d a l
kijang	k i d͡ʒ a ŋ
kikis	k i k i s
kilang	k i l a ŋ
kilat	k i l a t
kindergarten	k i n d ə r ɡ a r t ə n
kini	k i n i
kipas	k i p a s
kira	k i r a
kiri	k i r i
kitab	k i t a p
klang	k ə l a ŋ
kodok	k o d o ʔ
kodok	k o d ʊ ʔ
koi	k o i̯
kome	k o m ə
komku	k ɔ m k u
komputer	k ɔ m p j u t ə r
komputer	k ɔ m p u t ə r
kongsi	k o ŋ s i
konsonan	k ɔ n s o n a n
kontena	k o n t e n a
kontena	k o n t e n ə
kopenhagen	k o p ə n h a ɡ ə n
kopi	k o p i
kopitiam	k o p i t i a m
korek	k o r e ʔ
korek	k o r ɪ ʔ
korupsi	k o r u p s i
kosong	k o s o ŋ
kosong	k o s ʊ ŋ
kot	k o t
kotor	k o t o r
kotor	k o t ʊ r
koyak	k o j a ʔ
ku	k u
kuadrilion	k u a d r i l i o n
kuala	k u a l a
kuala	k u a l ə
kuantan	k u a n t a n
kuap	k u a p
kuatordesilion	k u a t r o d ɛ s i l i o n
kuching	k u t͡ʃ e ŋ
kuching	k u t͡ʃ ɪ ŋ
kucing	k u t͡ʃ e ŋ
kucing	k u t͡ʃ ɪ ŋ
kuda	k u d a
kuda	k u d ə
kugiran	k u ɡ i r a n
kuil	k u e l
kuil	k u ɪ l
kuindesilion	k u i n d ɛ s i l i o n
kuintilion	k u i n t i l i o n
kuku	k u k u
kula	k u l a
kula	k u l ə
kulit	k u l e t
kulit	k u l ɪ t
kulur	k u l o r
kulur	k u l ʊ r
kumandang	k u m a n d a ŋ
kumbang	k u m b a ŋ
kumis	k u m e s
kumis	k u m ɪ s
kumuh	k u m o h
kumuh	k u m ʊ h
kumur	k u m u r
kunci	k u n t͡ʃ i
kuning	k u n e ŋ
kuning	k u n ɪ ŋ
kuningan	k u n e ŋ a n
kuningan	k u n ɪ ŋ a n
kunyah	k u ɲ a h
kuping	k u p e ŋ
kuping	k u p ɪ ŋ
kuruh	k u r o h
kuruh	k u r ʊ h
kutu	k u t u
kutuk	k u t o ʔ
kutuk	k u t ʊ ʔ
kuwung	k u w u ŋ
labah	l a b a h
labuan	l a b u a n
lagi	l a ɡ i
lah	l a h
lain	l a i n
laju	l a d͡ʒ u
laki	l a k i
laksa	l a k s a
laksa	l a k s ə
lalai	l a l a i̯
lalat	l a l a t
lali	l ä l i
lama	l a m a
lama	l a m ə
lambat	l a m b a t
lanca	l a n t͡ʃ a
landak	l a n d a ʔ
langau	l a ŋ a u̯
langit	l a ŋ i t
langkah	l a ŋ k a h
langkat	l a ŋ k a t
langkawi	l a ŋ k a w i
langsat	l a ŋ s a t
langsir	l a ŋ s i r
lantai	l a n t a i̯
lantas	l a n t a s
lantik	l a n t i k
lapan	l a p a n
lapar	l a p a r
larang	l a r a ŋ
lari	l a r i
latah	l a t a h
laut	l a o t
laut	l a ʊ t
lautan	l a o t a n
lautan	l a ʊ t a n
layar	l a j a r
lebah	l ə b a h
lebak	l ə b a ʔ
lebih	l ə b i h
lebu	l ə b u
leher	l e h e r
leher	l e h ɪ r
lekuk	l ɛ k o k
lelah	l ə l a h
lelaki	l ə l a k i
lelangit	l ə l a ŋ i t
leluhur	l ə l u h o r
leluhur	l ə l u h ʊ r
lemah	l ə m a h
lembap	l ə m b ä p
lembu	l ə m b u
lengan	l ə ŋ ä n
lengkap	l ə ŋ k a p
lepa	l ə p a
lepa	l ə p ə
lesung	l ə s u ŋ
liang	l i a ŋ
lidah	l i d a h
lihat	l i h a t
lihir	l i h i r
likur	l i k o r
likur	l i k ʊ r
lima	l i m a
limă	l i m a
limă	l i m ə
lintah	l i n t a h
lipstik	l i p s t e k
lipstik	l i p s t ɪ k
litium	l i t i o m
loghat	l o ɣ ä t
loghat	l o ʁ ä t
lok	l o ʔ
lok	l ʊ ʔ
loka	l o k a
lompat	l o m p a t
longkang	l o ŋ k a ŋ
loteng	l o t e ŋ
loyang	l o j a ŋ
luah	l u a h
luak	l u a ʔ
luas	l u a s
lubang	l u b a ŋ
lucu	l u t͡ʃ u
ludah	l u d a h
lukah	l u k a h
lumpur	l u m p o r
lumpur	l u m p ʊ r
lumut	l u m o t
lumut	l u m ʊ t
lupa	l u p ä
lupa	l u p ə
lusa	l u s a
lusa	l u s ə
lutut	l u t o t
lutut	l u t ʊ t
macan	m a t͡ʃ a n
madrasah	m a d r a s a h
magnesium	m a k n e s i o m
mahaguru	m a h a ɡ u r u
mahkota	m a h k o t a
mahkota	m a h k o t ə
main	m a e n
main	m a ɪ n
mak	m a ʔ
makan	m a k a n
maki	m ä k i
malam	m a l a m
malaysia	m ə l e s i a
mamah	m a m a h
mamak	m a m a ʔ
mamalia	m a m a l i a
mamalia	m a m a l i ə
mampus	m a m p u s
mana	m a n a
mana	m a n ə
mangga	m a ŋ ɡ a
mangga	m a ŋ ɡ ə
manggis	m a ŋ ɡ i s
mangkuk	m a ŋ k u k
manira	m a n i r a
manira	m a n i r ə
manis	m a n i s
mansuh	m a n s o h
mansuh	m a n s ʊ h
manuk	m a n o ʔ
manuk	m a n ʊ ʔ
marah	m ä r ä h
mari	m a r i
masa	m a s a
masa	m a s ə
masak	m a s a k
masih	m a s i h
masihi	m a s i h i
masin	m a s e n
masin	m a s ɪ n
masjid	m a s d͡ʒ e t
masjid	m a s d͡ʒ ɪ t
masuk	m a s o ʔ
masuk	m a s ʊ ʔ
mata	m a t a
mata	m a t ə
matahari	m a t a h a r i
matahari	m a t ə h a r i
matematik	m a t ə m a t i k
mati	m a t i
matrilineal	m a t r i l i n e a l
maung	m a o ŋ
maung	m a ʊ ŋ
mayat	m a j a t̚
mega	m e ɡ a
mega	m e ɡ ə
meja	m e d͡ʒ a
meja	m e d͡ʒ ə
melaka	m ə l a k a
melaka	m ə l a k ə
melayu	m ə l a j u
melirang	m ə l i r a ŋ
memang	m e m ä ŋ
membawang	m ə m b a w a ŋ
membunuh	m ə m b u n o h
membunuh	m ə m b u n ʊ h
menang	m ə n a ŋ
menanjung	m ə n a n d͡ʒ u ŋ
menara	m ə n a r ə
menciput	m ə n t͡ʃ i p o t
menciput	m ə n t͡ʃ i p ʊ t
mengabsen	m ə ŋ a b s e n
mengabu	m ə ŋ a b u
mengacau	m ə ŋ a t͡ʃ a u
mengaduh	m ə ŋ a d o h
mengaduh	m ə ŋ a d ʊ h
mengapa	m ə ŋ a p a
mengapa	m ə ŋ a p ə
mengenai	m ə ŋ ə n ə i
mengkarung	m ə ŋ k a r o ŋ
mengkarung	m ə ŋ k a r ʊ ŋ
mentah	m ə n t a h
mentari	m ə n t a r i
mentega	m ə n t e ɡ a
mentega	m ə n t e ɡ ə
menurunkan	m ə n u r u n k a n
menyampah	m ə ɲ a m p a h
merah	m e r a h
merak	m ə r a k
merak	m ə r ä ʔ
merdeheka	m ə r d ə h e k a
merdeheka	m ə r d ə h e k ə
merdeka	m ə r d e k a
mereka	m ə r e k a
mereka	m ə r e k ə
merinyu	m ə r i ɲ u
merpati	m ə r p a t i
mesir	m ə s e r
mesir	m ə s ɪ r
mikroskop	m i k r o s k o p
mimpi	m i m p i
minat	m i n a t
minggu	m i ŋ ɡ u
minum	m i n o m
minum	m i n ʊ m
minyak	m i ɲ a ʔ
mirah	m i r a h
misai	m i s a i̯
mitos	m i t o s
moyang	m o j a ŋ
mu	m u
muara	m u a r a
muara	m w a r a
muat	m u a t
muda	m u d a
mudah	m u d a h
muflis	m u f l e s
muflis	m u f l ɪ s
muharam	m u h a r a m
muka	m u k a
muka	m u k ə
mula	m u l a
mulai	m u l a i
mulut	m u l o t
mulut	m u l ʊ t
muntah	m u n t a h
musang	m u s a ŋ
mustahil	m u s t a h e l
mustahil	m u s t a h ɪ l
nabil	n a b i l
naga	n a ɡ a
naga	n a ɡ ə
nah	n a h
nahu	n a h u
nahu	n a ħ u
naik	n a e ʔ
naik	n a ɪ ʔ
nam	n a m
nama	n a m a
nama	n a m ə
nana	n a n a
nana	n a n ə
nanah	n a n a h
nangka	n a ŋ k a
nasi	n a s i
natrium	n a t r i o m
nawa	n a w a
nawa	n a w ə
nawă	n a w a
nawă	n a w ə
nek	n e k
nenek	n e n e k
neon	n e ɔ n
neraka	n ə r a k a
neraka	n ə r a k ə
ngomong	ŋ o m o ŋ
ni	n i
nihil	n i h e l
nitrogen	n i t r o ɡ ə n
nol	n o l
nombor	n o m b o r
nonilion	n ɔ n i l i o n
novemdesilion	n o v ɛ m d ɛ s i l i o n
nuri	n u r i
nusa	n u s a
nusa	n u s ə
nyahpepijat	ɲ a h p ə p i d͡ʒ a t
nyahserpih	ɲ a h s ə r p i h
nyaman	ɲ a m a n
nyamuk	ɲ a m u k
nyawa	ɲ a w a
nyawa	ɲ a w ə
nyiur	ɲ i o r
nyiur	ɲ i ʊ r
nyonya	ɲ o ɲ a
nyonya	ɲ o ɲ ə
oi	o i̯
okey	o k e
oksigen	ɔ k s i ɡ ə n
oktagon	o k t a ɡ o n
oktilion	ɔ k t i l i o n
oktodesilion	ɔ k t o d ɛ s i l i o n
oleh	o l e h
ombak	o m b a k
orang	o r a ŋ
oren	o r e n
organik	ɔ r ɡ a n e k
organik	ɔ r ɡ a n ɪ k
otak	o t a ʔ
pacal	p a t͡ʃ a l
pacu	p a t͡ʃ u
pacuan	p a t͡ʃ u a n
padang	p a d a ŋ
paderi	p a d ə r i
padi	p a d i
pagar	p a ɡ a r
paha	p a h a
pahang	p a h a ŋ
pahat	p a h a t
pakai	p a k a i̯
pakaian	p a k a i a̯ n
pakaian	p a k a i̯ a n
pakcik	p a ʔ t͡ʃ e ʔ
pakcik	p a ʔ t͡ʃ ɪ ʔ
pala	p a l a
palang	p ä l ä ŋ
palma	p a l m a
palu	p a l u
panah	p a n a h
panas	p a n a s
panca	p a n t͡ʃ a
panca	p a n t͡ʃ ə
pancaindera	p a n c a i n d e r a
panchă	p a n t͡ʃ a
panchă	p a n t͡ʃ ə
pancuran	p a n t͡ʃ u r a n
pandai	p a n d̪ a i̯
pandan	p a n d a n
panggil	p a ŋ ɡ e l
panggil	p a ŋ ɡ ɪ l
pangkat	p a ŋ k a t
panjang	p a n d͡ʒ a ŋ
pantai	p a n t a i̯
pantas	p a n t a s
papa	p a p a
papa	p a p ə
papan	p a p a n
papar	p a p a r
para	p a r a
paraf	p a r a f
parang	p a r a ŋ
parap	p a r a p
parau	p a r a u̯
pari	p a r i
pasir	p a s e r
pasir	p a s ɪ r
pat	p a t
patera	p a t ə r a
patera	p a t ə r ə
patik	p a t e ʔ
patik	p a t ɪ ʔ
patuk	p a t u k
pauh	p a o h
pauh	p a ʊ h
paut	p a u t
pawana	p a w a n a
pawana	p a w a n ə
pawang	p a w a ŋ
payung	p a j o ŋ
payung	p a j ʊ ŋ
pecah	p ə t͡ʃ a h
pecahan	p ə t͡ʃ a h a n
pedas	p ə d a s
pedati	p ə d a t i
pedih	p ə d ɪ h
pejabat	p ə d͡ʒ a b a t
pejam	p ə d͡ʒ a m
pekak	p e k a ʔ
pekak	p ə k a ʔ
pekan	p ə k a n
pelacur	p ə l a t͡ʃ o r
pelacur	p ə l a t͡ʃ ʊ r
pelajar	p ə l a d͡ʒ a r
pelajaran	p ə l a d͡ʒ a r a n
pelangi	p ə l a ŋ i
pelantar	p ə l a n t a r
pelat	p e l a t
pelatuk	p ə l a t u k
pelaut	p ə l a o t
pelaut	p ə l a ʊ t
pelik	p ə l i k
peluh	p ə l u h
peluk	p ə l u k
pemacu	p ə m a t͡ʃ u
pemadam	p ə m a d a m
pemakaian	p ə m a k a i a̯ n
pemakanan	p ə m a k a n a n
pemali	p ə m a l i
pembaris	p ə m b a r i s
pembunuh	p ə m b u n o h
pemilih	p ə m i l i h
pemimpin	p ə m i m p i n
pencemaran	p ə n t͡ʃ ə m a r a n
pendapatan	p ə n d a p a t a n
pendeta	p ə n d ɛ t a
pendidikan	p ə n d i d i k a n
pendingin	p ə n d i ŋ i n
pengetua	p ə ŋ ə t u a
pengulin	p ə ŋ u l i n
pengumpil	p ə ŋ u m p i l
pengungkil	p ə ŋ u ŋ k i l
pengungkit	p ə ŋ u ŋ k i t
penjara	p ə n d͡ʒ a r a
penjara	p ə n d͡ʒ a r ə
penonton	p ə n o n t o n
pensel	p e n s e l
penuh	p ə n o h
penuh	p ə n ʊ h
penutup	p ə n u t u p
penyahserpihan	p ə ɲ a h s ə r p i h a n
penyakit	p ə ɲ a k e t
penyakit	p ə ɲ a k ɪ t
penyapu	p ə ɲ a p u
penyerap	p ə ɲ ə r a p
penyerpihan	p ə ɲ ə r p i h a n
penyetempatan	p ə ɲ ə t ə m p a t a n
penyu	p ə ɲ u
pepuah	p ə p u a h
perahu	p ə r a h u
perak	p e r a ʔ
peranakan	p ə r a n a ʔ k a n
perancis	p ə r a n t͡ʃ e s
perancis	p ə r a n t͡ʃ ɪ s
perang	p e r a ŋ
perang	p ə r a ŋ
peraturan	p ə r a t u r a n
percit	p ə r t͡ʃ i t
percuma	p ə r t͡ʃ u m a
percuma	p ə r t͡ʃ u m ə
perempat	p ə r ə m p a t
perempuan	p ə r ə m p u a n
pergerakan	p ə r ɡ ə r a k a n
perigi	p ə r i ɡ i
periuk	p ə r i u k
perkataan	p ə r k a t a a n
perlis	p ə r l e s
perlis	p ə r l ɪ s
permata	p ə r m a t a
persamaan	p ə r s a m a a n
perut	p ə r o t
perut	p ə r ʊ t
pesuruh	p ə s u r u h
peta	p ə t a
peta	p ə t ə
petang	p ə t a ŋ
petik	p ə t i k
piawai	p i a w a i̯
picing	p i t͡ʃ e ŋ
picing	p i t͡ʃ ɪ ŋ
pihak	p i h a k
pikap	p i k ä p
pilih	p i l e h
pilih	p i l ɪ h
pilin	p i l e n
pilin	p i l ɪ n
pinggan	p i ŋ ɡ a n
pintu	p i n t u
pipi	p i p i
piring	p i r i ŋ
pisang	p i s a ŋ
pisau	p i s a u̯
pitu	p i t u
piut	p i o t
piut	p i ʊ t
pohon	p o h o n
pohon	p o h ʊ n
pokok	p o k o k ʔ
pokok	p o k ʊ ʔ
polistirena	p o l i s t i r e n a
portugal	p o r t u ɡ a l
praha	p r a h a
praha	p r a h ə
prang	p r a ŋ
prang	p ə r a ŋ
prasarana	p r äː s ä r ä n ä
profesor	p r o f e s o r
puan	p u a n
puas	p u a s
pudina	p u d i n a
pudina	p u d i n ə
puki	p u k i
pula	p u l a
pula	p u l ə
pulasan	p u l a s a n
pulau	p u l a u̯
puloh	p u l o h
puloh	p u l ʊ h
puluh	p u l o h
puluh	p u l ʊ h
pun	p o n
pun	p ʊ n
punai	p u n a i̯
punca	p u n t͡ʃ a
punca	p u n t͡ʃ ə
punti	p u n t i
pupil	p u p e l
pupil	p u p ɪ l
purata	p u r a t a
purata	p u r a t ə
purnama	p u r n a m a
purnama	p u r n a m ə
pusar	p u s a r
pusat	p u s a t
pustaka	p u s t a k a
pustaka	p u s t a k ə
putar	p u t a r
puteh	p u t e h
puteh	p u t ɪ h
putih	p u t e h
putih	p u t ɪ h
putrajaya	p u t ə r a d͡ʒ a j a
putus	p u t o s
putus	p u t ʊ s
puyu	p u j u
quran	q u r ʔ a n
rabu	r a b u
rabun	r a b u n
raganelă	r a ɡ a n e l ə
rahim	r a h i m
rahim	r a ħ i m
rahmat	r a h m a t
raja	r a d͡ʒ a
raja	r a d͡ʒ ə
rajah	r a d͡ʒ a h
rakan	r a k a n
rakit	r a k i t
rakyat	r a k j a t
rama	r a m a
rama	r a m ə
ramadan	r a m a d a n
ramal	r a m a l
rangkaian	r a ŋ k a i̯ a n
rasmi	r a s m i
ratu	r a t u
ratus	r a t o s
ratus	r a t ʊ s
raut	r a u t
rawat	r a w a t
rawi	r a w i
raya	r a j a
realiti	r e a l i t i
rehat	r e h a t
renang	r ə n a ŋ
rendah	r ə n d a h
rentak	r ə n t a ʔ
ribu	r i b u
rimau	r i m a u̯
ringgit	r i ŋ ɡ e t
ringgit	r i ŋ ɡ ɪ t
risau	r i s a u̯
ritma	r i t m a
ritma	r i t m ə
roda	r o d a
roda	r o d ə
roman	r o m a n
rona	ɣ o n ɒ
rona	ɾ o n a
rona	ɾ o n ə
roti	r o t i
ru	r u
ruang	r u a ŋ
rumah	r u m a h
rumbia	r u m b i a
rumbia	r u m b i ə
rumi	r u m i
rusia	r u s i a
rusia	r u s i ə
rusuk	r u s o ʔ
rusuk	r u s ʊ ʔ
sa	s ə
sabah	s a b a h
sabtu	s a p t u
sabun	s a b o n
sabun	s a b ʊ n
sadin	s a d e n
sadin	s a d ɪ n
sado	s a d o
safar	s a f a r
saga	s a ɡ a
saga	s a ɡ ə
sagar	s a ɡ a r
sagu	s a ɡ u
sahabat	s a h a b a t
sains	s a i̯ n s
sakar	s a k a r
sakit	s a k e t
sakit	s a k ɪ t
salah	s a l a h
salak	s a l a ʔ
salib	s a l i b
salir	s a l e r
salir	s a l ɪ r
salji	s a l d͡ʒ i
salur	s a l o r
salur	s a l ʊ r
saluran	s a l o r a n
saluran	s a l ʊ r a n
sama	s a m a
sambal	s a m b a l
sampah	s a m p a h
sampai	s a m p a i̯
samudera	s a m u d ə r a
samudera	s a m u d ə r ə
sana	s a n a
sana	s a n ə
sangat	s a ŋ a t
sangkut	s a ŋ k o t
sangkut	s a ŋ k ʊ t
sapta	s a p t a
sapta	s a p t ə
saptă	s a p t a
saptă	s a p t ə
sapu	s a p u
sapuloh	s ə p u l o h
sapuloh	s ə p u l ʊ h
sarang	s a r a ŋ
sarawak	s a r a w a ʔ
sarung	s a r o ŋ
sarung	s a r ʊ ŋ
sate	s a t e
satu	s a t u
saudara	s a u̯ d a r a
saudara	s a u̯ d a r ə
saudari	s a u̯ d a r i
sawah	s a w a h
sawang	p ə s a w a ŋ a n
sawang	s a w a ŋ
sawang	s a w a ŋ a n
saya	s a j a
sayap	s a j a p
se	s ə
sebelas	s ə b ə l a s
sebilion	s ə b i l i o n
secang	s ə t͡ʃ a ŋ
sedang	s ə d a ŋ
sedap	s ə d a p
sedar	s ə d a r
sedar	s ə d a ɾ
sedia	s ə d i a
sedikit	s ə d i k i t
sedu	s ə d u
sedut	s ə d o t
sedut	s ə d ʊ t
segar	s ə ɡ a r
segara	s ə ɡ a r a
segara	s ə ɡ a r ə
sejarah	s ə d ʒ a r a h
sejuk	s ə d͡ʒ o ʔ
sejuk	s ə d͡ʒ ʊ ʔ
sejuta	s ə d͡ʒ u t a
sejuta	s ə d͡ʒ u t ə
sekam	s ə k a m
sekat	s ə k a t
seksdesilion	s ɛ k s d ɛ s i l i o n
sekstilion	s ɛ k s t i l i o n
selalu	s ə l a l u
selam	s ə l a m
selangor	s ə l a ŋ o r
selangor	s ə l a ŋ ʊ r
selapan	s ə l a p a n
selasa	s ə l a s a
selasa	s ə l a s ə
selatan	s ə l a t a n
selikur	s ə l i k o r
selikur	s ə l i k ʊ r
seluar	s ə l u a r
semalam	s ə m a l a m
semangat	s ə m a ŋ a t
semangka	s ə m a ŋ k a
sembah	s ə m b a h
sembahyang	s ə m b a h j a ŋ
sembilan	s ə m b i l a n
sembunyi	s ə m b u ɲ i
sembur	s ə m b o r
sembur	s ə m b ʊ r
semedera	s ə m ə d ə r a
semedera	s ə m ə d ə r ə
semenanjung	s ə m ə n a n d͡ʒ u ŋ
sempadan	s ə m p a d a n
sempoa	s ə m p o a
sempoa	s ə m p o ə
semua	s ə m u a
semua	s ə m u ə
semula	s ə m u l a
semulajadi	s ə m u l a d͡ʒ a d i
semut	s ə m ʊ t
sen	s ɛ n
senam	s ə n a m
senayan	s ə n a j a n
senduk	s ə n d u k
seng	s e ŋ
sengat	s ə ŋ a t
senin	s ə n e n
senin	s ə n ɪ n
sentilion	s ɛ n t i l i o n
senyap	s ə ɲ a p
senyum	s ə ɲ u m
sepak	s e p a k
sepang	s ə p a ŋ
sepanyol	s ə p a ɲ o l
sepanyol	s ə p a ɲ ʊ l
seperti	s ə p ə r t i
septendesilion	s ɛ p t ɛ n d ɛ s i l i o n
septilion	s ɛ p t i l i o n
sepua	s ə p u a
sepua	s ə p u ə
sepuluh	s ə p u l o h
sepuluh	s ə p u l ʊ h
sepupu	s ə p u p u
serangga	s ə r a ŋ ɡ a
serangga	s ə r a ɡ ɡ ə
serap	s ə r a p
seratus	s ə r a t o s
seratus	s ə r a t ʊ s
serban	s ə r b a n
seremban	s ə r ə m b a n
seribu	s ə r i b u
seronok	s ə r o n o k
serpih	s ə r p e h
serpih	s ə r p ɪ h
serta	s ə r t a
serta	s ə r t ə
seruling	s ə r u l i ŋ
sesiapa	s ə s i a p a
setia	s ə t i a
setia	s ə t i ə
setrilion	s ə t r i l i o n
setuju	s ə t u d͡ʒ u
siang	s i a ŋ
siapa	s i a p a
siborgium	s i b ɔ r ɡ i o m
sifar	s i f a r
sikit	s ə d i k i t
siku	s i k u
silap	s i l a p
silikon	s i l i k ɔ n
siling	s i l i ŋ
sinar	s i n a r
sinekologi	s i n e k o l o ɡ i
singapura	s i ŋ a p u r a
singapura	s i ŋ ə p u r ə
sini	s i n i
sisa	s i s a
sisa	s i s ə
sisi	s i s i
sisik	s i s i k
slanga	s l a ŋ a
sodok	s o d o k
sohor	s o h o r
solat	s o l ä t
songket	s o ŋ k e t
sore	s o r e
sotong	s o t o ŋ
sotong	s o t ʊ ŋ
stadium	s t a d i o m
stadium	s t a d i ʊ m
stanum	s t a n o m
stanum	s t a n ʊ m
stesen	s t e s e n
suami	s u a m i
suari	s u a r i
sudah	s u d a h
sudu	s u d u
suku	s u k u
sukun	s u k o n
sukun	s u k ʊ n
sulam	s u l a m
sulfur	s u l f o ɹ
suluh	s u l o h
suluh	s u l ʊ h
sulur	s u l o ɾ
sulur	s u l ʊ r
sumber	s ʊ m b ə r
sumpit	s u m p e t
sumpit	s u m p ɪ t
sungai	s u ŋ a i̯
sungguh	s u ŋ ɡ u h
supaya	s u p a j a
supaya	s u p a j ə
surat	s u r a t
suri	s u r i
suria	s u r i a
suria	s u r i ə
suruh	s u r u h
suruhan	s u r u h a n
surup	s u r ʊ p
surup	s u ɾ o p
susu	s u s u
susun	s u s u n
susyi	s u ʃ i
swafoto	s w a f o t o
swasta	s w a s t a
syagar	ʃ a ɡ a r
syahmat	ʃ a h m a t
syajarat	ʃ a d͡ʒ a r a t
syakar	ʃ a k a r
syamsi	ʃ a m s i
syamsu	ʃ a m s u
syawal	ʃ a w a l
să	s ə
săpuloh	s ə p u l o h
săpuloh	s ə p u l ʊ h
sĕ	s ə
sĕlapan	s ə l a p a n
sĕmbilan	s ə m b i l a n
sĕpuloh	s ə p u l o h
sĕpuloh	s ə p u l ʊ h
tabib	t a b e p
tabib	t a b ɪ p
tabika	t a b i k a
tabika	t a b i k ə
tabir	t a b i r
tadika	t a d i k a
tadika	t a d i k ə
tahan	t a h a n
tahi	t a h i
tahil	t a h e l
tahil	t a h ɪ l
tahu	t a h u
tahunan	t a h o n a n
tahunan	t a h ʊ n a n
taik	t ä j i ʔ
taji	t a d͡ʒ i
tak	t a ʔ
takraw	t a k̚ r a u̯
takraw	t a k̚ r a w
takut	t a k u t
takwa	t a ʔ w a
tali	t a l i
talian	t a l i a n
tamar	t a m a r
tamba	t a m b a h
tambah	t a m b a h
tampal	t a m p a l
tampi	t a m p i
tanah	t a n a h
tanak	t a n a ʔ
tanam	t a n a m
tanaman	t a n a m a n
tanda	t ä n d ä
tanda	t ä n d ə
tandas	t a n d a s
tangan	t a ŋ a n
tangga	t a ŋ ɡ a
tangga	t a ŋ ɡ ə
tanggal	t a ŋ ɡ a l
tangis	t a ŋ e s
tangis	t a ŋ ɪ s
tangki	t a ŋ k i
tanglung	t a ŋ l o ŋ
tanglung	t a ŋ l ʊ ŋ
tanglung	t a ŋ ə l o ŋ
tanglung	t a ŋ ə l ʊ ŋ
tani	t a n i
tanjung	t a n d͡ʒ o ŋ
tanjung	t a n d͡ʒ ʊ ŋ
tanya	t a ɲ a
tapai	t a p a i
tapi	t a p i
tarah	t a r a h
tarik	t a r e ʔ
tarik	t a r ɪ ʔ
taruh	t a r o h
taruh	t a r ʊ h
tasik	t a s e ʔ
tasik	t a s ɪ ʔ
tatabahasa	t a t a b a h a s a
tatal	t a t a l
tau	t a u
taubat	t a u b a t
taufik	t a u f ɪ q
tauhu	t a u h u
tawa	t a w a
tawa	t a w ə
tawar	t a w a r
tebal	t ə b a l
tebang	t ə b a ŋ
tebu	t ə b u
teja	t e d͡ʒ a
teka	t ə k a
tekan	t ə k a n
teknik	t ɛ k n e k
teknik	t ɛ k n ɪ k
telah	t ə l a h
telan	t ə l a n
telanjang	t ə l a n d͡ʒ a ŋ
teledu	t ə l ə d u
televisyen	t e l e v i ʃ ə n
telinga	t ə l i ŋ a
telinga	t ə l i ŋ ɑ
telinga	t ə l i ŋ ə
telu	t ə l u
teluk	t ə l u k
telunjuk	t ə l u n d͡ʒ u k
telur	t ə l u r
teman	t ə m a n
tembadau	t ə m b a d a u̯
tembak	t e m b a ʔ
tempat	t ə m p a t
tempayan	t ə m p a j a n
tempe	t e m p e
tempeh	t e m p e h
tengah	t ə ŋ a h
tengar	t ə ŋ a r
tengari	t ə ŋ a r i
tenggara	t ə ŋ ɡ a r a
tenggiling	t ə ŋ ɡ i l e ŋ
tenggiling	t ə ŋ ɡ i l ɪ ŋ
tengkuk	t ə ŋ k o ʔ
tengkuk	t ə ŋ k ʊ ʔ
tengok	t e ŋ o k
tentang	t ə n t a ŋ
tentera	t ə n t ə r ä
tentera	t ə n t ə r ə
tenun	t ə n o n
tenun	t ə n ʊ n
tepat	t ə p a t
tepung	t ə p o ŋ
tepung	t ə p ʊ ŋ
tera	t e r a
tera	t ə r a
terang	t ə r a ŋ
teratak	t ə r ä t ä ʔ
terbaik	t ə r b a ʔ i ʔ
terbang	t ə r b a ŋ
terbatas	t ə r b a t a s
terengganu	t ə r ə ŋ ɡ a n u
teripang	t ə r i p a ŋ
terjemah	t ə r d͡ʒ ə m a h
terjemahan	t ə r d͡ʒ ə m a h a n
terkenal	t ə r k ə n a l
terung	t ə r o ŋ
terung	t ə r ʊ ŋ
terusan	t ə r u s a n
tetap	t ə t a p
tetapi	t ə t a p i
tetas	t ə t a s
tian	t i a n
tiang	t i a ŋ
tidak	t i d a ʔ
tidur	t i d o r
tidur	t i d ʊ r
tiga	t i ɡ a
tigă	t i ɡ a
tigă	t i ɡ ə
timbak	t i m b a ʔ
timbel	t i m b ə l
timor	t i m o r
timor	t i m ʊ r
timur	t i m o r
timur	t i m ʊ r
tindakan	t i n d a k a n
tinggal	t i ŋ ɡ ä l
tingkap	t i ŋ k a p
tinjau	t i n d͡ʒ a u̯
tirai	t i r a j
tiram	t i r a m
titi	t i t i
titiang	t i t i a ŋ
tiup	t i u p
tohor	t o h o r
toko	t o k o
tolak	t o l a k
tolong	t o l o ŋ
tonggeng	t o ŋ ɡ e ŋ
tonggeng	t o ŋ ɡ ɪ ŋ
tongong	t o ŋ o ŋ
tonton	t o n t o n
tontonan	t o n t o n a n
topi	t o p i
tredesilion	t r e d ɛ s i l i o n
tren	t r e n
tri	t ə r i
trilion	t r i l i o n
tu	t u
tua	t u a
tuai	t u a i̯
tuala	t u a l a
tuala	t u a l ə
tuan	t u a n
tuanku	t u a n k u
tuas	t u a s
tuba	t u b a
tubin	t u b e n
tubin	t u b ɪ n
tubuh	t u b u h
tuduh	t u d u h
tudung	t u d u ŋ
tuha	t u h a
tuha	t u h ə
tuhan	t u h a n
tuhut	t u h o t
tuhut	t u h ʊ t
tuil	t u i l
tujoh	t u d͡ʒ o h
tujoh	t u d͡ʒ ʊ h
tuju	t u d͡ʒ u
tujuan	t u d͡ʒ u a n
tujuh	t u d͡ʒ u h
tuk	t u k
tulang	t u l a ŋ
tulat	t u l a t
tuli	t u l i
tulis	t u l e s
tulis	t u l ɪ s
tuma	t u m a
tuma	t u m ə
tumbuh	t u m b o h
tumbuh	t u m b ʊ h
tumbuhan	t u m b o h a n
tumbuhan	t u m b ʊ h a n
tumpul	t u m p u l
tuna	t u n a
tunggal	t u ŋ ɡ a l
tunjuk	t u n d͡ʒ u k
tupai	t u p a i̯
turun	t u r u n
turus	t u r o s
turus	t u r ʊ s
tutup	t u t u p
tĕlu	t ə l u
uap	u a p
ubah	u b a h
uban	u b a n
ubat	u b a t
ubi	u b i
ucap	u t͡ʃ a p
uda	u d a
uda	u d ə
udang	u d a ŋ
ufti	u f t i
ujan	u d͡ʒ a n
uji	u d͡ʒ i
ujian	u d͡ʒ i a n
ujung	u d͡ʒ o ŋ
ujung	u d͡ʒ ʊ ŋ
ukur	u k o r
ukur	u k ʊ r
ulang	u l a ŋ
ular	u l a r
ulas	u l a s
ulat	u l a t
ultrakonservatif	u l t r a k ɔ n s ə r v a t i f
umak	u m a ʔ
umbi	u m b i
ummah	u m m a h
undesilion	u n d ɛ s i l i o n
undur	u n d o r
undur	u n d ʊ r
ungu	u ŋ u
ungu	u ŋ ɡ u
unta	u n t a
untuk	u n t o ʔ
untuk	u n t ʊ ʔ
untung	u n t o ŋ
untung	u n t ʊ ŋ
unvigintilion	u n v i ɡ i n t i l i o n
upah	u p a h
upas	u p a s
urat	u r a t
urin	u r i n
urus	u r o s
urus	u r ʊ s
usik	u s e ʔ
usik	u s ɪ ʔ
usir	u s e r
usir	u s ɪ r
usung	u s o ŋ
usung	u s ʊ ŋ
usus	u s o s
usus	u s ʊ s
utak	u t a ʔ
utama	u t a m a
utama	u t a m ə
utan	u t a n
utara	u t a r a
utara	u t a r ə
utară	u t a r a
utară	u t a r ə
uterus	u t ə r u s
utus	u t o s
utus	u t ʊ s
uvula	u v u l a
vigintilion	v i ɡ i n t i l i o n
vokal	v o k a l
waduh	u a d o h
waduh	u a d ʊ h
wahai	w a h a i̯
wahid	w a h e t
wahid	w a h ɪ t
wai	w a i
waktu	w a k t u
walaupun	w ä l ä u p ʊ n
wangi	w a ŋ i
wanita	w a n i t a
wap	u a p
waras	w a r a s
warganegara	w a r ɡ a n ə ɡ a r a
waris	w a r i s
warkah	w a r k a h
warna	w a n ə
warna	w a ɾ n a
warta	w a r t a
wayu	w a j u
welirang	w e l i r a ŋ
weskot	w e s k o t
wilayah	w i l aː y ɑː
woksyop	w o k ʃ o p
worawari	w o r a w a r i
xilofon	z i l o f o n
ya	j a
yah	j a h
yang	i a ŋ
yatim	y a t i m
yayi	j a j i
yu	i u
yu	j u
zabib	z a b i b
zaman	z a m a n
zaujah	z a ʊ d͡ʒ a h
zawiat	z a w i a t
zilofon	z i l o f o n
zirafah	z i r a f a h
zohrin	z u h r i n
zoo	z u
zooekologi	z u e k o l o ɡ i
zuhara	z u h a r a
zuharah	z u h a r a h
zuhrah	z u h r a h
zuhrat	z u h r a t
zuriat	z u r i a t
ămpat	ə m p a t
ănam	ə n a m
ĕmpat	ə m p a t
ĕnam	ə n a m
ĕsă	ə s a
ĕsă	ə s ə
