'ns	n̩ s
'ns	ə n s
aadje	aː c ə
aalspeer	aː l s p ɪː r
aanbrengertje	aː n b r ɛ ŋ ə r c ə
aardpeer	aː r t p ɪː r
acupunctuur	ɑ k y p ʏ ŋ k t yː r
agga	ɑ ɡ a
allemaal	ɑ l ə m aː ɫ
allemaal	ɑ ɫ ə m aː ɫ
als	ɑ ɫ s
alweer	ɑ l ʋ ɪː r
alweer	ɑ l β̞ ɪː r
annulering	ɑ n y l ɪː r ɪ ŋ
apostel	ɑ p ɔ s t ə l
arthur	ɑ r t yː r
asbak	ɑ s b ɑ k
asbak	ɑ z b ɑ k
augurk	ɑ u̯ ɣ ʏ r k
augurk	ɑ u̯ ɣ ʏ r ə k
avontuur	aː v ɔ n t yː r
baal	b aː l
badjas	b ɑ c ɑ s
badjuf	b ɑ c ʏ f
badjuf	b ɑ t j ʏ f
badjuffrouw	b ɑ c ʏ f r ɑ u̯
badjuffrouw	b ɑ t j ʏ f r ɑ u̯
bagdad	b ɑ ɣ d ɑ t
bakbanaan	b ɑ k b aː n aː n
bakbanaan	b ɑ ɡ b aː n aː n
bakje	b ɑ c ə
bakje	b ɑ k j ə
bammetje	b ɑ m ə c ə
barcelona	b ɑ r s ə l o ʊ̯ n a
barcelona	b ɑ r s ə l oː n a
basket	b ɑː s k ə t
basketbal	b ɑː s k ə t b ɑ l
basketballen	b ɑː s k ə t b ɑ l ə n
beamen	b ə ʔ aː m ə n
beantwoorden	b ə ʔ ɑ n t ʋ oː r d ə n
bedierf	b ə d i r f
beer	b ɪː r
begeerlijkheid	b ə x ɪː r l ə k ɦ ɛ i̯ t
begeerlijkheid	b ə ɣ ɪː r l ə k ɦ ɛ i̯ t
begon	b ə x ɔ n
beroerd	b ə r uː r t
beroeren	b ə r uː r ə n
besturen	b ə s t yː r ə n
bewoonbaar	b ə ʋ o ʊ̯ n b aː r
bewoonbaar	b ə β̞ oː n b aː r
bezeerd	b ə z ɪː r t
bier	b iː r
bijltje	b ɛ i̯ l c ə
binnenpretje	b ɪ n ə n p r ɛ c ə
bisdom	b ɪ s d ɔ m
bisdom	b ɪ z d ɔ m
blaze	b l aː z ə
blijheid	b l ɛ i ɦ ɛ i t
blijheid	b l ɛː ɦ ɛː t
bloedplaatje	b l u t p l aː c ə
boei	b u i̯
boekestijntje	b u k ə s t ɛ i̯ n c ə
bolhoop	b ɔ l h o ʊ̯ p
bolhoop	b ɔ l ɦ o ʊ̯ p
bolhoop	b ɔ l ɦ oː p
bombardeergaljoot	b ɔ m b ɑ r d ɪː r ɣ ɑ l j o ʊ̯ t
bommetje	b ɔ m ə c ə
bontjas	b ɔ n c ɑ s
boom	b oː m
boomblad	b o ʊ̯ m b l ɑ t
boomblad	b oː m b l ɑ t
boon	b o ʊ̯ n
boon	b oː n
boot	b o ʊ t
boot	b oː t
borduren	b ɔ r d yː r ə n
brada	b r a d a
brandewijn	b r ɑ n d ə ʋ ɛ i̯ n
brandewijn	b r ɑ n d ə β̞ ɛ i̯ n
brandewijn	b r ɑ n d ə β̞ ɛː n
brandweer	b r ɑ n t ʋ ɪː r
breed	b r eː t
bridge	ɹ
bucketlist	b ɑ k ə t l ɪ s t
bucketlist	b ʌ k ə t l ɪ s t
buidel	b œ y̯ d ə l
buideldier	b œ y̯ d ə l d iː r
buideldier	b œː d ə l d iː r
buit	b œː t
buit	b ɜ ʏ̯ t
buitenvrouw	b œ y t ə f r ʌ u
buitenvrouw	b œ y t ə n v r ɑ u̯
buitenvrouw	b œ y t ə n v r ʌ u̯
buitenwipper	b œː t ə n β̞ ɪ p ə r
cambodja	k ɑ m b ɔ c a
cambodjaan	k ɑ m b ɔ c aː n
cambodjaans	k ɑ m b ɔ c aː n s
cast	k ɑː s t
casten	k ɑː s t ə n
cesium	s eː z i ʏ m
chatroom	t ʃ ɛ t ɹ uː m
cheers	t ʃ ɪː r s
chirurg	ʃ i r ʏ r x
chirurg	ʃ i r ʏ r ə x
coach	k o ʊ̯ t ʃ
coach	k oː t ʃ
constitueren	k ɔ n s t i t y ɥ eː r ə n
contrabandier	k ɔ̃ n t r aː b ɑ̃ d j eː
cornelis	k ɔ r n e i̯ l ɪ s
cornelis	k ɔ r n eː l ɪ s
coulomb	k u l ɔ m p
coulomb	k u l ɔ̃ m p
croissant	k r ɑ s ɑ̃
croissant	k r ʋ ɑ s ɑ̃
cultuur	k ʏ l t yː r
daalder	d a l d ə r
daarstraks	d aː r s t r ɑ k s
deathmetal	d ɛ θ
december	d e ɪ s ɛ m b ə r
deel	d eː ɫ
deerne	d ɪː r n ə
deur	d ʏː r
diamagnetisch	d i j a m ɑ x n eː t i s
dier	d i ə r
dier	d iː r
diksmuide	d ɪ k s m œ y̯ d ə
docent	d o ʊ̯ s ɛ n t
docent	d oː s ɛ n t
docente	d o ʊ̯ s ɛ n t ə
docente	d oː s ɛ n t ə
dominee	d o ʊ̯ m i n e ɪ̯
dominee	d oː m i n eː
donjon	d ɔ n ʒ ɔ n
donjon	d ɔ̃ ʒ ɔ̃
dope	d oː p ə
drij	d ɾ a̠ː
dronk	d r ɔ ŋ k
druif	d r œ y̯ f
drukkend	d r ʏ k ə n t
duitsland	d œ y̯ t s l ɑ n t
duitsland	d œː t s l ɑ n t
duitsland	d ʌ y̯ t s l ɑ n t
duomoeder	d y ɥ oː m u d ə r
duren	d yː r ə n
duur	d y ə r
duur	d yː r
een	e ɪ̯ n
een	eː n
eend	e i̯ n t
eend	eː n t
eenhoorn	eː n ɦ oː r n
eenhoorn	eː n ɦ oː r ə n
eerst	ɪː r s t
eet	e ɪ̯ t
eet	eː t
elfde	ɛ l f d ə
elfde	ɛ l v d ə
elkaar	ɛ ɤ̯ k aː ɻ
emir	e ɪ̯ m i r
emir	eː m i r
emmer	ɛ m ə r
enfin	ɑ̃ f ɛ̃
enkeltje	ɛ ŋ k ə l c ə
ete	e ɪ̯ t ə
ete	eː t ə
etend	e ɪ̯ t ə n t
etend	eː t ə n t
etui	e t ʋ i
europa	øˑ r oː p aˑ
europa	ʏˑ r oː p aˑ
europees	øː r oˑ p eː s
europees	ʏː r oˑ p e ɪ̯ s
fabelleer	f aː b ə ɫ l ɪː r
fier	f iː r
fiets	f i t s
fluor	f l y ɥ ɔ r
frankrijk	f r ɑ ŋ k r æ ɪ̯ k
frankrijk	f r ɑ ŋ k r ɛ i̯ k
frankrijk	f r ɑ ŋ k r ɛː k
frederik	f r e i̯ d ə r ɪ k
frederik	f r eː d ə r ɪ k
gapend	ɣ aː p ə n t
gebbetje	x ɛ b ə c ə
gedacht	ɣ ə d ɑ x t
gedacht	ʝ ə d ɑ ç t
geen	x e ɪ n
geen	x eː n
geen	ɣ e ɪ n
geen	ʝ eː n
geen	χ e ɪ n
geintje	ɣ ɛ i̯ n c ə
geld	x ɛ l t
geld	ɣ ɛ l t
gelijkaardig	ʝ ə l ɛː k aː r d ə x
genève	ʒ ə n ɛː v ə
geschiedkunde	ɣ ə s x i t k ʏ n d ə
geschut	ɣ ə s x œ t
geschutskoepel	ɣ ə s x œ t s k u p ə l
geslapen	ɣ ə s l aː p ə n
gespierd	x ə s p iː r t
gespierd	ʝ ə s p iː r t
getikt	ɣ ə t ɪ k t
goal	ɡ oː l
goldrush	ɡ ɔ l t ɹ ʌ ʃ
goodwill	ɡ u d w ɪ l
goodwill	ɡ u t ʋ ɪ l
grootmeester	x r o ʊ̯ t m e ɪ̯ s t ə r
guur	ɣ yː r
haarlemmermeer	ɦ aː r l ɛ m ə r m ɪː r
halte	ɦ ɑ ɫ t ə
heerlijk	ɦ ɪː r l ə k
heeroom	ɦ ɪː r o ʊ̯ m
heeroom	ɦ ɪː r oː m
herfst	ɦ ɛ r f s t
herfst	ɦ ɛ r ə f s t
hier	ɦ i ə r
hier	ɦ iː r
hoer	ɦ uː r
hommel	ɦ ɔ m ə ɫ
hoofddoek	ɦ o ʊ̯ f d u k
hoofddoek	ɦ oː f d u k
hoofddoek	ɦ oː v d u k
hoornaar	ɦ oː r n aː r
houdoe	ɑ u d u
houdoe	ɦ ɑ u d u
hufterproof	ɹ
huid	ɦ œ y̯ t
huid	ɦ œː t
huizinga	h œ y̯ z ɪ ŋ ɣ a
huizinga	ɦ œ y̯ z ɪ ŋ ɣ a
hulp	ɦ ʏ ɫ p
huren	ɦ yː r ə n
huur	ɦ yː r
ideaal	i d eː j aː l
idee	i d eː
ijsje	ɛ i̯ ʃ ə
infecteren	ɪ ɱ f ɛ k t ɪː r ə n
integendeel	ɪ n t eː ɣ ə n d eː l
interviewen	ɪ n t ə r v j u w ə n
interviewen	ɪ n t ə r v j u ʋ ə n
investituur	ɪ n v ɛ s t i t yː r
jager	j aː x ə r
jager	j aː ɣ ə r
jager	j aː ʝ ə r
joegoslavië	j u x o ʊ̯ s l aː f i j ə
joegoslavië	j u x o ʊ̯ s l aː v i j ə
karikatuur	k aː r i k aː t yː r
karper	k ɑ r p ə r
kauw	k ʌ u̯
keel	k eː ɫ
keerzang	k ɪː r z ɑ ŋ
kermodebeer	k ɜ ɹ m o ʊ̯ d b ɪː r
kernonderzeeër	k ɛ r ə n ɔ n d ə r z eː j ə r
klankleer	k l ɑ ŋ k l ɪː r
kleermaakster	k l ɪː r m aː k s t ə r
kleermaker	k l ɪː r m aː k ə r
kleermakerij	k l ɪː r m aː k ə r ɛ i̯
kleineren	k l ɛ i n ɪː r ə n
klemtoon	k l ɛ m t o n
kleur	k l øː r
kleur	k l ʏː r
knijp	k n ɛ i̯ p
koelcel	k u ɫ s ɛ ɫ
koepel	k u p ə l
kookboek	k o ʊ̯ k b u k
kookboek	k o ʊ̯ ɡ b u k
kookboek	k oː k b u k
kookboek	k oː ɡ b u k
koper	k o ʊ̯ p ə r
koper	k oː p ə r
korset	k ɔ r s ɛ t
kraanvogel	k r aː ɱ v oː ɣ ə l
kuur	k yː r
laagst	l aː x s t
laars	l aː r s
leegst	l eː x s t
leerling	l ɪː r l ɪ ŋ
leerlinge	l ɪː r l ɪ ŋ ə
leerstellig	l ɪː r s t ɛ l ə x
leerstuk	l ɪː r s t ʏ k
legeren	l ə ɣ ɪː r ə n
lelijk	l e ɪ̯ l ə k
lelijk	l eː l ə k
lemmetje	l ɛ m ə c ə
lemmetje	l ɛ m ɛ c ə
leraar	l ɪː r aː r
lerares	l eː r aː r ɛ s
lief	l i f
liefde	l i f d ə
liefde	l i v d ə
liefdeloos	l i f d ə l oː s
liefdeloos	l i v d ə l oː s
lier	l i ə̯ r
lier	l iː r
lieverd	l iː v ə r t
literatuur	l i t ə r aː t yː r
locomotief	l o ʊ̯ k o ʊ̯ m o ʊ̯ t i f
locomotief	l oː k oː m oː t i f
lul	l ʏ ɫ
markeerboei	m ɑ r k ɪː r b u i̯
markt	m ɑ r k t
markt	m ɑ r t
markt	m ɑ r ə k t
meedelen	m eː d eː l ə n
meedeling	m eː d eː l ɪ ŋ
meer	m ɪː r
meerboei	m ɪː r b u i̯
meerderheidsbelang	m ɪː r d ə r h ɛ i̯ t s b ə l ɑ ŋ
meerderheidsbelang	m ɪː r d ə r ɦ ɛː t s b ə l ɑ ŋ
meerkat	m ɪː r k ɑ t
meermin	m ɪː r m ɪ n
meesmuilen	m eː s m œ y̯ l ə n
meesmuilen	m eː z m œ y̯ l ə n
melk	m ɛ l ə k
melk	m ɛ ɫ k
metselaar	m ɛ t s ə l aː r
meutte	m ɘ t ɘ
mier	m i ɻ
mier	m iː r
mietje	m i c ə
moer	m uː r
muur	m yː r
naatje	n aː c ə
nam	n ɑ m
natuur	n aː t yː r
natuurlijk	n aː t yː r l ə k
nauw	n ɔ u
nauw	n ʌ u̯
navolging	n aː v ɔ l x ɪ ŋ
nee	n e ɪ
neer	n ɪː r
neerschieten	n ɪː r s x i t ə n
neerslachtig	n ɪː r s l ɑ x t ə x
negorij	n eː ɣ oː r ɛ i
neukfeest	n øː k f eː s t
nevelvlek	n eː v ə ɫ v l ɛ k
niel	n i l
nier	n iː r
noot	n o ʊ̯ t
noot	n oː t
oei	u i̯
oliebol	o ʊ̯ l i b ɔ l
oliebol	oː l i b ɔ l
omleiden	ɔ m l ɛ i d ə n
omlopen	ɔ m l oː p ə n
ommetje	ɔ m ə c ə
omrijden	ɔ m r ɛ i d ə n
omringen	ʔ ɔ m r ɪ ŋ ə n
omver	ɔ m v ɛ r
oncoloog	ɔ n k o ʊ̯ l o ʊ̯ x
oncoloog	ɔ n k oː l oː x
oncoloog	ɔ n k oː l oː ʝ
onwaardig	ɔ n ʋ aː r d ə x
onwettig	o n w ɛ t ɪ x
onwettig	ɔ n ʋ ɛ t ɪ χ
oost	o ʊ̯ s t
oost	oː s t
oosten	o ʊ̯ s t ə n
oosten	oː s t ə n
opdonderen	ɔ b d ɔ n d ə r ə n
overijssel	oː v ə r ɛ i̯ s ə ɫ
overlopen	oː v ə r l oː p ə n
overschakelen	oː v ə r s x aː k ə l ə n
overstroming	o ʊ̯ v ə r s t r o ʊ̯ m ɪ ŋ
overstroming	oː v ə r s t r oː m ɪ ŋ
palermo	p a l ɛ r m o ʊ̯
palermo	p a l ɛ r m oː
pandjesjas	p ɑ n c ə s j ɑ s
paperback	p eː p ə ɹ b ɛ k
paperback	p eː p ɚ b ɛ k
parttime	p ɑː ɹ t ɑ i̯ m
paspoort	p ɑ s p oː r t
paspoort	p ɑ s p ʊː r t
pauw	p ɑ u̯
pauw	p ʌ u̯
peer	p ɪː r
pericarp	p ɪː r i k ɑ r p
peritoneum	p ɪː r i t o ʊ̯ n e j ʏ m
peritoneum	p ɪː r i t oː n eː ʏ m
peritonitis	p ɪː r i t o ʊ̯ n i t ɪ s
peritonitis	p ɪː r i t oː n i t ɪ s
persoon	p ə r s o ʊ̯ n
persoon	p ə r s oː n
persoon	p ɛ r s o ʊ̯ n
pijpen	p ɛ i p ə n
planetarium	p l a n e t aː r i ʏ m
poentje	p u n c ə
poffertje	p ɔ f ə r c ə
pokkenweer	p ɔ k ə ʋ ɪː r
polen	p o ʊ̯ l ə n
polen	p oː l ə n
poëtaster	p oː w eː t ɑ s t ə r
prinsheerlijk	p r ɪ n s ɦ ɪː r l ə k
pterosauriër	p t ɪː r o ʊ̯ s ɑ u̯ r i ə r
pterosauriër	p t ɪː r oː s ɑ u̯ r i ə r
pterosaurus	p t ɪː r o ʊ̯ s ɑ u̯ r ʏ s
pterosaurus	p t ɪː r oː s ɑ u̯ r ʏ s
puffertje	p ʏ f ə r c ə
putjesschepper	p ʏ c ə s x ɛ p ə r
puur	p yː r
ramp	ɹ æ m p
ransomware	ɹ ɛ n s ə m w ɛː ɹ
ranst	r ɑ n s t
repareren	r eː p ɐ r ɪː r ə n
rijs	r a ɪ̯ s
rijs	r ɛː s
rijs	r ɛ̞ i̯ s
rijs	r ɛ̞ ɪ̯ s
roer	r uː r
roeren	r uː r ə n
rondje	r ɔ n t ç ə
rondje	r ɔ ɲ c ç ə
rotje	r ɔ c ə
rotjeknor	r ɔ c ə k n ɔ r
rukbeer	r ʏ k b ɪː r
rutte	r ʏ t ə
ruud	r y t
saffiaantje	s ɑ f i aː n c ə
scheerkwast	s x ɪː r k ʋ ɑ s t
scheet	s x e i̯ t
scheet	s x eː t
scheetje	s x eː c ə
schelden	s x ɛ ɫ d ə n
schiereiland	s x iː r æ ɪ̯ l ɑ n t
schiereiland	s x iː r ɛ ɪ̯ l ɑ n t
schiereiland	s x iː r ɛː l ɑ n t
schoon	s x o ʊ̯ n
schoon	s x oː n
schoonmaken	s x o ʊ̯ n m aː k ə n
schoonmaker	s x o ʊ̯ n m aː k ə r
schoonmaker	s x oː n m aː k ə r
schrijf	s x r ɛ i f
schuren	s x yː r ə n
schuur	s x yː r
serum	s ɪː r ʏ m
shredden	ʃ ɹ ɛ d ə n
shredder	ʃ ɹ ɛ d ə r
sieren	s iː r ə n
simpel	s ɪ m p ə l
sjaal	ʃ aː l
slotjes	s l ɔ c ə s
slovenië	s l o ʊ̯ f e ɪ̯ n i j ə
slovenië	s l o ʊ̯ v e ɪ̯ n i j ə
slowakije	s l o ʊ̯ ʋ aː k æ ɪ̯ j ə
slowakije	s l o ʊ̯ ʋ aː k ɛ i̯ j ə
slowakije	s l oː ʋ aː k ɛː j ə
smartphone	s m ɑ ɹ t f o ʊ̯ n
smartphone	s m ɑ ɹ t f oː n
smatje	s m ɑ c ə
smeerenburg	s m ɪː r ə n b ɵ r x
smoothie	s m uː d i
smoothie	s m uː t i
smoothie	s m uː ð i
smoothie	s m uː θ i
sneeuwwitje	s n eː u̯ ʋ ɪ c ə
soest	s u s t
speerhaai	s p ɪː r ɦ aː i̯
speler	s p e ɪ̯ l ə r
speler	s p eː l ə r
speurtocht	s p ʏː r t ɔ x t
spier	s p iː r
spoliëren	s p oː l i j eː r ə n
spraakzaam	s p r aː k z aː m
springveer	s p r ɪ ŋ v ɪː r
spruitje	s p r œ y̯ c ə
steeds	s t eː t s
stereotyperen	s t ɪː r eː oː t i p ɪː r ə n
stereotyperen	s t ɪː r ɪː o ʊ̯ t i p ɪː r ə n
stierf	s t i r f
stoeltjeslift	s t u l c ə s l ɪ f t
stofberg	s t ɔ f b ɛ ɹ χ
stoker	s t o ʊ̯ k ə r
stoker	s t oː k ə r
straks	s t r ɑ k s
strandweer	s t r ɑ n t ʋ ɪː r
strandweer	s t r ɑ n t β̞ ɪː r
streaken	s t ɹ iː k ə n
streaker	s t ɹ iː k ə r
stroop	s t r o ʊ̯ p
stroop	s t r oː p
stroopkoek	s t r o ʊ̯ p k u k
stroopwafel	s t r o ʊ̯ p ʋ aː f ə l
structuur	s t r ʏ k t yː r
studeerkamer	s t y d ɪː r k aː m ə r
sturen	s t yː r ə n
surfen	s ʏ r f ə n
tapir	t aː p i r
tatoeage	t a t u aː ʒ ə
technisch	t ɛ x n i s
teerzand	t ɪː r z ɑ n t
tegendeel	t eː ɣ ə n d eː l
telluur	t ɛ l yː r
tepel	t e i̯ p ə l
tepel	t eː p ə l
theems	t e ɪ̯ m s
theems	t eː m s
thrash	θ ɹ ɛ ʃ
thrashmetal	θ ɹ ɛ ʃ
toekomst	t u k ɔ m s t
toekomstig	t u k ɔ m s t ɪ x
toer	t uː r
toerisme	t u r ɪ s m ə
toon	t o ʊ̯ n
toon	t oː n
tree	t r e ɪ̯
tree	t r eː
turkije	t ʏ r k ɛ i̯ j ə
turkije	t ʏ r k ɛː j ə
tutoyeren	t y t ʋ a j ɪː r ə n
tweetalig	t ʋ eː t aː l ə x
tweetallig	t ʋ eː t ɑ l ə x
tweeëndertig	t ʋ eː j ə n d ɛ r t ə x
tweeëntwintig	t ʋ eː j ə n t ʋ ɪ n t ə x
uitdrukking	œ y̯ t d r ʏ k ɪ ŋ
uitdrukking	œː t d r ʏ k ɪ ŋ
uitdrukking	ʌ y̯ t d r ʏ k ɪ ŋ
uitje	œ y̯ c ə
uitje	œ y̯ t j ə
uitspraak	œ y̯ t s p r aː k
uitspraak	œː t s p r aː k
uitspraak	ʌ y̯ t s p r aː k
uitspraakwoordenboek	œ y̯ t s p r aˑ k ʋ ʊː r d ə m b u k
uitspraakwoordenboeken	œ y̯ t s p r aː k ʋ ʊː r d ə m b u k ə n
uitspraakwoordenboekje	œ y̯ t s p r aː k ʋ ʊː r d ə m b u k j ə
uitspraakwoordenboekjes	œ y̯ t s p r aː k ʋ ʊː r d ə m b u k j ə s
uittocht	œː t ɔ x t
uittocht	ʌ y̯ t ɔ x t
understatement	ə
understatement	ɚ
uren	yː r ə n
uur	yː r
vaag	v aː x
vaatwasser	v aː t ʋ ɑ s ə r
valg	v ɑ l x
vandaag	f a n d aː x
vandaag	f ɑ n d aː x
vandaag	f ə n d aː x
vandaag	v ɑ n d aː x
vandaag	v ɑ n d aː ç
vandaag	v ə n d aː ç
veer	v ɪː r
veerman	v ɪː r m ɑ n
veertiende	v ɪː r t i n d ə
veneroloog	v e i̯ n ɪː r o ʊ̯ l o ʊ̯ x
veneroloog	v eː n ɪː r oː l oː x
veroorzaken	v ə r ʊː r z aː k ə n
verpleegster	v ə r p l e ɪ̯ x s t ə r
verpleegster	v ə r p l eː x s t ə r
verpleger	v ə r p l e ɪ̯ x ə r
verpleger	v ə r p l e ɪ̯ ɣ ə r
verpleger	v ə r p l eː ɣ ə r
vertaalwoordenboek	v ə r t aː ɫ ʋ ʊː r d ə m b u k
vertaalwoordenboeken	v ə r t aː ɫ ʋ ʊː r d ə m b u k ə n
vertaalwoordenboekje	v ə r t aː ɫ ʋ ʊː r d ə m b u k j ə
vertaalwoordenboekjes	v ə r t aː ɫ ʋ ʊː r d ə m b u k j ə s
vertier	v ə r t iː r
vervoer	v ə r v uː r
verwelken	v ə r ʋ ɛ l ə k ə n
verwelken	v ə r ʋ ɛ ɫ k ə n
vetleer	v ɛ t l ɪː r
veurne	v øː r n ə
vier	v i ə r
vier	v iː r
vierde	v iː r d ə
vieren	v iː r ə n
viering	v iː r ɪ ŋ
vijfde	v ɛ i̯ v d ə
vindt	v ɪ n t
virtuoos	v ɪ r t y ɥ oː s
vlammetje	v l ɑ m ə c ə
vloeistof	f l u i̯ s t ɔ f
vloeistof	v l u i̯ s t ɔ f
vloeitje	v l u i̯ c ə
vloer	v l uː r
voering	v uː r ɪ ŋ
voetbal	v u d b ɑ l
voetbal	v u t b ɑ l
vogel	v o ʊ̯ χ ɔ ɫ
vonden	v ɔ n d ə n
voogd	v oː x t
voor	v ʊː r
voorbeeld	v oː r b eː l t
voorbeeld	v ʊː r b eː l t
voorbeeldig	v ʊː r b eː l d ə x
vooroordeel	v ʊː r ʊː r d eː ɫ
vormenleer	v ɔ r m ə n l ɪː r
vormleer	v ɔ r m l ɪː r
vrijheid	f r ɛ i ɦ ɛ i̯ t
vrijheid	v r ɛː ɦ ɛː t
vulgair	v ʏ l x ɛː r
vulgair	v ʏ l ʝ ɛː r
vuren	v yː r ə n
vuur	v yː r
vuvuzela	v u v u z eː l aː
waardig	ʋ aː r d ə x
wambuis	ʋ ɑ m b œ y̯ s
wanneer	ʋ ɑ n ɪ ə r
wanneer	ʋ ɑ n ɪː r
wanneer	β ɑ n ɪː r
wasbeer	ʋ ɑ z b ɪː r
waterfiets	ʋ aː t ə r f i t s
waterfiets	β̞ aː t ə r f i t s
waterloo	ʋ aː t ə r l o ʊ̯
waterloo	β̞ aː t ə r l oː
watt	ʋ ɑ t
watt	ʋ ɒ t
wederwraak	ʋ e i̯ d ə r v r aː k
wederwraak	β̞ eː d ə r v r aː k
weer	w eː r
weer	ʋ ɪː r
weer	ʋ ɪː ɹ
weer	β̞ eː r
weerpluim	ʋ ɪː r p l œ y̯ m
weerpluim	β̞ ɪː r p l œː m
weerstand	ʋ ɪː r s t ɑ n t
weerstand	β̞ ɪː r s t ɑ n t
weerwraak	ʋ ɪː r v r aː k
weetje	ʋ e i̯ c ə
wend	ʋ ɛ n t
wenen	ʋ e ɪ̯ n ə n
wenen	ʋ eː n ə n
wierp	ʋ i r p
wijsgeer	ʋ ɛ i̯ s x ɪː r
wijsheid	w ɛ i̯ s ɦ ɛ i̯ t
wijsheid	w ɛː s ɦ ɛː t
wijsheid	ʋ a i̯ s ɦ a i̯ t
wijsheid	ʋ æ i̯ s ɦ æ i̯ t
wijsheid	ʋ ɛ i̯ s ɦ ɛ i̯ t
wijsheid	β̞ ɛ i̯ s ɦ ɛ i̯ t
wijsheid	β̞ ɛː s ɦ ɛː t
windhoek	ʋ ɪ n t ɦ u k
woord	ʋ ʊː r t
woordenboek	ʋ ʊː r d ə n b u k
woordenboeken	ʋ ʊː r d ə m b u k ə n
woordenboekje	ʋ ʊː r d ə m b u k j ə
woordenboekjes	ʋ ʊː r d ə m b u k j ə s
wreed	v r eː t
wrevel	v r eː v ə lˤ
xerofyt	k s ɪː r o ʊ̯ f i t
xerofyt	k s ɪː r oː f i t
zakdoek	z ɑ k d u k
zakdoek	z ɑ ɡ d u k
zeebeer	s e i̯ b ɪː r
zeebeer	z e i̯ b ɪː r
zeebeer	z eː b ɪː r
zeekoe	s e i̯ k u
zenuwachtigheid	z eː n y w ɑ x t ə x h ɛ i̯ t
zenuwachtigheid	z eː n y w ɑ x t ə x ɦ ɛ i̯ t
zesde	z ɛ z d ə
zone	z ɔː n ə
zonnebaden	z ɔ n ə b aː d ə n
zoroaster	z oː r o ʊ̯ ɑ s t ə r
zuiderzee	z œ y̯ d ə r z eː
zuur	z y ə r
zuur	z yː r
zweer	z ʋ ɪː r
zwierf	z ʋ i r f
zwijntjesjager	s ʋ ɛ i̯ n c ə s j aː x ə r
zwijntjesjager	z ʋ ɛ i̯ n c ə s j aː ɣ ə r
