a	a
a	ɑː
ablegøyer	ɑ b l ə ² ɡ œ ʏ ə r
abortiv	ɑ b ɔ ʁ t iː ʋ
abortiv	ɑ b ɔ ʈ iː ʋ
acre	æ ɪ k ə r
adel	ɑː d ɛ l
adept	ɑ d ɛ p t
adle	² ɑ d l ə
adle	² ɑː d l ə
afrikansk	ɑ f r i k ɑː n s k
aftan	ɑ̂ f t ɑ n
age	² ɑː ɡ ə
agje	² ɑː j ə
agjen	² ɑː j ə n
agn	ɑ ŋ n
agurktid	a ɡ ʉ r k t iː
ake	² ɑː k ə
akjån	² ɑː ç oː n
akka	² ɑ k k ɑ
akka	ɑ k k ɑ
akke	² ɑ k k ə
aksel	² ɑ k s ɛ l
aksel	ɑ k s ɛ l
aksent	ɑ k s ɑ ŋ
aktsam	a k t s aː m
alaskar	a l a s k a r
alaskisk	a l a s k i s k
alde	² ɑ l d ə
alder	ɑ l d ɛ r
alfabet	a l f a b eː t
alke	² ɑ l k ə
all	ɑ lː
alle	² ɑ l l ə
alle	ɑ l l eː
altso	ɑ l t s ɔ
altso	ɑ l t s ʊ
altså	ɑ l t s ɔ
alvorleg	ɑ l ʋ oː r l ɛ
alvorleg	ɑ l ʋ oː r l ɛ ɡ
amerikanar	aː m ə r i k aː n aː r
ammetåke	² ɑ m m ə t oː k ə
ananas	ɑ nː ɑ n ɑ s
and	ɑ n d
and	ɑ nː
andektig	ɑ n d ɛ k t ɪ
andlet	² ɑ n l eː t
ane	ɑː n ə
anga	² ɑ ŋ ŋ ɑ
angar	² ɑ ŋ ŋ ɑ r
ange	² ɑ ŋ ŋ ə
angje	² ɑ n j eː
angje	² ɑ ŋ j ə
angje	² ɑ ɲ j ə
angjen	² ɑ ŋ j ə n
angripa	a n ɡ r iː p a
ankel	² ɑ ŋ k ə l
annan	² ɑ nː ɑ n
anten	a n t ɛ n
antibiotikum	a n t i b i uː t i k ʉ m
apokalypse	a p u k a l y p s ə
argument	ɑ r ɡ ʉ m ɛ n t
arkja	ɑ r ç ɑ
arm	ɑ r m
arme	² ɑ r m ə
arme	ɑ r m eː
ase	² ɑː s ə
ask	ɑ s k
at	ɑ tː
atal	² ɑː t ɑ l
ateist	ɑ t ə ɪ s t
atomvåpen	aː t uː m ʋ ɒː p ɛ n
attanfor	a t a n f ɔ r
atten	² ɑ t t ə n
atter	ɑ tː ɛ r
attom	² a tː ʊ m
aud	æ ʉ
auga	² æ ʉ̯ ɡ ɑ
auga	² œ ʉ̯ ɡ ɑ
auge	² æ ʉ̯ ɡ ə
augestikkar	ø ʉ ɡ ə s t i k a r
auget	² æ ʉ̯ ɡ ə
auka	ø ʉ k a
auke	ø u k ə
aur	æ ʉ̯ r
aur	œ ʉ̯ r
austover	ø ʉ s t ɔː ʋ ɛ r
av	ɑː ʋ
avgjera	ɑː ʋ j eː r ɑ
avhengig	aː ʋ h e ŋ ɡ i
avhoppar	aː ʋ h ɔ p a r
avis	ɑ ʋ iː s
avisa	ɑ ʋ iː s ɑ
avisene	ɑ ʋ iː s n̩ ə
aviser	ɑ ʋ iː s ə r
avkastning	aː ʋ k a s t n i ŋ ɡ
avl	ɑ ʋ l
avla	a ʋ l a
avstand	aː ʋ s t a n
b	b
b	b eː
bacon	b eː k ə n
bacon	b æ j k ə n
bad	b ɑː d
bakbord	b aː k b uː r
bakkje	² b ɑ ç ç ə n
bakkjen	² b ɑ ç ç ə n
banan	b a n aː n
bank	b ɑ ŋ k
banne	² b a n n e
bannlyse	b a nː ² l yː s e
bar	b ɑː r
barkje	² b ɑ r ç ə
barkjen	² b ɑ r ç ə n
barn	b ɑː r n
barnehage	b aː r n e h aː ɡ e
barnsleg	² b ɑː r n s l ɛ
bart	b a r t
be	b eː
begge	b ɛ ɡ ə
behageleg	b ə h aː ɡ ə l eː ɡ
behalda	b eː h a l d a
beita	² b æ ɪ t ɑ
beite	b ɛ i t ə
bekk	b ɛ kː
bekken	b ɛ kː ə n
bendelorm	b ɛ n d ə l ɔ r m
benektelse	b e n e k t e l s e
bere	² b eː r ə
berget	b ɛ r j ə
berget	b ɛ r ɡ ə
berget	b ɛ r ʝ ə
bergmann	b æ r ɡ m ɑ n
bergta	b ɛ r ɡ t a
berre	² b ɛ rː ə
besøk	b eː s øː k
besøkja	b eː s øː ç a
bety	b eː t y
bever	b eː ʋ ɛ r
biblioteka	b ɪ b l j u t eː k ɑ
bide	b i d eː
bide	² b iː d ə
bie	² b iː ə
bil	b iː l
bilda	b ɪ l d ɑ
bilde	b ɪ l d ə
bildet	b ɪ l d ə
binær	b i n æː r
biti	b iː t ɪ
biti	² b iː t ɪ
bjørgvin	² b j ø r ɡ v ɪ n
bjørka	b j œ r k ɑ
bjørka	² b j œ r k ɑ
blant	b l a n t
blemme	b l e m m e
bli	b l iː
blod	b l uː
blod	b ɽ uː
blodskam	b l uː s k a m
blomkål	b l u m k ɒː l
blåkval	² b l ɔː k ʋ ɑː l
blåkval	² b ɽ ɔː k ʋ ɑː ɽ
blåmeis	² b l oː m æ ɪ s
bløffe	b l ø f f e
bod	b ɔː
bod	b ɔː d
boen	² b uː ə n
bog	b uː ɡ
bogjå	b uː j o
bokjå	b uː ç o
bokstav	b ʊ k s t ɑː ʋ
bokstavleg	b uː k s t aː ʋ l eː ɡ
bol	b uː l
bol	b uː ɽ
boms	b u m s
bon	b uː n
bona	b uː n ɑ
bona	² b uː n ɑ
bonde	² b ʊ n d ə
bonde	² b ʊ nː ə
bongotromme	b u n ɡ u t r u m m e
boni	b uː n ɪ
bonom	² b uː n ʊ m
borgarleg	b ɔ r ɡ aː r l eː ɡ
borkjen	b ɔ r ç ə n
borte	² b ʊ r t ə
bortkasta	b ʊ r t k a s t a
bos	b oː s
boss	b ɔ sː
braud	b r æ ʉː
breiflabb	b r æ ɪ f l ɑ b
breiflabb	² b r æ ɪ f l ɑ b
brek	b r eː k
breka	b r eː k ɑ
breka	² b r eː k ɑ
breke	² b r eː k ə
brekja	² b r eː ç ɑ
brekje	² b r eː ç ə
brekkjern	b r e k j æː r n
brekt	b r eː k t
brekt	b r ɛ k t
brekte	² b r eː k t ə
brekte	² b r ɛ k t ə
brenna	b r ɛ n a
brennmanet	b r ɛ n m aː n eː t
brev	b r eː ʋ
brok	b r uː k
brokkoli	b r ɔ k ɔː l i
bronse	b r ɔ n s ə
bror	b r uː r
brosme	² b r ɔ s m ə
brotsverk	b r ɔː t s v ɛ r k
bru	b r ʉː
bruna	b r ʉ n a
bruna	² b r ʉ n a
bruni	b r ʉ n ɪ
bryllaup	b r y l ø ʉ p
bråket	b r oː k ə
bråket	² b r oː k ɛ t
brød	b r øː
brødskive	² b r øː ʃ iː ʋ ə
brønn	b r ʉ nː
bu	b ʉː
buddhist	b ʉ d ɪ s t
buddhisten	b ʉ d ɪ s t n̩
bukse	² b ʊ k s ə
bunad	² b ʉː n ɑ d
burka	b ʉ r k ɑ
by	b yː
bye	² b yː ə
byggja	² b ʏ jː ɑ
byggja	² b ʏ ɟ͡ʝː ɑ
byggja	² b ʏ ʝː ɑ
byksa	b ʏ k s ɑ
byksa	² b ʏ k s ɑ
bylgje	² b ʏ l j ə
byrja	² b ʏ r j ɑ
bystat	b yː s t aː t
båe	b ɒ ə
bån	b oː n
båna	b oː n ɑ
bånet	b oː n ə
båra	² b oː r ə
bær	b eː r
bær	b æː r
bæra	b æː r ɑ
bæra	² b æː r ɑ
bæsje	b æ ʃː ə
bøle	² b øː l ə
bøle	² b øː ɽ ə
bønn	b œ n
bønner	² b œ n ə r
bør	b øː r
bør	b øː ɽ
bøya	² b œ ʏ ɑ
casane	² k æ ɪ̯ s ɑ n ə
casane	² k ɛ ɪ̯ s ɑ n ə
casar	² k æ ɪ̯ s ɑ r
casar	² k ɛ ɪ̯ s ɑ r
case	k æ ɪ̯ s
case	k ɛ ɪ̯ s
casen	k æ ɪ̯ s n̩
casen	k æ ɪ̯ s ə n
casen	k ɛ ɪ̯ s n̩
casen	k ɛ ɪ̯ s ə n
caset	k æ ɪ̯ s ə
caset	k ɛ ɪ̯ s ə
cellofan	s ɛ l l ʊ f ɑː n
chat	t͡ʃ æ tː
chattar	² t͡ʃ æ tː ɑ r
chatte	² t͡ʃ æ tː ə
cykel	s yː k l̩
cykel	s yː k ə l
cymbal	s ʏ m b ɑː l
cymbel	s ʏ m b l̩
cymbel	s ʏ m b ə l
d	d eː
da	d ɑː
daa	d oː
dag	d ɑː
dag	d ɑː ɡ
dagjen	d ɑː j ə n
dane	² d ɑː n ə
datamus	d aː t a m ʉː s
dataspel	d aː t a s p eː l
dataspeling	d aː t a s p eː l i ŋ ɡ
de	d eː
de	d iː
definera	d ə f i n eː r a
definisjon	d ə f i n i ʃ uː n
deg	d eː ɡ
dei	d æ ɪ
deig	d ɛ i ɡ
deim	d æ ɪ̯ m
deira	² d æ ɪ r ɑ
deker	d eː k ə r
dekkja	d ɛ ç a
del	d eː l
den	d ɛ nː
deretter	d ɛ r ɛ t ɛ r
dermed	d ɛ r m ə
derre	d æ r r ə
dess	d ɛ sː
dessutan	d ɛ sː ² ʉː t ɑ n
dessutan	d ɛ sː ʉ t ɑ n
det	d eː
detta	² d ɛ tː ɑ
di	d iː
dialyse	d ɪ ɑ ² l yː s ə
dime	d ɑ ɪ̯ m
dimed	d iː m e
dimen	d ɑ ɪ̯ m ə n
dimes	d ɑ ɪ̯ m s
din	d i n
dine	d iː n ə
diskotek	d i s k u t eː k
ditt	d i t
diva	d iː ʋ ɑ
djerv	d j ɛ r ʋ
djerv	j ɛ r ʋ
do	d oː
dokkas	d ɔ k k ɑ s
dokker	d ɔ k k ə r
dokker	² d ɔ k k ə r
dokument	d ʊ k ʉ m ɛ n t
dovendyr	d oː v e n d yː r
drag	d r ɑː ɡ
drama	d r ɑː m ɑ
drammen	d r a mː n̩
drammen	d r a mː ə n
dramn	d r a m n
dramn	d r a mː n̩
dregi	² d r eː ɡ ɪ
dreker	d r eː k ə r
drikke	² d r ɪ kː ə
drone	d r uː n ə
drosje	d r o ʂ e
dryle	² d r yː l e
drypa	² d r yː p ɑ
dræker	d r eː k ə r
du	d ʉː
duga	d ʉː ɡ a
duggul	² d ʉ ɡ ɡ ʉ ɽ
dugul	² d ʉ ɡ ɡ ʉ ɽ
dugul	² d ʉː ɡ ʉ ɽ
dugurd	² d ʉ ɡ ɡ ʉ r
dugurd	² d ʉ ɡ ɡ ʉ ɽ
dugurd	² d ʉː ɡ ʉ r
dugurd	² d ʉː ɡ ʉ ɽ
dumming	d u m m i ŋ
dunge	² d ʊ ŋː ə
dvd	d eː ʋ ə d eː
dvelja	² d ʋ ɛ l j ɑ
dvergplanet	d ʋ ɛ r ɡ p l aː n eː t
dykk	d ʏ kː
dysleksi	d y s l e k s iː
då	d oː
dår	d oː r
dått	d ɔ tː
døgn	d ø ɡ n
døkk	d œ kː
dølja	² d œ l j ɑ
døyande	d ø y a n d ə
e	e
e	eː
e	æ
e	ə
e	ɛ
edderkopp	e d e r k o p
eg	eː ɡ
egg	e ɡː
egg	ɛ ɡː
ei	æ ɪ̯
eid	æ ɪ̯ d
eika	² æ ɪ k ɑ
eika	æ ɪ k ɑ
ein	æ ɪ̯ n
einannan	ɛ i n a n a n
eineståande	ɛ iː n ə s t ɒ a n d ə
eingong	ɛ i n ɡ ɔ ŋ ɡ
einherje	² e i n h e r j e
einig	² æ ɪ n ɪ
einskap	ɛ i n s k aː p
eiste	² æ ɪ̯ s t ə
eiter	æ ɪ̯ t ə r
eiteret	æ ɪ̯ t ə r ə
eitra	æ ɪ̯ t r ɑ
eitret	æ ɪ̯ t r ə
eitri	æ ɪ̯ t r ɪ
ekorn	ɛ kː ʊ r n
eksplodera	ɛ k s p l uː d eː r a
ekstrem	ɛ k s t r eː m
ekstremist	ɛ k s t r e m i s t
ekstremt	ɛ k s t r eː m t
ekteskap	² ɛ k t ə s k ɑː p
el	eː l
elbil	ɛ l b iː l
elev	ɛ l eː ʋ
elg	ɛ l ɡ
eliminera	eː l i m i n eː r a
endåtil	² ɛ n d ɔ t ɪ lː
eng	ɛ ŋː
engsteleg	ɛ ŋ ɡ s t ə l eː ɡ
enorm	eː n ɔ r m
enormt	eː n ɔ r m t
enquête	ɑ ŋ k eː t
enquête	ɛ ŋ k eː t
eplepai	e p l e p a j
er	eː r
er	æː r
erfaring	ɛ r f aː r i ŋ ɡ
erklæring	e r k l æː r i ŋ
erobra	eː r uː b r a
ert	æ r t
ert	æ ʈː
ertene	æ ʈ n̩ ə
ertene	æ ʈ ʈ ə n ə
ertene	ɛ r t ə n ə
erter	æ ʈ ʈ ə r
erter	ɛ r t ə r
ertra	æ ʈ r ɑ
ertra	ɛ r t r ɑ
eta	² eː t ɑ
etikk	ɛ t ɪ kː
etter	² ɛ tː ɛ r
etterpå	² ɛ tː ɛ r p oː
fa	f ɑː
fable	f ɑː b l ə
fader	² f ɑː d ɛ r
fagidiot	f aː ɡ i d i uː t
fakta	f ɑ k t ɑ
fakta	² f ɑ k t ɑ
faktisk	f a k t i s k
falkeblikk	f a l k ə b l i k
falkjen	f ɑ l ç ə n
fall	f ɑ lː
fallskjermhopping	f a l ʂ e r m h o p p i ŋ
fan	f æ n
fange	² f ɑ ŋː ə
fanteri	f a n t əː r i
far	f ɑː r
farar	f ɑː r ɑː r
faren	f ɑː r n̩
faren	² f ɑː r n̩
farge	² f ɑ r ɡ ə
fasan	f a s aː n
fasinera	f a s iː n eː r a
fasinerande	f a s iː n eː r a n ə
fat	f ɑː t
fata	f ɑː t ɑ
fata	² f ɑː t ɑ
fegge	² f ɛ ɡː ə
feira	f ɛ iː r a
feita	f æ ɪ̯ t ɑ
feita	² f æ ɪ̯ t ɑ
fele	f eː l e
felle	² f ɛ lː ə
femling	f ɛ m l i ŋ ɡ
fennek	f e n n e k
fenner	f ɛ n n ə r
ferdamål	f ɛ r d a m ɒː l
ferie	f eː r j ə
ferje	² f ɛ r j ə
festning	² f ɛ s t n ɪ ŋ
fil	f iː l
filar	² f iː l ɑ r
filen	f iː l n̩
filen	f iː l ə n
filen	f iː ɳ̩
filen	² f iː l n̩
filen	² f iː l ə n
filen	² f iː ɳ̩
filleonkel	f i lː ə u ŋ k ə l
fillerista	f ɪ l ə r i s t a
filletante	f i lː ə t a n t ə
fina	² f iː n ɑ
fingre	² f ɪ ŋ r ə
finna	² f ɪ nː ɑ
finnast	² f ɪ nː ɑ s t
fire	f iː ɾ ə
firling	f iː r l i ŋ ɡ
fisi	² f iː s ɪ
fivel	² f iː ʋ ə l
fjellrev	² f j ɛ l r eː v
fjerna	f j ɛ r n a
fjernsyn	f j ɛ r n s yː n
fjona	f j uː n ɑ
fjona	² f j uː n ɑ
fjonet	f j uː n ə
fjonet	² f j uː n ə t
fjord	f j uː r
fjorår	f j uː r ɒː r
fjære	f j æː r e
fjøl	f j øː l
fjør	f j øː r
fjøs	f j øː s
flagg	f l a ɡ
flaske	² f l a s k ə
flaum	f l æ ʉ m
flege	² f l eː ɡ ə
flege	² f ɽ eː ɡ ə
fleinsopp	f l ɛ i n s ɔ p
fleire	² f l æ ɪ r ɛ
fleirtal	f l æ ɪ r t ɑː l
flekk	f l ɛ kː
fles	f l eː s
fli	f l iː
flo	f l uː
flokete	² f l uː k ɛ t ə
flu	f l ʉː
flua	f l ʉː ɑ
flua	² f l ʉː ɑ
fluar	² f l ʉː ɑ r
flue	² f l ʉː ə
flui	f l ʉː ɪ
fly	f l yː
flyga	² f l yː ɡ ɑ
flykta	f l y k t a
flyktning	f l y k t n i ŋ ɡ
flå	f l oː
flå	f ɽ oː
flåte	f ɽ oː t ə
flått	f l o t
fløyte	² f l œ ʏ t ə
fniset	f n iː s ə
fniset	² f n iː s ə t
fokk	f ɔ kː
folka	f ɔ l k ɑ
folka	² f ɔ l k ɑ
folket	f ɔ l k ə
folket	f ɔ l ç ə
folket	² f ɔ l k ɛ t
folkje	f ɔ l ç ə
folkjet	f ɔ l ç ə
folkjo	f ɔ l ç ʊ
folkjå	f ɔ l ç o
fomle	f ʊ m l ə
fomle	² f ʊ m l ə
fomlen	² f ʊ m l ə n
fomlet	f ʊ m l ə
fomlet	² f ʊ m l ɛ t
fomlete	² f ʊ m l ɛ t ə
fommel	f ʊ m l̩
fommel	f ʊ m m ə l
fommelen	f ʊ m m ə l n̩
fommelen	f ʊ m m ə l ə n
fommelet	f ʊ m m ə l ə
fonn	f ɔ nː
for	f ɔ rː
forakte	f o r à k t e
forbløffa	f ɔ r b l ø f a
forbløffande	f ɔ r b l ø f a n ə
forelder	f ɔ r ɛ l d ɛ r
forfallen	f ɔ r f ɑ lː n̩
forkasta	f ɔ r k a s t a
formål	f ɔ r m ɒː l
fornøgd	f ɔ r n œ ɡ d
forsiktig	f ɔ r s i k t i ɡ
forsvar	f ɔ r s v ɑː r
forsvara	f ɔ r s v aː r a
forsøk	f ɔ r s øː k
fort	f u r t
fort	f ɔ r t
fortena	f ɔ r t eː n ɑ
fortid	f ɔ r t iː
forvirra	f ɔ r v i r a
foss	f ɔ sː
framand	f r aː m a n d
framdrift	f r a m d r i f t
framfor	² f r ɑ m f ɔ r
framføre	f r ɑ m f øː r ə
fransk	f r a n s k
franske	f r a n s k ə
fredeleg	f r eː d e l eː ɡ
fredsdue	f r eː d s d ʉ ə
fremja	f r ɛ m j a
fremre	² f r ɛ m r ə
fri	f r iː
frilans	f r iː l ɑ n s
frilansar	f r iː l ɑ n s ɑ r
fru	f r ʉː
frykt	f r y k t
frykteleg	f r y k t ə l eː ɡ
fryser	f r yː s ə r
fryser	² f r yː s ə r
frysning	f r ŷː s n i ŋ
fråssar	² f r ɔ s s ɑ r
fråtsar	² f r ɔ t s ɑ r
fråtse	² f r ɔ t s ə
frøya	f r œ ʏ n ɑ
frøya	f r œ ʏ ɑ
frøya	² f r œ ʏ ɑ
fugleinfluensa	f ʉ ɡ l ə i n f l ʉ ə n s a
fumla	f ʊ m l ɑ
fumla	² f ʊ m l ɑ
fumle	f ʊ m l ə
fumle	² f ʊ m l ə
fumlen	² f ʊ m l ə n
fumlet	f ʊ m l ə
fumlet	² f ʊ m l ɛ t
fumli	f ʊ m l ɪ
fumli	² f ʊ m l ɪ
fummel	f ʊ m m ə l
fummelen	f ʊ m m ə l n̩
fummelen	f ʊ m m ə l ə n
fummelet	f ʊ m m ə l ə
fundamentalist	f ʉ n d a m ɛ n t a l i s t
furu	² f ʉː r ʉ
fyka	² f yː k ɑ
fylgja	² f ʏ l j ɑ
fyr	f yː r
få	f oː
fårikål	f oː r i k o l
føra	² f øː r ɑ
føre	f øː r ə
førebels	f øː r ə b eː l s
førebu	f øː r eː b ʉː
førelegg	f ø̂ː r e l e ɡ
føremon	² f øː r ə m uː n
føremål	f øː r ə m ɒː l
føyr	f œ ʏ̯ r
føyra	² f œ ʏ̯ r ɑ
føyre	² f œ ʏ̯ r ə
galt	ɡ ɑ l t
galtar	² ɡ ɑ l t ɑ r
galte	² ɡ ɑ l t ə
galten	² ɡ ɑ l t n̩
galten	ɡ ɑ l t n̩
gamal	² ɡ ɑː m ɑ l
gammal	² ɡ ɑ mː ɑ l
gapet	² ɡ ɑː p ə t
gapet	ɡ ɑː p ə
gard	ɡ ɑː r
gard	ɡ ɑː ɽ
garn	ɡ a r n
garn	ɡ a ʁ n
gasspedal	ɡ a s p eː d aː l
gatekjøken	ɡ aː t e ç øː k e n
gatekjøkken	ɡ aː t e ç ø k e n
gauk	ɡ æ ʉ k
gaukjen	ɡ æ ʉ̯ ç ə n
gaukjen	ɡ œ ʉ̯ ç ə n
gaule	ɡ æ ʉ l e
gaum	ɡ ø ʉ m
geil	j æ ɪ̯ l
geila	j æ ɪ̯ l ɑ
geila	² j æ ɪ̯ l ɑ
geile	² j æ ɪ̯ l ə
geilen	j æ ɪ̯ l n̩
geilen	² j æ ɪ̯ l n̩
geiler	² j æ ɪ̯ l ə r
geili	j æ ɪ̯ l ɪ
geir	j æ ɪ̯ r
geiren	j æ ɪ̯ r ə n
geiren	j æ ɪ̯ ŋ̩
geiter	j æ ɪ̯ t ə r
generasjon	ɡ e n eː r a ʃ uː n
gild	j ɪ lː
gilda	² j ɪ l d ɑ
gildar	² j ɪ lː ɑ r
gilde	² j ɪ l d ə
gilde	² j ɪ lː ə
gildet	² j ɪ l d ə
gildra	² j ɪ l d r ɑ
gimmer	j ɪ mː ɛ r
giratar	ʃ ɪ r ɑ t ɑː r
gissel	ɡ i s s e l
gisseltakar	ɡ i s ə l t aː k aː r
gje	j eː
gjennomføra	j ɛ n u m f øː r a
gjennomsnittsfart	j e n n u m s n i t s f a r t
gjera	² j eː r ɑ
gjerne	² j ɛ r n ə
gjerningsmann	j e r n i ŋ ɡ s m a n
gjester	j ɛ s t ə r
gjester	² j ɛ s t ə r
gjorde	² j uː r ə
gjorde	² j uː ɖ ə
gjorde	² j uː ɽ ə
gjæv	j eː ʋ
gjø	j øː
gjøde	j øː d ə
gjørme	j ø r m ə
glas	ɡ l ɑː s
glasmanet	ɡ l aː s m aː n eː t
glimt	ɡ l ɪ m t
glimtar	² ɡ l ɪ m t ɑ r
gloret	² ɡ l uː r ə t
gloret	ɡ l uː r ə
glymja	² ɡ l ʏ m j ɑ
glymje	² ɡ l ʏ m j ə
gnik	ɡ n iː k
gnika	² ɡ n iː k ɑ
gnika	² ɡ n ɪ k k ɑ
gniken	² ɡ n iː k ə n
gniken	ɡ n iː k ə n
gniki	² ɡ n iː k ɪ
god	ɡ uː
gold	ɡ ɔ lː
googla	ɡ ʉː ɡ l a
gote	² ɡ oː t ə
gran	ɡ r ɑː n
granmeis	ɡ r aː n m ɛ i s
grapset	² ɡ r ɑ p s ə t
grapset	ɡ r ɑ p s ə
grateng	ɡ r a t e ŋ
grava	² ɡ r ɑː ʋ ɑ
gravi	² ɡ r ɑː ʋ ɪ
gravi	ɡ r ɑː ʋ ɪ
gravla	ɡ r aː ʋ l aː
gravleggja	ɡ r aː ʋ l ɛ ʝ a
grebbe	² ɡ r ɛ bː ə
grebben	² ɡ r ɛ bː ə n
grebben	ɡ r ɛ bː ə n
grei	ɡ r æ ɪ
greia	² ɡ r æ ɪ̯ ɑ
greie	² ɡ r æ ɪ̯ ə
grein	ɡ r æ ɪ̯ n
grend	ɡ r ɛ n d
grend	ɡ r ɛ nː
grim	ɡ r iː m
grim	ɡ r ɪ mː
grima	² ɡ r iː m ɑ
grime	² ɡ r iː m ə
grina	² ɡ r iː n ɑ
grina	ɡ r iː n ɑ
grind	ɡ r ɪ n d
grind	ɡ r ɪ nː
griner	ɡ r iː n ə r
grinet	² ɡ r iː n ə t
grinet	ɡ r iː n ə
grini	² ɡ r iː n ɪ
grini	ɡ r iː n ɪ
gripa	² ɡ r iː p ɑ
gripe	² ɡ r iː p ə
gro	ɡ r uː
grov	ɡ r oː ʋ
grov	ɡ r uː ʋ
grunn	ɡ r ʉ nː
grunnleggja	² ɡ r ʉ nː l ɛ jː ɑ
grunnleggjande	ɡ r ʉ n l ɛ ʝ a n d ə
grunnlov	ɡ r ʉ n l ɔ ʋ
gruppe	² ɡ r ʉ pː ə
grut	ɡ r ʉː t
gruvedrift	ɡ r ʉː v e d r i f t
gråbein	ɡ r oː b e i n
gråt	ɡ r oː t
gråta	² ɡ r oː t ɑ
grøft	ɡ r œ f t
grøn	ɡ r øː n
gudskjelov	ɡ ʉ t ʃ ə l ɔː ʋ
gullalder	ɡ ʉ l a l d ɛ r
guvernør	ɡ ʉ ʋ ɛ r n øː r
gyger	j yː ɡ ɛ r
gås	ɡ oː s
gåte	² ɡ oː t ə
gørret	² ɡ œ r r ə t
gørret	ɡ œ r r ə
ha	h ɑː
haga	² h ɑː ɡ ɑ
hagje	² h ɑː j ə
hagjen	² h ɑː j ə n
hallik	h a l l i k
halvøy	h ɑ l œ j
hamar	h â mː a r
hamarhai	h aː m a r h a i
han	h ɑ nː
hand	h ɑ n d
hand	h ɑ nː
handlevogn	h â n l e v o ɡ n
hann	h a n
hans	h ɑ n s
har	h ɑː r
hard	h ɑː r
hard	h ɑː ɽ
hardare	² h ɑː r ɑ r ə
hardast	h ɑː r ɑ s t
hardaste	² h ɑː r ɑ s t ə
harde	² h ɑː r ə
hardt	h ɑ r t
hare	² h ɑː r ə
hatefull	h aː t ə f ʉ l
hauen	h æ ʉ̯ ə n
hauen	h œ ʉ̯ ə n
haug	h æ ʉ̯ ɡ
haug	h œ ʉ̯ ɡ
haukjen	h æ ʉ̯ ç ə n
haukjen	h œ ʉ̯ ç ə n
haure	² h æ ʉ̯ r ə
haure	² h œ ʉ̯ r ə
hav	h ɑː ʋ
havfru	h aː v f r ʉː
heie	h ê i e
heil	h æ ɪ l
heilag	h ɛ i l aː ɡ
heim	h æ ɪ m
heim	h ɛ ɪ m
heima	² h æ ɪ̯ m ɑ
heimanfrå	h ɛ i m a n f r ɒ
heime	² h æ ɪ̯ m ə
heimebrent	h ɛ i m ə b r ɛ n t
heimland	h ɛ i m l a n
heimsøkja	h ɛ i m s øː ç a
heimsøkt	h ɛ i m s øː k t
heita	² h æ ɪ t ɑ
hekka	h ɛ k a
heller	h ɛ lː ɛ r
heller	² h ɛ lː ɛ r
helsig	² h ɛ l s ɪ
helst	h ɛ l s t
helsug	² h ɛ l s ʉ ɡ
heme	² h eː m ə
hemmeleg	h ɛ m ə l eː ɡ
hemn	h ɛ m n
hems	h ɛ m s
henda	h ɛ n n ɑ
henda	² h ɛ n d ɑ
henda	² h ɛ n n ɑ
hending	h ɛ n d i ŋ ɡ
hendt	h ɛ n t
hengslet	h ɛ ŋ s l ə
hengslet	² h ɛ ŋ s l ə
hengslet	² h ɛ ŋ s l ɛ t
hengsli	h ɛ ŋ s l ɪ
henne	h ɛ n ə
hent	h ɛ n t
her	h eː r
her	h æː r
herad	² h ɛ r ɑ
herad	² h ɛː r ɑ
herd	h æː r
herleg	h ɛː r l eː ɡ
herme	h e r m e
herre	h æ r r ə
herre	² h æ r r ə
herregud	h ɛ r ə ɡ ʉː d
hes	h eː s
hest	h ɛ s t
hettitt	h eː t i t
hettittisk	h eː t i t i s k
hevda	² h ɛ ʋ d ɑ
hi	h iː
hidsjab	h iː d ʂ ɑ b
hidsjab	h ɪ d ʂ ɑ b
hijab	h iː d ʂ ɑ b
hijab	h ɪ d ʂ ɑ b
him	h iː m
hima	² h iː m ɑ
hin	h ɪ nː
hindra	h ɪ n d r ɑ
hindra	² h ɪ n d r ɑ
hindu	h ɪ n d ʉ
hinduisme	h ɪ n d ʉ ɪ s m ə
hine	² h iː n ə
historikar	h i s t u r i k a r
hit	h iː t
hitt	h ɪ tː
hjarte	² j ɑ r t ə
hjarte	² j ɑː r t ə
hjelpa	j ɛ l p ɑ
hjelpa	² j ɛ l p ɑ
hjort	j ʊ r t
ho	h uː
ho'en	h uː ə n
hoe	h uː ə
hogga	² h ɔ ɡː ɑ
hokke	h ɔ k k ə
hokken	² h ɔ k k ə n
hol	h oː l
hol	h uː l
holete	² h oː l ɛ t ə
homma	² h ɔ m m ɑ
homofili	h u m u f i l iː
hord	h ɔː r
hordaland	h ɔː r ɑ l ɑ n d
hordaland	h ɔː r ɑ l ɑ nː
horet	h uː r ə
horet	² h uː r ə t
horngjel	h ɔ r n j eː l
hosten	² h ʊ s t n̩
hov	h oː ʋ
hov	h uː ʋ
hove	² h o ʋ ə
hovud	² h uˑ v u
hovud	² h øˑ v ə
hovuddel	h uː v ʉ d d eː l
hovudinngang	h uː v ʉ d i n ɡ a ŋ
hue	² h ʉː ə
hug	h ʉː
hug	h ʉː ɡ
hulder	h ʉ l d ə r
hulder	h ʉ l d ɛ r
hummar	h ʊ m a r
humpete	² h ʊ m p ɛ t ə
hund	h ʉ n d
hund	h ʉ nː
hund	h ʊ n d
hund	h ʊ nː
hundemat	h ʉ n n e m aː t
hundrad	² h u n d r ɑ
hundrevis	h ʊ n d r ə v iː s
hundreår	² h ʉ n d r ə oː r
hundreår	² h ʊ n d r ə oː r
huning	² h u n i ŋ ɡ
huning	² h uː n i ŋ ɡ
husfred	h ʉː s f r eː
huttemegtu	h ʉ t əː m eː ɡ t ʉː
huttetu	h ʉ t əː t ʉː
huve	² h ʉː ə
huve	² h ʉː ʋ ə
hygga	² h ʏ ɡ ɡ ɑ
hygge	² h ʏ ɡ ɡ ɑ
hyggjeleg	h y ʝ e l eː ɡ
hyse	² h yː s ə
hå	h oː
håa	h oː ɑ
håa	² h oː ɑ
håe	² h oː ə
håen	h oː ə n
håg	h ɒː ɡ
håg	h ɔː ɡ
håpa	h ɒː p a
hår	h oː r
hått	h ɔ tː
hæl	h eː l
hæl	h æː ɽ
hóv	h uː ʋ
hø	h øː
høg	h øː ɡ
høge	² h øː ɡ ə
høgre	h øː ɡ r ə
høgre	h œ ɡ r ə
høgre	² h œ ɡ r ə
høi	h øː ɪ
høyrast	h ø y r a s t
høyre	² h œ ʏ̯ r ə
i	iː
iallfall	j a f a l
iallfall	j a l f a l
id	iː d
id	² iː d eː
id	ɪ dː
ida	iː d ɑ
ida	² iː d ɑ
ide	² i d ə
ide	ɪ d eː
idrett	iː d r ɛ t
ikkje	² ɪ c͡çː ə
ikkje	² ɪ çː ə
image	ɪ m ɪ d ʂ
imperium	i m p eː r i ʉ m
imponera	i m p uː n eː r a
indianar	i n d i aː n aː r
industriland	i n d ʉ s t r iː l a n
ingen	² ɪ ŋː ɛ n
ingenting	² ɪ ŋː ɛ n t ɪ ŋ
inkje	² ɪ n ç ə
inkje	² ɪ ŋ ç ə
innanfor	² ɪ nː ɑ n f ɔ r
innavl	i n a ʋ l
innbrot	i n b r ɔː t
innehalda	i n ə h a l d a
innom	i n u m
innsjå	i n ʃ ɒː
innvandra	i n ʋ a n d r a
innvandrar	i n ʋ a n d r aː r
innvandring	i n ʋ a n d r i ŋ ɡ
innverknad	i n ʋ ɛ r k n a
inspirerande	i n s p i r eː r aː n ə
internasjonal	i n t ɛ r n aː ʃ uː n aː l
intim	i n t iː m
invadera	i n ʋ aː d eː r a
invasjon	i n ʋ a ʃ uː n
invitera	i n ʋ iː t eː r a
is	iː s
isfjell	iː s f j ɛ l
islam	ɪ s l ɑː m
islam	ɪ ʂ l ɑː m
isme	² ɪ s m ə
jakt	j a k t
jakta	j a k t a
jaktar	j a k t aː r
jarn	j ɑ r n
jase	² j ɑː s ə
jasen	² j ɑː s ə n
jest	j ɛ s t
jester	j ɛ s t ə r
joletid	j uː l e t i d
joletre	j uː l əː t r e
jord	j uː r
jorda	j uː r ɑ
jordbær	j u r b æː r
jordbær	j u ɻ b æː r
jorde	² j uː r ə
jorde	² j uː ɽ ə
jordeple	² j uː r ɛ p l ə
jordeple	² j uː ɽ ɛ p l ə
jordeple	² j ɔ r p l ə
journalist	ʃ u r n a l i s t
jovial	j u v i aː l
juletre	j ʉː l əː t r e
jungel	j ʊ ŋ ɡ ə l
juv	j ʉː ʋ
jævel	² j æː ʋ ə l
jøde	j øː d ə
jødedom	j øː d ə d ɔː m
jødisk	j øː d i s k
kabylsk	k ɑ b yː l s k
kaffi	k a f i
kalde	² k ɑ l d ə
kalde	² k ɑ lː ə
kalla	² k ɑ lː ɑ
kameleon	k ɑ m ə l ə uː n
kandidatur	k ɑ n d ɪ d ɑ t ʉː r
kapre	² k ɑː p r ə
kar	k ɑː r
karboksylsyre	k a r b u k s yː l s yː r e
karsk	k a r s k
katastrofal	k a t a s t r u f aː l
katastrofalt	k a t a s t r u f aː l t
katt	k ɑ tː
kause	² k æ ʉ̯ s ə
kause	² k œ ʉ̯ s ə
kausen	² k æ ʉ̯ s ə n
kausen	² k œ ʉ̯ s ə n
kebab	k eː b ɑ b
kebab	k eː b ɑː b
keip	ç æ ɪ̯ p
keipa	² ç æ ɪ̯ p ɑ
keipe	² ç æ ɪ̯ p ə
keipen	ç æ ɪ̯ p ə n
keisam	ç ɛ iː s aː m
keisar	² ç æ ɪ s ɑ r
keisarpingvin	ç ɛ i s aː r p i ŋ ɡ ʋ iː n
keisemd	ç ɛ iː s ɛ m d
keton	k e t uː n
kikert	ç iː k ɛ r t
kikkert	ç i k ɛ r t
kilo	ç iː l u
kilocykel	ç iː l ʊ s yː k l̩
kilocykel	ç iː l ʊ s yː k ə l
kima	² ç iː m ɑ
kimar	² ç iː m ɑ r
kime	² ç iː m ə
kimming	² ç ɪ m m ɪ ŋ
kimsa	² ç ɪ m s ɑ
kiva	² ç iː ʋ ɑ
kiva	ç iː ʋ ɑ
kive	² ç iː ʋ ə
kiwi	k iː ʋ i
kje	ç eː
kje	ç ə
kjeft	ç ɛ f t
kjekk	ç ɛ kː
kjekken	ç ɛ k k ə n
kjeks	ç ɛ k s
kjel	ç eː l
kjelar	² ç eː l ɑ r
kjelde	² c͡ç ɛ l d ə
kjelde	² ç ɛ lː ə
kjele	ç eː l e
kjelen	² ç eː l n̩
kjelen	ç eː l n̩
kjem	ç eː m
kjem	ç ɛ mː
kjend	ç ɛ n d
kjenna	t͡ʃʰ ɛ nː a
kjenna	² ç ɛ nː ɑ
kjepp	ç ɛ p
kjerne	ç ɛ r n ə
kjernefysikk	ç ɛ r n ə f yː s i k
kjortel	ç ʊ r t ə l
kjortel	ç ʊ ʈ l̩
kjortel	ç ʊ ʈ ə l
kjå	t ʃ oː
kjå	ç oː
kjå	ʃ oː
kjêlar	² ç eː l ɑ r
kjêlen	² ç eː l n̩
kjêlen	ç eː l n̩
kjøken	ç øː k e n
kjønn	ç ø n
kjøt	ç øː t
kjøtmeis	² ç øː t m æ ɪ s
kjøttmeis	² ç ø t m æ ɪ s
klare	² k l ɑː r ə
klassekamerat	k l a s s e k a m m e r aː t
klauv	k l æ ʉ̯ ʋ
klegg	k l ɛ ɡ
klekkja	² k l ɛ ç ç ə
klimaendring	k l iː m a ɛ n d r i ŋ ɡ
kline	² k l iː n ə
klint	k l iː n t
klinte	² k l iː n t ə
klo	k l uː
klo	k ɽ uː
klote	k l uː t ə
klubbe	k l u b b e
kløtsje	² k l œ c ʃ ə
kne	k n eː
knea	k n eː ɑ
knea	² k n eː ɑ
knebel	k n eː b e l
knee	k n eː ə
knee	² k n eː ə
knisar	² k n iː s ɑ r
kniset	k n iː s ə
kniste	² k n iː s t ə
knivstikk	k n iː v s t i k
knyttneve	k n y t n eː v ə
kokain	k u k a iː n
kol	k ɔː l
kolsvart	k ɔː l s ʋ a r t
kom	k ɔ mː
koner	² k uː n ə r
konge	² k ɔ ŋː ə
kongeleg	k ɔ ŋ ɡ ə l eː ɡ
kongje	² k ɔ ŋ j ə
kongje	² k ɔ ɲ j ə
kongjen	² k ɔ ŋ j ə n
kongjen	² k ɔ ɲ ɲ ə n
konkurranse	k u n k ʉ r a n s ə
konkurrera	k u n k ʉː r eː r a
kons	k ɔ n s
kons	k ʊ n s
konsa	k u n s a
konsentrera	k u n s ɛ n t r eː r a
kor	k uː r
kor	k ʊ rː
kora	k uː r ɑ
kora	² k uː r ɑ
korar	² k uː r ɑ r
korkje	² k ɔ r ç ə
korn	k ɔ n
korn	k ɔ r n
korthus	k ɔ r t h ʉː s
kos	k oː s
kos	k uː s
kosa	k uː s a
koseleg	k uː s ə l eː ɡ
kosmisk	k u s m i s k
koss	k ɔ sː
koss	k ʊ sː
kosta	² k ɔ s t ɑ
kosta	² k ʊ s t ɑ
krake	k r âː k e
krangla	k r ɑ ŋ l ɑ
krangla	² k r ɑ ŋ l ɑ
kratt	k r a t
kreft	k r e f t
krevja	² k r ɛ ʋ j ɑ
krige	k r iː ɡ e
krigserklæring	k r iː ɡ s e r k l æː r i ŋ
krigshissar	k r i k s h i s aː r
kringom	² k r ɪ ŋː ʊ m
kro	k r uː
krokodilletåre	k r u k u d i l l e t oː r e
krone	² k r uː n ə
kronhjort	k r uː n j u r t
krotekake	k r uː t ə k ɑː k ə
krydder	k r y d e r
krypa	² k r yː p ɑ
kryptovaluta	k r y p t u v a l ʉ t a
kråke	² k r oː k ə
kråkesølv	k r oː k e s ø lː
ku	k ʉː
kum	k u m
kungar	² k ʊ ŋ ŋ ɑ r
kungje	² k ʊ ŋ j ə
kungje	² k ʊ ɲ ɲ ə
kungjen	² k ʊ ŋ j ə n
kungjen	² k ʊ ɲ ɲ ə n
kurdar	k ʉ r d a r
kva	k ʋ ɑː
kvakk	k ʋ ɑ kː
kvakka	k ʋ ɑ k k ɑ
kvakka	² k ʋ ɑ k k ɑ
kvakkar	² k ʋ ɑ k k ɑ r
kvakke	² k ʋ ɑ k k ə
kvakket	k ʋ ɑ k k ə
kval	k ʋ ɑː l
kval	k ʋ ɑː ɽ
kvantefysikk	k v a n t e f y s i k k
kvapp	k ʋ ɑ pː
kvar	k ʋ ɑː r
kvarandre	k ʋ ɑ r ² ɑ n d r ə
kvekk	k ʋ ɛ kː
kvekka	k ʋ ɛ k k ɑ
kvekka	² k ʋ ɛ k k ɑ
kvekkar	² k ʋ ɛ k k ɑ r
kvekke	² k ʋ ɛ k k ə
kvekken	k ʋ ɛ k k ə n
kvekken	² k ʋ ɛ k k ə n
kvekker	k ʋ ɛ k k ə r
kvekker	² k ʋ ɛ k k ə r
kvekki	k ʋ ɛ k k ɪ
kvekki	k ʋ ɛ ç ç ɪ
kvekki	² k ʋ ɛ k k ɪ
kvekki	² k ʋ ɛ ç ç ɪ
kvekkjen	k ʋ ɛ ç ç ə n
kvekkjen	² k ʋ ɛ ç ç ə n
kvekne	² k ʋ ɛ k n ə
kvelds	k v e l s
kvelp	k ʋ æ ɽ p
kvelp	k ʋ ɛ l p
kvelp	k ʋ ɛ ɽ p
kvelv	k ʋ æ ɽ ʋ
kvelv	k ʋ ɛ l ʋ
kvepp	k ʋ ɛ pː
kveppe	² k ʋ ɛ p p ə
kvepper	k ʋ ɛ p p ə r
kvepper	² k ʋ ɛ p p ə r
kvesa	² k ʋ eː s ɑ
kvi	k ʋ iː
kvik	k v i k
kvila	² k ʋ iː l ɑ
kvine	² k ʋ iː n ə
kvinne	² k ʋ ɪ nː ə
kvinnfolk	k ʋ i n f ɔ l k
kviskre	k v i s k r e
kvit	k ʋ iː t
kvitare	k ʋ iː t aː r ə
kvitast	k ʋ iː t a s t
kvitaste	k ʋ iː t a s t ə
kvite	² k ʋ iː t ə
kvithai	² k ʋ iː t h a ɪ
kvitt	k ʋ ɪ tː
kynikar	ç yː n i k aː r
kynisk	ç yː n i s k
kynisme	ç yː n i s m ə
kyr	ç yː r
kyrkja	² ç ʏ r ç ɑ
kyrkje	² ç ʏ r ç ə
kål	k oː l
kål	k oː ɽ
kòs	k oː s
køyne	² ç œ ʏ̯ n ə
køysa	² ç œ ʏ̯ s ɑ
køyse	² ç œ ʏ̯ s ə
laga	² l ɑː ɡ ɑ
lagnad	² l ɑː ɡ n ɑ
land	l ɑ n d
land	l ɑ nː
lande	l â n n e
landsbygd	l a n s b y ɡ d
landsmøte	l a n s m øː t ə
landssvik	l a n s s ʋ iː k
landssvikar	l a n s s ʋ iː k aː r
lang	l ɑ ŋː
latskap	l aː t s k aː p
latterleg	l a t ə r l eː ɡ
laug	l æ ʉ ɡ
lauga	l æ ʉ ɡ ɑ
lauk	l ø ʉ k
laup	l æ ʉ p
laus	l æ ʉ s
le	l eː
ledd	l ɛ dː
lege	l eː ɡ ə
leiar	² l æ ɪ̯ ɑ r
leie	² l æ ɪ ə
leik	l æ ɪ̯ k
leiken	l æ ɪ̯ k ə n
leiken	² l æ ɪ̯ k ə n
leikjen	l æ ɪ̯ ç ə n
leilegheit	l ɛ i l əː ɡ h ɛ i t
leiret	l æ ɪ̯ r ə
leiret	² l æ ɪ̯ r ə t
leit	l ɛ i t
lekt	l eː k t
lekt	l ɛ k t
lekte	² l ɛ k t ə
lell	l ɛ lː
lemen	² l ɛ mː ə n
lemen	² l ɛ mː ɛ n
lemja	² l ɛ m j ɑ
lender	l ɛ n d ə r
lenge	² l ɛ ŋ ɡ ə
lenge	² l ɛ ɲ ʝ ə
lerke	² l ɛ r k ə
lesa	² l eː s ɑ
lese	² l eː s ə
levande	² l eː ʋ ɑ n ə
lever	l e ʋː ə r
lever	² l eː ʋ ɛ r
li	l iː
liggja	² l ɪ jː ɑ
liggja	² l ɪ ɟ͡ʝː ɑ
liggja	² l ɪ ʝː ɑ
limar	² l iː m ɑ r
lime	l ɑ ɪ̯ m
lime	² l iː m ə
lita	l iː t ɑ
lita	² l iː t ɑ
litande	² l iː t a n d ə
lite	² l iː t ə
liten	l iː t n̩
liten	² l iː t n̩
liter	l iː t ɛ r
liva	l iː ʋ ɑ
live	l ɑ ɪ̯ ʋ
live	² l iː ʋ ə
livvakt	l iː ʋ ʋ a k t
ljod	j uː
ljod	l j uː
ljona	² j uː n ɑ
ljore	² j uː r ə
ljosi	j uː s ɪ
ljosår	l j uː s oː r
ljuga	j ʉː ɡ a
ljå	j oː
lo	l uː
loden	² l o dː ɛ n
loden	² l oː ɛ n
loffar	² l ʊ f f ɑ r
log	l oː ɡ
log	l uː ɡ
loge	² l oː ɡ ə
loge	² l uː ʃ ə
logi	l ʊ ʃ iː
lon	l uː n
losji	l ʊ ʃ iː
lova	l oː ʋ ɑ
lova	² l oː ʋ ɑ
luftforsvar	l ʉ f t f ɔ r s ʋ aː r
lun	l ʉː n
lunde	² l ʉ n d ə
lundehund	l ʉ n d e h ʉ n
lunn	l ʉ nː
lur	l ʉː r
lus	l ʉː s
lut	l ʉː t
lyd	l yː d
lyft	l ʏ f t
lyfta	l ʏ f t ɑ
lyfta	² l ʏ f t ɑ
lyga	l yː ɡ a
lyge	l yː ɡ ə
lykke	l y k e
lyn	l yː n
lyna	l yː n ɑ
lyna	² l yː n ɑ
lyne	² l yː n ə
lyng	l ʏ ŋː
lyster	l ʏ s t ə r
lystra	² l ʏ s t r ɑ
lyta	² l yː t ɑ
lyte	² l yː t ə
lyter	l yː t ə r
lyter	² l yː t ə r
låg	l oː ɡ
låge	² l oː ɡ ə
låtteleg	l ɒ t ə l eː ɡ
læger	l eː ɡ ə r
lægra	l eː ɡ r ɑ
lægra	² l eː ɡ r ɑ
lægre	² l eː ɡ r ə
lægri	l eː ɡ r ɪ
lækje	l eː ç ə
lækje	l æː ç ə
lærepeng	l æː r ə p ɛ ŋ ɡ
lærepenge	l æː r ə p ɛ ŋ ɡ ə
lét	l eː t
lóve	² l uː ʋ ə
løk	l øː k
løynsk	l œ ʏ̯ n s k
løysa	² l œ ʏ s ɑ
løyst	l œ ʏ̯ s t
løytnant	l ø yː t n a n t
magan	² m ɑː ɡ ɑ n
mage	² m ɑː ɡ ə
mager	m ɑː ɡ ɛ r
magje	² m ɑː j ə
magjen	² m ɑː j ə n
majoritet	m a j uː r iː t eː t
makrell	m ɑ k r ɛ lː
makrell	² m ɑː k r ɛ l
mali	² m ɑː l ɪ
mali	² m ɑː ɽ ɪ
malm	m ɑ l m
mamma	m a m a
mandolin	m a n d u l iː n
manet	m aː n eː t
mangleta	m a ŋ l eː t a
manke	² m ɑ ŋ k ə
mann	m ɑ nː
mannfolk	m a n f ɔ l k
mareritt	m âː r e r i t
mark	m ɑ r k
markja	m ɑ r ç ɑ
markjer	² m ɑ r ç ə r
markjo	m ɑ r ç ʊ
markjå	m ɑ r ç o
marknad	m a r k n aː
marsipan	m a r s i p aː n
maset	m ɑː s ə
maset	² m ɑː s ə t
massasje	m aː s aː ʃ əː
massemord	m a s ə m u r d
mast	m ɑ s t
matematikk	m a t e m a t i k
matpakke	m aː t p a k e
maula	² m æ ʉ̯ l ɑ
maule	² m æ ʉ̯ l ə
maule	² m æ ʉ̯ ɽ ə
maule	² m œ ʉ̯ l ə
maurtue	m æ ʉ ɾ t ʉː ə
me	m eː
mea	² m eː ɑ
medan	² m eː ɑ n
meg	m eː ɡ
megge	² m ɛ ɡː ə
mei	m æ ɪ̯
mein	m æ ɪ̯ n
meina	m æ ɪ̯ n ɑ
meina	² m æ ɪ̯ n ɑ
meine	² m æ ɪ̯ n ə
meinet	m æ ɪ̯ n ə
meini	m æ ɪ̯ n ɪ
meining	m ɛ i n i ŋ
meister	m ɛ i s t ɛ r
men	m ɛ nː
menneske	² m ɛ nː ɛ s k ə
menneske	² m ɛ nː ɛ ʃ ə
menneskeleg	m ɛ n ə s k l eː ɡ
merkeleg	² m ɛ r k l ɛ
merkeleg	² m ɛ r k l ɛ ɡ
mi	m iː
middagskvil	m i d a ɡ s k v iː l
middagskvild	m i d a ɡ s k v i l
middagskvild	m i d a ɡ s k v i l d
middelalderlitteratur	m i d e l a l d e r l i t e r a t ʉː r
midnattssol	m i d n a t s uː l
mige	² m iː ɡ ə
mild	m ɪ l d
mild	m ɪ lː
militær	m i l i t æː r
miljøvernar	m i l j øː ʋ ɛ r n a r
min	m iː n
min	m ɪ nː
mina	² m iː n ɑ
mindre	m ɪ n d r ə
mindretal	m i n d r ə t aː l
mindreverd	m i n d r ə ʋ ɛ r d
mine	² m iː n ə
minoritet	m i n oː r i t eː t
minst	m ɪ n s t
mitt	m ɪ tː
mjøden	m j øː d n̩
mjølet	m j øː l ə
mjølet	² m j øː l ə t
mjølk	m j ø l k
mjølka	m j ø l c͡ç ɑ
mjølka	m j ø l k ɑ
mjølka	m j ø l ç ɑ
modig	m uː d i
mogop	m uː ɡ ɔ p
mol	m oː l
mold	m ɔ lː
moll	m ɔ lː
mor	m uː r
morgning	² m oː ɳ ɪ ŋ
morgon	² m ɔ r ɡ ʊ n
morn	m ɔ ɳ
morning	² m oː ɳ ɪ ŋ
morosam	m uː r uː s aː m
moske	m ʊ s k eː
moske	² m ɔ s k ə
mot	m uː t
motgift	m uː t j i f t
motstand	m uː t s t a n
mottakar	m uː t aː k aː r
mule	² m ʉː l ə
munn	m ʉ nː
mure	² m ʉː r ə
mus	m ʉː s
muse	m ʉ s eː
muse	² m ʉː s ə
museum	m ʉ s eː ʉ m
muslim	m ʉː s l iː m
muslimen	m ʉː s l iː m ə n
musling	m ʉ s l i ŋ
musé	m ʉ s eː
mye	² m yː ə
myglet	m ʏ ɡ l ə
myglet	² m ʏ ɡ l ə t
mykje	² m yː ç ə
mykje	² m ʏ çː ə
mylja	² m ʏ l j ɑ
myr	m yː r
myrdun	² m yː r d ʉː n
myrdun	² m yː ɖ ʉː n
myrfivel	² m yː r f iː ʋ ə l
myrull	² m yː r ʉ lː
mål	m oː l
måle	² m oː l ə
målføre	m oː l f øː r e
måltid	m oː l t iː
måndag	m ɔ n d ɑ ɡ
måne	² m oː n ə
månefisk	² m oː n ə f ɪ s k
måtta	² m ɔ tː ɑ
måtte	² m ɔ tː ə
mæga	² m æː ɡ ɑ
mækje	² m eː ç ə
mæla	² m eː l ɑ
mæle	² m eː l ə
mòl	m oː l
møre	² m øː r ə
møy	m ø j
nagle	² n ɑ ɡ l ə
namnedag	n a m n e d aː ɡ
natt	n ɑ tː
naturleg	n aː t ʉː r l eː ɡ
naudsynleg	n a ʉː s yː n l eː ɡ
naudsynt	n a ʉː s yː n t
nautet	n æ ʉ̯ t ə
nautet	n œ ʉ̯ t ə
nautet	² n æ ʉ̯ t ə t
nautet	² n œ u̯ t ə t
nazisme	n a s i s m ə
nazist	n aː s i s t
nazistisk	n a s i s t i s k
ne	n eː
ned	n eː
ned	n eː d
nei	n eː ɪ
nei	n æ ɪ̯
neia	² n æ ɪ̯ ɑ
neit	n æ ɪ̯ t
nemleg	n ɛ m l eː ɡ
neppe	² n ɛ p p ə
netter	n ɛ t t ə r
nettside	n ɛ t s i ə
nettstad	n ɛ t s t aː
nettvett	n e t v e t
nibad	² n iː b ɑː
nibe	² n iː b eː
nibed	² n iː b eː d
niber	² n iː b eː r
nifs	n ɪ f s
nikjån	² n iː ç oː n
niks	n ɪ k s
niles	² n iː l eː s
nilese	² n iː l eː s ə
nisse	² n ɪ sː ə
nit	n iː t
nita	n iː t ɑ
nita	² n iː t ɑ
nite	² n iː t ə
nitten	² n ɪ t t ə n
njoda	² n j uː d ɑ
njode	² n j uː d ə
no	n uː
node	² n uː d ə
noia	² n ɔ ʏ̯ j ɑ
noko	² n oː k ʊ
nokolunde	n ɔː k uː l ʉ n ə
nokre	² n ɔ k r ə
nordmøre	² n uː r m øː r ə
nordmøre	² n uː ɽ m øː r ə
nordnorsk	n uː r n ɔ ʂ k
nordover	n uː r ɔː ʋ ɛ r
noreg	n oː ɾ ɛ ɡ
norsk	n ɔ r s k
not	n uː t
noti	n uː t ɪ
noti	² n oː t ɪ
nubiar	n ʉː b i a r
nubisk	n ʉː b i s k
nugat	n ʉ ɡ ɑː
nummer	n ʉ m ə r
ny	n yː
nyheit	n yː h ɛ i t
nykel	² n ʏ kː ə l
nykk	n ʏ kː
nynazist	n yː n aː s i s t
nynne	² n y n n e
nynorsk	n yː n ɔ r s k
nype	² n yː p ə
nyre	² n yː r ə
nysgjerrigper	n y ʂ æ r i p eː r
nysta	² n ʏ s t ɑ
nyste	² n ʏ s t ə
nær	n æː r
nærleik	n æː r l ɛ i k
nót	n uː t
nóta	n uː t ɑ
nóti	n uː t ɪ
nøgd	n œ ɡ d
nøkkel	² n œ kː ɛ l
nøre	n øː r ə
nøtt	n œ tː
nøtter	n œ t t ə r
obs	ɔ p s
obs	ʊ p s
observant	ɔ p s ɛ r ʋ ɑ n t
observant	ɔ p s ɛ r ʋ ɑ ŋ
oden	² uː d ə n
oden	² uː n̩
offentleg	ɔ f ə n t l eː ɡ
offer	ɔ f ɛ r
ofra	ɔ f r a
ofsa	² ɔ f s ɑ
ofse	² ɔ f s ə
ofte	² ɔ f t ə
og	oː
ohm	uː m
okka	² ɔ k k ɑ
okke	² ɔ k k ə
okke	ɔ k k ə
okla	² ɔ k l ɑ
okle	² ɔ k l ə
ol	uː e l
ol	uː l
olbogerom	ô l b o ɡ e r u m
olje	ɔ l j ə
olje	ʊ l j ə
om	uː m
om	ɔ m
om	ʊ m
omgivnad	u m j iː v n aː
omgjevnad	u m j eː v n aː
omn	ɔ m n
omsorgsfull	u m s o r ɡ s f ʉ l
omsyn	u m s yː n
omsynslaus	u m s yː n s l ø u s
ongje	² ʊ ŋ j ə
ongje	² ʊ ɲ j ə
onomatopoetikon	u n u m a t u p u eː t i k o n
open	² oː p ɛ n
openberring	ɔː p ɛ n b ɛ r i ŋ ɡ
opp	ɔ pː
opp	ʊ pː
oppdaga	u p d aː ɡ a
oppdrag	ʊ p d r aː ɡ
oppgåve	ʊ p ɡ ɒː ʋ ə
opphav	² ʊ pː h ɑː ʋ
oppsiktsvekkjande	u p s i k t s ʋ ɛ ç a n ə
optikar	u p t i k aː r
or	uː r
ordbok	² uː r b uː k
ordbok	² uː ɽ b uː k
ordna	² oː ɲ ɑ
ordna	² ɔ r d n ɑ
ordre	ɔ r d r ə
ordstilling	uː r s t i l l i ŋ
orga	² ɔ r ɡ ɑ
ornitolog	u r n i t u l ɔː ɡ
orrfugl	ɔ r f ʉ ɡ l
orrhane	ɔ r h aː n ə
orrhøne	ɔ r h øː n ə
orsaka	ɔː r s aː k a
orsaking	ɔː r s aː k i ŋ ɡ
oslo	u s l u
oslo	u ʃ l u
osp	ɔ s p
oss	ɔ sː
oter	uː t ə r
oter	uː t ɛ r
ouncar	² æ u̯ n s ɑ r
ounce	æ ʉ̯ n s
ouncen	æ ʉ̯ n s n̩
ouncen	æ ʉ̯ n s ə n
ovanpå	² o ʋ ɑ n p oː
overdriven	ɔː ʋ ɛ r d r iː ʋ ɛ n
overleva	ɔː ʋ ɛː r l eː v a
overraskande	ɔː ʋ ə r a s k a n ə
overtyda	ɔː ʋ ɛ r t yː a
partnar	p aː r t n a r
pence	p ɛ n s
peng	p ɛ ŋː
penge	² p ɛ ŋː ə
penny	p ɛ n n ɪ
pensjon	p ɑ ŋ ʃ uː n
pepar	p eː p a r
persar	p ɛ r sː a r
person	p æ r s uː n
personleg	p ɛ r s uː n l eː ɡ
pigghå	p i ɡː h ɔ
pike	p ɪ k eː
pilleskrukketroll	p i l l e s k r u k k e t r o l l
pinleg	p iː n l eː ɡ
pipi	p iː p ɪ
pipi	² p iː p ɪ
pizza	p i t s a
plan	p l aː n
plant	p l ɑ n t
plissé	p l ɪ s s eː
plutseleg	p l ʉ t s e l eː ɡ
podl	p ɔ d l
pol	p uː l
populær	p u p ʉ l æː r
primær	p r i m æː r
psykiater	s yː k i aː t ɛː r
psykiatri	s yː k i a t r i
pult	p ʉ l t
pult	p ʉː l t
pure	p ʉ r eː
pure	² p ʉː r ə
purke	² p ʉ r k ə
purre	² p ʉ rː ə
pus	p ʉː s
pussa	² p ʉ s s ɑ
pusse	² p ʉ s s ə
påfugl	p ɒː f ʉ ɡ l
påverka	p ɒː v ɛ r k a
påverknad	p ɒː ʋ ɛ r k n a
pølse	² p ø l s ə
pølse	² p ø ʂ ə
radikal	r a d i k aː l
radikalar	r a d i k aː l a r
raja	r ɑ d ʃ ɑ
raja	r ɑ ɪ̯ j ɑ
ramn	r ɑ m n
raud	r æ ʉ
raudruss	r ø ʉ r ʉ s
raudspette	² r æ ʉ s p ɛ t ə
raun	r æ u̯ n
rauna	r æ ʉ̯ n ɑ
raunar	² r æ ʉ̯ n ɑ r
raunen	r æ ʉ̯ n n̩
raunen	r æ ʉ̯ n ə n
raunene	² r æ ʉ̯ n ə n ə
raunene	² r æ ʉ̯ n̩ n ə
rauner	² r æ ʉ̯ n ə r
rauv	r ø ʉː ʋ
real	² r eː ɑ l
redd	r ɛ dː
redda	r ɛ d a
regna	² r ɛ ŋ n ɑ
regna	² r ɛ ɡ n ɑ
regnbogeaure	² r ɛ ɡ n b ɔ ɡ ə æ ʉ r ə
reil	r æ ɪ̯ l
reila	² r æ ɪ̯ l ɑ
reilar	² r æ ɪ̯ l ɑ r
reile	² r æ ɪ̯ l ə
reilen	r æ ɪ̯ l n̩
reilen	² r æ ɪ̯ l n̩
rein	r æ ɪ n
reindrift	r e j n d r i f t
reinsdyr	r æ ɪ n s d yː r
reit	r æ ɪ̯ t
reita	r æ ɪ̯ t ɑ
reita	² r æ ɪ̯ t ɑ
reite	² r æ ɪ̯ t ə
reiten	r æ ɪ̯ t n̩
reiten	r æ ɪ̯ t ə n
reiten	² r æ ɪ̯ t n̩
reiten	² r æ ɪ̯ t ə n
reiter	r æ ɪ̯ t ə r
reiter	² r æ ɪ̯ t ə r
reiti	r æ ɪ̯ t ɪ
reklame	r e k l aː m e
rekning	² r ɛ k n ɪ ŋ
renner	r ɛ n n ə r
renner	² r ɛ n n ə r
rese	² r eː s ə
retning	r ɛ t n i ŋ ɡ
retreat	r ɪ t r iː t
rettkomen	r ɛ t k ɔː m e n
rettkommen	r ɛ t k ɔ m e n
revebjølle	r eː v ə b j ø l ə
revehi	r eː v e h iː
revolusjon	r eː ʋ u l ʉː ʃ uː n
ri	r iː
rike	² r iː k ə
rime	r iː m e
rip	r iː p
ripe	² r iː p ə
rise	² r iː s ə
ro	r uː
rogn	r ɔ ŋ n
romvesen	r u m v eː s e n
ropa	² r u pː a
rorbu	r uː r b ʉː
ros	r oː s
ros	r uː s
rosa	r oː s ɑ
rosa	r uː s ɑ
rosa	² r oː s ɑ
rosa	² r uː s ɑ
rosi	r oː s ɪ
rosi	r uː s ɪ
rot	r uː t
rota	r uː t ɑ
rota	² r uː t ɑ
rotte	² r ɔ t t ə
rovdyr	r ɔː ʋ d yː r
rullestol	r ʉ l ə s t uː l
rumen	r ʉ m eː n
rune	r ʉː n ə
russ	r ʉ s
rute	² r ʉː t ə
rydja	² r ʏ jː ɑ
rygge	² r ʏ ɡː ə
ryggja	² r ʏ ɟ͡ʝː ɑ
ryggja	² r ʏ ʝː ɑ
rykke	² r ʏ k k ə
rype	² r yː p ə
rå	r oː
rådgivar	r ɒː d j iː ʋ a r
rådgjevar	r ɒː d j eː ʋ a r
rådyr	r oː d yː r
råv	r oː ʋ
ræv	r æː ʋ
rør	r øː r
røvar	² r øː ʋ ɑ r
røvarkjøp	r øː ʋ aː r ç øː p
røyk	r œ ʏ k
røyksopp	r ø y k s ɔ p
saga	s ɑː ɡ ɑ
saga	² s ɑː ɡ ɑ
saka	s ɑː k ɑ
saka	² s ɑː k ɑ
sakna	s aː k n a
saksen	s ɑ k s ə n
saksen	² s ɑ k s ə n
sal	s ɑː l
samanlikna	s aː m aː n l i k n a
samarbeida	s a m a r b ɛ i a
samd	s a m d
samfunn	² s ɑ m f ʉ n
sand	s ɑ n d
sand	s ɑ nː
sandmale	² s ɑ nː m ɑː l ə
sanning	² s ɑ nː ɪ ŋ
sannsyn	s a n s yː n
sannsynleg	s a n s yː n l eː ɡ
satan	s aː t a n
sau	s æ ʉ
sauar	² s æ ʉ̯ ɑ r
sauar	² s œ ʉ̯ ɑ r
sede	s eː d ə
sede	² s eː d ə
seg	s eː ɡ
sein	s æ ɪ n
seksling	s ɛ k s l i ŋ ɡ
seksuell	s ɛ k s ʉ ɛ l
seksuelt	s ɛ k s ʉ ɛ l t
sel	s eː l
selle	s e l l e
sendar	s ɛ n d aː r
sende	² s ɛ n d ə
sende	² s ɛ n n ə
separatisme	s ə p a r a t i s m e
separatist	s ə p a r a t i s t
separatistisk	s ə p a r a t i s t i s k
sete	s eː t ə
show	ʂ ɔ u
show	ʂ ɔ ʋ
showa	ʂ ɔ ʋ ɑ
showet	ʂ ɔ ʋ ə
si	s iː
sia	² s iː ɑ
sidan	² s iː d ɑ n
sidan	² s iː ɑ n
siddis	s i d i s
side	² s iː d ə
sidesyn	s iː d e s yː n
siger	s iː ɡ ɛ r
siki	s iː k ɪ
siki	² s iː k ɪ
sikksakk	s i k s a k
sild	s ɪ l d
sild	s ɪ lː
sin	s ɪ nː
sine	² s iː n ə
sirka	s i r k a
sist	s ɪ s t
sitja	² s ɪ t j ɑ
sitja	² s ɪ ç ç ɑ
sitron	s i t ɾ uː n
sitt	s ɪ tː
sivi	s iː ʋ ɪ
sivi	² s iː ʋ ɪ
sivil	s iː ʋ iː l
sivilisasjon	s i ʋ i l i s aː ʃ uː n
sjappa	² ʃ ɑ p p ɑ
sjappa	ʃ ɑ p p ɑ
sjarmera	ʃ a r m eː r a
sjau	ʃ æ ʉ̯
sjau	ʃ œ ʉ̯
sjauar	² ʃ æ ʉ̯ ɑ r
sjauar	² ʃ œ ʉ̯ ɑ r
sjauen	² ʃ æ ʉ̯ ə n
sjauen	² ʃ œ ʉ̯ ə n
sjevron	ʂ ɛ ʋ r uː n
sju	ʃ ʉː
sjuk	ʃ ʉː k
sjy	ʃ yː
sjå	ʃ oː
sjåar	ʃ ɒː aː r
sjølv	ʃ øː l
sjølv	ʃ œ l ʋ
sjølve	² ʃ œ l ʋ ə
sjølvstende	² ʃ øː l s t ɛ n d ə
sjølvstende	² ʃ œ lː s t ɛ n d ə
sjølvtillit	ʃ ø l ʋ t ɪ l ɪ t
sjørøye	ʃ øː r ø y ə
skaka	² s k ɑː k ɑ
skaket	s k ɑː k ə
skaki	s k ɑː k ɪ
skald	s k ɑ l d
skaldyr	s k aː l d yː r
skalle	² s k ɑ lː ə
skamma	s k ɑ m m ɑ
skamma	² s k ɑ m m ɑ
skammar	² s k ɑ m m ɑ r
skanki	s k ɑ ŋ k ɪ
skapning	s k aː p n i ŋ
skar	s k ɑː r
skar	s k ɑː ɽ
skard	s k ɑː r
skard	s k ɑː ɽ
skatt	s k a t
skatteflyktning	s k a t ə f l y k t n i ŋ ɡ
skaut	s k æ ʉ t
skeint	ʃ æ ɪ̯ n t
skeise	² ʃ æ ɪ s ə
skikkeleg	ʃ i k e l eː ɡ
skil	ʃ iː l
skila	² ʃ iː l ɑ
skila	² ʃ ɪ l ɑ
skila	ʃ iː l ɑ
skila	ʃ ɪ l ɑ
skilje	² ʃ ɪ l j ɑ
skilnad	ʃ ɪ l n aː
skilt	ʃ i l t
skilta	ʃ i l t a
skilting	ʃ i l t i ŋ ɡ
skinet	ʃ iː n ə
skjegg	ʂ e ɡ
skjegl	ʃ ɛ ɡ l
skjegle	² ʃ ɛ ɡ l ə
skjeglen	² ʃ ɛ ɡ l ə n
skjeglen	ʃ ɛ ɡ l ə n
skjeke	² ʃ eː k ə
skjeken	² ʃ eː k ə n
skjeker	ʃ eː k ə r
skjeki	² ʃ eː k ɪ
skjekne	² ʃ eː k n ə
skjelven	² ʃ æ ɽ ʋ ə n
skjelven	² ʃ ɛ l ʋ ə n
skjema	ʃ eː m ɑ
skjemd	ʃ ɛ m d
skjemda	ʃ ɛ m d ɑ
skjemde	² ʃ ɛ m d ə
skjemma	² ʃ ɛ m m ɑ
skjemmast	² ʃ ɛ m m ɑ s t
skjemme	² ʃ ɛ m m ə
skjemt	ʃ ɛ m t
skjemta	² ʃ ɛ m t ɑ
skjemte	² ʃ ɛ m t ə
skjenka	² ʃ ɛ ŋ k ɑ
skjenkar	² ʃ ɛ ŋ k ɑ r
skjenke	² ʃ ɛ ŋ k ɑ
skjenkene	² ʃ ɛ ŋ k ə n ə
skjenkene	ʃ ɛ ŋ k ə n ə
skjenker	² ʃ ɛ ŋ k ə r
skjenker	ʃ ɛ ŋ k ə r
skjenkja	² ʃ ɛ ɳ ç ɑ
skjenkjar	² ʃ ɛ ɲ ç ɑ r
skjenkje	² ʃ ɛ ɳ ç ə
skjenkjer	² ʃ ɛ ɳ ç ə r
skjenkte	² ʃ ɛ ŋ t ə
skjenna	² ʃ ə n n ɑ
skjenna	ʃ ə n n ɑ
skjenne	² ʃ ɛ n n ə
skjer	ʃ eː r
skjera	² ʃ eː r ɑ
skjera	ʃ eː r ɑ
skjere	² ʃ eː r ə
skjerm	ʃ ɛ r m
skjerv	ʃ æ r ʋ
skjerven	ʃ æ r ʋ ə n
skjor	ʃ uː r
skjote	ʃ uː t
skjule	² ʃ uː ɽ ə
skjule	² ʃ ʉː l ə
skjå	ʃ oː
skjæker	ʃ eː k ə r
skjødna	² ʃ œ d n ɑ
skjøna	² ʃ œː n ɑ
skjøne	² ʃ œː n ə
skjør	ʂ øː r
sko	s k uː
skog	s k uː ɡ
skogjen	s k uː j ə n
skoi	s k uː ɪ
skotår	s k ɔː t oː r
skrella	s k r ɛ l a
skremma	s k r ɛ m a
skremmande	s k r ɛ m a n d ə
skrika	s k r iː k ɑ
skrika	² s k r iː k ɑ
skrike	² s k r iː k ə
skrikja	² s k r iː ç ɑ
skrikje	² s k r iː ç ə
skru	s k r ʉː
skrå	s k r oː
skuffa	² s k ʊ fː ɑ
skuffe	² s k ʉ fː ə
skuffe	² s k ʊ fː ə
skvadron	s k ʋ a d r uː n
skvett	s k ʋ ɛ tː
skvette	² s k ʋ ɛ t t ə
skvetten	s k ʋ ɛ t n̩
skvetten	s k ʋ ɛ t t ə n
skvetten	² s k ʋ ɛ t n̩
skvetten	² s k ʋ ɛ t t ə n
skvetter	s k ʋ ɛ t t ə r
skvetter	² s k ʋ ɛ t t ə r
skvåsj	s k ʋ ɔ ʂ
sky	ʃ yː
skyla	² ʃ yː l ɑ
skyle	² ʃ yː l ə
skylja	² ʃ ʏ l j ɑ
skyss	ʂ ʏ sː
skyttargrav	ʃ y t a r ɡ r aː v
skåki	s k oː k ɪ
skøyr	ʃ ø y r
skøyte	ʂ ø j t e
slag	s l ɑː ɡ
slagmark	² s l ɑː ɡ m ɑ r k
slegi	² s l eː ɡ ɪ
slegi	² ʃ ɽ eː ɡ ɪ
slektning	s l ɛ k t n i ŋ ɡ
slik	s l iː k
slira	s l iː r ɑ
slira	² s l iː r ɑ
sliter	s l iː t ə r
sliter	² s l iː t ə r
slo	s l uː
slo	ʃ ɽ uː
slutt	s l ʉ tː
slutta	² s l ʉ tː ɑ
slå	s l oː
slå	ʃ ɽ oː
slåstkamp	s l o s t k a m p
sløg	s l øː ɡ
smalt	s m ɑː l t
smella	s m ɛ l l ɑ
smella	² s m ɛ l l ɑ
smelle	² s m ɛ l l ə
smeller	s m ɛ l l ə r
smeller	² s m ɛ l l ə r
smelt	s m ɛ l t
smia	² s m iː ɑ
smie	² s m iː ə
smiu	² s m iː ʉ
små	s m oː
snart	s n ɑː r t
sneis	s n æ ɪ̯ s
snikmordar	s n iː k m u r d a r
snill	s n ɪ lː
snø	s n øː
so	s uː
sofa	s uː f ɑ
sofagris	s uː f a ɡ r iː s
soge	² s oː ɡ ə
sol	s uː l
sol	s ɔː l
sola	s uː l ɑ
sola	² s uː l ɑ
solbrend	s uː l b r ɛ n d
solbrent	s uː l b r ɛ n t
solbær	s uː l b æː r
sole	s k uː l ə
soll	s ɔ lː
solrenning	s uː l r ɛ n i ŋ ɡ
solsikke	s uː l s i k ə
som	s ɔ mː
som	s ʊ mː
sommar	² s ɔ mː ɑ r
somna	² s ɔ m n ɑ
somne	² s ɔ m n ə
soss	s ʊ sː
sovjetar	s ɔ ʋ j ɛ t a r
sovna	² s ɔ ʋ n ɑ
sovne	² s ɔ ʋ n ə
spanjol	s p a n j uː l
spekk	s p ɛ k
spela	² s p eː l ɑ
speleliste	s p êː l ə l i s t ə
spettmeis	s p ɛ t m ɛ i s
spjot	s p j uː t
spjut	s p j ʉː t
spon	s p uː n
spor	s p uː r
spord	s p uː r
spreia	s p r ɛ i a
sprong	s p r ɔ ŋ
språkforsking	s p r oː k f o ʂ k i ŋ
spyfluge	s p yː f l ɔː ɡ a
spøk	s p øː k
spøken	s p øː k ə n
spøken	² s p øː k ə n
spøkja	s p øː ç a
spørja	² s p œ r j ɑ
squash	s k ʋ ɔ ʂ
stabbur	s t â b b ʉ r
stad	s t ɑː
stand	s t æ n d
stand	s t æ nː
stand	s t ɑ n d
stand	s t ɑ nː
stein	s t æ ɪ̯ n
steinbit	s t æ j n b iː t
steinsopp	s t ɛ i n s ɔ p
steinsprang	s t ɛ i n s p r a ŋ ɡ
stelt	s t ɛ l t
stelte	² s t ɛ l t ə
stemne	² s t ɛ m n ə
stengje	² s t ɛ ŋ j ə
stikkontakt	s t i k k u n t a k t
stillongs	s t iː l l o ŋ s
stjerne	² s t j æː ɳ ə
stjerne	² s t j ɛ r n ə
stokk	s t ɔ kː
stongi	s t ɔ ŋ j ɪ
stongi	s t ɔ ŋ ŋ ɪ
stor	s t uː r
storleik	s t uː r l ɛ iː k
stove	² s t oː ʋ ə
strandflate	s t r a n f l aː t e
strid	s t r iː
strid	s t r iː d
stryka	s t r yː k ɑ
stryka	² s t r yː k ɑ
student	s t ʉː d ɛ n t
studera	s t ʉː d eː r a
stue	² s t ʉː ə
stut	s t ʉː t
stutt	s t ʉ t
stuv	s t ʉː ʋ
stygg	s t ʏ ɡː
stykke	² s t ʏ kː ə
stå	s t oː
stålorm	² s t oː l ɔ r m
støvel	s t ø v e l
sugge	² s ʉ ɡː ə
sul	s ʉː l
sul	s ʉː ɽ
sulu	² s ʉː l ʉ
sulu	² s ʉː ɽ ʉ
sumar	² s ʊ mː ɑ r
sunnmøre	² s ʉ n m øː r ə
supe	s ʉ p eː
supe	² s ʉː p ə
svalbardrein	s v aː l b aː r d r æ j n
svale	² s ʋ ɑː l ə
sveip	s ʋ æ ɪ̯ p
sveiv	s ʋ æ i̯ ʋ
svemn	s ʋ ɛ m n
sverdfisk	² s ʋ ɛ r d f ɪ s k
svik	s ʋ iː k
svika	s ʋ iː k a
svikar	s ʋ iː k a r
sviki	s ʋ iː k ɪ
sviki	² s ʋ iː k ɪ
svikt	s ʋ i k t
svikta	s ʋ i k t a
svin	s ʋ iː n
svineinfluensa	s ʋ iː n ə i n f l ʉ ə n s a
svini	s ʋ iː n ɪ
svivi	s ʋ iː ʋ ɪ
svivi	² s ʋ iː ʋ ɪ
svolt	s ʋ ɔ l t
svolten	s ʋ ɔ l t n̩
svolten	² s ʋ ɔ l t n̩
svor	s ʋ uː r
svæve	² s ʋ eː ʋ ə
svømn	s ʋ œ m n
syde	² s yː d ə
sykkel	s y k e l
syklus	s yː k l ʉ s
sykn	s ʏ k k ə n
sykn	s ʏ kː n̩
sykna	s ʏ k n ɑ
sykna	² s ʏ k n ɑ
sykne	² s ʏ k n ə
sylv	s ʏ l
symbal	s ʏ m b ɑː l
symbel	s ʏ m b l̩
symbel	s ʏ m b ə l
symre	² s ʏ m r ə
synda	s ʏ n d ɑ
synda	s ʏ n n ɑ
synda	² s ʏ n d ɑ
syndre	² s ʏ n d r ə
syrgja	² s ʏ r j ɑ
sysken	s ʏ s k ɛ n
syster	s ʏ s t ə r
syster	² s ʏ s t ɛ r
syte	² s yː t a
så	s oː
såd	s oː d
sånn	s ɒ n
sølt	s øː l t
sølt	s øː ʈ
sølte	² s øː l t ə
sølte	² s øː ʈ ə
sølv	s ø l
sømn	s œ m n
søppel	s œ pː ə l
søring	s øː r i ŋ ɡ
sørover	s øː r ɔː ʋ ɛ r
søsken	s ø s k ɛ n
søt	s øː t
søtleik	s øː t l e i k
søvn	s ø v n
søyda	² s ø yː a
søye	² s œ ʏ̯ː ə
t	t
t	t eː
t	ʈ
ta	t ɑː
takksam	t a k s aː m
takt	t ɑ k t
talskvinne	t aː l s k ʋ i n ə
talsmann	t aː l s m a n
talsperson	t aː l s p ɛ r s uː n
tange	² t ɑ ŋ ŋ ə
tangje	² t ɑ ŋ j ə
tangje	² t ɑ ɲ ɲ ə
tank	t a n k
tanke	² t ɑ ŋ k ə
tannkost	t a n k u s t
tapet	t ɑ p eː t
tapet	t ɑː p ə
te	t eː
teia	² t æ ɪ̯ ɑ
teki	² t eː ç ɪ
tekka	² t ɛ k k ɑ
tekkas	² t ɛ k k ɑ s
tekkast	² t ɛ k k ɑ s t
tekke	² t ɛ k k ə
tekkjar	² t ɛ ç ç ɑ r
tekkjas	² t ɛ ç ç ɑ s
tekkjast	² t ɛ ç ç ɑ s t
tekkje	² t ɛ ç ç ə
teks	t eː k s
teks	t ɛ k s
tekst	t ɛ k s t
teksta	t ɛ k s t ɑ
teksta	² t ɛ k s t ɑ
tekste	² t ɛ k s t ə
teleportere	t e l e p u r t eː r e
tempus	t ɛ m p ʉ s
tenar	² t eː n ɑ r
tenest	² t eː n ɛ s t
tenkja	² t ɛ ɲ ç ɑ
tenna	t ɛ nː ɑ
tenna	² t ɛ nː ɑ
tenner	t ɛ n n ə r
tenner	² t ɛ n n ə r
terrorangrep	t ɛ r u r a n ɡ r eː p
terroråtak	t ɛ r u r ɒː t aː k
tess	t ɛ sː
tet	t eː t
ti	t iː
tid	t iː
til	t ɪ lː
tilbake	t ɪ l b ɑː k ə
tilbod	² t ɪ l b oː
tilbod	² t ɪ l b oː d
tilfelle	t ɪ l f ɛ l ə
tilsetja	t ɪ l s ɛ ç a
tilsett	t ɪ l s ɛ t
tilsette	t ɪ l s ɛ t ə
time	² t iː m ə
timeglas	t iː m ə ɡ l aː s
ting	t ɪ ŋː
tispe	t i s p e
tjau	ç æ ʉ̯
tjod	ç uː
tjod	ç uː d
tjov	ç uː ʋ
tjug	ç ʉː ɡ
tjukk	ç ʊ kː
tjukka	² ç ʊ k k ɑ
tjukka	ç ʊ k k ɑ
tjukke	² ç ʊ k k ə
tjukken	² ç ʊ k k ə n
tjukken	ç ʊ k k ə n
tjukken	ç ʊ k n̩
tjukn	c ç ʊ k n
tjukn	ç ʊ k n
tjuv	ç ʉː ʋ
to	t uː
tokt	t ɔ k t
tom	t ʊ mː
tore	² t oː r ə
tore	² t uː r ə
torsdag	t u s d ɑ ɡ
tosk	t o s k
tott	t ɔ tː
tradisjon	t r a d i ʃ uː n
tran	t r ɑː n
trana	t r ɑː n ɑ
trana	² t r ɑː n ɑ
transkripsjon	t r a n s k r i p ʂ ùː n
trass	t r ɑ sː
trauma	t r æ ʉ̯ m ɑ
trauma	² t r æ ʉ̯ m ɑ
traume	² t r æ ʉ̯ m ə
traumet	² t r æ ʉ̯ m ə
treak	² t r eː ɑ k
trena	t r eː n ɑ
trena	² t r eː n ɑ
trenar	t r eː n aː r
trenga	² t r ɛ ŋ a
trengast	t r ɛ n ɡ a s t
treskje	² t r ɛ ʃ ʃ ə
trillebår	t r i l l e b oː r
trilling	t r i l i ŋ ɡ
trivast	t r iː v a s t
trog	t r oː ɡ
troll	t r ɔ lː
trolldom	² t r ɔ l d ɔ m
trolldom	² t r ɔ l d ʊ m
trollkvinne	t r ɔ l k ʋ i n ə
trollmann	t r ɔ l m a n
trost	t r ɔ s t
tru	t r ʉː
trufast	² t r ʉː f ɑ s t
trugande	² t r ʉː ɡ ɑ n d ə
trugande	² t r ʉː ɡ ɑ n ə
tryggleik	t r y ɡ l ɛ iː k
trøye	² t r œ ʏ ə
tsjetsjenar	t ʃ ə t ʃ eː n aː r
tsjetsjensk	t ʃ ə t ʃ eː n s k
tue	² t ʉː ə
tuja	t ʉː j ɑ
tung	t ʊ ŋː
tunge	² t ʊ ŋː ə
tungtvatn	t u n k t ʋ a t n
tungvatn	t u ŋ ɡ ʋ a t n
turu	² t ʉː r ʉ
tusen	t ʉː s n̩
tusenfryd	t ʉː s ɛ n f r yː d
tv	t eː ʋ eː
tvege	² t ʋ eː ɡ ə
tvegi	² t ʋ eː ɡ ɪ
tvore	² t ʋ oː r ə
tvore	² t ʋ uː r ə
tyda	t yː d a
tydelegvis	t yː d ə l eː ɡ ʋ iː s
tyding	t yː d i ŋ ɡ
tyet	t yː ə
tyggja	t ʏ jː ɑ
tyggja	t ʏ ʝ ɑ
tykkja	² t ʏ çː ɑ
tylft	t ʏ l f t
tyngdekraft	t y ŋ ɡ d ə k r a f t
tyrann	t y r a n
tyren	t yː r ə n
tyren	² t yː r ə n
tyren	² t yː ɳ̩
tåg	tʰ oː ɡ
tåre	² t oː r ə
tæger	t eː ɡ ə r
tørsta	² t œ r s t ɑ
uansett	ʉ ɑ n s ɛ tː
ubehageleg	ʉː b ə h aː ɡ ə l eː ɡ
udyr	ʉː d yː r
ueinig	ʉː ɛ i n i
uer	ʉː r
uer	ʉː ɛ r
ufo	ʉː f u
ufoen	ʉː f u n
undan	² u nː ɑ
undan	² u nː ɑ n
under	ʉ n d ə r
underhalding	ʊ n d ɛ r h a l i ŋ ɡ
undersøkja	ʉ n d ɛ r s øː ç a
ung	ʊ ŋː
unge	² ʊ ŋ ŋ ə
ungje	² ʊ ŋ j ə
ungje	² ʊ ɲ j ə
ungkar	u ŋ k aː r
unje	² ʊ ɲ j ə
unse	² ʉ n s ə
unsene	² ʉ n s n̩ ə
unsene	² ʉ n s ə n ə
unser	² ʉ n s ə r
ur	ʉː r
ur	ʉː ɽ
urd	ʉː r
urd	ʉː ɽ
usamd	ʉː s a m d
usemje	ʉː s ɛ m j ə
uskuldig	ʉː s k ʉ l d i ɡ
uskyldig	ʉː ʃ y l d i ɡ
utanfrå	ʉː t a n f r ɒ
utanom	² ʉː t ɑ n ʊ m
utbrot	ʉː t b r ɔː t
utfor	² ʉ t f ɔ r
utfor	² ʉː t f ɔ r
utfordra	ʉː t f ɔ r d r a
utfordrande	ʉː t f ɔ r d r a n ə
utfordrar	ʉː t f ɔ r d r a r
utfordring	ʉː t f ɔ r d r i ŋ ɡ
utforska	ʉː t f ɔ r s k a
utnytta	ʉː t n y t a
utru	ʉː t r ʉː
utsetja	ʉː t s ɛ ç a
utslett	ʉː t s l ɛ t
utsletta	ʉː t s l ɛ t a
uttaleordbok	² ʉː t t ɑː l ə uː r b uː k
uttaleordbok	² ʉː t t ɑː l ə uː ɽ b uː k
utval	ʉː t ʋ aː l
utvandrar	ʉː t ʋ a n d r aː r
utvandring	ʉː t ʋ a n d r i ŋ ɡ
utvikla	ʉː t ʋ i k l a
utviklar	ʉː t ʋ i k l a r
utvikling	ʉː t ʋ i k l i ŋ ɡ
uunngåeleg	ʉ ʉ n ɡ ɒ ə l eː ɡ
uventa	ʉː v ɛ n t a
uvitskapeleg	ʉː ʋ iː t s k a p ə l eː ɡ
uvitskapleg	ʉː ʋ iː t s k a p l eː ɡ
vaksen	² ʋ ɑ k s n̩
vakt	ʋ ɑ k t
vakte	² ʋ ɑ k t ə
vakte	² ʋ ɑː k t ə
valda	ʋ ɑ l d ɑ
valdtekt	ʋ a l t ɛ k t
valkamp	v aː l k a m p
valkyrja	² v aː l ç ʏ r j a
valkyrje	² v aː l ç ʏ r j e
vanedyr	v aː n e ² d yː r
vanlegvis	ʋ aː n l eː ɡ ʋ iː s
vanta	² ʋ ɑ n t ɑ
vantru	ʋ a n t r ʉ
var	ʋ ɑː r
vara	ʋ ɑː r ɑ
vare	² ʋ ɑː r ɑ
varsam	ʋ aː r s aː m
varsel	ʋ ɑ r s ɛ l
vart	ʋ ɑ r t
vart	ʋ ɑː r t
vas	ʋ aː s
vaskebjørn	v a s k e b j øː r n
vassavkjølt	v a s a v ç øː l t
vassblemme	v a s b l e m m e
vassdrag	v a s d r aː ɡ
vassmelon	v a s m e l uː n
vatn	ʋ ɑ t n̩
ved	ʋ eː
vedda	v ɛ d a
vega	² ʋ eː ɡ ɑ
vegen	ʋ æ ɪː ə n
vegen	ʋ ɛː j ə n
vegen	ʋ ɛː ɡ ə n
vegetarianar	ʋ eː ɡ eː t aː r i aː n aː r
vegetasjon	ʋ eː ɡ eː t aː ʃ uː n
veida	² ʋ æ ɪ d ɑ
veida	² ʋ æ ɪ ɑ
vekkja	² ʋ ɛ çː ɑ
vekt	ʋ ɛ k t
velkomen	ʋ ɛ l k ɔː m ə n
velståande	ʋ ɛ l s t ɒː a n ə
ven	ʋ eː n
venleg	v eː n l eː ɡ
vennleg	v ɛ n l eː ɡ
venstre	ʋ ɛ n s t r ə
vent	ʋ eː n t
vent	ʋ ɛ n t
vera	² ʋ eː r ɑ
vera	² ʋ æː r ɑ
verk	ʋ ɛ r k
verkeleg	² v ɛ r k l ɛ
verkeleg	² v ɛ r k ə l ɛ ɡ
vern	ʋ ɛ r n
verna	ʋ ɛ r n a
vernar	ʋ ɛ r n a r
verneplikt	ʋ ɛ r n ə p l i k t
verva	² ʋ æ r ʋ ɑ
verva	ʋ æ r ʋ ɑ
verve	² ʋ æ r ʋ ə
vesle	² ʋ ɛ s l ə
vestover	ʋ ɛ s t ɔː ʋ ɛ r
vetta	² ʋ ɛ tː ɑ
vetta	ʋ ɛ tː ɑ
vi	ʋ iː
via	² ʋ iː ɑ
via	ʋ iː ɑ
vika	² v ɪˑ k a
viki	² ʋ iː k ɪ
viki	ʋ iː k ɪ
vil	ʋ ɪ l
vill	ʋ ɪ lː
vin	ʋ iː n
vindauga	² ʋ ɪ n d æ ʉ ɡ ɑ
vindauge	² ʋ ɪ n d æ ʉ ɡ ə
vis	ʋ iː s
visene	² ʋ iː s n̩ ə
visepresident	ʋ iː s ə p r ɛ s i d ɛ n t
visi	² ʋ iː s ɪ
visi	ʋ iː s ɪ
visjon	ʋ i ʃ uː n
viskelêr	v i s k e l eː r
visne	² ʋ ɪ s n ɑ
vitja	ʋ i ç a
vitskap	ʋ ɪː t s k aː p
vitskapeleg	ʋ iː t s k a p ə l eː ɡ
vitskapleg	ʋ iː t s k a p l eː ɡ
von	f ɔ nː
von	ʋ uː n
vor	ʋ oː r
vore	² ʋ oː r ə
vov	ʋ uː ʋ
vov	ʋ ɔ ʋː
vrak	ʋ r ɑː k
vyrka	² ʋ ʏ r k ɑ
vyrke	² ʋ ʏ r k ə
vå	ʋ oː
våg	ʋ oː ɡ
våpenkvile	ʋ ɒː p ɛ n k ʋ iː l ə
vår	ʋ oː r
vårteikn	ʋ ɒː r t ɛ i k n
våt	ʋ oː t
væpna	ʋ æː p n a
væte	² v eː t e
væte	² v æː t e
vêra	² ʋ eː r ɑ
vêra	ʋ eː r ɑ
vêre	² ʋ eː r ə
vêret	ʋ eː r ə
vêrfast	v eː r f a s t
vòr	ʋ oː r
ymis	² yː m ɪ s
ymist	² yː m ɪ s t
ymse	² ʏ m s ə
yr	yː r
yrk	ʏ r k
yrke	² ʏ r k ə
yrkja	² ʏ r ç ɑ
å	oː
å	ɔ
åbot	ôː b uː t
åbry	ôː b ɾ yː
åg	oː ɡ
åk	oː k
ån	oː n
ånd	ɔ n d
åndeleg	² ɔ n d ə l ɛ
åndeleg	² ɔ n d ə l ɛ ɡ
åne	oː n ə
år	oː r
åra	oː r ɑ
åra	² oː r ɑ
åre	² oː r ə
årevis	² oː r ə ʋ iː s
årsak	ɔː r s aː k
åsyn	oː s yː n
åt	oː t
åta	oː t ɑ
åta	² oː t ɑ
åte	² oː t ə
åtet	oː t ə
åtet	² oː t ə
åtgaum	ɒː t ɡ ø ʉ m
åtvara	ɒː t ʋ aː r a
åverk	² oː ʋ æ r k
æge	² æː j ə
æge	² æː ɡ ə
æge	² æː ʝ ə
æra	² æː r ɑ
æra	æː r ɑ
ære	² æː r ə
ærer	² æː r ə r
æresdrap	æː r ə s d r aː p
ærleg	æː r l e ɡ
æsj	ʔ æ ʂ
øksla	ø k s l a
øl	øː l
øl	œ l
ør	øː r
øra	² øː r ɑ
øra	øː r ɑ
øri	² øː r ɪ
øri	øː r ɪ
ørkenrev	ø r k e n r eː v
øvre	² œ ʋ r ə
øvst	œ f s t
øya	œ ʏ̯ ɑ
øyar	² œ ʏ̯ ɑ r
øydar	ø y d aː r
øydelegging	ø y d ə l ɛ ɡ i ŋ ɡ
øygd	œ ʏ̯ ɡ d
øyresus	ø y r e s ʉ s
