ab	ɑ b eː
ab	ɑː b
ab	ɑː b ə
abaca	a b ɑː k a
abacaen	a b ɑː k a n̩
abacaene	a b ɑː k a ə n ə
abacaer	a b ɑː k a ə r
abakus	ɑː b a k ʉ s
abakusen	ɑː b a k ʉ s n̩
abakusene	ɑː b a k ʉ s ə n ə
abakuser	ɑː b a k ʉ s ə r
abandon	a b a n d ɔ ŋ
abandon	a b a ŋ d ɔ ŋ
abandonen	a b a n d ɔ ŋ n̩
abandonen	a b a ŋ d ɔ ŋ n̩
abandonene	a b a n d ɔ ŋ ə n ə
abandonene	a b a ŋ d ɔ ŋ ə n ə
abandoner	a b a n d ɔ n eː r
abandoner	a b a n d ɔ ŋ ə r
abandoner	a b a ŋ d ɔ ŋ ə r
abandonere	a b a n d ɔ n eː r ə
abandonere	a b a ŋ d ɔ n eː r ə
abandonerende	a b a n d ɔ n eː r ə n d ə
abandonerer	a b a n d ɔ n eː r ə r
abandoneres	a b a n d ɔ n eː r ə s
abandonering	a b a n d ɔ n eː r ɪ ŋ
abandoneringen	a b a n d ɔ n eː r ɪ ŋ n̩
abandoneringene	a b a n d ɔ n eː r ɪ ŋ n̩ ə n ə
abandoneringer	a b a n d ɔ n eː r ɪ ŋ ə r
abandonert	a b a n d ɔ n eː ʈ
abandonerte	a b a n d ɔ n eː ʈ ə
abandonfrist	a b a n d ɔ ŋ f r ɪ s t
abandonfrist	a b a ŋ d ɔ ŋ f r ɪ s t
abandonfristen	a b a n d ɔ ŋ f r ɪ s t n̩
abandonfristen	a b a ŋ d ɔ ŋ f r ɪ s t n̩
abandonfristene	a b a n d ɔ ŋ f r ɪ s t ə n ə
abandonfristene	a b a ŋ d ɔ ŋ f r ɪ s t ə n ə
abandonfrister	a b a n d ɔ ŋ f r ɪ s t ə r
abandonfrister	a b a ŋ d ɔ ŋ f r ɪ s t ə r
abandonrett	a b a n d ɔ ŋ r ɛ t
abandonrett	a b a ŋ d ɔ ŋ r ɛ t
abandonretten	a b a n d ɔ ŋ r ɛ t n̩
abandonretten	a b a ŋ d ɔ ŋ r ɛ t n̩
abasi	a b a s iː
abasien	a b a s iː n̩
abasiene	a b a s iː ə n ə
abasier	a b a s iː ə r
abasist	a b a s ɪ s t
abasisten	a b a s ɪ s t n̩
abasistene	a b a s ɪ s t ə n ə
abasister	a b a s ɪ s t ə r
abattoir	a b a t ɔ ɑː r
abattoira	a b a t ɔ ɑː r a
abattoirene	a b a t ɔ ɑː r ə n ə
abattoirer	a b a t ɔ ɑː r ə r
abattoiret	a b a t ɔ ɑː r ə
abaya	a b a j a
abbedi	a b ə d iː
abbedia	a b ə d iː a
abbediene	ɑ b ə d iː ə n ə
abbedier	a b ə d iː ə r
abbediet	a b ə d iː ə
abbedissen	ɑ b e d ɪ s n̩
abbreviasjon	a b r ɛ ʋ ɪ a ʃ uː n
abbreviasjonen	a b r ɛ ʋ ɪ a ʃ uː n n̩
abbreviasjonene	a b r ɛ ʋ ɪ a ʃ uː n ə n ə
abbreviasjoner	a b r ɛ ʋ ɪ a ʃ uː n ə r
abbreviatur	a b r ɛ ʋ ɪ a t ʉː r
abbreviaturen	a b r ɛ ʋ ɪ a t ʉː r n̩
abbreviaturene	a b r ɛ ʋ ɪ a t ʉː r ə n ə
abbreviaturer	a b r ɛ ʋ ɪ a t ʉː r ə r
abbrevier	a b r ɛ ʋ ɪ eː r
abbreviere	a b r ɛ ʋ ɪ eː r ə
abbrevierende	a b r ɛ ʋ ɪ eː r ə n d ə
abbrevierer	a b r ɛ ʋ ɪ eː r ə r
abbrevieres	a b r ɛ ʋ ɪ eː r ə s
abbreviering	a b r ɛ ʋ ɪ eː r ɪ ŋ
abbrevieringen	a b r ɛ ʋ ɪ eː r ɪ ŋ n̩
abbrevieringene	a b r ɛ ʋ ɪ eː r ɪ ŋ ə n ə
abbrevieringer	a b r ɛ ʋ ɪ eː r ɪ ŋ ə r
abbreviert	a b r ɛ ʋ ɪ eː ʈ
abbrevierte	a b r ɛ ʋ ɪ eː ʈ ə
abbé	a b ɛ
abc	ɑː b ɛ s eː
abderitt	a b d ə r ɪ t
abdikasjon	a b d ɪ k a ʃ uː n
abdikasjonen	a b d ɪ k a ʃ uː n n̩
abdikasjonene	a b d ɪ k a ʃ uː n ə n ə
abdikasjoner	a b d ɪ k a ʃ uː n ə r
abdiser	a b d ɪ s eː r
abdisere	a b d ɪ s eː r ə
abdiserende	a b d ɪ s eː r ə n d ə
abdiserer	a b d ɪ s eː r ə r
abdiseres	a b d ɪ s eː r ə s
abdisering	a b d ɪ s eː r ɪ ŋ
abdiseringen	a b d ɪ s eː r ɪ ŋ n̩
abdiseringene	a b d ɪ s eː r ɪ ŋ ə n ə
abdiseringer	a b d ɪ s eː r ɪ ŋ ə r
abdisert	a b d ɪ s eː ʈ
abdiserte	a b d ɪ s eː ʈ ə
abdomen	a b d uː m ə n
abdomena	a b d uː m ə n a
abdomenene	a b d uː m ɛ n ə n ə
abdomenet	a b d uː m ə n ə
abdomina	a b d uː m ɪ n a
abdominaene	a b d uː m ɪ n ɑː ə n ə
abdominal	a b d ɔ m ɪ n ɑː l
abdominale	a b d ɔ m ɪ n ɑː l ə
abdominalt	a b d ɔ m ɪ n ɑː l t
abduksjon	a b d ʉ k ʃ uː n
abduksjonen	a b d ʉ k ʃ uː n n̩
abduksjonene	a b d ʉ k ʃ uː n ə n ə
abduksjoner	a b d ʉ k ʃ uː n ə r
abduser	a b d ʉ s eː r
abdusere	a b d ʉ s eː r ə
abduserende	a b d ʉ s e r ə n d ə
abduserer	a b d ʉ s eː r ə r
abduseres	a b d ʉ s eː r ə s
abdusering	a b d ʉ s eː r ɪ ŋ
abduseringen	a b d ʉ s eː r ɪ ŋ n̩
abduseringene	a b d ʉ s eː r ɪ ŋ ə n ə
abduseringer	a b d ʉ s eː r ɪ ŋ ə r
abdusert	a b d ʉ s eː ʈ
abduserte	a b d ʉ s eː ʈ ə
abelsin	a b ə l s iː n
abelsinen	a b ə l s iː n n̩
abelsinene	a b ə l s iː n ə n ə
abelsiner	a b ə l s iː n ə r
abelsk	ɑː b ə l s k
abelske	ɑː b ə l s k ə
abengslig	a b ɛ ŋ s l ɪ
abengslig	a b ɛ ŋ ʃ l ɪ
abengslige	a b ɛ ŋ s l ɪ ə
abengslige	a b ɛ ŋ ʃ l ɪ ə
aber	ɑː b ə r
abera	ɑː b ə r a
abere	ɑː b ə r ə
aberet	ɑː b ə r ə
aberne	ɑː b æ ɳ ə
aberrant	a b ə r a n t
aberrante	a b ə r a n t ə
aberranten	a b ə r a n t n̩
aberrantene	a b ə r a n t ə n ə
aberranter	a b ə r a n t ə r
aberrasjon	a b ɛ r a ʃ uː n
aberrasjonen	a b ɛ r a ʃ uː n n̩
aberrasjonene	a b ɛ r a ʃ uː n ə n ə
aberrasjoner	a b ɛ r a ʃ uː n ə r
abessinia	a b ə s iː n ɪ a
abessinier	a b ə s iː n ɪ ə r
abessinierbrønn	a b ə s iː n ɪ ə r b r œ n
abessiniere	a b ə s iː n ɪ ə r ə
abessinieren	a b ə s iː n ɪ ə r n̩
abessinierne	a b ə s iː n ɪ ə ɳ ə
abessinsk	a b ə s iː n s k
abessinske	a b ə s iː n s k ə
abgeschmackt	a p ɡ ə ʃ m a k t
abgeschmackte	a p ɡ ə ʃ m a k t ə
abgeschmackthet	a p ɡ ə ʃ m a k t h eː t
abgeschmacktheten	a p ɡ ə ʃ m a k t h eː t n̩
abgeschmackthetene	a p ɡ ə ʃ m a k t h eː t ə n ə
abgeschmacktheter	a p ɡ ə ʃ m a k t h eː t ə r
abild	ɑː b ɪ l
abild	ɑː b ɪ l d
abildblomst	ɑː b ɪ l b l ɔ m s t
abildblomsten	ɑː b ɪ l b l ɔ m s t n̩
abildblomstene	ɑː b ɪ l b l ɔ m s t ə n ə
abildblomster	ɑː b ɪ l b l ɔ m s t ə r
abilden	ɑː b ɪ l n̩
abildene	ɑː b ɪ l ə n ə
abilder	ɑː b ɪ l ə r
abildgren	ɑː b ɪ l ɡ r eː n
abildgrena	ɑː b ɪ l ɡ r eː n a
abildgrenen	ɑː b ɪ l ɡ r eː n n̩
abildgrenene	ɑː b ɪ l ɡ r eː n ə n ə
abildgrener	ɑː b ɪ l ɡ r eː n ə r
abildgrå	ɑː b ɪ l ɡ r oː
abildgråe	ɑː b ɪ l ɡ r oː ə
abildgråere	ɑː b ɪ l ɡ r oː ə r ə
abildgråest	ɑː b ɪ l ɡ r oː ə s t
abildgråeste	ɑː b ɪ l ɡ r oː ə s t ə
abildgrått	ɑː b ɪ l ɡ r ɔ t
abildgård	ɑː b ɪ l ɡ oː r
abildgården	ɑː b ɪ l ɡ oː r n̩
abildgårdene	ɑː b ɪ l ɡ oː r ə n ə
abildgårder	ɑː b ɪ l ɡ oː r ə r
abildtre	ɑː b ɪ l t r eː
abildtrea	ɑː b ɪ l t r eː a
abildtreet	ɑː b ɪ l t r eː ə
abildtrær	ɑː b ɪ l t r æː r
abildtrærne	ɑː b ɪ l t r æː ɳ ə
abiotisk	ɑː b ɪ uː t ɪ s k
abiotiske	ɑː b ɪ uː t ɪ s k ə
abitur	a b ɪ t ʉː r
abituren	a b ɪ t ʉː r n̩
abiturene	a b ɪ t ʉː r ə n ə
abiturer	a b ɪ t ʉː r ə r
abiturient	a b ɪ t ʉ r ɪ ɛ n t
abiturienten	a b ɪ t ʉ r ɪ ɛ n t n̩
abiturientene	a b ɪ t ʉ r ɪ ɛ n t ə n ə
abiturienter	a b ɪ t ʉ r ɪ ɛ n t ə r
abjekt	a b j ɛ k t
abjekte	a b j ɛ k t ə
abkhaser	a b k ɑː s ə r
abkhasere	a b k ɑː s ə r ə
abkhaseren	a b k ɑː s ə r n̩
abkhaserne	a b k ɑː s ə ɳ ə
abkhasia	a b k ɑː s ɪ a
abkhasisk	a b k ɑː s ɪ s k
abkhasiske	a b k ɑː s ɪ s k ə
abkhasisken	a b k ɑː s ɪ s k n̩
ablasjon	a b l a ʃ uː n
ablasjonen	a b l a ʃ uː n n̩
ablasjonene	a b l a ʃ uː n ə n ə
ablasjoner	a b l a ʃ uː n ə r
ablativ	ɑː b l a t iː ʋ
ablative	ɑː b l a t iː ʋ ə
ablativen	ɑː b l a t iː ʋ n̩
ablativene	ɑː b l a t iː ʋ ə n ə
ablativer	ɑː b l a t iː ʋ ə r
ablativform	ɑː b l a t iː ʋ f ɔ r m
ablativforma	ɑː b l a t iː ʋ f ɔ r m a
ablativformen	ɑː b l a t iː ʋ f ɔ r m n̩
ablativformene	ɑː b l a t iː ʋ f ɔ r m ə n ə
ablativformer	ɑː b l a t iː ʋ f ɔ r m ə r
ablativisk	a b l a t iː ʋ ɪ s k
ablativiske	a b l a t iː ʋ ɪ s k ə
ablativt	ɑː b l a t iː ʋ t
ablefynte	a b l ə f ʏ n t ə
ablefynten	a b l ə f ʏ n t n̩
ablefyntene	a b l ə f ʏ n t ə n ə
ablefynter	a b l ə f ʏ n t ə r
ablegøye	a b l ə ɡ œ ʏ ə
ablegøyen	a b l ə ɡ œ ʏ n̩
ablegøyene	a b l ə ɡ œ ʏ ə n ə
ablegøyer	a b l ə ɡ œ ʏ ə r
ablesin	a b l ə s iː n
ablesinen	a b l ə s iː n n̩
ablesinene	a b l ə s iː n ə n ə
ablesiner	a b l ə s iː n ə r
ablusjon	a b l ʉ ʃ uː n
ablusjonen	a b l ʉ ʃ uː n n̩
ablusjonene	a b l ʉ ʃ uː n ə n ə
ablusjoner	a b l ʉ ʃ uː n ə r
abnorm	a b n ɔ r m
abnormal	a b n ɔ r m ɑː l
abnormale	a b n ɔ r m ɑː l ə
abnormalt	a b n ɔ r m ɑː l t
abnorme	a b n ɔ r m ə
abnormitet	a b n ɔ r m ɪ t eː t
abnormiteten	a b n ɔ r m ɪ t eː t n̩
abnormitetene	a b n ɔ r m ɪ t eː t ə n ə
abnormiteter	a b n ɔ r m ɪ t eː t ə r
abnormskole	a b n ɔ r m s k uː l ə
abnormskolen	a b n ɔ r m s k uː l n̩
abnormskolene	a b n ɔ r m s k uː l ə n ə
abnormskoler	a b n ɔ r m s k uː l ə r
abnormt	a b n ɔ r m t
abolisjonistene	a b u l ɪ ʃ u n ɪ s t ə n ə
abominabel	a b ɔ m ɪ n ɑː b ə l
abominabelt	a b ɔ m ɪ n ɑː b ə l t
abominable	a b ɔ m ɪ n ɑː b l ə
abominablere	a b ɔ m ɪ n ɑː b l ə r ə
abominablest	a b ɔ m ɪ n ɑː b l ə s t
abominableste	a b ɔ m ɪ n ɑː b l ə s t ə
aborder	a b ɔ r d eː r
abordere	a b ɔ r d eː r ə
aborderende	a b ɔ r d eː r ə n d ə
aborderer	a b ɔ r d eː r ə r
aborderes	a b ɔ r d eː r ə s
abordering	a b ɔ r d eː r ɪ ŋ
aborderinga	a b ɔ r d eː r ɪ ŋ a
aborderingen	a b ɔ r d eː r ɪ ŋ n̩
aborderingene	a b ɔ r d eː r ɪ ŋ ə n ə
aborderinger	a b ɔ r d eː r ɪ ŋ ə r
abordert	a b ɔ r d eː r t
aborderte	a b ɔ r d eː r t ə
aborigin	a b ɔ r ɪ ɡ iː n
aboriginen	a b ɔ r ɪ ɡ iː n n̩
aboriginene	a b ɔ r ɪ ɡ iː n ə n ə
aboriginer	a b ɔ r ɪ ɡ iː n ə r
aboriginere	a b ɔ r ɪ ɡ iː n ə r ə
aborigineren	a b ɔ r ɪ ɡ iː n ə r n̩
aboriginerne	a b ɔ r ɪ ɡ iː n ə ɳ ə
aboriginsk	a b ɔ r ɪ ɡ iː n s k
aboriginske	a b ɔ r ɪ ɡ iː n s k ə
abort	a b ɔ ʈ
aborten	a b ɔ ʈ n̩
abortene	a b ɔ ʈ ə n ə
aborter	a b ɔ ʈ eː r
aborter	a b ɔ ʈ ə r
abortere	ɑ b ɔ ʈ eː r ə
aborterende	a b ɔ ʈ eː r ə n d ə
aborterer	a b ɔ ʈ eː r ə r
aborteres	a b ɔ ʈ eː r ə s
abortering	a b ɔ ʈ eː r ɪ ŋ
aborteringen	a b ɔ ʈ eː r ɪ ŋ n̩
aborteringene	a b ɔ ʈ eː r ɪ ŋ ə n ə
aborteringer	a b ɔ ʈ eː r ɪ ŋ ə r
aborterte	a b ɔ ʈ eː ʈ ə
abortiv	a b ɔ ʈ iː ʋ
abortiva	a b ɔ ʈ iː ʋ a
abortive	a b ɔ ʈ iː ʋ ə
abortivene	a b ɔ ʈ iː ʋ ə n ə
abortiver	a b ɔ ʈ iː ʋ ə r
abortivet	a b ɔ ʈ iː ʋ ə
abortivt	a b ɔ ʈ iː ʋ t
abortlov	a b ɔ ʈ l oː ʋ
abortloven	a b ɔ ʈ l oː ʋ n̩
abortlovene	a b ɔ ʈ l oː ʋ ə n ə
abortlover	a b ɔ ʈ l oː ʋ ə r
abortnemnd	a b ɔ ʈ n ɛ m n d
abortnemnda	a b ɔ ʈ n ɛ m n d a
abortnemnden	a b ɔ ʈ n ɛ m n d n̩
abortnemndene	a b ɔ ʈ n ɛ m n d ə n ə
abortnemnder	a b ɔ ʈ n ɛ m n d ə r
abortsøkende	a b ɔ ʈ s øː k ə n d ə
abortsøker	a b ɔ ʈ s øː k ə r
abortsøkere	a b ɔ ʈ s øː k ə r ə
abortsøkeren	a b ɔ ʈ s øː k ə r n̩
abortsøkerne	a b ɔ ʈ s øː k ə ɳ ə
abrakadabra	ɑː b r a k a d ɑː b r a
abrakadabraa	ɑː b r a k a d ɑː b r ɑː a
abrakadabraene	ɑː b r a k a d ɑː b r a ə n ə
abrakadabraet	ɑː b r a k a d ɑː b r a ə
abrodd	a b r ɔ d
abrot	a b r ɔ t
abroten	a b r ɔ t n̩
abrotene	a b r ɔ t ə n ə
abroter	a b r ɔ t ə r
abrupt	a b r ʉ p t
abrupte	a b r ʉ p t ə
abscess	a b s ɛ s
abscess	a p s ɛ s
abscessen	a b s ɛ s n̩
abscessen	a p s ɛ s n̩
absenter	a b s ə n t eː r
absenter	a p s ə n t eː r
absentere	a b s ə n t eː r ə
absentere	a p s ə n t eː r ə
absenterende	a b s ə n t eː r ə n d ə
absenterende	a p s ə n t eː r ə n d ə
absenterer	a b s ə n t eː r ə r
absenterer	a p s ə n t eː r ə r
absenteres	a b s ə n t eː r ə s
absenteres	a p s ə n t eː r ə s
absentering	a b s ə n t eː r ɪ ŋ
absentering	a p s ə n t eː r ɪ ŋ
absenteringen	a b s ə n t eː r ɪ ŋ n̩
absenteringen	a p s ə n t eː r ɪ ŋ n̩
absenteringene	a b s ə n t eː r ɪ ŋ ə n ə
absenteringene	a p s ə n t eː r ɪ ŋ ə n ə
absenteringer	a b s ə n t eː r ɪ ŋ ə r
absenteringer	a p s ə n t eː r ɪ ŋ ə r
absentert	a b s ə n t eː ʈ
absentert	a p s ə n t eː ʈ
absenterte	a b s ə n t eː ʈ ə
absenterte	a p s ə n t eː ʈ ə
absint	a b s ɪ n t
absint	a p s ɪ n t
absinten	a b s ɪ n t n̩
absinten	a p s ɪ n t n̩
absintene	a b s ɪ n t ə n ə
absintene	a p s ɪ n t ə n ə
absinter	a b s ɪ n t ə r
absinter	a p s ɪ n t ə r
absolver	a b s ɔ l ʋ eː r
absolvere	a b s ɔ l ʋ eː r ə
absolverende	a b s ɔ l ʋ eː r ə n d ə
absolverer	a b s ɔ l ʋ eː r ə r
absolveres	a b s ɔ l ʋ eː r ə s
absolvering	a b s ɔ l ʋ eː r ɪ ŋ
absolveringen	a b s ɔ l ʋ eː r ɪ ŋ n̩
absolveringene	a b s ɔ l ʋ eː r ɪ ŋ ə n ə
absolveringer	a b s ɔ l ʋ eː r ɪ ŋ ə r
absolvert	a b s ɔ l ʋ eː ʈ
absolverte	a b s ɔ l ʋ eː ʈ ə
absorbent	a b s ɔ r b ɛ n t
absorbent	a p s ɔ r b ɛ n t
absorbenten	a b s ɔ r b ɛ n t n̩
absorbenten	a p s ɔ r b ɛ n t n̩
absorbentene	a b s ɔ r b ɛ n t ə n ə
absorbentene	a p s ɔ r b ɛ n t ə n ə
absorbenter	a b s ɔ r b ɛ n t ə r
absorbenter	a p s ɔ r b ɛ n t ə r
absorber	a b s ɔ r b eː r
absorber	a p s ɔ r b eː r
absorbere	a b s ɔ r b eː r ə
absorbere	a p s ɔ r b eː r ə
absorberende	a b s ɔ r b eː r ə n d ə
absorberende	a p s ɔ r b eː r ə n d ə
absorberer	a b s ɔ r b eː r ə r
absorberer	a p s ɔ r b eː r ə r
absorberes	a b s ɔ r b eː r ə s
absorberes	a p s ɔ r b eː r ə s
absorbering	a b s ɔ r b eː r ɪ ŋ
absorbering	a p s ɔ r b eː r ɪ ŋ
absorbert	a b s ɔ r b eː ʈ
absorbert	a p s ɔ r b eː ʈ
absorberte	a b s ɔ r b eː ʈ ə
absorberte	a p s ɔ r b eː ʈ ə
absorpsjon	a b s ɔ r p ʃ uː n
absorpsjon	a p s ɔ r p ʃ uː n
absorpsjonen	a b s ɔ r p ʃ uː n n̩
absorpsjonen	a p s ɔ r p ʃ uː n n̩
absorpsjonene	a b s ɔ r p ʃ uː n ə n ə
absorpsjonene	a p s ɔ r p ʃ uː n ə n ə
absorpsjoner	a b s ɔ r p ʃ uː n ə r
absorpsjoner	a p s ɔ r p ʃ uː n ə r
absorpsjonsevna	a b s ɔ r p ʃ uː n s ɛ ʋ n a
absorpsjonsevna	a p s ɔ r p ʃ uː n a ɛ ʋ n a
absorpsjonsevne	a b s ɔ r p ʃ uː n s ɛ ʋ n ə
absorpsjonsevne	a p s ɔ r p ʃ uː n a ɛ ʋ n ə
absorpsjonsevnen	a b s ɔ r p ʃ uː n s ɛ ʋ n n̩
absorpsjonsevnen	a p s ɔ r p ʃ uː n a ɛ ʋ n n̩
absorpsjonsevnene	a b s ɔ r p ʃ uː n s ɛ ʋ n ə n ə
absorpsjonsevnene	a p s ɔ r p ʃ uː n a ɛ ʋ n ə n ə
absorpsjonsevner	a b s ɔ r p ʃ uː n s ɛ ʋ n ə r
absorpsjonsevner	a p s ɔ r p ʃ uː n a ɛ ʋ n ə r
absorptiv	a b s ɔ r p t iː ʋ
absorptiv	a p s ɔ r p t iː ʋ
absorptive	a b s ɔ r p t iː ʋ ə
absorptive	a p s ɔ r p t iː ʋ ə
absorptivt	a b s ɔ r p t iː ʋ t
absorptivt	a p s ɔ r p t iː ʋ t
abstinens	a b s t ɪ n ɛ n s
abstinens	a p s t ɪ n ɛ n s
abstinensen	a b s t ɪ n ɛ n s n̩
abstinensen	a p s t ɪ n ɛ n s n̩
abstinensene	a b s t ɪ n ɛ n s ə n ə
abstinensene	a p s t ɪ n ɛ n s ə n ə
abstinenser	a b s t ɪ n ɛ n s ə r
abstinenser	a p s t ɪ n ɛ n s ə r
abstinent	a b s t ɪ n ɛ n t
abstinent	a p s t ɪ n ɛ n t
abstinente	a b s t ɪ n ɛ n t ə
abstinente	a p s t ɪ n ɛ n t ə
abstiner	a b s t ɪ n eː r
abstiner	a p s t ɪ n eː r
abstinere	a b s t ɪ n eː r ə
abstinere	a p s t ɪ n eː r ə
abstinerende	a b s t ɪ n eː r ə n d ə
abstinerende	a p s t ɪ n eː r ə n d ə
abstinerer	a b s t ɪ n eː r ə r
abstinerer	a p s t ɪ n eː r ə r
abstineres	a b s t ɪ n eː r ə s
abstineres	a p s t ɪ n eː r ə s
abstinering	a b s t ɪ n eː r ɪ ŋ
abstinering	a p s t ɪ n eː r ɪ ŋ
abstineringa	a b s t ɪ n eː r ɪ ŋ a
abstineringa	a p s t ɪ n eː r ɪ ŋ a
abstineringen	a b s t ɪ n eː r ɪ ŋ n̩
abstineringen	a p s t ɪ n eː r ɪ ŋ n̩
abstineringene	a b s t ɪ n eː r ɪ ŋ ə n ə
abstineringene	a p s t ɪ n eː r ɪ ŋ ə n ə
abstineringer	a b s t ɪ n eː r ɪ ŋ ə r
abstineringer	a p s t ɪ n eː r ɪ ŋ ə r
abstinert	a b s t ɪ n eː r ʈ
abstinerte	a b s t ɪ n eː ʈ ə
abstraher	a b s t r a h eː r
abstraher	a p s t r a h eː r
abstrahere	a b s t r a h eː r ə
abstrahere	a p s t r a h eː r ə
abstraherende	a b s t r a h eː r ə n d ə
abstraherende	a p s t r a h eː r ə n d ə
abstraherer	a b s t r a h eː r ə r
abstraherer	a p s t r a h eː r ə r
abstraheres	a b s t r a h eː r ə s
abstraheres	a p s t r a h eː r ə s
abstrahering	a b s t r a h eː r ɪ ŋ
abstrahering	a p s t r a h eː r ɪ ŋ
abstraheringa	a b s t r a h eː r ɪ ŋ a
abstraheringa	a p s t r a h eː r ɪ ŋ a
abstraheringen	a b s t r a h eː r ɪ ŋ n̩
abstraheringen	a p s t r a h eː r ɪ ŋ n̩
abstraheringene	a b s t r a h eː r ɪ ŋ ə n ə
abstraheringene	a p s t r a h eː r ɪ ŋ ə n ə
abstraheringer	a b s t r a h eː r ɪ ŋ ə r
abstraheringer	a p s t r a h eː r ɪ ŋ ə r
abstrahert	a b s t r a h eː ʈ
abstrahert	a p s t r a h eː ʈ
abstraherte	a b s t r a h eː ʈ ə
abstraherte	a p s t r a h eː ʈ ə
abstraksjon	a b s t r a k ʃ uː n
abstraksjon	a p s t r a k ʃ uː n
abstraksjonen	a b s t r a k ʃ uː n n̩
abstraksjonen	a p s t r a k ʃ uː n n̩
abstraksjonene	a b s t r a k ʃ uː n ə n ə
abstraksjonene	a p s t r a k ʃ uː n ə n ə
abstraksjoner	a b s t r a k ʃ uː n ə r
abstraksjoner	a p s t r a k ʃ uː n ə r
abstraksjonsevna	a b s t r a k ʃ uː n s ɛ ʋ n a
abstraksjonsevna	a p s t r a k ʃ uː n s ɛ ʋ n a
abstraksjonsevne	a b s t r a k ʃ uː n s ɛ ʋ n ə
abstraksjonsevne	a p s t r a k ʃ uː n s ɛ ʋ n ə
abstraksjonsevnen	a b s t r a k ʃ uː n s ɛ ʋ n ə n
abstraksjonsevnen	a p s t r a k ʃ uː n s ɛ ʋ n ə n
abstraksjonsevnene	a b s t r a k ʃ uː n s ɛ ʋ n ə n ə
abstraksjonsevnene	a p s t r a k ʃ uː n s ɛ ʋ n ə n ə
abstraksjonsevner	a b s t r a k ʃ uː n s ɛ ʋ n ə r
abstraksjonsevner	a p s t r a k ʃ uː n s ɛ ʋ n ə r
abstraksjonsnivå	a b s t r a k ʃ uː n s n ɪ ʋ oː
abstraksjonsnivå	a p s t r a k ʃ uː n s n ɪ ʋ oː
abstraksjonsnivåa	a b s t r a k ʃ uː n s n ɪ ʋ oː a
abstraksjonsnivåa	a p s t r a k ʃ uː n s n ɪ ʋ oː a
abstraksjonsnivåene	a b s t r a k ʃ uː n s n ɪ ʋ oː ə n ə
abstraksjonsnivåene	a p s t r a k ʃ uː n s n ɪ ʋ oː ə n ə
abstraksjonsnivåer	a b s t r a k ʃ uː n s n ɪ ʋ oː ə r
abstraksjonsnivåer	a p s t r a k ʃ uː n s n ɪ ʋ oː ə r
abstraksjonsnivået	a b s t r a k ʃ uː n s n ɪ ʋ oː ə
abstraksjonsnivået	a p s t r a k ʃ uː n s n ɪ ʋ oː ə
abstraksjonsplan	a b s t r a k ʃ uː n s p l ɑː n
abstraksjonsplan	a p s t r a k ʃ uː n s p l ɑː n
abstraksjonsplana	a b s t r a k ʃ uː n s p l ɑː n a
abstraksjonsplana	a p s t r a k ʃ uː n s p l ɑː n a
abstraksjonsplanene	a b s t r a k ʃ uː n s p l ɑː n ə n ə
abstraksjonsplanene	a p s t r a k ʃ uː n s p l ɑː n ə n ə
abstraksjonsplanet	a b s t r a k ʃ uː n s p l ɑː n ə
abstraksjonsplanet	a p s t r a k ʃ uː n s p l ɑː n ə
abstrakt	a b s t r a k t
abstrakt	a p s t r a k t
abstrakta	a b s t r a k t a
abstrakta	a p s t r a k t a
abstrakte	a b s t r a k t ə
abstrakte	a p s t r a k t ə
abstraktene	a b s t r a k t ə n ə
abstraktene	a p s t r a k t ə n ə
abstrakter	a b s t r a k t ə r
abstrakter	a p s t r a k t ə r
abstraktet	a b s t r a k t ə
abstraktet	a p s t r a k t ə
abyssiner	a b ʏ s iː n ə r
abyssinere	a b ʏ s iː n ə r ə
abyssineren	a b ʏ s iː n ə r n̩
abyssinisk	a b ʏ s iː n ɪ s k
abyssiniske	a b ʏ s iː n ɪ s k ə
abyssinsk	a b ʏ s iː n s k
abyssinske	a b ʏ s iː n s k ə
accent	a k s a ŋ
accessoir	a k s ɛ s ɔ ɑː r
accessoiren	a k s ɛ s ɔ ɑː r n̩
accessoirene	a k s ɛ s ɔ ɑː r ə n ə
accessoirer	a k s ɛ s ɔ ɑː r ə r
accessoiret	a k s ɛ s ɔ ɑː r ə
acetat	a s ɛ t ɑː t
acetata	a s ɛ t ɑː t a
acetatene	a s ɛ t ɑː t ə n ə
acetater	a s ɛ t ɑː t ə r
acetatet	a s ɛ t ɑː t ə
aceton	a s ɛ t uː n
acetona	a s ɛ t uː n a
acetonene	a s ɛ t uː n ə n ə
acetonet	a s ɛ t uː n ə
acetyl	a s ɛ t yː l
acetyla	a s ɛ t yː l a
acetylen	a s ɛ t ʏ l eː n
acetylena	a s ɛ t ʏ l eː n a
acetylene	a s ɛ t yː l ə n ə
acetylenene	a s ɛ t ʏ l eː n ə n ə
acetylenet	a s ɛ t ʏ l eː n ə
acetylet	a s ɛ t yː l ə
acetylsalisylsyra	a s ɛ t yː l s a l ɪ s yː l s yː r a
acetylsalisylsyre	a s ɛ t yː l s a l ɪ s yː l s yː r ə
acetylsalisylsyren	a s ɛ t yː l s a l ɪ s yː l s yː r n̩
acetylsalisylsyrene	a s ɛ t yː l s a l ɪ s yː l s yː r ə n ə
acetylsalisylsyrer	a s ɛ t yː l s a l ɪ s yː l s yː r ə r
acre	æ ɪ k ə r
acren	æ ɪ k ə r n̩
acrene	æ ɪ k ə r ə n ə
acres	æ ɪ k ə r s
acres	æ ɪ k ə ʂ
actinium	a k t iː n ɪ ʉ m
actiniuma	a k t iː n ɪ ʉ m a
actiniumene	a k t iː n ɪ ʉ m ə n ə
actiniumet	a k t iː n ɪ ʉ m ə
ad	ɑː d eː
addisjon	ɑ d ɪ ʂ uː n
adekvat	ɑ d ə k ʋ ɑː t
admiral	a d m ɪ r ɑː l
admiralen	a d m ɪ r ɑː l n̩
admiralene	a d m ɪ r ɑː l ə n ə
admiraler	a d m ɪ r ɑː l ə r
adressat	ɑ d r ɛ s ɑː t
advare	ɑː d ʋ ɑː r ə
advent	ɑ d ʋ ɛ n t
afghanistan	ɑ f ɡ ɑ n ɪ s t ɑ n
afrikaner	ɑ f r i k ɑː n ə r
afrikansk	ɑ f r i k ɑː n s k
aften	a f t n̩
aften	a f t ə n
aftenen	a f t n̩ n̩
aftenen	a f t ə n n̩
aftenene	a f t n̩ n̩ ə
aftenene	a f t ə n ə n ə
aftener	a f t n̩ ə r
aftener	a f t ə n ə r
agurktid	a ɡ ʉ r k t iː
aigu	ɛ ɡ yː
aiguen	ɛ ɡ yː n̩
aiguene	ɛ ɡ yː ə n ə
aiguer	ɛ ɡ yː ə r
ajourfør	a ʃ ʉː r f øː r
ajourføre	a ʃ ʉː r f øː r ə
ajourførende	a ʃ ʉː r f øː r ə n d ə
ajourfører	a ʃ ʉː r f øː r ə r
ajourføres	a ʃ ʉː r f øː r ə s
ajourføring	a ʃ ʉː r f øː r ɪ ŋ
ajourføringen	a ʃ ʉː r f øː r ɪ ŋ n̩
ajourføringene	a ʃ ʉː r f øː r ɪ ŋ ə n ə
ajourføringer	a ʃ ʉː r f øː r ɪ ŋ ə r
ajourført	a ʃ ʉː r f øː ʈ
ajourførte	a ʃ ʉː r f øː ʈ ə
ajourinnfattede	a ʃ ʉː r ɪ n f a t ə d ə
ajourinnfattet	a ʃ ʉː r ɪ n f a t ə t
ajourinnfattete	a ʃ ʉː r ɪ n f a t ə t ə
ajournement	a ʃ ʉː ɳ ə m a ŋ
ajournementa	a ʃ ʉː ɳ ə m a ŋ a
ajournementene	a ʃ ʉː ɳ ə m a ŋ ə n ə
ajournementet	a ʃ ʉː ɳ ə m a ŋ ə
ajourner	a ʃ ʉ ɳ eː r
ajournere	a ʃ ʉ ɳ eː r ə
ajournerende	a ʃ ʉ ɳ eː r ə n d ə
ajournerer	a ʃ ʉ ɳ eː r ə r
ajourneres	a ʃ ʉ ɳ eː r ə s
ajournering	a ʃ ʉ ɳ eː r ɪ ŋ
ajourneringen	a ʃ ʉ ɳ eː r ɪ ŋ n̩
ajourneringene	a ʃ ʉ ɳ eː r ɪ ŋ ə n ə
ajourneringer	a ʃ ʉ ɳ eː r ɪ ŋ ə r
ajournert	a ʃ ʉ ɳ eː ʈ
ajournerte	a ʃ ʉ ɳ eː ʈ ə
akhasier	a k ɑː s ɪ ə r
akhasiere	a k ɑː s ɪ ə r ə
akhasieren	a k ɑː s ɪ ə r n̩
akhasierne	a k ɑː s ɪ ə ɳ ə
akselerere	ɑ k s ɛ l ɛ r eː r ə
aksent	ɑ k s ɑ ŋ
aksessoar	a k s ɛ s ɔ ɑː r
aksessoaren	a k s ɛ s ɔ ɑː r n̩
aksessoarene	a k s ɛ s ɔ ɑː r ə n ə
aksessoarer	a k s ɛ s ɔ ɑː r ə r
aksessoaret	a k s ɛ s ɔ ɑː r ə
aksjonær	ɑ k ʂ u n æː r
akt	a k t
akt	ɑː k t
akta	a k t a
akten	a k t n̩
aktene	a k t ə n ə
akter	a k t ə r
akupunktur	ɑ k ə p ʉ ŋ t ʉː r
alasker	a l a s k e r
alaskisk	a l a s k i s k
albania	ɑ l b ɑ n j ɑ
alfabet	a l f a b eː t
allegori	ɑ l ə ɡ u r iː
allerede	ɑ l ə r eː d ɛ
allmenn	ɑ l m ɛ n
allé	ɑ l eː
alternativ	ɑ l t æ ɳ ɑ t iː ʋ
alternativ	ɑ l t æː ɳ ɑ t iː ʋ
altfor	ɑ l t f ɔ r
an	ɑː n
ananas	a n a n a s
anarki	ɑ n ɑ r k iː
and	ɑ n d
andesbjørn	a n d e s b j øː ɳ
ane	ɑː n ə
anelse	ɑː n ə l s ə
anelsen	ɑː n ə l s n̩
anelsene	ɑː n ə l s ə n ə
anelser	ɑː n ə l s ə r
anen	ɑː n ə n
anende	ɑː n ə n d ə
anene	ɑː n ə n ə
aner	ɑː n ə r
anes	ɑː n ə s
angola	ɑ ŋ ɡ u l ɑ
angripe	ɑ n ɡ ɾ iː p ə
aning	ɑː n ɪ ŋ
aninga	ɑː n ɪ ŋ a
aningen	ɑː n ɪ ŋ n̩
aningene	ɑː n ɪ ŋ ə n ə
aninger	ɑː n ɪ ŋ ə r
anmod	a n m uː d
anmoda	a n m uː d a
anmode	a n m uː d ə
anmodende	a n m uː d ə n d ə
anmoder	a n m uː d ə r
anmodes	a n m uː d ə s
anmodet	a n m uː d ə t
anmodete	a n m uː d ə t ə
anmodning	a n m uː d n ɪ ŋ
annen	ɑ n ə n
annen	ɑː ɑ n
annen	ɑː ə n
annullere	ɑ n ʉ l eː r ə
ansikt	ɑ n s ɪ k t
ansikta	ɑ n s ɪ k t ɑ
ansiktene	ɑ n s ɪ k t n̩ ə
ansikter	ɑ n s ɪ k t ə r
ansiktet	ɑ n s ɪ k t ə
ant	ɑː n t
ante	ɑː n t ə
antilope	ɑ n t ɪ l uː p ə
antilopen	ɑ n t ɪ l uː p ə n
antilopene	ɑ n t ɪ l uː p n̩ ə
antiloper	ɑ n t ɪ l uː p ə r
ape	aː p e
apotek	ɑ p u t eː k
apoteker	ɑ p u t eː k ə r
apotekere	ɑ p u t eː k ɛ r ə
apotekeren	ɑ p u t eː k æ ɳ
apotekerne	ɑ p u t eː k æ ɳ ə
apoteket	ɑ p u t eː k ə
aprikos	ɑ p r ɪ k uː s
aprikosen	ɑ p r ɪ k uː s n̩
aprikosene	ɑ p r ɪ k uː s n̩ ə
aprikoser	ɑ p r ɪ k uː s ə r
arabisk	ɑ r ɑː b ɪ s k
armbrøst	a r m b r ø s t
aruba	ɑ ɾ ʉː b ɑ
askebeger	ɑ s k ə b eː ɡ ə r
askebegeret	ɑ s k ə b eː ɡ ɛ r ə
askebegra	ɑ s k ə b eː ɡ r ɑ
askebegre	ɑ s k ə b eː ɡ r ə
askebegrene	ɑ s k ə b eː ɡ r ɛ n ə
astronomi	ɑ s t r u n u m iː
at	a t
ateist	ɑ t ə ɪ s t
atom	a t uː m
atoma	a t uː m a
atomene	a t uː m ə n ə
atomer	a t uː m ə r
atomet	a t uː m ə
australia	æ ʉ s t ɾ ɑː l j ɑ
av	ɑː
av	ɑː ʋ
avance	a ʋ a ŋ s
avancen	a ʋ a ŋ s n̩
avancene	a ʋ a ŋ s ə n ə
avancer	a ʋ a ŋ s ə r
avbetal	ɑː ʋ b ɛ t ɑː l
avbetale	ɑː ʋ b ɛ t ɑː l ə
avbetalende	ɑː ʋ b ɛ t ɑː l ə n d ə
avbetaler	ɑː ʋ b ɛ t ɑː l ə r
avbetales	ɑː ʋ b ɛ t ɑː l ə s
avbetaling	ɑː ʋ b ɛ t ɑː l ɪ ŋ
avbetalinga	ɑː ʋ b ɛ t ɑː l ɪ ŋ a
avbetalingen	ɑː ʋ b ɛ t ɑː l ɪ ŋ n̩
avbetalingene	ɑː ʋ b ɛ t ɑː l ɪ ŋ ə n ə
avbetalinger	ɑː ʋ b ɛ t ɑː l ɪ ŋ ə r
avbetalt	ɑː ʋ b ɛ t ɑː l t
avbetalte	ɑː ʋ b ɛ t ɑː l t ə
avfall	ɑː ʋ f ɑ l
avis	a ʋ iː s
avisa	ɑ ʋ iː s ɑ
avisen	ɑ ʋ iː s n̩
avisene	ɑ ʋ iː s n̩ ə
aviser	ɑ ʋ iː s ə r
avkastning	aː ʋ k a s t n i ŋ ɡ
avsky	ɑː ʋ ʂ yː
avslå	ɑː ʋ ʂ l oː
avsnitt	ɑː ʋ s n ɪ t
b	b
b	b eː
bacon	b eː k ə n
bacon	b æ j k ə n
badebukser	b ɑː d ə b u k s ə ɾ
badekar	b ɑː d ə k ɑː r
badekara	b ɑː d ə k ɑː r ɑ
badekarene	b ɑː d ə k ɑː r ɛ n ə
badekarene	b ɑː d ə k ɑː ɳ ə
badekaret	b ɑː d ə k ɑː r ə
bakgrunn	b ɑː k r ʉ n
balalaika	b ɑ l ɑ l ɑ j k ɑ
ballong	b ɑ l ɔ ŋ
ballongen	b ɑ l ɔ ŋ ə n
ballongene	b ɑ l ɔ ŋ ɛ n ə
ballonger	b ɑ l ɔ ŋ ə r
banan	b a n aː n
bandasje	b a n d ɑː ʃ ə
bank	b ɑ ŋ k
barn	b ɑː ɳ
barndom	b ɑː ɳ d ɔ m
barndomsrival	b ɑː ɳ d ɔ m s ɾ ɪ ʋ ɑː l
barndomsrivalen	b ɑː ɳ d ɔ m s ɾ ɪ ʋ ɑː l n̩
barndomsrivalene	b ɑː ɳ d ɔ m s ɾ ɪ ʋ ɑː l ə n ə
barndomsrivaler	b ɑː ɳ d ɔ m s ɾ ɪ ʋ ɑː l ə r
barnehage	b aː r n e h aː ɡ e
barnemishandling	b ɑː ɳ ə m i s h ɑ n d l ɪ ŋ
bart	b a r t
bart	b aː r t
bavianer	b ɑ ʋ ɪ ɑː n ə r
bekreftelse	b e k r e f t e l s e
belta	b ɛ l t ɑ
belte	b ɛ l t ə
beltene	b ɛ l t n̩ ə
belter	b ɛ l t ə r
beltet	b ɛ l t ə
benektelse	b e n e k t e l s e
bengalrev	b e n ɡ aː l r eː v
bergen	b ɛ r ɡ ə n
bergmann	b æ r ɡ m ɑ n
betrakte	b ə t r ɑ k t ə
betydningsfull	b ə t y d n ɪ ŋ s f ʉ l
beundring	b ə ʉ n d r ɪ ŋ
bibliofil	b ɪ b l j u f iː l
bibliotek	b ɪ b l j u t eː k
bibliotekar	b ɪ b l j u t ɛ k ɑː r
bibliotekarer	b ɪ b l j u t ɛ k ɑː r ə r
bibliotekene	b ɪ b l j u t eː k ɛ n ə
biblioteker	b ɪ b l j u t eː k ə r
biblioteket	b ɪ b l j u t eː k ə
bil	b iː l
bilda	b ɪ l d ɑ
bilde	b ɪ l d ə
bildene	b ɪ l d n̩ ə
bilder	b ɪ l d ə r
bildet	b ɪ l d ə
bind	b ɪ n
binær	b i n æː r
biter	b iː t ə r
bjørk	b j ø ɾ k
bjørn	b j øː ɳ
blant	b l a n t
bleik	b l æ i k
blemme	b l e m m e
bli	b l i
blyfri	b l yː f r iː
blå	b l oː
blå	b ɽ oː
blåse	b l oː s e
bløffe	b l ø f f e
boadicea	b uː d ɪ s eː a
bok	b uː k
bokmål	b uː k m oː l
bokmål	b uː k m oː ɽ
bokstav	b u k s t ɑː ʋ
bomb	b u m b
boms	b u m s
bongotromme	b u n ɡ u t r u m m e
bord	b o r d
bord	b uː ɽ
bord	b uː ɾ
bornert	b u ɳ eː ʈ
boudica	b uː d ɪ k a
bra	b ɾ ɑː
brannbil	b r ɑ n b iː l
brekkjern	b r e k j æː r n
bretsk	b r ɛ t s k
bretske	b r ɛ t s k ə
brev	b r eː ʋ
brillebjørn	b r i l l e b j øː ɳ
bringe	b r i n ɡ ə
broøgle	b r uː ø ɡ l e
bryllupsdag	b r y l ʉ p s d aː ɡ
brød	b r øː
brødskive	b r øː ʂ iː v e
brønn	b r œ n
buddhist	b ʉ d ɪ s t
buddhisten	b ʉ d ɪ s t n̩
buddhistene	b ʉ d ɪ s t n̩ ə
buddhister	b ʉ d ɪ s t ə r
buljong	b ʉ l j ɔ ŋ
buljongen	b ʉ l j ɔ ŋ n̩
buljongene	b ʉ l j ɔ ŋ ə n ə
buljonger	b ʉ l j ɔ ŋ ə r
bunt	b ʉ n t
burka	b ʉ r k ɑ
bursch	b u r ʃ
butikk	b ʉ t i k
butt	b ʉ t
by	b yː
bygd	b ʏ ɡ d
bygdelag	b y ɡ d e l ɑː ɡ
byge	b yː ɡ e
bygg	b y ɡ
bæsj	b æ ʃ
bæsjing	b æ ʃ ɪ ŋ
bæsjinga	b æ ʃ ɪ ŋ a
bæsjingen	b æ ʃ ɪ ŋ n̩
bæsjingene	b æ ʃ ɪ ŋ ə n ə
bæsjinger	b æ ʃ ɪ ŋ ə r
bønn	b œ n
børste	b œ ʂ t ə
c	k
c	k a r b uː n
c	s
c	s a ŋ t iː m
c	s eː
c	s iː
c	s yː k ə l
c	s ɛ l s ɪ ʉ s
c	s ɛ n t
c	s ɛ n t ɪ
c	t ʃ
c	ʃ
carte	k a ʈ
carten	k a ʈ n̩
cartene	k a ʈ ə n ə
carter	k a ʈ ə r
christiansand	k r ɪ s t ɪ a n s a n
christianssand	k r ɪ s t ɪ a n s a n
christianssund	k r ɪ s t j a n s ʉ n
circonflexe	s ɪ r k ɔ ŋ f l ɛ k s
circonflexen	s ɪ r k ɔ ŋ f l ɛ k s n̩
circonflexene	s ɪ r k ɔ ŋ f l ɛ k s ə n ə
circonflexer	s ɪ r k ɔ ŋ f l ɛ k s ə r
d	d eː
dag	d ɑː ɡ
dager	d ɑː ɡ ə r
datamangel	d ɑː t a m a ŋ ə l
datamangelen	d ɑː t a m a ŋ ə l n̩
datamanglene	d ɑː t a m a ŋ l ə n ə
datamangler	d ɑː t a m a ŋ l ə r
datamus	d aː t a m ʉː s
dd	d eː d eː
dd	d eː d ɑː ɡ
dd	d eː d ɑː ɡ n̩
dd	d uː n ɑ l d ʉ k
dd	d ɑː t a m a ŋ ə l
dd	d ɑː ɡ
dd	d ʉː d a
de	d iː
deg	d æ j
deker	d eː k ə r
dem	d ɛ m
den	d ə n
den	d ɛ n
der	d æː r
dere	d eː ɾ ə
derifra	d e r i f r aː
det	d eː
det	d ə
disjunksjon	d ɪ s j u ŋ k ʂ uː n
diskotek	d i s k u t eː k
djevel	d j eː ʋ ə l
donaldisme	d uː n ɑ l d ɪ s m ə
donaldismen	d uː n ɑ l d ɪ s m n̩
dovendyr	d oː v e n d yː r
drosje	d r o ʂ e
drøm	d r ø m
du	d ʉː
dua	d ʉː a
due	d uː ə
due	d ʉː ə
duen	d ʉː n̩
duende	d ʉː ə n d ə
duene	d ʉː ə n ə
duer	d ʉː ə r
dues	d ʉː ə s
duet	d ʉː ə t
duing	d ʉː ɪ ŋ
duinga	d ʉː ɪ ŋ a
duingen	d ʉː ɪ ŋ n̩
duingene	d ʉː ɪ ŋ ə n ə
duinger	d ʉː ɪ ŋ ə r
dumming	d u m m i ŋ
dvd	d eː ʋ ə d eː
dyp	d yː p
dyr	d yː r
dysfori	d y s f u r iː
dyskalkuli	d ʏ s k a l k ʉ l iː
dyskalkulien	d ʏ s k a l k ʉ l iː n̩
dyskalkuliene	d ʏ s k a l k ʉ l iː ə n ə
dyskalkulier	d ʏ s k a l k ʉ l iː ə r
dysleksi	d y s l e k s iː
dåp	d oː p
døgn	d ø j n
døgn	d ø ŋ n
edderkopp	e d e r k o p
egersund	eː ɡ ɛ ʂ ʉ n
egg	ɛ ɡ
eid	æ ɪ d
eie	æ ɪ ə
eldedes	ɛ l d ə d ə s
eldes	ɛ l d ə s
elev	ɛ l eː ʋ
elg	æ ɽ j
elg	ɛ l ɡ
elte	e l t ə
emajõgi	eː m a j oː ɡ ɪ
en	eː n
en	ə n
end	ɛ n
end	ɛ n d
ende	ɛ n d ə
endelse	ɛ n d ə l s ə
endelsen	ɛ n d ə l s ə n
endelsene	ɛ n d ə l s ə n ə
endelser	ɛ n d ə l s ə r
enden	ɛ n d n̩
enden	ɛ n n̩
endende	ɛ n d ə n d ə
endene	ɛ n d ə n ə
ender	ɛ n d ə r
endes	ɛ n d ə s
ending	ɛ n d ɪ ŋ
endinga	ɛ n d ɪ ŋ a
endingen	ɛ n d ɪ ŋ n̩
endingene	ɛ n d ɪ ŋ ə n ə
endinger	ɛ n d ɪ ŋ ə r
endt	ɛ n t
endte	ɛ n t ə
enhjørning	eː n j øː ɳ ɪ ŋ
enhjørningen	eː n j øː ɳ ɪ ŋ ə n
enhjørningene	eː n j øː ɳ ɪ ŋ ɛ n ə
enhjørninger	eː n j øː ɳ ɪ ŋ ə r
enighet	eː n ɪ h eː t
eple	ɛ p l ə
eplepai	e p l e p a j
er	æ ɾ
er	æː ɾ
erklæring	e r k l æː r i ŋ
ert	ɛ ʈ
et	eː t
et	ɛ t
ete	eː t ə
fable	f ɑː b l ə
fagidiot	f aː ɡ i d i uː t
fallskjermhopping	f a l ʂ e r m h o p p i ŋ
farsott	f a ʂ ɔ t
fasan	f a s aː n
fatt	f a t
favn	f a ʋ n
fedme	f e d m e
feil	f æ ɪ l
fele	f eː l e
fem	f ɛ m
fenalår	f eː n a l oː r
fennek	f e n n e k
ferie	f eː r j ə
fil	f iː l
filologi	f i l u l u ɡ iː
finland	f ɪ n l ɑ n
finnmarking	f ɪ n m ɑ ɾ k i ŋ
finsk	f ɪ n s k
fire	f iː ɾ ə
fjell	f j ɛ l
fjella	f j ɛ l ɑ
fjellene	f j ɛ l n̩ ə
fjellet	f j ɛ l ə
fjellheim	f j ɛ l h æ ɪ m
fjellrev	f j e l r eː v
fjord	f j uː r
fjære	f j æː r e
fjøl	f j øː l
fjøs	f j øː s
flammekaster	f l a m m e k a s t e r
flein	f l æ ɪ n
fleina	f l æ ɪ n a
fleine	f l æ ɪ n ə
fleinen	f l æ ɪ n n̩
fleinene	f l æ ɪ n ə n ə
fleiner	f l æ ɪ n ə r
fleinere	f l æ ɪ n ə r ə
fleinest	f l æ ɪ n ə s t
fleineste	f l æ ɪ n ə s t ə
fleinet	f l æ ɪ n ə
fleint	f l æ ɪ n t
flekkhyene	f l e k h y eː n e
flo	f l uː
fly	f l yː
flyge	f l yː ɡ e
flå	f l oː
flåte	f ɽ oː t ə
flåten	f ɽ oː t n̩
flåtene	f ɽ oː t n̩ ə
flåter	f ɽ oː t ə r
flått	f l o t
for	f ɔ
foran	f ɔ ɾ ɑ n
forberedelse	f ɔ r b ə r eː d ɛ l s ə
forfatterskap	f ɔ r f ɑ t ə ʃ k ɑː p
forhistorie	f ɔ r h ɪ s t uː r j ə
form	f ɔ r m
formidabel	f ɔ r m ɪ d ɑː b ə l
forstå	f ɔ r s t oː
fort	f u ʈ
fortiori	f ɔ r t ɪ oː r ɪ
fortumlet	f ɔ ɾ t u m l ə t
fra	f r ɑː
fransk	f r a n s k
franskmann	f r ɑ n s k m ɑ n
frederiksstad	f r ɛ d ə r ɪ k s t ɑː
fredriksstad	f r ɛ d r ɪ k s t ɑː
fredrikstad	f r ɛ d r ɪ k s t ɑː
fri	f ɾ iː
frihet	f r iː h eː t
fugl	f ʉː l
fugl	f ʉː ɽ
ful	f ʉː l
full	f ʉ l
fårikål	f oː r i k o l
følge	f ø l ɡ e
føn	f øː n
føner	f ø n ɛ ɾ
først	f œ r s t
garn	ɡ ɑː ɳ
gasspedal	ɡ a s p eː d aː l
gatekjøkken	ɡ aː t e ç ø k e n
gaule	ɡ æ ʉ l e
gaupe	ɡ æ ʉ p e
gi	j iː
giratar	ʃ ɪ r ɑ t ɑː r
gissel	ɡ i s s e l
gjennom	j ɛ n ɔ m
gjennomsnittsfart	j e n n u m s n i t s f a r t
gjerne	j ɛ r n ə
gjest	j e s t
gjø	j øː
gjøgler	j œ ɡ l ə r
gjøgler	j œ ɡ ɽ ə r
gjømme	j ø m m e
glad	ɡ l ɑː
glad	ɡ ɽ ɑː
glane	ɡ l ɑː n ə
glimt	ɡ l ɪ m t
god	ɡ uː
gode	ɡ uː ə
gran	ɡ r aː n
grantopp	ɡ r ɑː n t ɔ p
grateng	ɡ r a t e ŋ
grave	ɡ r ɑː ʋ
graven	ɡ r ɑː ʋ n̩
gravene	ɡ r ɑː ʋ ə n ə
graver	ɡ r ɑː ʋ ə r
grecque	ɡ r ɛ k
greie	ɡ r ɛ i ə
grill	ɡ r ɪ l
grise	ɡ r iː s ə
grisk	ɡ r ɪ s k
grut	ɡ r ʉː t
gruvedrift	ɡ r ʉː v e d r i f t
grå	ɡ ɾ oː
gråbein	ɡ r oː b e i n
grøftefyll	ɡ r œ f t ə f ʏ l
grøftefyller	ɡ r œ f t ə f ʏ l ə r
grønn	ɡ r œ n
grønn	ɡ ɾ ø n
grønnsak	ɡ ɾ ø n s ɑ k
gudbrandsdalen	ɡ ʉ d b r a n s d ɑː l n̩
gul	ɡ ʉː l
gul	ɡ ʉː ɽ
gulrot	ɡ ʉ l r uː t
gulrot	ɡ ʉ ɽ r uː t
gyllen	j ʏ l n̩
gå	ɡ oː
gård	ɡ oː ɽ
gård	ɡ oː ɾ
gården	ɡ oː ɳ
hagl	h ɑ ɡ l
hallik	h a l l i k
halvøy	h ɑ l œ j
ham	h ɑ m
ham	h ɑː m
han	h a n
hand	h a n
hansnes	h a n s n eː s
har	h ɑː ɾ
hare	h aː r ə
haugesund	h æ ʉ ɡ ə s ʉ n
hb	h oː b ə
hebraisk	h ɛ b r ɑː ɪ s k
heimert	h æ ɪ m ɛ ʈ
heimerten	h æ ɪ m ɛ ʈ n̩
heimertene	h æ ɪ m ɛ ʈ ə n ə
heimerter	h æ ɪ m ɛ ʈ ə r
hellig	h ɛ l ɪ
helligdag	h ɛ l ɪ d ɑː
helligdag	h ɛ l ɪ d ɑː ɡ
helsingfors	h ɛ l s ɪ ŋ f ɔ ʂ
hems	h ɛ m s
her	h æː r
herme	h e r m e
hest	h eː s t
hest	h ɛ s t
hestkuk	h ɛ s t k ʉː k
hestkuken	h ɛ s t k ʉː k n̩
hestkukene	h ɛ s t k ʉː k ə n ə
hestkuker	h ɛ s t k ʉː k ə r
hete	h eː t ə
hidsjab	h iː d ʂ ɑ b
hidsjab	h ɪ d ʂ ɑ b
hijab	h iː d ʂ ɑ b
hijab	h ɪ d ʂ ɑ b
himkok	h iː m k uː k
himkoka	h iː m k uː k a
himkoken	h iː m k uː k n̩
himkokene	h iː m k uː k ə n ə
himkoker	h iː m k uː k ə r
himkoket	h iː m k uː k ə
hindu	h ɪ n d ʉ
hinduisme	h ɪ n d ʉ ɪ s m ə
hjul	j ʉː l
hjul	j ʉː ɽ
ho	h uː
hol	h oː l
hol	h uː l
homofili	h u m u f i l iː
hovedinngang	h uː v e d i n ɡ a ŋ
hovedsakelig	h uː ʋ ə d s ɑː k l ɪ
hun	h ʉ n
hundemat	h ʉ n n e m aː t
hunn	h ʉ n
hus	h ʉː s
husfusel	h ʉː s f ʉː s ə l
husfuselen	h ʉː s f ʉː s ə l n̩
husfuslene	h ʉː s f ʉː ʂ l ə n ə
husfusler	h ʉː s f ʉː ʂ l ə r
hva	k ɑ
hva	v ɑ
hva	v ɑː
hva	ʋ ɑː
hval	ʋ ɑː ɽ
hvalkebab	ʋ ɑː ɽ k eː b ɑ b
hvem	v ɛ m
hvert	ʋ æ ʈ
hvil	ʋ iː l
hykle	h y k l ə
hårtørker	h oː ɾ t œ ɾ k ə ɾ
håv	h oː ʋ
høflig	h øː f l ɪ
hør	h øː r
høyesterett	h œ j ə s t ə r ɛ t
høytid	h ø j t iː
høytysk	h œ j t ʏ s k
i	iː
image	ɪ m ɪ d ʂ
industriland	i n d ʉ s t r iː l a n
infinitiv	ɪ n f ɪ n ɪ t iː ʋ
infinitiven	ɪ n f ɪ n ɪ t iː ʋ n̩
infinitivene	ɪ n f ɪ n ɪ t iː ʋ ə n ə
infinitiver	ɪ n f ɪ n ɪ t iː ʋ ə
inn	ɪ n
intim	i n t iː m
isbjørn	iː s b j øː ɳ
isdalen	iː s d ɑː l n̩
islam	ɪ s l ɑː m
islam	ɪ ʂ l ɑː m
ja	j ɑː
jak	j a k
jepp	j ɛ p
jern	j æː ɳ
jest	j e s t
jord	j uː r
jordbær	j u r b æː r
jordbær	j u ɽ b æː r
jour	ʃ ʉː r
jovial	j u v i aː l
juge	j ʉː ɡ e
jul	j ʉː l
jul	j ʉː ɽ
jævla	j æː v l ɑ
jõgeva	j ɔ ɡ ɛ ʋ a
jøde	j øː d ə
jødedom	j øː d ə d ɔ m
jūrmala	j uː r m a l a
kabylsk	k ɑ b yː l s k
kaffer	k a f f e r
kameleon	k ɑ m ə l ə uː n
kamelåså	k a m ɛ l oː s ɔ
kamuflasje	k a m ʉ f l ɑː ʃ ə
kamuflasjen	k a m ʉ f l ɑː ʃ n̩
kamuflasjene	k a m ʉ f l ɑː ʃ ə n ə
kamuflasjer	k a m ʉ f l ɑː ʃ ə r
kanape	k a n a p eː
kanapeen	k a n a p eː n̩
kanapeene	k a n a p eː ə n ə
kanapeer	k a n a p eː ə r
kanapé	k a n a p eː
kanapéen	k a n a p eː n̩
kanapéene	k a n a p eː ə n ə
kanapéer	k a n a p eː ə r
kanonisere	k a n u n i s eː r e
kara	k ɑː r ɑ
karboksylsyre	k a r b u k s yː l s yː r e
karmøy	k a r m œ ʏ
karsk	k a ʂ k
karske	k a ʂ k ə
karsken	k a ʂ k n̩
karskene	k a ʂ k ə n ə
karsker	k a ʂ k ə r
karskere	k a ʂ k ə r ə
karskest	k a ʂ k ə s t
karskeste	k a ʂ k ə s t ə
karskt	k a ʂ k t
kart	k a ʈ
karten	k a ʈ n̩
kartene	k a ʈ ə n ə
karter	k a ʈ ə r
karyatide	k a r ʏ a t iː d ə
karyatiden	k a r ʏ a t iː d n̩
karyatidene	k a r ʏ a t iː d ə n ə
karyatider	k a r ʏ a t iː d ə r
kask	k a s k
kasken	k a s k n̩
kaskene	k a s k ə n ə
kasker	k a s k ə r
kebab	k eː b ɑ b
keik	ç e i k
keton	k e t uː n
kidnapper	k i d n a p ə r
kidnapping	k ɪ d n ɑ p ɪ ŋ
kilo	ç iː l u
kinesisk	ç ɪ n eː s ɪ s k
kiosk	ç ɔ s k
kiosken	ç ɔ s k n̩
kioskene	ç ɔ s k ə n ə
kiosker	ç ɔ s k ə r
kirke	ç ɪ r k ə
kirkegård	ç ɪ r k ə ɡ oː r
kirkegård	ç ɪ r k ə ɡ oː ɽ
kirkegården	ç ɪ r k ə ɡ oː ɳ
kiwi	k iː ʋ i
kjappest	ç ɑ p ə s t
kjele	ç eː l e
kjemi	ç ɛ m iː
kjemisk	ç e m ɪ s k
kjempe	ç ɛ m p ə
kjendis	ç ɛ n d ɪ s
kjendisen	ç ɛ n d ɪ s n̩
kjendisene	ç ɛ n d ɪ s ə n ə
kjendiser	ç ɛ n d ɪ s ə r
kjepp	ç ɛ p
kjer	ç æː r
kjera	ç æː r a
kjerene	ç æː r ə n ə
kjeret	ç æː r ə
kjern	ç æː ɳ
kjerna	ç æː ɳ a
kjerne	ç æː ɳ ə
kjernen	ç æː ɳ n̩
kjernende	ç æː ɳ ə n d ə
kjernene	ç æː ɳ ə n ə
kjerner	ç æː ɳ ə r
kjernes	ç æː ɳ ə s
kjernet	ç æː ɳ ə t
kjerning	ç æː ɳ ɪ ŋ
kjerninga	ç æː ɳ ɪ ŋ a
kjerningen	ç æː ɳ ɪ ŋ n̩
kjerningene	ç æː ɳ ɪ ŋ ə n ə
kjerninger	ç æː ɳ ɪ ŋ ə r
kjerr	ç ɛ r
kjerring	ç æ r ɪ ŋ
kjole	ç uː l ə
kjøben	ç øː b n̩
kjøkken	ç œ k ə n
kjøleskap	ç øː l ə s k ɑː p
kjønn	ç œ n
kjøtt	ç œ t
kjøttmeis	ç œ t m æ j s
klage	k l ɑː ɡ ə
klage	k ɽ ɑː ɡ ə
klam	k l a m
klamt	k l a m t
klassekamerat	k l a s s e k a m m e r aː t
klaustrofobi	k l æ ʉ s t r u f u b iː
klaustrofobi	k ɽ æ ʉ s t r u f u b iː
klint	k l iː n t
klubbe	k l u b b e
kløn	k l øː n
kløna	k l øː n a
kløne	k l øː n ə
klønen	k l øː n n̩
klønende	k l øː n ə n d ə
klønene	k l øː n ə n ə
kløner	k l øː n ə r
klønes	k l øː n ə s
kløning	k l øː n ɪ ŋ
kløninga	k l øː n ɪ ŋ a
kløningen	k l øː n ɪ ŋ n̩
kløningene	k l øː n ɪ ŋ ə n ə
kløninger	k l øː n ɪ ŋ ə r
klønt	k l øː n t
klønte	k l øː n t ə
knebel	k n eː b e l
kneble	k n eː b l e
kniv	k n iː ʋ
knivstikk	k n iː v s t i k
knøl	k n øː l
knølen	k n øː l n̩
knølene	k n øː l ə n ə
knøler	k n øː l ə r
kokain	k u k a iː n
kol	k oː l
kom	k ɔ m
konjunksjon	k u n j ʉ ŋ k ʂ uː n
konspirasjon	k u n s p ɪ r ɑ ʂ uː n
konspirasjonsteori	k u n s p ɪ r ɑ ʂ uː n s t ɛ u r iː
konsulent	k u n s ʉ l ɛ n t
kontinent	k u n t ɪ n ɛ n t
kort	k ɔ ʈ
kreft	k r e f t
krig	k ɾ iː ɡ
krige	k r iː ɡ e
krigserklæring	k r iː ɡ s e r k l æː r i ŋ
kristendom	k r ɪ s t n̩ d ɔ m
kristiansand	k r ɪ s t ɪ a n s a n
kristianssund	k r ɪ s t j a n s ʉ n
kristiansund	k r ɪ s t j a n s ʉ n
kritiker	k r iː t ɪ k ə r
kro	k r uː
krokodilletåre	k r u k u d i l l e t oː r e
krotekake	k r uː t ə k ɑː k ə
krydder	k r y d e r
kryptovaluta	k r y p t u v a l ʉ t a
kul	k ʉː l
kule	k ʉː l ə
kult	k ʉ l t
kum	k u m
kunstner	k ʉ n s t n ə r
kuwait	k ʉ ʋ a ɪ t
kval	k ʋ ɑː ɽ
kvantefysikk	k v a n t e f y s i k k
kvarg	k ʋ ɑ ɾ ɡ
kvass	k v a s
kvelds	k v e l s
kvik	k v i k
kvikksølv	k ʋ ɪ k s œ l
kvise	k ʋ iː s ə
kviskre	k v i s k r e
kynisme	ç ʏ n ɪ s m ə
kypriot	k ʏ p r ɪ uː t
kyr	ç yː r
kyss	ç ʏ s
kysse	ç ʏ s ə
kyst	ç ʏ s t
kål	k oː l
kål	k oː ɽ
kæbe	k æː b ə
kæben	k æː b n̩
kæbene	k æː b ə n ə
kæber	k æː b ə r
københavn	ç øː b n̩ h a ʋ n
la	l a
lag	l ɑː ɡ
laga	l ɑː ɡ a
lagen	l ɑː ɡ n̩
lagene	l ɑː ɡ ə n ə
lager	l ɑː ɡ ə r
laget	l ɑː ɡ ə
laget	l ɑː ɡ ə t
lakris	l ɑ k r iː s
lakris	l ɑ k r ɪ s
laks	l ɑ k s
landsby	l ɑ n s b yː
latin	l ɑ t iː n
latskap	l aː t s k aː p
lekt	l eː k t
lekt	l ɛ k t
lemen	l ɛ m ə n
lest	l eː s t
lest	l ɛ s t
linselus	l i n s ə l ʉː s
lobbyvirksomhet	l o b i v i r k s o m h e t
lok	l uː k
loka	l uː k a
loke	l uː k ə
lokende	l uː k ə n d ə
loker	l uː k ə r
lokes	l uː k ə s
loket	l uː k ə
loket	l uː k ə t
loking	l uː k ɪ ŋ
lokinga	l uː k ɪ ŋ a
lokingen	l uː k ɪ ŋ n̩
lokingene	l uː k ɪ ŋ ə n ə
lokinger	l uː k ɪ ŋ ə r
london	l ɔ n d ɔ n
lov	l oː ʋ
lunde	l ʉ n d e
lundehund	l ʉ n d e h ʉ n
ly	l yː
lyge	l yː ɡ ɛ
lykke	l y k e
lyng	l y ŋ
lysbryter	l yː s b r yː t e r
lysømfintlighet	l yː s ø m f iː n t l i h eː t
lær	l æː ɾ
lærbrynja	l æː r b r ʏ n j a
lærbrynje	l æː r b r ʏ n j ə
lærbrynjen	l æː r b r ʏ n j n̩
lærbrynjene	l æː r b r ʏ n j ə n ə
lærbrynjer	l æː r b r ʏ n j ə
lære	l æː r e
lærer	l æː r ə r
lærere	l æː r ɛ r ə
læreren	l æː r æ ɳ
lærerne	l æː r æ ɳ ə
lønn	l œ n
mamma	m a m a
man	m ɑ n
man	m ɑː n
mandolin	m a n d u l iː n
mange	m ɑ ŋ ə
mars	m ɑ r s
maskin	m ɑ ʂ iː n
maskiner	m ɑ ʂ iː n ə r
matematikk	m a t e m a t i k
matpakke	m aː t p a k e
maurtue	m æ ʉ ɾ t ʉː ə
mave	m aː v e
med	m eː
meritt	m ə ɾ i t
mesterverk	m e s t e r v æ r k
middagshvil	m i d a ɡ s v iː l
middagskvil	m i d a ɡ s k v iː l
middelalderlitteratur	m i d e l a l d e r l i t e r a t ʉː r
mjød	m j øː d
mjøden	m j øː d n̩
mjødene	m j øː d n̩ ə
mjøder	m j øː d ə r
mm	ə m
mm	ɛ m ɛ m
mobil	m u b iː l
mobil	m uː b iː l
modig	m uː d i
mold	m ɔ l
molde	m ɔ l d ə
moll	m ɔ l
morn	m ɔ ɳ
mornings	m oː ɳ ɪ ŋ s
morningsen	m oː ɳ ɪ ŋ s n̩
morningsene	m oː ɳ ɪ ŋ s ə n ə
morningser	m oː ɳ ɪ ŋ s ə r
moskva	m ɔ s k ʋ a
mot	m uː t
motgift	m uː t j i f t
mus	m ʉː s
muse	m ʉ s eː
musiker	m ʉː s ɪ k ə ɾ
muslim	m ʉ s l iː m
muslim	m ʉ ʂ l iː m
muslimen	m ʉ s l iː m ə n
muslimen	m ʉ ʂ l iː m ə n
muslimene	m ʉ s l iː m ɛ n ə
muslimene	m ʉ ʂ l iː m ɛ n ə
muslimer	m ʉ s l iː m ə r
muslimer	m ʉ ʂ l iː m ə r
musling	m ʉ s l i ŋ
musé	m ʉ s eː
mål	m oː l
måla	m oː l a
måle	m oː l ə
målene	m oː l ə n ə
målet	m oː l ə
målføre	m oː l f øː r e
navnedag	n a v n e d aː ɡ
negasjon	n e ɡ a ʃ uː n
nei	n æ ɪ
nes	n eː s
nesa	n eː s a
nesene	n eː s ə n ə
neset	n eː s ə
nettvett	n e t v e t
niks	n i k s
nitrist	n iː t r i s t
noe	n uː ə
noen	n uː e n
nordmann	n u ɾ m ɑ n
nordnorsk	n uː r n ɔ ʂ k
norge	n ɔ ɾ ɡ ə
norgesvenn	n ɔ r ɡ ɛ s v ɛ n
norsk	n ɔ ʂ k
norsk	n ɔ ʃ k
nugat	n ʉ ɡ ɑː
nummer	n ʉ m ə r
nynorsk	n yː n ɔ ʂ k
nys	n yː s
nyse	n yː s e
nysgjerrigper	n y ʂ æ r i p eː r
nyst	n y s t
nåe	n oː ə
nåen	n oː n̩
nåene	n oː ə n ə
nåer	n oː ə r
nøs	n øː s
ofte	ɔ f t ə
og	ɔ
ol	uː e l
olje	ɔ l j ə
om	ɔ m
omfavne	ɔ m f ɑ ʋ n ə
omfavnelse	ɔ m f ɑ ʋ n ə l s ə
omsorgsfull	u m s o r ɡ s f ʉ l
ondskap	u n s k aː p
onomatopoetikon	u n u m a t u p u eː t i k o n
oppskaket	ɔ p s k ɑː k ə t
ordentlig	o r d e n t l i
ordsmed	uː r s m eː
ordstilling	uː r s t i l l i ŋ
ormepadde	o r m e p a d d e
ormeyngel	ɔ ɾ m ə ʏ ŋ ə l
ost	u s t
oter	uː t ə r
ovn	ɔ ʋ n
ovner	ɔ ʋ n ə r
ovo	oː ʋ ɔ
paillegul	p ɑ j ɡ ʉː l
panserneshorn	p a n s e r n eː s h u r n
pantergaupe	p a n t e r ɡ æ ʉ p e
parade	p ɑ ɾ ɑː d ə
pariserhjul	p ɑ r iː s ə r j ʉː ɽ
pariserhjula	p ɑ r iː s ə r j ʉ ɽ ɑ
pariserhjulene	p ɑ r iː s ə r j ʉː ɽ ɛ n ə
pariserhjulet	p ɑ r iː s ə r j ʉ ɽ ə
penny	p ɛ n n ɪ
person	p æ r s uː n
pil	p iː l
pilleskrukketroll	p i l l e s k r u k k e t r o l l
pingvin	p ɪ ŋ ʋ iː n
plate	p l aː t e
politimann	p u l t ɪ m ɑ n
politimann	p u l ɪ t iː m ɑ n
porsgrunn	p ɔ ʂ ɡ r ʉ n
port	p u ʈ
posteriori	p ɔ s t ə r i oː r ɪ
praha	p r ɑː h a
prate	p r ɑː t ɛ
prima	p r iː m a
primær	p r i m æː r
priori	p r iː oː r ɪ
prostituert	p r u s t ɪ t ʉ eː ʈ
pult	p ʉ l t
pult	p ʉː l t
punk	p ø ŋ k
punker	p ø ŋ k ə ɾ
puss	p ʉ s
på	p oː
på	p ɔ
pønk	p ø ŋ k
pønker	p ø ŋ k ə ɾ
rabatt	r ɑ b ɑ t
radiobil	r ɑː d j u b iː l
raja	r ɑ d ʃ ɑ
raspeball	ɾ ɑ s p ə b ɑ l
redsel	r ɛ d s ə l
redsel	r ɛ t s ə l
redselen	r ɛ d s ə l n̩
redselen	r ɛ t s ə l n̩
redslene	r ɛ d ʃ l ə n ə
redslene	r ɛ t ʃ l ə n ə
redsler	r ɛ d ʃ l ə r
redsler	r ɛ t ʃ l ə r
regle	r e ɡ l ə
reindrift	r e j n d r i f t
reklame	r e k l aː m e
restaurant	r ɛ s t ʉ r ɑ ŋ
retard	r ə t ɑː r
retarden	r ə t ɑː r n̩
retardene	r ə t ɑː r ə n ə
retarder	r ə t ɑː r ə r
retreat	r ɪ t r iː t
rett	ɾ ɛ t
revehi	r eː v e h iː
riga	r iː ɡ a
rime	r iː m e
ris	ɾ iː s
rive	r iː v ə
romfarer	r u m f aː r e r
romvesen	r u m v eː s e n
rote	r oː t ə
rune	r ʉː n ə
ruse	r ʉː s ə
rå	ɾ oː
rød	ɾ øː
rødgaupe	r øː ɡ æ ʉ p ə
rødrev	r øː r eː v
safari	s ɑ f ɑː r ɪ
salisyl	s a l ɪ s yː l
salisyla	s a l ɪ s yː l a
salisylene	s a l ɪ s yː l ə n ə
salisylet	s a l ɪ s yː l ə
sand	s ɑ n
sang	s a ŋ
sanse	s a n s ə
se	s eː
seanse	s ɛ a ŋ s ə
seansen	s ɛ a ŋ s n̩
seansene	s ɛ a ŋ s ə n ə
seanser	s ɛ a ŋ s ə r
seer	s eː ə r
selle	s e l l e
show	ʃ ɔ ʋ
showa	ʂ ɔ ʋ ɑ
showene	ʂ ɔ ʋ ə n ə
showet	ʂ ɔ ʋ ə
si	s iː
sidesyn	s iː d e s yː n
sigar	s ɪ ɡ ɑː r
sigaren	s ɪ ɡ ɑː r n̩
sigarene	s ɪ ɡ ɑː r ə n ə
sigarer	s ɪ ɡ ɑː r ə r
sigarett	s ɪ ɡ a r ɛ t
sigaretten	s ɪ ɡ a r ɛ t n̩
signatur	s i ŋ n ɑ t ʉː ɾ
signatur	s i ɡ n ɑ t ʉː ɾ
sikksakk	s i k s a k
sine	s iː n e
sinnssyk	s i n s s yː k
sirka	s i r k a
sitron	s i t ɾ uː n
sjekk	ʂ ɛ k
sjevron	ʂ ɛ ʋ r uː n
sjukebil	ʃ ʉ k ə b iː l
sjølmord	ʂ øː l m u r d
skake	s k ɑː k ə
skammelig	s k ɑ m ə l ɪ
skapning	s k aː p n i ŋ
ski	ʃ iː
skip	ʃ iː p
skjeen	ʃ eː n̩
skjegg	ʂ e ɡ
skjer	ʃ eː ɾ
skjør	ʂ øː r
skole	s k uː l ə
skuddår	s k ʉ d oː r
skudeneshavn	s k ʉː d ɛ n ə s h a ʋ n
skuespill	s k ʉ ə s p ɪ l
skvåsj	s k ʋ ɔ ʂ
skøyte	ʂ ø j t e
slem	ʃ l e m
slik	s l iː k
sliter	s l iː t ə r
smalt	s m ɑ l t
smalt	s m ɑː l t
smil	s m iː l
snile	s n iː l e
sniva	s n iː ʋ a
snive	s n iː ʋ ə
sniven	s n iː ʋ n̩
snivene	s n iː ʋ ə n ə
sniver	s n iː ʋ ə r
sol	s uː l
solbær	s uː l b æː r
solskinn	s uː l ʂ ɪ n
som	s ɔ m
sope	s uː p ə
sort	s u ʈ
sort	s ɔ ʈ
spanjol	s p a n j uː l
spill	s p ɪ l
spirt	s p iː ʈ
spise	s p iː s ə
språkforsking	s p r oː k f o ʂ k i ŋ
språkforskning	s p r oː k f o ʂ k n i ŋ
squash	s k ʋ ɔ ʂ
steinbit	s t æ j n b iː t
stepperev	s t e p e r eː v
stikkontakt	s t i k k u n t a k t
stil	s t iː l
still	s t ɪ l
stillongs	s t iː l l o ŋ s
stjerne	s t j ɛ r n ɛ
stor	s t uː ɾ
strandflate	s t r a n f l aː t e
stripehyene	s t r iː p e h y eː n e
stut	s t ʉː t
støvel	s t ø v e l
svalbardrein	s v aː l b aː r d r æ j n
svart	s ʋ ɑ ʈ
sveis	s ʋ æ i s
svelge	s ʋ æ ɽ j ə
svelge	s ʋ ɛ l ɡ ə
svensk	s ʋ ɛ n s k
svigersønn	s ʋ iː ɡ ə ʃ œ n
svinne	s ʋ ɪ n ə
sviregast	s ʋ iː r ə ɡ a s t
sviregasten	s ʋ iː r ə ɡ a s t n̩
sviregastene	s ʋ iː r ə ɡ a s t ə n ə
sviregaster	s ʋ iː r ə ɡ a s t ə r
svømme	s ʋ ø m e
sykkel	s y k e l
syklus	s yː k l ʉ s
symptom	s ʏ m p t uː m
sæter	s eː t ə r
sæter	s æː t ə r
søke	s øː k ə
sønn	s œ n
søvn	s ø v n
takk	t a k
tannbørste	t ɑ n b œ ʂ t ə
tannhjul	t ɑ n j ʉː ɽ
tap	t ɑː p
tapet	t ɑ p eː t
tapet	t ɑː p ə
tartu	t a ʈ ʉ
td	t eː d eː
te	t eː
teater	t ɛ ɑː t ə r
tee	iː
tekst	t ɛ k s t
teleportere	t e l e p u r t eː r e
tempo	t ɛ m p ɔ
tide	t iː d
til	t ɪ l
tirana	t ɪ r ɑː n a
tiranë	t ɪ r ɑː n ə
tispe	t i s p e
tjern	ç æː ɳ
tjerna	ç æː ɳ a
to	t uː
torden	t u r d e n
tort	t u ʈ
tosk	t o s k
trang	t ɾ ɑ ŋ
tre	t ɾ eː
trekkspill	t r e k s p i l
trillebår	t r i l l e b oː r
troll	t r o l
trollkjerring	t ɾ ɔ l ç æ r ɪ ŋ
trondhjem	t r ɔ n j ə m
tronfrasigelse	t ɾ uː n f ɾ ɑ s iː ə l s ə
tronfrasigelsen	t ɾ uː n f ɾ ɑ s iː ə l s ə n
tronfrasigelsene	t ɾ uː n f ɾ ɑ s iː ə l s ə n ə
tronfrasigelser	t ɾ uː n f ɾ ɑ s iː ə l s ə r
trost	t r o s t
tuja	t ʉː j ɑ
turn	t ʉː ɳ
tysk	t ʏ s k
tåre	t oː r e
tårn	t oː ɳ
tæsj	t æ ʃ
udyr	ʉː d yː r
ufo	ʉː f u
ufoen	ʉː f u n
ufoene	ʉː f u ə n ə
ufoer	ʉː f u ə r
uforsonlighet	ʉ f ɔ ʂ uː n l ɪ h eː t
uforsonligheten	ʉ f ɔ ʂ uː n l ɪ h eː t n̩
uforsonlighetene	ʉ f ɔ ʂ uː n l ɪ h eː t ə n ə
uforsonligheter	ʉ f ɔ ʂ uː n l ɪ h eː t ə r
under	ʉ n d ə r
ungkar	u ŋ k aː r
uovervinnelig	ʉ o v e r v i n n e l i
valdres	ʋ a l d r ə s
valgfusk	v a l ɡ f ʉ s k
vanilje	v a n ɪ l j ə
vaniljen	v a n ɪ l j n̩
vaniljene	v a n ɪ l j ə n ə
vaniljer	v a n ɪ l j ə r
var	ʋ ɑː ɾ
vaskebjørn	v a s k e b j øː r n
vassavkjølt	v a s a v ç øː l t
vassblemme	v a s b l e m m e
vassdrag	v a s d r aː ɡ
vassmelon	v a s m e l uː n
ved	ʋ eː
veganisme	ʋ ɛ ɡ a n ɪ s m ə
veganismen	ʋ ɛ ɡ a n ɪ s m ə n
veganismene	ʋ ɛ ɡ a n ɪ s m ə n ə
veganismer	ʋ ɛ ɡ a n ɪ s m ə r
vegansk	ʋ ɛ ɡ ɑː n s k
veganske	ʋ ɛ ɡ ɑː n s k ə
veldig	v ɛ l d i
velkommen	v ɛ l k o m ə n
verbo	ʋ ɛ r b ɔ
verktøy	v e r k t ø j
vern	ʋ ɛ r n
vert	ʋ æ ʈ
vi	ʋ iː
vikvær	v iː k v æ r
vil	ʋ ɪ l
vin	ʋ iː n
vind	ʋ i n
visene	ʋ iː s n̩ ə
visittkort	ʋ ɪ s ɪ t k ɔ ʈ
viskelær	v i s k e l æː r
viso	ʋ iː s ɔ
vista	ʋ ɪ s t a
vite	ʋ iː t ɛ
vodka	ʋ ɔ d k ɑ
vor	ʋ oː r
vott	v o t
våg	ʋ oː ɡ
våpen	ʋ oː p n̩
våpen	ʋ oː p ə n
våpenet	ʋ oː p n̩ ə
våpenet	ʋ oː p ə n ə
våpna	ʋ oː p n a
våpnene	ʋ oː p n ə n ə
vær	v æː ɾ
være	ʋ æː ɾ ə
vært	ʋ ɛ r t
warszawa	v ɑ r ʃ ɑː v ɑ
yr	yː r
ytterside	y t ə ʂ iː d ə
à	aː
à	ɑː
å	ɔ
åk	oː k
åme	oː m e
ånd	ɔ n
åp	oː p
åpa	oː p a
åpen	oː p e n
åpene	oː p ə n ə
åpet	oː p ə
åsete	oː s e t e
åst	ɔ s t
åsted	oː s t eː d
åsten	ɔ s t n̩
åstene	ɔ s t ə n ə
åster	ɔ s t ə r
åsyn	oː s yː n
åverk	oː ʋ e ɾ k
øl	œ l
ørkenrev	ø r k e n r eː v
ørn	øː ɳ
ørret	ø ɾ ə t
ørten	ø r t e n
østerrike	ø s t e ɾ ɪ k ɛ
østerrike	ø s t ɾ ɪ k ɛ
