abonnere	ɑ b ʊ n eː r ə
abortert	a b ɔ ʁ t eː ʁ t
abortert	a b ɔ ʈ eː ʈ
absolutisme	ɑ b s ʊ l ʉ t ɪ s m ə
absorberinga	a b s ɔ r b eː r ɪ ŋ a
absorberinga	a p s ɔ r b eː r ɪ ŋ a
absorberingen	a b s ɔ r b eː r ɪ ŋ n̩
absorberingen	a p s ɔ r b eː r ɪ ŋ n̩
absorberingene	a b s ɔ r b eː r ɪ ŋ ə n ə
absorberingene	a p s ɔ r b eː r ɪ ŋ ə n ə
absorberinger	a b s ɔ r b eː r ɪ ŋ ə r
absorberinger	a p s ɔ r b eː r ɪ ŋ ə r
absorberingsevna	a b s ɔ r b eː r ɪ ŋ s ɛ ʋ n a
absorberingsevna	a p s ɔ r b eː r ɪ ŋ s ɛ ʋ n a
absorberingsevne	a b s ɔ r b eː r ɪ ŋ s ɛ ʋ n ə
absorberingsevne	a p s ɔ r b eː r ɪ ŋ s ɛ ʋ n ə
absorberingsevnen	a b s ɔ r b eː r ɪ ŋ s ɛ ʋ n ə n
absorberingsevnen	a p s ɔ r b eː r ɪ ŋ s ɛ ʋ n ə n
absorberingsevnene	a b s ɔ r b eː r ɪ ŋ s ɛ ʋ n ə n ə
absorberingsevnene	a p s ɔ r b eː r ɪ ŋ s ɛ ʋ n ə n ə
absorberingsevner	a b s ɔ r b eː r ɪ ŋ s ɛ ʋ n ə r
absorberingsevner	a p s ɔ r b eː r ɪ ŋ s ɛ ʋ n ə r
absorberingskoeffisient	a b s ɔ r b eː r ɪ ŋ s k uː e f ɪ s ɪ ɛ n t
absorberingskoeffisient	a p s ɔ r b eː r ɪ ŋ s k uː e f ɪ s ɪ ɛ n t
absorberingskoeffisienten	a b s ɔ r b eː r ɪ ŋ s k uː e f ɪ s ɪ ɛ n t n̩
absorberingskoeffisienten	a p s ɔ r b eː r ɪ ŋ s k uː e f ɪ s ɪ ɛ n t n̩
absorberingskoeffisientene	a b s ɔ r b eː r ɪ ŋ s k uː e f ɪ s ɪ ɛ n t ə n ə
absorberingskoeffisientene	a p s ɔ r b eː r ɪ ŋ s k uː e f ɪ s ɪ ɛ n t ə n ə
absorberingskoeffisienter	a b s ɔ r b eː r ɪ ŋ s k uː e f ɪ s ɪ ɛ n t ə r
absorberingskoeffisienter	a p s ɔ r b eː r ɪ ŋ s k uː e f ɪ s ɪ ɛ n t ə r
absorpsjonskoeffisient	a b s ɔ r p ʃ uː n s k uː e f ɪ s ɪ ɛ n t
absorpsjonskoeffisient	a p s ɔ r p ʃ uː n s k uː e f ɪ s ɪ ɛ n t
absorpsjonskoeffisienten	a b s ɔ r p ʃ uː n s k uː e f ɪ s ɪ ɛ n t n̩
absorpsjonskoeffisienten	a p s ɔ r p ʃ uː n s k uː e f ɪ s ɪ ɛ n t n̩
absorpsjonskoeffisientene	a b s ɔ r p ʃ uː n s k uː e f ɪ s ɪ ɛ n t ə n ə
absorpsjonskoeffisientene	a p s ɔ r p ʃ uː n s k uː e f ɪ s ɪ ɛ n t ə n ə
absorpsjonskoeffisienter	a b s ɔ r p ʃ uː n s k uː e f ɪ s ɪ ɛ n t ə r
absorpsjonskoeffisienter	a p s ɔ r p ʃ uː n s k uː e f ɪ s ɪ ɛ n t ə r
adept	ɑ d ɛ p t
administrasjon	ɑ d m ɪ n ɪ s t r ɑ ʃ uː n
affektere	ɑ f ə k t eː r ə
ageleg	² ɑː ɡ ə l ɛ
agg	ɑ ɡː
akkar	² ɑ kː ɑ r
akkord	ɑ k ɔ r d
aksla	² ɑ k s l ɑ
aksla	ɑ k s l ɑ
aktiv	ɑ k t ɪ ʋ
aktør	ɑ k t øː r
aldri	² ɑ l d r ɪ
algerie	ɑ l ʃ ə ɾ ɪː
alle	ɑ l ə
alltid	ɑ l t ɪ
allting	ɑ l t ɪ ŋ
allvitande	² ɑ lː ʋ iː t ɑ n d ə
allvitande	² ɑ lː ʋ iː t ɑ n ə
alm	ɑ l m
almen	ɑ l m ə n
almen	ɑ l m ɛ n
alt	ɑ l t
alv	a l v
ambassadør	ɑ m b ɑ s ɑ d øː r
ambisjon	ɑ m b ɪ ʃ uː n
anda	² ɑ n d ɑ
anda	ɑ n d ɑ
anden	ɑ n d n
annleis	ɑ n l æ ɪ s
ansikt	² ɑ n s ɪ k t
antilope	ɑ n t ɪ ² l uː p ə
apal	² ɑː p ɑ l
april	ɑ p r iː l
arbeid	² ɑ r b æ ɪ
arbeide	² ɑ r b æ ɪ ə
arbeidsmann	² ɑ r b æ ɪ s m ɑ nː
arena	ɑ r eː n ɑ
arming	² ɑ r m ɪ ŋ
arr	ɑ rː
arrdelfin	² ɑ r d ɛ l f iː n
arv	ɑ r ʋ
askim	ɑ ʃ ɪ m
atomkrig	ɑ t òː m k ɾ iː ɡ
att	ɑ tː
attantil	² ɑ tː ɑ n t ɪ l
attende	ɑ t ² ɛ n d ɛ
attmed	² ɑ t m eː
attpåtil	ɑ p ɔ t ɪ l
attpåtil	ɑ t p ɔ t ɪ l
au	æ ʉ
aure	² æ ʉ r ə
austmarkmus	² æ ʉ s t m ɑ r k m ʉ s
austre	² æ ʉ s t r ə
automat	a ʉ t u m aː t
automat	æ ʉ t ʊ m ɑː t
avgjerd	² ɑː ʋ j eː r
avgjerd	² ɑː ʋ j æː r
avslag	ɑː ʋ ʃ l ɑː ɡ
avund	² ɑː ʋ ʉ n
avund	² ɑː ʋ ʉ n d
bad	b ɑː
bag	b æ ɡ
bak	b ɑː k
bakhall	² b ɑː k h ɑ l
bakke	² b ɑ kː ə
bakken	b ɑ kː ə n
bal	b ɑː l
balje	² b ɑ l j ə
band	b æ n d
band	b ɑ n d
bankkvelv	b ɑ ŋ k k ʋ ɛ l ʋ
bard	b ɑ r d
bard	b ɑː r
barm	b ɑ r m
bavian	b ɑ ʋ ɪ ɑː n
bavianen	b ɑ ʋ ɪ ɑː n̩ː
bede	² b eː ə
bede	² b ɛː ə
begynne	b j ʏ nː ə
begynne	b ɛ j ʏ nː ə
bein	b æ ɪ n
beina	b æ ɪ n ɑ
beina	² b æ ɪ n ɑ
beine	² b æ ɪ n ə
bera	² b eː r ɑ
berg	b ɛ ɾ ɡ
bergvegg	² b ɛ r ɡ ʋ ɛ ɡː
bestandig	b ə s t ɑ n d ɪ
besøk	b ə s øː k
betale	b ɛ t ɑː l ə
bikkje	² b ɪ çː ə
billeg	² b ɪ lː ɛ
billeg	² b ɪ lː ɛ ɡ
bindande	² b ɪ n d ɑ n d ə
biskop	b ɪ s k ʊ p
biskop	² b ɪ s k ɔ p
bisp	b ɪ s p
bit	b iː t
bit	b ɪ tː
bite	² b iː t ɑ
bjørk	b j œ r k
bjørkemus	² b j œ r k ɛ m ʉː s
bjørnebær	b j øː r n ə b æː r
blande	² b l ɑ n d ə
blank	b l ɑ ŋ k
blaut	b l æ ʉ t
bleik	b l æ ɪ k
blenkja	² b l ɛ ŋ ç ɑ
blind	b l ɪ n d
blind	b l ɪ nː
blinda	² b l ɪ n d ɑ
blings	b l ɪ ŋ s
blings	b ɽ ɪ ŋ s
blingse	b l ɪ ŋ s ə
blingse	b ɽ ɪ ŋ s ə
blinka	² b l ɪ ŋ k ɑ
blitskrig	b l ì t s k ɾ iː ɡ
blom	b l uː m
blome	² b l uː m ə
blomstrete	² b l ʊ m s t r ɛ t ə
blyant	b l yː ɑ n t
blå	b l oː
blåst	b l ɔ s t
bløma	² b l øː m ɑ
bok	b uː k
bokavl	² b uː k ɑ ʋ l
bolk	b ɔ l k
bort	b u r t
botn	b ɔ t n̩
bouvetøya	b u ʋ ɛ ø j ɑ
bre	b r eː
brei	b r æ ɪ
breia	² b r æ ɪ ɑ
breidd	b r æ ɪ dː
breisle	² b r æ ɪ s l ə
bresje	b r ɛ ʃ ə
brigde	² b r ɪ ɡ d ə
brisling	² b r ɪ s l ɪ ŋ
brodd	b r ɔ dː
bror	b r uː r
broten	² b r oː t n̩
bruk	b r ʉː k
bruka	b r ʉː k ɑ
bruka	² b r ʉː k ɑ
brunbjørn	² b r ʉː n b j œ r n
brunrotte	² b r ʉː n r ɔ t ə
brusa	² b r ʉː s ɑ
brynje	² b r ʏ n j ə
bryta	² b r yː t ɑ
bryting	² b r yː t ɪ ŋ
brå	b r oː
bråna	² b r oː n ɑ
brødblings	b r øː b l ɪ ŋ s
brødblings	b r øː b ɽ ɪ ŋ s
brødtekst	b r øː t ɛ k s t
brøgger	b r œ ɡː ə r
bukk	b ʊ kː
bukkeblad	b ô k e b l ɑː
bukkeblad	² b ʊ kː ɛ b l ɑː
burda	² b uː r a
burda	² b ʉ r d a
burde	² b uː r ə
burde	² b ʉ r d ə
busette	² b ʉː s ɛ tː ə
buss	b ʉ sː
bustad	² b ʉː s t ɑː
bygd	b ʏ ɡ d
byggjekloss	² b ʏ jː ə k l ɔ sː
bygning	² b ʏ ɡ n ɪ ŋ
både	b oː d ə
båt	b oː t
bøk	b øː k
bølge	² b œ l ɡ ə
bølgje	² b œ l j ə
børste	² b œ r s t ə
campingbil	k æ m p i ŋ b iː l
cd	s eː d eː
d	d
d	d eː
d	ɖ
dagevis	² d ɑː ɡ ə ʋ iː s
dal	d ɑː l
danmark	d ɑ n m ɑ r k
dans	d ɑ n s
dansa	² d ɑ n s ɑ
dansk	d ɑ n s k
dansken	d ɑ n s k ɛ n
dansken	² d ɑ n s k ɛ n
dativ	d ɑː t ɪ ʋ
daud	d æ ʉ
daude	² d æ ʉ ə
dekk	d ɛ kː
delfin	d ɛ l f iː n
demokratisk	d ɛ m ʊ k r ɑː t ɪ s k
denne	² d ɛ nː ə
der	d eː r
der	d æː r
derfor	d æ r f ɔ r
derifrå	d æː r ɪ f r oː
desse	² d ɛ sː ə
dessverre	d ɛ s ʋ ɛ rː ɛ
dette	² d ɛ tː ə
diabetes	d i a b e t e s
diabetes	d i a b eː t eː s
difor	d iː f ɔ r
dikt	d ɪ k t
dille	d ɪ l ə
dirka	² d ɪ r k ɑ
diverre	d i ʋ ɛ rː ɛ
djerv	d j ɛ r ʋ
djup	j ʉː p
do	d uː
dobbel	d ɔ bː ɛ l
dobbel	d ʊ bː ɛ l
dobbelt	d ɔ bː ɛ l t
dobbelt	d ʊ bː ɛ l t
dogg	d ɔ ɡː
dott	d ɔ tː
dra	d r ɑː
draga	d r ɑː ɡ ɑ
draga	² d r ɑː ɡ ɑ
drage	² d r ɑː ɡ ɑ
drake	² d r ɑː k ə
draug	d r æ ʉ ɡ
draum	d r æ ʉ m
dreng	d r ɛ ŋː
drepe	² d r eː p ə
drift	d r ɪ f t
driva	² d r iː ʋ ɑ
drivis	d r iː ʋ iː s
drope	² d r oː p ə
drott	d r ɔ tː
drukna	² d r ʊ k n ɑ
drøfte	² d r œ f t ə
due	² d ʉː ə
dukka	² d ʊ kː ɑ
duld	d ʉ l d
dumbe	² d ʊ m b ə
dunk	d ʊ ŋ k
dusin	d ʉ s iː n
dvergspissmus	² d ʋ æ r ɡː s p ɪ s m ʉ s
dyffel	d ʏ fː ɛ l
dyne	² d yː n ə
dynja	² d ʏ n j ɑ
dyr	d yː r
dyr	d yː ɾ
dyreplageri	d yː r e p l a ɡ e r iː
dyster	d ỳ s t e ɾ
dådyr	d oː d yː r
dåhjort	d oː j ʊ r t
dårskap	d oː r s k ɑː p
død	d øː
død	d øː d
døma	² d øː m ɑ
døme	² d øː m ə
dør	d øː r
døy	d œ ʏ
døyda	d œ ʏ a
e	e
e	eː
e	æ
e	ə
e	ɛ
ei	ɛ j
eigen	² æ ɪ ɛ n
eigen	² æ ɪ ɡ ɛ n
eigen	² æ ɪ ʝ ɛ n
eigentleg	æ ɪ ɡ ɛ n t l ɛ
eik	æ ɪ k
eiliv	² ɛ ɪ l i ʋ
eim	æ ɪ m
einaste	² æ ɪ n ɑ s t ə
einføtt	² æ ɪ n f œ tː
einhyrning	e i n h y r n i n ɡ
einsam	² æ ɪ n s ɑ m
einstøing	² æ ɪ n s t øː ɪ ŋ
eit	æ ɪ t
eitt	æ ɪ̯ tː
eld	ɛ l d
eld	ɛ lː
eller	ɛ lː ɛ r
elles	ɛ lː ɛ s
elv	ɛ l ʋ
ende	² ɛ n d ə
endeleg	² ɛ n d l ɛ
endeleg	² ɛ n d ɛ l ɛ
endå	² ɛ n d ɔ
enkel	ɛ ŋ k ɛ l
enn	ɛ nː
enno	² ɛ nː ʊ
erobringskrig	e ɾ ùː b ɾ i ŋ s k ɾ iː ɡ
ettermann	² ɛ tː ɛ r m ɑ nː
eventuell	² ɛ ʋ ɛ n t ʉ ɛ lː
evig	² eː ʋ ɪ
evne	² ɛ ʋ n ə
fager	f ɑː ɡ ɛ r
fal	f ɑː l
falk	f ɑ l k
falle	² f ɑ lː ə
fang	f ɑ ŋː
fanga	f ɑ ŋː ɑ
fanga	² f ɑ ŋː ɑ
fara	f ɑː r ɑ
fara	² f ɑː r ɑ
farbror	f ɑ r b r ʊ r
farleg	² f ɑː r l ɛ
farleg	² f ɑː r l ɛ ɡ
fart	f ɑ r t
fast	f ɑ s t
fastlagd	f ɑ s t l ɑ ɡ d
feil	f æ ɪ l
felg	f ɛ l ɡ
femti	f ɛ m t ɪ
ferda	f æː r ɑ
ferda	f ɛ r d ɑ
ferda	² f æː r ɑ
ferda	² f ɛ r d ɑ
ferdast	² f æː r ɑ s t
ferdig	² f ɛ r d i ɡ
ferdig	² f ɛː r i ɡ
ferdig	² f ɛː ɽ i ɡ
fiende	² f iː ɛ n d ə
fiende	² f iː ɛ n ə
fiendtleg	² f iː ɛ n t l ɛ
fike	² f iː k ə
fiken	f iː k ɛ n
fin	f iː n
fink	f ɪ ŋ k
finke	f ɪ ŋ k ə
finnkval	² f ɪ n k ʋ ɑː l
fisk	f ɪ s k
fiskar	² f ɪ s k ɑ r
fiske	² f ɪ s k ə
fivreld	² f ɪ ʋ r ɛ l
fjell	f j ɛ lː
fjellmarkmus	² f j ɛ l m ɑ r k m ʉ s
fjellside	² f j ɛ lː s iː ə
fjerde	² f j æː r ə
flaggermus	f l ɑ ɡː ɛ r m ʉː s
flak	f l ɑː k
flakka	² f l ɑ kː ɑ
flaksa	² f l ɑ k s ɑ
flate	² f l ɑː t ə
flekkete	² f l ɛ kː ɛ t ə
flesk	f l ɛ s k
flog	f l oː ɡ
fluge	² f l ʉː ɡ ə
flyta	² f l yː t ɑ
folk	f ɔ l k
for	f oː r
for	f uː r
for	f ɔ rː
forfall	f ɔ r f ɑ lː
forfall	² f ɔ r f ɑ lː
forfalla	f ɔ r f ɑ lː ɑ
forkle	f ɔ r k l eː
forkle	² f ɔ r k l eː
form	f ɔ r m
forstå	f ɔ r s t oː
fortapt	f ɔ r t ɑ p t
fortvila	f ɔ r t ʋ iː l ɑ
fostra	² f ʊ s t r ɑ
fot	f uː t
fram	f r ɑ mː
framferd	² f r ɑ m f æː r
framgang	² f r ɑ m ɡ ɑ ŋ
framme	² f r ɑ mː ə
framom	² f r ɑ mː ʊ m
frampå	² f r ɑ m p ɔ
framstøyt	² f r ɑ m s t œ ʏ t
framsynt	f r ɑ mː s yː n t
fred	f r eː
fred	f r eː d
freista	² f r æ ɪ s t ɑ
frelsa	² f r ɛ l s ɑ
frisk	f r ɪ s k
frosen	² f r oː s n̩
frysa	² f r yː s ɑ
frå	f r oː
frø	f r øː
fuga	² f ʉː ɡ ɑ
fuglekonge	² f ʊ ɡ l ə k ɔ ŋ ə
full	f ʉ lː
fure	² f uː r ə
fyldig	² f ʏ l d ɪ
fyra	f yː r ɑ
fyra	² f yː r ɑ
fyre	² f yː r ə
fyrst	f ʏ r s t
fyrste	² f ʏ r s t ə
fyssa	² f ʏ sː ɑ
fòr	f oː r
fór	f uː r
føniks	f øː n i k s
før	f øː r
førar	² f øː r ɑ r
førebuing	² f øː r ə b ʉː ɪ ŋ
førelesing	² f øː r ɛ l eː s ɪ ŋ
føresegn	² f øː r ɛ s ɛ ɡ n
først	f œ r s t
g	j
g	k
g	ɡ
g	ɡ eː
g	ɪ
g	ʃ
gala	² ɡ ɑː l ɑ
gala	² ɡ ɑː ɽ ɑ
galder	ɡ ɑ l d ɛ r
galdra	² ɡ ɑ l d r ɑ
galning	² ɡ ɑ l n ɪ ŋ
gang	ɡ ɑ ŋː
ganske	² ɡ ɑ n s k ə
gapahuk	ɡ aː p a h ʉ k
garanti	ɡ ɑ r ɑ n t iː
gardar	² ɡ ɑ r d ɑ r
gardar	² ɡ ɑː r ɑ r
garden	² ɡ ɑ r d n̩
garden	ɡ ɑː r n̩
gaupe	² ɡ æ ʉː p ə
geit	j æ ɪ t
geit	j æ ɪ̯ t
gest	ɡ ɛ s t
gidde	ɡ ɪ d ə
gift	j ɪ f t
gissa	² j ɪ sː ɑ
gjel	j eː l
gjel	j ɛː l
gjel	j ɛː ɽ
gjelda	j ɛ l d ɑ
gjelda	² j ɛ l d ɑ
gjennom	j ɛ nː ɔ m
gjennom	j ɛ nː ʊ m
gjennomfart	j ɛ nː ɔ m f ɑ r t
gjennomfart	j ɛ nː ʊ m f ɑ r t
gjennomsiktig	² j ɛ nː ɔ m s ɪ k t ɪ
gjennomsiktig	² j ɛ nː ʊ m s ɪ k t ɪ
gjort	j u r t
glad	ɡ l ɑː
glans	ɡ l ɑ n s
glatt	ɡ l ɑ tː
glefsa	² ɡ l ɛ f s ɑ
gli	ɡ l iː
glida	² ɡ l iː ɑ
glide	² ɡ l iː ə
glimta	² ɡ l ɪ m t ɑ
glimta	ɡ l ɪ m t ɑ
glo	ɡ l uː
gløde	² ɡ l øː d ə
gløde	² ɡ l øː ə
gløgg	ɡ l ø ɡ
gløyma	² ɡ l œ ʏ m ɑ
gnaga	² ɡ n ɑː ɡ ɑ
gods	ɡ ʊ t s
godt	ɡ ɔ tː
gong	ɡ ɔ ŋː
grad	ɡ r ɑː d
gradvis	² ɡ r ɑː d ʋ iː s
grann	ɡ r ɑ nː
granne	² ɡ r ɑ nː ə
gransking	² ɡ r ɑ n s k ɪ ŋ
gras	ɡ r ɑː s
grashall	² ɡ r ɑː s h ɑ l
graut	ɡ r æ ʉ̯ t
grav	ɡ r ɑː ʋ
grava	ɡ r ɑː ʋ ɑ
grense	² ɡ r ɛ n s ə
grepa	² ɡ r eː p ɑ
grepa	ɡ r eː p ɑ
grevling	² ɡ r ɛ ʋ l ɪ ŋ
grina	² ɡ r iː n ɑ
grindkval	² ɡ r ɪ n k ʋ ɑː l
grjot	ɡ r j uː t
grobian	ɡ r uː b ɪ ɑ n
grom	ɡ r ʊ mː
gru	ɡ r ʉː
grua	² ɡ r ʉː a
grua	ɡ r ʉː ɑ
grue	² ɡ r ʉː ə
grugga	² ɡ r ʉ ɡː ɑ
gryte	² ɡ r yː t ə
grå	ɡ r oː
gråsidemus	² ɡ r oː s ɪ ɛ m ʉː s
grønlandskval	ɡ r œ n l ɑ n s k ʋ ɑː l
grønlandssel	ɡ r œ n l ɑ n s eː l
gud	ɡ ʉː d
gul	ɡ ʉː l
gulflankedelfin	² ɡ ʉː l f l ɑ ŋ k ɛ d ɛ l f iː n
gull	ɡ ʉ lː
gut	ɡ ʉː t
gyldig	² j ʏ l d ɪ
gyva	² j yː ʋ ɑ
gå	ɡ oː
gøy	j œ j
gøy	ɡ œ j
h	h
h	h oː
h	h ɔː
hade	h aː d ɛ
halda	² h ɑ l d ɑ
hall	h ɑ lː
hals	h a ʂ
hals	h ɑ l s
halv	h ɑ lː
halvferdig	² h ɑ lː f ɛ r d ɪ
hamla	² h ɑ m l ɑ
hamn	h ɑ m n
hamna	h ɑ m n ɑ
hamna	² h ɑ m n ɑ
handbak	² h ɑ n b ɑː k
hank	h ɑ ŋ k
hasta	² h ɑ s t ɑ
hat	h ɑː t
hata	h ɑː t ɑ
hata	² h ɑː t ɑ
hate	² h ɑː t ə
hauk	h æ ʉ k
haust	h æ ʉ s t
hausta	² h æ ʉ s t ɑ
havert	² h ɑː ʋ æ r t
havfrue	h aː v f r ʉː e
hegg	h ɛ ɡː
hegre	² h eː ɡ r ə
hei	h æ ɪ
heider	h æ ɪ d ɛ r
heilo	h æ̂ i l oː
heilo	² h æ ɪ l ʊ
heimel	h æ ɪ m ɛ l
heimover	h æ ɪ m oː ʋ ɛ r
heldigvis	² h ɛ l d ɪ ʋ ɪ s
helg	h e l ɡ
helsa	² h ɛ l s ɑ
helsott	² h eː l s ʊ tː
helt	h ɛ l t
henga	² h ɛ ŋː ɑ
hengja	² h ɛ ɲ j a
hennar	² h ɛ nː ɑ r
hente	h ê n t e
hente	² h ɛ n t ə
hentesveis	h ê n t e s ʋ æ i s
herifrå	h æː r ɪ f r oː
hertug	² h ɛ r t ʉ ɡ
hesja	² h ɛ ʃː ɑ
hesje	² h ɛ ʃː ə
hesjetråd	² h ɛ ʃː ə t r oː
hevn	h e v n
hikke	² h ɪ kː ə
himmel	² h ɪ mː ɛ l
hiren	² h iː r n̩
historie	h ɪ s t uː r ɪ ə
hittil	h ɪ t ɪ l
hjal	j ɑː l
hjarta	² j ɑ r t ɑ
hjarta	² j ɑː r t ɑ
hjarta	² j ɑː ʈ ɑ
hjelm	j ɛ l m
hjul	j ʉː l
hjå	j oː
hjørne	² j øː r n ə
hjørne	² j œ r n ə
hobøl	h ɔ b ə ɽ
hofte	² h ɔ f t ə
hoggbratt	² h ɔ ɡː b r ɑ tː
hole	² h oː l ə
hop	h uː p
horn	h ɔ n
horn	h ɔ r n
host	h u s t
host	h ɔ u s t
hovudbrot	² h oː ʋ ʉ b r oː t
hovudbrot	² h oː ʋ ʉ d b r oː t
hubro	h ʉː b r ʊ
huga	² h ʉː ɡ ɑ
hugheil	² h ʉː ɡ h æ ɪ l
hugnad	² h ʉː ɡ n a
hugnad	² h ʉː ɡ n a d
hugsa	² h ʉ k s ɑ
hugsa	² h ʊ k s ɑ
humra	² h ʊ m r ɑ
hus	h ʉː s
hyfe	h yː f e
hylling	² h ʏ lː ɪ ŋ
hyra	² h yː r ɑ
hyre	² h yː r ə
hyrne	² h ʏ r n ə
håkon	h oː k ʊ n
hås	h oː s
hær	h eː r
hær	h æː r
hòla	h oː l ɑ
hòla	² h oː l ɑ
høgd	h œ ɡ d
høkra	² h øː k r ɑ
høva	² h øː ʋ ɑ
høve	² h øː ʋ ə
høveleg	² h øː ʋ l ɛ
høver	h øː ʋ ɛ r
høver	² h øː ʋ ɛ r
høy	h œ ʏ
høyra	² h œ ʏ r ɑ
høystakk	² h œ ʏ s t ɑ kː
ifrå	ɪ f r oː
ikring	ɪ k r ɪ ŋː
ilder	ɪ l d ɛ r
ilsken	² ɪ l s k ɛ n
imedan	ɪ ² m eː ɑ n
imellom	ɪ m ɛ lː ɔ m
imellom	ɪ m ɛ lː ʊ m
imponere	i m p o n eː r ə
inn	ɪ nː
inne	² ɪ nː ə
inngang	² ɪ ŋ ɡ ɑ ŋ
innleiing	ɪ nː l æ ɪ ɪ ŋ
innvending	ɪ nː ʋ ɛ n d ɪ ŋ
institusjon	ɪ n s t ɪ t ʉ ʃ uː n
intens	ɪ n t ɛ n s
interesse	ɪ n t r ɛ sː ə
inuitt	ɪ n ʉ ɪ t
isbjørn	² iː s b j œ r n
island	iː s l ɑ n
island	iː s l ɑ n d
ivrig	² ɪ ʋ r ɪ
jaga	² j ɑː ɡ ɑ
jakob	j ɑː k u p
jakob	j ɑː k ɔ p
japanar	j ɑ p ɑː n ɑ r
jarl	j ɑ r l
jedn	j ɛ d n
jente	² j ɛ n t ə
jerpe	² j ɛ r p ə
jerv	j ɛ r ʋ
jesus	j eː s ʉ s
johan	j ʊ h ɑ n
jonatan	j uː n a t a nː
jorda	² j uː r ɑ
jorde	j uː r ə
jorde	j uː ɽ ə
jordklode	j uː r k ɽ uː d ə
jordklode	j uː ɽ k ɽ uː d ə
jorta	² j ʊ r t ɑ
jul	j ʉː l
juridisk	j ʉ r iː d ɪ s k
jysk	j ʏ s k
k	k
k	k ɔː
k	ç
kaia	k ɑ ɪ ɑ
kaia	² k ɑ ɪ ɑ
kaie	² k ɑ ɪ ə
kald	k ɑ l d
kald	k ɑ lː
kalk	k ɑ l k
kam	k ɑ mː
kandidat	k ɑ n d ɪ d ɑː t
kanskje	² k ɑ n ʃ ə
kanslar	k ɑ n s l ɑ r
kanslar	² k ɑ n s l ɑ r
kant	k ɑ n t
karakteristikk	k ɑ r ɑ k t ɛ r ɪ s t ɪ kː
kast	k ɑ s t
kasta	² k ɑ s t ɑ
kike	² ç iː k ə
kike	ç iː k e
kikke	² ç ɪ kː ə
kikke	ç i k e
kikkert	ç i k e r t
kinesisk	ç ɪ n eː s ɪ s k
kirsebær	ç ɪ r s ɛ b æː r
kirsten	² ç i ʂ t e n
kis	k iː s
kis	ç iː s
kiste	² ç ɪ s t ə
kjapp	ç ɑ p
kjappe	ç ɑ p ə
kjapt	ç ɑ p t
kjennast	² ç ɛ nː ɑ s t
kjerr	ç ɛ rː
kjærleg	² ç æː r l ɛ
kjærleg	² ç æː r l ɛ ɡ
kjøpe	² ç øː p ə
kjøter	ç øː t ə r
kjøttkake	ç œ t k ɑː k ə
kjøva	² ç øː ʋ ɑ
klaka	² k l ɑː k ɑ
klappa	² k l ɑ pː ɑ
klappmyss	k l ɑ p m ʏ s
klar	k l ɑː r
klase	² k l ɑː s ə
klatra	² k l ɑ t r ɑ
klatremus	² k l ɑ t r ɛ m ʉː s
klede	² k l eː ə
klem	k l ɛ m
klem	k ɽ ɛ m
klemma	² k l ɛ mː ɑ
klinka	² k l ɪ ŋ k ɑ
kliva	² k l iː ʋ ɑ
klokke	² k l ɔ kː ə
klunger	k l ʊ ŋ ɛ r
klyva	² k l yː ʋ ɑ
kløyva	² k l œ ʏ ʋ ɑ
kniv	k n iː ʋ
knoke	² k n uː k ə
knopp	k n ɔ pː
knopp	k n ʊ pː
knusa	² k n ʉː s ɑ
knyte	² k n yː t ə
knølkval	² k n øː l k ʋ ɑː l
knøttspissmus	² k n œ tː s p ɪ s m ʉ s
kode	k uː d e
koffert	k ʊ fː ɛ r t
koma	k uː m ɑ
koma	² k oː m ɑ
koma	² k ɔ mː ɑ
komma	k ɔ mː ɑ
komma	k ʊ mː ɑ
komma	² k ɔ mː ɑ
kompost	k u m p ɔ s t
konkret	k ɔ ŋ k r eː t
kontroll	k ʊ n t r ɔ lː
korleis	k ʊ r l æ ɪ s
kortstokk	k ɔ ʈ s t ɔ k
kost	k uː s t
kost	k ɔ s t
kost	k ʊ s t
kostar	² k ɔ s t ɑ r
kostar	² k ʊ s t ɑ r
koste	² k uː s t ə
koste	² k ɔ s t ə
koste	² k ʊ s t ə
kraft	k r ɑ f t
kraftig	² k r ɑ f t ɪ
kram	k r ɑ m
krattspissmus	² k r ɑ tː s p ɪ s m ʉ s
krav	k r ɑː ʋ
krek	k r eː k
kreps	k r ɛ p s
kring	k r ɪ ŋː
krokete	² k r uː k ə t ə
krukke	² k r ʊ kː ə
krykkje	² k r ʏ çː ə
krå	k r oː
kua	k ʉː ɑ
kua	² k ʉː ɑ
kubbe	² k ʉ bː ə
kufte	² k ʊ f t ə
kule	² k ʉː l ə
kulturell	k ʉ l t ʉ r ɛ lː
kulturhistorie	k ʉ l t ʉː r h ɪ s t uː r j ə
kunne	² k ʉ nː ə
kusma	k ʉ s m ɑ
kvad	k ʋ ɑː
kvad	k ʋ ɑː d
kvalross	² k ʋ ɑː l r ɔ s
kvardag	² k ʋ ɑː r d ɑː ɡ
kvarhelst	k ʋ ɑ r h ɛ l s t
kvart	k ʋ ɑ r t
kvass	k ʋ ɑ sː
kvefs	k ʋ ɛ f s
kveld	k ʋ ɛ l d
kveld	k ʋ ɛ lː
kvelding	² k ʋ ɛ l d ɪ ŋ
kvelding	² k ʋ ɛ lː ɪ ŋ
kveldskingle	² k ʋ ɛ l d ʃ ɪ ŋ l ə
kvelva	² k ʋ ɛ l ʋ ɑ
kverva	² k ʋ ɛ r ʋ ɑ
kvide	k ʋ iː ə
kvikka	² k ʋ ɪ kː ɑ
kvitkval	² k ʋ iː t k ʋ ɑː l
kvitnos	² k ʋ iː t n oː s
kvitnos	² k ʋ iː t n uː s
kvitra	² k ʋ ɪ t r ɑ
kvitskjeving	² k ʋ iː t ʃ eː ʋ ɪ ŋ
kyngja	² ç ʏ ŋ j ɑ
kypros	k y p ɾ o s
köln	k œ l n
køye	² k œ ʏː ə
køyra	² ç œ ʏ r ɑ
l	e lː
l	l
l	ɛ lː
l	ɭ
l	ɽ
la	l ɑː
lacrosse	l ɑ k r ɔ s
lagleg	² l ɑː ɡ l ɛ
laiv	l ɑ j ʋ
lampe	² l ɑ m p e
landsmål	l ɑ n s m oː l
landsmål	l ɑ n s m oː ɽ
langfinger	² l ɑ ŋ f ɪ ŋː ɛ r
langs	l æ ɳˀ s
langs	l ɑ ŋ s
langsam	² l ɑ ŋ s ɑ m
langsmed	l ɑ ŋ s m eː
lappspissmus	² l ɑ pː s p ɪ s m ʉ s
lars	l ɑː ʂ
late	² l ɑː t ə
lauga	² l æ ʉ ɡ ɑ
lauv	l æ ʉ
lauv	l æ ʉ ʋ
leddik	l ɛ dː ɪ k
ledig	² l eː d ɪ
leggja	² l ɛ jː ɑ
leggja	² l ɛ ɟ͡ʝː ɑ
leggja	² l ɛ ʝː ɑ
lei	l æ ɪ
leike	² l æ ɪ k ə
leire	² l æ ɪ r ə
leita	² l æ ɪ t ɑ
lende	² l ɛ n d ə
lende	² l ɛ nː ə
lengta	² l ɛ ŋ ɡ t ɑ
lerk	l ɛ r k
letta	² l ɛ tː ɑ
lettvinn	² l ɛ tː ʋ ɪ nː
lettvint	² l ɛ tː ʋ ɪ n t
leva	² l eː ʋ ɑ
li	l iː
lian	l i aː n
ligning	l i ɡ n i ŋ
lik	l iː k
lika	l iː k ɑ
lika	² l iː k ɑ
like	² l iː k ə
likefram	² l iː k ɛ f r ɑ m
likesæl	² l iː k ɛ s eː l
likevel	² l iː k ɛ ʋ ɛ l
liknande	² l ɪ k n ɑ n d ə
likning	l i ɡ n i ŋ
liksom	l ɪ k s ɔ m
liksom	l ɪ k s ʊ m
lime	l a ɪ m
lime	l iː m ə
line	² l iː n ə
linn	l ɪ nː
lit	l iː t
liten	l iː t n
litt	l ɪ tː
liv	l iː ʋ
livna	² l ɪ ʋ n ɑ
livsforsikring	l i v s f o ʂ i k r i ŋ
ljom	j uː m
ljos	j uː s
ljos	l j uː s
ljos	ʎ uː s
ljoskastar	² j uː s k ɑ s t ɑ r
ljoskastar	² ʎ uː s k ɑ s t ɑ r
lok	l oː k
lok	l ʊ kː
lokk	l ɔ kː
lokka	l ɔ kː ɑ
lokka	² l ɔ kː ɑ
lokke	² l ɔ kː ə
lomvi	² l ʊ m ʋ ɪ
lort	l ʊ r t
losna	² l ɔ s n ɑ
lov	l oː ʋ
ludder	l u d d ə r
luft	l ʉ f t
lund	l ʉ n
lund	l ʉ n d
lund	l ʉ nː
lunge	² l ʊ ŋː ə
lunka	² l ʊ ŋ k ɑ
lunken	² l ʊ ŋ k ɛ n
lura	² l ʉː r ɑ
lurvete	² l ʉ r ʋ ɛ t ə
lushatt	² l ʉː s h ɑ tː
ly	l yː
lyda	² l yː ɑ
lyfting	² l ʏ f t ɪ ŋ
lykketreff	l ŷ k e t ɾ e f
lynkrig	l ŷː n k ɾ iː ɡ
lys	l yː s
lysa	l yː s ɑ
lysa	² l yː s ɑ
lås	l oː s
låsa	l oː s ɑ
låsa	² l oː s ɑ
låst	l oː s t
låst	l ɔ s t
lått	l ɔ tː
læra	² l æː r ɑ
lèt	l eː t
løfta	l œ f t ɑ
løfta	² l œ f t ɑ
løfte	² l œ f t ə
løftet	l œ f t ə
løftet	² l œ f t ə
løpe	l øː p̬ ə
løv	l øː ʋ
løynd	l œ ʏ n d
m	e mː
m	m
m	ɛ mː
magnus	m ɑ ŋ n ʉ s
magrast	² m ɑː ɡ r ɑ s t
maja	m a j a
makt	m ɑ k t
makte	² m ɑ k t ə
mala	² m ɑː l ɑ
malmved	m ɑ̂ l m ʋ eː
mange	² m ɑ ŋː ə
mannefall	² m ɑ nː ɛ f ɑ lː
markmus	² m ɑ r k m ʉː s
marm	m ɑ r m
mars	m aː r s
mars	m ɑ r s
marsvin	m aː r s v iː n
marsvin	m ɑː r s ʋ ɪ n
masa	² m ɑː s ɑ
mat	m aː t
materiale	m ɑ t r ɪ ɑː l ə
materiell	m ɑ t r ɪ ɛ lː
maur	m æ ʉ r
med	m eː
medisin	m ɛ d ɪ s iː n
meir	m æ ɪ r
meis	m æ ɪ s
melda	² m ɛ l d ɑ
melda	² m ɛ lː ɑ
melk	m ɛ l k
mellom	m ɛ lː ɔ m
mellom	m ɛ lː ʊ m
mellomalder	² m ɛ lː ɔ m ɑ l d ɛ r
mellomalder	² m ɛ lː ʊ m ɑ l d ɛ r
menn	m ɛ nː
mentalsjukehus	m ə n t ɑː l ʃ ʉ k ə h ʉː s
mentalsykehus	m ə n t ɑː l s yː k ə h ʉː s
merke	² m ɛ r k ə
messing	² m ɛ sː ɪ ŋ
mest	m ɛ s t
mett	m ɛ tː
metta	² m ɛ tː ɑ
middag	m ɪ d d ɑ ɡ
midt	m ɪ tː
mink	m ɪ ŋ k
minka	² m ɪ ŋ k ɑ
minne	² m ɪ nː ə
miskunnsam	² m ɪ s k ʉ n s ɑ m
mista	² m ɪ s t ɑ
mjuk	m j ʉː k
moden	² m uː d n̩
moden	² m uː ɛ n
modning	² m uː d n ɪ ŋ
moment	m ʊ m ɛ n t
monarki	m ʊ n ɑ r k iː
morken	² m ɔ r k ɛ n
mose	² m oː s ə
moskus	m ʊ s k ʉ s
moskusfe	m ʊ s k ʉ s f eː
motbør	² m uː t b øː r
motgang	² m uː t ɡ ɑ ŋː
motivera	m ʊ t ɪ ʋ eː r ɑ
motkandidat	² m uː t k ɑ n d ɪ d ɑ t
motlaus	² m uː t l æ ʉ s
motsetning	m uː t s ɛ t n ɪ ŋ
motstrid	² m uː t s t r iː
motstrid	² m uː t s t r iː d
motvillig	² m uː t ʋ ɪ lː ɪ
munter	m ʉ n t ɛ r
mur	m ʉː r
måla	m oː l ɑ
måla	² m oː l ɑ
målarkunst	² m oː l ɑ r k ʉ n s t
målgransking	² m oː l ɡ r ɑ n s k ɪ ŋ
måling	² m oː l ɪ ŋ
månad	² m oː n ɑ
månad	² m oː n ɑ d
månerakett	² m oː n ə r ɑ k ɛ tː
mår	m oː r
mårhund	² m oː r h ʉ n d
mårhund	² m oː r h ʊ n d
måse	² m oː s ə
måta	m oː t ɑ
måte	m oː t ə
mòr	m œː r
mòr	m ɔː r
møk	m øː k
mørk	m œ r k
møtast	² m øː t ɑ s t
møte	² m øː t ə
n	e nː
n	n
n	ŋ
n	ɛ nː
n	ɳ
nabo	² n ɑː b ʊ
namn	n ɑ m n
narkval	² n ɑː r k ʋ ɑː l
naseblod	² n ɑ s ə b l uː
nashorn	n aː s h uː r n
nasjonal	n ɑ ʃ ʊ n ɑː l
naud	n æ ʉ
nebbkval	² n ɛ b k ʋ ɑː l
nedisa	n eː iː s ɑ
nedover	n eː ɔ ʋ ɛ r
negl	n æ ɪ l
nekta	² n ɛ k t ɑ
nektar	n ɛ k t ɑ r
nektar	² n ɛ k t ɑ r
nekting	² n ɛ k t ɪ ŋ
nemning	² n ɛ m n ɪ ŋ
nerd	n æ r d
nerd	n øː ɖ
neshorn	n eː s h uː r n
ni	n i
nikka	² n ɪ kː ɑ
nise	² n iː s ə
niste	² n ɪ s t ə
nokon	² n oː k ʊ n
nokon	² n uː k ɔ n
nord	n uː r
nord	n uː ɾ
nordkaper	² n uː r k ɑː p ɛ r
nordmann	n ʊ r m ɑ n
nordspisskval	² n uː r s p ɪ s k ʋ ɑ l
norrøn	² n ʊ rː œ n
nymfe	n y m f e
nysnø	² n yː s n øː
nyss	n ʏ sː
nyta	² n yː t ɑ
nyttig	² n ʏ tː ɪ
nå	n oː
nål	n oː l
når	n o r
når	n oː r
når	n ɔ rː
nærliggjande	n æː r l ɪ jː ɑ n d ə
nøgga	² n œ ɡː ɑ
nøktern	n œ k t ɛ r n
odde	² ɔ dː ə
ogso	ɔ k s ʊ
også	ɔ k s ɔ
olabil	uː ɽ ɑ b iː l
olav	uː l ɑ ʋ
olav	² uː l ɑ ʋ
olboge	² ɔ l b oː ɡ ə
opna	² ɔ p n ɑ
opne	² ɔ p n ə
opne	ɔ p n ə
oppføre	ù p f øː ɾ e
opphavsrett	u p h a v s r e t
oppløysing	ʊ pː l œ ʏ s ɪ ŋ
oppnå	ʊ pː n oː
opposisjon	ʊ p ʊ s ɪ ʃ uː n
oppå	² ʊ pː ɔ
ord	uː ɾ
ordtak	² uː r t ɑː k
orm	ɔ r m
os	uː s
ottast	² ʊ tː ɑ s t
otte	² ʊ tː ə
over	oː ʋ ə r
over	oː ʋ ɛ r
overtak	² oː ʋ ɛ r t ɑː k
overtaka	² oː ʋ ɛ r t ɑː k ɑ
ovmot	² oː ʋ m uː t
ovring	² ɔ ʋ r ɪ ŋ
p	p
p	p eː
papir	p ɑ p iː r
par	p ɑː r
parti	p ɑ r t iː
pensum	p ɛ n s ʉ m
periode	p ɛ r ɪ ² uː d ə
pigg	p ɪ ɡː
piggsvin	p ɪ ɡː s ʋ ɪ n
pil	p iː l
pinne	² p ɪ nː ə
pissa	² p ɪ sː ɑ
plagg	p l ɑ ɡː
plant	p l ɑː n t
planta	² p l ɑ n t ɑ
plante	² p l ɑ n t ə
plass	p l ɑ sː
plast	p l ɑ s t
plate	² p l ɑː t ə
plattysk	p l ɑ t ʏ s k
plent	p l ɛ n t
plog	p l uː ɡ
plomme	² p l u mː ə
plukka	² p l ʊ kː ɑ
poet	p o eː t
poet	p u eː t
pokker	p ɔ kː ə r
polen	p uː l n̩
politikk	p ʊ l ɪ t ɪ kː
politisk	p ʊ l iː t ɪ s k
poll	p ɔ lː
pollen	p ɔ lː n̩
polynom	p ʊ l ʏ n uː m
posisjon	p ʊ s ɪ ʃ uː n
potet	p ʊ t eː t
pram	p r ɑ mː
prinsipp	p r ɪ n s ɪ pː
problem	p r ʊ b l eː m
pryda	² p r yː d ɑ
prøva	² p r øː ʋ ɑ
prøve	² p r øː ʋ ə
pung	p ʊ ŋː
pusla	² p ʉ s l ɑ
pute	p ʉː t ə
på	p oː
påteken	p oː t eː k ɛ n
pøbel	p ø̀ː b e l
q	k
q	k ʉː
r	r
r	æ rː
r	æ ɾː
r	ɾ
r	ʁ
ragg	r ɑ ɡː
raggete	² r ɑ ɡː ɛ t ə
raka	² r ɑː k ɑ
rakett	r ɑ k ɛ tː
raudmus	² r æ ʉ m ʉː s
raudrev	² r æ ʉ r ɛ ʋ
raus	r æ ʉ̯ s
raust	r æ ʉ s t
re	r eː
referera	r ɛ f ɛ r eː r a
regn	r e ɡ n
regn	r ɛ ɡ n
rein	r e j n
reingjøre	r e j n j ø r e
reinsbukk	² r æ ɪ n s b ʊ kː
reise	² r æ ɪ s ə
reising	² r æ ɪ s ɪ ŋ
reiskap	² r æ ɪ s k ɑː p
rekka	² r ɛ kː ɑ
rekkje	² r ɛ çː ə
rekna	² r ɛ k n ɑ
ren	r eː n
rengja	² r ɛ ɲ j ɑ
rengja	² r ɛ ɲ ʝ ɑ
rengjøre	r eː n j øː r e
renn	r ɛ nː
renna	r ɛ nː ɑ
renna	² r ɛ nː ɑ
rett	r ɛ tː
rettkval	r ɛ t k ʋ ɑː l
rettsleg	² r ɛ t s l ɛ
rettsskipnad	r ɛ t s ʃ iː p n ɑ
rev	r eː ʋ
rida	² r iː ɑ
rik	r iː k
rikdom	² r iː k d ɔ m
rikdom	² r iː k d ʊ m
rim	r iː m
ringa	² r ɪ ŋː ɑ
ringja	² r ɪ n j ɑ
ringja	² r ɪ ŋ j ɑ
ringja	² r ɪ ɲ ʝ ɑ
ringsel	² r ɪ ŋ s eː l
ris	r iː s
risa	r iː s ɑ
risa	² r iː s ɑ
risen	r iː s n̩
risen	² r iː s n̩
riste	² r ɪ s t ə
riva	² r iː ʋ ɑ
rodna	² r ɔ d n ɑ
rokk	r ɔ kː
rolle	² r ɔ lː ə
rom	r ʊ mː
romstera	r ʊ m s t eː r ɑ
rose	² r uː s ə
rue	² r ʉː ə
rugde	² r ʉ ɡ d ə
rund	r ʉ n d
rund	r ʉ nː
rund	r ʊ n d
rund	r ʊ nː
runde	² r ʉ n d ə
runde	² r ʉ nː ə
runde	² r ʊ n d ə
rundt	r ʉ n t
rundt	r ʊ n t
rusa	² r ʉː s ɑ
rusla	² r ʉ s l ɑ
russland	ɾ ʉ ʂ l ɑ n
rust	r ʉ s t
rust	r ʉː s t
rusta	r ʉ s t ɑ
rusta	² r ʉ s t ɑ
ruste	² r ʉ s t ə
ruste	² r ʉː s t ə
rutebåt	² r ʉː t ə b oː t
ruud	r ʉː
ruva	² r ʉː ʋ ɑ
ry	ɾ yː
rygg	r ʏ ɡː
råd	r oː
råd	r oː d
røde	r øː ə
rømme	² r œ mː ə
røntgen	r ø n k e n
røre	² r øː r ə
rørsle	² r œ r s l ə
røyna	² r œ ʏ n ɑ
røyskatt	² r œ ʏ s k ɑ tː
s	e sː
s	s
s	ɛ sː
s	ʂ
s	ʃ
saft	s ɑ f t
sak	s ɑː k
sakleg	² s ɑː k l ɛ
saknad	² s ɑː k n ɑ
saknad	² s ɑː k n ɑ d
sakte	² s ɑ k t ə
salme	² s ɑ l m ə
salmebok	² s ɑ l m ɛ b uː k
salt	s ɑ l t
saman	s ɑː m ɑ n
samanheng	² s ɑː m ɑ n h ɛ ŋː
same	² s ɑː m ə
samhug	² s ɑ m h ʉː ɡ
samle	² s ɑ m l ə
samsvar	² s ɑ m s ʋ ɑː r
samvit	² s ɑ m ʋ ɪ t
sarpsborg	s ɑ ɾ p s b o ɾ ɡ
sarpsborg	s ɑ ʂ b o ɾ
saud	s æ ʉː d
saud	s œ ʉː d
segl	s ɛ j l
segl	s ɛ ɡ l
segla	s ɛ ɡ l ɑ
segla	² s ɛ ɡ l ɑ
segle	² s ɛ ɡ l ə
sei	s æ j
sei	s æ ɪ
seia	² s æ ɪ ɑ
seie	² s æ ɪ ə
seikval	s æ ɪ k ʋ ɑː l
sekund	s ɛ k ʉ n d
sekund	s ɛ k ʉ nː
selbu	s æ ɽ b ʉː
selge	s ɛ lː ə
sement	s ɛ m ɛ n t
senda	² s ɛ n d ɑ
seng	s ɛ ŋː
sentral	s ɛ n t r ɑː l
sentralisera	s ɛ n t r ɑ l ɪ s eː r ɑ
setja	² s ɛ çː ɑ
sid	s iː
sidemann	² s iː ɛ m ɑ nː
sider	s iː d ɛ r
sider	² s iː ɛ r
siga	² s iː ɡ ɑ
sikker	s ɪ kː ɛ r
sildra	² s ɪ l d r ɑ
silke	² s ɪ l k ə
singling	² s ɪ ŋ l ɪ ŋ
sink	s ɪ ŋ k
situasjon	s ɪ t ʋ ɑ ʃ uː n
sjanse	ʂ a ŋ s ə
sjel	² ʃ eː l
sjukehus	² ʃ ʉː k ɛ h ʉː s
sjur	ʃ ʉː r
sjåfør	ʃ ɔ f øː r
sjø	ʃ øː
sjølvgjeven	² ʃ øː l j eː ʋ ɛ n
sjølvgjeven	² ʃ œ lː j eː ʋ ɛ n
sjølvsagt	² ʃ œ l s ɑ k t
sjølvsagt	ʃ øː l s ɑ k t
sjølvsyn	² ʃ øː l s yː n
sjølvsyn	² ʃ œ lː s yː n
sjørøvar	² ʃ øː r øː ʋ ɑ r
skaffa	² s k ɑ fː ɑ
skaga	s k aː ɡ a
skage	² s k aː ɡ ə
skal	s k a lː
skal	s k aː l
skamfull	² s k ɑ m f ʉ lː
skapa	s k ɑː p ɑ
skapa	² s k ɑː p ɑ
skarv	s k ɑ r ʋ
skau	s k æ ʉ̯
skava	² s k ɑː ʋ ɑ
skeiserenn	² ʃ æ ɪ s ə r ɛ nː
skeiv	ʃ æ ɪ ʋ
skifta	² ʃ ɪ f t ɑ
skifta	ʃ ɪ f t ɑ
skifte	² ʃ ɪ f t ə
skilderi	ʃ ɪ l d ɛ r iː
skildra	² ʃ ɪ l d r ɑ
skiljast	² ʃ ɪ l j ɑ s t
skilling	ʃ ɪ lː ɪ ŋ
skimta	² ʃ ɪ m t ɑ
skina	² ʃ iː n ɑ
skinnvengje	² ʃ ɪ n ʋ ɛ n j ə
skip	ʃ iː p
skipnad	² ʃ iː p n ɑ
skiptvet	ʃ ɪ p t ʋ ɛ t
skit	ʃ iː t
skita	² ʃ iː t ɑ
skiten	² ʃ ɪː t n̩
skiten	ʃ ɪː t n̩
skitten	² ʃ ɪ tː n̩
skitten	ʃ ɪ tː n̩
skje	ʃ eː
skjelva	² ʃ ɛ l ʋ ɑ
skjorte	² ʃ ʊ r t ə
skjorte	ʃ u ʈ ə
skjønna	² ʃ œ nː ɑ
skoda	² s k oː ɑ
skodde	² s k ɔ dː ə
skog	s k uː ɡ
skoglemen	² s k uː ɡ l ɛ m ɛ n
skogmus	² s k uː ɡ m ʉː s
skottland	s k ɔ t l ɑ n
skottland	s k ɔ t l ɑ n d
skral	s k r ɑː l
skri	s k r iː
skridar	² s k r iː ɑ r
skrik	s k r iː k
skrimsel	s k r ɪ m s ɛ l
skrin	s k ɾ iː n
skrinn	s k r ɪ nː
skritt	s k r ɪ tː
skriving	² s k r iː ʋ ɪ ŋ
skrog	s k r oː ɡ
skugge	² s k ʉ ɡː ə
skulder	s k ʉ l d ɛ r
skulder	² s k ʉ l d ɛ r
skule	² s k ʉː l ə
skuleplass	² s k ʉː l ə p l ɑ sː
skulka	² s k ʉ l k ɑ
skulla	² s k ʉ lː ɑ
skulle	² s k ʉ lː ə
skum	s k ʊ mː
skur	s k ʉː r
skura	s k ʉː r ɑ
skura	² s k ʉː r ɑ
skute	² s k ʉː t ə
skyete	² ʃ yː ɛ t ə
skyfri	² ʃ yː f r iː
skygg	ʃ ʏ ɡː
skyta	² ʃ yː t ɑ
skyva	² ʃ yː ʋ ɑ
skåp	s k oː p
slagsmål	s l ɑ k s m oː l
sleggje	² s l ɛ jː ə
slengja	² s l ɛ n j ɑ
slengja	² s l ɛ ŋ j ɑ
slepa	² s l eː p ɑ
sleppa	² s l ɛ pː ɑ
sletta	² s l ɛ tː ɑ
slette	² s l ɛ tː ə
slita	² s l iː t ɑ
sliten	² s l iː t n̩
slott	s l o t
slott	s l ɔ tː
slu	ʂ l ʉː
slump	s l ʊ m p
slumpa	² s l ʊ m p ɑ
sluse	² s l ʉː s ə
slåst	s l ɔ s t
slått	s l o t
sløkkja	² s l œ çː ɑ
smak	s m ɑː k
smaka	² s m ɑː k ɑ
smale	² s m ɑː l ə
smaragd	s m a r a ɡ d
smed	s m eː
smell	s m ɛ lː
smelta	² s m ɛ l t ɑ
smerte	² s m ɛ r t ə
smyga	² s m yː ɡ ɑ
småskogmus	² s m oː s k uː ɡ m ʉ s
snau	s n æ ʉ
snipe	² s n iː p ə
snjo	s n j uː
snu	s n ʉː
snute	² s n ʉː t ə
snåva	² s n oː ʋ ɑ
snøball	² s n øː b ɑ lː
snøfonn	² s n øː f ɔ nː
snømann	² s n øː m ɑ nː
snømus	² s n øː m uː s
softis	s o f t iː s
sog	s oː ɡ
sogeskrivar	² s oː ɡ ɛ s k r iː ʋ ɑ r
sola	² s uː l ɑ
soleis	s uː l æ ɪ s
song	s ɔ ŋː
sorg	s ɔ r ɡ
sorp	s ɔ r p
sosial	s ʊ s ɪ ɑː l
sott	s ʊ tː
sove	² s oː ʋ ə
spa	s p ɑː
spade	² s p ɑː d ə
spade	² s p ɑː ə
sparsam	² s p ɑː r s ɑ m
spegel	s p eː ɡ ə l
spegel	² s p eː ɡ ə l
speil	s p e j l
spekkhoggar	² s p ɛ k h ɔ ɡ ɑ r
spenning	² s p ɛ nː ɪ ŋ
spermkval	² s p ɛ r m k ʋ ɑː l
spille	s p i l l e
spilleautomat	s p i l l e a ʉ t o m aː t
spissmus	s p ɪ sː m ʉː s
splintra	² s p l ɪ n t r ɑ
spove	² s p uː ʋ ɛ
sprang	s p r ɑ ŋː
sprekk	s p r ɛ kː
sprekke	² s p r ɛ kː ə
sprekkje	² s p r ɛ çː ə
sprengja	² s p r ɛ n j ɑ
sprikja	² s p r iː ç ɑ
springa	² s p r ɪ ŋː ɑ
springar	² s p r ɪ ŋː ɑ r
springe	² s p r ɪ ŋː ə
spruta	² s p r ʉː t ɑ
spræne	² s p r eː n ə
spydeberg	s p ʏ d b æ r
stabbestein	² s t ɑ bː ə s t æ ɪ n
stakk	s t ɑ kː
stampa	² s t ɑ m p ɑ
standa	s t ɑ n d ɑ
standa	² s t ɑ n d ɑ
standpunkt	s t ɑ n d p ʊ ŋ k t
stare	² s t ɑː r ə
start	s t ɑ r t
starta	² s t ɑ r t ɑ
stasjon	s t ɑ ʃ uː n
stat	s t ɑː t
steg	s t eː ɡ
steike	² s t æ ɪ k ə
stein	s t a ɪ n
steingard	² s t æ ɪ n ɡ ɑː r
steinkobbe	² s t æ ɪ n k ɔ b ə
stemme	² s t ɛ mː ə
stemna	² s t ɛ m n ɑ
stenger	s t ɛ ŋ ɛ r
stenger	² s t ɛ ŋ ɛ r
sterk	s t ɛ r k
stiga	² s t iː ɡ ɑ
stige	² s t iː ɡ ə
stikka	² s t ɪ kː ɑ
stilla	² s t ɪ lː ɑ
stille	² s t ɪ lː ə
stillferdig	s t ɪ l f ɛ r d ɪ
stiv	s t iː ʋ
storkobbe	² s t uː r k ɔ b ə
storm	s t ɔ r m
storskogmus	² s t uː r s k uː ɡ m ʉ s
strak	s t r ɑː k
strand	s t r ɑ n d
strand	s t r ɑ nː
straum	s t r æ ʉ m
strek	s t r eː k
strekka	s t r ɛ kː ɑ
strekka	² s t r ɛ kː ɑ
strekkja	² s t r ɛ çː ɑ
strev	s t r eː ʋ
streva	² s t r eː ʋ ɑ
stri	s t r iː
stridsvogn	s t r i t s v o ɡ n
stripedelfin	² s t r iː p ɛ d ɛ l f iː n
strok	s t r oː k
stryk	s t r yː k
strå	s t r oː
strø	s t r øː
strøk	s t r øː k
strøya	² s t r œ ʏ ɑ
stumra	² s t ʊ m r ɑ
stund	s t ʉ nː
stund	s t ʊ nː
stundom	² s t ʉ n d ʊ m
stundom	² s t ʊ n d ʊ m
stup	s t ʉː p
stupa	s t ʉː p ɑ
stupa	² s t ʉː p ɑ
styra	² s t yː r ɑ
styrar	² s t yː r ɑ r
styre	² s t yː r ə
styring	² s t yː r ɪ ŋ
stø	s t øː
støl	s t øː l
stør	s t øː r
støyt	s t œ ʏ t
suffigera	s ʉ f ɪ ɡ eː r ɑ
suga	² s ʉː ɡ ɑ
sukka	² s ʉ kː ɑ
sukka	² s ʊ kː ɑ
suksesjon	s ʉ k s ɛ ʃ uː n
sule	² s ʉː l ə
surr	s ʉ rː
susa	² s ʉː s ɑ
svane	² s ʋ ɑː n ə
svara	s v ɑː r ɑ
svara	² s v ɑː r ɑ
svart	s ʋ ɑ r t
svart	s ʋ ɑː r t
svarte	² s ʋ ɑ r t ə
svarte	² s ʋ ɑː r t ə
svartrotte	² s ʋ ɑ r t r ɔ t ə
svartstill	² s ʋ ɑ r t s t ɪ lː
sverige	s ʋ æ r j ə
sverige	s ʋ æ ɾ j ə
svill	s ʋ ɪ lː
svinga	² s ʋ ɪ ŋː ɑ
sviva	² s ʋ iː ʋ ɑ
svivyrdsleg	² s ʋ iː ʋ ʏ r s l ɛ
svivyrdsleg	² s ʋ iː ʋ ʏ r s l ɛ ɡ
svær	s ʋ æː r
svært	s ʋ æː r t
symja	² s ʏ m j ɑ
symje	² s ʏ m j ə
syn	s yː n
syna	s yː n ɑ
syna	² s yː n ɑ
synast	² s yː n ɑ s t
syngja	² s ʏ ɲː j ɑ
syngja	² s ʏ ɲː ʝ ɑ
synkverva	² s yː n k ʋ ɛ r ʋ ɑ
synsmåte	s yː n s m oː t ə
sysvorte	² s yː s ʋ ɔ r t ə
syv	s y v
sår	s oː r
særleg	² s æː r l ɛ
særmerkt	² s æː r m ɛ r k t
særskilt	² s æː r ʃ ɪ l t
sæther	s eː t ə r
sæther	s æː t ə r
søg	s øː ɡ
sør	s øː r
søre	² s øː r ə
søster	s œ s t ɛ r
t	t
t	t eː
t	ʈ
taigaspissmus	t ɑ ɪ ɡ ɑː s p ɪ s m ʉ s
tak	t ɑː k
taka	t ɑː k ɑ
taka	² t ɑː k ɑ
tal	t ɑː l
tala	t ɑː l ɑ
tala	² t ɑː l ɑ
tale	² t ɑː l ə
tanks	t æ n k s
tanksane	t æ n k s a n ə
tanksar	t æ n k s a r
tanksen	t æ n k s ə n
tanksene	t æ n k s e n ə
tankser	t æ n k s e r
tann	t ɑ nː
tanngard	² t ɑ ŋː ɡ ɑː r
tap	t ɑː p
taug	t œ ʉː ɡ
tavle	t a v l e
tee	iː
teig	t æ ɪ ɡ
tein	t æ ɪ n
teist	t æ ɪ s t
temmeleg	² t ɛ m l ɛ
tenking	² t ɛ n ç ɪ ŋ
tenking	² t ɛ ŋ k ɪ ŋ
terne	² t ɛ r n ə
terningkast	² t ɛ r n ɪ ŋ k ɑ s t
testament	t ɛ s t ɑ m ɛ n t
testamente	t ɛ s t ɑ m ɛ n t ə
tett	t ɛ tː
tidbolk	² t iː b ɔ l k
tidleg	t iː d l ɛ
tidleg	t iː l ɛ
tidleg	² t iː d l ɛ
tidleg	² t iː l ɛ
tidspunkt	t ɪ d s p ʊ ŋ k t
tie	t iː e
tights	t ɑ ɪ t s
tilby	t ɪ l b yː
tilfrosen	t ɪ l f r oː s n̩
tilhøve	² t ɪ l h øː ʋ ə
tiltak	² t ɪ l t ɑː k
tiltalande	t ɪ l t ɑː l ɑ n d ə
tiltalande	t ɪ l t ɑː l ɑ n ə
tittel	t ɪ tː ɛ l
tiur	² t iː ʉ r
tjeld	ç ɛ l d
tjeld	ç ɛ lː
tolig	² t oː l ɪ
tone	² t uː n ə
tonekunst	² t uː n ə k ʉ n s t
topp	t ɔ pː
tordivel	t ʊ r d iː ʋ ɛ l
torv	t ɔ r ʋ
torve	² t ɔ r ʋ ɑ
trakk	t r ɑ kː
tralla	² t r ɑ lː ɑ
trane	² t r ɑː n ə
trapp	t r ɑ pː
traust	t r æ ʉ s t
tre	t r eː
tredje	² t r æ ɪ ə
tredje	² t r ɛ d j ə
treet	t r eː e
tremenning	t r êː m e n i ŋ
tresko	² t r eː s k uː
tresko	² t r ɛ s k ʊ
tretti	t r ɛ tː ɪ
tri	t r iː
trippa	² t r ɪ pː ɑ
trir	t r iː r
trollheim	t ɾ ɔ l h æ ɪ m
trompet	t r ʊ m p eː t
trondheim	t r ɔ n h æ ɪ m
trone	² t r uː n ə
tronfølgjar	² t r uː n f œ l j ɑ r
trong	t r ɔ ŋː
truleg	² t r ʉː l ɛ
trulova	² t r ʉː l oː ʋ ɑ
truskyld	² t r ʉː ʃ ʏ l d
truskyld	² t r ʉː ʃ ʏ lː
trygg	t r ʏ ɡː
trygla	² t r ʏ ɡ l ɑ
tryta	² t r yː t ɑ
tråd	t r oː
trø	t r øː
trøyttande	² t r œ ʏ tː ɑ n d ə
trøyttande	² t r œ ʏ tː ɑ n ə
tumlar	² t ʊ m l ɑ r
tun	t ʉː n
tungsam	² t ʊ ŋ s ɑ m
tunnel	t ʉ n ɛ lː
tunnel	t ʉ nː ɛ l
tusen	t ʉː s n̩
tust	t ʉ s t
tvil	t ʋ iː l
tvila	² t ʋ iː l ɑ
tydeleg	² t yː d l ɛ
tykkjast	² t ʏ çː ɑ s t
tyskar	t ʏ s k ɑ r
tyskland	t y sː k l a nː
tytebær	t yː t ɛ b æː r
tæra	² t æː r ɑ
tømmer	t œ mː ɛ r
tørke	² t œ r k ə
tørste	² t œ r s t ə
u	ʉ
u	ʉː
u	ʊ
ubroten	² ʉː b r oː t n̩
uframkomeleg	ʉː f r ɑ m k oː m ə l ɛ
uframkomeleg	ʉː f r ɑ m k oː m ə l ɛ ɡ
ufri	ʉ f ɾ iː
ufrihet	ʉ f r iː h e t
ugle	² ʉ ɡ l ə
ugle	² ʊ ɡ l ə
ula	² ʉː l ɑ
ulagleg	ʉ l ɑː ɡ l ɛ
ulik	² ʉː l iː k
ulv	ʉ l ʋ
ulv	ʊ l ʋ
ulv	ʊ ɽ ʋ
umogeleg	ʉ m oː ɡ l ɛ
umogeleg	ʉ m oː ɡ ə l ɛ
understreke	² ʉ n d ɛ r s t r eː k ə
undrast	² ʉ n d r ɑ s t
ungdom	² ʊ ŋː d ɔ m
ungdom	² ʊ ŋː d ʊ m
union	ʉ n ɪ uː n
unna	² ʊ nː ɑ
unngå	ʉ ŋ ɡ oː
unnskyld	ʉ nː ʃ y l d
uro	² ʉː r uː
uro	² ʉː r ʊ
ut	ʉː t
utakande	² ʉː t ɑː k ɑ n d ə
utakande	² ʉː t ɑː k ɑ n ə
utan	² ʉː t ɑ n
utanfor	² ʉː t ɑ n f ɔ r
ute	² ʉː t ə
uten	ʉː t e n
utenkjeleg	ʉ t ɛ n ç ɛ l ɛ
utenkjeleg	ʉ t ɛ n ç ɛ l ɛ ɡ
uthus	² ʉː t h ʉː s
uti	² ʉː t ɪ
utom	² ʉː t ʊ m
utsikt	² ʉː t s ɪ k t
utsyn	² ʉː t s yː n
uttala	² ʉː t t ɑː l ɑ
uttala	ʉː t t ɑː l ɑ
uttalar	² ʉː t t ɑː l ɑ r
uttalar	ʉː t t ɑː l ɑ r
uttale	² ʉː t t ɑː l ə
uttale	ʉː t t ɑː l ə
uttaler	² ʉː t t ɑː l ɛ r
uttaler	ʉː t t ɑː l ɛ r
uttrykk	² ʉː t t r ʏ kː
utvald	ʉː t ʋ ɑ l d
uviss	² ʉː ʋ ɪ sː
uvisse	² ʉː ʋ ɪ sː ə
uvêr	² ʉː ʋ eː r
v	f
v	v
v	ʋ
v	ʋ eː
vagga	² ʋ ɑ ɡː ɑ
vaken	² ʋ ɑː k ɛ n
vakker	ʋ ɑ kː ɛ r
vakna	² ʋ ɑ k n ɑ
vakna	² ʋ ɑː k n ɑ
vaktel	v ɑ k t ɛ l
val	ʋ ɑː l
vald	ʋ ɑ l d
vampyr	v ɑ m p yː r
vandre	² ʋ ɑ n d r ə
vandring	² ʋ ɑ n d r ɪ ŋ
vane	² ʋ ɑː n ə
vang	ʋ ɑ ŋː
vanskeleg	² ʋ ɑ n s k l ɛ
varleg	² v ɑː r l ɛ
varleg	² v ɑː r l ɛ ɡ
varm	ʋ ɑ r m
varme	² ʋ ɑ r m ə
varulv	v aː r ʉ l v
vassa	² ʋ ɑ sː ɑ
vasspissmus	² ʋ ɑ sː s p ɪ s m ʉ s
vava	² ʋ ɑː ʋ ɑ
vedta	ʋ eː t ɑː
vedtak	² ʋ eː t ɑ k
vedtak	ʋ eː t ɑ k
vedtaka	² ʋ eː t ɑː k ɑ
vedtaka	ʋ eː t ɑː k ɑ
vedunderleg	v ɛ d ʉ n d ɛ r l ɛ
vegg	ʋ ɛ ɡː
veidemann	² ʋ æ ɪ d ɛ m ɑ nː
veidemann	² ʋ æ ɪ ɛ m ɑ nː
vel	ʋ eː l
vel	ʋ ɛ lː
vele	² ʋ eː l ə
velja	² ʋ ɛ l j ɑ
vella	² ʋ ɛ lː ɑ
velsigning	ʋ ɛ l s ɪ ŋ n ɪ ŋ
velta	² ʋ ɛ l t ɑ
velvilje	² ʋ ɛ l ʋ ɪ l j ə
venda	² ʋ ɛ n d ɑ
venleik	² ʋ eː n l æ ɪ k
venta	² ʋ ɛ n t ɑ
veps	ʋ ɛ p s
verdi	ʋ æː r ɪ
verdi	ʋ ɛ r d iː
verka	² ʋ ɛ r k ɑ
verka	ʋ ɛ r k ɑ
verkja	² ʋ ɛ r ç ɑ
vers	ʋ ɛ r s
verta	² ʋ ɛ r t ɑ
verte	² v ɛ r t ə
vestre	² ʋ ɛ s t r ə
veva	² ʋ eː ʋ ɑ
veva	ʋ eː ʋ ɑ
vevja	² ʋ ɛ ʋ j ɑ
vida	² ʋ iː ɑ
vidare	² ʋ iː ɑ r ə
vifta	² ʋ ɪ f t ɑ
vikernes	ʋ iː k ə ɳ eː s
viktig	² ʋ ɪ k t ɪ
vikvær	v iː k v æ r
vikværing	v iː k v æ r i ŋ
vilja	² ʋ ɪ l j ɑ
vilje	² ʋ ɪ lː j ə
vilt	ʋ ɪ l t
vima	² ʋ iː m ɑ
vinbær	² ʋ iː n b æː r
vind	ʋ ɪ n d
vind	ʋ ɪ nː
vinddrag	² ʋ ɪ nː d r ɑː ɡ
vinna	² ʋ ɪ nː ɑ
vinning	² ʋ ɪ nː ɪ ŋ
vinter	ʋ ɪ n t ɛ r
visdom	² ʋ iː s d ɔ mː
visdom	² ʋ iː s d ʊ mː
visekonge	² ʋ iː s ɛ k ɔ ŋː ə
visekonge	ʋ îː s e k o ŋ e
viss	ʋ ɪ sː
vissen	² ʋ ɪ sː n̩
vissen	ʋ î s e n
visst	v ɪ s t
vita	¹ ʋ iː t ɑ
vitjing	² ʋ ɪ çː ɪ ŋ
vitne	² ʋ ɪ t n ə
vokster	ʋ ɔ k s t ɛ r
voldta	ʋ ɔ l t ɑː
voldtekt	ʋ ɔ l t ə k t
voll	ʋ ɔ lː
vollgrav	ʋ ɔ lː ɡ r ɑː ʋ
vott	ʋ ɔ tː
vurdera	ʋ ʉ r d eː r ɑ
vyrda	² v y r d ɑ
vyrda	² v yː r ɑ
vågekval	² ʋ oː ɡ ɛ k ʋ ɑː l
våk	ʋ oː k
vånd	ʋ ɔ n d
vårdag	² ʋ oː r d ɑː ɡ
vårleg	² v oː r l ɛ
vårleg	² v oː r l ɛ ɡ
vårsol	² ʋ oː r s uː l
vårt	ʋ ɔ r t
vêr	ʋ eː r
vêrhane	² ʋ eː r h ɑː n ə
w	d ɔ b ə l t ʋ eː
w	v
w	ʋ
x	e k s
x	k s
x	s
x	ɛ k s
y	y
y	yː
z	s
z	s e t
z	s ɛ t
z	ʃ
åfløy	ôː f l ø y
åker	oː k ɛ r
åkerlapp	oː k ɛ r l ɑ pː
åland	oː l ɑ n
åleine	ɔ ² l æ ɪ n ə
ålesund	² ɔː l ə s ʉ n
ålesund	² ɔː l ə s ʉ n d
ålmuge	² oː l m ʉː ɡ ə
ålreit	oː ɽ r æ j t
åmot	ôː m u t
æ	æ
æ	æː
ætt	ɛ tː
æve	² eː ʋ ə
òg	oː ɡ
ø	øː
ø	œ
ødsle	ø̂ t s l e
økonomisk	œ k ʊ n uː m ɪ s k
øresus	ø r e s ʉ s
ørn	øː r n
ørn	œ r n
ørnøygd	² øː r n œ ʏ ɡ d
ørnøygd	² œ r n œ ʏ ɡ d
øy	œ ʏ̯
øyk	œ ʏ k
øystein	² œ ʏ s t æ ɪ n
øystein	œ ʏ s t æ ɪ n
