abece	a β e t͡s e
abeja	a b e ʒ a
abismo	a β i s m o
aborrecimiento	a β o r r e t͡s i m j e n t o
aborrecimientos	a β o r r e t͡s i m j e n t o s
aborricion	a β o r r i t͡s j o n
aborriciones	a β o r r i t͡s j o n e s
abraam	a β r a a m
adeuinanciella	a ð e β i n a n d͡z j e ʎ a
adeuinança	a ð e β i n a n d͡z a
adeuino	a ð e β i n o
adulterio	a ð u l t e r j o
affliccion	a f l i k t͡s j o n
agua	a ɡ w a
aguaducho	a ɡ w a d u t͡ʃ o
aguero	a ɣ w e r o
aguila	a ɡ i l a
ala	a l a
alacran	a l a k r a n
albafaca	a l b a h a k a
albuhera	a l b u e r a
alefant	a l e f a n t
alga	a l ɡ a
algibe	a l ʒ i b e
algodon	a l ɡ o d o n
alguenno	a l ɡ e ɲ o
alhenna	a ʎ e ɲ a
aljofar	a l ʒ o h a r
almendra	a l m e n d r a
alquimia	a l k i m j a
amariello	a m a r j e ʎ o
amidos	a m i d o s
andadura	a n d a d u r a
angel	a n ʒ e l
aniello	a n j e ʎ o
anno	a ɲ o
aramne	a r a m n e
aranna	a r a ɲ a
arbor	a r β o r
arcidiano	a r t͡s i d j a n o
argent	a r ʒ e n t
ariento	a r j e n t o
aristotil	a r i s t o t i l
arquero	a r k e r o
arqueros	a r k e r o s
arroham	a r r o a m
arroua	a r r o β a
arçobispado	a r t s͡o b i s p a d o
arçobispados	a r t s͡o b i s p a d o s
arçobispo	a r t͡s o b i s p o
asna	a s n a
asno	a s n o
asso	a s o
asuso	a z u z o
auoleza	a β o l e d͡z a
aver	a β e r
axeb	a ʃ e p
aymant	a i̯ m a n t
aymante	a i̯ m a n t e
ayre	a i̯ r e
ayuso	a j u z o
azech	a d͡z e t͡ʃ
azeyte	a d͡z e i̯ t e
azur	a d͡z u r
açada	a t͡s a d a
açafran	a t͡s a f r a n
babilonna	b a β i l o ɲ a
banno	b a ɲ o
barcilona	b a r t͡s i l o n a
beldeem	b e l d e e m
bellinno	b e ʎ i ɲ o
belzebub	b e l d͡z e b u b
bendicion	b e n d i t͡s j o n
berguença	β e r ɡ w e n d͡z a
bezahar	b e d͡z a a r
bezerro	b e d͡z e r r o
biespa	β j e s p a
biuora	β i β o r a
blago	b l a ɡ o
blancor	b l a n k o r
boca	b o k a
boitre	β o i̯ t r e
brafonera	b r a f o n e r a
brasa	b r a z a
braço	b r a d͡z o
bresca	b r e s k a
buey	b w e i̯
bufo	b u h o
buho	b u o
cabanna	k a β a ɲ a
cabdiello	k a b d j e ʎ o
cabello	k a b e ʎ o
cabeça	k a b e d͡z a
cabrito	k a b r i t o
calient	k a l j e n t
cama	k a m a
camello	k a m e ʎ o
campo	k a m p o
canastiello	k a n a s t j e ʎ o
candelero	k a n d e l e r o
cannamo	k a ɲ a m o
cantador	k a n t a d o r
carcel	k a r t͡s e l
carcelero	k a r t͡s e l e r o
carne	k a r n e
casa	k a z a
cassa	k a s a
castanna	k a s t a ɲ a
castiella	k a s t j e ʎ a
castiello	k a s t j e ʎ o
catorzeno	k a t o r d z e n o
caym	k a i m
caym	k a i n
cebolla	t͡s e b o ʎ a
celestre	t͡s e l e s t r e
cenisa	t͡s e n i z a
ceruiz	t͡s e r β i d͡z
cherubin	k e r u β i n
cibdat	t͡s i β d a t
cielo	t͡s j e l o
circuncision	t͡s i r k u n t͡s i z j o n
cirulgia	t͡s i r u l ʒ i a
cirurgiano	t͡s i r u r ʒ a n o
cisterna	t͡s i s t e r n a
clerigo	k l e r i ɡ o
cochiello	k o t ʃ j e ʎ o
color	k o l o r
comendamiento	k o m e n d a m j e n t o
companna	k o m p a ɲ a
compannero	k o m p a ɲ e r o
compannia	k o m p a ɲ i a
criazon	k r i a d z o n
cristal	k r i s t a l
cuchiello	k u t ʃ j e ʎ o
cuello	k w e ʎ o
cuer	k w e r
cuerpo	k w e r p o
cueua	k w e β a
culantro	k u l a n t r o
culuebra	k u l w e β r a
culuebro	k u l w e β r o
damasco	d a m a s k o
debdor	d e β d o r
delant	d e l a n t
desiert	d e s j e r t
desierto	d e s j e r t o
deuinança	d e β i n a n d z a
dezeno	d e d z e n o
dia	d i a
diablo	d j a β l o
diestro	d j e s t r o
diezmo	d j e d͡z m o
diluuio	d i l u β j o
dios	d i o s
dolorioso	d o l o r j o z o
domingo	d o m i n ɡ o
don	d o n
dozeno	d o d z e n o
dragma	d r a ɣ m a
dragon	d r a ɡ o n
duelo	d w e l o
e	e
eglesia	e ɡ l e z j a
egual	e ɡ w a l
eleofant	e l e o f a n t
elifant	e l i f a n t
emellizo	e m e ʎ i d͡z o
encantador	e n k a n t a d o r
encantadores	e n k a n t a d o r e s
encastellado	e n k a s t e ʎ a d o
encensario	e n t s e n s a r j o
encienso	e n t͡s j e n s o
encuentro	e n k w e n t r o
enemiztat	e n e m i t͡s t a t
enfermedat	e n f e r m e d a t
engenno	e n ʒ e ɲ o
ensamne	e n s a m n e
ensullo	e n s u ʎ o
enzia	e n d z i a
enzina	e n d͡z i n a
ermana	e r m a n a
ermano	e r m a n o
erugo	e r u ɡ o
escalera	e s k a l e r a
escama	e s k a m a
escorpion	e s k o r p j o n
escudiella	e s k u d j e ʎ a
escuridat	e s k u r i d a t
esmeralda	e z m e r a l d a
esmeril	e z m e r i l
espada	e s p a d a
espalda	e s p a l d a
espanna	e s p a ɲ a
esperança	e s p e r a n d͡z a
espia	e s p i a
espuma	e s p u m a
estanno	e s t a ɲ o
estentino	e s t e n t i n o
estomago	e s t o m a ɡ o
estranno	e s t r a ɲ o
estrella	e s t r e ʎ a
estrellero	e s t r e ʎ e r o
estrumento	e s t r u m e n t o
euangelista	e β a n ʒ e l i s t a
exe	e ʃ e
exir	e ʃ i r
fablar	h a β l a r
falso	f a l s o
fambre	h a m b r e
farina	h a r i n a
fartura	h a r t u r a
fauonno	h a β o ɲ o
fazienda	h a d͡z j e n d a
fermoso	h e r m o z o
fermosura	h e r m o z u r a
fidenisa	h i d e n i z a
fiero	f j e r o
fierro	h j e r r o
figado	h i ɡ a d o
figuera	h i ɡ e r a
fijo	h i ʒ o
fil	f i l
finiestra	h i n j e s t r a
firuient	h i r β j e n t
flum	f l u m
foja	h o ʒ a
fonda	h o n d a
fongo	h o n ɡ o
fonguenno	h o n ɡ e ɲ o
fonsado	h o n s a d o
fornaguera	h o r n a ɡ e r a
fosado	h o z a d o
frañer	f r a ɲ e r
fruente	f r w e n t e
fuego	f w e ɡ o
fuerça	f w e r t͡s a
fumo	h u m o
gafo	ɡ a f o
gloria	ɡ l o r j a
golondrina	ɡ o l o n d r i n a
golondrino	ɡ o l o n d r i n o
gouierno	ɡ o β j e r n o
graf	ɡ r a f
grant	ɡ r a n t
grossura	ɡ r o s u r a
gruesso	ɡ r w e s o
guadalmecin	ɡ w a d a l m e t͡s i n
guarnimiento	ɡ w a r n i m j e n t o
guchiello	ɡ u t͡ʃ j e ʎ o
guisa	ɡ i z a
holocaust	o l o k a u s t
huebra	w e b r a
huesso	w e s o
hueuo	w e β o
humidat	u m i d a t
idola	i d o l a
iherusalem	ʒ e r u z a l e m
ihrlm	ʒ e r u z a l e n
infierno	i n f j e r n o
janero	ʒ a n e r o
jargonça	ʒ a r ɡ o n d z a
johan	ʒ o a n
josaphat	ʒ o z a f a t
judizio	ʒ u ð i d͡z j o
judizios	ʒ u ð i d͡z j o s
juez	ʒ w e d͡z
juezes	ʒ w e d͡z e s
justa	ʒ u s t a
justas	ʒ u s t a s
justo	ʒ u s t o
justos	ʒ u s t o s
juuentut	ʒ u β e n t u t
ladriello	l a d r j e ʎ o
lagrema	l a ɡ r e m a
langosta	l a n ɡ o s t a
lech	l e t͡ʃ
lechezinos	l e t͡ʃ e d͡z i n o s
lenguage	l e n ɡ w a ʒ e
lenna	l e ɲ a
lenno	l e ɲ o
leon	l e o n
leona	l e o n a
leones	l e o n e s
libro	l i β r o
liebre	l j e b r e
linaça	l i n a d͡z a
linnage	l i ɲ a ʒ e
logar	l o ɡ a r
lonninco	l o ɲ i n k o
loriga	l o r i ɡ a
lorigas	l o r i ɡ a s
luviello	l u β j e ʎ o
madera	m a d e r a
malanconia	m a l a n k o n i a
man	m a n
mancebia	m a n t͡s e b i a
mandragora	m a n d r a ɡ o r a
mannana	m a ɲ a n a
manziella	m a n d͡z j e ʎ a
marauilla	m a r a β i ʎ a
marido	m a r i d o
martiello	m a r t j e ʎ o
mathathias	m a t a t i a s
mayoral	m a j o r a l
maçonero	m a t͡s o n e r o
melanconia	m e l a n k o n i a
melchysedec	m e l k i z e d e k
melezina	m e l e d͡z i n a
menaça	m e n a d͡z a
mensage	m e n s a ʒ e
mensagero	m e n s a ʒ e
menudiello	m e n u d j e ʎ o
mercadura	m e r k a d u r a
metal	m e t a l
miedo	m j e d o
miel	m j e l
mies	m j e s
migero	m i ʒ e r o
monneca	m o ɲ e k a
mont	m o n t
montanna	m o n t a ɲ a
mortaldat	m o r t a l d a t
mosca	m o s k a
mosquito	m o s k i t o
moysen	m o i̯ z e n
much	m u t͡ʃ
muchidumne	m u t͡ʃ i d u m n e
muchidumnes	m u t͡ʃ i d u m n e s
muert	m w e r t
mugier	m u ʒ e r
mula	m u l a
munneca	m u ɲ e k a
natura	n a t u r a
naue	n a β e
nauidat	n a β i d a t
nerbio	n e r β j o
nieue	n j e β e
nigromanciano	n i ɡ r o m a n t͡s j a n o
nilo	n i l o
ninniella	n i ɲ j e ʎ a
ninno	n i ɲ o
noch	n o t͡ʃ
noche	n o t ʃ e
nodrices	n o d r i d͡z e s
nodriz	n o d r i d͡z
noveno	n o β e n o
nuera	n w e r a
nutrices	n u t r i d͡z e s
nutriz	n u t r i d͡z
nuue	n u β e
oliera	o l j e r a
olla	o ʎ a
omne	o m n e
onzeno	o n d z e n o
orcero	o r t͡s e r o
orebze	o r e β d z e
orgul	o r ɡ u l
oryzon	o r i d͡z o n
orçuelo	o r t s w e l o
oscuridat	o s k u r i d a t
ossa	o s a
osso	o s o
otero	o t e r o
oueja	o β e ʒ a
pablo	p a β l o
padre	p a d r e
palabra	p a l a β r a
palio	p a l j o
palomo	p a l o m o
passion	p a s j o n
peccador	p e k a d o r
peccadora	p e k a d o r a
peccadores	p e k a d o r e s
pedaço	p e d a t͡s o
pedrisco	p e d r i s k o
pedriscos	p e d r i s k o s
pequennuelo	p e k e ɲ w e l o
peso	p e z o
peydro	p e i̯ d r o
peyne	p e i̯ n e
pez	p e d͡z
pharaon	f a r a o n
philisteo	f i l i s t e o
pidrizuela	p i d r i d͡z w e l a
pie	p j e
piedra	p j e d r a
pielago	p j e l a ɡ o
pimienta	p i m j e n t a
piélago	p j e l a ɡ o
poderio	p o d e r i o
ponient	p o n j e n t
princeb	p r i n t͡s e b
princep	p r i n t͡s e p
pro	p r o
proeza	p r o e d z a
prominco	p r o m i n k o
promission	p r o m i s j o n
propheta	p r o f e t a
prophetismo	p r o f e t i z m o
pueblo	p w e b l o
pulmon	p u l m o n
putana	p u t a n a
putanna	p u t a ɲ a
quantia	kʷ a n t i a
quantidat	kʷ a n t i d a t
quarentena	k w a r e n t e n a
quatro	k w a t r o
querella	k e r e ʎ a
queso	k e z o
quinzeno	k i n d z e n o
quiçab	k i d z a b
rabadura	r a b a d u r a
ramo	r a m o
raçon	r a d z o n
remasaja	r e m a z a j a
remont	r e m o n t
rennon	r e ɲ o n
requa	r e k w a
rey	r e i̯
reyna	r e i n a
reysmo	r e i z m o
ric	r i k
robi	r o b i
rodiella	r o d j e ʎ a
roma	r o m a
roydo	r o i d o
rucio	r u t͡s i o
sabia	s a b j a
sabio	s a b j o
sacerdot	s a t͡s e r d o t
sacerdotal	s a t͡s e r d o t a l
sacerdote	s a t͡s e r d o t e
safir	s a f i r
sal	s a l
salomon	s a l o m o n
salze	s a l d z e
samaria	s a m a r j a
samaritano	s a m a r i t a n o
sancenno	s a n t͡s e ɲ o
sangre	s a n ɡ r e
sangusuela	s a n ɡ u s w e l a
sant	s a n t
saragoça	s a r a ɣ o d͡z a
sardenna	s a r d e ɲ a
sedmana	s e d m a n a
segunt	s e ɡ u n t
segur	s e ɡ u r
semblança	s e m b l a n d z a
sennal	s e ɲ a l
sennero	s e ɲ e r o
sennor	s e ɲ o r
sennora	s e ɲ o r a
sennorio	s e ɲ o r i o
sepulcro	s e p u l k r o
seraphin	s e r a f i n
seruidumne	s e r β i d u m n e
sessaenta	s e s a e n t a
seteno	s e t e n o
setmana	s e t m a n a
seys	s e i̯ s
sierua	s j e r β a
sieruas	s j e r β a s
sieruo	s j e r β o
sieruos	s j e r β o s
siniestro	s i n j e s t r o
sortera	s o r t e r a
sortero	s o r t e r o
sortija	s o r t i ʒ a
suenno	s w e ɲ o
sufre	s u f r e
tabernaculo	t a β e r n a k u l o
tahulla	t a h u ʎ a
talega	t a l e ɡ a
tempestat	t e m p e s t a t
temple	t e m p l e
tiesta	t j e s t a
tiniebra	t i n j e β r a
tiniella	t i n j e ʎ a
tod	t o d
torrient	t o r r j e n t
torriente	t o r r j e n t e
tortiella	t o r t j e ʎ a
tossigoso	t o s i ɡ o z o
touiello	t o β j e ʎ o
trezeno	t r e d z e n o
tribu	t r i b u
trufán	t r u h a n
ultramar	u l t r a m a r
vaquiella	β a k j e ʎ a
vasallo	β a s a ʎ o
vasiella	β a s j e ʎ a
vazio	β a d͡z i o
vejez	β e ʒ e d͡z
vendimia	β e n d i m j a
verdulaga	β e r d u l a ɡ a
vermejo	β e r m e ʒ o
vermejura	β e r m e ʒ u r a
vestidura	β e s t i d u r a
vestimienta	β e s t i m j e n t a
veynte	β e i n t e
veynteno	β e i̯ n t e n o
viesso	β j e s o
vinagroso	β i n a ɡ r o z o
visitança	β i z i t a n d z a
xabon	ʃ a b o n
xaqueca	ʃ a k e k a
ximio	ʃ i m j o
ydropisia	i d r o p i s i a
yerro	j e r r o
yesso	j e s o
ynojo	i n o ʒ o
ysaac	i z a a k
ysmael	i z m a e l
yvierno	i β j e r n o
zebech	d z e b e t ʃ
zorobabel	d͡z o r o b a b e l
çumo	t͡s u m o
é	e
