aabaád	a a b a á d
aac̣háaru	a a ʈ ʂʰ á a r u
aaghaabáanu	a a ɡ h a b á a n u
aaghaá	a a ɡʰ a á
aaindá	a a j i n d á
aaǰúku	a a d ʑ ú k o
aakaaghuúṛ	a a k a a ɡ h u ú ɽ
aakatí	a a k a t í
aakáak	a a k á a k
aalmaarí	a a l m a a r í
aalúg	a a l ú ɡ
aamburíi	a a m b u r í i
aambúr	a a m b ú r
aambúuṛu	a a m b ú u ɽ o
aamúuṣa	a a m ú u ʂ a
aamúuṣṭu	a a m ú u ʂ ʈ o
aandáaru	a a n d á a r u
aarakiloóṛ	a a r a k i l o ó ɽ
aaramúṭ	a a r a m ú ʈ
aaraám	a a r a á m
aarzaán	a a r z a á n
aarúuṣṭi	a a r ú u ʂ ʈ i
aawaáz	a a w a á z
aawaṛíi	a a w a ɽ í i
aawíiṛu	a a w í i ɽ o
aaxeríi	a a x e r í i
aaxér	a a x é r
aayaát	a a j a á t
aaṛaíǰa	a a ɽ a j í d ʑ a
aaṣaṛkiloóṛ	a a ʂ a ɽ k i l o ó ɽ
aaṣaṛmúṭ	a a ʂ a ɽ m u ʈ
aaṣaṛphúṇḍi	a a ʂ a ɽ pʰ ú ɳ ɖ i
aaṣaṛpéeči	a a ʂ a ɽ p é e t ɕ i
aaṣúuṛu	a a ʂ ú u ɽ o
abaí	a b á j
abhíiṇi	a b h í i ɳ i
abás	a b á s
ac̣hibáaṛu	a ʈ ʂʰ i b á a ɽ u
ac̣hibéeṛi	a ʈ ʂʰ i b é e ɽ i
ac̣hikhípi	a ʈ ʂ i kʰ í p i
ac̣hikúi	a ʈ ʂʰ i k ú j
ac̣hooṛpéeči	a ʈ ʂʰ o o ɽ p é e t ɕ i
ac̣hoóṛ	a ʈ ʂʰ o ó ɽ
ac̣híi	a ʈ ʂ í i
ac̣híiwu	a ʈ ʂ í i w o
ac̣húuṛi	a ʈ ʂ ú u ɽ i
adráx	a d r á x
adáb	a d á b
ahám	a h á m
aǰaṛáa	a d ʑ a ɽ á a
aǰaṛó	a d ʑ a ɽ ó
aǰdahaá	a d ʑ d a h a á
aǰimaá	a d ʑ i m a á
aǰá	a d ʑ á
aǰíi	a d ʑ í i
akaašúma	a k a a ɕ ú m a
akaṣingí	a k a ʂ i ŋ ɡ í
akaṭíi	a k a ʈ í i
akaṭíǰa	a k a ʈ í d ʑ a
akaṭóo	a k a ʈ ó o
aksár	a k s á r
akóoš	a k ó o ɕ
alaahtaalaá	a l a a h t a a l a á
alhamdulilaá	a l h a m d u l i l a á
alučá	a l u t ɕ á
amiléeli	a m i l é e l i
amilóolu	a m i l ó o l o
amriká	a m r i k á
amzarái	a m z a r é j
amzayíi	a m z a j í i
amál	a m á l
andáa	a n d á a
andóoi	a n d ó o j
angeerí	a ŋ ɡ e e r í
angreéz	a ŋ ɡ r e é z
anguštéeri	a ŋ ɡ u ɕ t é e r i
anguṭí	a ŋ ɡ u ʈ i
angóor	a ŋ ɡ ó o r
angúṛi	a ŋ ɡ ú ɽ i
angúṛu	a ŋ ɡ ú ɽ o
angúṭ	a ŋ ɡ ú ʈ
aniníi	a n i n í i
aniním	a n i n í m
anisíi	a n i s í i
anǰurú	a ɲ d ʑ u r ú
aní	a n í
aníi	a n í i
anís	a n í s
anú	a n ú
anɣaará	a ŋ ɣ a a r á
apreešán	a p r e e ɕ á n
aqalmandí	a q a l m a n d í
aqalmánd	a q a l m á n d
arabistaán	a r a b i s t a á n
asaám	a s a á m
askóon	a s k ó o n
aslí	a s l í
asár	a s á r
asíi	a s í i
asím	a s í m
atsharíitu	a t sʰ a r í i t o
atíitu	a t í i t o
audás	a w d á s
aulaád	a w l a á d
awaagír	a w a a ɡ í r
axpúl	a x p ú l
axsí	a x s í
axtár	a x t á r
azaáb	a z a á b
aáǰkal	a á ʑ k a l
aám	a á m
ačíitu	a t ɕ í i t o
aḍaphará	a ɖ a pʰ a r á
aḍapharíi	a ɖ a pʰ a r í i
aḍaphaár	a ɖ a pʰ a á r
aṇabhiíš	a ɳ a bʰ i í ɕ
aṇabhišúma	a ɳ a b h i ɕ ú m a
aṛanaám	a ɽ a n a á m
aṛasíi	a ɽ a s í i
aṛás	a ɽ á s
aṛé	a ɽ é
aṛíi	a ɽ í i
aṛó	a ɽ ó
aṣṭaašúma	a ʂ ʈ a a ɕ ú m a
aṣṭeé	a ʂ ʈ e é
aṣṭóoš	a ʂ ʈ ó o ɕ
aṣṭúma	a ʂ ʈ ú m a
aṭíi	a ʈ í i
ba	b a
baaǰá	b a a d ʑ á
baalbáč	b a a l b á t ɕ
baaláx	b a a l á x
baalṭí	b a a l ʈ í
baaqaáida	b a a q a á j i d a
baaqimaandá	b a a q i m a a n d á
baaráki	b a a r á k i
baasanháaṛu	b a a s a n h á a ɽ u
baastaár	b a a s t a á r
baasóo	b a a s ó o
baaugáaṛu	b a a w ɡ á a ɽ u
baazóor	b a a z ó o r
baa~ílu	b a᷉ a᷉ j í l o
baačaá	b a a t ɕ a á
baačaí	b a a t ɕ a j í
baašúma	b a a ɕ ú m a
baaẓgalá	b a a ʐ ɡ a l á
babaáy	b a b a á j
baboózi	b a b o ó z i
badhooṛóo	b a d h o o ɽ ó o
badmaáš	b a d m a a ɕ
badán	b a d á n
baǰá	b a d ʑ á
bak	b a k
bakaraál	b a k a r a á l
bakareelí	b a k a r e e l í
bakáara	b a k á a r a
balasgíri	b a l a s ɡ í r i
balikhaáṭ	b a l i kʰ a a ʈ
baltéec̣i	b a l t é e ʈ ʂ i
balíi	b a l í i
bambá	b a m b á
ban	b a n
bandubás	b a n d u b á s
baneén	b a n e é n
banglái	b a ŋ l é j
baraabár	b a r a a b á r
bardaáš	b a r d á a ɕ
bartaaniá	b a r t a a ɲ j á
bartaanyáii	b a r t a a n j á i i
bas	b a s
basanpreetsúun	b a s a n p r e e t s ú u n
batshaár	b a t sʰ a á r
baurázi	b a w r á z i
baxíi	b a x í i
baxšíš	b a x ɕ í ɕ
bazgál	b a z ɡ á l
baád	b a á d
baándi	b á a n d i
baát	b a á t
baázi	b a á z i
baáɣ	b a á ɣ
bač	b a t ɕ
baḍhíir	b a ɖ h í i r
baḍiloó	b a ɖ i l o ó
baḍoorghaá	b a ɖ o o r ɡ h a á
baṛookoó	b a ɽ o o k o ó
baṭadíi	b a ʈ a d í i
baṭašáan	b a ʈ a ɕ á a n
baṭoošaáṇṭ	b a ʈ o o ɕ a á ɳ ʈ
baṭsúm	b a ʈ s ú m
be	b e
beedhríi	b e e d r h í i
beeitifeeqí	b e e i t i f e e q í
beelčá	b e e l t ɕ á
beelčá	b e l t ɕ á
beetseerá	b e e t s e e r á
beetíngal	b e e t í ŋ ɡ a l
beewafaaí	b e e w a f a a j í
beewafaá	b e e w a f a á
beezáaya	b e e z á a j a
beeṣṭíi	b í i ʂ ʈ a
beeṭí	b e e ʈ í
behtár	b e h t á r
beénk	b e é ŋ k
beéṣṭ	b e é ʂ ʈ
bhaagíi	b h a a ɡ í i
bhaampú	b h a a m p ú
bhaangí	b h a a ŋ ɡ í
bhaanóoṛ	b h a a n ó o ɽ
bhaaruṛóo	b h a a r u ɽ ó o
bhaarúuṛi	b h a a r ú u ɽ i
bhakulaár	b h a k u l a á r
bhakulíi	b h a k u l í i
bhakúlu	b h a k ú l o
bhalaá	b h a l a á
bhanǰawóo	b h a ɲ d ʑ a w ó o
bhanǰóo	b h a ɲ d ʑ ó o
bhantsaáp	b h a n t s a á p
bharaaḍám	b h a r a a ɖ á m
bharíiw	b h a r í i w
bhayíi	b h a j í i
bhayíitu	b h a j í i t o
bhaáu	b h a á w
bhaṛíi	b h a ɽ í i
bheeríi	b h e e r í i
bheeríči	b h e e r í t ɕ i
bheezatí	b h e e z a t í
bheeṇdhií	b h e e n d i í
bheeṇipútr	b h e e ɳ i p ú t r
bheénš	b h ẽ ẽ́ ɕ
bheéṇ	b h e é ɳ
bhešóo	b h e ɕ ó o
bhiaalúku	b j h a a l ú k o
bhiiroó	b h i i r o ó
bhiooṛkúi	b j h o o ɽ k ú j
bhiooṛkúuṭ	b j h o o ɽ k ú u ʈ
bhiooṛúuču	b j h o o ɽ ú u t ɕ o
bhit	b h i t
bhiíš	b h i í ɕ
bhióol	b j h ó o l
bhióoṇ	b j h ó o ɳ
bhiúuṛi	b j h ú u ɽ i
bhišúma	b h i ɕ ú m a
bhooríi	b h o o r í i
bhootíi	b h o o t í i
bhoóy	b h o ó j
bhraaǰái	b r h a a d ʑ é j
bhraapútr	b r h a a p ú t r
bhraaudhií	b r h a a w d i í
bhraawéeli	b r h a a w é e l i
bhraaú	b r h a a w ú
bhraáš	b r h a á ɕ
bhringeečhínu	b h r i ŋ ɡ e e t ɕʰ í n o
bhrit	b h r i t
bhruk	b r h u k
bhráanzu	b h r á a n z u
bhróo	b r h ó o
bhrúuṇi	b h r ú u ɳ i
bhun	b h u n
bhunaṛáa	b h u n a ɽ á a
bhunaṛó	b h u n a ɽ ó
bhunimaá	b h u n i m a á
bhuná	b h u n á
bhuníi	b h u n í i
bhus	b h u s
bhuuǰóo	b h u u d ʑ ó o
bháaru	b h á a r u
bháawal	b h á a w a l
bhéṭi	b h é ʈ i
bhéṭu	b h é ʈ o
bhíi	b h í i
bhíia	b h í i a
bhíilam	b h í i l a m
bhíili	b h í i l i
bhíiru	b h í i r o
bhíitu	b h í i t o
bhóo	b h ó o
bhóoša	b h ó o ɕ a
bhúuru	b h ú u r o
bhúṛi	b h ú ɽ i
bi	b i
biaabaán	b j a a b a á n
biaáǰ	b j a á d ʑ
bidráagu	b i d r á a ɡ u
bidréegi	b i d r é e ɡ i
bigaaṣíi	b i ɡ a a ʂ í i
bigaár	b i ɡ a á r
biǰlí	b i d ʑ l í
biǰéeli	b i d ʑ é e l i
biǰóola	b i d ʑ ó o l a
bilíǰa	b i l í d ʑ a
bilóo	b i l ó o
bimeerí	b i m e e r í
bimóoṭ	b i m ó o ʈ
bistiṇóokam	b i s t i ɳ ó o k a m
bistíiṇu	b i s t í i ɳ o
biṣ	b i ʂ
biṣáama	b i ʂ á a m a
booǰái	b o o d ʑ é j
bootál	b o o t á l
booɣlá	b o o ɣ l á
breéx	b r e é x
bruǰéeli	b r u d ʑ é e l i
bráam	b r á a m
buc̣héeli	b u ʈ ʂʰ é e l i
buc̣hóolu	b u ʈ ʂʰ ó o l o
buc̣húṇa	b u ʈ ʂʰ ú ɳ a
buǰóo	b u d ʑ ó o
bulooṣṭóo	b u l o o ʂ ʈ ó o
buláaḍa	b u l á a ɖ a
butsóo	b u t s ó o
buuḍíi	b u u ɖ í i
buuḍóo	b u u ɖ ó o
buuḍóolu	b u u ɖ ó o l o
buzeeghaá	b u z e e ɡ h a á
buzrúg	b u z r ú ɡ
buḍóo	b u ɖ ó o
buṭ	b u ʈ
buṭheé	b u ʈʰ e é
buṭhimeém	b u ʈʰ i m e é m
buṭíi	b u ʈ í i
báabu	b á a b u
báatru	b á a t r u
báaḍa	b á a ɖ a
báaṣ	b á a ʂ
báaṭ	b á a ʈ
báaṭa	b á a ʈ a
bálaf	b á l a f
bálki	b á l k i
béeǰi	b é e d ʑ i
béeli	b é e l i
béem	b é e m
béeriṣ	b é e r i ʂ
bíi	b í i
bíiḍu	b í i ɖ o
bíǰi	b í d ʑ i
bóolu	b ó o l o
bóor	b ó o r
bóoš	b ó o ɕ
búdu	b ú d o
búǰa	b ú d ʑ a
búku	b ú k o
bútsu	b ú t s o
búusi	b ú u s i
búuḍu	b ú u ɖ o
búḍa	b ú ɖ a
búṭi	b ú ʈ i
c̣aṇẓá	ʈ ʂ a ɳ ɖ ʐ á
c̣haaṇbharó	ʈ ʂʰ a a ɳ b h a r ó
c̣hatróol	ʈ ʂʰ a t r ó o l
c̣hiikíi	ʈ ʂʰ i i k í i
c̣hiirgúlum	ʈ ʂʰ i i r ɡ ú l u m
c̣hiír	ʈ ʂʰ i í r
c̣hiṇ	ʈ ʂʰ i ɳ
c̣hoy	ʈ ʂʰ o j
c̣hoók	ʈ ʂʰ o ó k
c̣hupíi	ʈ ʂʰ u p í i
c̣huúr	ʈ ʂʰ u ú r
c̣héeṇi	ʈ ʂʰ é e ɳ i
c̣híik	ʈ ʂʰ í i k
c̣híiku	ʈ ʂʰ í i k o
c̣híiri	ʈ ʂʰ í i r i
c̣híitr	ʈ ʂʰ í i t r
c̣hóoṇ	ʈ ʂʰ ó o ɳ
c̣húuṇc̣u	ʈ ʂʰ u u ɳ ʈ ʂ o
c̣iinkíi	ʈ ʂ i i ŋ k í i
daairá	d a a j r á
daalaán	d a a l a á n
daaná	d a a n á
daarulxilaafá	d a a r u l x i l a a f á
daarú	d a a r ú
daawá	d a a w á
daawát	d a a w á t
daaxíl	d a a x í l
dabdabá	d a b d a b á
dac̣híi	d a ʈ ʂʰ í i
daftár	d a f t á r
dalái	d a l é j
damdaár	d a m d a á r
damá	d a m á
dandoór	d a n d o ó r
dapáara	d a p á a r a
darǰá	d a r d ʑ á
darǰám	d a r d ʑ á m
darkáambali	d a r k á a m b a l i
darwoozá	d a r w o o z á
darák	d a r á k
darúṛi	d a r ú ɽ i
dasturá	d a s t u r á
daulát	d a w l á t
dauraán	d a w r a á n
dawóo	d a w ó o
daádu	d a á d u
daáǰa	d á a d ʑ a
daíǰa	d é j d ʑ a
dašeé	d a ɕ e é
dašúm	d a ɕ ú m
dašúma	d a ɕ ú m a
de	d e
deec̣hineetí	d e e ʈ ʂʰ i n e e t í
deegčái	d e e ɡ t ɕ é j
deerá	d e e r á
deeúli	d e e w ú l i
deé	d e é
deédi	d e é d i
deés	d e é s
deéw	d e é w
dhaataár	d h a a t a á r
dhamareét	d h a m a r e é t
dhanamóos	d h a n a m ó o s
dharaáṇ	d h a r a á ɳ
dharándi	d h a r á n d i
dharíitu	d h a r í i t o
dharóo	d h a r ó o
dhaán	d h a á n
dheedíi	d h e e d í i
dheeróoṇ	d h e e r ó o ɳ
dheeṛúm	d h e e ɽ ú m
dhiaáṛ	d j h a á ɽ
dhií	d h i í
dhiúuṛi	d j h ú u ɽ i
dhiúuṛu	d jʰ ú u ɽ o
dhooṛúku	d h o o ɽ ú k o
dhoíi	d h o j í i
dhoóṛ	d h o ó ɽ
dhraǰóo	d r h a d ʑ ó o
dhrakíi	d r h a k í i
dhraáǰa	d r h á a d ʑ a
dhreég	d r h e é ɡ
dhrigóokam	d h r i ɡ ó o k a m
dhriikíi	d h r i i k í i
dhrumanaám	d r h u m a n a á m
dhruusíi	d r h u u s í i
dhráac̣	d r h á a ʈ ʂ
dhrígu	d r h í ɡ o
dhrúuk	d r h ú u k
dhrúu~ṣ	d r h ṹ ũ ʂ
dhueé	d w h e é
dhuimeém	d h u j m e é m
dhun	d h u n
dhuniaá	d h u n j a á
dhut	d h u t
dhuumíi	d h u u m í i
dhuurá	d h u u r á
dhuyáama	d h u j á a m a
dhuím	d h u j í m
dhuíma	d h u j í m a
dháama	d h á a m a
dháara	d h á a r a
dháatu	d h á a t u
dhéeni	d h é e n i
dhéeti	d h é e t i
dhóo	d h ó o
dhúura	d h ú u r a
dimaáɣ	d i m a á ɣ
diwiší	d i w i ɕ í
diṣṭ	d i ʂ ʈ
doostí	d o o s t í
doozáx	d o o z á x
doóst	d o ó s t
duaá	d u w a á
dubaará	d u b a a r á
dukaandaár	d u k a a n d a á r
dukaandeerí	d u k a a n d e e r í
dukaán	d u k a á n
dukíi	d u k í i
duniaá	d u n j a á
durbaáṭ	d u r b a á ʈ
dutagháanu	d u t a ɡ h á a n u
dušambá	d u ɕ a m b á
duṣmaní	d u ʂ m a n í
duṣmaán	d u ʂ m a á n
dáand	d á a n d
dáar	d á a r
dáaš	d á a ɕ
dáaṇu	d á a ɳ u
dáwur	d á w u r
déedi	d é e d i
déeṇi	d é e ɳ i
déeṛi	d é e ɽ i
díi	d í i
díir	d í i r
díiš	d í i ɕ
dítu	d í t o
díṛi	d i ɽ i
dóodu	d ó o d o
dúbhiša	d ú b h i ɕ a
dúna	d ú n a
dúu	d ú u
dúula	d ú u l a
dúši	d ú ɕ i
dúṛi	d ú ɽ i
ee	e e
eendáa	e e n d á a
eení	e e n í
eenú	e e n ú
eesé	e e s é
eesó	e e s ó
eetanaám	e e t a n a á m
eetaníi	e e t a n í i
eetaním	e e t a n í m
eetasíi	e e t a s í i
eeteeṇú	e e t e e ɳ ú
eetheelúku	e e tʰ e e l ú k o
eetheél	e e tʰ e é l
eetibaár	e e t i b a á r
eetiitíitu	e e t i i t í i t o
eetríli	e e t r í l i
eetáa	e e t á a
eetáai	e e t á a j
eetás	e e t á s
eetí	e e t í
eetíi	e e t í i
eeṛanaám	e e ɽ a n a á m
eeṛaníi	e e ɽ a n í i
eeṛaním	e e ɽ a n í m
eeṛasíi	e e ɽ a s í i
eeṛáa	e e ɽ á a
eeṛáai	e e ɽ á a j
eeṛás	e e ɽ á s
eeṛé	e e ɽ é
eeṛíi	e e ɽ í i
eeṛó	e e ɽ ó
eé	e é
faaltú	f a a l t ú
faaríɣ	f a a r í ɣ
foóǰ	f o o d ʑ
fuúṇ	f u ú ɳ
ga	ɡ a
gaawaṇḍí	ɡ a a w a ɳ ɖ í
gaaḍbáabu	ɡ a a ɖ b á a b u
gaaḍóo	ɡ a a ɖ ó o
gaaṇá	ɡ a a ɳ á
gabarúuṭ	ɡ a b a r ú u ʈ
galaṭóok	ɡ a l a ʈ ó o k
galá	ɡ a l á
galíi	ɡ a l í i
garmí	ɡ a r m í
garúuṛi	ɡ a r ú u ɽ i
gaáṛi	ɡ a á ɽ i
gaḍwáḍ	ɡ a ɖ w á ɖ
gaḍíi	ɡ a ɖ í i
gaḍóo	ɡ a ɖ ó o
gaṭá	ɡ a ʈ á
gaṭíi	ɡ a ʈ í i
geerái	ɡ e e r á j
geeḍyéei	ɡ e e ɖ j é e j
geélu	ɡ e é l o
ghaawaáz	ɡ h a a w a á z
ghambúri	ɡ h a m b ú r i
ghaáu	ɡʰ a á w
ghaáṭ	ɡ h a á ʈ
ghašíi	ɡ h a ɕ í i
ghaṇḍáaṭu	ɡ h a ɳ ɖ á a ʈ u
ghaṇḍíi	ɡ h a ɳ ɖ í i
ghaṣíi	ɡ h a ʂ í i
ghiní	ɡ h i n í
ghireé	ɡ h i r e é
ghiíṛ	ɡ h i í ɽ
ghoomíili	ɡ h o o m í i l i
ghoóm	ɡ h o ó m
ghoós	ɡ h o ó s
ghoóṣṭ	ɡ h o ó ʂ ʈ
ghraást	ɡ r h a á s t
ghreéṇḍ	ɡ r h e é ɳ ɖ
ghroók	ɡ r h o ó k
ghrum	ɡ r h u m
ghruunǰíi	ɡ r h u u n d ʑ í i
ghríinǰu	ɡ r h í i ɲ d ʑ o
ghróom	ɡ r h ó o m
ghróoṇ	ɡ r h ó o ɳ
ghungroó	ɡ h u ŋ ɡ r o ó
ghuumaál	ɡ h u u m a á l
ghuumbíi	ɡ h u u m b í i
gháanu	ɡ h á a n u
ghéeni	ɡ h é e n i
ghíinu	ɡ h í i n o
ghína	ɡ h í n a
ghósan	ɡ h ó s a n
ghústar	ɡ h ú s t a r
ghúuṛi	ɡ h ú u ɽ i
ghúuṛu	ɡ h ú u ɽ o
gilaás	ɡ i l a á s
giraá	ɡ i r a á
giróo	ɡ i r ó o
girṣingoó	ɡ i r ʂ i ŋ ɡ o ó
giír	ɡ i í r
giḍ	ɡ i ɖ
giḍoočaá	ɡ i ɖ o o t ɕ a á
giḍpeeštaán	ɡ i ɖ p e e ɕ t a á n
giḍúuču	ɡ i ɖ ú u t ɕ o
gokhaá	ɡ o kʰ a á
gokhíi	ɡ o kʰ í i
goobaneekoó	ɡ o o b a n e e k o o
gookhurmeé	ɡ o o kʰ u r m e é
gookhúr	ɡ o o kʰ ú r
goól	ɡ o ó l
goór	ɡ o ó r
graán	ɡ r a á n
gubáa	ɡ u b á a
guǰúr	ɡ u d ʑ ú r
gulsambér	ɡ u l s a m b é r
guṭúmbu	ɡ u ʈ ú m b o
gáalu	ɡ á a l u
gáaruṛ	ɡ á a r u ɽ
gáaḍu	ɡ á a ɖ u
gáaṇu	ɡ á a ɳ u
géeḍi	ɡ é e ɖ i
gíi	ɡ í i
gíra	ɡ í r a
gíri	ɡ í r i
góo	ɡ ó o
góoi	ɡ ó o j
gúu	ɡ ú u
gúuli	ɡ ú u l i
gúum	ɡ ú u m
gúči	ɡ ú t ɕ i
gúṛi	ɡ ú ɽ i
haakím	h a a k í m
haalaát	h a a l a á t
haalhawaál	h a a l h a w a á l
haazír	h a a z í r
haftá	h a f t á
halóol	h a l ó o l
hamlá	h a m l á
hamál	h a m á l
hansóo	h a n s ó o
har	h a r
haraṇúu	h a r a ɳ ú u
harf	h a r f
hazrát	h a z r á t
haál	h a á l
haár	h a á r
haát	h a á t
haáḍ	h a á ɖ
haáṭ	h a á ʈ
haḍúng	h a ɖ ú ŋ ɡ
haṇoó	h a ɳ o ó
haṇḍúk	h a ɳ ɖ ú k
heentá	h ẽ ẽ t á
heesóob	h e e s ó o b
heewaánd	h e e w a á n d
heeṇṣukóoku	h e e ɳ ʂ u k ó o k u
heeṇṣúka	h e e ɳ ʂ ú k a
hiǰ	h i ʑ
hiǰrát	h i d ʑ r á t
hileéṛ	h i l e é ɽ
hooṭalwaál	h o o ʈ a l w a á l
hooṭál	h o o ʈ á l
huhúu	h u h ú u
huǰút	h u d ʑ ú t
hukumát	h u k u m á t
hum	h u m
huṇḍaṛáa	h u ɳ ɖ a ɽ á a
huṇḍaṛó	h u ɳ ɖ a ɽ ó
háansa	h á a n s a
háara	h á a r a
hási	h á s i
hée~	h ẽ́ ẽ
héeṛi	h é e ɽ i
híni	h í n i
híṛu	h í ɽ o
hóol	h ó o l
húkum	h ú k u m
húluk	h ú l u k
húuši	h ú u ɕ i
húṇḍii	h ú ɳ ɖ i i
ibaadát	i b a a d á t
ilaán	i l a á n
imtihaán	i m t i h a á n
inaám	i n a á m
inkaár	i ŋ k a á r
insaáf	i n s a á f
insaán	i n s a á n
intizaár	i n t i z a á r
inč	i ɲ t ɕ
inšaalaáh	i n ɕ a l a á
iraadá	i r a a d á
islaamabaád	i s l a a m a b a á d
islaám	i s l a á m
ispinatsalá	i s p i n a t s a l á
istúuri	i s t ú u r i
itlaá	i t l a á
izatmánd	i z a t m á n d
izraáṇ	i z r a á ɳ
izát	i z á t
išaará	i ɕ a a r á
iškaarí	i ɕ k a a r í
iškaarí	ɕ i k a a r í
išpeerí	i ɕ p e e r í
ištikóo	i ɕ t i k ó o
iští	i ɕ t í
iṇc̣ameé	i ɳ ʈ ʂ a m e é
iṣkóor	i ʂ k ó o r
iṣṭú	i ʂ ʈ ú
iẓḍúuṛ	i ʐ ɖ ú u ɽ
ǰaadú	d ʑ a a d ú
ǰaagír	d ʑ a a ɡ í r
ǰaaidaád	d ʑ a a j d a á d
ǰaalá	d ʑ a a l á
ǰaargíi	d ʑ a a r ɡ í i
ǰabá	d ʑ a b á
ǰabál	d ʑ a b á l
ǰabúi	d ʑ a b ú j
ǰahaáz	d ʑ h a á z
ǰaláṣ	d ʑ a l á ʂ
ǰamaát	d ʑ a m a á t
ǰanaáb	d ʑ e n a á b
ǰandoó	d ʑ a n d o ó
ǰandrá	d ʑ a n d r á
ǰandíi	d ʑ a n d í i
ǰandóo	d ʑ a n d ó o
ǰang	d ʑ a ŋ
ǰang	d ʑ a ŋ ɡ
ǰanǰ	d ʑ a ɲ d ʑ
ǰanǰaál	d ʑ a ɳ d ʑ a á l
ǰanát	d ʑ a n á t
ǰargá	d ʑ a r ɡ á
ǰarneeṭár	d ʑ a r n e e ʈ á r
ǰazbaát	d ʑ a z b a á t
ǰaṣṭáanguṛ	d ʑ a ʂ ʈ a a ŋ ɡ ú ɽ
ǰe	d ʑ e
ǰeél	d ʑ e é l
ǰeép	d ʑ e é p
ǰhaalíi	d ʑ a a l í i
ǰhaanóo	d ʑ h a a n ó o
ǰhaarúuṛu	d ʑ h a a r ú u ɽ o
ǰhalóo	d ʑ h a l ó o
ǰhambréeṛi	d ʑ h a m b r é e ɽ i
ǰhambróoṛu	d ʑ h a m b r ó o ɽ o
ǰhangaár	d ʑ h a ŋ ɡ a á r
ǰhaní	d ʑ h a n í
ǰhaáṭ	d ʑ h a á ʈ
ǰhaṣíi	d ʑ a ʂ í i
ǰhaṭíilu	d ʑ h a ʈ í i l o
ǰhaṭílu	d ʑ h a ʈ í l o
ǰheemilí	d ʑ e e m í l i
ǰhií~	d ʑ h ĩ ĩ́
ǰhulí	d ʑ h u l í
ǰhuunkíi	d ʑ u u n k í i
ǰhuṭá	d ʑ u ʈ á
ǰhóona	d ʑ h ó o n a
ǰhúuṇi	d ʑ h ú u ɳ i
ǰiléeṛi	d ʑ i l é e ɽ i
ǰinaazá	d ʑ i n a a z á
ǰip	d ʑ i p
ǰoóṛ	d ʑ o ó ɽ
ǰoṣíi	d ʑ o ʂ í i
ǰuaaríili	d ʑ u w a a r í i l i
ǰuaár	d ʑ u w a á r
ǰudaaí	d ʑ u d a a j í
ǰumaát	d ʑ u m a á t
ǰumá	d ʑ u m á
ǰusá	d ʑ u s á
ǰuánd	d ʑ w a n d
ǰáandu	d ʑ á a n d u
ǰáanu	d ʑ á a n u
ǰáar	d ʑ á a r
ǰáaru	d ʑ á a r u
ǰéendi	d ʑ é e n d i
ǰéeni	d ʑ é e n i
ǰíi	d ʑ í i
ǰítu	d ʑ í t o
ǰóo	d ʑ ó o
ǰóolu	d ʑ ó o l o
kaabúul	k a a b ú u l
kaafí	k a a f í
kaafír	k a a f í r
kaakaá	k a a k a á
kaakoóṛ	k a a k o ó ɽ
kaaláaṣu	k a a l á a ʂ u
kaaléeṣi	k a a l é e ʂ i
kaalúku	k a a l ú k o
kaantaríi	k a a n t a r í i
kaantíiru	k a a n t í i r o
kaarxaaná	k a a r x a a n á
kaašméeṇi	k a a ɕ m é e ɳ i
kaaɣaáz	k a a ɣ a á z
kaaṭarghaá	k a a ʈ a r ɡ h a á
kakaríi	k a k a r í i
kakuaakmaáṇ	k a k w a a k m a á ɳ
kakuaakoóṛ	k a k w a a k o ó ɽ
kakuéeki	k a k w é e k i
kakóok	k a k ó o k
kalighaáṣ	k a l i ɡ h a á ʂ
kam	k a m
kamrá	k a m r á
kamzoorí	k a m z o o r í
kandúki	k a n d ú k i
kanáa	k a n á a
kanóoṭi	k a n ó o ʈ i
kapayíi	k a p a j í i
karaačí	k a r a a t ɕ í
karaṭíi	k a r a ʈ í i
kareé	k a r e é
karooṛíi	k a r o o ɽ í i
karáaṛu	k a r á a ɽ u
karéeṛi	k a r é e ɽ i
kasaán	k a s a á n
kaseé	k a s e é
kasubgár	k a s u b ɡ á r
kasíi	k a s í i
kateeṇú	k a t e e ɳ ú
katoolái	k a t o o l é j
katí	k a t í
katíitu	k a t í i t o
katíma	k a t í m a
kaál	k a á l
kaš	k a ɕ
kaṇeeghaá	k a ɳ e e ɡ h a á
kaṇíi	k a ɳ í i
kaṛayíi	k a ɽ a j í i
kaṛaáw	k a ɽ a á w
kaṛaíǰa	k a ɽ a j í d ʑ a
kaṭéeri	k a ʈ é e r i
kaṭóoru	k a ʈ ó o r o
kaṭúr	k a ʈ ú r
keensál	k e e n s á l
keé	k e é
keéki	k e é k i
keémp	k e é m p
keéna	k e é n a
keéṇ	k e é ɳ
khaamaád	kʰ a a m a á d
khaaméedi	kʰ a a m é e d i
khalooṛíi	kʰ a l o o ɽ í i
khaláaṛu	kʰ a l á a ɽ u
khaléeṛi	kʰ a l é e ɽ i
khalíi	kʰ a l í i
khalíitu	kʰ a l í i t o
kham	k h a m
khangaár	kʰ a ŋ ɡ a á r
kharaṭoó	kʰ a r a ʈ o ó
kharéeṛi	kʰ a r é e ɽ i
khayáak	kʰ a j á a k
khayú	kʰ a j ú
khaár	kʰ a á a r
khaṇíi	kʰ a ɳ í i
khaṇíitu	kʰ a ɳ í i t o
khaṣaalíi	kʰ a ʂ a a l í i
khaṣíi	kʰ a ʂ í i
khaṭáanu	kʰ a ʈ á a n u
khaṭéeni	kʰ a ʈ é e n i
khaṭíi	kʰ a ʈ í i
khaṭúuru	kʰ a ʈ ú u r o
kheéṛ	kʰ e é ɽ
khilaí	kʰ i l a j í
khiṛkí	kʰ i ɽ k í
khooǰóo	kʰ o o d ʑ ó o
khooṇṣíi	kʰ o o ɳ ʂ í i
khoṇḍóo	kʰ o ɳ ɖ ó o
khoṣóng	kʰ o ʂ ó ŋ ɡ
khun	kʰ u n
khuná	kʰ u n á
khur	kʰ u r
khuro~í	kʰ u r õ j í
khuusíi	kʰ u u s í i
khušeetí	k u ɕ e e t í
khuṣ	kʰ u ʂ
kháaču	kʰ á a t ɕ u
kháaṇ	kʰ á a ɳ
kháaṭu	kʰ á a ʈ u
khári	kʰ á r i
khéeči	kʰ é e t ɕ i
khéli	kʰ é l i
khíndu	kʰ i n d u
khínǰa	kʰ i ɲ d ʑ a
khóo	kʰ ó o
khópu	kʰ ó p o
khóṇḍa	kʰ o ɳ ɖ a
khútu	kʰ ú t o
khúuṭu	k ú u ʈ u
khúšu	kʰ ú ɕ o
khúṭu	kʰ ú ʈ o
ki	k i
kilí	k i l í
kilúuṛu	k i l ú u ɽ o
kimbóoṛ	k i m b ó o ɽ
kir	k i r
kiraamát	k i r a a m á t
kiroóṛ	k i r o ó ɽ
kirpuṭú	k i r p u ʈ ú
kiríiṭi	k i r í i ʈ i
kitayíi	k i t a j í i
kitaáb	k i t a á a b
kií	k i í
kiṣṭúuču	k i ʂ ʈ ú u t ɕ o
koogái	k o o ɡ é j
koomáalu	k o o m á a l u
kooméeli	k o o m é e l i
kooréeṛi	k o o r é e ɽ i
kooíilu	k o o w í i l o
koošíš	k o o ɕ í ɕ
kooḍghaadroók	k o o ɖ ɡ h a a d r o ó k
kooḍghaá	k o o ɖ ɡ h a á
kooṭáaṭu	k o o ʈ á a ʈ u
kooṭéeṭi	k o o ʈ é e ʈ i
koó	k o ó
kramačúuru	k r a m a t ɕ ú u r o
kriṣiṇóo	k r i ʂ i ɳ ó o
kráam	k r á a m
kríintu	k r í i n t o
kríxi	k r í x i
kuhí	k u h í
kuloomiṭár	k u l o o m i ʈ á r
kumalái	k u m a l é j
kundaák	k u n d a á k
kursí	k u r s í
kuuntsíi	k u u n t s í i
kuái	k u w á j
kučurooṭoó	k u t ɕ u r o o ʈ o ó
kučúri	k u t ɕ ú r i
kučúru	k u t ɕ ú r o
kušúni	k u ɕ ú n i
kuḍ	k u ɖ
kuḍiṣoóṛ	k u ɖ i ʂ o ó ɽ
kuṇaák	k u ɳ a á k
kuṇéeki	k u ɳ é e k i
kuṇóoku	k u ɳ ó o k o
kuṇḍá	k u ɳ ɖ á
kuṛíina	k u ɽ í i n a
kuṭíi	k u ʈ í i
káac̣	k á a ʈ ʂ
káaku	k á a k u
káamba	k á a m b a
káand	k á a n d
káaṇ	k á a ɳ
káaṇḍu	k a a ɳ ɖ u
kándu	k á n d u
kárkar	k á r k a r
kásub	k á s u b
káti	k á t i
kéeli	k é e l i
kéengi	k é e ŋ ɡ i
kéeči	k é e t ɕ i
kíi	k í i
kíilum	k í i l u m
kóok	k ó o k
kóoṇ	k ó o ɳ
kóṇḍu	k ó ɳ ɖ o
kúi	k ũ j
kúulu	k ú u l o
kúuči	k ú u t ɕ i
kúuču	k ú u t ɕ o
kúuṇ	k ú u ɳ
kúṛi	k ú ɽ i
laahúr	l a a h ú r
laalíč	l a a l í t ɕ
laawaáṇ	l a a w a á ɳ
laaṭán	l a a ʈ á n
lagayíi	l a ɡ a j í i
lagayíǰa	l a ɡ a j í d ʑ a
laǰíǰa	l a d ʑ í d ʑ a
lamaṭoók	l a m a ʈ o ó k
lamaṭúuṭ	l a m a ʈ ú u ʈ
lambaái	l a m b a á j
lambá	l a m b á
lambúuṣu	l a m b ú u ʂ o
lameeṭičhinilú	l a m e e ʈ i t ɕʰ i n i l ú
laméeṭi	l a m é e ʈ i
lamíǰa	l a m í d ʑ a
lamóo	l a m ó o
langóo	l a ŋ ɡ ó o
lap	l a p
lawaní	l a w a n í
lawáṇḍ	l a w á ɳ ɖ
lawáṛ	l a w á ɽ
laxkár	l a x k á r
laák	l a á k
laṛú	l a ɽ ú
laṭangóo	l a ʈ a ŋ ɡ ó o
laṭayíi	l a ʈ a j í i
laṭáanga	l a ʈ á a ŋ ɡ a
leengái	l e e ŋ ɡ é j
leewá	l e e w á
leewóo	l e e w ó o
leeḍaróo	l e e ɖ a r ó o
lekhíi	l e kʰ í i
lhaléemi	l h a l é e m i
lhasóo	l h a s ó o
lhayíǰa	l h a j í d ʑ a
lhaáṣṭ	l h a á ʂ ʈ
lheéṣ	l h e é ʂ
lhistóo	l h i s t ó o
lhoilaár	l h o j l a á r
lhoilóo	l h o j l ó o
lhookbáabu	l h o o k b a á b u
lhookeeró	l h o o k e e r ó
lhookyéei	l h o o k j é e j
lhoílu	l h o j l o
lhoóku	l h o ó k o
lhoóṇ	l h o ó ɳ
lháasa	l h á a s a
lháastu	l h á a s t u
lháaya	l h á a j a
lhéesti	l h é e s t i
lhéṇḍu	l h é ɳ ɖ o
lhístu	l h í s t o
lhúuṇu	l h ú u ɳ o
liš	l i ɕ
lišóo	l i ɕ ó o
looičaará	l o o j t ɕ a a r á
lookilúuṛi	l o o k i l ú u ɽ i
lookúṛi	l o o k ú ɽ i
loomúṭ	l o o m ú ʈ
lootanghaá	l o o ʈ a ŋ ɡ h a á
loowíiṣṭ	l o o w í i ʂ ʈ
looṛí	l o o ɽ í
looṭóo	l o o ʈ ó o
luumái	l u u m é j
luumóo	l u u m ó o
láadu	l á a d u
láai	l á a j
láambu	l á a m b u
láanga	l á a ŋ ɡ a
láka	l á k a
léedi	l é e d i
léku	l é k o
líiši	l í i ɕ i
líiṛuk	l í i ɽ u k
líka	l í k a
líša	l í ɕ a
lúna	l ú n a
lúugu	l ú u ɡ o
lúungu	l ú u ŋ ɡ o
lúuntu	l ú u n t o
lúuṭi	l ú u ʈ i
ma	m a
maac̣huríi	m a a ʈ ʂʰ u r í i
maadá	m a a d á
maaldaár	m a a l d a á r
maalumaát	m a a l u m a á t
maalí	m a a l í
maalík	m a a l í k
maalúm	m a a l ú m
maamaá	m a a m a á
maamulí	m a a m u l í
maaspaxín	m a a s p a x í n
maasúm	m a a s ú m
maaxaám	m a a x a á m
maazigár	m a a z i ɡ á r
maačís	m a a t ɕ í s
maaṣṭér	m a a ʂ ʈ é r
mac̣hoók	m a ʈ ʂʰ o ó k
madád	m a d á d
mafruúr	m a f r u ú r
maidaaní	m a j d a a n í
maǰburí	m a d ʑ b u r í
maǰmeeró	m a d ʑ m e e r ó
maǰí	m a d ʑ í
makrái	m a k r á j
mal	m a l
malgíri	m a l ɡ í r i
malák	m a l á k
malíi	m a l í i
malíitu	m a l í i t o
mangái	m a ŋ ɡ é j
mansubá	m a n s u b á
maní	m a n í
maníi	m a n í i
maníitu	m a n í i t o
marg	m a r ɡ
matíi	m a t í i
mauǰudá	m a w d ʑ u d á
maxluqaát	m a x l u q a á t
maxlúq	m a x l ú q
mazbút	m a z b ú t
mazháb	m a z h á b
mašwará	m a ɕ w a r á
mašín	m a ɕ í n
maṇḍáu	m a ɳ ɖ á w
maṣkíiraṇ	m a ʂ k í i r a ɳ
maṭaaí	m a ʈ a a j í
meec̣hí	m e e ʈ ʂʰ í
meelmastiaá	m e e l m a s t j a á
meelá	m e e l á
meewá	m e e w á
meeṭhíl	m e e ʈʰ í l
meeṭíilu	m e e ʈ í i l o
mehfíl	m e h f í l
mehmaán	m e h m a á n
mehnát	m e h n á t
meéx	m e é x
meéz	m e é z
mhaaríi	m h a a r í i
mhaaróoc̣u	m h a a r ó o ʈ ʂ o
mhaás	m h a á s
mheerabaán	m e e r a b a á n
mheerabaán	mʱ e e r a b a á n
mheél	m h e é l
mhoóru	m h o ó r o
mháalu	m h á a l u
mhéeli	m h é e l i
milaáu	m i l a á w
milóo	m i l ó o
mingál	m i ŋ ɡ á l
mirmaadikoór	m i r m a a d i k o ó r
misaál	m u s a á l
misrí	m i s r í
mitr	m i t r
miíl	m i í l
miṇḍ	m i ɳ ɖ
moolí	m o o l í
mooqá	m o o q á
moosím	m o o s í m
mooṭár	m o o ʈ á r
moóṣṭ	m o ó ʂ ʈ
muaahidá	m w a a h i d á
mubáil	m u b á j l
muhaarír	m u h a a r í r
muhabát	m u h a b á t
mukamál	m u k a m á l
mulaakoór	m u l a a k o ó r
mulaaqaát	m u l a a q a á t
mulhaán	m u l h a á n
mulái	m u l é j
mulóo	m u l ó o
mumtaáz	m u m t a á z
muqaabilá	m u q a a b i l á
muqaabilá	m u x a a b i l á
muqarár	m u q a r á r
muqarár	m u x a r á r
musaafár	m u s a a f á r
musibát	m u s i b á t
musibát	m u s i i b á t
mutaabíq	m u t a a b í q
muutríi	m u u t r í i
muuṣoó	m u u ʂ o ó
mux	m u x
muxaamúx	m u x a a m ú x
muxadac̣héeni	m u x a d a ʈ ʂʰ é e n i
muxanásti	m u x a n á s t i
muxtalíf	m u x t a l í f
muxóok	m u x ó o k
muúl	m u ú l
mučóo	m u t ɕ ó o
muškíl	m u ɕ k í l
muṣkaáṛ	m u ʂ k a á ɽ
muṣṭookhúr	m u ʂ ʈ o o kʰ ú r
muṣṭóoi	m u ʂ ʈ ó o j
muṣṭú	m u ʂ ʈ ú
muṣṭúku	m u ʂ ʈ ú k o
muṭ	m u ʈ
máamu	m á a m u
máara	m á a r a
máathe	m á a tʰ e
máatu	m á a t u
máaṇḍa	m á a ɳ ɖ a
máaṭu	m á a ʈ u
mágam	m á ɡ a m
mágar	m á ɡ a r
máhar	m á h a r
mákar	m á k a r
méeǰi	m é e d ʑ i
méeli	m é e l i
méemi	m é e m i
méeši	m é e ɕ i
méeṭi	m é e ʈ i
míi	m í i
míiš	m í i ɕ
míla	m í l a
móomu	m ó o m o
móonu	m ó o n o
móošpu	m ó o ɕ p o
móoṇ	m ó o ɳ
móoṇuṣ	m ó o ɳ u ʂ
móṇḍu	m ó ɳ ɖ o
mútu	m ú t o
múutr	m ú u t r
múuṛ	m ú u ɽ
múuṣi	m ú u ʂ i
múuṣu	m ú u ʂ o
múča	m ú t ɕ a
múṛai	m ú ɽ e j
múṛu	m ú ɽ o
múṣṭi	m ú ʂ ʈ i
múṭi	m ú ʈ i
na	n a
naaghaaní	n a a ɡ h a a n í
naakaám	n a a k a á m
naalpoó	n a a l p o ó
naamíi	n a a m í i
naawás	n a a w á s
naaṛái	n a a ɽ é j
naréeṛi	n a r é e ɽ i
nawambár	n a w a m b á r
nawaáb	n a w a á b
naṣóoṛ	n a ʂ ó o ɽ
naṭúuki	n a ʈ ú u k i
neečíir	n e e t ɕ í i r
neeṛíi	n e e ɽ í i
neé	n e é
nheé	n h e é
nhiaaṛóo	n j h a a ɽ ó o
nhieeṛíi	n j h e e ɽ í i
nhiáaṛa	n j h á a ɽ a
nhíiǰa	n h í i d ʑ a
ni	n i
niaaṭíi	n j a a ʈ í i
niigiraá	n i i ɡ i r a á
niišóo	n i i ɕ ó o
niiṛíi	n i i ɽ í i
nikháatu	n i kʰ á a t u
nikhéeti	n i kʰ é e t i
nikhíi	n i kʰ í i
nikrízi	n i k r í z i
nimóos	n i m ó o s
niníi	n i n í i
niním	n i n í m
nirúuṇ	n i r ú u ɳ
nis	n i s
nisíi	n i s í i
niwešíi	n i w e ɕ í i
niṣaanaát	n i ʂ a a n a á t
niṣóon	n i ʂ ó o n
nookarí	n o o k a r í
nu	n u
nueé	n u w e é
nuqsaán	n u q s a á n
nuuṭóo	n u u ʈ ó o
nuíma	n u j í m a
náama	n á a m a
náanu	n á a n u
náas	n á a s
náawu	n á a w u
náaṛ	n á a ɽ
náaṭa	n á a ʈ a
náina	n á j n a
náini	n á j n i
náinu	n á j n o
náqal	n á q a l
násal	n á s a l
néewi	n é e w i
néeṛi	n é e ɽ i
níi	n í i
níilu	n í i l o
níiša	n í i ɕ a
níiṛu	n í i ɽ o
níiṣṭu	n í i ʂ ʈ o
nóki	n ó k i
nóo	n ó o
nóong	n ó o ŋ ɡ
nóor	n ó o r
nóoṛ	n ó o ɽ
núu	n ú u
núuṭa	n ú u ʈ
ohoó	o h o ó
oombaár	o o m b a á r
ooraán	o o r a á n
oostóoz	o o s t ó o z
oothóon	o o tʰ ó o n
oočhaá	o o t ɕʰ a á
ooḍhóol	o o ɖ h ó o l
oór	o ó r
oóra	o ó r a
oórii	o ó r i i
oóṛ	o ó ɽ
paakistaán	p a a k i s t a á n
paalawaáṇ	p a a l a w a á ɳ
paalaweeṇí	p a a l a w e e ɳ í
paalaá	p a a l a á
paalúulu	p a a l ú u l o
paačhambá	p a a t ɕʰ a m b á
paašóoṭu	p a a ɕ ó o ʈ o
paaṇṭí	p a a ɳ ʈ í
paaṛú	p a a ɽ ú
paaṣíi	p a a ʂ í i
pac̣halíi	p a ʈ ʂʰ a l í i
pac̣hélu	p a ʈ ʂʰ é l o
padúši	p a d ú ɕ i
pahúrta	p a h ú r t a
paidóo	p a j d ó o
pailóo	p a j l ó o
paisá	p a j s á
pak	p a k
pakaár	p a k a á r
palighaáṣ	p a l i ɡ h a á ʂ
palíitu	p a l í i t o
palóo	p a l ó o
pamíilu	p a m í i l o
panaahí	p a n a a h í
panǰeešúma	p a ɲ d ʑ e e ɕ ú m a
panǰeé	p a ɲ d ʑ e é
panǰíiš	p a ɲ d ʑ í i ɕ
panǰúma	p a ɲ d ʑ ú m a
par	p a r
paraaṭoó	p a r a a ʈ o ó
pardóodu	p a r d ó o d o
parhaár	p a r h a á r
parúku	p a r ú k o
parúuṇ	p a r ú u ɳ
parčá	p a r t ɕ á
pas	p a s
patilá	p a t i l á
patoodhám	p a t o o d h á m
patookúuṇ	p a t o o k ú u ɳ
paturaá	p a t u r a a
patuíi	p a t u w í i
patóo	p a t ó o
patú	p a t ú
paxpúla	p a x p ú l a
paák	p a á k
paás	p a á s
paáu	p a á w
pačóo	p a t ɕ ó o
pašawóo	p a ɕ a w ó o
pašíǰa	p a ɕ í d ʑ a
paṇaraál	p a ɳ a r a á l
paṇardóoṛu	p a ɳ a r d ó o ɽ o
paṇaróo	p a ɳ a r ó o
paṇoó	p a ɳ o ó
paṇáaru	p a ɳ á a r u
paṇéeri	p a ɳ é e r i
paṭáanga	p a ʈ á a ŋ ɡ a
paṭíi	p a ʈ í i
peerišaán	p e e r i ɕ a á n
peerái	p e e r é j
peeróoṇ	p e e r ó o ɳ
peexamáana	p e e x a m á a n a
peeɣambár	p e e ɣ a m b á r
phaalíi	pʰ a a l í i
phaaraṛáa	pʰ a a r a ɽ á a
phaaraṛíi	p h a a r a ɽ í i
phaaraṛó	pʰ a a r a ɽ ó
phaayá	pʰ a a j á
phaaṭuríi	pʰ a a ʈ u r í i
phalúuṛu	pʰ a l ú u ɽ o
pharaṛáa	pʰ a r a ɽ á a
pharaṛó	pʰ a r a ɽ ó
pharimaá	pʰ a r i m a á
phará	pʰ a r á
pharé	pʰ a r é
pharíi	pʰ a r í i
phat	pʰ a t
phatooríi	pʰ a t o o r í i
phaág	pʰ a á ɡ
phaár	pʰ a á r
phaárii	pʰ a á r i i
phaí	pʰ a j
phaṣ	pʰ a ʂ
phaṭakoó	pʰ a ʈ a k o ó
phaṭíi	pʰ a ʈ í i
phedóo	pʰ e d ó o
pheendúuru	pʰ e e n d ú u r o
phiaaṛmaáǰ	pʰ j a a ɽ m a á d ʑ
phiíṇ	pʰ i í ɳ
phióoṛ	pʰ j ó o ɽ
phooṭóo	pʰ o o ʈ ó o
phoó	pʰ o ó
phrayíi	pʰ r a j í i
phrayíitu	pʰ r a j í i t o
phus	pʰ u s
phusóo	pʰ u s ó o
phuukíi	pʰ u u k í i
pháamba	pʰ á a m b a
pháanǰa	pʰ á a ɲ d ʑ a
pháapu	pʰ á a p u
pháaṭu	pʰ á a ʈ u
phéda	pʰ é d a
phéepi	pʰ é e p i
phóol	pʰ ó o l
phóom	pʰ ó o m
phóopu	pʰ ó o p o
phúngu	pʰ ú ŋ ɡ o
phúti	pʰ ú t i
phútu	pʰ ú t o
phúuṭa	pʰ ú u ʈ a
phúṭi	pʰ ú ʈ i
piaadá	p i j a a d á
piaalá	p j a a l á
piiṛíi	p i i ɽ í i
piǰúnu	p i d ʑ ú n o
pilawóo	p i l a w ó o
piléṭ	p i l é ʈ
pilíilu	p i l í i l o
pilóo	p i l ó o
pitaáu	p i t a á w
pitrí	p i t r í
piír	p i í r
pičhilóo	p i t ɕʰ i l ó o
pičhíla	p i t ɕʰ í l a
pičhílu	p i t ɕʰ í l o
pičhóo	p i t ɕʰ ó o
pišakaál	p i ɕ a k a á l
pišíik	p i ɕ í i k
piṇḍúuru	p i ɳ ɖ ú u r o
piṭiríǰa	p i ʈ i r í d ʑ a
piṭíi	p i ʈ í i
poončíi	p o o ɲ t ɕ í i
pooraapóori	p o o r a a p ó o r i
pooštrá	p o o ɕ t r á
praš	p r a ɕ
prašpíili	p r a ɕ p í i l i
preṣ	p r e ʂ
pruugraám	p r u u ɡ r a á m
práal	p r á a l
práaču	p r á a t ɕ u
práašu	p r á a ɕ u
préeči	p r é e t ɕ i
préku	p r é k o
príiṇṣu	p r ĩ́ ĩ ɳ ʂ o
puluswaalá	p u l u s w a a l á
pulús	p u l ú s
purá	p u r á
puréeṇi	p u r é e ɳ i
puróoṇu	p u r ó o ɳ o
putr	p u t r
puunǰí	p u u ɲ d ʑ í
puuríi	p u u r í i
pušilaapóoṭa	p u ɕ i l a a p ó o ʈ a
páaku	p á a k u
páala	p á a l a
páam	p á a m
páanǰ	p á a ɲ ʑ
páar	p á a r
páata	p á a t a
páača	p á a t ɕ a
páaša	p á a ɕ a
pándee	p á n d e e
pánǰa	p á ɲ d ʑ a
páta	p á t a
pátaṛ	p á t a ɽ
páčoo	p á t ɕ o o
péeki	p é e k i
péemdii	p é e m d i i
píilu	p í i l o
píiṣa	p í i ʂ a
píla	p í l a
píṇi	p í ɳ i
píṣṭu	p í ʂ ʈ o
póoṣ	p ó o ʂ
púri	p ú r i
púunǰa	p ú u n d ʑ a
púuntu	p ú u n t o
púustu	p ú u s t o
púutri	p ú u t r i
púutru	p ú u t r o
púši	p ú ɕ i
púšu	p ú ɕ o
púṛai	p ú ɽ e j
qaatí	q a a t í
qaatí	q a h t í
qaatí	x a a t í
qabiilá	q a b i i l á
qadiím	q a d i í m
qalám	q a l á m
qariibán	q a r i i b á n
qariibán	x a r i i b á n
qarzá	q a r z á
qarzá	x a r z á
qasaáb	q a s a á b
qatál	q a t á l
qilaá	q i l a á
qilaá	x i l a á
quraán	q u r a á n
qurbaán	q u r b a á n
qísum	q í s u m
qísum	x í s u m
qóom	q ó o m
raaǰaá	r a a d ʑ a á
raatúku	r a a t ú k u
raawáṣ	r a a w á ʂ
raazí	r a a z í
raiís	r a j i í s
raǰúuṭi	r a d ʑ ú u ʈ i
rasuúl	r a s u ú l
rawaán	r a w a á n
raát	r a á t
raɣáṣṭi	r a ɣ á ʂ ʈ i
reemáts	r e e m á t s
rhalikoóṭ	r h a l i k o ó ʈ
rhalá	r h a l á
rhootašíi	r h o o t a ɕ í i
rhootašíia	r h o o t a ɕ í i a
rhoošnaám	r h o o ɕ n a á m
rháai	r a h á a j
rháai	rʱ á a j
rikaáḍ	r i k a á ɖ
riwaayát	r i w a a j á t
riwaáǰ	r i w a á d ʑ
rizárab	r i z á r a b
rištaá	r i ɕ t a á
rištá	r i ɕ t á
rooṣíǰa	r o o ʂ í d ʑ a
rueelá	r u w e e l á
ruikúṛi	r u j k ú ɽ i
rumiaál	r u m j a á l
rupái	r u p é j
rusúx	r u s ó x
ráaǰ	r á a d ʑ
ráal	r á a l
ráat	r á a t
ríi	r í i
ríiẓ	r í i ʐ
ríziq	r í z i q
róot	r ó o t
rúulu	r ú u l o
rúuṣ	r ú u ʂ
saadá	s a a d á
saamaán	s a a m a á n
saaraá	s a a r a á
saaréeṇi	s a a r é e ɳ i
saaróoṇu	s a a r ó o ɳ o
saatíi	s a a t í i
saaṇḍú	s a a ɳ ɖ ú
sabzí	s a b z í
sabáq	s a b á q
sabáq	s a b á x
safaá	s a f a á
safár	s a f á r
sahí	s a h í
saká	s a k á
salaám	s a l a á m
salír	s a l í r
sam	s a m
samandár	s a m a n d á r
samaṭíi	s a m a ʈ í i
sambáaṛa	s a m b á a ɽ a
samóo	s a m ó o
sangí	s a ŋ ɡ í
sarayíi	s a r a j í i
sarayíǰa	s a r a j í d ʑ a
sarbaraá	s a r b a r a á
sarák	s a r á k
sarṭifikéṭ	s a r ʈ i f i k é ʈ
sastíi	s a s t í i
sataašúma	s a t a a ɕ ú m a
sateemaáǰ	s a t e e m a á d ʑ
sateé	s a t e é
satóoš	s a t ó o ɕ
satúma	s a t ú m a
saxt	s a x
saxt	s a x t
saxtí	s a x t í
sazaá	s a z a á
saáu	s a á w
saáz	s a á z
saṇḍameé	s a ɳ ɖ a m e é
saṇḍá	s a ɳ ɖ á
se	s e
seentá	s ẽ ẽ t á
seešambá	s e e ɕ a m b á
seéb	s e é b
sifát	s i f á t
sigréṭ	s i ɡ r é ʈ
sigéeli	s i ɡ é e l i
siiná	s i i n á
siká	s i k á
silsilá	s i l s i l á
siléeni	s i l é e n i
sirikóo	s i r i k ó o
sirázar	s i r á z a r
siríka	s i r í k a
sitaár	s i t a á r
so	s o
sooṇíi	s o o ɳ í i
soór	s o ó r
soóč	s o ó t ɕ
soṭmiroó	s o ʈ m i r o ó
suaál	s w a á l
sum	s u m
surkhaṇoó	s u r kʰ a ɳ o ó
sust	s u s t
suthaán	s u tʰ a á n
suutríi	s u u t r í i
suóo	s w ó o
sučá	s u t ɕ á
sáamu	s á a m u
sáar	s á a r
sáat	s á a t
sáatru	s á a t r u
sábur	s á b u r
sáu	s á w
séeri	s é e r i
séeti	s é e t i
séez	s e é z
sígal	s í ɡ a l
síi	s í i
síin	s í i n
síitu	s í i t o
síiu	s í i w
síla	s í l a
síndu	s í n d o
sírif	s í r i f
sóon	s ó o n
sóoru	s ó o r o
súrǰumi	s ú r d ʑ u m i
sútu	s ú t o
súuri	s ú u r i
súutr	s ú u t r
súutri	s ú u t r i
ta	t a
taalím	t a a l í m
taanúm	t a a n ú m
taapiaál	t a a p j a á l
taapíi	t a a p í i
taaqatwár	t a a q a t w á r
taaqát	t a a q á t
taaríx	t a a r í x
taazá	t a a z á
tabiaát	t a b j a á t
tak	t a k
takṛá	t a k ɽ á
talíi	t a l í i
tanaám	t a n a á m
tandái	t a n d é j
tang	t a ŋ
tang	t a ŋ ɡ
tangayíi	t a ŋ ɡ a j í i
tanxaá	t a ŋ x á
taníi	t a n í i
taním	t a n í m
tap	t a p
tapoós	t a p ó o s
tapíǰa	t a p í d ʑ a
taraqí	t a r a q í
tariqá	t a r i q á
tariqá	t a r i x á
tarkaáṇ	t a r k a á ɳ
tartíb	t a r t í b
taráp	t a r á p
tas	t a s
tasíi	t a s í i
tayaár	t a j a á r
taáǰ	t a á d ʑ
taár	t a á r
teewíz	t e e w í z
teezí	t e e z í
teeṇíi	t e e ɳ í i
teér	t e é r
thanaáu	tʰ a n a á w
thaní	tʰ a n í
thaníi	tʰ a n í i
thaníitu	tʰ a n í i t o
thaskúuru	tʰ a s k ú u r o
thawóo	tʰ a w ó o
the	tʰ e
thiáaḍu	tʰ j á a ɖ u
thiéeḍi	tʰ j é e ɖ i
thopíi	tʰ o p í i
thulíi	tʰ u l í i
thée	tʰ é e
thíi	tʰ í i
thúki	tʰ ú k i
thúlu	tʰ ú l o
thúri	tʰ ú r i
thúuṇi	tʰ ú u ɳ i
tipúku	t i p ú k o
tirbaán	t i r b a á n
tií	t i í
toobaák	t o o b a á k
toofá	t o o f á
toolíi	t o o l í i
toopaančá	t o o p a a n t ɕ á
tooratsalá	t o o r a t s a l á
traac̣ṭhongí	t r a a ʂ ʈʰ o ŋ ɡ í
traambumaáṇ	t r a a m b u m a á ɳ
traambú	t r a a m b ú
trak	t r a k
trayeé	t r a j e é
trayáama	t r a j á a m a
treešúma	t r e e ɕ ú m a
triṣ	t r i ʂ
triṣaalíi	t r i ʂ a a l í i
triṣéelu	t r i ʂ é e l o
trokíi	t r o k í i
tréengi	t r é e ŋ ɡ i
tríimbaruṣ	t r í i m b a r u ʂ
tríimbu	t r í i m b o
tríiš	t r í i ɕ
tríṣṭu	t r í ʂ ʈ o
tróku	t r ó k o
tróo	t r ó o
trúnǰa	t r ú ɲ d ʑ a
trúnǰi	t r ú ɲ d ʑ i
trúṇu	t r ú ɳ o
tsakíi	t s a k í i
tsaṭáanga	t s a ʈ á a ŋ ɡ a
tsaṭák	t s a ʈ á k
tsiipíi	t s i i p í i
tsrap	t s r a p
tu	t u
tus	t u s
tusaám	t u s a á m
tusíi	t u s í i
tusím	t u s í m
tuumboó	t u u m b o ó
tuúš	t u ú ɕ
táa	t á a
táai	t á a j
táal	t á a l
táapa	t á a p a
táapaṛ	t á a p a ɽ
táatu	t á a t u
táma	t á m a
támbul	t á m b u l
tándar	t á n d a r
táru	t á r u
téec̣i	t é e t ɕ i
téeti	t é e t i
téewi	t é e w i
téez	t é e z
tíi	t í i
tíiṇu	t í i ɳ o
tíla	t í l a
típa	t í p a
tóoru	t ó o r o
tóoruṇ	t ó o r u ɳ
túuri	t ú u r i
ubaxíi	u b a x í i
uc̣híi	u ʈ ʂʰ í i
uc̣híitu	u ʈ ʂʰ í i t o
ulṭá	u l ʈ á
umbaarák	u m b a a r á k
ungúru	u ŋ ɡ ú r o
urbhíi	u r b h í i
urbhíitu	u r b h í i t o
urbhóo	u r b h ó o
urdú	u r d ú
utháalu	u tʰ á a l u
uthéeli	u tʰ é e l i
uthíi	u tʰ í i
uthíitu	u tʰ í i t o
utrapóo	u t r a p ó o
utráapa	u t r á a p a
uts	u t s
utsúṇḍ	u t s ú ɳ ɖ
ux	u x
uxiaár	u x j a á r
učát	u t ɕ á t
uḍhíiwa	u ɖʰ í i w a
uṛigalíi	u ɽ i ɡ a l í i
uṛigeélu	u ɽ i ɡ e é l o
uṛíi	u ɽ í i
uṛíitu	u ɽ í i t o
uṣṭúm	u ʂ ʈ ú m
uṭhawóo	u ʈ h a w ó o
uṭíka	u ʈ í k a
waadá	w a a d á
waapás	w a a p á s
waaqiá	w a a q i j á
waarlís	w a a r l í s
waarɣaléṭi	w a a r ɣ a l é ʈ i
wasrí	w a s r í
watán	w a t á n
waxt	w a x
waxt	w a x t
wazíir	w a z í i r
whaalíi	w h a a l í i
whaidítu	w h a j d í t o
whaáu	w h a á w
wháatu	w h á a t u
wháida	w h á j d a
whéeti	w h é e t i
whíi	w h í i
wáandu	w á a n d u
wáǰa	w á d ʑ a
wálixu	w á l i x u
wása	w á s a
wáxta	w á x t a
wée	w é e
wéendi	w é e n d i
wíi	w í i
wíilu	w í i l o
wíiway	w í i w e j
xaadí	x a a d í
xaalí	x a a l í
xaamaár	x a a m a á r
xaaná	x a a n á
xaapeerái	x a a p e e r é j
xaaruṇái	x a a r u ɳ é j
xaaráx	x a a r á x
xabaár	x a b a á r
xalóos	x a l ó o s
xamaxaá	x a m a x a á
xaraáp	x a r a á p
xarčá	x a r t ɕ á
xat	x a t
xatarnaák	x a t a r n a á k
xatrá	x a t r á
xatíiti	x a t í i t i
xaán	x a á n
xaás	x a á s
xeeraát	x e e r a á t
xiaál	x i j a á l
xooṛá	x o o ɽ á
xoraák	x o r a á k
xox	x o x
xošaán	x u ɕ a á n
xu	x u
xuaaíš	x w a a j í ɕ
xuubí	x u u b í
xálak	x á l a k
xátum	x á t u m
xéer	x é e r
yaadgaár	j a a d ɡ a á r
yakšambá	j a k ɕ a m b á
yaxníi	j a x n í i
yaá	j a á
yaár	j a á r
yeeibáabu	j e e j b á a b u
yhéeli	j h é e l i
yhíi	j h í i
yhóolu	j h ó o l o
yhúṇḍi	j h ú ɳ ɖ i
yáab	j á a b
yákdam	j á k d a m
yára	j á r a
yéei	j é e j
yíiṛi	j í i ɽ i
yíiṛu	j í i ɽ o
yúu	j ú u
yúun	j ú u n
yúuṛu	j ú u ɽ o
zaalím	z a a l í m
zabaán	z a b a á n
zal	z a l
zamaaná	z a m a a n á
zamindaár	z a m i n d a á r
zangál	z a ŋ ɡ á l
zariṇoó	z a r i ɳ o ó
zarurí	z a r u r í
zaxmát	z a x m á t
zaán	z a á n
zeelái	z e e l é j
zeerí	z e e r í
zeṛ	z e ɽ
zhaláaka	z h a l á a k a
zhaáy	z h a á j
ziaarát	z j a a r á t
ziaát	z j a á t
zimawaár	z i m a w a á r
zinaawúr	z i n a a w ú r
zindagí	z i n d a ɡ í
zindá	z i n d á
zir	z i r
zoór	z o ó r
zuaán	z w a á n
zueení	z u w e e n í
záhar	z á h a r
zára	z á r a
záxum	z á x u m
zúlum	z ú l u m
áabru	á a b r u
áahoola	á a h o o l a
áak	á a k
áangu	á a ŋ ɡ u
áaru	á a r u
áača	á a t ɕ a
áašuṇ	á a ɕ u ɳ
áaḍu	á a ɖ u
áaṇc̣u	á a ɳ ʈ ʂ u
áaṛu	á a ɽ u
áaṣṭ	á a ʂ ʈ
ágar	á ɡ a r
ée	é e
éemi	é e m i
éeḍi	é e ɖ i
índa	í n d a
íṇc̣i	í ɳ ʈ ʂ i
óo	ó o
óomu	ó o m o
óoru	ó o r o
úbu	ú b o
úmur	ú m u r
úuč	ú u t ɕ
úču	ú t ɕ o
čaakú	t ɕ a a k ú
čaapheér	t ɕ a a pʰ e é r
čaargúl	t ɕ a a r ɡ ú l
čaarpaá	t ɕ a a r p a á
čaaríi	t ɕ a a r í i
čaaršambá	t ɕ a a ɕ a m b á
čaaṛaá	t ɕ a a ɽ a á
čadúur	t ɕ a d ú u r
čainá	t ɕ a j n á
čakaaḍhám	t ɕ a k a a ɖ h á m
čakatíi	t ɕ a k a t í i
čakái	t ɕ a k é j
čal	t ɕ a l
čalayíi	t ɕ a l a j í i
čalaíǰa	t ɕ a l a j í d ʑ a
čalúṭi	t ɕ a l ú ʈ i
čamán	t ɕ a m á n
čamúṭi	t ɕ a m ú ʈ i
čand	t ɕ a n d
čandeešúma	t ɕ a n d e e ɕ ú m a
čandá	t ɕ a n d á
čandíiš	t ɕ a n d í i ɕ
čang	t ɕ a ŋ ɡ
čap	t ɕ a p
čapíi	t ɕ a p í i
čarbhaáng	t ɕ a r b h a á ŋ ɡ
čaukaáṭ	t ɕ a w k a á ʈ
čay	t ɕ a j
čaáx	t ɕ a á x
čeemáaru	t ɕ e e m á a r u
čeeméeri	t ɕ e e m é e r i
čhaaṭíi	t ɕʰ a a ʈ í i
čhaál	t ɕʰ a á l
čhaáṭ	t ɕ a á ʈ
čhooríi	t ɕʰ o o r í i
čhoót	t ɕʰ o ó t
čhudóo	t ɕʰ u d ó o
čháaḍa	t ɕ á a ɖ a
čhéeli	t ɕʰ é e l i
čhíi	t ɕʰ í i
čhína	t ɕʰ í n a
čhíni	t ɕʰ í n i
čhínǰa	t ɕʰ í ɲ d ʑ a
čhópan	t ɕ ó p a n
čhúuṇu	t ɕʰ ú u ɳ o
čiiríi	t ɕ i i r í i
čiiríitu	t ɕ i i r í i t o
čilaás	t ɕ i l a á s
čimaríilu	t ɕ i m a r í i l o
čimikíi	t ɕ i m i k í i
činaaróom	t ɕ i n a a r ó o m
čináaxti	t ɕ i n á a x t i
činí	t ɕ i n í
čiíz	t ɕ i í z
čo	t ɕ o
čoǰóš	t ɕ o d ʑ ó ɕ
čoolaá	t ɕ o o l a á
čoonkóo	t ɕ o o n k ó o
čooṇṭóo	t ɕ o o ɳ ʈ ó o
čooṭíi	t ɕ o o ʈ í i
čoreé	t ɕ o r e é
čorkúuṇḍu	t ɕ o r k ú u ɳ ɖ o
čoráama	t ɕ o r á a m a
čoríma	t ɕ o r í m a
čoóng	t ɕ o ó ŋ ɡ
čoór	t ɕ o ó r
čukuṣóo	t ɕ u k u ʂ ó o
čukíi	t ɕ u k í i
čulóo	t ɕ u l ó o
čumanéeṛi	t ɕ u m a n é e ɽ i
čuruṭíi	t ɕ u r u ʈ í i
čurúṛa	t ɕ u r ú ɽ a
čuuṣíi	t ɕ u u ʂ í i
čuúr	t ɕ u ú r
čuṭí	t ɕ u ʈ í
čuṭíi	t ɕ u ʈ í i
čáam	t ɕ á a m
čáanču	t ɕ a a ɲ t ɕ u
čáar	t ɕ á a r
čáara	t ɕ á a r a
čáu	t ɕ a w
čéeli	t ɕ é e l i
čéeri	t ɕ é e r i
čímar	t ɕ í m a r
číta	t ɕ í t a
číčal	t ɕ í t ɕ a l
číči	t ɕ í t ɕ i
čóolu	t ɕ ó o l o
čóoḍ	t ɕ ó o ɖ
čóti	t ɕ ó t i
čúkru	t ɕ ú k r o
čúla	t ɕ ú l a
čúur	t ɕ ú u r
čúṇu	t ɕ ú ɳ o
čúṛi	t ɕ ú ɽ i
šaakíilu	ɕ a a k í i l o
šaaraháaṛu	ɕ a a r a h á a ɽ u
šaazaadá	ɕ a a z a a d á
šahidgirí	ɕ a h i d ɡ i r í
šak	ɕ a k
šam	ɕ x a m
šanbalíi	ɕ a m b a l í i
šaraál	ɕ a r a á l
šariíf	ɕ a r i í f
šart	ɕ a r t
šarái	ɕ a r é j
šawúra	ɕ a w ú r a
šaák	ɕ a á k
šaál	ɕ a á l
šaáx	ɕ a á x
šaṛadeéš	ɕ a ɽ a d e é ɕ
šeenbóo	ɕ e e m b ó o
šeén	ɕ e é n
šid	ɕ i d
šidalaár	ɕ i d a l a á r
šidaloó	ɕ i d a l o ó
šidalíi	ɕ i d a l í i
šidáalu	ɕ i d á a l u
šiǰrá	ɕ i d ʑ r á
šikást	ɕ i k á s t
šilóo	ɕ i l ó o
šilúuk	ɕ i l ú u k
širiaát	ɕ i r j a á t
širingóo	ɕ i r i ŋ ɡ ó o
širínga	ɕ i r i ŋ ɡ a
šiíš	ɕ i í ɕ
šióo	ɕ i j ó o
šišawaár	ɕ i ɕ a w a a r
šišoó	ɕ i ɕ o ó
šišáki	ɕ i ɕ á k i
šišáwu	ɕ i ɕ ó w o
šiší	ɕ i ɕ í
šoorúṇḍu	ɕ o o r ú ɳ ɖ o
šoóṇu	ɕ o ó ɳ o
šukhaáu	ɕ u kʰ a á w
šum	ɕ u m
šumaalí	ɕ u m a a l í
šumaáṇ	ɕ u m a á ɳ
šut	ɕ u t
šuéeli	ɕ u w é e l i
šáan	ɕ á a n
šáhar	ɕ á h a r
šámbi	ɕ á m b i
šárum	ɕ á r u m
šéeli	ɕ é e l i
šéemi	ɕ é e m i
šíia	ɕ í i j a
šíin	ɕ í i n
šíitu	ɕ í i t o
šíiṭi	ɕ í i ʈ i
šíkal	ɕ í k a l
šíli	ɕ í l i
šóo	ɕ ó o
šóol	ɕ ó o l
šóong	ɕ ó o ŋ ɡ
šópu	ɕ ó p o
šúdu	ɕ ú d o
šúǰa	ɕ ú d ʑ a
šúku	ɕ ú k o
šúmu	ɕ ú m o
šúur	ɕ ú u r
šúša	ɕ ú ɕ a
šúṇḍi	ɕ ú ɳ ɖ i
šúṛi	ɕ ú ɽ i
ɣaltí	ɣ a l t í
ɣalát	ɣ a l á t
ɣam	ɣ a m
ɣar	ɣ a r
ɣarbán	ɣ a r b á n
ɣaribí	ɣ a r i b í
ɣaár	ɣ a á r
ɣooǰúli	ɣ o o d ʑ ú l
ɣoorí	ɣ o o r í
ɣoṛ	ɣ o ɽ
ɣusulxaaná	ɣ u s u l x a a n á
ɣáli	ɣ á l i
ɣúsul	ɣ ú s u l
ḍaaká	ɖ a a k á
ḍaakú	ɖ a a k ú
ḍaakṭár	ɖ a a k ʈ á r
ḍeerái	ɖ e e r é j
ḍhangíǰa	ɖ h a ŋ ɡ i d ʑ a
ḍhangóo	ɖ h a ŋ ɡ ó o
ḍheerdáṛ	ɖ h e e r d á ɽ
ḍheér	ɖ h e é r
ḍhiáp	ɖ j h á p
ḍhoór	ɖ h o ó r
ḍhroonkíi	ɖ r h o o n k í i
ḍháaka	ɖ h á a k a
ḍhíiku	ɖ h í i k o
ḍhíngar	ɖ h í ŋ ɡ a r
ḍhípi	ɖ h í p i
ḍhípu	ɖ h í p o
ḍibisóo	ɖ i b i s ó o
ḍibísa	ɖ i b í s a
ḍilá	ɖ i l á
ḍipṭí	ɖ i p ʈ í
ḍirniká	ɖ i r n i k á
ḍizeén	ɖ i z e é n
ḍoolái	ɖ o o l é j
ḍuḍúra	ɖ u ɖ ú r a
ḍáab	ɖ á a b
ḍáag	ɖ á a ɡ
ḍábal	ɖ á b a l
ḍángarik	ɖ á ŋ ɡ a r i k
ḍáḍi	ɖ á ɖ i
ḍóok	ɖ ó o k
ḍúkur	ɖ ú k u r
ḍúuri	ɖ ú u r i
ṇiṇoó	ɳ i ɳ o ó
ṣaawaá	ʂ a a w a á
ṣaawíiṛu	ʂ a a w í i ɽ o
ṣaawóo	ʂ a a w ó o
ṣaá	ʂ a á
ṣaár	ʂ a á r
ṣeekóo	ʂ e e k ó o
ṣeeṛíi	ʂ e e ɽ í i
ṣilaawíi	ʂ i l a a w í i
ṣióolu	ʂ j ó o l o
ṣiṣ	ʂ i ʂ
ṣiṣo~í	ʂ i ʂ õ j í
ṣiṣṭám	ʂ i ʂ ʈ á m
ṣo	ʂ o
ṣoeé	ʂ o w e é
ṣooṣíi	ʂ o o ʂ í i
ṣoṛeešúma	ʂ o ɽ e e ɕ ú m a
ṣoṛíiš	ʂ o ɽ í i ɕ
ṣuumbóo	ʂ u u m b ó o
ṣuunkíi	ʂ u u ŋ k í i
ṣuṇúuki	ʂ u ɳ ú u k i
ṣáak	ʂ á a k
ṣáanda	ʂ á a n d a
ṣáata	ʂ á a t a
ṣáatu	ʂ á a t u
ṣáača	ʂ á a t ɕ a
ṣéeti	ʂ é e t i
ṣéetim	ʂ é e t i m
ṣíiṛu	ʂ í i ɽ o
ṣóo	ʂ ó o
ṣúuntu	ʂ ú u n t o
ṣúuṛu	ʂ ú u ɽ o
ṣúṇa	ʂ ú ɳ a
ṭaakíi	ʈ a a k í i
ṭaanguṛmúṭ	ʈ a a ŋ ɡ u ɽ m ú ʈ
ṭaangúuṛu	ʈ a a ŋ ɡ ú u ɽ o
ṭeekadaár	ʈ e e k a d a á r
ṭeeká	ʈ e e k á
ṭeém	ʈ e é m
ṭeép	ʈ e é p
ṭeéṭ	ʈ e é ʈ
ṭhaaṭáaku	ʈʰ a a ʈ á a k u
ṭhaaṭéeki	ʈʰ a a ʈ é e k i
ṭhakíi	ʈʰ a k í i
ṭhóngi	ʈʰ ó ŋ ɡ i
ṭip	ʈ i p
ṭiṭlái	ʈ i ʈ l é j
ṭokíi	ʈ o k í i
ṭookrái	ʈ o o k r é j
ṭookóo	ʈ o o k ó o
ṭopí	ʈ o p í
ṭoóp	ʈ o ó p
ṭoḍusóo	ʈ o ɖ u s ó o
ṭukṛá	ʈ u k ɽ á
ṭáka	ʈ á k a
ṭéku	ʈ é k o
ṭéngu	ʈ é ŋ ɡ o
ṭépi	ʈ é p i
ṭíinkur	ʈ í i ŋ k u r
ṭíinčuk	ʈ í i ɲ t ɕ u k
ṭíki	ʈ í k i
ṭómbu	ʈ ó m b o
ṭóoxa	ʈ ó o x a
ṭópa	ʈ ó p a
ẓamí	ʐ a m í
ẓhaṇẓíir	ɖ ʐʰ a ɳ ɖ ʐ í i r
ẓikaán	ʐ i k a á n
ẓokíi	ʐ o k í i
