abimé	a b i m e
alegà	a l e ɡ a
alfabet	a l f a b e t
alman	a l ə m a ŋ
alterné	a l t e r n e
alteré	a l t e r e
alvé	a l v e
american	a m e r i k a ŋ
amis	a m i s
anciova	a ŋ t ʃ ʊ v a
anguila	a ŋ ɡ ɥ i l a
apress	a p ɾ e s
aram	a r a m
assieta	a s j e t a
autor	a w t u r
autorità	a w t u r i t a
avocat	a v u k a t
avèj	a v ɛ j
avèj	a v ɛ j ɾ
balé	b a l e
bonet	b ʊ n ɛ t
brila	b r i l a
bërgé	b ə ɾ d͡ʑ e
cadrega	k a d r e ɡ a
cambi	k a m b i
caminé	k a m i n e
campé	k a m p e
cantant	k a ŋ t a ŋ t
canté	k a ŋ t e
capacità	k a p a t͡ʃ i t a
car	k a r
carità	k a r i t a
carn	k a r ŋ
carnal	k a r n a l
castel	k a s t e l
catedral	k a t e d r a l
catàstrofe	k a t a s t r u f e
catòlich	k a t ɔ l i k
certificà	t͡ʃ ɛ r t i f i k a
chiri	k i r i
chiromant	k i r u m a ŋ t
chitara	k i t a r a
ciav	t͡ɕ ä fː
ciav	t͡ɕ ä wː
ciav	t͡ɕ ɒ vː
ciav	t͡ɕ ɒ wː
ciclon	t͡ʃ i k l u ŋ
classe	k l a s e
colaboré	k u l a b u r e
colega	k u l e ɡ a
colé	k u l e
comità	k u m i t a
composission	k u m p u z i s j u ŋ
comun	k u m y ŋ
comunism	k u m y n i z m
concili	k u ŋ t͡ʃ i l i
condission	k u ŋ d i s j u ŋ
conforté	k u ŋ f u r t e
contacc	k ʊ ŋ t ɑ t ʃ
contrat	k u ŋ t r a t
convertì	k u ŋ v e r t i
convince	k u ŋ v i ŋ t͡ʃ e
croata	k r u a t a
cros	k r u s
crové	k r u v e
cròt	k r ɔ t
cult	k y l t
cò	k ɔ
còrp	k ɔː r p
decimal	d e t͡ʃ i m a l
decoré	d e k u r e
densità	d e ŋ s i t a
dent	d ɛ ŋ t
dentera	d e ŋ t e r a
dentista	d e ŋ t i s t a
depassé	d e p a s e
depilé	d e p i l e
deporté	d e p u r t e
deposité	d e p u s i t e
deprime	d e p r i m e
depurator	d e p y r a t u r
depòsit	d e p ɔ s i t
derivé	d e r i v e
des	d e s
diferent	d i f e r ɛ ŋ t
digestion	d i d͡ʒ e s t j u ŋ
digestiv	d i d͡ʒ e s t i ɥ
dimostrassion	d i m u s t r a s j u ŋ
disdeut	d i s d ø t
disneuv	d i z n ø ɥ
dissens	d i s ɛ ŋ s
dissèt	d i s ɛ t
distributor	d i s t r i b y t u r
ditator	d i t a t u r
ditatura	d i t a t y r a
divin	d i v i ŋ
document	d u k y m ɛ ŋ t
doi	d u i
domé	d u m e
dì	d i
dódes	d u d e s
eduché	e d y k e
educà	e d y k a
elaborà	e l a b u r a
elaboré	e l a b u r e
elefant	e l e f a ŋ t
emission	e m i s j u ŋ
emotiv	e m ʊ t i w
erede	e r e d e
eredità	e r e d i t a
eroe	e r u e
esaminé	e z a m i n e
esat	e z a t
esaurì	e z a w r i
esclude	e s k l y d e
esempi	e z e m p i
esercissi	e s ɛ r t͡ʃ i s i
esibì	e z i b i
esige	e z i d͡ʒ e
esili	e z i l i
esiste	e z i s t e
esperiment	e s p e r i m ɛ ŋ t
espert	e s p ɛ r t
esploré	e s p l u r e
esprime	e s p r i m e
esse	e s e
estintor	e s t i ŋ t u r
estrae	e s t r a e
estrat	e s t r a t
estros	e s t r u s
estuari	e s t ɥ a r i
etern	e t ɛ r ŋ
eternità	e t ɛ r n i t a
eufemism	e w f e m i z m
euli	ø l i
eut	ø t
eutsent	ø t s ɛ ŋ t
euv	ø f
euv	ø v
euv	ø w
eva	ɛ v a
evade	e v a d e
evité	e v i t e
familiarisé	f a m i l j a r i z e
fanfaron	f a n f a r u ŋ
fasan	f a z a ŋ
fer	f ɛ r
fera	f e r a
fermenté	f ɛ r m ɛ ŋ t e
fermé	f ɛ r m e
ferì	f e r i
figuré	f i ɡ y r e
fior	f j u r
fiorì	f j u r i
fnoj	f n u j
fojòt	f ʊ j ɔ t
foresta	f u r e s t a
forgé	f u r d͡ʒ e
formal	f u r m a l
formalità	f u r m a l i t a
formé	f u r m e
fragilità	f r a d͡ʒ i l i t a
fransèis	f r a ŋ s ɛ j s
frassion	f r a s j u ŋ
fràgil	f r a d͡ʒ i l
frèid	f ɾ a j d
frèid	f ɾ a j t
frèid	f ɾ e j t
frèid	f ɾ æ j t
frèid	f ɾ ɛ j t
frèl	f ɾ eː l
frèl	f ɾ ɛː l
fum	f y m
funeral	f y n e r a l
furia	f y r j a
furibond	f y r i b u ŋ d
furios	f y r j u s
futur	f y t y r
fàbrica	f a b r i k a
fùtil	f y t i l
gabé	ɡ a b e
galopé	ɡ a l u p e
giapon	d ʒ a p o n
giuria	d͡ʒ y r i a
granì	ɡ r a n i
gratacel	ɡ r a t a t͡ʃ e l
gravos	ɡ r a v u s
gru	ɡ r y
gròss	ɡ r ɔ s
guant	ɡ w a ŋ t
guerié	ɡ w ɛ r j e
ideal	i d e a l
identità	i d ɛ ŋ t i t a
ideé	i d e e
igiene	i d͡ʒ e n e
ignorant	i ɲ u r a ŋ t
ignoré	i ɲ u r e
ilus	i l y s
ilustré	i l y s t r e
imaginari	i m a d͡ʒ i n a r i
imaginé	i m a d͡ʒ i n e
imens	i m ɛ ŋ s
imigré	i m i ɡ r e
imité	i m i t e
imoral	i m u r a l
imortal	i m u r t a l
imperador	i m p e r a d u r
imperfet	i m p ɛ r f e t
imperi	i m p e r i
inn	i n
insulté	i ŋ s y l t e
integrità	i ŋ t e ɡ r i t a
isolé	i z u l e
istituì	i s t i t ɥ i
italian	i t a l j a ŋ
lanterna	l a ŋ t ɛ r n a
lapin	l a p i ŋ
lassé	l a s e
latin	l a t i ŋ
lauré	l a w r e
lavé	l a v e
legendari	l e d͡ʒ e ŋ d a r i
lenga	l ɛ ŋ ɡ a
leon	l e u ŋ
levr	l e ɥ r
libertà	l i b e r t a
liberé	l i b e r e
limité	l i m i t e
limon	l i m u ŋ
lion	l i u ŋ
litra	l i t r a
livel	l i v e l
livra	l i v r a
local	l u k a l
localisé	l u k a l i z e
località	l u k a l i t a
locomotiva	l u k u m u t i v a
longh	l u ŋ ɡ
luminos	l y m i n u s
luv	l y v
làit	l a j t
làpida	l a p i d a
lìrica	l i r i k a
macedònia	m a t͡ʃ e d ɔ n j a
machinari	m a k i n a r i
madama	m a d a m a
madur	m a d y r
maduré	m a d y r e
maestos	m a e s t u s
magistratura	m a d͡ʒ i s t r a t y r a
majones	m a j u n e s
malinconia	m a l i ŋ k u n i a
manoscrit	m a n u s k r i t
meridional	m e r i d j u n a l
merité	m e r i t e
mersì	m e r s i
metal	m e t a l
metan	m e t a ŋ
mi	m i
microscòpi	m i k r u s k ɔ p i
micròfon	m i k r ɔ f u ŋ
militarisé	m i l i t a r i z e
milsa	m i l s a
mimé	m i m e
mineur	m i n ø r
miné	m i n e
miré	m i r e
monsù	m ʊ ŋ s y
mont	m u ŋ t
montagna	m u ŋ t a ɲ a
monument	m u n y m ɛ ŋ t
mora	m u r a
mortal	m u r t a l
mur	m y r
murador	m y r a d u r
museo	m y z e u
musical	m y z i k a l
musicista	m y z i t͡ʃ i s t a
mussulman	m y z y l m a ŋ
musé	m y z e
méter	m e t ɛ r
mòrt	m ɔ r t
mòt	m ɔ t
mùsica	m y z i k a
nas	n a s
nasal	n a z a l
nasel	n a z e l
nasse	n a s e
natura	n a t y r a
natural	n a t y r a l
nav	n a ɥ
necessari	n e t͡ʃ e s a r i
necessità	n e t͡ʃ e s i t a
necessité	n e t͡ʃ e s i t e
negà	n e ɡ a
nerv	n ɛ r v
neu	n ø
neuit	n ø ɪ t
neuse	n ø z e
neutralisé	n ɛ w t r a l i z e
neuv	n ø f
neuv	n ø v
neuv	n ø w
nicia	n i t͡ʃ a
niné	n i n e
noi	n u j
notifiché	n u t i f i k e
novanta	n u v a ŋ t a
novateur	n u v a t ø r
novità	n u v i t a
novèmber	n u ɥ ɛ m b ɛ r
nové	n u v e
nuca	n y k a
nuclear	n y k l e a r
nulé	n y l e
numeral	n y m e r a l
numeros	n y m e r u s
numeré	n y m e r e
nurì	n y r i
nutrì	n y t r i
néon	n e u ŋ
nòm	n ɔ m
nùmer	n y m ɛ r
obliteré	u b l i t e r e
orchestra	u r k e s t r a
oson	u z u ŋ
otanta	u t a ŋ t a
palpé	p a l p e
pan	p a ŋ
parlé	p a r l e
patì	p a t i
pavon	p a v u ŋ
perde	p ɛ r d e
persi	p ɛ r s i
pich	p i k
piemont	p j e m u ŋ t
pieuva	p j ø v a
pin	p i ŋ
pinacoteca	p i n a k u t e k a
poema	p u e m a
poeta	p u e t a
poj	p u j
predì	p r e d i
primièr	p ɾ i m j ɛ ɾ
profan	p r u f a ŋ
proverbi	p r u v ɛ r b i
provincia	p r u v i ŋ t͡ʃ a
provincial	p r u v i ŋ t͡ʃ a l
pulsant	p y l s a ŋ t
pulsé	p y l s e
pulì	p y l i
punì	p y n i
pàgina	p a d͡ʒ i n a
përzon	p ə r z u ŋ
quaranta	k w a r a ŋ t a
quaranteut	k w a r a ŋ t ø t
quatr	k w a t r
quatòrdes	k w a t ɔ r d e s
quindes	k w i ŋ d ɛ s
radis	r a d i s
rava	r a v a
registrator	r e d͡ʒ i s t r a t u r
religion	r e l i d͡ʒ u ŋ
religios	r e l i d͡ʒ u s
rem	r ɛ m
ren	r ɛ ŋ
repulsion	r e p y l s j u ŋ
repùblica	r e p y b l i k a
requisì	r e k w i z i
rese	r e z e
responsabilità	r e s p u ŋ s a b i l i t a
restant	r e s t a ŋ t
reumatism	r e w m a t i z m
reusa	r ø s a
rubin	r y b i ŋ
ruiné	r y i n e
rural	r y r a l
rusié	r y z j e
russi	r y s i
rustì	r y s t i
rusé	r y z e
saboté	s a b u t e
sacrilegi	s a k r i l e d͡ʒ i
safran	s a f r a ŋ
sal	s a l
salam	s a l a m
saldé	s a l d e
salm	s a l m
salmon	s a l m u ŋ
salute	s a l y t e
saluté	s a l y t e
salvé	s a l v e
salà	s a l a
salé	s a l e
sanità	s a n i t a
santuari	s a ŋ t ɥ a r i
sané	s a n e
sapa	s a p a
sapé	s a p e
saradura	s a r a d y r a
sartor	s a r t u r
sarà	s a r a
saré	s a r e
sauté	s a w t e
savon	s a v u ŋ
scambi	s k a m b i
scu	s k y
scultura	s k y l t y r a
sent	s ɛ ŋ t
ses	s e s
sessanta	s e s a ŋ t a
set	s ɛ t
sinch	s i ŋ k
sinquanta	s i n k w a ŋ t a
sipress	s i p r e s
siringa	s i r i ŋ ɡ a
sità	s i t ɑ
smerald	z m e r a l d
social	s u t͡ʃ a l
società	s u t͡ʃ e t a
sol	s u l
solar	s u l a r
soldà	s u l d a
sossialism	s u s j a l i z m
spa	s p a
stanta	s t a ŋ t a
stat	s t a t
statù	s t a t y
stende	s t ɛ ŋ d e
stent	s t ɛ ŋ t
stermini	s t ɛ r m i n i
stern	s t ɛ r ŋ
stibi	s t i b i
stil	s t i l
stilista	s t i l i s t a
stima	s t i m a
stimà	s t i m a
stipendi	s t i p ɛ ŋ d i
stipulé	s t i p y l e
stirpe	s t i r p e
stival	s t i v a l
sto	s t u
stordì	s t u r d i
strach	s t r a k
straché	s t r a k e
stradé	s t r a d e
strage	s t r a d͡ʒ e
stramb	s t r a m b
stran	s t r a ŋ
straordinari	s t r a u r d i n a r i
strass	s t r a s
stri	s t r i
strompé	s t r u m p e
strop	s t r u p
strunì	s t r y n i
strusé	s t r y s e
strut	s t r y t
strutura	s t r y t y r a
strìa	s t r i a
student	s t y d ɛ ŋ t
studi	s t y d i
stupend	s t y p ɛ ŋ d
stupì	s t y p i
stuva	s t y ɥ a
sucede	s y t͡ʃ e d e
sucré	s y k r e
sudor	s y d u r
sudé	s y d e
sufrì	s y f r i
sugerì	s y d͡ʒ e r i
sugné	s y ɲ e
sultan	s y l t a ŋ
sumia	s y m j a
supa	s y p a
superé	s y p e r e
sussidi	s y s i d i
susté	s y s t e
sutil	s y t i l
suvé	s y v e
sué	s y e
svanì	z v a n i
svende	z v ɛ ŋ d e
svilup	z v i l y p
sëddes	s ə d d e s
sòla	s ɔ l a
sùit	s y j t
tabela	t a b e l a
tabelon	t a b e l u ŋ
taché	t a k e
tajarin	t a j a r i ŋ
tajé	t a j e
tamponé	t a m p u n e
tampé	t a m p e
tant	t a ŋ t
tapé	t a p e
tardé	t a r d e
targa	t a r ɡ a
tarifa	t a r i f a
tase	t a z e
tejera	t e j e r a
telegrafé	t e l e ɡ r a f e
telescòpi	t e l e s k ɔ p i
tempesté	t ɛ m p e s t e
tempré	t ɛ m p r e
tende	t ɛ ŋ d e
tenté	t ɛ ŋ t e
tenze	t ɛ n z e
tergiversé	t ɛ r d͡ʒ i v ɛ r s e
terminé	t ɛ r m i n e
teror	t ɛ r u r
tesi	t e z i
tesse	t e s e
ti	t i
tifé	t i f e
timbré	t i m b r e
tiré	t i r e
tornavis	t u r n a v i s
toron	t u r u ŋ
torta	t u r t a
tortera	t u r t e r a
torturé	t u r t y r e
tosé	t u z e
totalitari	t u t a l i t a r i
toton	t u t u ŋ
tra	t r a
tracassé	t r a k a s e
tradiment	t r a d i m ɛ ŋ t
tradission	t r a d i s j u ŋ
tradissional	t r a d i s j u n a l
traditor	t r a d i t u r
tradussion	t r a d y s j u ŋ
tradutor	t r a d y t u r
tradì	t r a d i
tradùe	t r a d y e
tragedia	t r a d͡ʒ e d j a
traghèt	t r a ɡ ɛ t
tragit	t r a d͡ʒ i t
traguard	t r a ɡ w a r d
tralassé	t r a l a s e
trama	t r a m a
tramandé	t r a m a ŋ d e
tramblament	t r a m b l a m ɛ ŋ t
tramblant	t r a m b l a ŋ t
tramblé	t r a m b l e
trambust	t r a m b y s t
tramolé	t r a m u l e
tramont	t r a m u ŋ t
tramonté	t r a m u ŋ t e
trampolin	t r a m p u l i ŋ
tramud	t r a m y d
tramudé	t r a m y d e
tramé	t r a m e
tramùe	t r a m y e
trancé	t r a ŋ t͡ʃ e
tranel	t r a n e l
tranfié	t r a n f j e
tranquil	t r a n k w i l
tranquilisé	t r a n k w i l i z e
tranquilità	t r a n k w i l i t a
transige	t r a ŋ z i d͡ʒ e
transitori	t r a ŋ z i t o r i
transité	t r a ŋ z i t e
tranta	t r a ŋ t a
traonde	t r a u ŋ d e
trapan	t r a p a ŋ
trapané	t r a p a n e
trapassé	t r a p a s e
trapiant	t r a p j a ŋ t
trapianté	t r a p j a ŋ t e
trapolé	t r a p u l e
traponta	t r a p u ŋ t a
traponté	t r a p u ŋ t e
trapé	t r a p e
trascore	t r a s k u r e
trascrission	t r a s k r i s j u ŋ
trascrive	t r a s k r i v e
trascuré	t r a s k y r e
trasferiment	t r a s f e r i m ɛ ŋ t
trasferta	t r a s f ɛ r t a
trasferì	t r a s f e r i
trasfiguré	t r a s f i ɡ y r e
trasformassion	t r a s f u r m a s j u ŋ
trasformé	t r a s f u r m e
trasfusion	t r a s f y z j u ŋ
trasgredì	t r a s ɡ r e d i
trasgression	t r a s ɡ r e s j u ŋ
trasmigré	t r a s m i ɡ r e
trasmission	t r a z m i s j u ŋ
trasmëtte	t r a z m ə t t e
trasparent	t r a s p a r ɛ ŋ t
trasparì	t r a s p a r i
traspiré	t r a s p i r e
trasporté	t r a s p u r t e
traspòrt	t r a s p ɔ r t
trassa	t r a s a
trassion	t r a s j u ŋ
trassé	t r a s e
trat	t r a t
trata	t r a t a
tratament	t r a t a m ɛ ŋ t
tratativa	t r a t a t i v a
trator	t r a t u r
tratorìa	t r a t u r i a
tratà	t r a t a
traté	t r a t e
trav	t r a ɥ
travaj	t r a v a j
travajeur	t r a v a j ø r
travajé	t r a v a j e
travers	t r a v ɛ r s
traversa	t r a v ɛ r s a
traveste	t r a v e s t e
travestì	t r a v e s t i
traviné	t r a v i n e
travonde	t r a v u ŋ d e
travërsé	t r a v ə r s e
tre	t r ɛ
tremend	t r e m ɛ ŋ d
tren	t r ɛ ŋ
treno	t r e n u
trené	t r ɛ n e
treu	t r ø
treva	t r e v a
triangolar	t r i a ŋ ɡ u l a r
tribulé	t r i b y l e
tribunal	t r i b y n a l
tributari	t r i b y t a r i
tributé	t r i b y t e
tribù	t r i b y
tricoté	t r i k u t e
tricé	t r i t͡ʃ e
trigo	t r i ɡ u
trimestr	t r i m e s t r
trinché	t r i ŋ k e
trionf	t r i u n f
trionfal	t r i u n f a l
trionfant	t r i u n f a ŋ t
trionfé	t r i u n f e
tripa	t r i p a
tripliché	t r i p l i k e
trist	t r i s t
triàngol	t r i a ŋ ɡ u l
trié	t r i e
trocioné	t r u t͡ʃ u n e
trofé	t r u f e
tromba	t r u m b a
trombé	t r u m b e
trompé	t r u m p e
tron	t r u ŋ
tronch	t r u ŋ k
troné	t r u n e
trop	t r u p
tropical	t r u p i k a l
troté	t r u t e
trové	t r u v e
truch	t r y k
trucidé	t r y t͡ʃ i d e
trufa	t r y f a
trufé	t r y f e
trupa	t r y p a
truta	t r y t a
tràfich	t r a f i k
trànsit	t r a ŋ z i t
tràpola	t r a p u l a
trìfola	t r i f u l a
tròp	t r ɔ p
tubo	t y b u
tubèt	t y b ɛ t
tuf	t y f
tulipan	t y l i p a ŋ
tumor	t y m u r
turbulent	t y r b y l ɛ ŋ t
turbé	t y r b e
tut	t y t
tutelé	t y t e l e
tàtica	t a t i k a
té	t e
tërdes	t ə r d e s
tò	t ɔ
tùnel	t y n e l
ubidient	y b i d j ɛ ŋ t
ubidì	y b i d i
ufissial	y f i s j a l
ugual	y ɡ w a l
ulterior	y l t e r j u r
uman	y m a ŋ
umanitari	y m a n i t a r i
umanità	y m a n i t a
umidità	y m i d i t a
umil	y m i l
umiltà	y m i l t a
umor	y m u r
un	y ŋ
unanimità	y n a n i m i t a
uniforma	y n i f u r m a
uniformità	y n i f u r m i t a
uniformé	y n i f u r m e
unilateral	y n i l a t e r a l
union	y n j u ŋ
unitari	y n i t a r i
unità	y n i t a
univers	y n i v ɛ r s
universal	y n i v ɛ r s a l
universitari	y n i v ɛ r s i t a r i
università	y n i v ɛ r s i t a
unì	y n i
uragan	y r a ɡ a ŋ
urban	y r b a ŋ
urgent	y r d͡ʒ ɛ ŋ t
uriné	y r i n e
urna	y r n a
usagi	y z a d͡ʒ i
uss	y s
usual	y z ɥ a l
usufruì	y z y f r y i
usura	y z y r a
usurpé	y z y r p e
usà	y z a
usé	y z e
utilisé	y t i l i z e
utilità	y t i l i t a
utiss	y t i s
uva	y v a
vaca	v a k a
vacansa	v a k a ŋ s a
vacant	v a k a ŋ t
vacilé	v a t͡ʃ i l e
vaciné	v a t͡ʃ i n e
vagabond	v a ɡ a b u ŋ d
vagabondé	v a ɡ a b u ŋ d e
vagant	v a ɡ a ŋ t
val	v a l
valada	v a l a d a
valent	v a l ɛ ŋ t
validé	v a l i d e
valis	v a l i s
vals	v a l s
valuté	v a l y t e
valé	v a l e
vanegé	v a n e d͡ʒ e
vanga	v a ŋ ɡ a
vanghé	v a ŋ ɡ e
vanitos	v a n i t u s
vanità	v a n i t a
vant	v a ŋ t
vantagé	v a ŋ t a d͡ʒ e
vanté	v a ŋ t e
vapor	v a p u r
vardé	v a r d e
vari	v a r i
varì	v a r i
vegetal	v e d͡ʒ e t a l
vel	v e l
velen	v e l ɛ ŋ
velenos	v e l e n u s
vende	v ɛ ŋ d e
venditor	v ɛ ŋ d i t u r
veneré	v e n e r e
ventura	v ɛ ŋ t y r a
venté	v ɛ ŋ t e
verd	v ɛ r d
verm	v ɛ r m
version	v ɛ r s j u ŋ
vertical	v ɛ r t i k a l
veste	v e s t e
vestiari	v e s t j a r i
vestì	v e s t i
veterinari	v e t e r i n a r i
viagé	v j a d͡ʒ e
vial	v j a l
vibré	v i b r e
vicenda	v i t͡ʃ ɛ ŋ d a
viceversa	v i t͡ʃ e v ɛ r s a
vido	v i d u
vigilia	v i d͡ʒ i l j a
vigna	v i ɲ a
vigor	v i ɡ u r
vigoros	v i ɡ u r u s
viltà	v i l t a
vin	v i ŋ
vince	v i ŋ t͡ʃ e
vincitor	v i ŋ t͡ʃ i t u r
vincolé	v i ŋ k u l e
vint	v i ŋ t
violent	v j u l ɛ ŋ t
violenté	v j u l ɛ ŋ t e
violin	v j u l i ŋ
violinista	v j u l i n i s t a
violé	v j u l e
vipra	v i p r a
viril	v i r i l
virilità	v i r i l i t a
virolé	v i r u l e
virtual	v i r t ɥ a l
virtuos	v i r t ɥ u s
virtù	v i r t y
viré	v i r e
vis	v i s
visibilità	v i z i b i l i t a
vision	v i z j u ŋ
visité	v i z i t e
visual	v i z ɥ a l
visé	v i z e
vive	v i v e
voi	v u j
voidé	v u j d e
voit	v u j t
volant	v u l a ŋ t
volgar	v u l ɡ a r
volgarità	v u l ɡ a r i t a
volontà	v u l u ŋ t a
volp	v u l p
volté	v u l t e
volà	v u l a
vomité	v u m i t e
vos	v u s
voté	v u t e
vulcan	v y l k a ŋ
vàlid	v a l i d
vàndal	v a ŋ d a l
vìsita	v i z i t a
vòmit	v ɔ m i t
àncora	a ŋ k u r a
àutr	a w t r
ética	e t i k a
ën	ə ŋ
òasi	ɔ a z i
òpera	ɔ p e r a
òr	ɔ r
òrbita	ɔ r b i t a
òss	ɔ s
ùltim	y l t i m
ùmid	y m i d
