acabamento	a k a b a m ẽ t ʊ
acabar	ɐ k ɐ b ä χ
aceitar	ɐ s̻ ë ɪ̯ t̪ ä χ
acender	a s ẽ d e ɹ
acender	a s ẽ d e ɻ
acender	a s ẽ d e ɾ
acha	a ʃ ɐ
acham	a ʃ ɐ̃ ʊ̯̃
acho	a ʃ u
aclimatação	a k l i m a t a s ɐ̃ w
acra	a k ɾ ɐ
acreditar	ɐ k ɾ e d͡ʒ ɪ t̪ ä χ
actínio	a k t ʃ i n i u
adenina	a d e n i n a
adicional	a d ʒ i s j o n a w
adicionar	ɐ d͡ʒ i s̻ j õ̞ n̪ ä χ
administração	a d i m i n i s t ɾ a s ɐ̃ w
administração	a d m i n i s t ɾ a s ɐ̃ w
administração	a d ʒ m i n i s t ɾ a s ɐ̃ w
administração	a d ʒ m i n i s t ɾ a s ɐ̃ w̃
administração	a d ʒ m i n i ʃ t ɾ a s ɐ̃ w
admitir	ɐ d͡ʒ ɪ̃ m ɪ t͡ʃ i χ
advérbio	ə ð v ɛ ɾ β j u
afetação	a f e t a s ɐ̃ w
afirmar	ɐ f ɪ ʁ m ä χ
afluente	a f l u ẽ t ʃ i
afronta	a f ɾ õ t ɐ
agonia	a ɡ o n i a
agradecer	a ɡ ɾ ä d̪ ë s̻ e ɾ
agradecer	ɐ ɡ ɾ ä d̪ ë s̻ e χ
agulha	a ɡ u ʎ a
ai	a ɪ̯
ainu	a j n u
aio	a ɪ̯ u
aipim	a ɪ̯ p ĩ
ala	a l ɐ
alabama	a l a b ɐ m a
alativo	a l a t ʃ i v u
alcano	a w k ɐ n u
alcançar	ɐ ʊ̯ k ə̃ s̻ ä χ
alceno	a w s e n ʊ
aleúte	a l e u t ʃ i
alfabético	a w f a b ɛ t ʃ i k u
alferes	a w f e ɾ ɪ s
alfinete	a w f i n e t ʃ i
algodão	a w ɡ o d ɐ̃ w̃
algodão	a w ɡ u d ɐ̃ w̃
alho	a ʎ u
alquimia	a w k i m i a
alternativo	a w t e ʁ n a t ʃ i v u
altruísmo	a w t ɾ u i s m u
altura	ɐ ʊ̯ t̪ u ɾ ə
altímetro	a w t ʃ i m e t ɾ ʊ
alucinação	a l u s i n a s ɐ̃ w
alô	a l o
amanhecer	a m ɐ ɲ e s e ɹ
amanhecer	a m ɐ ɲ e s e ɻ
amanhecer	ɐ m ɐ ɲ e s e h
amanhecer	ɐ m ɐ ɲ e s e χ
amar	ə̃ m ä χ
ambientalista	ɐ̃ b i ẽ t a l i s t a
amolar	a m o l a x
amolar	a m o l a ɹ
amplo	ɐ̃ p l u
anca	ɐ̃ k ɐ
ancho	ɐ̃ ʃ u
anchova	ɐ̃ ʃ o v ɐ
anda	ɐ̃ d ɐ
andam	ɐ̃ d ɐ̃ ʊ̯̃
andando	ɐ̃ d ɐ̃ d u
andar	ə̃ⁿ d̪ ä h
andava	ɐ̃ d a v ɐ
ando	ɐ̃ d u
andou	ɐ̃ d o ʊ̯
andré	ɐ̃ d ɾ ɛ
anfifílico	ɐ̃ f i f i l i k u
anglicano	ɐ̃ ɡ l i k ɐ n ʊ
anglicismo	ɐ̃ ɡ l i s i s m u
anglo	ɐ̃ ɡ l ʊ
angola	ɐ̃ ɡ ɔ l ɐ
anguila	ɐ̃ ɡ w i l ɐ
angélico	ɐ̃ ʒ ɛ l i k u
animê	a n i m e
anjo	ɐ̃ ʒ u
anjou	ɐ̃ ʒ u
ansiedade	ɐ̃ s i e d a d ʒ ɪ
anta	ɐ̃ t ɐ
antagonista	ɐ̃ t a ɡ o n i s t a
anterior	ə̃ⁿ t̪ e ɾ ɪ o χ
antologia	ɐ̃ t o l o ʒ i a
anunciante	a n ũ s j ɐ̃ t ʃ i
análogo	a n a l o ɡ ʊ
anátema	a n a t e m a
ao	a ʊ̯
aparecer	ɐ p ä ɾ ë s̻ e χ
aparelhagem	a p a ɾ e ʎ a ɡ e
aparelhagem	a p a ɾ e ʎ a ɡ ẽ
apoiar	ɐ p ö ɪ̯ ä χ
aposta	a p ɔ s t a
apostar	a p o s t a ʁ
apostasia	a p o s t a z i ɐ
app	ɛ p i
apresentar	ɐ p ɾ e z̻ ẽ̞ ɪ̯̃ⁿ t̪ ä χ
apressar	a p ɾ e s a h
apressar	a p ɾ e s a ɹ
apressar	a p ɾ e s a ɻ
apressar	a p ɾ e s a ɾ
apressar	a p ɾ e s a χ
apropriado	ɐ p ɾ o p ɾ ɪ ä d̪ ʊ
aquarela	ɐ k w ɐ ɾ ɛ l ɐ
aracnídeo	a ɾ a k n i d ʒ i u
aracnídeo	a ɾ a k n i d ʒ u
arder	a ɹ d e ɹ
arder	a ɻ d e ɻ
argumentar	a ɦ ɡ u m ẽ t a h
argumento	a ɦ ɡ u m ẽ t u
argumento	a ɹ ɡ u m ẽ t ʊ
argumento	a ɻ ɡ u m ẽ t o
argumento	a χ ɡ u m ẽ t ʊ
argumento	a χ ɡ u m ẽː t u
arma	ä ʁ m ə
aro	a ɾ u
aromático	a ɾ o m a t ʃ i k ʊ
arqueiro	a ɹ k e j ɾ u
arqueiro	a ɻ k e j ɾ o
arqueiro	a ɾ k e j ɾ o
arqueiro	a ɾ k e j ɾ u
aríete	a ɾ i e t ʃ i
asa	a z ɐ
assa	a s ɐ
assincronia	a s ĩ k ɾ o n i a
assistir	ɐ s̻ ɪ s̻ t͡ʃ i χ
asso	a s u
assunto	ɐ s̻ ʊ̃ ʊ̯̃ⁿ t̪ ʊ
ata	a t a
ata	a t ɐ
atabalhoado	a t a b a ʎ ʊ a d ʊ
atalho	a t a ʎ ʊ
atirar	a t ʃ i ɾ a ʁ
atividade	ɐ t͡ʃ i v ɪ d̪ ä d͡ʒ ɪ
ato	a t u
atol	a t ɔ w
auditório	a w d ʒ i t ɔ ɾ i ʊ
auditório	a w d ʒ i t ɔ ɾ j ʊ
aula	a ʊ̯ l ɐ
aumentar	ɐ ʊ̯ m ẽ̞ ɪ̯̃ⁿ t̪ ä χ
aura	a ʊ̯ ɾ ɐ
austríaco	a w s t ɾ i a k ʊ
auto	a ʊ̯ t u
autobiográfico	a ʊ̯ t o b i o ɡ ɾ a f i k u
autocolante	a ʊ̯ t u k o l ɐ̃ t͡ʃ i
autoconsciente	a ʊ̯ t o k õ s i ẽ t͡ʃ i
autonômico	a ʊ̯ t o n õ m i k u
autora	a ʊ̯ t o ɾ ɐ
ave	a v ɛ
aviso	a v i z u
avo	a v u
axila	a k i s i l ɐ
axila	a k s i l ɐ
axioma	a k s i o m a
aya	a j ɐ
azeda	a z e d a
azeda	a z ɛ d a
azimute	a z i m u t ʃ ɪ
azo	a z u
aço	a s u
ação	a s ɐ̃ ʊ̯̃
bacteriologia	b a k t ɛ ɾ j ʊ l o ʒ i a
bactéria	b a k t ɛ ɾ i a
bactéria	b a k ɪ t ɛ ɾ j a
bacu	b a k u
baia	b a ɪ̯ ɐ
baixo	b ä ɪ̯ ʃ ʊ
bala	b a l ɐ
balé	b a l ɛ
bamba	b ɐ̃ b ɐ
bambara	b ɐ̃ b a ɾ a
bambo	b ɐ̃ b u
bambu	b ɐ̃ b u
banca	b ɐ̃ k ɐ
banco	b ɐ̃ k u
bando	b ɐ̃ d u
banza	b ɐ̃ z ɐ
banzo	b ɐ̃ z u
barulho	b ɐ ɾ u ʎ ʊ
bazar	b a z a h
bazar	b a z a ɹ
bazar	b a z a ɻ
bazar	b a z a ɾ
bazar	b a z a χ
baço	b a s u
baú	b a u
beber	b ë b e χ
bebida	b ë b i d̪ ə
bebê	b ë b e
beca	b ɛ k ɐ
beja	b ɛ ʒ ɐ
belo	b ɛ l u
benefício	b ẽ̞ n̪ ë f i s̻ j ʊ
bengala	b ẽ ɡ a l ɐ
bento	b ẽ t u
bicha	b i ʃ ɐ
bicho	b i ʃ u
bico	b i k u
bilha	b i ʎ ɐ
bimba	b ĩ b ɐ
bimbar	b ĩ b a ɾ
bingo	b ĩ ɡ u
bissau	b i s a ʊ̯
bizâncio	b i z ɐ̃ s j u
blenda	b l ẽ d ɐ
blica	b l i k ɐ
bloco	b l ɔ k u
blusa	b l u z ɐ
bobo	b o b u
bobo	b o β u
boca	b o k ɐ
boceta	b o s e t ɐ
boceta	b u s e t ɐ
boi	b o ɪ̯
boia	b ɔ ɪ̯ ɐ
bola	b o l ɐ
bola	b ɔ l ɐ
bolha	b o ʎ ɐ
bom	b õ
bomba	b õ b ɐ
bombom	b õ b õ
boneca	b u n ɛ k ɐ
bonito	b õ̞ n̪ i t̪ ʊ
boro	b ɔ ɾ u
bota	b ɔ t ɐ
bouça	b o ʊ̯ s ɐ
branca	b ɾ ɐ̃ k ɐ
branco	b ɾ ɐ̃ k u
brancura	b ɾ ɐ̃ k u ɾ ɐ
brando	b ɾ ɐ̃ d u
brasa	b ɾ a z ɐ
brava	b ɾ a v ɐ
braço	b ɾ a s u
breve	b ɾ ɛ v ɪ
brilha	b ɾ i ʎ ɐ
brinco	b ɾ ĩ k u
brio	b ɾ i u
brisa	b ɾ i z ɐ
bruxa	b ɾ u ʃ ɐ
bucha	b u ʃ ɐ
buffet	b u f e
bufo	b u f u
bufão	b u f ɐ̃ ʊ̯̃
bufê	b u f e
bula	b u l ɐ
bunda	b ũ d ɐ
buquê	b u k e
buraco	b u ɾ a k u
buscar	b ʊ s̻ k ä χ
butão	b u t ɐ̃ ʊ̯̃
básico	b a z i k u
bétula	b ɛ t u l ɐ
bê	b e
bênção	b ẽ s ɐ̃ ʊ̯̃
cabelo	k ɐ b e l̪ ʊ
caca	k a k ɐ
cacho	k a ʃ u
caco	k a k u
cacto	k a k t u
cadáver	k ɐ d a v ɛ χ
cai	k a ɪ̯
caio	k a ɪ̯ u
caipira	k a ɪ̯ p i ɾ ɐ
cala	k a l ɐ
calam	k a l ɐ̃ ʊ̯̃
calha	k a ʎ ɐ
calo	k a l u
camboja	k ɐ̃ b ɔ ʒ ɐ
cambé	k ɐ̃ b ɛ
camisa	k ə̃ m i z̻ ə
campo	k ɐ̃ p u
cancela	k ɐ̃ s ɛ l ɐ
cancro	k ɐ̃ k ɾ u
candango	k ɐ̃ d ɐ̃ ɡ u
candela	k ɐ̃ d ɛ l ɐ
candomblé	k ɐ̃ d õ m b l ɛ
canga	k ɐ̃ ɡ ɐ
cangambá	k ɐ̃ ɡ ɐ̃ b a
canguru	k ɐ̃ ɡ u ɾ u
cansa	k ɐ̃ s ɐ
canso	k ɐ̃ s u
canta	k ɐ̃ t ɐ
canto	k ɐ̃ t u
canção	k ɐ̃ s ɐ̃ ʊ̯̃
capa	k a p ɐ
caput	k a p u t
cara	k a ɾ ɐ
caro	k a ɾ u
carregar	k ɐ χ ë ɡ ä χ
carro	k ä χ ʊ
casa	k a z ɐ
casam	k a z ɐ̃ ʊ̯̃
casamento	k ɐ z̻ ə̃ m ẽ̞ ɪ̯̃ⁿ t̪ ʊ
caso	k a z u
castelo	k ɐ s̻ t̪ ɛ l̪ ʊ
cata	k a t ɐ
catam	k a t ɐ̃ ʊ̯̃
cato	k a t u
causa	k a ʊ̯ z ɐ
causo	k a ʊ̯ z u
cauto	k a ʊ̯ t u
cava	k a v ɐ
caça	k a s ɐ
caço	k a s u
ceco	s ɛ k u
celular	s̻ ë l̪ ʊ l̪ ä χ
censura	s ẽ s u ɾ ɐ
censurai	s ẽ s u ɾ a ɪ̯
censuram	s ẽ s u ɾ ɐ̃ ʊ̯̃
censurando	s ẽ s u ɾ ɐ̃ d u
censurara	s ẽ s u ɾ a ɾ ɐ
censurava	s ẽ s u ɾ a v ɐ
censuro	s ẽ s u ɾ u
centauro	s ẽ t a ʊ̯ ɾ u
cento	s ẽ t u
centro	s ẽ t ɾ u
cepo	s e p u
cera	s e ɾ ɐ
cessa	s ɛ s ɐ
cetro	s ɛ t ɾ u
chacra	ʃ a k ɾ ɐ
champô	ʃ ɐ̃ p o
chapa	ʃ a p ɐ
chato	ʃ a t u
chavo	ʃ a v u
checa	ʃ ɛ k ɐ
chisa	ʃ i z ɐ
chita	ʃ i t ɐ
chocho	ʃ o ʃ u
choco	ʃ o k u
choupo	ʃ o ʊ̯ p u
chouriço	ʃ o ʊ̯ ɾ i s u
chousura	ʃ o ʊ̯ z u ɾ ɐ
chufa	ʃ u f ɐ
chufando	ʃ u f ɐ̃ d u
chufara	ʃ u f a ɾ ɐ
chuiva	ʃ u ɪ̯ v ɐ
chulo	ʃ u l u
chulé	ʃ u l ɛ
chumaço	ʃ u m a s u
chumbo	ʃ ũ b u
chupeta	ʃ u p e t ɐ
chupim	ʃ u p ĩ
chuto	ʃ u t u
chuva	ʃ u v ɐ
chuvoso	ʃ u v o z u
chá	ʃ a
chã	ʃ ɐ̃
chão	ʃ ɐ̃ ʊ̯̃
ciclo	s i k l u
cifra	s i f ɾ ɐ
cifrão	s i f ɾ ɐ̃ ʊ̯̃
cimenta	s i m ẽ t ɐ
cimento	s i m ẽ t u
cinco	s ĩ k u
cinquenta	s ĩ k w ẽ t ɐ
cinza	s ĩ z ɐ
cinzento	s ĩ z ẽ t u
cio	s i u
cipó	s i p ɔ
civeta	s i v e t ɐ
clara	k l a ɾ ɐ
claro	k l̪ ä ɾ ʊ
clava	k l a v ɐ
clero	k l ɛ ɾ u
clima	k l̪ʲ ɪ̃ m ə
clio	k l i u
cloro	k l ɔ ɾ u
clássico	k l a s i k u
clã	k l ɐ̃
cobrir	k ö b ɾ i χ
coima	k o ɪ̯ m ɐ
coisa	k o ɪ̯ z ɐ
colheita	k o ʎ e j t a
colher	k ö ʎ ɛ χ
começar	k õ̞ m ë s̻ ä χ
compartilhar	k õ̞ ʊ̯̃ᵐ p ä χ t͡ʃ ɪ ʎ ä χ
compasso	k õ p a s u
compensa	k õ p ẽ s ɐ
compensai	k õ p ẽ s a ɪ̯
compensam	k õ p ẽ s ɐ̃ ʊ̯̃
compensando	k õ p ẽ s ɐ̃ d u
compensara	k õ p ẽ s a ɾ ɐ
compensaram	k õ p ẽ s a ɾ ɐ̃ ʊ̯̃
compensava	k õ p ẽ s a v ɐ
compensavam	k õ p ẽ s a v ɐ̃ ʊ̯̃
compenso	k õ p ẽ s u
compensou	k õ p ẽ s o ʊ̯
completo	k õ̞ ʊ̯̃ᵐ p l̪ ɛ t̪ ʊ
complô	k õ p l o
comportamento	k õ̞ ʊ̯̃ᵐ p o χ t̪ ə̃ m ẽ̞ ɪ̯̃ⁿ t̪ ʊ
compota	k õ p ɔ t ɐ
compra	k õ p ɾ ɐ
comprai	k õ p ɾ a ɪ̯
comprando	k õ p ɾ ɐ̃ d u
comprara	k õ p ɾ a ɾ ɐ
comprava	k õ p ɾ a v ɐ
compressa	k õ p ɾ ɛ s ɐ
comprimento	k õ̞ ʊ̯̃ᵐ p ɾ ɪ̃ m ẽ̞ ɪ̯̃ⁿ t̪ ʊ
compro	k õ p ɾ u
computa	k õ p u t ɐ
computando	k õ p u t ɐ̃ d u
computara	k õ p u t a ɾ ɐ
computava	k õ p u t a v ɐ
computo	k õ p u t u
comunidade	k õ̞ m ʊ̃ n̪ ɪ d̪ ä d͡ʒ ɪ
concha	k õ w̃ ʃ ɐ
concha	k õ ʃ ɐ
concordar	k õ̞ ʊ̯̃ᵑ k ö ʁ d̪ ä χ
concreto	k õ k ɾ ɛ t u
condessa	k õ d e s ɐ
condição	k õ̞ ʊ̯̃ⁿ d͡ʒ ɪ s̻ ə̃ ʊ̯̃
confessa	k õ f ɛ s ɐ
confiar	k õ̞ ʊ̯̃ f ɪ ä χ
confirmar	k õ̞ ʊ̯̃ f ɪ ʁ m ä χ
congro	k õ ɡ ɾ u
conjunto	k õ ʒ ũ t u
conjuro	k õ ʒ u ɾ u
conseguinte	k õ ɰ̃ s ë ɡ ĩ j̃ t͡ʃ i
conselho	k õ̞ ʊ̯̃ s̻ e ʎ ʊ
consertar	k õ̞ ʊ̯̃ s̻ ë χ t̪ ä χ
consulesa	k õ s u l e z ɐ
conta	k õ t ɐ
conta	k õ̞ ʊ̯̃ⁿ t̪ ə
contai	k õ t a ɪ̯
contam	k õ t ɐ̃ ʊ̯̃
contando	k õ t ɐ̃ d u
contara	k õ t a ɾ ɐ
contaram	k õ t a ɾ ɐ̃ ʊ̯̃
contava	k õ t a v ɐ
contavam	k õ t a v ɐ̃ ʊ̯̃
conter	k õ̞ ʊ̯̃ⁿ t̪ e χ
contexto	k õ̞ ʊ̯̃ⁿ t̪ e s̻ t̪ ʊ
continuar	k õ̞ ʊ̯̃ⁿ t͡ʃ i n̪ ʊ ä χ
conto	k õ t u
contou	k õ t o ʊ̯
contrato	k õ t ɾ a t u
conversar	k õ̞ ʊ̯̃ v ë χ s̻ ä χ
convexo	k õ v ɛ k s u
cookie	k u k i
copa	k ɔ p ɐ
copo	k ɔ p ʊ
correntio	k o ʁ ẽ j̃ t͡ʃ i u̯
cortejo	c o ɹ t e ʒ ʊ
cota	k ɔ t ɐ
cousa	k o ʊ̯ z ɐ
couto	k o ʊ̯ t u
coxa	k o ʃ ɐ
coxo	k o ʃ u
cozinhar	k ö z̻ ɪ̃ ɲ ä χ
crau	k ɾ a ʊ̯
crava	k ɾ a v ɐ
cravo	k ɾ a v u
crença	k ɾ ẽ s ɐ
crescer	k ɾ ë s̻ e χ
creta	k ɾ ɛ t ɐ
creu	k ɾ e ʊ̯
cri	k ɾ i
criar	k ɾ ɪ ä χ
crio	k ɾ i u
cru	k ɾ u
cruzadinha	k ɾ u z a d͡ʒ ĩ j̃ ɐ
créu	k ɾ ɛ ʊ̯
crê	k ɾ e
cu	k u
cuca	k u k ɐ
cuia	k u j ɐ
cuidado	k ʊ ɪ̯ d̪ ä d̪ ʊ
cuidar	k ʊ ɪ̯ d̪ ä χ
cultura	k ʊ ʊ̯ t̪ u ɾ ə
cupim	k u p ĩ
cupom	k u p õ
cupão	k u p ɐ̃ ʊ̯̃
curimã	k u ɾ i m ɐ̃
curinga	k u ɾ ĩ ɡ ɐ
curo	k u ɾ u
curto	k u χ t̪ ʊ
curupira	k u ɾ u p i ɾ ɐ
custar	k ʊ s̻ t̪ ä χ
cuzão	k u z ɐ̃ ʊ̯̃
cá	k a
cáqui	k a k i
câmbio	k ɐ̃ b j u
cã	k ɐ̃
cãibra	k ɐ̃ ɪ̯̃ b ɾ ɐ
cão	k ɐ̃ ʊ̯̃
céu	s ɛ ʊ̯
cê	s e
cíclico	s i k l i k u
cópia	k ɔ p j ɐ
cópula	k ɔ p u l ɐ
dai	d a ɪ̯
dando	d ɐ̃ d u
dança	d ɐ̃ s ɐ
danço	d ɐ̃ s u
data	d a t ɐ
dava	d a v ɐ
davam	d a v ɐ̃ ʊ̯̃
decidir	d̪ ë s̻ ɪ d͡ʒ i χ
def	d ɛ f
degrau	d̪ ë ɡ ɾ ä ʊ
deitar	d̪ ë ɪ̯ t̪ ä χ
deli	d ɛ l i
demorar	d̪ ẽ̞ m ö ɾ ä χ
dentro	d ẽ t ɾ u
dera	d ɛ ɾ ɐ
deram	d ɛ ɾ ɐ̃ ʊ̯̃
desajeitado	d z a ʒ e i̯ t a d ʊ
desajeitado	d͡ʒ i z ɐ ʒ e i̯ t a d ʊ
descansar	d̪ ë s̻ k ə̃ s̻ ä χ
descer	d̪ ë s̻ e χ
desconsolar	d ʒ i s k õ s o l a r
desejar	d̪ ë z̻ ë ʒ ä χ
desejo	d̪ ë z̻ e ʒ ʊ
desistir	d̪ ë z̻ ɪ s̻ t͡ʃ i χ
desligar	d̪ ë z̻ l̪ʲ ɪ ɡ ä χ
dessa	d ɛ s ɐ
deu	d e ʊ̯
deusa	d e ʊ̯ z ɐ
dever	d̪ ë v e h
dicionário	d͡ʒ ɪ s̻ j ö n̪ ä ɾ j ʊ
diferente	d͡ʒ ɪ f ë ɾ ẽ̞ ɪ̯̃ⁿ t͡ʃ ɪ
difícil	d͡ʒ ɪ f i s̻ j ʊ
diminuir	d͡ʒ ɪ m i n̪ ʊ i χ
dirigir	d͡ʒ ɪ ɾ ɪ ʒ i χ
discurso	d͡͡ʒ ɪ s̻ k u χ s̻ ʊ
disponível	d͡ʒ ɪ s̻ p õ̞ n i v ë ʊ̯
distância	d͡ʒ ɪ s̻ t̪ ə̃ s̻ j ə
diversão	d͡ʒ ɪ v ë χ s̻ ə̃ ʊ̯̃
dividir	d͡ʒ ɪ v ɪ d ʒ i χ
doca	d ɔ k ɐ
doença	d̪ ö ẽ̞ ɪ̯̃ s̻ ə
doer	d̪ ö e χ
dono	d̪ õ̞ n̪ ʊ
dormir	d̪ ö ʁ m i χ
dou	d o ʊ̯
douro	d o ʊ̯ ɾ u
ducto	d u k t u
duquesa	d u k e z ɐ
durar	d̪ ʊ ɾ ä χ
durio	d u ɾ i u
duro	d u ɾ u
duto	d u t u
dá	d a
dão	d ɐ̃ ʊ̯̃
década	d̪ ɛ k ə d̪ ə
décimo	d ɛ s i m u
déficit	d ɛ f i s i t i
déficit	d ɛ f i s i t͡ʃ i
déficit	d ɛ f s i t͡ʃ i
dê	d e
dó	d ɔ
e	i
eco	ɛ k u
ecrã	ɛ k ɾ ɐ̃
ela	ɛ l ɐ
elo	ɛ l u
emprego	ɪ̃ ɪ̯̃ᵐ p ɾ e ɡ ʊ
emprego	ɪ̃ ɪ̯̃ᵐ p ɾ ɛ ɡ ʊ
empresa	ɪ̃ ɪ̯̃ᵐ p ɾ e z̻ ə
empurrar	ɪ̃ ɪ̯̃ᵐ p ʊ χ ä χ
emílio	eʲ m i l j u
encher	ɪ̃ ɪ̯̃ ʃ e χ
encontrar	ɪ̃ ɪ̯̃ᵑ k õ̞ ʊ̯̃ⁿ t ɾ ä χ
endereço	ɪ̃ ɪ̯̃ⁿ d̪ ë ɾ e s̻ ʊ
enorme	e n ɔ ɾ m i
enorme	ẽ̞ n̪ ɔ ʁ m ɪ
ensinar	ɪ̃ ɪ̯̃ s̻ ɪ̃ n̪ ä χ
entrada	ẽ̞ ɪ̯̃ⁿ t̪ ɾ ä d̪ ə
entro	ẽ t ɾ u
enviar	ẽ̞ ɪ̯̃ v ɪ ä χ
era	ɛ ɾ ɐ
eram	ɛ ɾ ɐ̃ ʊ̯̃
errado	ë χ ä d̪ ʊ
escolha	ɪ s̻ k o ʎ ə
escolher	ɪ s̻ k ö ʎ e χ
escova	ɪ s̻ k o v ə
escrever	ɪ s̻ k ɾ ë v e χ
escutar	ɪ s̻ k ʊ t̪ ä χ
esfera	e s f ɛ ɾ ɐ
esfera	e ʃ f ɛ ɾ ɐ
esfera	i ʃ f ɛ ɾ ɐ
espaço	ɪ s̻ p ä s̻ ʊ
espelho	ɪ s̻ p e ʎ ʊ
esperar	ɪ s̻ p ë ɾ ä χ
essa	ɛ s ɐ
estado	ɪ s̻ t̪ ä d̪ ʊ
estilo	ɪ s̻ t ʃ i l̪ ʊ
estrada	ɪ s̻ t ɾ ä d̪ ə
estrela	ɪ s̻ t̪ ɾ e l̪ ə
estudar	ɪ s̻ t̪ ʊ d̪ ä χ
estudo	ɪ s̻ t̪ u d̪ ʊ
etna	ɛ t n ɐ
eu	e ʊ̯
euro	e ʊ̯ ɾ u
europa	e ʊ̯ ɾ ɔ p ɐ
faca	f a k ɐ
facho	f a ʃ u
facto	f a k t u
faia	f a ɪ̯ ɐ
faixa	f a ɪ̯ ʃ ɐ
fala	f a l ɐ
falam	f a l ɐ̃ ʊ̯̃
falha	f a ʎ ɐ
falo	f a l u
faq	f a k
faro	f a ɾ u
fato	f a t u
fatura	f a t u ɾ ɐ
fauno	f a ʊ̯ n u
fava	f a v ɐ
fazenda	f ɐ z̻ ẽ̞ ɪ̯̃ⁿ d̪ ə
faça	f a s ɐ
façam	f a s ɐ̃ ʊ̯̃
faço	f a s u
fera	f ɛ ɾ ɐ
festa	f ɛ s̻ t̪ ə
ficar	f ɪ k ä h
fico	f i k u
fila	f i l ɐ
filantrópica	f i l ɐ̃ t ɾ ɔ p i k ɐ
filantrópico	f i l ɐ̃ t ɾ ɔ p i k u
filha	f i ʎ ɐ
filho	f i ʎ u
filhota	f i ʎ ɔ t ɐ
filhó	f i ʎ ɔ
filipa	f i l i p ɐ
filo	f i l u
fim	f ĩ
finai	f i n a ɪ̯
finando	f i n ɐ̃ d u
finara	f i n a ɾ ɐ
finaram	f i n a ɾ ɐ̃ ʊ̯̃
finava	f i n a v ɐ
finavam	f i n a v ɐ̃ ʊ̯̃
finesa	f i n e z ɐ
fingir	f ɪ̃ ɪ̯̃ ʒ i χ
finita	f i n i t ɐ
finito	f i n i t u
finlandesa	f ĩ l ɐ̃ d e z ɐ
finou	f i n o ʊ̯
finta	f ĩ t ɐ
fio	f i u
fizera	f i z ɛ ɾ ɐ
fizeram	f i z ɛ ɾ ɐ̃ ʊ̯̃
flaca	f l a k ɐ
flaco	f l a k u
flanco	f l ɐ̃ k u
flauta	f l a ʊ̯ t ɐ
flora	f l ɔ ɾ ɐ
floresta	f l̪ ö ɾ ɛ s̻ t̪ ə
fluxo	f l u k s u
foca	f ɔ k ɐ
foco	f ɔ k u
foi	f o ɪ̯
folha	f o ʎ ɐ
folha	f ɔ ʎ ɐ
fora	f o ɾ ɐ
fora	f ɔ ɾ ɐ
foram	f o ɾ ɐ̃ ʊ̯̃
formar	f ö ʁ m ä χ
foro	f o ɾ u
foro	f ɔ ɾ u
forte	f ɔ χ t͡ʃ ɪ
força	f o χ s̻ ə
foto	f ɔ t̪ ʊ
fraca	f ɾ a k ɐ
fraco	f ɾ ä k ʊ
franga	f ɾ ɐ̃ ɡ ɐ
frango	f ɾ ɐ̃ ɡ u
frança	f ɾ ɐ̃ s ɐ
frapê	f ɾ a p e
frase	f ɾ ä z̻ ɪ
fraternidade	f ɾ a t e ɾ n i d a d͡ʒ i
fração	f ɾ a s ɐ̃ ʊ̯̃
frente	f ɾ ẽ̞ ɪ̯̃ n t͡ʃ ɪ
frincha	f ɾ ĩ ʃ ɐ
frouxo	f ɾ o ʊ̯ ʃ u
fruta	f ɾ u t̪ ə
fugir	f u ʒ i ɹ
fugir	f u ʒ i ɻ
fui	f u ɪ̯
fundo	f ũ d u
fundo	f ʊ̃ ʊ̯̃ⁿ d̪ ʊ
fundão	f ũ d ɐ̃ ʊ̯̃
furão	f u ɾ ɐ̃ ʊ̯̃
futuro	f ʊ t̪ u ɾ ʊ
fá	f a
fácil	f ä s̻ ɪ ʊ̯
fã	f ɐ̃
fé	f ɛ
fécula	f ɛ k u l ɐ
gaia	ɡ a ɪ̯ ɐ
gaio	ɡ a ɪ̯ u
gaita	ɡ a ɪ̯ t ɐ
gala	ɡ a l ɐ
galho	ɡ ä ʎ ʊ
galinha	ɡ ɐ l̪ʲ ɪ̃ ɲ ə
gamba	ɡ ɐ̃ b ɐ
gambá	ɡ ɐ̃ b a
ganga	ɡ ɐ̃ ɡ ɐ
gansa	ɡ ɐ̃ s ɐ
ganso	ɡ ɐ̃ s u
ganza	ɡ ɐ̃ z ɐ
garantir	ɡ ɐ ɾ ə̃ⁿ t͡ʃ i χ
garfo	ɡ ä χ f ʊ
garota	ɡ a ɾ o t̪ ə
garoto	ɡ ɐ ɾ o t̪ ʊ
gastar	ɡ ɐ s̻ t̪ ä χ
gata	ɡ a t ɐ
gato	ɡ a t u
gaza	ɡ a z ɐ
gelo	ʒ e l̪ ʊ
gelo	ʒ ɛ l̪ ʊ
gengiva	ʒ ẽ ʒ i v ɐ
gerar	ʒ e ɾ a h
gerar	ʒ e ɾ a ɹ
gerar	ʒ e ɾ a ɻ
gerar	ʒ e ɾ a χ
gineta	ʒ i n e t ɐ
ginga	ʒ ĩ ɡ ɐ
gipsita	ʒ i p s i t ɐ
girafa	ʒ i ɾ a f ɐ
giro	ʒ i ɾ u
glauca	ɡ l a ʊ̯ k ɐ
glauco	ɡ l a ʊ̯ k u
glifo	ɡ l i f u
glândula	ɡ l ɐ̃ d u l ɐ
goivo	ɡ o ɪ̯ v u
gola	ɡ ɔ l ɐ
goleador	ɡ o l e a d o h
golo	ɡ o l u
gozo	ɡ o z u
gozo	ɡ ɔ z u
grafo	ɡ ɾ a f u
gralha	ɡ ɾ a ʎ ɐ
grandão	ɡ ɾ ɐ̃ d ɐ̃ ʊ̯̃
grau	ɡ ɾ a ʊ̯
grava	ɡ ɾ a v ɐ
graxa	ɡ ɾ a ʃ ɐ
grifo	ɡ ɾ i f u
griso	ɡ ɾ i z u
gritão	ɡ ɾ i t ɐ̃ ʊ̯̃
grou	ɡ ɾ o ʊ̯
grua	ɡ ɾ u ɐ
grudar	ɡ ɾ u d a ʁ
grupo	ɡ ɾ u p ʊ
gráfica	ɡ ɾ a f i k ɐ
gráfico	ɡ ɾ a f i k u
grátis	ɡ ɾ ä t͡ʃ ɪ s̻
grã	ɡ ɾ ɐ̃
guardar	ɡʷ ɐ ʁ d̪ ä χ
guia	ɡ i ɐ
guiné	ɡ i n ɛ
guizo	ɡ i z u
guri	ɡ u ɾ i
guru	ɡ u ɾ u
guê	ɡ e
gê	ʒ e
h	h
h	ɦ
h	ʁ
habilidade	ɐ b i l̪ʲ ɪ d̪ ä d͡ʒ ɪ
hata	a t ɐ
havai	a v a ɪ̯
hera	ɛ ɾ ɐ
higia	i ʒ i ɐ
hisako	i z a k u
história	ɪ s̻ t̪ ɔ ɾ j ə
hora	ɔ ɾ ɐ
hotel	ö t̪ ɛ ʊ̯
humano	ʊ̃ m ə̃ n̪ ʊ
hungria	ũ ɡ ɾ i ɐ
hão	ɐ̃ ʊ̯̃
hélio	ɛ l j u
hũa	ũ ɐ
ia	i ɐ
iam	i ɐ̃ ʊ̯̃
idiota	i d͡ʒ ɔ t a
igreja	ɪ ɡ ɾ e ʒ ə
ilha	i ʎ ɐ
ilhéu	i ʎ ɛ ʊ̯
imaginar	ɪ̃ m ä ʒ ɪ̃ n̪ ä χ
impala	ĩ p a l ɐ
impera	ĩ p ɛ ɾ ɐ
impeça	ĩ p ɛ s ɐ
impressa	ĩ p ɾ ɛ s ɐ
imã	i m ɐ̃
incauto	ĩ k a ʊ̯ t u
inchaço	ĩ ʃ a s u
incisiva	ĩ s i z i v ɐ
incisivo	ĩ s i z i v u
indicar	ɪ̃ ɪ̯̃ⁿ d͡ʒ ɪ k ä χ
inepta	i n ɛ p t ɐ
inepto	i n ɛ p t u
infinita	ĩ f i n i t ɐ
informação	ĩ f o ɾ m a s ɐ̃ w̃
informação	ɪ̃ ɪ̯̃ f o ʁ m ɐ s̻ ə̃ ʊ̯̃
injeção	ĩ ʒ ɛ s ɐ̃ ʊ̯̃
inseto	ĩ s ɛ t u
insurgente	ĩ n s u ɾ ʒ ẽ n t͡ʃ ɪ
interesse	ɪ̃ ɪ̯̃ⁿ t̪ ë ɾ e s̻ ɪ
ipê	i p e
iria	i ɾ i ɐ
irá	i ɾ a
irã	i ɾ ɐ̃
irão	i ɾ ɐ̃ ʊ̯̃
isaura	i z a ʊ̯ ɾ ɐ
isenta	i z ẽ t ɐ
isento	i z ẽ t u
isso	i s u
ião	i ɐ̃ ʊ̯̃
iço	i s u
jaca	ʒ a k ɐ
janta	ʒ ɐ̃ t ɐ
jantava	ʒ ɐ̃ t a v ɐ
jardim	ʒ a ɹ d͡ʒ ĩ j̃
jardim	ʒ ɐ ʁ d͡ʒ ɪ̃ ɪ̯̃
jato	ʒ a t u
jau	ʒ a ʊ̯
jaula	ʒ a ʊ̯ l ɐ
java	ʒ a v ɐ
joia	ʒ ɔ ɪ̯ ɐ
joio	ʒ o ɪ̯ u
jota	ʒ ɔ t ɐ
ju	ʒ u
julho	ʒ u ʎ u
jumento	ʒ u m ẽ t u
junco	ʒ ũ k u
junto	ʒ ũ t u
juso	ʒ u z u
já	ʒ a
júri	ʒ u ɾ i
kan	k a n
kilimanjaro	k i l i m ɐ̃ ʒ a ɾ u
kwanza	k w ɐ̃ z ɐ
la	l ɐ
laca	l a k ɐ
lacra	l a k ɾ ɐ
lacro	l a k ɾ u
laico	l a ɪ̯ k u
laivo	l a ɪ̯ v u
lambo	l ɐ̃ b u
lambreta	l ɐ̃ b ɾ e t ɐ
lança	l ɐ̃ s ɐ
lanço	l ɐ̃ s u
largo	l̪ ä ʁ ɡ ʊ
lassa	l a s ɐ
lasso	l a s u
laura	l a ʊ̯ ɾ ɐ
lava	l a v ɐ
lavar	l̪ ɐ v ä χ
lavra	l a v ɾ ɐ
laço	l a s u
leite	l̪ e ɪ̯ t ʃ ɪ
lembra	l ẽ b ɾ ɐ
lembram	l ẽ b ɾ ɐ̃ ʊ̯̃
lembrando	l ẽ b ɾ ɐ̃ d u
lembrança	l ẽ b ɾ ɐ̃ s ɐ
lembrava	l ẽ b ɾ a v ɐ
lembro	l ẽ b ɾ u
lembrou	l ẽ b ɾ o ʊ̯
lenda	l ẽ d ɐ
lenta	l ẽ t ɐ
lento	l̪ ẽ̞ ɪ̯̃ⁿ t̪ ʊ
lenço	l ẽ s u
lera	l e ɾ ɐ
letra	l e t ɾ ɐ
leu	l e ʊ̯
leva	l ɛ v ɐ
levam	l ɛ v ɐ̃ ʊ̯̃
levantar	l̪ ë v ə̃ⁿ t̪ ä χ
levo	l ɛ v u
li	l i
licantropo	l i k ɐ̃ t ɾ o p u
licença	l i s ẽ s ɐ
lichia	l i ʃ i ɐ
lidar	l̪ʲ ɪ d̪ ä χ
ligar	l̪ʲ ɪ ɡ ä χ
limpar	l̪ʲ ɪ̃ p ä χ
limpo	l̪ʲ ɪ̃ ɪ̯̃ᵐ p ʊ
linchava	l ĩ ʃ a v ɐ
lindo	l ĩ d u
linha	lʲ ɪ̃ ɲ ə
liso	l i z u
lista	l̪ʲ i s̻ t̪ ə
litrosa	l i t ɾ ɔ z ɐ
livrava	l i v ɾ a v ɐ
livro	l i v ɾ u
livrão	l i v ɾ ɐ̃ ʊ̯̃
lixa	l i ʃ ɐ
lixava	l i ʃ a v ɐ
lixo	l i ʃ u
lição	l i s ɐ̃ ʊ̯̃
lo	l u
loja	l̪ ɔ ʒ ə
lomba	l õ b ɐ
lombo	l õ b u
longa	l õ ɡ ɐ
longo	l õ ɡ u
lontra	l õ t ɾ ɐ
louco	l o ʊ̯ k u
loulé	l o ʊ̯ l ɛ
louro	l o ʊ̯ ɾ u
louvava	l o ʊ̯ v a v ɐ
lua	l u ɐ
lucrava	l u k ɾ a v ɐ
luneta	l u n e t ɐ
luso	l u z u
luta	l̪ u t̪ ə
lutar	l̪ ʊ t̪ ä χ
lux	l u k s
lá	l a
lácio	l a s j u
lápis	l̪ ä p ɪ s̻
lã	l ɐ̃
léu	l ɛ ʊ̯
lê	l e
língua	l ĩ ɡ w ɐ
lírio	l i ɾ j u
lúcia	l u s j ɐ
macarrão	m ɐ k ɐ χ ə̃ ʊ̯̃
macho	m a ʃ u
macro	m a k ɾ u
maia	m a ɪ̯ ɐ
maio	m a ɪ̯ u
maioria	m ɐ ɪ̯ ö ɾ i ə
mala	m a l ɐ
malevolente	m a l e v o l ẽ t ʃ
malevolente	m a l e v o l ẽ t ʃ i
malha	m a ʎ ɐ
malho	m a ʎ u
mali	m a l i
mamba	m ɐ̃ b ɐ
mambo	m ɐ̃ b u
manca	m ɐ̃ k ɐ
manco	m ɐ̃ k u
manda	m ɐ̃ d ɐ
mandando	m ɐ̃ d ɐ̃ d u
mandar	m ə̃ⁿ d̪ ä χ
mandava	m ɐ̃ d a v ɐ
mando	m ɐ̃ d u
manga	m ɐ̃ ɡ ɐ
mangá	m ɐ̃ ɡ a
manhê	m ɐ̃ j̃ e
mansa	m ɐ̃ s ɐ
manso	m ɐ̃ s u
manta	m ɐ̃ t ɐ
manter	m ə̃ⁿ t̪ e χ
manto	m ɐ̃ t u
mapa	m a p ɐ
marco	m a ɹ k o
marco	m a ɹ k u
marco	m a ɾ k o
marco	m a ɾ k u
margarida	m a h ɡ a ɾ i d ɐ
margarida	m a ɻ ɡ a ɾ i d a
margarida	m a ɾ ɡ a ɾ i d ɐ
margarida	m a χ ɡ a ɾ i d ɐ
massa	m a s ɐ
matar	m ɐ t̪ ä χ
matemática	m a t e m a t i k ɐ
matemática	m a t e m a t ʃ i k ɐ
matéria	m ɐ t̪ ɛ ɾ j ə
mau	m a ʊ̯
maura	m a ʊ̯ ɾ ɐ
mauro	m a ʊ̯ ɾ u
maça	m a s ɐ
maço	m a s u
meca	m ɛ k ɐ
meio	m e ɪ̯ ʊ
melhorar	m ë ʎ ö ɾ ä χ
membro	m ẽ b ɾ u
memória	m ẽ̞ m ɔ ɾ j ə
mensagem	m ẽ̞ ɪ̯̃ s̻ ä ʒ ẽ̞ ɪ̯̃
menta	m ẽ t ɐ
mente	m ẽ̞ ɪ̯̃ⁿ t͡ʃ ɪ
mera	m ɛ ɾ ɐ
mercado	m ë χ k ä d̪ ʊ
mesa	m e z ɐ
meta	m ɛ t̪ ə
metade	m ë t̪ ä d͡ʒ ɪ
metro	m ɛ t ɾ u
meu	m e ʊ̯
mi	m i
micho	m i ʃ u
mico	m i k u
mijo	m i ʒ u
mika	m i k ɐ
miki	m i k i
mikiko	m i k i k u
milha	m i ʎ ɐ
milho	m i ʎ u
milhão	m i ʎ ɐ̃ ʊ̯̃
mim	m ĩ
mimo	m i m u
minako	m i n a k u
mingau	m ĩ ɡ a ʊ̯
minuto	m ɪ̃ n̪ u t̪ ʊ
mira	m i ɾ ɐ
miranda	m i ɾ ɐ̃ d ɐ
mirandela	m i ɾ ɐ̃ d ɛ l ɐ
mirífico	m i r i f i k ʊ
misandria	m i z ɐ̃ d ɾ i ɐ
missa	m i s ɐ
mississippi	m i s i s i p i
missiva	m i s i v ɐ
mito	m i t u
mitombo	m i t õ b u
miyuki	m i j u k i
moacir	m o a s i χ
moira	m o ɪ̯ ɾ ɐ
moita	m o ɪ̯ t ɐ
mola	m ɔ l ɐ
momento	m õ̞ m ẽ̞ ɪ̯̃ⁿ t̪ ʊ
monte	m õ t e
monte	m õ t ɪ
monte	m õ tʲ
morte	m ɔ χ t͡ʃ ɪ
mostrar	m ö s̻ t ɾ ä χ
mouco	m o ʊ̯ k u
moura	m o ʊ̯ ɾ ɐ
mouro	m o ʊ̯ ɾ u
mover	m ö v e χ
moça	m o s ɐ
moço	m o s u
mudar	m ʊ d̪ ä χ
mui	m u ɪ̯
mui	m ũ ɪ̯
muita	m ũ ɪ̯̃ t ɐ
muitas	m ũ ɪ̯̃ t ɐ s
muito	m ũ ɪ̯̃ t u
muitos	m ũ ɪ̯̃ t u s
mundo	m ũ d u
mundão	m ũ d ɐ̃ ʊ̯̃
município	m u n i s i p j u
muquifo	m u k i f u
muralha	m u ɾ a ʎ ɐ
murcho	m u ʃ u
musa	m u z ɐ
museu	m ʊ z̻ e ʊ̯
mutuca	m u t u k ɐ
má	m a
mágica	m a ʒ i k ɐ
mágico	m a ʒ i k u
máximo	m a s i m u
mãe	m ɐ̃ ɪ̯̃
mão	m ɐ̃ ʊ̯̃
mérito	m ɛ ɾ i t u
méxico	m ɛ ʃ i k u
mó	m ɔ
música	m u z i k ɐ
naco	n a k u
nadar	n̪ ɐ d̪ ä χ
naifa	n a ɪ̯ f ɐ
nasa	n a z ɐ
nascimento	n̪ ɐ s̻ ɪ̃ m ẽ̞ ɪ̯̃ⁿ t̪ ʊ
natureza	n̪ ɐ t̪ ʊ ɾ e z̻ ə
nau	n a ʊ̯
nauta	n a ʊ̯ t ɐ
navio	n̪ ɐ v i ʊ̯
nazi	n a z i
necessário	n̪ ë s̻ ë s̻ ä ɾ j ʊ
nero	n ɛ ɾ u
nessa	n ɛ s ɐ
neta	n ɛ t ɐ
neto	n ɛ t u
neve	n̪ ɛ v ɪ
nhoca	ɲ ɔ k ɐ
nim	n ĩ
nimbo	n ĩ b u
ninfa	n ĩ f ɐ
nix	n i k s
no	n u
nojo	n o ʒ u
nora	n ɔ ɾ ɐ
nossa	n ɔ s ɐ
nosso	n ɔ s u
notícia	n̪ ö t͡ʃ i s̻ j ə
nova	n ɔ v ɐ
novo	n o v u
nu	n u
nua	n u ɐ
nuca	n u k ɐ
numera	n u m ɛ ɾ ɐ
numero	n u m ɛ ɾ u
numérico	n u m ɛ ɾ i k u
nunca	n ũ k ɐ
nyx	n i k s
não	n ɐ̃ ʊ̯̃
nível	n̪ʲ i v ë ʊ̯
nó	n ɔ
número	n̪ ʊ̃ m ë ɾ ʊ
objeto	ö b ɪ ʒ ɛ t̪ ʊ
objeto	ö b ʒ ɛ t̪ ʊ
oca	o k ɐ
oco	o k u
oi	o ɪ̯
oitava	o ɪ̯ t a v ɐ
oitavo	o ɪ̯ t a v u
oitenta	o ɪ̯ t ẽ t ɐ
oito	o ɪ̯ t u
oiço	o ɪ̯ s u
olha	o ʎ ɐ
olha	ɔ ʎ ɐ
olham	ɔ ʎ ɐ̃ ʊ̯̃
olho	o ʎ u
olho	ɔ ʎ u
ombro	õ b ɾ u
onça	õ s ɐ
ora	ɔ ɾ ɐ
osso	o s u
ouriço	o ʊ̯ ɾ i s u
ouro	o ʊ̯ ɾ u
outra	o ʊ̯ t ɾ ɐ
outro	o ʊ̯ t ɾ u
ova	ɔ v ɐ
ovo	o v u
pai	p a ɪ̯
paio	p a ɪ̯ u
paixão	p a ɪ̯ ʃ ɐ̃ ʊ̯̃
pala	p a l ɐ
palha	p a ʎ ɐ
panca	p ɐ̃ k ɐ
panda	p ɐ̃ d ɐ
pandora	p ɐ̃ d ɔ ɾ ɐ
panela	p ə̃ n̪ ɛ l̪ ə
panfleto	p ɐ̃ f l e t u
panqueca	p ɐ̃ k ɛ k ɐ
pantera	p ɐ̃ t ɛ ɾ ɐ
pança	p ɐ̃ s ɐ
papa	p a p ɐ
parecido	p ɐ ɾ ë s̻ i d̪ ʊ
parede	p ɐ ɾ e d͡ʒ ɪ
partida	p ɐ χ t͡ʃ i d̪ ə
partido	p ɐ χ t͡ʃ i d̪ ʊ
partir	p a ɹ t͡ʃ i ɹ
partir	p a ɾ t͡ʃ i ɾ
passa	p a s ɐ
passado	p ɐ s̻ ä d̪ ʊ
passo	p a s u
pato	p a t u
patê	p a t e
pau	p a ʊ̯
paula	p a ʊ̯ l ɐ
paulo	p a ʊ̯ l u
pausa	p a ʊ̯ z ɐ
pauso	p a ʊ̯ z u
pauta	p a ʊ̯ t ɐ
pavê	p a v e
peca	p ɛ k ɐ
pedido	p ë d͡ʒ i d̪ ʊ
pedra	p ɛ d̪ ɾ ə
pelo	p e l u
pelo	p ɛ l u
pendurar	p ẽ̞ ɪ̯̃ⁿ d̪ ʊ ɾ ä χ
peninsular	p e n i j̃ s u l a ɾ
peninsular	p e n i j̃ s u l a χ
pensa	p ẽ s ɐ
pensam	p ẽ s ɐ̃ ʊ̯̃
pensando	p ẽ s ɐ̃ d u
pensara	p ẽ s a ɾ ɐ
pensaram	p ẽ s a ɾ ɐ̃ ʊ̯̃
pensava	p ẽ s a v ɐ
penso	p ẽ s u
pensou	p ẽ s o ʊ̯
pera	p e ɾ ɐ
pera	p ɛ ɾ ɐ
perceber	p ë χ s̻ ë b e χ
perda	p e ʁ d̪ ə
perdoar	p e ɹ d o a ɹ
perdoar	p e ɻ d o a ɻ
perdoar	p ɛ ɖ w a
perdoar	p ɛ ɦ d̪ w a h
perdão	p e ɹ d ɐ̃ w̃
perdão	p ɛ ɦ d ɐ̃ w̃
perigo	p ë ɾ i ɡ ʊ
permitir	p ë ʁ m ɪ t͡ʃ i χ
pero	p e ɾ u
pero	p ɛ ɾ u
período	p ë ɾ i ʊ̯ d̪ ʊ
peso	p e z̻ ʊ
pesquisar	p ë s̻ k ɪ z̻ ä χ
peça	p ɛ s ɐ
peça	p ɛ s̻ ə
pia	p i ɐ
pico	p i k u
pila	p i l ɐ
pilha	p i ʎ ɐ
pilhão	p i ʎ ɐ̃ ʊ̯̃
pilão	p i l ɐ̃ ʊ̯̃
pimenta	p i m ẽ t ɐ
pimentão	p i m ẽ t ɐ̃ ʊ̯̃
pinguim	p ĩ ɡ w ĩ
pinto	p ĩ t u
pipi	p i p i
pipoca	p i p ɔ k ɐ
pira	p i ɾ ɐ
pirita	p i ɾ i t ɐ
piroca	p i ɾ ɔ k ɐ
piru	p i ɾ u
pirão	p i ɾ ɐ̃ ʊ̯̃
pisa	p i z ɐ
piso	p i z̻ ʊ
pitanga	p i t ɐ̃ ɡ ɐ
pito	p i t u
pitão	p i t ɐ̃ ʊ̯̃
pitéu	p i t ɛ ʊ̯
pivô	p i v o
pixulé	p i ʃ u l ɛ
piza	p i z ɐ
piça	p i s ɐ
plano	p l̪ ə̃ n̪ ʊ
planta	p l̪ ə̃ⁿ t̪ ə
plantão	p l ɐ̃ t ɐ̃ ʊ̯̃
platô	p l a t o
plutão	p l u t ɐ̃ ʊ̯̃
poio	p o ɪ̯ u
polo	p o l u
polo	p ɔ l u
polícia	p ö l̪ʲ i s̻ j ə
pomba	p õ b ɐ
pombo	p õ b u
pondera	p õ d ɛ ɾ ɐ
pondo	p õ d u
ponta	p õ̞ ʊ̯̃ⁿ t̪ ə
ponte	p õ̞ ʊ̯̃ⁿ t͡ʃ ɪ
ponto	p õ t u
ponto	p õ ʊ̯̃ⁿ t̪ ʊ
por	p o ɹ
por	p o ɻ
por	p o ɾ
por	p u ɹ
por	p u ɻ
por	p u ɾ
porre	p ɔ h ɪ
posição	p ö z̻ ɪ s̻ ə̃ ʊ̯̃
possa	p ɔ s ɐ
posso	p ɔ s u
possível	p ö s̻ i v ë ʊ̯
potra	p o t ɾ ɐ
potro	p o t ɾ u
pouca	p o ʊ̯ k ɐ
pouco	p o ʊ̯ k u
poupa	p o ʊ̯ p ɐ
poupança	p o ʊ̯ p ɐ̃ s ɐ
pouquíssimo	p o ʊ̯ k i s i m u
povo	p o v u
poço	p o s u
praia	p ɾ a ɪ̯ ɐ
pranto	p ɾ ɐ̃ t u
prata	p ɾ a t ɐ
prato	p ɾ ä t̪ ʊ
prazer	p ɾ ɐ z̻ e χ
preferir	p ɾ ë f ë ɾ i χ
preparar	p ɾ ë p ɐ ɾ ä χ
presente	p ɾ ë z̻ ẽ̞ ɪ̯̃ⁿ t͡ʃ ɪ
pressa	p ɾ ɛ s ɐ
preto	p ɾ e t u
prever	p ɾ ë v e χ
preço	p ɾ e s̻ ʊ
princesa	p ɾ ĩ s e z ɐ
prisão	p ɾ i z ɐ̃ ʊ̯̃
procurar	p ɾ ö k ʊ ɾ ä χ
produzir	p ɾ o d u z i x
produzir	p ɾ o d u z i ɹ
produzir	p ɾ o d u z i ɻ
produzir	p ɾ o d u z i ɾ
produzir	p ɾ ö d̪ ʊ z̻ i χ
produzir	p ɾ ɔ d u z i h
pronto	p ɾ õ̞ ʊ̯̃ⁿ t̪ ʊ
proposta	p ɾ ö p ɔ s̻ t̪ ə
propósito	p ɾ ö p ɔ z̻ ɪ t̪ ʊ
proteger	p ɾ ö t̪ ë ʒ e χ
prova	p ɾ ɔ v ə
provável	p ɾ ö v ä v ë ʊ̯
proxy	p ɾ ɔ k s i
prático	p ɾ ä t͡ʃ ɪ k ʊ
próxima	p ɾ ɔ s i m ɐ
próximo	p ɾ ɔ s i m u
psiquê	p s i k e
pulava	p u l a v ɐ
pulcro	p u l̺ k r̺ u
puré	p u ɾ ɛ
pusera	p u z ɛ ɾ ɐ
puseram	p u z ɛ ɾ ɐ̃ ʊ̯̃
puto	p u t u
putz	p u t͡s
puxar	p ʊ ʃ ä χ
página	p ä ʒ ɪ n̪ ə
pã	p ɐ̃
pão	p ɐ̃ ʊ̯̃
pé	p ɛ
pê	p e
pílula	p i l u l ɐ
pó	p ɔ
pólux	p ɔ l u k s
põe	p õ ɪ̯̃
público	p u b l̪ʲ ɪ k ʊ
qualidade	kʷ ɐ l̪ʲ ɪ d̪ ä d͡ʒ ɪ
quando	k w ɐ̃ d u
quanta	k w ɐ̃ t ɐ
quantidade	kʷ ə̃ⁿ t͡ʃ ɪ d̪ ä d͡ʒ ɪ
quanto	k w ɐ̃ t u
quantum	k w ɐ̃ t ũ
quatro	k w a t ɾ u
quebrar	k ë b ɾ ä χ
queca	k ɛ k ɐ
queixada	k e i ʃ a d a
quero	k ɛ ɾ u
quieto	k j ɛ t u
quieto	k ɛ t u
quilha	k i ʎ ɐ
quilo	k i l u
quilombo	k i l õ b u
quimera	k i m ɛ ɾ ɐ
quimérico	k i m ɛ ɾ i k u
quinta	k ĩ t ɐ
quinto	k ĩ t u
quipá	k i p a
quisera	k i z ɛ ɾ ɐ
quiseram	k i z ɛ ɾ ɐ̃ ʊ̯̃
quivi	k i v i
quiçá	k i s a
quota	k w ɔ t ɐ
quão	k w ɐ̃ ʊ̯̃
quê	k e
quórum	k w ɔ ɾ ũ
rabo	ɦ a b u
rabugento	ʁ a b u ʒ e ẽ̝̯ t ʊ̤
reais	h e a j s
realizar	χ ë ä l̪ʲ ɪ z̻ ä χ
rebocar	h e b o k a ɻ
rebocar	r e b o k a ɾ
receber	χ ë s̻ ë b e χ
reconhecer	χ ë k õ̞ ɲ ë s̻ e χ
regra	χ ɛ ɡ ɾ ə
relação	χ ë l̪ ɐ s̻ ə̃ ʊ̯̃
relógio	χ ë l̪ ɔ ʒ j ʊ
remédio	ɦ ɛ m ɛ ɟ ʊ
repetir	χ ë p ë t͡ʃ i χ
responder	χ ë s̻ p õ̞ ʊ̯̃ⁿ d̪ e χ
resposta	χ ë s̻ p ɔ s̻ t̪ ə
restaurante	χ ë s̻ t̪ ɐ ʊ̯ ɾ ə̃ⁿ t͡ʃ ɪ
resto	χ ɛ s̻ t̪ ʊ
resultado	χ ë z̻ ʊ ʊ̯ t̪ ä d̪ ʊ
retesar	ʁ e t ë z a χ
revista	χ ë v i s̻ t̪ ə
rodízio	ʁ o d ʒ i z i u
rápido	χ ä p ɪ d̪ ʊ
sabor	s a b o ɹ
sabor	s a b o ɻ
sabão	s̻ ɐ b ə̃ ʊ̯̃
saca	s a k ɐ
sacerdote	s a s e ʁ d ɔ t͡ʃ i
sacra	s a k ɾ ɐ
sacro	s a k ɾ u
sai	s a ɪ̯
saia	s a ɪ̯ ɐ
saio	s a ɪ̯ u
sala	s a l ɐ
samba	s ɐ̃ b ɐ
sambo	s ɐ̃ b u
sandra	s ɐ̃ d ɾ ɐ
sangrenta	s ɐ̃ ɡ ɾ ẽ t ɐ
sangue	s̻ ə̃ᵑ ɡ ɪ
sanguenta	s ɐ̃ ɡ w ẽ t ɐ
santa	s ɐ̃ t ɐ
santo	s ɐ̃ t u
sapato	s̻ ɐ p ä t̪ ʊ
sapo	s a p u
sarcófago	s ɐ χ k ɔ f ɐ ɡ u
sauna	s a ʊ̯ n ɐ
seca	s e k ɐ
seca	s ɛ k ɐ
seco	s e k u
seco	s ɛ k u
segredo	s̻ ë ɡ ɾ e d̪ ʊ
seguir	s̻ ë ɡ i χ
segurar	s̻ ë ɡ ʊ ɾ ä χ
sela	s ɛ l ɐ
selo	s e l u
selo	s ɛ l u
sendo	s ẽ d u
senso	s ẽ s u
senta	s ẽ t ɐ
sentar	s̻ ẽ̞ ɪ̯̃ⁿ t̪ ä χ
sentido	s̻ ẽ̞ ɪ̯̃ⁿ t͡ʃ i d̪ ʊ
sentimento	s̻ ẽ̞ ɪ̯̃ⁿ t͡ʃ ɪ m ẽ̞ ɪ̯̃ⁿ t̪ ʊ
sentir	s̻ ẽ̞ ɪ̯̃ⁿ t͡ʃ i χ
sento	s ẽ t u
seu	s e ʊ̯
sexo	s ɛ k s u
sexy	s ɛ k s i
shiva	ʃ i v ɐ
shizuko	ʃ i z u k u
si	s i
silêncio	s̻ ɪ l̪ ẽ̞ ɪ̯̃ s̻ j ʊ
sim	s ĩ
simples	s̻ ɪ̃ ɪ̯̃ᵐ p l̪ ɪ s̻
siso	s i z u
situação	s̻ ɪ t̪ u ɐ s̻ ə̃ ʊ̯̃
sobrenome	s̻ ö b ɾ ẽ̞ n̪ õ̞ m ɪ
sobrinha	s̻ ö b ɾ ɪ̃ ɲ ə
sociedade	s̻ ö s̻ i ë d̪ ä d͡ʒ ɪ
soclo	s ɔ k l u
soco	s o k u
soco	s ɔ k u
som	s õ
sombra	s õ b ɾ ɐ
sonho	s̻ õ̞ ɲ ʊ
soo	s o u
sopa	s o p ɐ
sorriso	s̻ ö χ i z̻ ʊ
sou	s o ʊ̯
sousa	s o ʊ̯ z ɐ
sua	s u ɐ
subir	s̻ ʊ b i h
sucesso	s̻ ʊ s̻ ɛ s̻ ʊ
suco	s u k u
suculento	s u k u l ẽ t u
suficiente	s̻ ʊ f i s̻ ɪ ẽ̞ ɪ̯̃ⁿ t͡ʃ ɪ
sumiko	s u m i k u
suo	s u u
supermercado	s u p e ɹ m e ɹ k a d u
supermercado	s u p e ɻ m e ɻ k a d o
surfe	s u ɹ f i
surfe	s u ɾ f i
suricato	s u ɾ i k a t u
suzuki	s u z u k i
sã	s ɐ̃
são	s ɐ̃ ʊ̯̃
sé	s ɛ
sê	s e
sísifo	s i z i f u
só	s ɔ
sótão	s ɔ t ɐ̃ ʊ̯̃
tacha	t a ʃ ɐ
tacho	t a ʃ u
taco	t a k u
tala	t a l ɐ
talha	t a ʎ ɐ
talho	t a ʎ u
tamanho	t ɐ m ɐ̃ j̃ ʊ
tambor	t ɐ̃ b o ɹ
tambor	t ɐ̃ b o ɻ
tambor	t ɐ̃ b o ɾ
tanga	t ɐ̃ ɡ ɐ
tango	t ɐ̃ ɡ u
tanja	t ɐ̃ ʒ ɐ
tansa	t ɐ̃ s ɐ
tanso	t ɐ̃ s u
tanta	t ɐ̃ t ɐ
tanto	t ɐ̃ t u
tapa	t a p ɐ
tarô	t a ɾ o
tato	t a t u
tatu	t a t u
tau	t a ʊ̯
taxa	t a ʃ ɐ
taxo	t a ʃ u
taça	t a s ɐ
tchau	t͡ʃ a ʊ̯
tcheca	t͡ʃ ɛ k ɐ
tecla	t ɛ k l ɐ
tela	t ɛ l ɐ
temer	t e m e ɹ
temer	t e m e ɻ
tempera	t ẽ p ɛ ɾ ɐ
tempero	t ẽ p e ɾ u
tempero	t ẽ p ɛ ɾ u
tempo	t ẽ p u
tempão	t ẽ p ɐ̃ ʊ̯̃
tenda	t ẽ d ɐ
tendo	t ẽ d u
tenta	t ẽ t ɐ
tentar	t̪ ẽ̞ ɪ̯̃ⁿ t̪ ä χ
tentativa	t̪ ẽ̞ ɪ̯̃ⁿ t̪ ɐ t͡ʃ i v ə
tento	t ẽ t u
tera	t ɛ ɾ ɐ
terminar	t̪ ë ʁ m ɪ̃ n̪ ä χ
teta	t e t ɐ
teta	t ɛ t ɐ
teto	t ɛ t u
teu	t e ʊ̯
tinhoso	t͡ʃ ĩ j̃ o z u
tojo	t o ʒ u
tom	t õ
tomar	t̪ õ̞ m ä χ
tondela	t õ d ɛ l ɐ
tonga	t õ ɡ ɐ
topo	t o p u
topo	t ɔ p u
toro	t ɔ ɾ u
tosco	t o s k u̥
touro	t o ʊ̯ ɾ u
trai	t ɾ a ɪ̯
tralha	t ɾ a ʎ ɐ
tranca	t ɾ ɐ̃ k ɐ
tranco	t ɾ ɐ̃ k u
trancoso	t ɾ ɐ̃ k o z u
tranquila	t ɾ ɐ̃ k w i l ɐ
transa	t ɾ ɐ̃ z ɐ
trança	t ɾ ɐ̃ s ɐ
tranço	t ɾ ɐ̃ s u
tratar	t ɾ a t a ɹ
tratar	t ɾ a t a ɻ
tratar	t ɾ a t a ɾ
trauma	t ɾ a ʊ̯ m ɐ
trava	t ɾ a v ɐ
traça	t ɾ a s ɐ
traço	t ɾ a s u
treco	t ɾ ɛ k u
trevo	t ɾ e v u
trilha	t ɾ i ʎ ɐ
trilho	t ɾ i ʎ u
trinta	t ɾ ĩ t ɐ
tripa	t ɾ i p ɐ
tripla	t ɾ i p l ɐ
tritão	t ɾ i t ɐ̃ ʊ̯̃
troco	t ɾ o k u
troco	t ɾ ɔ k u
trofa	t ɾ ɔ f ɐ
trom	t ɾ õ
trombeta	t ɾ õ b e t ɐ
trouxa	t ɾ o ʊ̯ ʃ ɐ
trouxera	t ɾ o ʊ̯ s ɛ ɾ ɐ
trouxeram	t ɾ o ʊ̯ s ɛ ɾ ɐ̃ ʊ̯̃
troço	t ɾ o s u
troço	t ɾ ɔ s u
trunfo	t ɾ ũ f u
trágica	t r a ʒ i k a
tsunami	t͡s u n ɐ m i
tsunami	t͡ʃ i s u n ɐ m i
tsunâmi	t͡s u n ɐ m i
tsunâmi	t͡ʃ i s u n ɐ m i
tsunâmis	t s u n ɐ m i s
tsunâmis	t͡ʃ i s u n ɐ m i s
tu	t u
tua	t u ɐ
tucuxi	t u k u ʃ i
tuiuiú	t u j u j u
tundra	t ũ d ɾ ɐ
tupi	t u p i
tupiniquim	t u p i n i k ĩ
tupla	t u p l ɐ
tupã	t u p ɐ̃
tutela	t u t ɛ l ɐ
táxi	t a k s i
tão	t ɐ̃ ʊ̯̃
técnico	t ɛ k n i k u
tê	t e
tô	t o
u	u
um	ũ
urucum	u ɾ u k ũ
urutau	u ɾ u t a ʊ̯
usa	u z ɐ
usam	u z ɐ̃ ʊ̯̃
usando	u z ɐ̃ d u
usara	u z a ɾ ɐ
usava	u z a v ɐ
uso	u z u
usou	u z o ʊ̯
usso	u s u
utópico	u t ɔ p i k u
vaca	v a k ɐ
vai	v a ɪ̯
vala	v a l ɐ
valha	v a ʎ ɐ
valho	v a ʎ u
vampiro	v ɐ̃ p i ɾ u
vara	v a ɾ ɐ
vaso	v a z u
vau	v a ʊ̯
vaza	v a z ɐ
vazio	v ɐ z̻ i ʊ̯
vazo	v a z u
vela	v ɛ l ɐ
velha	v ɛ ʎ ɐ
velocidade	v ë l̪ o s̻ ɪ d̪ ä d͡ʒ ɪ
vencer	v ẽ̞ ɪ̯̃ n s̻ e χ
venda	v ẽ d ɐ
vender	v ẽ̞ ɪ̯̃ⁿ d̪ e χ
vendo	v ẽ d u
venta	v ẽ t ɐ
vento	v ẽ t u
ventã	v ẽ t ɐ̃
verdade	v ë h d̪ ä d͡ʒ ɪ
verdadeiro	v ë ʁ d̪ ɐ d̪ e ɪ̯ ɾ ʊ
vero	v ɛ ɾ u
versão	v ë χ s̻ ə̃ ʊ̯̃
vestido	v ë s̻ t͡ʃ i d̪ ʊ
vestir	v ë s̻ t͡ʃ i χ
vi	v i
via	v i ɐ
viagem	v ɪ ä ʒ ẽ̞ ɪ̯̃
viajar	v ɪ ɐ ʒ ä χ
vidro	v i d ɾ ʊ
vigésimo	v i ʒ ɛ z i m u
vila	v i l ɐ
vilã	v i l ɐ̃
vim	v ĩ
vindo	v ĩ d u
vingança	v ĩ ɡ ɐ̃ s ɐ
vira	v i ɾ ɐ
viram	v i ɾ ɐ̃ ʊ̯̃
virar	v ɪ ɾ ä χ
viria	v i ɾ i ɐ
viriam	v i ɾ i ɐ̃ ʊ̯̃
virilha	v i ɾ i ʎ ɐ
virulento	v i ɾ u l ẽ t u
virá	v i ɾ a
virão	v i ɾ ɐ̃ ʊ̯̃
viseu	v i z e ʊ̯
visita	v ɪ z̻ i t̪ ə
visom	v i z õ
visão	v ɪ z̻ ə̃ ʊ̯̃
vitória	v ɪ t̪ ɔ ɾ j ə
viu	v i ʊ̯
viva	v i v ɐ
vivam	v i v ɐ̃ ʊ̯̃
vivendo	v i v ẽ d u
vivera	v i v e ɾ ɐ
viveu	v i v e ʊ̯
vivi	v i v i
vivia	v i v i ɐ
vivo	v i v u
vizela	v i z ɛ l ɐ
voa	v o ʊ̯ ɐ
voar	v ö ä χ
voltar	v ö ʊ̯ t̪ ä χ
vossa	v ɔ s ɐ
vosso	v ɔ s u
voto	v ɔ t u
vou	v o ʊ̯
vuvuzela	v u v u z ɛ l ɐ
vá	v a
vários	v ä ɾ j ʊ s̻
vã	v ɐ̃
vão	v ɐ̃ ʊ̯̃
véu	v ɛ ʊ̯
vê	v e
xampu	ʃ ɐ̃ p u
xastre	ʃ a ɕ t̪ ɾ ɯ
xiita	ʃ i i t ɐ
xilindró	ʃ i l ĩ d ɾ ɔ
xingava	ʃ ĩ ɡ a v ɐ
xituculumucumba	ʃ i t u k u l u m u k ũ b ɐ
xixa	ʃ i ʃ ɐ
xota	ʃ ɔ t ɐ
xá	ʃ a
yukiko	j u k i k u
yuko	j u k u
yuri	j u ɾ i
yuriko	j u ɾ i k u
zanga	z ɐ̃ ɡ ɐ
zangam	z ɐ̃ ɡ ɐ̃ ʊ̯̃
zango	z ɐ̃ ɡ u
zangão	z ɐ̃ ɡ ɐ̃ ʊ̯̃
zanza	z ɐ̃ z ɐ
zelo	z e l u
zelo	z ɛ l u
zero	z ɛ ɾ u
zica	z i k ɐ
zilhão	z i ʎ ɐ̃ ʊ̯̃
zimbro	z ĩ b ɾ u
zinco	z ĩ k u
zuca	z u k ɐ
zumbi	z ũ b i
zunzum	z ũ z ũ
zâmbia	z ɐ̃ b j ɐ
zângão	z ɐ̃ ɡ ɐ̃ ʊ̯̃
zéfiro	z ɛ f i ɾ u
zê	z e
à	a
áfrica	a f ɾ i k ɐ
átrio	a t ɾ j u
â	ɐ
â	ɐ̃
â	ə
â	ə̃
â	ɜ
â	ɜ̃
é	ɛ
érica	ɛ ɾ i k ɐ
ínsula	ĩ s u l ɐ
óculo	ɔ k u l u
óleo	ɔ l̪ j ʊ
úngula	ũ ɡ u l ɐ
único	ʊ̃ n̪ʲ ɪ k ʊ
