автобус	a v t u͡o b u s
аймахтыы	a j m a q t ɨː
алпабыыт	a l p a b ɯː t
арассыыйа	a ɾ a s s ɨː j a
ардах	a ɾ d a q
ардахтаа	a ɾ d a q t aː
арктика	aː ɾ t i k a
аҕырыа	a ʁ ɯ ɾ ɯ͡a
аһаа	a h aː
аһат	a h a t
баартыйа	b aː ɾ t ɯ j a
бай	b a j
байҕал	b a j ʁ a l
бары	b a r ɯ
бачыыҥка	b a c͡ç ɯː ŋ k a
бииккэ	b iː k k e
биир	b iː ɾ
биирис	b iː ɾ i s
бирибиэт	b i ɾ i b i͜e t
биэрэс	b i͜e ɾ e s
боотур	b oː t u ɾ
борщ	b u͡o ɾ ɕː
братислава	b ɾ a t i s l aː v a
буол	b w o l
буолар	b u͡o l a ɾ
буруй	b u ɾ u j
буукуба	b uː k u b a
бырабыыталыстыба	b ɯ ɾ a b ɯː t a l ɯ s t ɯ b a
бырдах	b ɯ ɾ d a q
быыл	b ɯː l
быыллаах	b ɯː l l aː x
быһыы	b ɯ h ɯː
бэдэрээссийэ	b e d e ɾ eː sː i j e
бэйэ	b e j e
бэнидиэнньик	b e n i d i͜e ɲ ɲ i k
бэрэссэдээтэл	b e ɾ e s s e d eː t e l
бээтинсэ	b eː t i n s e
бүгүн	b y ɡ y n
бүгүҥҥү	b y ɡ y ŋ ŋ y
бөгүнгү	b ø ɡ y n ɡ y
вино	v i n u͡o
гитараһыт	ɡ i t aː ɾ a ɦ ɨ t
грамматика	ɡ ɾ a m aː t i k a
дорообо	d o ɾ oː b o
доҕор	d o ʁ o ɾ
дь	ɟ
дьиэ	ɟ͡ʝ i͜e
дьиэлээ	ɟ i͜e l eː
дьиэһит	ɟ͡ʝ i͜e h i t
дьокуускай	ɟ͡ʝ o k uː s k a j
дьокуускайга	ɟ͡ʝ o k uː s k a j ɡ a
дьокуускайдааҕы	ɟ͡ʝ o k uː s k a j d aː ʁ ɨ
дьокуускайтан	ɟ͡ʝ o k uː s k a j t a n
дьон	ɟ͡ʝ o n
дьууһуна	ɟ uː h u n a
дьэбириэй	ɟ e b i ɾ i͜e j
дьэгин	ɟ͡ʝ e ɡ i n
иик	iː k
ииктээ	iː k t eː
икки	i k k i
импиэрийэ	i m p i͜e ɾ i j e
иркутскай	i ɾ k uː t͜s k a j
казах	k a z aː q
киир	k iː r
килиэп	k i l i͜e p
киһи	k i h i
код	k u͡o d
кулун	k u l u n
кумаар	k u m aː ɾ
куорат	k u͡o ɾ a t
кыар	k ɯ͡a ɾ
кыара	k ɨ͜a ɾ a
кырыымпа	k ɯ ɾ ɯː m p a
кырыыппа	k ɯ ɾ ɯː p p a
кытай	k ɯ t a j
кыым	k ɨː m
кыыһа	k ɨː h a
кэлтэһэ	k e l t e h e
кэлэр	k e l e ɾ
күн	k y n
күһүн	k y h y n
күөмэй	k y͡ø m e j
күөх	k y͡ø q
көмпүүтэр	k ø m p yː t e ɾ
лосось	l o s u͡o sʲ
маладьыас	m a l a ɟ ɯ͡ɤ s
массыына	m a s s ɯː n a
махталлаах	m a q t a l l aː q
минскэй	m iː n s k e j
миэбэл	m i͜e b e l
монгол	m o ŋ ɡ u͡o l
монгуол	m o ŋ ɡ u͡o l
моркуоп	m o ɾ k u͡o p
муус	m uː s
муусука	m uː s u k ä
норуот	n o ɾ u͡o t
нуучча	n uː c͡ç c͡ç a
нууччалыы	n uː c͡ç c͡ç a l ɨː
нь	ɲ
нэдиэлэ	n e d i͜e l e
оонньоо	oː ɲ ɲ oː
оонньообоккун	oː ɲ ɲ oː b o k k u n
оонньообоккут	oː ɲ ɲ oː b o k k u t
оонньообоппун	oː ɲ ɲ oː b o p p u n
оонньообоппут	oː ɲ ɲ oː b o p p u t
оонньообот	oː ɲ ɲ oː b o t
оонньооботтор	oː ɲ ɲ oː b o t t o ɾ
оонньообут	oː ɲ ɲ oː b u t
оонньоотун	oː ɲ ɲ oː t u n
оонньоотуннар	oː ɲ ɲ oː t u n n a ɾ
оонньооҥ	oː ɲ ɲ oː ŋ
оонньуохпут	oː ɲ ɲ u͡o q p u t
оонньуохтара	oː ɲ ɲ u͡o q t a ɾ a
оонньуохха	oː ɲ ɲ u͡o q q a
оонньуоххут	oː ɲ ɲ u͡o q q u t
оонньуоҕа	oː ɲ ɲ u͡o
оонньуоҕа	oː ɲ ɲ u͡o ʁ a
оонньуоҕум	oː ɲ ɲ u͡o m
оонньуоҕум	oː ɲ ɲ u͡o ʁ u m
оонньуоҕуҥ	oː ɲ ɲ u͡o ʁ u ŋ
оонньуу	oː ɲ ɲ uː
оонньуубун	oː ɲ ɲ uː b u n
оонньуубут	oː ɲ ɲ uː b u t
оонньуугун	oː ɲ ɲ uː ɡ u n
оонньуугут	oː ɲ ɲ uː ɡ u t
оонньууллар	oː ɲ ɲ uː l l a ɾ
оонньуур	oː ɲ ɲ uː ɾ
оонньуурга	oː ɲ ɲ uː ɾ ɡ a
оонньууртан	oː ɲ ɲ uː ɾ t a n
оонньуурум	oː ɲ ɲ uː ɾ u m
оптуорунньук	o p t u͡o ɾ u ɲ ɲ u k
остуол	o s t u͡o l
оҕо	o ʁ o
партия	p aː ɾ t i j a
пермнээҕи	p i͜e ɾ m n eː ʁ i
пиибэ	p iː b e
республика	ɾ e s p uː b l i k a
саа	s aː
саарыстыба	s aː ɾ ɯ s t ɯ b a
саахар	s aː q a ɾ
самыырдаа	s a m ɯː ɾ d aː
самыырдаах	s a m ɯː ɾ d aː q
сарсыарда	s a ɾ s ɯ͡ɤ ɾ d a
сарсыардааҥы	s a ɾ s ɯ͡ɤ ɾ d aː ŋ ɯ
сарсыҥҥы	s ä ɾ s ɯ ŋ ŋ ɯ
саха	s a q a
сахалаа	s a q a l aː
сахалыы	s a q a l ɨː
саҕалан	s a ʁ a l a n
сиринээҕи	s i ɾ i n eː ʁ i
сиэркилэ	s i͜e ɾ k i l e
сокуон	s o k u͡o n
сокуоннай	s o k u͡o n n a j
союзтааҕы	s o j yː s t aː ʁ ɨ
союзтара	s o j yː s t a ɾ a
студеммын	s t u d i͜e m m ɨ n
студеҥҥын	s t u d i͜e ŋ ŋ ɨ n
субуота	s u b u͡o t a
судаарыстыба	s u d aː ɾ ɯ s t ɯ b a
суо	s w o
суон	s u͡o n
суох	s u͡o q
сурунаал	s ʊ ɾ ʊ n ɑː l
сэрэдэ	s e ɾ e d e
сүрэх	s y ɾ e q
таптаа	t a p t aː
таптыыр	t a p t ɨː ɾ
татаар	t a t aː ɾ
тоҕус	t o ʁ u s
туймаада	t u j m aː d a
туораах	t u o r a a x
туораахтар	t u o r a a x t a r
тыа	t ɯ͡a
тыы	t ɯː
тыһыынча	t ɨ h ɨː n c͡ç a
тэҥ	t e ŋ
тюменнааҕы	t y m i͜e n n aː ʁ ɨ
төрөөбүт	t ø ɾ øː b y t
улуус	u l uː s
уобалас	u͡o b a l a s
уокурук	u͡o k u ɾ u k
уола	u͡o l a
уолгар	u͡o l ɡ a ɾ
уолтан	u͡o l t a n
уолугар	u͡o l u ɡ a ɾ
уонна	u͡o n n a
уст	ʊ s t
учуутал	u c͡ç uː t a l
ханна	x a n n a
хара	q a ɾ a
хомус	q o m u s
хомусчут	q o m u s c͡ç u t
хортуоппуй	q o ɾ t u͡o p p u j
чэй	c͡ç e j
чэппиэр	c͡ç e p p i͜e ɾ
ыа	ɯ͡a
ыал	ɯ͡ɤ l
ыллаа	ɨ l l aː
ыраахтааҕы	ɯ ɾ aː x t aː ɣ ɯ
ырыа	ɯ ɾ ɯ͡ɤ
ырыаһыт	ɯ ɾ ɯ͡a h ɯ t
ыстаан	ɯ s t aː n
ытыктаа	ɯ t ɯ k t aː
эрэй	e ɾ e j
юрист	j y ɾ iː s t
ҕ	ʁ
ҥ	ŋ
үс	y s
үҥкүү	y ŋ k yː
үөрэт	y͡ø ɾ e t
үөрэтии	y͡ø ɾ e t iː
үөрэтээччи	y͡ø ɾ e t eː cː i
һ	h
өй	ø j
өрүс	ø ɾ y s
өрөспүүбүлүкэ	ø ɾ ø s p yː b y l y k e
