अक्तु	ɐ k̚ t̪ u
अक्तु	ɐ k̚ t̪ ú
अगच्छत	ɐ ɡ ɐ t̚ t͡ɕʰ ɐ t̪ ɐ
अगच्छतम्	ɐ ɡ ɐ t̚ t͡ɕʰ ɐ t̪ ɐ m
अगच्छताम्	ɐ ɡ ɐ t̚ t͡ɕʰ ɐ t̪ ɑː m
अगच्छत्	ɐ ɡ ɐ t̚ t͡ɕʰ ɐ t̪
अगच्छत्	ɐ́ ɡ ɐ t̚ t͡ɕʰ ɐ t̪
अगच्छन्	ɐ ɡ ɐ t̚ t͡ɕʰ ɐ n̪
अगच्छम्	ɐ ɡ ɐ t̚ t͡ɕʰ ɐ m
अगच्छस्	ɐ ɡ ɐ t̚ t͡ɕʰ ɐ s̪
अगच्छाम	ɐ ɡ ɐ t̚ t͡ɕʰ ɑː m ɐ
अगच्छाव	ɐ ɡ ɐ t̚ t͡ɕʰ ɑː ʋ ɐ
अगच्छे	ɐ ɡ ɐ t̚ t͡ɕʰ eː
अगच्छे	ɐ ɡ ɐ t̚ t͡ɕʰ ɐ j
अगम्यत	ɐ ɡ ɐ j̃ j ɐ t̪ ɐ
अगम्ये	ɐ ɡ ɐ j̃ j ɐ j
अघ्न्या	ɐ ɡʱ j̃ j ɑ́ː
अघ्न्या	ɐ́ ɡʱ j̃ j ɑː
अचिरः	ɐ t͡ɕ i ɾ ɐ h ɐ̆
अचिराः	ɐ t͡ɕ i ɾ ɑː h ɑ̆
अच्छभल्ल	ɐ t̚ t͡ɕʰ ɐ bʱ ɐ l̪ l̪ ɐ
अट्टालिका	ɐ ʈ̚ ʈ ɑː l̪ i k ɑː
अतिथिदेवः	ɐ t̪ i t̪ʰ i d̪ eː ʋ ɐ h ɐ̆
अत्क	ɐ t̪̚ k ɐ
अत्क	ɐ́ t̪̚ k ɐ
अत्ति	ɐ t̪̚ t̪ i
अत्ति	ɐ́ t̪̚ t̪ i
अत्यद्भुत	ɐ t̪ j ɐ d̪̚ bʱ u t̪ ɐ
अदाक्षिण्य	ɐ d̪ ɑː k ʂ i j̃ j ɐ
अद्ग	ɐ d̪̚ ɡ ɐ
अद्ग	ɐ́ d̪̚ ɡ ɐ
अनक्ति	ɐ n̪ ɐ k̚ t̪ i
अनन्य	ɐ n̪ ɐ j̃ j ɐ́
अनापत्ति	ɐ n̪ ɑː p ɐ t̪̚ t̪ i
अन्तःपुर	ɐ n̪ t̪ ɐ ɸ p u ɾ ɐ
अन्य	ɐ j̃ j ɐ́
अन्यथा	ɐ j̃ j ɐ́ t̪ʰ ɑː
अपर्याप्त	ɐ p ɐ ɾ j ɑː p̚ t̪ ɐ
अपशब्द	ɐ p ɐ ɕ ɐ b̚ d̪ ɐ
अब्जित्	ɐ b̚ d͡ʑ i t̪
अब्जित्	ɐ b̚ d͡ʑ í t̪
अब्द	ɐ b̚ d̪ ɐ
अरण्य	ɐ́ ɾ ɐ j̃ j ɐ
अवगच्छति	ɐ ʋ ɐ ɡ ɐ t̚ t͡ɕʰ ɐ t̪ i
असंकॢप्त	ɐ s̪ ɐ ŋ k l̩ p̚ t̪ ɐ
असिन्व	ɐ s̪ i ʋ̃ ʋ ɐ́
अस्माभिः	ɐ s̪ m ɑː bʱ i h ĭ
आगच्छ	ɑː ɡ ɐ t̚ t͡ɕʰ ɐ
आगच्छति	ɑː ɡ ɐ t̚ t͡ɕʰ ɐ t̪ i
आचार्यदेवः	ɑː t͡ɕ ɑː ɾ j ɐ d̪ eː ʋ ɐ h ɐ̆
आनन्ददत्त	ɑː n̪ ɐ n̪ d̪ ɐ d̪ ɐ t̪̚ t̪ ɐ
आबुत्त	ɑː b u t̪̚ t̪ ɐ
आलाक्त	ɑː l̪ ɑː k̚ t̪ ɐ
आलाक्त	ɑ́ː l̪ ɑː k̚ t̪ ɐ
आवयोः	ɑː ʋ ɐ j oː h ŏ
आसक्त	ɑː s̪ ɐ k̚ t̪ ɐ
इच्छति	i t̚ t͡ɕʰ ɐ t̪ i
इच्छति	i t̚ t͡ɕʰ ɐ́ t̪ i
इच्छा	i t̚ t͡ɕʰ ɑː
इद्धाग्नि	i d̪̚ d̪ʱ ɑː ɡ n̪ i
इद्धाग्नि	i d̪̚ d̪ʱ ɑ́ː ɡ n̪ i
इषण्यति	i ʂ ɐ j̃ j ɐ t̪ i
उक्त	u k̚ t̪ ɐ
उक्त	u k̚ t̪ ɐ́
उक्ति	u k̚ t̪ i
उक्ति	u k̚ t̪ í
उक्त्वा	u k̚ t̪ ʋ ɑː
उक्थ	u k̚ t̪ʰ ɐ
उक्थ	u k̚ t̪ʰ ɐ́
उच्चा	u t̚ t͡ɕ ɑː
उच्चा	u t̚ t͡ɕ ɑ́ː
उच्चार	u t̚ t͡ɕ ɑː ɾ ɐ
उच्चार	ú t̚ t͡ɕ ɑː ɾ ɐ
उच्चैस्	u t̚ t͡ɕ ɑ j s̪
उच्चैस्	u t̚ t͡ɕ ɑ́ː j s̪
उच्छिन्न	u t̚ t͡ɕʰ i n̪ n̪ ɐ
उच्छ्वस्	u t̚ t͡ɕʰ ʋ ɐ s̪
उच्छ्वास	u t̚ t͡ɕʰ ʋ ɑː s̪ ɐ
उच्छ्वास	u t̚ t͡ɕʰ ʋ ɑː s̪ ɐ́
उज्ज्वल	u d̚ d͡ʑ ʋ ɐ l̪ ɐ
उज्झति	u d̚ d͡ʑʱ ɐ t̪ i
उत्कटदुःख	u t̪̚ k ɐ ʈ ɐ d̪ u h kʰ ɐ
उत्कटदुःख	u t̪̚ k ɐ ʈ ɐ d̪ u x kʰ ɐ
उत्तम	u t̪̚ t̪ ɐ m ɐ
उत्तम	u t̪̚ t̪ ɐ m ɐ́
उत्तर	u t̪̚ t̪ ɐ ɾ ɐ
उत्तर	ú t̪̚ t̪ ɐ ɾ ɐ
उत्तराधरविवर	u t̪̚ t̪ ɐ ɾ ɑː d̪ʱ ɐ ɾ ɐ ʋ i ʋ ɐ ɾ ɐ
उत्तराधिकारिणी	u t̪̚ t̪ ɐ ɾ ɑː d̪ʱ i k ɑː ɾ i ɳ iː
उत्तराधिकारिन्	u t̪̚ t̪ ɐ ɾ ɑː d̪ʱ i k ɑː ɾ i n̪
उत्तराधिकारी	u t̪̚ t̪ ɐ ɾ ɑː d̪ʱ i k ɑː ɾ iː
उत्तान	u t̪̚ t̪ ɑː n̪ ɐ
उत्तान	u t̪̚ t̪ ɑː n̪ ɐ́
उत्थान	u t̪̚ t̪ʰ ɑː n̪ ɐ
उत्थान	u t̪̚ t̪ʰ ɑ́ː n̪ ɐ
उत्पत्ति	u t̪̚ p ɐ t̪̚ t̪ i
उत्पल	u t̪̚ p ɐ l̪ ɐ
उत्पीठिका	u t̪̚ p iː ʈʰ i k ɑː
उत्पीठिकायाः	u t̪̚ p iː ʈʰ i k ɑː j ɑː h ɑ̆
उदन्या	u d̪ ɐ j̃ j ɑː
उद्गॄ	u d̪̚ ɡ r̩ː
उद्घाटन	u d̪̚ ɡʱ ɑː ʈ ɐ n̪ ɐ
उद्घाटिताङ्ग	u d̪̚ ɡʱ ɑː ʈ i t̪ ɑː ŋ ɡ ɐ
उद्देश	u d̪̚ d̪ eː ɕ ɐ
उद्देश	u d̪̚ d̪ ɐ j ɕ ɐ
उद्द्योत	u d̪̚ d̪ j oː t̪ ɐ
उद्द्योत	u d̪̚ d̪ j ɐ w t̪ ɐ
उद्धन्ति	u d̪̚ d̪ʱ ɐ n̪ t̪ i
उद्रुणद्धि	u d̪ ɾ u ɳ ɐ d̪̚ d̪ʱ i
उनत्ति	u n̪ ɐ t̪̚ t̪ i
उनत्ति	ú n̪ ɐ t̪̚ t̪ i
उपन्यस्यति	u p ɐ j̃ j ɐ s̪ j ɐ t̪ i
उपलब्ध	u p ɐ l̪ ɐ b̚ d̪ʱ ɐ
उब्जति	u b̚ d͡ʑ ɐ t̪ i
उब्जति	u b̚ d͡ʑ ɐ́ t̪ i
उषःकल	u ʂ ɐ x k ɐ l̪ ɐ
ऋद्ध	r̩ d̪̚ d̪ʱ ɐ
ऋद्धि	r̩ d̪̚ d̪ʱ i
ऋद्धि	ŕ̩ d̪̚ d̪ʱ i
एतत्कालम्	eː t̪ ɐ t̪̚ k ɑː l̪ ɐ m
एतत्कालम्	ɐ j t̪ ɐ t̪̚ k ɑː l̪ ɐ m
एताः	eː t̪ ɑː h ɑ̆
एषः	eː ʂ ɐ h ɐ̆
ऐच्छत्	ɑ j t̚ t͡ɕʰ ɐ t̪
ऐच्छत्	ɑː j t̚ t͡ɕʰ ɐ t̪
कः	k ɐ h ɐ̆
कच्छप	k ɐ t̚ t͡ɕʰ ɐ p ɐ
कठिनचित्त	k ɐ ʈʰ i n̪ ɐ t͡ɕ i t̪̚ t̪ ɐ
कत्थति	k ɐ t̪̚ t̪ʰ ɐ t̪ i
कदः	k ɐ d̪ ɐ h ɐ̆
कपिलायाः	k ɐ p i l̪ ɑː j ɑː h ɑ̆
करणीयः	k ɐ ɾ ɐ ɳ iː j ɐ h ɐ̆
करिपत्त्र	k ɐ ɾ i p ɐ t̪̚ t̪ ɾ ɐ
करिमुक्ता	k ɐ ɾ i m u k̚ t̪ ɑː
काजैः	k ɑː d͡ʑ ɑ j h ɑ̆
काम्य	k ɑ́ː j̃ j ɐ
कार्त्तिक	k ɑː ɾ t̪̚ t̪ i k ɐ
कुक्कुर	k u k̚ k u ɾ ɐ
कुट्टयति	k u ʈ̚ ʈ ɐ j ɐ t̪ i
कुट्ट्	k u ʈ̚ ʈ
कुब्ज	k u b̚ d͡ʑ ɐ
कुब्ज	k u b̚ d͡ʑ ɐ́
कुलत्थ	k u l̪ ɐ t̪̚ t̪ʰ ɐ
कुलत्थक	k u l̪ ɐ t̪̚ t̪ʰ ɐ k ɐ
कुलत्थिका	k u l̪ ɐ t̪̚ t̪ʰ i k ɑː
कृच्छ्र	k r̩ t̚ t͡ɕʰ ɾ ɐ
कृच्छ्र	k r̩ t̚ t͡ɕʰ ɾ ɐ́
कृच्छ्रम्	k r̩ t̚ t͡ɕʰ ɾ ɐ m
कृच्छ्रम्	k r̩ t̚ t͡ɕʰ ɾ ɐ́ m
कृच्छ्रे	k r̩ t̚ t͡ɕʰ ɾ eː
कृच्छ्रे	k r̩ t̚ t͡ɕʰ ɾ ɐ j
कृपाः	k r̩ p ɑː h ɑ̆
कृपाभिः	k r̩ p ɑː bʱ i h ĭ
कृपायाः	k r̩ p ɑː j ɑː h ɑ̆
कृष्णः	k r̩ ʂ ɳ ɐ h ɐ̆
क्रुद्ध	k ɾ u d̪̚ d̪ʱ ɐ
क्रुद्ध	k ɾ u d̪̚ d̪ʱ ɐ́
क्षुब्ध	k ʂ u b̚ d̪ʱ ɐ
कॢप्त	k l̩ p̚ t̪ ɐ
कॢप्त	k l̩ p̚ t̪ ɐ́
कॢप्ति	k l̩ p̚ t̪ i
कॢप्ति	k l̩ p̚ t̪ í
कॢप्ति	k ĺ̩ p̚ t̪ i
खेदः	kʰ eː d̪ ɐ h ɐ̆
खेदाः	kʰ eː d̪ ɑː h ɑ̆
खेदेभ्यः	kʰ eː d̪ eː bʱ j ɐ h ɐ̆
खेदैः	kʰ eː d̪ ɑ j h ɑ̆
गच्छ	ɡ ɐ t̚ t͡ɕʰ ɐ
गच्छत	ɡ ɐ t̚ t͡ɕʰ ɐ t̪ ɐ
गच्छतम्	ɡ ɐ t̚ t͡ɕʰ ɐ t̪ ɐ m
गच्छतस्	ɡ ɐ t̚ t͡ɕʰ ɐ t̪ ɐ s̪
गच्छताम्	ɡ ɐ t̚ t͡ɕʰ ɐ t̪ ɑː m
गच्छति	ɡ ɐ t̚ t͡ɕʰ ɐ t̪ i
गच्छति	ɡ ɐ́ t̚ t͡ɕʰ ɐ t̪ i
गच्छतु	ɡ ɐ t̚ t͡ɕʰ ɐ t̪ u
गच्छथ	ɡ ɐ t̚ t͡ɕʰ ɐ t̪ʰ ɐ
गच्छथस्	ɡ ɐ t̚ t͡ɕʰ ɐ t̪ʰ ɐ s̪
गच्छन्ति	ɡ ɐ t̚ t͡ɕʰ ɐ n̪ t̪ i
गच्छन्तु	ɡ ɐ t̚ t͡ɕʰ ɐ n̪ t̪ u
गच्छसि	ɡ ɐ t̚ t͡ɕʰ ɐ s̪ i
गच्छानि	ɡ ɐ t̚ t͡ɕʰ ɑː n̪ i
गच्छाम	ɡ ɐ t̚ t͡ɕʰ ɑː m ɐ
गच्छामस्	ɡ ɐ t̚ t͡ɕʰ ɑː m ɐ s̪
गच्छामि	ɡ ɐ t̚ t͡ɕʰ ɑː m i
गच्छाव	ɡ ɐ t̚ t͡ɕʰ ɑː ʋ ɐ
गच्छावस्	ɡ ɐ t̚ t͡ɕʰ ɑː ʋ ɐ s̪
गच्छेत	ɡ ɐ t̚ t͡ɕʰ eː t̪ ɐ
गच्छेत	ɡ ɐ t̚ t͡ɕʰ ɐ j t̪ ɐ
गच्छेतम्	ɡ ɐ t̚ t͡ɕʰ eː t̪ ɐ m
गच्छेतम्	ɡ ɐ t̚ t͡ɕʰ ɐ j t̪ ɐ m
गच्छेताम्	ɡ ɐ t̚ t͡ɕʰ eː t̪ ɑː m
गच्छेताम्	ɡ ɐ t̚ t͡ɕʰ ɐ j t̪ ɑː m
गच्छेत्	ɡ ɐ t̚ t͡ɕʰ eː t̪
गच्छेत्	ɡ ɐ t̚ t͡ɕʰ ɐ j t̪
गच्छेम	ɡ ɐ t̚ t͡ɕʰ eː m ɐ
गच्छेम	ɡ ɐ t̚ t͡ɕʰ ɐ j m ɐ
गच्छेयम्	ɡ ɐ t̚ t͡ɕʰ eː j ɐ m
गच्छेयम्	ɡ ɐ t̚ t͡ɕʰ ɐ j j ɐ m
गच्छेयुस्	ɡ ɐ t̚ t͡ɕʰ eː j u s̪
गच्छेयुस्	ɡ ɐ t̚ t͡ɕʰ ɐ j j u s̪
गच्छेव	ɡ ɐ t̚ t͡ɕʰ eː ʋ ɐ
गच्छेव	ɡ ɐ t̚ t͡ɕʰ ɐ j ʋ ɐ
गच्छेस्	ɡ ɐ t̚ t͡ɕʰ eː s̪
गच्छेस्	ɡ ɐ t̚ t͡ɕʰ ɐ j s̪
गम्यताम्	ɡ ɐ j̃ j ɐ t̪ ɑː m
गम्यते	ɡ ɐ j̃ j ɐ t̪ ɐ j
गम्यन्ते	ɡ ɐ j̃ j ɐ n̪ t̪ ɐ j
गम्ये	ɡ ɐ j̃ j ɐ j
गम्येत	ɡ ɐ j̃ j ɐ j t̪ ɐ
गम्येते	ɡ ɐ j̃ j ɐ j t̪ ɐ j
गुच्छ	ɡ u t̚ t͡ɕʰ ɐ
गुप्त	ɡ u p̚ t̪ ɐ
गुप्त	ɡ u p̚ t̪ ɐ́
गुलः	ɡ u l̪ ɐ h ɐ̆
गृद्धि	ɡ r̩ d̪̚ d̪ʱ i
चन्द्रमः	t͡ɕ ɐ n̪ d̪ ɾ ɐ m ɐ h ɐ̆
चन्द्रमाः	t͡ɕ ɐ n̪ d̪ ɾ ɐ m ɑː h ɑ̆
चषक	t͡ɕ ɐ ʂ ɐ k ɐ h ɐ̆
चिकित्सकः	t͡ɕ i k i t̪ s̪ ɐ k ɐ h ɐ̆
चिकित्सकाः	t͡ɕ i k i t̪ s̪ ɐ k ɑː h ɑ̆
चिकित्सकेभ्यः	t͡ɕ i k i t̪ s̪ ɐ k eː bʱ j ɐ h ɐ̆
चिकित्सकैः	t͡ɕ i k i t̪ s̪ ɐ k ɑ j h ɑ̆
चिकित्सिकाः	t͡ɕ i k i t̪ s̪ i k ɑː h ɑ̆
चिकित्सिकायाः	t͡ɕ i k i t̪ s̪ i k ɑː j ɑː h ɑ̆
चिकेत्ति	t͡ɕ i k eː t̪̚ t̪ i
चिकेत्ति	t͡ɕ í k ɐ j t̪̚ t̪ i
चिक्कण	t͡ɕ i k̚ k ɐ ɳ ɐ
चिक्कण	t͡ɕ i k̚ k ɐ́ ɳ ɐ
चिक्किण	t͡ɕ i k̚ k i ɳ ɐ
चिच्छक्ति	t͡ɕ i t̚ t͡ɕʰ ɐ k̚ t̪ i
चुकोट्ट	t͡ɕ u k oː ʈ̚ ʈ ɐ
चुकोट्ट	t͡ɕ u k ɐ w ʈ̚ ʈ ɐ
छत्त्र	t͡ɕʰ ɐ t̪̚ t̪ ɾ ɐ
छात्त्र	t͡ɕʰ ɑː t̪̚ t̪ ɾ ɐ
छिक्कति	t͡ɕʰ i k̚ k ɐ t̪ i
छिनत्ति	t͡ɕʰ i n̪ ɐ t̪̚ t̪ i
छिनत्ति	t͡ɕʰ i n̪ ɐ́ t̪̚ t̪ i
जग्ध	d͡ʑ ɐ ɡ̚ d̪ʱ ɐ
जग्ध	d͡ʑ ɐ ɡ̚ d̪ʱ ɐ́
जग्मथुः	d͡ʑ ɐ ɡ m ɐ t̪ʰ u h ŭ
जग्मुः	d͡ʑ ɐ ɡ m u h ŭ
जज्झती	d͡ʑ ɐ d̚ d͡ʑʱ ɐ t̪ iː
जज्झती	d͡ʑ ɐ́ d̚ d͡ʑʱ ɐ t̪ iː
जन्य	d͡ʑ ɐ́ j̃ j ɐ
जेन्य	d͡ʑ ɐ́ j j̃ j ɐ
ज्योगपरुद्ध	d͡ʑ j oː ɡ ɐ p ɐ ɾ u d̪̚ d̪ʱ ɐ
ज्योगपरुद्ध	d͡ʑ j ɐ́ w ɡ ɐ p ɐ ɾ u d̪̚ d̪ʱ ɐ
तत्क्षण	t̪ ɐ t̪̚ k ʂ ɐ ɳ ɐ
तत्त्वमसि	t̪ ɐ t̪̚ t̪ ʋ ɐ m ɐ s̪ i
तत्पश्चात्	t̪ ɐ t̪̚ p ɐ ɕ t͡ɕ ɑː t̪
तनक्ति	t̪ ɐ n̪ ɐ k̚ t̪ i
तनुमः	t̪ ɐ n̪ u m ɐ h ɐ̆
तनुवः	t̪ ɐ n̪ u ʋ ɐ h ɐ̆
तन्मः	t̪ ɐ n̪ m ɐ h ɐ̆
तन्वः	t̪ ɐ n̪ ʋ ɐ h ɐ̆
तन्वः	t̪ ɐ ʋ̃ ʋ ɐ h
तप्त	t̪ ɐ p̚ t̪ ɐ
तप्त	t̪ ɐ p̚ t̪ ɐ́
तावत्क	t̪ ɑː ʋ ɐ t̪̚ k ɐ
तावत्क	t̪ ɑ́ː ʋ ɐ t̪̚ k ɐ
तित्तिर	t̪ i t̪̚ t̪ i ɾ ɐ
तित्तिर	t̪ i t̪̚ t̪ i ɾ ɐ́
तिथीः	t̪ i t̪ʰ iː h ĭ
तुच्छ्य	t̪ u t̚ t͡ɕʰ j ɐ
तुच्छ्य	t̪ u t̚ t͡ɕʰ j ɐ́
तृन्त्ते	t̪ r̩ n̪ t̪̚ t̪ eː
तृन्त्ते	t̪ ŕ̩ n̪ t̪̚ t̪ ɐ j
तृप्त	t̪ r̩ p̚ t̪ ɐ
तृप्त	t̪ r̩ p̚ t̪ ɐ́
तृप्ति	t̪ r̩ p̚ t̪ i
तृप्ति	t̪ ŕ̩ p̚ t̪ i
तृप्तिद	t̪ r̩ p̚ t̪ i d̪ ɐ
त्वच्छेद	t̪ ʋ ɐ t̚ t͡ɕʰ eː d̪ ɐ
दग्ध	d̪ ɐ ɡ̚ d̪ʱ ɐ
दग्ध	d̪ ɐ ɡ̚ d̪ʱ ɐ́
दत्त	d̪ ɐ t̪̚ t̪ ɐ
दत्त	d̪ ɐ t̪̚ t̪ ɐ́
दत्तनिधि	d̪ ɐ t̪̚ t̪ ɐ n̪ i d̪ʱ i
दत्तांश	d̪ ɐ t̪̚ t̪ ɑ̃ː ɕ ɐ
दत्तात्	d̪ ɐ t̪̚ t̪ ɑː t̪
दत्ताम्	d̪ ɐ t̪̚ t̪ ɑː m
दाक्षिण्य	d̪ ɑː k ʂ i j̃ j ɐ
दाम्यति	d̪ ɑ́ː j̃ j ɐ t̪ i
दिक्करिन्	d̪ i k̚ k ɐ ɾ i n̪
दिग्ध	d̪ i ɡ̚ d̪ʱ ɐ
दिग्ध	d̪ i ɡ̚ d̪ʱ ɐ́
दुःख	d̪ u x kʰ ɐ́
दुःखिन्	d̪ u x kʰ i n̪
दुःखी	d̪ u x kʰ iː
दुग्ध	d̪ u ɡ̚ d̪ʱ ɐ
दुग्ध	d̪ u ɡ̚ d̪ʱ ɐ́
दुग्धं	d̪ u ɡ̚ d̪ʱ ɐ m
दुग्धाग्र	d̪ u ɡ̚ d̪ʱ ɑː ɡ ɾ ɐ
दूरभाषः	d̪ uː ɾ ɐ bʱ ɑː ʂ ɐ h ɐ̆
दूरभाषाः	d̪ uː ɾ ɐ bʱ ɑː ʂ ɑː h ɑ̆
देग्धि	d̪ eː ɡ̚ d̪ʱ i
देग्धि	d̪ ɐ́ j ɡ̚ d̪ʱ i
दोग्धि	d̪ oː ɡ̚ d̪ʱ i
दोग्धि	d̪ ɐ́ w ɡ̚ d̪ʱ i
धन्य	d̪ʱ ɐ j̃ j ɐ
धन्वन्	d̪ʱ ɐ́ ʋ̃ ʋ ɐ n̪
धर्मयुद्ध	d̪ʱ ɐ ɾ m ɐ j u d̪̚ d̪ʱ ɐ
धान्य	d̪ʱ ɑː j̃ j ɐ́
धिष्ण्य	d̪ʱ í ʂ j̃ j ɐ
धेनोः	d̪ʱ eː n̪ oː h ŏ
नक्त	n̪ ɐ k̚ t̪ ɐ
नक्त	n̪ ɐ́ k̚ t̪ ɐ
नक्ति	n̪ ɐ k̚ t̪ i
नक्ति	n̪ ɐ́ k̚ t̪ i
नप्तृ	n̪ ɐ p̚ t̪ r̩
नप्तृ	n̪ ɐ́ p̚ t̪ r̩
नरः	n̪ ɐ ɾ ɐ h ɐ̆
नरयोः	n̪ ɐ ɾ ɐ j oː h ŏ
नराः	n̪ ɐ ɾ ɑː h ɑ̆
नरेभ्यः	n̪ ɐ ɾ eː bʱ j ɐ h ɐ̆
नरैः	n̪ ɐ ɾ ɑ j h ɑ̆
नष्टाप्तिसूत्र	n̪ ɐ ʂ ʈ ɑː p̚ t̪ i s̪ uː t̪ ɾ ɐ
निक्त	n̪ i k̚ t̪ ɐ
निक्त	n̪ i k̚ t̪ ɐ́
निषत्त	n̪ i ʂ ɐ t̪̚ t̪ ɐ
निषत्त	n̪ i ʂ ɐ t̪̚ t̪ ɐ́
निषत्त	n̪ í ʂ ɐ t̪̚ t̪ ɐ
निष्टप्त	n̪ i ʂ ʈ ɐ p̚ t̪ ɐ
निष्टप्त	n̪ í ʂ ʈ ɐ p̚ t̪ ɐ
नृत्त	n̪ r̩ t̪̚ t̪ ɐ
नेत्रच्छद	n̪ eː t̪ ɾ ɐ t̚ t͡ɕʰ ɐ d̪ ɐ
नेनेक्ति	n̪ eː n̪ eː k̚ t̪ i
नेनेक्ति	n̪ ɐ j n̪ ɐ j k̚ t̪ i
न्यग्रोध	j̃ j ɐ ɡ ɾ ɐ́ w d̪ʱ ɐ
न्याय	j̃ j ɑː j ɐ
पक्ता	p ɐ k̚ t̪ ɑː
पक्ता	p ɐ k̚ t̪ ɑ́ː
पक्ति	p ɐ k̚ t̪ i
पक्ति	p ɐ k̚ t̪ í
पक्ति	p ɐ́ k̚ t̪ i
पक्तृ	p ɐ k̚ t̪ r̩
पक्तृ	p ɐ k̚ t̪ ŕ̩
पट्टिका	p ɐ ʈ̚ ʈ i k ɑː
पत्त्र	p ɐ t̪̚ t̪ ɾ ɐ
पत्त्र	p ɐ́ t̪̚ t̪ ɾ ɐ
पत्रिका	p ɐ t̪̚ t̪ ɾ i k ɑː
परिच्छिद्	p ɐ ɾ i t̚ t͡ɕʰ i d̪
परिच्छेद	p ɐ ɾ i t̚ t͡ɕʰ eː d̪ ɐ
परिच्छेद	p ɐ ɾ i t̚ t͡ɕʰ ɐ j d̪ ɐ
परिच्छेदम्	p ɐ ɾ i t̚ t͡ɕʰ eː d̪ ɐ m
परिच्छेदम्	p ɐ ɾ i t̚ t͡ɕʰ ɐ j d̪ ɐ m
परिच्छेदयोस्	p ɐ ɾ i t̚ t͡ɕʰ eː d̪ ɐ j oː s̪
परिच्छेदयोस्	p ɐ ɾ i t̚ t͡ɕʰ ɐ j d̪ ɐ j ɐ w s̪
परिच्छेदस्	p ɐ ɾ i t̚ t͡ɕʰ eː d̪ ɐ s̪
परिच्छेदस्	p ɐ ɾ i t̚ t͡ɕʰ ɐ j d̪ ɐ s̪
परिच्छेदस्य	p ɐ ɾ i t̚ t͡ɕʰ eː d̪ ɐ s̪ j ɐ
परिच्छेदस्य	p ɐ ɾ i t̚ t͡ɕʰ ɐ j d̪ ɐ s̪ j ɐ
परिच्छेदात्	p ɐ ɾ i t̚ t͡ɕʰ eː d̪ ɑː t̪
परिच्छेदात्	p ɐ ɾ i t̚ t͡ɕʰ ɐ j d̪ ɑː t̪
परिच्छेदान्	p ɐ ɾ i t̚ t͡ɕʰ eː d̪ ɑː n̪
परिच्छेदान्	p ɐ ɾ i t̚ t͡ɕʰ ɐ j d̪ ɑː n̪
परिच्छेदाभ्याम्	p ɐ ɾ i t̚ t͡ɕʰ eː d̪ ɑː bʱ j ɑː m
परिच्छेदाभ्याम्	p ɐ ɾ i t̚ t͡ɕʰ ɐ j d̪ ɑː bʱ j ɑː m
परिच्छेदाय	p ɐ ɾ i t̚ t͡ɕʰ eː d̪ ɑː j ɐ
परिच्छेदाय	p ɐ ɾ i t̚ t͡ɕʰ ɐ j d̪ ɑː j ɐ
परिच्छेदास्	p ɐ ɾ i t̚ t͡ɕʰ eː d̪ ɑː s̪
परिच्छेदास्	p ɐ ɾ i t̚ t͡ɕʰ ɐ j d̪ ɑː s̪
परिच्छेदे	p ɐ ɾ i t̚ t͡ɕʰ eː d̪ eː
परिच्छेदे	p ɐ ɾ i t̚ t͡ɕʰ ɐ j d̪ ɐ j
परिच्छेदेन	p ɐ ɾ i t̚ t͡ɕʰ eː d̪ eː n̪ ɐ
परिच्छेदेन	p ɐ ɾ i t̚ t͡ɕʰ ɐ j d̪ ɐ j n̪ ɐ
परिच्छेदेभ्यस्	p ɐ ɾ i t̚ t͡ɕʰ eː d̪ eː bʱ j ɐ s̪
परिच्छेदेभ्यस्	p ɐ ɾ i t̚ t͡ɕʰ ɐ j d̪ ɐ j bʱ j ɐ s̪
परिच्छेदेषु	p ɐ ɾ i t̚ t͡ɕʰ eː d̪ eː ʂ u
परिच्छेदेषु	p ɐ ɾ i t̚ t͡ɕʰ ɐ j d̪ ɐ j ʂ u
परिच्छेदैस्	p ɐ ɾ i t̚ t͡ɕʰ eː d̪ ɑ j s̪
परिच्छेदैस्	p ɐ ɾ i t̚ t͡ɕʰ ɐ j d̪ ɑː j s̪
परिच्छेदौ	p ɐ ɾ i t̚ t͡ɕʰ eː d̪ ɑ w
परिच्छेदौ	p ɐ ɾ i t̚ t͡ɕʰ ɐ j d̪ ɑː w
परिमन्यु	p ɐ ɾ i m ɐ j̃ j ú
पादत्राणैः	p ɑː d̪ ɐ t̪ ɾ ɑː ɳ ɑ j h ɑ̆
पिङ्क्ते	p i ŋ k̚ t̪ eː
पिच्छोरा	p i t̚ t͡ɕʰ oː ɾ ɑː
पिच्छोरा	p i t̚ t͡ɕʰ ɐ w ɾ ɑː
पितुः	p i t̪ u h ŭ
पितृदेवः	p i t̪ r̩ d̪ eː ʋ ɐ h ɐ̆
पिनद्ध	p i n̪ ɐ d̪̚ d̪ʱ ɐ
पिनद्ध	p i n̪ ɐ́ d̪̚ d̪ʱ ɐ
पिप्पल	p i p̚ p ɐ l̪ ɐ
पिप्पल	p í p̚ p ɐ l̪ ɐ
पिप्पलि	p i p̚ p ɐ l̪ i
पुच्छ	p u t̚ t͡ɕʰ ɐ
पुच्छ	p ú t̚ t͡ɕʰ ɐ
पुद्गल	p u d̪̚ ɡ ɐ l̪ ɐ
पुरुषोत्तम	p u ɾ u ʂ oː t̪̚ t̪ ɐ m ɐ
पुरुषोत्तम	p u ɾ u ʂ ɐ w t̪̚ t̪ ɐ m ɐ
पृच्छति	p r̩ t̚ t͡ɕʰ ɐ t̪ i
पृच्छति	p r̩ t̚ t͡ɕʰ ɐ́ t̪ i
पृच्छा	p r̩ t̚ t͡ɕʰ ɑː
पृणक्ति	p r̩ ɳ ɐ k̚ t̪ i
प्रतिगच्छति	p ɾ ɐ t̪ i ɡ ɐ t̚ t͡ɕʰ ɐ t̪ i
प्रतिबुद्ध	p ɾ ɐ t̪ i b u d̪̚ d̪ʱ ɐ
प्रतिबुद्ध	p ɾ ɐ́ t̪ i b u d̪̚ d̪ʱ ɐ
प्रत्युत्पन्न	p ɾ ɐ t̪ j u t̪̚ p ɐ n̪ n̪ ɐ
प्रसिद्ध	p ɾ ɐ s̪ i d̪̚ d̪ʱ ɐ
प्रसिद्धि	p ɾ ɐ s̪ i d̪̚ d̪ʱ i
प्रातःकाल	p ɾ ɑː t̪ ɐ x k ɑː l̪ ɐ
प्राप्तिका	p ɾ ɑː p̚ t̪ i k ɑː
बद्ध	b ɐ d̪̚ d̪ʱ ɐ
बद्ध	b ɐ d̪̚ d̪ʱ ɐ́
बद्धक	b ɐ d̪̚ d̪ʱ ɐ k ɐ
बद्धक	b ɐ́ d̪̚ d̪ʱ ɐ k ɐ
बलीवर्दः	b ɐ l̪ iː ʋ ɐ ɾ d̪ ɐ h ɐ̆
बहिः	b ɐ ɦ i h ĭ
बुक्कति	b u k̚ k ɐ t̪ i
बुक्कन	b u k̚ k ɐ n̪ ɐ
बुक्कयति	b u k̚ k ɐ j ɐ t̪ i
बुक्क्	b u k̚ k
बुद्ध	b u d̪̚ d̪ʱ ɐ
बुद्ध	b u d̪̚ d̪ʱ ɐ́
बुद्धि	b u d̪̚ d̪ʱ i
बुद्धि	b ú d̪̚ d̪ʱ i
बुद्धीन्द्रिय	b u d̪̚ d̪ʱ iː n̪ d̪ ɾ i j ɐ
बुद्धीन्द्रिय	b u d̪̚ d̪ʱ iː n̪ d̪ ɾ i j ɐ́
बुद्ध्वा	b u d̪̚ d̪ʱ ʋ ɑː
बोधिसत्त्व	b oː d̪ʱ i s̪ ɐ t̪̚ t̪ ʋ ɐ
भक्त	bʱ ɐ k̚ t̪ ɐ
भक्त	bʱ ɐ k̚ t̪ ɐ́
भक्ति	bʱ ɐ k̚ t̪ i
भक्ति	bʱ ɐ k̚ t̪ í
भगदत्त	bʱ ɐ ɡ ɐ d̪ ɐ t̪̚ t̪ ɐ
भगवद्गीता	bʱ ɐ ɡ ɐ ʋ ɐ d̪̚ ɡ iː t̪ ɑː
भनक्ति	bʱ ɐ n̪ ɐ k̚ t̪ i
भनक्ति	bʱ ɐ n̪ ɐ́ k̚ t̪ i
भिनत्ति	bʱ i n̪ ɐ t̪̚ t̪ i
भिनत्ति	bʱ i n̪ ɐ́ t̪̚ t̪ i
भिषक्ति	bʱ i ʂ ɐ k̚ t̪ i
भिषक्ति	bʱ i ʂ ɐ́ k̚ t̪ i
भुनक्ति	bʱ u n̪ ɐ k̚ t̪ i
भुनक्ति	bʱ u n̪ ɐ́ k̚ t̪ i
भृज्जति	bʱ r̩ d̚ d͡ʑ ɐ t̪ i
भृज्जति	bʱ r̩ d̚ d͡ʑ ɐ́ t̪ i
भोट	bʱ oː ʈ ɐ h ɐ̆
मज्जति	m ɐ d̚ d͡ʑ ɐ t̪ i
मज्जति	m ɐ́ d̚ d͡ʑ ɐ t̪ i
मज्जन्	m ɐ d̚ d͡ʑ ɐ n̪
मज्जन्	m ɐ d̚ d͡ʑ ɐ́ n̪
मज्जस्	m ɐ d̚ d͡ʑ ɐ s̪
मज्जा	m ɐ d̚ d͡ʑ ɑː
मज्जा	m ɐ d̚ d͡ʑ ɑ́ː
मत्त	m ɐ t̪̚ t̪ ɐ
मत्त	m ɐ t̪̚ t̪ ɐ́
मद्गु	m ɐ d̪̚ ɡ u
मद्गु	m ɐ d̪̚ ɡ ú
मनः	m ɐ n̪ ɐ h ɐ̆
मन्यते	m ɐ́ j̃ j ɐ t̪ ɐ j
मन्या	m ɐ́ j̃ j ɑː
मन्यु	m ɐ j̃ j ú
महत्त्व	m ɐ ɦ ɐ t̪̚ t̪ ʋ ɐ
महर्द्धिक	m ɐ ɦ ɐ ɾ d̪̚ d̪ʱ i k ɐ
महाभारत	m ɐ ɦ ɑː bʱ ɑː ɾ ɐ t̪ ɐ h ɐ̆
मातृदेवः	m ɑː t̪ r̩ d̪ eː ʋ ɐ h ɐ̆
मुक्त	m u k̚ t̪ ɐ
मुग्ध	m u ɡ̚ d̪ʱ ɐ
मुग्ध	m u ɡ̚ d̪ʱ ɐ́
मुद्ग	m u d̪̚ ɡ ɐ
मुद्ग	m u d̪̚ ɡ ɐ́
मुद्गौदन	m u d̪̚ ɡ ɑ w d̪ ɐ n̪ ɐ
मुद्गौदन	m u d̪̚ ɡ ɑː w d̪ ɐ n̪ ɐ
मूर्खतायाः	m uː ɾ kʰ ɐ t̪ ɑː j ɑː h ɑ̆
मूर्च्छन	m uː ɾ t̚ t͡ɕʰ ɐ n̪ ɐ
मूर्च्छा	m uː ɾ t̚ t͡ɕʰ ɑː
मूर्च्छित	m uː ɾ t̚ t͡ɕʰ i t̪ ɐ
मूर्च्छ्	m uː ɾ t̚ t͡ɕʰ
मृतोत्थान	m r̩ t̪ oː t̪̚ t̪ʰ ɑː n̪ ɐ
मोक्तुम्	m oː k̚ t̪ u m
मोक्तुम्	m ɐ w k̚ t̪ u m
मोग्धि	m oː ɡ̚ d̪ʱ i
मोग्धि	m ɐ w ɡ̚ d̪ʱ i
मौक्तिक	m ɑ w k̚ t̪ i k ɐ
मौक्तिकमाला	m ɑ w k̚ t̪ i k ɐ m ɑː l̪ ɑː
मौक्तिकमाला	m ɑː w k̚ t̪ i k ɐ m ɑː l̪ ɑː
म्लात	l̪̃ l̪ ɑː t̪ ɐ́
म्लेच्छ	l̪̃ l̪ ɐ j t̚ t͡ɕʰ ɐ́
म्लेच्छ	m l̪ eː t̚ t͡ɕʰ ɐ
म्लेच्छति	l̪̃ l̪ ɐ j t̚ t͡ɕʰ ɐ t̪ i
म्लेच्छति	m l̪ eː t̚ t͡ɕʰ ɐ t̪ i
यच्छति	j ɐ t̚ t͡ɕʰ ɐ t̪ i
यच्छति	j ɐ́ t̚ t͡ɕʰ ɐ t̪ i
युक्त	j u k̚ t̪ ɐ
युक्त	j u k̚ t̪ ɐ́
युक्ति	j u k̚ t̪ i
युद्ध	j u d̪̚ d̪ʱ ɐ
युद्ध	j u d̪̚ d̪ʱ ɐ́
युनक्ति	j u n̪ ɐ k̚ t̪ i
युनक्ति	j u n̪ ɐ́ k̚ t̪ i
युवयोः	j u ʋ ɐ j oː h ŏ
योक्त्र	j oː k̚ t̪ ɾ ɐ
योक्त्र	j ɐ́ w k̚ t̪ ɾ ɐ
योद्धा	j oː d̪̚ d̪ʱ ɑː
योद्धा	j ɐ w d̪̚ d̪ʱ ɑː
योद्धृ	j oː d̪̚ d̪ʱ r̩
योद्धृ	j ɐ w d̪̚ d̪ʱ r̩
रक्तफल	ɾ ɐ k̚ t̪ ɐ pʰ ɐ l̪ ɐ
रज्जु	ɾ ɐ d̚ d͡ʑ u
रज्जु	ɾ ɐ́ d̚ d͡ʑ u
राज्ञ्या	ɾ ɑː d͡ʑ j̃ j ɑː
राज्ञ्याः	ɾ ɑː d͡ʑ j̃ j ɑː h
राज्ञ्याः	ɾ ɑː d͡ʑ ɲ j ɑː h ɑ̆
राज्ञ्यै	ɾ ɑː d͡ʑ j̃ j ɑː j
राज्ञ्योः	ɾ ɑː d͡ʑ j̃ j ɐ w h
राज्ञ्योः	ɾ ɑː d͡ʑ ɲ j oː h ŏ
राद्ध	ɾ ɑː d̪̚ d̪ʱ ɐ
राद्ध	ɾ ɑː d̪̚ d̪ʱ ɐ́
राद्धि	ɾ ɑː d̪̚ d̪ʱ i
राद्धि	ɾ ɑ́ː d̪̚ d̪ʱ i
रिक्त	ɾ i k̚ t̪ ɐ
रिक्त	ɾ i k̚ t̪ ɐ́
रिणक्ति	ɾ i ɳ ɐ k̚ t̪ i
रिणक्ति	ɾ i ɳ ɐ́ k̚ t̪ i
रिप्त	ɾ i p̚ t̪ ɐ
रिप्त	ɾ i p̚ t̪ ɐ́
रुद्ध	ɾ u d̪̚ d̪ʱ ɐ
रुद्ध	ɾ u d̪̚ d̪ʱ ɐ́
लज्जा	l̪ ɐ d̚ d͡ʑ ɑː
लज्जास्पद	l̪ ɐ d̚ d͡ʑ ɑː s̪ p ɐ d̪ ɐ
लब्ध	l̪ ɐ b̚ d̪ʱ ɐ
लब्ध्वा	l̪ ɐ b̚ d̪ʱ ʋ ɑː
लिप्त	l̪ i p̚ t̪ ɐ
लिप्त	l̪ i p̚ t̪ ɐ́
लुब्ध	l̪ u b̚ d̪ʱ ɐ
वक्तवे	ʋ ɐ k̚ t̪ ɐ ʋ eː
वक्तवे	ʋ ɐ k̚ t̪ ɐ ʋ ɐ j
वक्ति	ʋ ɐ k̚ t̪ i
वक्ति	ʋ ɐ́ k̚ t̪ i
वक्तोस्	ʋ ɐ k̚ t̪ oː s̪
वक्तोस्	ʋ ɐ́ k̚ t̪ ɐ w s̪
वक्त्र	ʋ ɐ k̚ t̪ ɾ ɐ
वक्त्रभेदी	ʋ ɐ k̚ t̪ ɾ ɐ bʱ eː d̪ iː
वार्त्ता	ʋ ɑː ɾ t̪̚ t̪ ɑː
विच्छिन्न	ʋ i t̚ t͡ɕʰ i n̪ n̪ ɐ
विच्छिन्न	ʋ í t̚ t͡ɕʰ i n̪ n̪ ɐ
विच्छेद	ʋ i t̚ t͡ɕʰ eː d̪ ɐ
विच्छेद	ʋ i t̚ t͡ɕʰ ɐ j d̪ ɐ
वित्त	ʋ i t̪̚ t̪ ɐ
वित्त	ʋ i t̪̚ t̪ ɐ́
विनक्ति	ʋ i n̪ ɐ k̚ t̪ i
विन्त्ते	ʋ i n̪ t̪̚ t̪ eː
विन्त्ते	ʋ i n̪ t̪̚ t̪ ɐ j
विन्यास	ʋ i j̃ j ɑː s̪ ɐ
विरुद्ध	ʋ i ɾ u d̪̚ d̪ʱ ɐ
विषकन्या	ʋ i ʂ ɐ k ɐ j̃ j ɑː
वीतमन्यु	ʋ iː t̪ ɐ m ɐ j̃ j u
वृक्क	ʋ r̩ k̚ k ɐ
वृक्क	ʋ r̩ k̚ k ɐ́
वृक्ते	ʋ r̩ k̚ t̪ eː
वृक्ते	ʋ r̩ k̚ t̪ ɐ j
वृणक्ति	ʋ r̩ ɳ ɐ k̚ t̪ i
वृद्ध	ʋ r̩ d̪̚ d̪ʱ ɐ
वृद्ध	ʋ r̩ d̪̚ d̪ʱ ɐ́
वृद्धि	ʋ r̩ d̪̚ d̪ʱ i
वृद्धि	ʋ ŕ̩ d̪̚ d̪ʱ i
वेत्ति	ʋ eː t̪̚ t̪ i
वेत्ति	ʋ ɐ́ j t̪̚ t̪ i
वेवेक्ति	ʋ eː ʋ eː k̚ t̪ i
वेवेक्ति	ʋ ɐ j ʋ ɐ j k̚ t̪ i
व्युत्पादक	ʋ j u t̪̚ p ɑː d̪ ɐ k ɐ
व्यृद्ध	ʋ j r̩ d̪̚ d̪ʱ ɐ
व्यृद्ध	ʋ í j r̩ d̪̚ d̪ʱ ɐ
शक्ति	ɕ ɐ k̚ t̪ i
शक्ति	ɕ ɐ k̚ t̪ í
शक्ति	ɕ ɐ́ k̚ t̪ i
शब्द	ɕ ɐ b̚ d̪ ɐ
शब्द	ɕ ɐ́ b̚ d̪ ɐ
शब्दकोश	ɕ ɐ b̚ d̪ ɐ k oː ɕ ɐ
शब्दार्थ	ɕ ɐ b̚ d̪ ɑː ɾ t̪ʰ ɐ h
शब्दार्थ	ɕ ɐ b̚ d̪ ɑː ɾ t̪ʰ ɐ h ɐ̆
शब्दालंकार	ɕ ɐ b̚ d̪ ɑː l̪ ɐ ŋ k ɑː ɾ ɐ
शाक्त	ɕ ɑː k̚ t̪ ɐ
शाब्दिक	ɕ ɑː b̚ d̪ i k ɐ
शिंष्टः	ɕ ĩ ʂ ʈ ɐ h ɐ̆
शिंष्ठः	ɕ ĩ ʂ ʈʰ ɐ h ɐ̆
शिंष्मः	ɕ ĩ ʂ m ɐ h ɐ̆
शिंष्वः	ɕ ĩ ʂ ʋ ɐ h ɐ̆
शिक्षिकाः	ɕ i k ʂ i k ɑː h ɑ̆
शिक्षिकाभिः	ɕ i k ʂ i k ɑː bʱ i h ĭ
शिक्षिकाभ्यः	ɕ i k ʂ i k ɑː bʱ j ɐ h ɐ̆
शिक्षिकायाः	ɕ i k ʂ i k ɑː j ɑː h ɑ̆
शिचः	ɕ i t͡ɕ ɐ h ɐ̆
शिफः	ɕ i pʰ ɐ h ɐ̆
शिरःपट्ट	ɕ i ɾ ɐ h p ɐ ʈ̚ ʈ ɐ
शिरःपट्ट	ɕ i ɾ ɐ ɸ p ɐ ʈ̚ ʈ ɐ
शिरःपीडा	ɕ i ɾ ɐ ɸ p iː ɖ ɑː
शुनक	ɕ u n̪ ɐ k ɐ h ɐ̆
शुप्ति	ɕ u p̚ t̪ i
शुप्ति	ɕ ú p̚ t̪ i
शृद्ध	ɕ r̩ d̪̚ d̪ʱ ɐ
श्रद्दधाति	ɕ ɾ ɐ d̪̚ d̪ ɐ d̪ʱ ɑː t̪ i
श्रद्दधाति	ɕ ɾ ɐ́ d̪̚ d̪ ɐ d̪ʱ ɑː t̪ i
श्रद्धा	ɕ ɾ ɐ d̪̚ d̪ʱ ɑː
श्रद्धा	ɕ ɾ ɐ d̪̚ d̪ʱ ɑ́ː
श्रीणीतः	ɕ ɾ iː ɳ iː t̪ ɐ h ɐ̆
श्लिष्यतः	ɕ l̪ i ʂ j ɐ t̪ ɐ h ɐ̆
संकल्पः	s̪ ɐ ŋ k ɐ l̪ p ɐ h ɐ̆
संकल्पयोः	s̪ ɐ ŋ k ɐ l̪ p ɐ j oː h ŏ
संकल्पाः	s̪ ɐ ŋ k ɐ l̪ p ɑː h ɑ̆
संकल्पेभ्यः	s̪ ɐ ŋ k ɐ l̪ p eː bʱ j ɐ h ɐ̆
संकल्पैः	s̪ ɐ ŋ k ɐ l̪ p ɑ j h ɑ̆
संनिरुणद्धि	s̪ ɐ̃ n̪ i ɾ u ɳ ɐ d̪̚ d̪ʱ i
संनिर्गच्छति	s̪ ɐ̃ n̪ i ɾ ɡ ɐ t̚ t͡ɕʰ ɐ t̪ i
संन्यासिनी	s̪ ɐ̃ j̃ j ɑː s̪ i n̪ iː
संन्यासिन्	s̪ ɐ̃ j̃ j ɑː s̪ i n̪
संन्यासी	s̪ ɐ̃ j̃ j ɑː s̪ iː
संयुक्त	s̪ ɐ̃ j u k̚ t̪ ɐ
संयुक्त	s̪ ɐ̃́ j u k̚ t̪ ɐ
संसिद्धि	s̪ ɐ̃ s̪ i d̪̚ d̪ʱ i
सक्त	s̪ ɐ k̚ t̪ ɐ
सक्त	s̪ ɐ k̚ t̪ ɐ́
सक्थि	s̪ ɐ k̚ t̪ʰ i
सक्थि	s̪ ɐ́ k̚ t̪ʰ i
सज्जन	s̪ ɐ d̚ d͡ʑ ɐ n̪ ɐ
सज्जा	s̪ ɐ d̚ d͡ʑ ɑː
सज्जित	s̪ ɐ d̚ d͡ʑ i t̪ ɐ
सज्ज्	s̪ ɐ d̚ d͡ʑ
सत्त	s̪ ɐ t̪̚ t̪ ɐ
सत्त	s̪ ɐ t̪̚ t̪ ɐ́
सत्त्र	s̪ ɐ t̪̚ t̪ ɾ ɐ
सत्त्र	s̪ ɐ t̪̚ t̪ ɾ ɐ́
सत्त्व	s̪ ɐ t̪̚ t̪ ʋ ɐ
सत्त्व	s̪ ɐ t̪̚ t̪ ʋ ɐ́
सन्यात्	s̪ ɐ j̃ j ɑː t̪
सप्त	s̪ ɐ p̚ t̪ ɐ
सप्त	s̪ ɐ p̚ t̪ ɐ́
सप्तति	s̪ ɐ p̚ t̪ ɐ t̪ i
सप्तति	s̪ ɐ p̚ t̪ ɐ t̪ í
सप्तथ	s̪ ɐ p̚ t̪ ɐ t̪ʰ ɐ
सप्तथ	s̪ ɐ p̚ t̪ ɐ́ t̪ʰ ɐ
सप्तदश	s̪ ɐ p̚ t̪ ɐ d̪ ɐ ɕ ɐ
सप्तदश	s̪ ɐ p̚ t̪ ɐ́ d̪ ɐ ɕ ɐ
सप्तन्	s̪ ɐ p̚ t̪ ɐ n̪
सप्तन्	s̪ ɐ p̚ t̪ ɐ́ n̪
सप्तम	s̪ ɐ p̚ t̪ ɐ m ɐ
सप्तम	s̪ ɐ p̚ t̪ ɐ m ɐ́
सप्तविंशति	s̪ ɐ p̚ t̪ ɐ ʋ ĩ ɕ ɐ t̪ i
सप्तविंशति	s̪ ɐ p̚ t̪ ɐ́ ʋ ĩ ɕ ɐ t̪ i
सप्ताह	s̪ ɐ p̚ t̪ ɑː ɦ ɐ
सप्ताह	s̪ ɐ p̚ t̪ ɑː ɦ ɐ́
समृद्ध	s̪ ɐ m r̩ d̪̚ d̪ʱ ɐ
समृद्ध	s̪ ɐ́ m r̩ d̪̚ d̪ʱ ɐ
समृद्धि	s̪ ɐ m r̩ d̪̚ d̪ʱ i
समृद्धि	s̪ ɐ́ m r̩ d̪̚ d̪ʱ i
सम्पत्ति	s̪ ɐ m p ɐ t̪̚ t̪ i
सादः	s̪ ɑː d̪ ɐ h ɐ̆
सादाः	s̪ ɑː d̪ ɑː h ɑ̆
सादेभ्यः	s̪ ɑː d̪ eː bʱ j ɐ h ɐ̆
सादैः	s̪ ɑː d̪ ɑ j h ɑ̆
साप्ताहिक	s̪ ɑː p̚ t̪ ɑː ɦ i k ɐ
सामान्य	s̪ ɑː m ɑː j̃ j ɐ
सिद्ध	s̪ i d̪̚ d̪ʱ ɐ
सिद्धार्थ	s̪ i d̪̚ d̪ʱ ɑː ɾ t̪ʰ ɐ
सिनीतः	s̪ i n̪ iː t̪ ɐ h ɐ̆
सिन्व	s̪ i ʋ̃ ʋ ɐ
सुप्त	s̪ u p̚ t̪ ɐ
सुप्त	s̪ u p̚ t̪ ɐ́
सुरम्य	s̪ u ɾ ɐ j̃ j ɐ
सुरम्या	s̪ u ɾ ɐ j̃ j ɑː
सुराधिपः	s̪ u ɾ ɑː d̪ʱ i p ɐ h ɐ̆
सुषुप्त	s̪ u ʂ u p̚ t̪ ɐ
सुषुप्त	s̪ ú ʂ u p̚ t̪ ɐ
सुसज्जित	s̪ u s̪ ɐ d̚ d͡ʑ i t̪ ɐ
सूक्त	s̪ uː k̚ t̪ ɐ
सूक्त	s̪ uː k̚ t̪ ɐ́
स्कुनीतः	s̪ k u n̪ iː t̪ ɐ h ɐ̆
स्तभ्नीतः	s̪ t̪ ɐ bʱ n̪ iː t̪ ɐ h ɐ̆
स्तुभ्नीतः	s̪ t̪ u bʱ n̪ iː t̪ ɐ h ɐ̆
स्वतन्त्र	s̪ ʋ ɐ t̪ ɐ n̪ t̪ ɾ ɐ h ɐ̆
हट्ट	ɦ ɐ ʈ̚ ʈ ɐ
हर्म्य	ɦ ɐ ɾ j̃ j ɐ́
हलद्दी	ɦ ɐ l̪ ɐ d̪̚ d̪ iː
हिक्का	ɦ i k̚ k ɑː
हिक्किका	ɦ i k̚ k i k ɑː
हिक्कित	ɦ i k̚ k i t̪ ɐ
हिक्किन्	ɦ i k̚ k i n̪
हिक्क्	ɦ i k̚ k
हिन्द्याः	ɦ i n̪ d̪ j ɑː h ɑ̆
हिरण्य	ɦ í ɾ ɐ j̃ j ɐ
हेक्का	ɦ eː k̚ k ɑː
हेक्का	ɦ ɐ j k̚ k ɑː
