aball	a v a l͈
abis	a vʲ i s
abis	a vʲ i sʲ
abissiu	a vʲ i sʲ u
abla	a v l a
acair	a ɡ i rʲ
acaldam	a ɡ a l͈ d a ṽ
accai	a k i
accastar	a k a s t a r
accat	a k a d
accatar	a k a d a r
accathar	a k a θ a r
accobar	a k o v a r
accobra	a k o v r a
accobri	a k o v r i
accomlatar	a k o ṽ l a d a r
accomol	a k u ṽ u l
accomoltar	a k o ṽ o l͈ t a r
accrann	a k r a n͈
accrannaib	a k r a n͈ i vʲ
accubur	a k u v u r
accuis	a k u sʲ
achair	a x ə rʲ
acht	a x t
achta	a x t a
adaig	a ð a ɣʲ
adaig	a ð ə ɣʲ
adaill	a ð a l͈ʲ
adall	a ð ə l͈
adaltras	a ð a l͈ t r a s
adamrae	a ð a ṽ r e
adamraigedar	a ð a ṽ r i ɣʲ e ð a r
adamraigetar	a ð a ṽ r i ɣʲ e d a r
adamraigther	a ð a ṽ r i ɣʲ θʲ e r
adamraigthi	a ð a ṽ r i ɣʲ θʲ i
adamrigther	a ð a ṽ r i ɣʲ θʲ e r
adamrugur	a ð a ṽ r u ɣ u r
adarc	a ð ə r k
adarcae	a ð a r k e
adarcaib	a ð a r k i vʲ
adbar	a ð v a r
adceid	a ð kʲ e ðʲ
adceithe	a ð kʲ e θʲ e
adcess	a ð kʲ ɛ s
adcessa	a ð kʲ ɛ s a
adchess	a ð xʲ ɛ s
adchiam	a ð xʲ i a ṽ
adchobrai	a ð x o v r i
adchobrat	a ð x o v r a d
adchodados	a ð x o d a ð o s
adchomlatar	a ð x o ṽ l a d a r
adchotadsam	a ð x o d a ð s a ṽ
adchotar	a ð x o d a r
adchotate	a ð x o d a d e
adchí	a ð xʲ iː
adchíther	a ð xʲ iː θ e r
adciam	a ð kʲ i a ṽ
adcichitis	a ð kʲ i xʲ i dʲ i sʲ
adcichlus	a ð kʲ i x l u s
adcladat	a ð k l a ð a d
adclaid	a ð k l a ðʲ
adcobra	a ð k o v r a
adcobrai	a ð k o v r i
adcobraim	a ð k o v r i mʲ
adcobrat	a ð k o v r a d
adcobrinn	a ð k o v r i n͈ʲ
adcodados	a ð k o d a ð o s
adcomaltar	a ð k o ṽ a l͈ t a r
adcomla	a ð k o ṽ l a
adcomlat	a ð k o ṽ l a d
adcomlatar	a ð k o ṽ l a d a r
adcosantae	a ð k o s a n͈ t e
adcosna	a ð k o s n͈ a
adcosnae	a ð k o s n e
adcosnai	a ð k o s n͈ i
adcosnainn	a ð k o s n i n͈ʲ
adcosnat	a ð k o s n a d
adcot	a ð k o d
adcota	a ð k o d a
adcotad	a ð k o d a ð
adcotade	a ð k o d a ð e
adcotadsam	a ð k o d a ð s a ṽ
adcotadus	a ð k o d a ð u s
adcotar	a ð k o d a r
adcotat	a ð k o d a d
adcotate	a ð k o d a d e
adcotatsat	a ð k o d a d s a d
adcotedae	a ð k o d e ð e
adcuaid	a ð k u i ðʲ
adcí	a ð kʲ iː
adcíther	a ð kʲ iː θ e r
addaim	a ð d a ṽʲ
adeirrig	a ð e r͈ʲ ə ɣʲ
adella	a ð e l͈ a
adellat	a ð e l͈ ə d
adelliub	a ð e l͈ʲ i u̯ v
aderrius	a ð e r͈ʲ i u̯ s
adersetar	a ð e r͈ʲ sʲ e d a r
adetha	a ð e θ a
adfét	a ð fʲ eː d
adfíadam	a ð fʲ iː a̯ ð ə ṽ
adfíadar	a ð fʲ iː a̯ ð a r
adfíadar	a ð iː a̯ ð a r
adfíadat	a ð fʲ iː a̯ ð ə d
adgair	a ð ɡ a rʲ
adgairid	a ð ɡ a rʲ i ðʲ
adgaur	a ð ɡ a u̯ r
adgládathar	a ð ɡ l aː ð a θ a r
adgnin	a ð ɡʲ nʲ i nʲ
adgén	a ð ɡʲ eː n
adgénammar	a ð ɡʲ eː n a m a r
adgéntar	a ð ɡʲ eː n͈ t ə r
adgéuin	a ð ɡʲ eː u̯ nʲ
adgúisiu	a ð ɡ uː sʲ u
adgúset	a ð ɡ uː sʲ e d
adgúsi	a ð ɡ uː sʲ i
adgústis	a ð ɡ uː sʲ tʲ i sʲ
adib	a ðʲ ə vʲ
adidchotatsat	a ð i ð x o d a d s a d
adidgéuin	a ð i ð ɣʲ eː u̯ nʲ
adilgnigidir	a ðʲ i lʲ ɡʲ nʲ i ɣʲ i ðʲ i rʲ
adindchomlat	a d i n͈ d x o ṽ l a d
admat	a ð m ə d
admidethar	a ð mʲ i ðʲ e θ a r
adnoí	a ð n͈ oː i̯
adobragart	a d o v r a ɣ a r͈ t
adopair	a ð o b i rʲ
adora	a ð o r a
adrad	a ð r a ð
adragart	a ð r a ɣ a r͈ t
adraid	a ð r ə ðʲ
adrochomolta	a ð r o x o ṽ o l͈ t a
adrochomul	a ð r͈ o x o ṽ u l
adrograd	a ð r͈ o ɣ r a ð
adroilli	a ð r͈ o l͈ʲ i
adruamraigset	a ð r͈ u a ṽ r i ɣʲ sʲ e d
adruchoisséni	a ð r u x o sʲ eː nʲ i
adráigsetar	a ð r͈ aː xʲ sʲ e d a r
adráigsetar	a ð r͈ aː ɣʲ sʲ e d a r
adrími	a ð r͈ʲ iː ṽʲ i
adteich	a ð tʲ e xʲ
adtluchedar	a ð t l u xʲ e ð a r
adtreba	a ð tʲ rʲ e v a
adágainn	a ð aː ɣ i n͈ʲ
adágathar	a ð aː ɣ a ð a r
adágathar	a ð aː ɣ a θ a r
adágur	a ð aː ɣ u r
adáichfer	a ð aː xʲ fʲ e r
adáichfethar	a ð aː xʲ fʲ e ð a r
adáichfethar	a ð aː xʲ fʲ e θ a r
adáigther	a ð aː ɣʲ ðʲ e r
adáigther	a ð aː ɣʲ θʲ e r
adíadar	a ð iː a̯ ð a r
aeir	a e rʲ
aer	a e r
afraicc	a f r ə kʲ
ag	a ɣ
agad	a ɣ ə ð
agair	a ɣ i rʲ
agat	a ɣ a d
aicce	a kʲ e
aicci	a kʲ i
aicher	a xʲ e r
aichre	a xʲ rʲ e
aicniud	a ɡʲ nʲ u ð
aicsenaib	a kʲ sʲ e n i vʲ
aicsin	a kʲ sʲ i nʲ
aicsu	a kʲ sʲ u
aidche	a ðʲ xʲ e
aidchi	a ðʲ xʲ i
aidlignigitir	a ðʲ lʲ i ɡʲ nʲ i ɣʲ i dʲ i rʲ
aig	a ɣʲ
aiges	a ɣʲ e s
aigid	a ɣʲ i ðʲ
ail	a lʲ
aile	a lʲ e
ailide	a lʲ i ðʲ e
ailidetu	a lʲ i ðʲ e d u
ailidi	a lʲ i ðʲ i
aill	a l͈ʲ
ailte	a i lʲ tʲ e
ailén	a lʲ eː n
aimdetar	a mʲ ðʲ e d a r
aimmded	a mʲ ðʲ e ð
ain	a nʲ
ainder	a n͈ʲ dʲ ə r
aingel	a nʲ ɣʲ e l
aingel	a ŋʲ ɡʲ e l
aingid	a nʲ ɣʲ i ðʲ
aingil	a nʲ ɣʲ i lʲ
aingil	a ŋʲ ɡʲ i lʲ
ainimm	a nʲ i mʲ
ainmm	a nʲ mʲ
ainmne	a nʲ mʲ nʲ e
ainmnit	a nʲ mʲ nʲ i dʲ
air	a rʲ
airbe	a rʲ vʲ e
airbert	a rʲ vʲ ə r t
airchellad	a rʲ xʲ ə l͈ ə ð
aird	a r͈ʲ dʲ
airde	a r͈ʲ dʲ e
aire	a rʲ e
airegdae	a rʲ e ɣ ð e
airegdu	a rʲ e ɣ ð u
airfitech	a rʲ fʲ i dʲ e x
airg	a rʲ ɡʲ
airid	a rʲ i ðʲ
airigther	a rʲ i ɣʲ θʲ e r
airisem	a rʲ ə sʲ ə ṽ
aisil	a sʲ i lʲ
aite	a dʲ e
aithche	a θʲ xʲ e
aithchi	a θʲ xʲ i
aithesc	a θʲ ə s k
aithgnintar	a θʲ ɣʲ nʲ i n͈ t a r
aithgéuin	a θʲ ɣʲ eː u̯ nʲ
aithirge	a θʲ ə rʲ ɣʲ e
aithirgi	a θʲ i rʲ ɣʲ i
aithirgid	a θʲ i r ɣʲ i ðʲ
aithirrestar	a θʲ i r͈ʲ e s t a r
aithirset	a θʲ i r sʲ e d
aithirsid	a θʲ i r sʲ i ðʲ
aithmet	a θʲ ṽʲ e d
aithne	a θʲ nʲ e
aiti	a dʲ i
aitt	a tʲ
albu	a l b u
allaid	a l͈ i ðʲ
allas	a l͈ a s
altae	a l͈ t e
altram	a l͈ t r a m
am	a m
amail	a ṽ i lʲ
amar	a ṽ a r
amein	a ṽʲ e nʲ
ammait	a m i dʲ
ammus	a m u s
amne	a ṽ nʲ e
amrae	a ṽ r e
and	a n͈ d
anglan	a n ɣ l a n
anim	a nʲ i m
anim	a nʲ i ṽʲ
anmain	a n m i nʲ
anman	a n m a n
anmann	a n m a n͈
anme	a n m e
anmin	a n m i nʲ
ansam	a n͈ s a ṽ
anse	a n͈ s e
anus	a n u s
anáil	a n aː lʲ
anál	a n aː l
análfadach	a n aː l f a ð a x
aní	a n͈ʲ iː
anís	a n͈ʲ iː s
anísiu	a n͈ʲ iː sʲ i u̯
anúas	a n͈ uː a̯ s
ap	a b
apad	a b a ð
apid	a b i ðʲ
apstal	a b s t a l
ar	a r
ara	a r a
aracotar	a r a k o d a r
ararethi	a r a rʲ e θʲ i
arbeir	a r bʲ e rʲ
arbor	a r v ə r
arcela	a r kʲ e l a
ard	a r͈ d
arda	a r͈ d a
ardu	a r͈ d u
arfen	a r fʲ e n
argat	a r ɡ a d
arna	a r͈ n͈ a
arnachcorathar	a r͈ n͈ a x ɡ o r a θ a r
arnap	a r͈ n͈ a b
arnatomnad	a r͈ n͈ aː t o ṽ n a ð
arneat	a r n e ə d
arpeti	a r pʲ e dʲ i
arrad	a r͈ a ð
arreith	a r r͈ʲ e θʲ
arrosfí	a r͈ o s fʲ iː
arrosfí	a r͈ o s vʲ iː
arsaid	a r͈ s i ðʲ
arse	a r͈ʲ sʲ e
arsidetu	a r s i ðʲ e d u
arsissedar	a r sʲ i sʲ ə ð ə r
art	a r͈ t
artúaissi	a r t u a̯ sʲ i
arán	a r aː n
asagú	a s a ɡ uː
asagúsi	a s a ɡ uː sʲ i
asbeir	a s bʲ e rʲ
asbeirmis	a s bʲ e rʲ mʲ ə sʲ
asbera	a s bʲ e r a
asberaid	a s bʲ e r i ðʲ
asbertis	a s bʲ e r͈ʲ dʲ i sʲ
asbiur	a s bʲ i u̯ r
ascae	a s k e
ascnae	a s k n e
asgleinn	a s ɡʲ l͈ʲ e n͈ʲ
asinchobra	a s i n x o v r a
asindet	a s i nʲ dʲ ə d
asmbeir	a s mʲ bʲ e rʲ
asruguset	a s r u ɣ u sʲ e d
ass	a s
assagúiset	a s a ɡ uː sʲ e d
assagúsea	a s a ɡ uː sʲ a
assu	a s u
astoing	a s t o ŋʲ ɡʲ
at	a d
at	a t
ata	a d a
ata	a t aː
atacomla	a d a ɡ o ṽ l a
ataella	a d a e l͈ a
atannaigi	a d a n a ɣʲ nʲ i
atanneirrig	a d a n͈ʲ e r͈ʲ i ɣʲ
ataré	a d a r͈ʲ eː
atatgéntar	a d a d ɣʲ eː n͈ t a r
atbaill	a d v a l͈ʲ
atbath	a d v a θ
atbeirmis	a d vʲ e rʲ mʲ i sʲ
atbela	a d vʲ e l a
atchessa	a d xʲ ɛ s a
atcomla	a d ɡ o ṽ l a
atdubelliub	a d u v e l͈ʲ i u̯ v
atgairith	a d ɣ a rʲ i ðʲ
atgairith	a d ɣ a rʲ i θʲ
athair	a θ i rʲ
athar	a θ a r
athchumtach	a θ x u ṽ d a x
athramail	a θ r a ṽ i lʲ
athramlai	a θ r a ṽ l i
atlugud	a t l u ɣ u ð
atobaig	a d o v a ɣʲ
atobcí	a d o v kʲ iː
atom	a d o ṽ
atomaig	a d o m a ɣʲ
atomriug	a d o ṽ rʲ i u̯ ɣ
atrab	a t r͈ ə v
atreig	a d rʲ e ɣʲ
atrobair	a d r o v i rʲ
attaí	a t t aː i̯
attotaig	a d o d a ɣʲ
attá	a t t aː
attó	a t t oː
aub	a u̯ v
aí	aː i̯
aís	aː i̯ s
aís	aː i̯ sʲ
bachlaig	b a x l i ɣʲ
bad	b a ð
badb	b a ð v
baid	b a ðʲ
baid	b a ə ðʲ
baile	b a lʲ e
bairgen	b a rʲ ɣʲ ə n
balb	b a l v
balba	b a l v a
ball	b a l͈
ban	b a n
banb	b a n͈ v
banscál	b a n s k aː l
bar	v a r
bard	b a r͈ d
bardu	b a r͈ d u
bas	b a s
basa	b a s a
bat	b a d
bec	bʲ e ɡ
beca	bʲ e ɡ a
bech	bʲ e x
bed	bʲ e ð
bedg	bʲ e ð ɡ
bedgach	bʲ e ð ɡ a x
beich	bʲ e xʲ
beid	bʲ e ðʲ
bein	bʲ e nʲ
beir	bʲ e rʲ
beires	bʲ e rʲ e s
beit	bʲ e dʲ
beith	bʲ e θʲ
bem	bʲ e ṽ
bemmi	bʲ e mʲ i
ben	bʲ e n
benair	bʲ e n i rʲ
bendacht	bʲ e n͈ d a x t
benn	bʲ e n͈
beothu	bʲ e u̯ θ u
ber	bʲ e r
bera	bʲ e r a
berach	bʲ e r a x
berar	bʲ e r a r
berat	bʲ e r a d
bero	bʲ e r o
berr	bʲ e r͈
berra	bʲ e r͈ a
bert	bʲ e r͈ t
berte	bʲ e r d e
beta	bʲ e d a
beth	bʲ e θ
betha	bʲ e θ a
bethaid	bʲ e θ i ðʲ
bethu	bʲ e θ u
beuch	bʲ e u̯ x
bia	bʲ i a
biad	bʲ i a ð
bic	bʲ i ɡʲ
bice	bʲ i ɡʲ e
bid	bʲ i ðʲ
bile	bʲ i lʲ e
bili	bʲ i lʲ i
bir	bʲ i r
bir	bʲ i rʲ
birr	bʲ i r͈ʲ
birre	bʲ i r͈ʲ e
birt	bʲ i r͈ʲ tʲ
biru	bʲ i r u
biter	bʲ i dʲ e r
bith	bʲ i θ
bith	bʲ i θʲ
bith	bʲ iː θʲ
biur	bʲ i u̯ r
biáil	bʲ i aː lʲ
blíadain	bʲ lʲ iː a̯ ð i nʲ
bocht	b o x t
bodar	b o ð a r
boin	b o nʲ
boinenn	b o nʲ e n͈
boladmar	b o l a ð ṽ a r
bolg	b o l ɡ
bona	b o n a
bongaid	b o ŋʲ ɡʲ i ðʲ
borb	b o r b
borba	b o r b a
both	b o θ
boí	b oː i̯
brain	b r a nʲ
bran	b r a n
brao	b r aː u̯
bratt	b r͈ a t
brecc	bʲ rʲ e k
breg	bʲ rʲ e ɣ
brega	bʲ rʲ e ɣ a
bregda	bʲ rʲ e ɣ ð a
breib	bʲ rʲ e bʲ
breth	bʲ r͈ʲ e θ
bretha	bʲ rʲ e θ a
brig	bʲ rʲ i ɣʲ
brigit	bʲ rʲ i ɣʲ i dʲ
bris	bʲ rʲ i sʲ
brisid	bʲ rʲ i sʲ i ðʲ
brisis	bʲ rʲ i sʲ i sʲ
briste	bʲ rʲ i sʲ tʲ e
bristi	bʲ rʲ i sʲ tʲ i
brithem	bʲ rʲ i θʲ e ṽ
brithemnas	bʲ rʲ e θʲ e ṽ n a s
brittach	bʲ rʲ i t a x
broin	b r o nʲ
broon	b r o o n
bruth	b r u θ
bruthmar	b r u θ ṽ a r
bráge	b r͈ aː ɣ e
bráithre	b r aː θʲ rʲ e
bráth	b r͈ aː θ
bráthair	b r aː θ i rʲ
bráthardae	b r aː θ a r ð e
bréc	bʲ rʲ eː ɡ
brécach	bʲ rʲ eː ɡ a x
bréin	bʲ rʲ eː nʲ
brén	bʲ rʲ eː n
bréthir	bʲ rʲ eː θʲ i rʲ
bréthre	bʲ rʲ eː θʲ rʲ e
brí	bʲ rʲ iː
bríathar	bʲ rʲ iː a̯ θ ə r
bríg	bʲ rʲ iː ɣ
bríg	bʲ rʲ iː ɣʲ
brígmar	bʲ rʲ iː ɣ ṽ a r
bróc	b r oː ɡ
brón	b r oː n
brónach	b r oː n a x
brúmar	b r uː ṽ a r
buid	b u ðʲ
buide	b u ðʲ e
buiden	b u ðʲ e n
buidi	b u ðʲ i
buidin	b u ðʲ i nʲ
builg	b u lʲ ɡʲ
buinne	b u n͈ʲ e
buirbe	b u rʲ bʲ e
bun	b u n
burb	b u r b
báidid	b aː ðʲ ə ðʲ
bán	b aː n
bána	b aː n a
báo	b aː u̯
bás	b aː s
bé	bʲ eː
bél	bʲ eː l
bélib	bʲ eː l i vʲ
bélmar	bʲ eː l ṽ a r
bélrae	bʲ eː l͈ r e
bélrai	bʲ eː l͈ r i
béo	bʲ eː u̯
béoigidir	bʲ eː u̯ i ɣʲ i ðʲ i rʲ
bés	bʲ eː s
béssu	bʲ eː s u
bí	bʲ iː
bíad	bʲ iː a̯ ð
bíada	bʲ iː a̯ ð a
bíid	bʲ iː i ðʲ
bís	bʲ iː s
bíuu	bʲ iː u̯
bó	b oː
bú	b uː
búachaill	b uː a̯ x i l͈ʲ
búaid	b uː a̯ ðʲ
búain	b uː a̯ nʲ
cach	k a x
cacht	k a x t
caich	k a xʲ
cailech	k a lʲ e x
caille	k a l͈ʲ e
cainnt	k a n͈ʲ tʲ
cairdes	k a r͈ʲ dʲ e s
caire	k a rʲ e
caithid	k a θʲ ə ðʲ
caithig	k a θʲ i ɣʲ
camm	k a m
camma	k a m a
cammu	k a m u
carad	k a r a ð
carae	k a r e
caraid	k a r i ðʲ
caratrad	k a r a d r a ð
carcair	k a r k i rʲ
carcar	k a r k a r
carpat	k a r b a d
cath	k a θ
catha	k a θ a
cathach	k a θ a x
cathair	k a θ ə rʲ
cathaír	k a θ aː i̯ rʲ
catho	k a θ o
cathracha	k a θ r a x a
cathraig	k a θ r i ɣʲ
catt	k a t
caur	k a u̯ r
caurad	k a u̯ r a ð
caích	k aː i̯ xʲ
caín	k a i̯ nʲ
ce	kʲ e
cech	kʲ e x
ceilid	kʲ e lʲ ə ðʲ
ceist	kʲ e sʲ tʲ
cell	kʲ e l͈
cen	kʲ e n
cenaib	kʲ e n i vʲ
cene	kʲ e n e
cenn	kʲ e n͈
cenna	kʲ e n͈ a
cenél	kʲ e nʲ eː l
ceníuil	kʲ e nʲ iː u̯ lʲ
cerc	kʲ e r k
cerca	kʲ e r k a
cercdae	kʲ e rʲ k ðʲ e
cerd	kʲ e r͈ d
cern	kʲ e r n
cert	kʲ e r͈ t
certa	kʲ e r͈ t a
certu	kʲ e r͈ t u
cet	kʲ e d
cetabí	kʲ e d a b iː
cethair	kʲ e θ i rʲ
cethramad	kʲ e θ r a ṽ a ð
ceto	kʲ e d o
chaire	x a rʲ e
chamm	x a m
chamma	x a m a
chapaill	x a p i l͈ʲ
chapall	x a p a l͈
charae	x a r e
chath	x a θ
chaur	x a u̯ r
chell	xʲ e l͈
chen	ç e n
chenn	xʲ e n͈
chenna	xʲ e n͈ a
chenél	kʲ e nʲ eː l
chert	xʲ e r͈ t
chet	xʲ e d
chid	xʲ i ð
chinn	xʲ i n͈ʲ
chirce	xʲ i rʲ kʲ e
chirt	xʲ i r͈ t
chirt	xʲ i r͈ʲ tʲ
chloíne	x l oː i̯ nʲ e
chlúasaib	x l uː a̯ s i vʲ
chnámi	x n aː ṽ i
choirp	x o rʲ pʲ
chois	x o sʲ
chomalnad	x o ṽ a l͈ n͈ a ð
chomalnit	x o ṽ a l n i dʲ
chomsuidigud	x o ṽ h u ðʲ i ɣ u ð
chomthururasib	x o ṽ θ u r u r a s i vʲ
chon	x o n
chor	x o r
chos	x o s
choscur	x o s k u r
chosmailius	x o s ṽ i lʲ u s
chretid	xʲ rʲ e dʲ i ðʲ
chretim	xʲ rʲ e dʲ i ṽʲ
chridiu	xʲ rʲ i ðʲ u
chroich	x r o xʲ
chrud	x r u ð
chríst	xʲ rʲ iː s t
chríst	xʲ rʲ iː sʲ tʲ
chuintechti	x u n͈ʲ tʲ e x t i
chuir	x u rʲ
chumachtae	x u ṽ a x t e
chumachtaig	x u ṽ a x t i ɣʲ
chéile	xʲ eː lʲ ə
chéste	xʲ eː s t e
chíall	xʲ iː a̯ l͈
chír	xʲ iː r
chú	x uː
chúl	x uː l
cid	kʲ i ð
ciid	kʲ i ə ðʲ
cimbid	kʲ i mʲ bʲ i ðʲ
cin	kʲ i n
cing	kʲ i ŋʲ ɡʲ
cingid	kʲ i ŋʲ ɡʲ i ðʲ
cininfil	kʲ i nʲ i nʲ fʲ i lʲ
cinn	kʲ i n͈ʲ
circ	kʲ i rʲ kʲ
circe	kʲ i rʲ kʲ e
cit	kʲ i d
ciúin	kʲ iː u̯ nʲ
ciúine	kʲ iː u̯ nʲ e
claidbiu	k l a ðʲ vʲ u
claide	k l a ðʲ e
claidib	k l a ðʲ i vʲ
claidid	k l a ðʲ i ðʲ
claidiub	k l a ðʲ u v
claind	k l a n͈ʲ dʲ
cland	k l a n͈ d
clannmar	k l a n͈ ṽ a r
classa	k l a s a
cloc	k l o ɡ
cloch	k l o x
cloth	k l o θ
cloud	k l͈ o u ð
cloíne	k l oː i̯ nʲ e
cluichigedar	k l u xʲ i ɣʲ e ð a r
cluichigidir	k l u xʲ i ɣʲ i dʲ i rʲ
cluinte	k l u n͈ʲ tʲ e
clár	k l aː r
clú	k l uː
clúas	k l uː a̯ s
clúasaib	k l uː a̯ s i vʲ
cnocc	k n o k
cnoccach	k n o k a x
cnáim	k n aː ṽʲ
cnámai	k n aː ṽ i
cnú	k n uː
cobair	k o v ə rʲ
cobais	k o v ə sʲ
cobodlus	k o v o ð l u s
cochall	k o x a l͈
coibnesta	k o vʲ nʲ e s t a
coimded	k o ṽ ðʲ e ð
coimdiu	k o ṽʲ ðʲ u
coin	k o nʲ
cois	k o sʲ
coiscset	k o sʲ kʲ sʲ e d
coitchen	k o tʲ xʲ e n͈
coitsecht	k o tʲ sʲ ə x t
col	k o l
colinn	k o l i n͈ʲ
coll	k o l͈
colmáin	k o l m aː nʲ
colmán	k o l m aː n
colnide	k o l͈ n͈ i ðʲ e
columb	k o l u m b
comalnaithir	k o ṽ a l n i θʲ i rʲ
comalnammar	k o ṽ a l n a m a r
comalnit	k o ṽ a l n i dʲ
comarbbae	k o ṽ a r b e
comarbus	k o ṽ a r b u s
comflaithius	k o ṽ l a θʲ u s
comman	k o m a n
commant	k o m ə n͈ d
comolnatar	k o ṽ o l n a d a r
comsuidigthe	k o ṽ h u ðʲ i ɣʲ θʲ e
comsuidigthi	k o ṽ h u ðʲ i ɣʲ θʲ i
comthururas	k o ṽ θ u r u r a s
comthururasib	k o ṽ θ u r u r a s i vʲ
comét	k o ṽʲ eː d
con	k o n
cona	k o n a
conboing	k o n b o ŋʲ
conchobair	k o n x o v i rʲ
conchobar	k o n x o v a r
condansamailter	k o n͈ d a n s a ṽ i l͈ʲ tʲ e r
condieig	k o n͈ dʲ i e ɣʲ
congaib	k o n ɡ a vʲ
congair	k o n ɡ a rʲ
congbál	k o ŋ ɡ v aː l
congné	k o n ɡʲ nʲ eː
congní	k o n ɡʲ nʲ iː
conicc	k o n͈ʲ i ɡʲ
conici	k o n͈ʲ i ɡʲ i
conmesca	k o n mʲ e s k a
conmescatar	k o n mʲ e s k a d a r
conn	k o n͈
connachta	k o n͈ a x t a
conricc	k o n r͈ʲ i ɡʲ
conrig	k o n r͈ʲ i ɣʲ
conscara	k o n s k a r a
consecha	k o n sʲ e x a
contuili	k o n͈ t u lʲ i
contúaisi	k o n t u a̯ sʲ i
conutaing	k o n u d ə ŋʲ ɡʲ
conéit	k o n eː dʲ
conétet	k o n eː dʲ e d
coní	k o n͈ʲ iː
conói	k o n o i̯
cor	k o r
corann	k o r ə n͈
corathar	k o r a θ a r
corcur	k o r k u r
cormac	k o r m a k
corop	k o r o b
corp	k o r p
corruanat	k o r͈ u a n a d
cos	k o s
coscitir	k o sʲ kʲ i dʲ i rʲ
coscur	k o s k u r
cosmail	k o s ṽ i l
cosmailius	k o s ṽ i lʲ u s
cossa	k o s a
cotarsnatu	k o d a r s n͈ a d u
cote	k o dʲ e
coíca	k oː i̯ ɡ a
coím	k oː i̯ ṽ
coím	k oː i̯ ṽʲ
coínid	k oː i̯ nʲ ə ðʲ
coíniud	k o i̯ nʲ u ð
creitem	kʲ rʲ e dʲ e ṽ
creitim	kʲ rʲ e dʲ i mʲ
creitim	kʲ rʲ e dʲ i ṽʲ
crenaid	kʲ rʲ e n i ðʲ
cretim	kʲ rʲ e dʲ i mʲ
cretim	kʲ rʲ e dʲ i ṽʲ
cridi	kʲ rʲ i ðʲ e
cridiu	kʲ rʲ i ðʲ u
crith	kʲ r͈ʲ i θ
croch	k r o x
croiccenn	k r o kʲ e n͈
croich	k r o xʲ
crott	k r o t
crud	k r u ð
cruim	k r u ṽʲ
cruimther	k r u ṽʲ θʲ e r
cruth	k r u θ
cré	kʲ r͈ʲ eː
créchtnaigid	kʲ r͈ʲ eː x d n ə ɣʲ ə ðʲ
críst	kʲ rʲ iː s t
críst	kʲ rʲ iː sʲ tʲ
cuil	k u lʲ
cuilenn	k u lʲ e n͈
cuilén	k u lʲ eː n
cuintechtai	k u n͈ʲ tʲ e x t i
cuir	k u rʲ
cuire	k u rʲ e
cuirethar	k u rʲ e θ a r
cuit	k u dʲ
cum	k u ṽ
cumachtach	k u ṽ a x t a x
cumachtae	k u ṽ a x t e
cumachtaig	k u ṽ a x t i ɣʲ
cumgat	k u ṽ ɡ a d
cummae	k u m b e
cummatu	k u m a d u
cummiscther	k u mʲ i sʲ kʲ θʲ e r
cumscaigthetu	k u ṽ s k i ɣʲ θʲ e d u
cumtach	k u ṽ d ə x
cách	k aː x
cáech	k aː i̯ x
cáel	k aː i̯ l
cáel	k oː i̯ l
cáelán	k aː i̯ l aː n
cáich	k aː xʲ
cáin	k aː nʲ
céile	kʲ eː lʲ e
céille	kʲ eː l͈ʲ e
céimm	kʲ eː mʲ
célide	kʲ eː lʲ i ðʲ e
cér	kʲ eː r
céste	kʲ eː s t e
cét	kʲ eː d
cétal	kʲ eː t ə l
cétaín	kʲ eː d a i̯ nʲ
cétmad	kʲ eː d ṽ a ð
cétnae	kʲ eː d n͈ e
cétni	kʲ eː d n͈ i
cétnidetu	kʲ eː d n͈ i ðʲ e
céul	kʲ eː u̯ l
cía	kʲ iː a̯
cíall	kʲ iː a̯ l͈
cían	kʲ iː a̯ n
cír	kʲ iː r
cóecatmad	k oː i̯ ɡ a d ṽ a ð
cóem	k oː i̯ ṽ
cóemgen	k oː i̯ ṽ ɣʲ e n
cói	k o i̯
cóic	k oː ɡʲ
cóiced	k oː ɡʲ e ð
cóir	k o i rʲ
cóir	k oː rʲ
cú	k uː
cúan	k uː a̯ n
cúl	k uː l
cúramach	k uː r a m a x
cúrsachad	k uː r s a x a ð
cúán	k uː aː n
dagdae	d a ɣ ð e
dagníat	d a ɣʲ nʲ iː a d
dagníu	d a ɣʲ nʲ iː u̯
daim	d a ṽʲ
daimid	d a ṽʲ i ðʲ
daingen	d a ŋʲ ɡʲ e n
daire	d a rʲ e
daltae	d a l͈ t e
daltán	d a l͈ t aː n
dalugub	d a l͈ u ɣ u v
dam	d a ṽ
dama	d a ṽ a
damán	d a ṽ aː n
dano	d a n o
dardaín	d a r d a i̯ nʲ
darolgea	d a r o lʲ ɣʲ a
dath	d a θ
daum	d a u̯ ṽ
daumu	d a u̯ ṽ u
dea	dʲ e a
deacht	dʲ e a x t
debe	dʲ e vʲ e
decha	dʲ e x a
dechellt	dʲ e xʲ e l͈ t
dechellt	dʲ eː xʲ e l͈ t
dechmad	dʲ e x ṽ a ð
dechraigidir	dʲ e x r i ɣʲ i ðʲ i rʲ
dechrigmir	dʲ e x r i ɣʲ mʲ i rʲ
deich	dʲ e xʲ
deired	dʲ e rʲ ə ð
deiscipul	dʲ e sʲ kʲ i b u l
deithbir	dʲ e θʲ vʲ i rʲ
delb	dʲ e l v
demin	dʲ e ṽʲ i nʲ
demniu	dʲ e ṽʲ nʲ u
dene	dʲ eː nʲ e
denim	dʲ eː nʲ i mʲ
deorad	dʲ eː u̯ r a ð
derb	dʲ e r v
derbráthair	dʲ e r b r aː θ i rʲ
derc	dʲ e r k
derg	dʲ e r ɡ
dermat	dʲ e r m ə d
derucc	dʲ e r u k
desciplu	dʲ e sʲ kʲ i b l u
descipuil	dʲ e sʲ kʲ i b u lʲ
desimrecht	dʲ e sʲ i mʲ rʲ e x t
dess	dʲ e s
deug	dʲ e u̯ ɣ
di	dʲ i
dia	dʲ i a
diandaithirsid	dʲ iː a̯ n͈ d a θʲ i r sʲ i ðʲ
dias	dʲ i ə s
dich	dʲ i x
didiu	dʲ i ðʲ i u̯
dig	dʲ i ɣʲ
diib	dʲ i i vʲ
dimicthe	dʲ i ṽʲ i kʲ θʲ e
dindí	dʲ i n͈ dʲ iː
ditaam	dʲ i t a a ṽ
ditá	dʲ i t ɑː
dliged	dʲ lʲ i ɣʲ e ð
dligid	dʲ lʲ i ɣʲ i ðʲ
dligud	dʲ lʲ i ɣ u ð
doadbadar	d o a ð v a ð a r
doadbit	d o a ð v i dʲ
doaidlea	d o h a ðʲ l͈ʲ a
doaig	d o a ɣʲ
doairbertar	d o h a rʲ bʲ e r d a r
doairbir	d o h a rʲ bʲ i rʲ
doaurchain	d o h a u̯ r x ə nʲ
dobeir	d o bʲ e rʲ
doberam	d o bʲ e r a ṽ
dobidci	d o bʲ i ð ɡʲ i
dobur	d o v u r
doburchú	d o v u r x uː
doceil	d o kʲ e lʲ
dochrud	d o x r u ð
doclaid	d o k l a ðʲ
docuirethar	d o k u rʲ ə θ ə r
documlai	d o k u ṽ l i
dodcadchae	d o ð ɡ a ð x e
dodcadchai	d o ð ɡ a ð x i
doe	d o e
doeclainn	d o e ɡ l ə n͈ʲ
doecmalla	d o e ɡ m ə l͈ a
doeim	d o h e ṽʲ
doetarrat	d o h e d ə r͈ ə d
doeth	d o h e θ
dofich	d o fʲ i xʲ
dofil	d o f i l
dofuiben	d o f u vʲ ə n
dofuissim	d o f u sʲ i mʲ
dofuthracair	d o f u θ r͈ ə k ə rʲ
dofúaid	d o f uː a̯ ðʲ
dogneith	d o ɡʲ nʲ e θʲ
dogní	d o ɡʲ nʲ iː
dogníat	d o ɡʲ nʲ iː a d
dogníthe	d o ɡʲ nʲ iː θʲ e
dogníu	d o ɡʲ nʲ iː u̯
dogoa	d o ɡ o a
doicc	d o hʲ i ɡʲ
doinfet	d o i nʲ fʲ ə dʲ
doinóla	d o i n oː l a
doirse	d o r͈ʲ sʲ e
doirseo	d o r͈ʲ sʲ o
dolega	d o l͈ʲ e ɣ a
dolugai	d o l͈ u ɣ i
dolugub	d o l͈ u ɣ u v
dom	d o m
dom	d o ṽ
domeiccethar	d o mʲ e ɡʲ ə θ ə r
domnach	d o ṽ n ə x
domnall	d o ṽ n a l͈
domoiniur	d o m o nʲ u r
domoiniur	d o m u nʲ u r
domun	d o ṽ u n
domén	d o mʲ eː n
don	d o n
dona	d o n a
dongní	d o ŋʲ nʲ iː
dongníat	d o ŋʲ nʲ iː a d
donn	d o n͈
donnchad	d o n͈ x ə ð
dorat	d o r͈ a d
dorata	d o r͈ a d a
dorchacht	d o r x a x t
dorchatas	d o r x ə d ə s
dorigénsat	d o r͈ʲ i ɣʲ eː n s a d
dorn	d o r n
dorolgea	d o r͈ o lʲ ɣʲ a
doruimnethar	d o r u ṽʲ nʲ ə θ ə r
dorus	d o r u s
doslí	d o sʲ l͈ʲ iː
dosom	d o s o m
dothuit	d o t u tʲ
dotluchethar	d o t l u xʲ ə θ ə r
dotuit	d o t u tʲ
doté	d o tʲ eː
dotéis	d o tʲ eː ʃ
dotét	d o tʲ eː d
doáirci	d o h aː rʲ ɡʲ i
doíni	d oː i̯ nʲ i
doír	d oː i̯ rʲ
doíre	d oː i̯ rʲ e
droch	d r o x
drochet	d r o xʲ e d
druid	d r u i ðʲ
druimm	d r u mʲ
druí	d r uː i̯
drécht	dʲ rʲ eː x t
drúcht	d r uː x t
duacair	d u h a ɡ ə rʲ
duaisilbi	d u a sʲ i lʲ vʲ i
dub	d u v
dubae	d u v e
dugnéu	d u ɡʲ nʲ eː u̯
dugní	d u ɡʲ nʲ iː
dugníat	d u ɡʲ nʲ iː a d
dugníth	d u ɡʲ nʲ iː θ
dugníther	d u ɡʲ nʲ iː θʲ e r
duine	d u nʲ e
duit	d u tʲ
dumem	d u m e ṽʲ
dumenammar	d u mʲ e n a m a r
dunaib	d u n i vʲ
dungnéu	d u ŋʲ nʲ eː u̯
dungní	d u ŋʲ nʲ iː
dusclaid	d u s k l a ðʲ
dusclaid	d u s ɡ l a ðʲ
dá	d aː
dám	d aː ṽ
dé	dʲ eː
déde	dʲ eː ðʲ e
déicsiu	dʲ eː kʲ sʲ u
dénai	dʲ eː n i
déne	dʲ eː n e
déni	dʲ eː n i
dénim	dʲ eː nʲ i mʲ
dét	dʲ eː d
détso	dʲ e t s o
déu	dʲ eː u̯
dí	dʲ iː
día	dʲ iː a̯
días	dʲ i a̯ s
díbirciud	d iː v ə rʲ ɡʲ u d
dídnad	d iː ð n ə ð
dígail	dʲ iː ɣ i lʲ
dígal	dʲ iː ɣ a l
díglae	dʲ iː ɣ l e
dílenn	dʲ iː lʲ e n͈
dílgend	dʲ iː lʲ ɣʲ ə n͈ d
díliu	dʲ iː lʲ u
díriuch	dʲ iː rʲ i u̯ x
díthrub	dʲ iː θ r u v
díummusach	dʲ iː u̯ m u s a x
dó	d oː
dóenacht	d oː i̯ n a x t
dóer	d oː i̯ r
dóid	d oː ðʲ
dúib	d uː vʲ
dúibsi	d uː vʲ sʲ i
dúil	d uː lʲ
dúildetu	d uː lʲ dʲ e d u
dúin	d uː nʲ
dún	d uː n
dúna	d uː n a
dúnchad	d uː n x ə ð
dúnni	d uː n͈ʲ i
dúthracht	d uː θ r͈ ə x t
ebla	e v l a
ecguiste	e ɡ u sʲ tʲ e
ecguisti	e ɡ u sʲ tʲ i
ech	e x
echlach	e x l a x
echu	e x u
ed	e ð
eich	e xʲ
eiplet	e bʲ lʲ e d
eirbthi	e rʲ bʲ θʲ i
ella	e lː a
ellach	e l͈ a x
ellug	e l͈ u ɣ
encu	e n ɡ u
engach	e ŋ ɡ a x
eochaid	eː u̯ x i ðʲ
epaid	œ b ə ðʲ
epert	e bʲ e r t
epil	e bʲ i lʲ
epret	e bʲ rʲ e d
epscop	e b s k o b
epur	e b u r
erbaid	e r b i ðʲ
erelc	e rʲ ə l k
erelca	e rʲ ə l k a
ernaid	e r͈ n͈ i ðʲ
errach	e r͈ a x
espáin	e s pʲ aː nʲ
esséirge	e sʲ eː rʲ ɣʲ e
esséirgu	e sʲ eː rʲ ɣʲ u
esta	e s t a
estais	e s t i sʲ
estar	e s t a r
etargne	e d a r ɡ n e
etarru	e d a r͈ u
etarscara	e d a r s k a r a
etarscartha	e d a r s k a r θ a
etarscarthae	e d a r s k a r θ e
eter	e dʲ e r
etercerta	e dʲ e r kʲ e r t a
eth	e θ
ette	e tʲ e
etti	e tʲ i
eó	eː o̯
faceird	f a ɡʲ e r͈ʲ dʲ
facherred	f a xʲ e r͈ʲ e ð
fadesin	f a dʲ e sʲ i nʲ
fairrge	f a r͈ ɡʲ e
fecht	fʲ e x t
fedb	fʲ e ð v
feidid	fʲ e ðʲ ə ðʲ
feidil	fʲ e ðʲ i lʲ
feidm	fʲ e ðʲ mʲ
feirg	fʲ e rʲ ɡʲ
fel	fʲ e l
felsub	fʲ e l s u v
fer	fʲ e r
feraid	fʲ e r i ðʲ
fercaigidir	fʲ e r ɡ i ɣʲ i ðʲ i rʲ
fercaigthe	fʲ e r ɡ i ɣʲ θʲ e
ferg	fʲ e r ɡ
ferge	fʲ e r ɡ e
ferge	fʲ e rʲ ɡʲ e
fergus	fʲ e r ɣ u s
fern	fʲ e r͈ n͈
ferr	fʲ e r͈
fescor	fʲ e s k o r
fessin	fʲ e sʲ i nʲ
festa	fʲ e s t a
festae	fʲ e s t e
festais	fʲ e s t i sʲ
fet	fʲ e d
fetarlicc	fʲ e d a r͈ l͈ i kʲ
fetarlicc	fʲ e d a r͈ l͈ i ɡʲ
fiach	fʲ i ə x
fiche	fʲ i xʲ e
fichid	fʲ i xʲ i ðʲ
fid	fʲ i ðʲ
fil	fʲ i lʲ
filed	fʲ i lʲ e ð
fili	fʲ i lʲ i
filid	fʲ i lʲ i ðʲ
filidecht	fʲ i lʲ ə ðʲ ə x t
fine	fʲ i nʲ e
fini	fʲ i nʲ i
finn	fʲ i n͈
fintar	fʲ i n͈ t a r
fir	fʲ i rʲ
firend	fʲ i rʲ e n͈
firend	fʲ i rʲ e n͈ d
firennach	fʲ i rʲ e n͈ a x
fissi	fʲ i sʲ i
fitir	fʲ i dʲ i rʲ
fiur	fʲ i u r
fius	fʲ i u̯ s
flaith	f l a θʲ
flaithius	f l a θʲ u s
fled	fʲ lʲ e ð
fliuch	fʲ lʲ i u̯ x
foceird	f o kʲ e r͈ʲ dʲ
foceirr	f o kʲ e r͈ʲ
focerdam	f o kʲ e r͈ d a ṽ
focerdat	f o kʲ e r͈ d a d
focerrad	f o kʲ e r͈ a ð
focertar	f o kʲ e r d a r
fochaidi	f o x ə ðʲ i
focheirt	f o xʲ e r͈ʲ dʲ
fochell	f o xʲ ə l͈
fochidi	f o x i ðʲ i
fochidib	f o x i ðʲ i vʲ
fochricc	f o x r ə ɡʲ
focicher	f o kʲ i xʲ e r
focren	f o k r e n
focul	f o k u l
fodaim	f o d a ṽʲ
fodaim	f o ð ə ṽʲ
fodaimet	f o d a ṽʲ e d
fodaimid	f o d a ṽʲ i ðʲ
fodaraithminedar	f o d a r͈ a θʲ mʲ i nʲ e ð a r
fodmat	f o ð ṽ a d
fogaib	f o ɡ a vʲ
foillsigthir	f o l͈ sʲ i ɣʲ θʲ i rʲ
foilsigdde	f o l͈ʲ sʲ i ɣʲ dʲ e
foilsigedar	f o l͈ sʲ i ɣʲ e ð a r
foilsigidir	f o l͈ʲ sʲ i ɣʲ i ðʲ i rʲ
foilsigthe	f o l͈ʲ sʲ i ɣʲ θʲ e
foilsigthi	f o l͈ʲ sʲ i ɣʲ θʲ i
foir	f o rʲ
foirbthe	f o rʲ vʲ θʲ e
foircnea	f o rʲ kʲ nʲ a
foircniter	f o rʲ kʲ nʲ i dʲ e r
foirmtech	f o rʲ mʲ dʲ e x
follus	f o l͈ u s
foloing	f o l͈ o ŋʲ ɡʲ
folt	f o l͈ t
fon	f o n
fonn	f o n͈
for	f o r
foraib	f o r i vʲ
foraithminedar	f o r a θʲ mʲ i nʲ e ð a r
forc	f o r k
forcanat	f o r k a n a d
forcell	f o rʲ ɡʲ e l͈
forcenna	f o r kʲ e n͈ a
forchanat	f o r x a n a d
foreith	f o r͈ʲ e θʲ
forfen	f o r fʲ e n
format	f o r m ə d
formuinethar	f o r m u nʲ e θ a r
formut	f o r m u d
forsa	f o r͈ s a
forsammitter	f o r͈ s a mʲ i dʲ e r
fortacht	f o r t ə x t
fortachtaigedar	f o r͈ t a x t i ɣʲ e ð a r
fortachtaigid	f o r͈ t a x t i ɣʲ i ðʲ
fortchide	f o r͈ʲ tʲ xʲ i ðʲ e
fortgide	f o r͈ʲ tʲ ɣʲ i ðʲ e
fortgidiu	f o r͈ʲ tʲ ɣʲ i ðʲ u
forus	f o r u s
forálaig	f o r͈ aː l i ɣʲ
fosisedar	f o s i sʲ ə ð ə r
fota	f o d a
foácaib	f o h aː ɡ ə vʲ
foálgi	f o h aː lʲ ɣʲ i
foísitin	f oː i̯ sʲ i dʲ i nʲ
foísitiu	f oː i̯ sʲ i dʲ i u̯
frac	f r a k
frecndairc	fʲ rʲ e k n͈ d i rʲ kʲ
frecor	fʲ rʲ e ɡ u r
frecrae	fʲ rʲ e ɡ r e
frepaid	fʲ rʲ e b ə ðʲ
frescisiu	fʲ rʲ e sʲ kʲ ə sʲ u
fri	fʲ rʲ i
fris	fʲ rʲ i sʲ
frisbrudi	fʲ rʲ i s b r u ðʲ i
frisgair	fʲ rʲ i s ɡ a rʲ
friu	fʲ rʲ i u̯
friumm	fʲ rʲ i u̯ m
friusom	fʲ rʲ i u̯ s o m
frém	fʲ rʲ eː ṽ
fuar	f u ə r
fuchertat	f u xʲ e r͈ d a d
fuil	f u lʲ
fuilech	f u lʲ e x
fuilide	f u lʲ i ðʲ e
fuirib	f u rʲ i vʲ
ful	f u l
fulaing	f u l i ŋʲ ɡʲ
fulang	f u l ə ŋ ɡ
fuscerdam	f u s ɡʲ e r͈ d a ṽ
fáelán	f aː i̯ l aː n
fáid	f aː ðʲ
fáilid	f aː lʲ i ðʲ
fáilte	f aː l͈ʲ tʲ e
fáith	f aː θʲ
fásach	f aː s ə x
fáth	f aː θ
féchem	fʲ eː xʲ ə ṽ
féin	fʲ eː nʲ
fén	fʲ eː n
fér	fʲ eː r
fés	fʲ eː s
fíacail	fʲ iː a̯ k i lʲ
fíada	fʲ i a̯ ð a
fíadach	fʲ iː a̯ ð a x
fíado	fʲ i a̯ ð o
fíal	fʲ iː a̯ l
fíne	fʲ iː nʲ e
fíni	fʲ iː nʲ i
fír	fʲ iː r
fír	fʲ iː rʲ
fíre	fʲ iː rʲ e
fírinne	fʲ iː rʲ i n͈ʲ e
fíríanaigidir	fʲ iː rʲ i̺̯ n i ɣʲ i ðʲ i rʲ
fíríanigedar	fʲ iː r iː a̯ n i ɣʲ e ð a r
fíu	fʲ iː u̯
gabor	ɡ a v o r
gabul	ɡ a v u l
gabál	ɡ a v aː l
gae	ɡ a i̯
gagar	ɡ a ɣ ə r
gaibes	ɡ a vʲ e s
gaibid	ɡ a vʲ i ðʲ
gaimred	ɡʲ a ṽʲ rʲ ə ð
gairid	ɡ a rʲ i ðʲ
gaiscedach	ɡ a sʲ kʲ e ð a x
gait	ɡ a dʲ
garait	ɡ a r ə dʲ
gataid	ɡ a d ə ðʲ
gein	ɡʲ e nʲ
gel	ɡʲ e l
gela	ɡʲ e l a
gelid	ɡʲ e lʲ ə ð
gell	ɡʲ e l͈
gellach	ɡʲ e l͈ a x
gen	ɡʲ e n
gessi	ɡʲ e sʲ i
gil	ɡʲ i lʲ
gile	ɡʲ i lʲ e
gili	ɡʲ i lʲ i
gilu	ɡʲ i l u
glan	ɡ l a n
glas	ɡ l a s
gleinn	ɡʲ lʲ e n͈ʲ
glenaid	ɡʲ lʲ e n ə ðʲ
glenn	ɡʲ lʲ e n͈
glenn	ɡʲ lʲ e n͈ʲ
glicc	ɡʲ lʲ i kʲ
glinn	ɡʲ lʲ i n͈ʲ
glinne	ɡʲ lʲ i n͈ʲ e
gláedach	ɡ l aː i̯ ð a x
glóir	ɡ l oː rʲ
glór	ɡ l oː r
glúin	ɡ l uː nʲ
glún	ɡ l uː n
gnáth	ɡ n aː θ
gnáthach	ɡ n aː θ a x
gníid	ɡʲ nʲ iː i ðʲ
gním	ɡʲ nʲ iː ṽ
gnímu	ɡʲ nʲ iː ṽ u
gobae	ɡ o v e
gobr	ɡ ɔ b r
goirt	ɡ o r͈ʲ tʲ
goídel	ɡ oː i̯ ðʲ e l
graig	ɡ r͈ a ɣʲ
greimm	ɡʲ r͈ʲ e mʲ
grian	ɡʲ rʲ i a n
grád	ɡ r aː ð
gréc	ɡʲ rʲ eː ɡ
grécu	ɡʲ rʲ eː ɡ u
gréin	ɡʲ rʲ eː nʲ
gréine	ɡʲ rʲ eː nʲ e
grían	ɡʲ rʲ iː a̯ n
gríanach	ɡʲ rʲ iː a̯ n a x
guid	ɡ u ðʲ
guidi	ɡ u ðʲ i
guin	ɡ u nʲ
guth	ɡ ʊ θ
gáeth	ɡ aː i̯ θ
gáethach	ɡ aː i̯ θ a x
gé	ɡʲ eː
géc	ɡʲ eː ɡ
géiss	ɡʲ eː sʲ
gíall	ɡʲ iː a̯ l͈
gúforcell	ɡ uː o rʲ ɡʲ e l͈
hulltu	h u l͈ t u
hulltu	u l͈ t u
hultaib	h u l͈ d i vʲ
hultaib	u l͈ d i vʲ
hóre	oː rʲ e
húare	uː a̯ rʲ e
iach	i a x
iacób	iː a̯ k oː b
iaich	i a xʲ
ibar	i v ə r
ibid	i vʲ i ðʲ
icc	i ɡʲ
idib	i ðʲ i vʲ
il	i l
ilar	i l ə r
ilardatu	i l a r ð a d u
ildatu	i l͈ d a d u
im	i mʲ
imb	i mʲ bʲ
imbe	i mʲ bʲ e
imbed	i mʲ bʲ e ð
imbide	i mʲ bʲ i ðʲ e
imchomarc	i m x o ṽ a r k
imdae	i m ð e
imdibe	i mʲ ðʲ i vʲ e
imfen	i mʲ fʲ e n
imfolngai	i mʲ f o l ŋ i
imfolnged	i mʲ f o lʲ ŋʲ e ð
immcomairc	i m k o ṽ ə rʲ kʲ
immdích	i mʲ dʲ iː xʲ
imme	i mʲ e
immefolnged	i mʲ e o lʲ ŋʲ e ð
immeráda	i mʲ e r͈ aː ð a
immib	i mʲ i vʲ
immidfolngi	i mʲ i ðʲ o l ŋ i
immráidi	i mʲ r͈ aː ð i
immtét	i mʲ tʲ eː dʲ
immurgu	i m u r ɣ u
imned	i mʲ nʲ ə ð
impúd	i m p uː ð
imrádud	i mʲ r aː ð u ð
ind	i n͈ d
indaithirset	i n͈ d a θʲ i r sʲ e d
indala	i n͈ d a l a
indarbanar	i n͈ d a r b a n a r
indbadaigid	i n͈ d v a ð i ɣʲ i ðʲ
indbadigthi	i n͈ d v a ð i ɣʲ θʲ i
indi	i n͈ʲ dʲ i
indidit	i n͈ʲ dʲ i ðʲ i dʲ
indocbál	i n͈ d o ɡ v aː l
indráigne	i n͈ d r aː ɣʲ nʲ e
inducbaide	i n͈ d u ɡ v i ðʲ e
inducbaidi	i n͈ d u ɡ v i ðʲ i
indárban	i n͈ d aː r b a n
indí	i n͈ʲ dʲ iː
ingen	i nʲ ɣʲ e n
ingen	i ŋʲ ɡʲ e n
ingenrad	i nʲ ɣʲ e n r a ð
ingnae	i ŋ ɣ n e
inloing	i n͈ l͈ o ŋʲ ɡʲ
innahí	i n͈ a h iː
innocht	i n͈ o x t
insamlathar	i n s a ṽ l a θ a r
intamail	i n t ə ṽ ə lʲ
intamlid	i n͈ t a ṽ l i ðʲ
intinn	i n͈ʲ tʲ i n͈ʲ
intled	i n͈ʲ tʲ lʲ e ð
intleda	i n͈ʲ tʲ lʲ e ð a
intí	i n͈ʲ tʲ iː
intísin	i n͈ʲ tʲ iː sʲ i nʲ
inunn	i n u n͈
irbág	i r v aː ɣ
irbága	i r v aː ɣ a
iress	i rʲ e s
iris	i rʲ i sʲ
irlam	œ r l͈ ə ṽ
irlamu	i r l͈ a ṽ u
isin	i s i n
isindí	i sʲ i n͈ dʲ iː
it	i d
it	i t
ith	i θ
ith	i θʲ
ithe	i θʲ e
ithid	i θʲ i ðʲ
ithim	i θʲ i mʲ
itius	i dʲ i u̯ s
la	l a
labar	l a v a r
labraithir	l͈ a v r ə θʲ ə rʲ
labramar	l͈ a v r a m a r
labrar	l͈ a v r ə r
labratar	l͈ a v r a d a r
labrither	l͈ a v r i θʲ e r
lac	l͈ a ɡ
lacht	l͈ a x t
lachu	l͈ a x u
laigen	l͈ a ɣʲ e n
laigid	l͈ a ɣʲ ə ðʲ
laigin	l͈ a ɣʲ i nʲ
lasar	l͈ a s a r
lat	l a t
laí	l͈ aː i̯
laíches	l͈ aː i̯ xʲ ə s
lebor	l͈ʲ e v ə r
lega	l͈ʲ e ɣ a
legad	l͈ʲ e ɣ a ð
legaid	l͈ʲ e ɣ i ðʲ
legar	l͈ʲ e ɣ a r
legas	l͈ e ɣ a s
leith	l͈ʲ e θʲ
leithe	l͈ʲ e θʲ e
lemm	lʲ e mʲ
lenamain	l͈ʲ e n ə ṽ ə nʲ
leosom	lʲ e u̯ s o m
lepaid	l͈ʲ e b i ðʲ
ler	l͈ʲ e r
les	lʲ e sʲ
leth	l͈ʲ e θ
lethan	l͈ʲ e θ a n
leusom	lʲ e u̯ s o m
lia	l͈ʲ i a
liacc	l͈ʲ i a ɡ
liae	l͈ʲ i e
lib	lʲ i vʲ
libsi	lʲ i vʲ sʲ i
lie	l͈ʲ i e
lige	l͈ʲ i ɣʲ e
ligid	l͈ʲ i ɣʲ ə ð
ligiu	l͈ʲ i ɣʲ u
lim	lʲ i mʲ
limm	lʲ i mʲ
lingid	l͈ʲ i ŋʲ ɡʲ i ðʲ
linn	l͈ʲ i n͈ʲ
liter	l͈ʲ i tʲ e r
liunn	l͈ʲ i u̯ n͈
llong	l͈ o ŋ ɡ
loch	l͈ o x
lochlannach	l͈ o x l a n͈ a x
lod	l͈ o ð
loing	l͈ o ŋʲ ɡʲ
loingthech	l͈ o ŋʲ ɡʲ θʲ e x
lomm	l͈ o m
lon	l͈ o n
long	l͈ o ŋ ɡ
lorg	l͈ o r ɡ
lotar	l͈ o d a r
loth	l o θ
lour	l͈ o u r
luam	l͈ u ə ṽ
luch	l͈ u x
luchorp	l͈ u x o r b
luchorp	l͈ u x o r p
lucht	l͈ u x t
lud	l͈ u ð
lugaid	l͈ u ɣ i ðʲ
lugu	l͈ u ɣ u
luid	l͈ u ðʲ
luide	l͈ u ðʲ e
lus	l͈ u s
lá	l͈ aː e
láech	l͈ aː i̯ x
láib	l͈ aː vʲ
láine	l͈ aː nʲ e
láitir	l͈ aː dʲ i rʲ
lám	l͈ aː ṽ
láma	l͈ aː ṽ a
lán	l͈ aː n
lár	l͈ aː r
láthar	l͈ aː θ a r
lég	l͈ʲ eː ɣ
légaid	l͈ʲ eː ɣ i ðʲ
léic	l͈ʲ eː ɡʲ
léicid	l͈ʲ eː ɡʲ i ðʲ
léimm	l͈ʲ eː mʲ
léine	l͈ʲ eː nʲ e
léir	l͈ʲ eː rʲ
lés	l͈ʲ eː s
lí	l͈ʲ iː
líach	l͈ʲ iː a̯ x
líaig	l͈ʲ i a̯ ɣʲ
líath	l͈ʲ iː a̯ θ
líathrit	l͈ʲ iː a̯ θ r i ðʲ
líth	l͈ʲ iː θ
líthu	l͈ʲ iː θ u
lóchet	l oː xʲ ə d
lóg	l͈ oː ɣ
lúas	l͈ uː a̯ s
lúath	l͈ uː a̯ θ
m'	m
m'	mʲ
macc	m a k
maccu	m a k u
machae	m a x e
machthad	m a x θ a ð
macthae	m a k θ e
macthi	m a k θ i
mad	m a ð
mag	m a ɣ
magister	m a ɣʲ i sʲ tʲ e r
magistru	m a ɣʲ i s t r u
maicc	m a kʲ
maid	m a ðʲ
maidid	m a ðʲ i ðʲ
maidm	m a ðʲ mʲ
maig	m a ɣʲ
maisse	m a sʲ e
maissi	m a sʲ i
maith	m a θʲ
maithe	m a θʲ e
maithi	m a θʲ i
mall	m a l͈
mana	m a n a
manach	m a n ə x
manainn	m a n i n͈ʲ
mani	m a nʲ i
manid	m a nʲ i ðʲ
maraid	m a r ə ðʲ
marb	m a r v
marc	m a r k
marcach	m a r k a x
margad	m a r ɡ a ð
margaid	m a r ɡ i ðʲ
marmar	m a r m a r
masu	m a s u
math	m a θ
mbard	m b aː r͈ d
mbas	m b a s
mbat	m b a d
mbeca	mʲ bʲ e ɡ a
mbed	mʲ bʲ e ð
mbeid	mʲ bʲ e ðʲ
mberes	mʲ bʲ e rʲ e s
mbona	m b o n a
mbris	mʲ bʲ rʲ i sʲ
mbréthre	mʲ bʲ rʲ eː θʲ rʲ e
mbás	m b aː s
mbí	mʲ bʲ iː
mbíth	mʲ bʲ iː θʲ
mebuir	mʲ e ṽ u rʲ
medc	mʲ e ð ɡ
medón	mʲ e ð oː n
meirle	mʲ e r lʲ e
menmae	mʲ e n m e
messe	mʲ e sʲ e
metrapoil	mʲ e t r a p o lʲ
mide	mʲ i ðʲ e
mided	mʲ i ðʲ e ð
midi	mʲ i ðʲ i
midithir	mʲ i ðʲ i θʲ i rʲ
milis	mʲ i lʲ i sʲ
milsi	mʲ i l͈ʲ sʲ i
mind	mʲ i n͈ d
miscuis	mʲ i s k u sʲ
mlas	m l a s
mlicht	mʲ lʲ i x t
mnaí	m n aː i̯
mná	m n aː
mo	m o
moirb	m o rʲ vʲ
moirtchenn	m o r͈ʲ tʲ xʲ e n͈
molad	m o l a ð
molaidir	m o l i ðʲ i rʲ
molid	m o l i ðʲ
molt	m o l͈ t
molto	m o l͈ t o
molur	m o l u r
morbi	m o rʲ vʲ i
moth	m o θ
moídid	m oː i̯ ðʲ i ðʲ
moídim	m oː i̯ ðʲ i mʲ
mrath	m r͈ a θ
mrugaib	m r u ɣ i vʲ
mruig	m r u ɣʲ
mucc	m u k
mucca	m u k a
muccaid	m u k i ðʲ
muccaidecht	m u k i ðʲ e x t
muccfoil	m u k o lʲ
mug	m u ɣ
muilt	m u l͈ʲ tʲ
muinter	m u n͈ʲ tʲ e r
muinteras	m u n͈ʲ tʲ e r a s
muintir	m u n͈ʲ tʲ i rʲ
muintire	m u n͈ʲ tʲ i rʲ e
mullach	m u l͈ ə x
mumu	m u ṽ u
muntair	m u n t i rʲ
muntar	m u n t a r
máel	m aː i̯ l
már	m aː r
mára	m aː r a
máthar	m aː θ a r
máthir	m aː θ i rʲ
mé	mʲ eː
méin	mʲ eː nʲ
méit	mʲ eː dʲ
mér	mʲ eː r
mí	mʲ iː
míad	mʲ iː a̯ ð
mían	mʲ iː a̯ n
míanach	mʲ iː a̯ n a x
míl	mʲ iː l
míl	mʲ iː lʲ
míle	mʲ iː lʲ e
mís	mʲ iː s
mís	mʲ iː sʲ
mísa	mʲ iː s a
móin	m oː nʲ
móir	m oː rʲ
móire	m oː rʲ e
mór	m oː r
móra	m oː r a
móu	m oː u̯
múinid	m uː nʲ i ðʲ
mún	m uː n
múnigid	m uː nʲ i ɣʲ i ðʲ
múr	m uː r
na	n͈ a
na	n͈ aː
nacc	n a k
nach	n͈ a x
nachamindarbanar	n͈ a x a ṽ i n͈ d a r v a n a r
nachibberar	n͈ a x i vʲ bʲ e r a r
nachibmided	n͈ a x i vʲ mʲ i ðʲ e ð
nahísiu	n͈ a h iː sʲ i u̯
naidm	n͈ a ðʲ mʲ
nammá	n͈ a m aː
nascaid	n͈ a sʲ kʲ ə ðʲ
nathir	n a θ i rʲ
nathracha	n͈ a θ r a x a
ndea	n͈ʲ dʲ e a
ndig	n͈ʲ dʲ i ɣʲ
ndodcadchai	n͈ d o ð ɡ a ð x i
ndoirse	n͈ d o r͈ʲ sʲ e
ndu	n͈ d u
ndugníther	n͈ d u ɡʲ nʲ iː θʲ e r
nduit	n͈ d u tʲ
ndé	n͈ʲ dʲ eː
ndéde	n͈ʲ dʲ eː ðʲ e
ndéni	n͈ʲ dʲ eː n i
ndíummusach	n͈ʲ dʲ iː u̯ m u s a x
nech	n͈ʲ e x
neich	n͈ʲ e xʲ
neir	n͈ʲ e rʲ
nem	n͈ʲ e ṽ
ner	n͈ʲ e r
nert	n͈ʲ e r t
neutur	n͈ʲ eː u̯ d u r
nglas	ŋ ɡ l a s
ngrád	ŋ ɡ r aː ð
nia	n͈ʲ i a
nim	n͈ʲ i ṽʲ
nime	n͈ʲ i ṽʲ e
nini	n͈ʲ i n͈ʲ i
nip	n͈ʲ iː b
nipi	n͈ʲ i bʲ i
noa	n oː
nobcarad	n͈ o v k a r a ð
nobtá	n͈ o v t aː
nocarae	n o ɡ a r e
nocht	n͈ o x t
nodafortachtaigedar	n͈ o ð a f o r͈ t a x t i ɣʲ e ð a r
nombeid	n o mʲ bʲ e ðʲ
nommoídim	n͈ o ṽ ṽ oː i̯ ðʲ i mʲ
nonchretid	n͈ o n xʲ rʲ e dʲ i ðʲ
nonda	n͈ o n͈ d a
nondad	n͈ o n͈ d a ð
nondobmolor	n͈ o n͈ d o v m o l o r
notail	n͈ o d a lʲ
notbeir	n͈ o t vʲ e rʲ
noí	n͈ oː i̯
noíb	n͈ oː i̯ v
noíb	n͈ oː i̯ vʲ
noídenacht	n͈ oː i̯ ðʲ e n a x t
noídiu	n͈ oː i̯ ð i u̯
nuae	n u e
nudubfeil	n͈ u d u v fʲ e lʲ
ná	n͈ aː
nách	n͈ aː x
nád	n͈ aː ð
náimtea	n͈ aː ṽʲ dʲ a
náire	n͈ aː rʲ e
námae	n͈ aː ṽ e
nél	n͈ʲ eː l
ní	n͈ʲ iː
níba	n͈ʲ iː v a
níbo	n͈ʲ iː b o
níbu	n͈ʲ iː b u
nícon	n͈ʲ i k o n
nídan	nʲ iː d a n
nímbia	n͈ʲ iː m vʲ i a
níp	n͈ʲ iː b
níssu	n͈ʲ iː s u
nísu	n͈ʲ iː s u
níta	n͈ʲ iː d a
nó	n͈ oː
núall	n͈ uː a̯ l͈
oc	o ɡ
occo	o ɡ o
ochtmad	o x t ṽ a ð
ocus	o ɡ u s
océn	o ɡʲ eː n
odb	o ð b
og	o ɣ
olann	o l a n͈
olc	o l k
olchenae	o l xʲ e n e
oldaas	o l d a a s
oll	o l͈
ollam	o l͈ a ṽ
opar	o b a r
orbbae	o r b e
orc	o r k
orcun	o r ɡ u n
othar	o θ a r
oí	oː i̯
oínfer	oː i̯ nʲ e r
oíngus	oː i̯ n ɣ u s
oínur	oː i̯ n u r
oítiu	o i̯ tʲ u
paiter	p a dʲ e r
pecthae	pʲ e k θ e
pecthaig	pʲ e k θ ə ɣʲ
persan	pʲ e r͈ s a n
persin	pʲ e r͈ s i nʲ
petur	pʲ e d u r
phersan	fʲ e r͈ s a n
phóca	f oː ɡ a
precept	pʲ rʲ e ɡʲ e p t
precepte	pʲ rʲ e ɡʲ e pʲ tʲ e
pridcha	pʲ rʲ i ð x a
pridches	pʲ rʲ i ðʲ xʲ e s
pridchim	pʲ rʲ i ð x i mʲ
pridchimme	pʲ rʲ i ð x i mʲ e
pridchite	pʲ rʲ i ð x i dʲ e
promaid	p r o ṽ i ðʲ
póc	p oː ɡ
póca	p oː ɡ a
rabad	r͈ a v a ð
rainn	r͈ a n͈ʲ
raithnech	r͈ a θʲ nʲ e x
ral	r͈ a l
rala	r͈ a l a
ranna	r͈ a n͈ a
ranngabáil	r͈ a n͈ ɣ a v aː lʲ
ranngabálae	r͈ a n͈ ɣ a v aː l e
recht	r͈ʲ e x t
rechta	r͈ʲ e x t a
reg	r͈ʲ e ɣ
rega	r͈ʲ e ɣ a
regad	r͈ʲ e ɣ a ð
regam	r͈ʲ e ɣ a ṽ
regat	r͈ʲ e ɣ a d
rehenaus	r͈ a h e n ə s
reithe	r͈ʲ e θʲ e
reithid	r͈ʲ e θʲ i ðʲ
relic	r͈ʲ e lʲ i ɡʲ
remib	r͈ʲ e ṽ i v
remor	r͈ʲ e ṽ o r
rethit	r͈ʲ e θ i dʲ
rig	r͈ʲ i ɣ
riga	r͈ʲ i ɣ a
rige	r͈ʲ i ɣʲ e
roadamrigther	r͈ o a ð a ṽ r i ɣʲ θʲ e r
robartae	r͈ o v ə r t e
robat	r o v a d
robatar	r o b aː d a r
robatar	r o v a d a r
robem	r o bʲ e ṽ
robsa	r͈ o v s a
robsat	r͈ o v s a d
robummar	r͈ o v u m a r
robá	r o b aː
robátar	r o b aː d a r
robí	r͈ o bʲ iː
rocluinemmar	r o k l u nʲ e m a r
rocoiscset	r o k o sʲ kʲ sʲ e d
rofinnadar	r͈ o fʲ i n͈ a ð a r
rofoilsigsetar	r͈ o f o l͈ʲ sʲ i ɣʲ sʲ e d a r
rofoilsigthea	r͈ o f o l͈ʲ sʲ i ɣʲ θʲ a
roib	r͈ o vʲ
roicc	r͈ o h i ɡʲ
rolá	r͈ o l͈ aː
roláis	r͈ o l͈ aː sʲ
rop	r͈ o b
ros	r͈ o s
rosc	r͈ o s k
roth	r͈ o θ
rouic	r͈ o h u ɡʲ
ruanat	r͈ u a n a d
rubai	r͈ u v i
ruc	r͈ u ɡ
ruca	r͈ u ɡ a
rudchoiscset	r u ð x o sʲ kʲ sʲ e d
rufáilsigset	r͈ u f aː l͈ʲ sʲ i ɣʲ sʲ e d
ruis	r͈ u sʲ
rumaith	r͈ u m a θʲ
rusamaltar	r͈ u s a ṽ a l͈ t a r
rád	r͈ aː ð
ráidid	r͈ aː ðʲ i ðʲ
ráth	r͈ aː θ
ré	r͈ʲ eː
réir	r͈ʲ eː rʲ e
rét	r͈ʲ eː d
rétglu	r͈ eː d ɣ l u
rétu	r͈ʲ eː d u
réud	r͈ʲ eː u̯ ð
rí	r͈ʲ iː
rían	r͈ʲ iː a̯ n
ríar	r͈ʲ iː a̯ r
ríchtu	r͈ʲ iː x t u
ríctar	r͈ʲ iː k d a r
ríg	r͈ iː ɣ
ríg	r͈ iː ɣʲ
rígdae	r͈ʲ iː ɣ ð e
róe	r͈ oː i̯
róm	r͈ oː ṽ
rót	r͈ oː d
rúad	r͈ uː a̯ ð
rúin	r͈ uː nʲ
rún	r͈ uː n
rúnde	r͈ uː n͈ d e
rúsc	r uː s k
sabbait	s a b aː dʲ
sabbait	s a b i dʲ
saidid	s a ðʲ i ðʲ
saiget	s a ɣʲ ə d
saigid	s a ɣʲ ə ðʲ
saill	s a l͈ʲ
sain	s a nʲ
salach	s a l ə x
salainn	s a l i n͈ʲ
salann	s a l a n͈
sam	s a ṽ
samailter	s a ṽ i l͈ʲ tʲ e r
samain	s a ṽ i nʲ
samaltar	s a ṽ a l͈ t a r
samrad	s a ṽ r a ð
saír	s aː i̯ rʲ
saíre	s a i̯ rʲ e
scarinn	s k a r i n͈ʲ
sceid	sʲ kʲ e i ðʲ
sceith	sʲ kʲ e θʲ
scoth	s k o θ
scriptuir	sʲ kʲ rʲ i p t uː rʲ
scriptuir	uː
scríbaid	sʲ kʲ rʲ iː v i ðʲ
scríbnid	sʲ kʲ rʲ iː vʲ nʲ i ðʲ
scáth	s k aː θ
scél	sʲ kʲ eː l
sebac	sʲ e v a k
sech	sʲ e x
sechmaill	sʲ e x m i l͈ʲ
secht	sʲ e x t
seichem	sʲ e xʲ e ṽ
seichithir	sʲ e xʲ i θʲ i rʲ
seinnid	sʲ e n͈ʲ ə ðʲ
seir	sʲ e rʲ
seirc	sʲ e rʲ kʲ
seissed	sʲ e sʲ e ð
selg	sʲ e l ɡ
senathair	sʲ e n ə θ ə rʲ
senmáthair	sʲ e n ṽ aː θ ə rʲ
senod	sʲ e n u ð
senátoir	sʲ e n aː d o rʲ
serb	sʲ e r v
serc	sʲ e r k
sercach	sʲ e r k a x
serg	sʲ e rʲ ɣʲ
sescatmad	sʲ e s k a d ṽ a ð
sessam	sʲ e s a ṽ
siair	sʲ i a rʲ
sib	sʲ i vʲ
side	sʲ i ðʲ e
sidi	sʲ i ðʲ i
sieir	sʲ i e rʲ
sine	sʲ i nʲ e
sinni	sʲ i n͈ʲ i
sinsersiur	sʲ i n sʲ e r h i u r
sirid	sʲ i rʲ i ð
sissi	sʲ i sʲ i
siu	sʲ i u̯
siur	sʲ i u r
slaidid	s l͈ a ðʲ i ðʲ
slicht	sʲ l͈ʲ i x t
slucait	s l͈ u ɡ ə dʲ
sluindid	s l͈ u n͈ʲ dʲ ə ðʲ
sláinte	s l͈ aː n͈ʲ tʲ ə
slán	s l͈ aː n
slóg	s l͈ oː ɣ
slógu	s l͈ oː ɣ u
slóig	s l͈ oː ɣʲ
smacht	s m a x t
smachtu	s m a x t u
snaid	s n͈ a ə ðʲ
snechtae	sʲ n͈ʲ e x t a
snig	sʲ n͈ʲ i ɣʲ
snigid	sʲ n͈ʲ i ɣʲ i ðʲ
snisni	sʲ n͈ʲ i sʲ n͈ʲ i
sní	sʲ n͈ʲ iː
so	s o
sochuide	s o x u ðʲ e
sodain	s o ð i nʲ
soilse	s o l͈ʲ sʲ e
soiscélae	s o sʲ kʲ eː l e
solus	s o l u s
son	s o n
sona	s o n a
sorn	s o r͈ n͈
soscéli	s o sʲ kʲ eː l i
spirut	s pʲ i r u d
sroigell	s r o ɣʲ e l͈
sruth	s r u θ
sráit	s r aː dʲ
sróine	s r oː nʲ e
srón	s r oː n
sróna	s r oː n a
subach	s u v a x
suide	s u ðʲ e
suidi	s u ðʲ i
suidigidir	s u ðʲ i ɣʲ i ðʲ i rʲ
suidiu	s u ðʲ u
sund	s u n͈ d
suth	s u θ
suí	s u i̯
sáer	s aː i̯ r
sáil	s aː lʲ
sáile	s aː lʲ e
sál	s aː l
sála	s aː l ə
sásta	s aː s t a
sé	sʲ eː
séitig	sʲ eː dʲ ə ɣʲ
sén	sʲ eː n
sét	sʲ eː d
séta	sʲ eː d a
sí	sʲ iː
síd	sʲ iː ð
síd	sʲ iː ðʲ
sídach	sʲ iː ð a x
síi	sʲ iː
sír	sʲ iː r
sóer	s oː i̯ r
són	s oː n
súan	s uː a̯ n
súil	s uː lʲ
súile	s uː lʲ e
súilib	s uː lʲ i vʲ
súla	s uː l a
súlo	s uː l o
taat	t a a d
tabairt	t a v ə r͈ʲ tʲ
tabur	t a v u r
tadall	t a ð ə l͈
taig	t a ɣʲ
tailtiu	t a lʲ tʲ u
tain	t a nʲ
tair	t a rʲ
tairb	t a rʲ vʲ
tairlimm	t a rʲ lʲ ə mʲ
talam	t a l a ṽ
talmain	t a l ṽ i nʲ
talman	t a l ṽ a n
tan	t a n
tanae	t a n e
tarb	t a r v
tarm	t a r m
tarsno	t a r͈ s n͈ o
tart	t a r͈ d
tart	t a r͈ t
tarta	t a r͈ d a
tarta	t a r͈ t a
taís	t a i̯ s
taít	t aː i̯ d
taít	t aː i̯ dʲ
tech	tʲ e x
techt	tʲ e x t
techtai	tʲ e x t i
teg	tʲ e ɣ
tegdais	tʲ e ɣ ð ə sʲ
teglach	tʲ e ɣ l a x
teiched	tʲ e xʲ e ð
teichid	tʲ e xʲ i ðʲ
teine	tʲ e nʲ e
temair	tʲ e ṽ ə rʲ
temel	tʲ e ṽʲ e l
temul	tʲ e ṽ u l
tengad	tʲ e ŋ ɡ a ð
tengae	tʲ e ŋ ɡ e
terc	tʲ e r k
terga	tʲ e r ɣ a
thabairt	θ a v i r͈ʲ tʲ
thabirt	θ a v i r͈ʲ tʲ
thain	θ a nʲ
tharb	θ a r v
theg	θʲ e ɣ
theine	θʲ e nʲ e
themel	θʲ e ṽʲ e l
thig	θʲ i ɣʲ
thoil	θ o lʲ
thoirsech	θ o r͈ʲ sʲ e x
thol	θ o l
thorbe	θ o r v e
thorud	θ o r u ð
thoschith	θ o sʲ xʲ i θʲ
thoísegu	θ oː i̯ sʲ e ɣ u
thé	θʲ eː
théchtu	θʲ eː x t u
théta	θʲ eː d a
thír	θʲ iː ɾʲ
ticed	tʲ i ɡʲ e ð
tig	tʲ i ɣʲ
tige	tʲ i ɣʲ e
tigiu	tʲ i ɣʲ i u̯
tiug	tʲ i u̯ ɣ
tlacht	t l a x t
tochmarc	t o x ṽ ə r k
tog	t o ɣ
toga	t o ɣ a
togairm	t o ɣ ə rʲ mʲ
togu	t o ɣ u
toil	t o lʲ
toirsech	t o r͈ʲ sʲ e x
tol	t o l
tolg	t o l ɡ
tomnad	t o ṽ n a ð
tomus	t o ṽ u s
tonn	t o n͈
topar	t o b a r
torbae	t o r v e
torc	t o r k
torrach	t o r͈ a x
torud	t o r u ð
tosach	t o s a x
toschith	t o sʲ xʲ i θʲ
tost	t o s t
tosuch	t o s u x
toísech	t oː i̯ sʲ ə x
toísig	t oː i̯ sʲ i ɣʲ
tracht	t r a x t
traig	t r a ɣʲ
tris	tʲ rʲ i s
trisgata	t r͈ i s ɡ a d a
triunni	tʲ rʲ i u̯ n͈ʲ i
trom	t r o m
trá	t r aː
tráth	t r aː θ
trén	tʲ rʲ eː n
trí	tʲ rʲ iː
trícho	tʲ rʲ iː x o
tuididen	t u ðʲ ə ðʲ ə n
tuile	t u lʲ e
tuit	t u tʲ
tuiter	t u tʲ e r
turcbál	t u r ɡ v aː l
tussu	t u s u
tá	t aː
táeb	t aː i̯ v
táet	t aː i̯ d
tál	t̪ˠ æː lˠ
tál	t̪ˠ ɑː lˠ
tánaise	t aː n i sʲ e
tánaisi	t aː n i sʲ i
táncatar	t aː ŋ ɡ a d a r
té	tʲ eː
téchtae	tʲ eː x t e
téchtu	tʲ eː x t u
téis	tʲ eː sʲ
téit	tʲ eː dʲ
téite	tʲ eː dʲ e
tét	tʲ eː d
téta	tʲ eː d a
tíagat	tʲ iː a̯ ɣ a d
tíagme	tʲ iː a̯ ɣ m e
tíagmi	tʲ iː a̯ ɣ m i
tías	tʲ iː a̯ s
tír	tʲ iː r
tír	tʲ iː rʲ
tíre	tʲ iː rʲ e
tó	t oː
tóbae	t oː v e
tóe	t oː e
tórand	t oː r ə n͈ d
tórmach	t oː r ṽ ə x
tú	t uː
túailnge	t uː a̯ lʲ ŋʲ e
túath	t uː a̯ θ
tús	t uː s
túsu	t uː s u
ubull	u v u l͈
uic	u ɡʲ
uile	u lʲ e
uili	u lʲ i
uinnius	u n͈ʲ u s
uisce	u sʲ kʲ e
uisse	u sʲ e
ulad	u l a ð
ulath	u l a θ
ulod	u l o ð
uloth	u l o θ
ultaib	u l͈ d i vʲ
ultu	u l͈ t u
umae	u ṽ e
umal	u ṽ a l
ungae	u ŋ ɡ e
uraid	u r ə ðʲ
ádam	aː ð a ṽ
áed	aː i̯ ð
áedacán	aː i̯ ð a ɡ aː n
áes	aː i̯ s
áesmar	aː i̯ s ṽ ə r
ág	aː ɣ
ága	aː ɣ a
ágatar	aː ɣ a d a r
ágathar	aː ɣ a θ a r
águr	aː ɣ u r
áichfetar	aː xʲ fʲ e d a r
áigetar	aː ɣʲ e d a r
áigsetar	aː ɣʲ sʲ e d a r
áigther	aː ɣʲ ðʲ e r
áigther	aː ɣʲ θʲ e r
áigthiu	aː ɣʲ θʲ u
áitt	aː tʲ
álaind	aː l i n͈ d
án	aː n
áram	aː r a v̄
árem	aː rʲ e ṽ
árim	aː r i mʲ
árim	aː rʲ i mʲ
ármag	aː r ṽ a ɣ
áru	aː r u
ásaid	aː s ə ðʲ
áss	aː s
áu	aː u̯
é	eː
éc	eː ɡ
écht	eː x t
écsamail	eː ɡ s a ṽ i lʲ
égept	eː ɣʲ e f t
égept	eː ɣʲ e p t
éis	eː sʲ
éisi	eː sʲ i
élud	eː l u ð
én	eː n
ériu	eː rʲ i u̯
ériu	eː rʲ u
ériu	eː rʲ ə
ésom	eː s o m
ét	eː d
éta	eː d a
étach	eː d a x
étada	eː d a ð a
étade	eː d a ð e
étai	eː d i
étaid	eː d i ðʲ
étaigidir	eː d i ɣʲ i ðʲ i rʲ
étaigther	eː d i ɣʲ θʲ e r
étaitis	eː d i dʲ i sʲ
étar	eː d a r
étaste	eː d a s t e
état	eː d a d
étatais	eː d a d i sʲ
étatham	eː d a θ a ṽ
étatsat	eː d a d s a d
étig	eː dʲ ə ɣʲ
étis	eː dʲ i sʲ
étite	eː dʲ i dʲ e
étiud	eː dʲ u ð
étrum	eː d r u m
í	iː
íar	iː a̯ r
íarn	iː a̯ r n
íarum	iː a̯ r u ṽ
íasacht	iː a̯ s ə x t
íasc	iː a̯ s k
ícc	iː k
ícc	iː kʲ
ímáig	iː ṽ aː ɣʲ
ís	iː s
ísel	iː sʲ e l
ísin	iː sʲ i nʲ
ísle	iː sʲ lʲ e
íss	iː s
íssu	iː s u
óc	oː ɡ
óen	oː i̯ n
óenar	oː i̯ n ə r
óenmad	oː i̯ n ṽ a ð
óentu	oː i̯ n͈ t u
ól	oː l
ómun	oː ṽ u n
úadisi	uː a̯ dʲ i sʲ i
úair	uː a̯ rʲ
úait	uː a̯ tʲ
úan	uː a̯ n
úar	uː a̯ rʲ
úas	uː a̯ s
úasal	uː a̯ s a l
úath	uː a̯ θ
úathmar	uː a̯ θ ṽ a r
ɔidrofoilsigsetar	k o nʲ i ð r o f o l͈ sʲ i ɣʲ sʲ e d a r
ɔrabad	k o r͈ a v a ð
