ငဝ်းလၢႆး	ŋ a w ˥ l aː j ˥
ငိူင်ႉဝႄႈ	ŋ ɤ ŋ ˦˨ˀ w ɛː ˧˧˨
ငူဝ်း	ŋ oː ˥
ငူး	ŋ uː ˥
တင်ႇငူင်း	t a ŋ ˩ ŋ o ŋ ˥
တတ်း	t a t̚ ˥
တပ်ႉ	t a p̚ ˦˨
တပ်ႉသိုၵ်း	t a p̚ ˦˨ˀ sʰ ɯ k̚ ˥
တမ်းပူႇ	t a m ˥ p uː ˩
တမ်ႇငႃႈ	t a m ˩ ŋ aː ˧˧˨
တမ်ႇတိူင်း	t a m ˩ t ɤ ŋ ˥
တမၢၼ်ႇ	t a ˨˦ m aː n ˩
တလႅင်း	t a ˨˦ l ɛ ŋ ˥
တဝ်	t a w ˨˦
တိူၵ်ႇလိူၼ်	t ɤ k̚ ˩ l ɤ n ˨˦
တိူၵ်ႈ	t ɤ k̚ ˧˧˨
တိၼ်	t i n ˨˦
တီႇသႅမ်ႇပႃႇ	t iː ˩ sʰ ɛ m ˩ p aː ˩
တီႈ	t iː ˧˧˨
တီႈၶႃႈ	t iː ˧˧˨ kʰ aː ˧˧˨
တူ	t uː ˨˦
တူင်ႉ	t o ŋ ˦˨
တူၵ်းလူင်း	t o k̚ ˥ l o ŋ ˥
တူၼ်ႈမႆႉ	t o n ˧˧˨ m a j ˦˨
တူၼ်ႈၵႃႈ	t o n ˧˧˨ k aː ˧˧˨
တေႃႉသူင်ႇ	t ɔː ˦˨ˀ sʰ o ŋ ˩
တြႃး	t r aː ˥
တွင်	t ɔ ŋ ˨˦
တွင်းလၢၼ်း	t ɔ ŋ ˥ l aː n ˥
တွင်ႇသူႇ	t ɔ ŋ ˩ sʰ uː ˩
တွင်ႉမႆႈသႆႈလိူတ်ႇ	t ɔ ŋ ˦˨ˀ m a j ˧˧˨ sʰ a j ˧˧˨ l ɤ t̚ ˩
တၢင်း	t aː ŋ ˥
တၢင်းပဵၼ်	t aː ŋ ˥ p e n ˨˦
တၢင်းႁူႉ	t aː ŋ ˥ h uː ˦˨
တၢင်းႁၵ်ႉ	t aː ŋ ˥ h a k̚ ˦˨
တၢင်ႇထီး	t aː ŋ ˩ tʰ iː ˥
တၢင်ႇၵုင်ႇ	t aː ŋ ˩ k u ŋ ˩
တၢၼ်း	t aː n ˥
တၢႆ	t aː j ˨˦
တၼင်းလႃႇ	t a ˨˦ n a ŋ ˥ l aː ˩
တၼင်းၼူၺ်ႇ	t a ˨˦ n a ŋ ˥ n o j ˩
တၼူႉ	t a ˨˦ n uː ˦˨
တႃ	t aː ˨˦
တႃႈရူတ်ႉလဵၼ်း	t aː ˧˧˨ r o t̚ ˦˨ˀ l e n ˥
တႃႈႁိူဝ်း	t aː ˧˧˨ h ɤː ˥
တႅင်ၽၢင်	t ɛ ŋ ˨˦ pʰ aː ŋ ˨˦
တႅမ်ႈ	t ɛ m ˧˧˨
တႆး	t a j ˥
တႆးလႅင်	t a j ˥ l ɛ ŋ ˨˦
ထ	tʰ a ˨˦
ထမ်ႈ	tʰ a m ˧˧˨
ထီး	tʰ iː ˥
ထုင်း	tʰ u ŋ ˥
ထူ	tʰ uː ˨˦
ထူဝ်ႇ	tʰ oː ˩
ထူး	tʰ uː ˥
ထူၺ်ႈၸႂ်	tʰ o j ˧˧˨ t͡ɕ a ɰ ˨˦
ထေႃးပၢတ်ႈ	tʰ ɔː ˥ p aː t̚ ˧˧˨
ထွင်ႇ	tʰ ɔ ŋ ˩
ထွင်ႉ	tʰ ɔ ŋ ˦˨
ထၢမ်	tʰ aː m ˨˦
ထၼူႉ	tʰ a ˨˦ n uː ˦˨
ထႃႇပၼႃႇ	tʰ aː ˩ p a ˨˦ n aː ˩
ပ	p a ˨˦
ပတ်ႈတမျႃး	p a t̚ ˧˧˨ t a ˨˦ m j aː ˥
ပတ်ႈတႃး	p a t̚ ˧˧˨ t aː ˥
ပတ်ႉ	p a t̚ ˦˨
ပရုၵ်ႈ	p a ˨˦ r u k̚ ˧˧˨
ပလွင်ႈ	p a ˨˦ l ɔ ŋ ˧˧˨
ပဢူဝ်	p a ˨˦ ʔ oː ˨˦
ပဢူဝ်း	p a ˨˦ ʔ oː ˥
ပိတ်ႈတၵၢတ်ႈ	p i t̚ ˧˧˨ t a ˨˦ k aː t̚ ˧˧˨
ပိုၼ်ႉတီႈ	p ɯ n ˦˨ˀ t iː ˧˧˨
ပိၵ်ႈမၢၼ်ႇ	p i k̚ ˧˧˨ m aː n ˩
ပီ	p iː ˨˦
ပီႉတၵၢတ်ႈ	p iː ˦˨ˀ t a ˨˦ k aː t̚ ˧˧˨
ပုင်ႇ	p u ŋ ˩
ပုင်ႇၵၢၼ်ႇ	p u ŋ ˩ k aː n ˩
ပုၵ်ႈတႁူး	p u k̚ ˧˧˨ t a ˨˦ h uː ˥
ပုၵ်ႉထႃႉၽႃႇသႃႇ	p u k̚ ˦˨ˀ tʰ aː ˦˨ˀ pʰ aː ˩ sʰ aː ˩
ပူ	p uː ˨˦
ပူၺ်း	p o j ˥
ပူၼ်ႉပႅၼ်	p o n ˦˨ˀ p ɛ n ˨˦
ပူႇ	p uː ˩
ပူႇၵၢင်ႉ	p uː ˩ k aː ŋ ˦˨
ပူႇၵႄႇ	p uː ˩ k ɛː ˩
ပူႉထူဝ်း	p uː ˦˨ˀ tʰ oː ˥
ပေႃႈ	p ɔː ˧˧˨
ပဵတ်း	p e t̚ ˥
ပဵတ်ႈၸယႃႇ	p e t̚ ˧˧˨ t͡ɕ a ˨˦ j aː ˩
ပဵၼ်	p e n ˨˦
ပျၢတ်ႈသၢတ်ႈ	p j aː t̚ ˧˧˨ sʰ aː t̚ ˧˧˨
ပျႃႇတႃႇ	p j aː ˩ t aː ˩
ပွင်ႇၸႂ်	p ɔ ŋ ˩ t͡ɕ a ɰ ˨˦
ပွတ်းႁွင်ႇ	p ɔ t̚ ˥ h ɔ ŋ ˩
ပၢင်တိုၵ်း	p aː ŋ ˨˦ t ɯ k̚ ˥
ပၢၼ်းသေး	p aː n ˥ sʰ eː ˥
ပၢႆးမွၼ်း	p aː j ˥ m ɔ n ˥
ပၢႆးမၢၵ်ႈမီး	p aː j ˥ m aː k̚ ˧˧˨ m iː ˥
ပၼ်ၵတိ	p a n ˨˦ k a ˨˦ t i ˨˦
ပၼ်ႁႅင်း	p a n ˨˦ h ɛ ŋ ˥
ပႂၢင်း	p w aː ŋ ˥
ပႃ	p aː ˨˦
ပႃးၸပူတ်ႉ	p aː ˥ t͡ɕ a ˨˦ p o t̚ ˦˨
ပႃႇတီႇ	p aː ˩ t iː ˩
ပႃႈ	p aː ˧˧˨
ပႅတ်ႇ	p ɛ t̚ ˩
ပႅတ်ႇသိပ်း	p ɛ t̚ ˩ sʰ i p̚ ˥
ပႆ	p a j ˨˦
မလႅင်ႇ	m a ˨˦ l ɛ ŋ ˩
မိုၼ်ႇ	m ɯ n ˩
မိူင်း	m ɤ ŋ ˥
မိူင်းထႆး	m ɤ ŋ ˥ tʰ a j ˥
မိူင်းမၢၼ်ႈ	m ɤ ŋ ˥ m aː n ˧˧˨
မိူင်းယူၼ်း	m ɤ ŋ ˥ j o n ˥
မိူင်းလၢဝ်း	m ɤ ŋ ˥ l aː w ˥
မိူင်းဢမေႇရီႉၵႃႉ	m ɤ ŋ ˥ ʔ a ˨˦ m eː ˩ r iː ˦˨ˀ k aː ˦˨
မိူင်းဢိင်ႇတီႉယႃႉ	m ɤ ŋ ˥ ʔ i ŋ ˩ t iː ˦˨ˀ j aː ˦˨
မိူင်းဢိင်ႇၵလၼ်ႇ	m ɤ ŋ ˥ ʔ i ŋ ˩ k a ˨˦ l a n ˩
မိူင်းၵလႃး	m ɤ ŋ ˥ k a ˨˦ l aː ˥
မိူင်းၵျႃႇပၢၼ်ႇ	m ɤ ŋ ˥ k j aː ˩ p aː n ˩
မိူင်းၵွၵ်ႇ	m ɤ ŋ ˥ k ɔ k̚ ˩
မိူင်းၶႄႇ	m ɤ ŋ ˥ kʰ ɛː ˩
မိူင်းၽီးလၢတ်ႈ	m ɤ ŋ ˥ pʰ iː ˥ l aː t̚ ˧˧˨
မိူင်းႀမတႃႉ	m ɤ ŋ ˥ θ a ˨˦ m a ˨˦ t aː ˦˨
မိူဝ်ႈ	m ɤː ˧˧˨
မိူဝ်ႈၼႃႈထႃႇလိုၼ်း	m ɤː ˧˧˨ n aː ˧˧˨ tʰ aː ˩ l ɯ n ˥
မိူၼ်	m ɤ n ˨˦
မီ	m iː ˨˦
မီး	m iː ˥
မီးပၢၼ်း	m iː ˥ p aː n ˥
မီးယၢပ်ႈ	m iː ˥ j aː p̚ ˧˧˨
မုၵ်ႈ	m u k̚ ˧˧˨
မုၼ်း	m u n ˥
မုၼ်ၸဝ်ႈ	m u n ˨˦ t͡ɕ a w ˧˧˨
မုၼ်ၸဝ်ႈပူပ်ႉ	m u n ˨˦ t͡ɕ a w ˧˧˨ p o p̚ ˦˨
မူ	m uː ˨˦
မူးသိူဝ်း	m uː ˥ sʰ ɤː ˥
မေး	m eː ˥
မေႃယႃ	m ɔː ˨˦ j aː ˨˦
မေႃၽီ	m ɔː ˨˦ pʰ iː ˨˦
မေႇ	m eː ˩
မဵဝ်း	m e w ˥
မဵၼ်ႈ	m e n ˧˧˨
မွၼ်	m ɔ n ˨˦
မွၼ်း	m ɔ n ˥
မၢတ်ႉၶျ်	m aː t̚ ˦˨ˀ t͡ʃ
မၢဝ်း	m aː w ˥
မၢၵ်ႇ	m aː k̚ ˩
မၢၵ်ႇမူင်ႈ	m aː k̚ ˩ m o ŋ ˧˧˨
မၢၵ်ႇၼင်	m aː k̚ ˩ n a ŋ ˨˦
မၢၼ်ႇတႅင်ႇ	m aː n ˩ t ɛ ŋ ˩
မၢၼ်ႈ	m aː n ˧˧˨
မၢၼ်ႈထၼူႉ	m aː n ˧˧˨ tʰ a ˨˦ n uː ˦˨
မၢၼ်ႈမႅင်း	m aː n ˧˧˨ m ɛ ŋ ˥
မၢၼ်ႈဢၢင်းလေး	m aː n ˧˧˨ ʔ aː ŋ ˥ l eː ˥
မၢၼ်ႈၵသေး	m aː n ˧˧˨ k a ˨˦ sʰ eː ˥
မၢၼ်ႈၼွင်	m aː n ˧˧˨ n ɔ ŋ ˨˦
မၢၼ်ႈႁၢႆးယႃႈ	m aː n ˧˧˨ h aː j ˥ j aː ˧˧˨
မႁႃႇသႃႇဝၵႃႉ	m a ˨˦ h aː ˩ sʰ aː ˩ w a ˨˦ k aː ˦˨
မႂ်း	m a ɰ ˥
မႃ	m aː ˨˦
မႃး	m aː ˥
မႃႇၼၢတ်ႈ	m aː ˩ n aː t̚ ˧˧˨
မႃႉ	m aː ˦˨
မႃႉၼမ်ႉ	m aː ˦˨ˀ n a m ˦˨
မႅင်ႇ	m ɛ ŋ ˩
မႅဝ်း	m ɛ w ˥
မႅၵ်ႈၵၸိၼ်း	m ɛ k̚ ˧˧˨ k a ˨˦ t͡ɕ i n ˥
မႆႉၸလီႇ	m a j ˦˨ˀ t͡ɕ a ˨˦ l iː ˩
ယမ်း	j a m ˥
ယဝ်ႉ	j a w ˦˨
ယိင်း	j i ŋ ˥
ယုင်း	j u ŋ ˥
ယုမ်ႉ	j u m ˦˨
ယူဝ်ႇ	j oː ˩
ယူၼ်း	j o n ˥
ယေးငိုၼ်း	j eː ˥ ŋ ɯ n ˥
ယေႇသူႉ	j eː ˩ sʰ uː ˦˨
ယဵပ်ႉ	j e p̚ ˦˨
ယဵၼ်ႇ	j e n ˩
ယွၵ်ႈလိၼ်ႉပိၼ်ႈတႃ	j ɔ k̚ ˧˧˨ l i n ˦˨ˀ p i n ˧˧˨ t aː ˨˦
ယၢပ်ႇၽိုတ်ႇ	j aː p̚ ˩ pʰ ɯ t̚ ˩
ယၢမ်း	j aː m ˥
ယၢၼ်ႇသူႇ	j aː n ˩ sʰ uː ˩
ယၶႅင်ႇ	j a ˨˦ kʰ ɛ ŋ ˩
ယၼ်ႇၵုင်ႇ	j a n ˩ k u ŋ ˩
ရ	r a ˨˦
ရေႃးၵႃႇ	r ɔː ˥ k aː ˩
ရၢၼ်ႇသူႇ	r aː n ˩ sʰ uː ˩
ရၶႅင်ႇ	r a ˨˦ kʰ ɛ ŋ ˩
ရႁၢၼ်း	r a ˨˦ h aː n ˥
ရႃႇဝၢင်ႇ	r aː ˩ w aː ŋ ˩
လ	l a ˨˦
လင်	l a ŋ ˨˦
လပ်း	l a p̚ ˥
လမ်	l a m ˨˦
လိင်း	l i ŋ ˥
လိုမ်း	l ɯ m ˥
လိုၵ်ႉ	l ɯ k̚ ˦˨
လိူင်	l ɤ ŋ ˨˦
လိူၵ်ႈ	l ɤ k̚ ˧˧˨
လိူၼ်	l ɤ n ˨˦
လိၵ်ႈတႆး	l i k̚ ˧˧˨ t a j ˥
လိၼ်	l i n ˨˦
လီ	l iː ˨˦
လုတ်ႈတေႃႇ	l u t̚ ˧˧˨ t ɔː ˩
လုမ်ႈၽႃႉ	l u m ˧˧˨ pʰ aː ˦˨
လုၵ်ႈႁဵၼ်း	l u k̚ ˧˧˨ h e n ˥
လူ	l uː ˨˦
လူင်း	l o ŋ ˥
လူမ်း	l o m ˥
လေး	l eː ˥
လေႇယိၼ်ႇပျၢၼ်ႇ	l eː ˩ j i n ˩ p j aː n ˩
လွင်ႈလုၵ်ႉၽိုၼ်ႉ	l ɔ ŋ ˧˧ l u k ˥˩ pʰ ɯ n ˥˩
လွႆ	l ɔ j ˨˦
လၢင်းတႃႉ	l aː ŋ ˥ t aː ˦˨
လၢတ်ႈၵႂၢမ်းၵၵ်း	l aː t̚ ˧˧˨ k w aː m ˥ k a k̚ ˥
လၢဝ်	l aː w ˨˦
လၢၵ်ႈထၢပ်ႈ	l aː k̚ ˧˧˨ tʰ aː p̚ ˧˧˨
လၢၵ်ႈသမႃး	l aː k̚ ˧˧˨ sʰ a ˨˦ m aː ˥
လၢၵ်ႈသွင်ႇ	l aː k̚ ˧˧˨ sʰ ɔ ŋ ˩
လၢၵ်ႈၸွပ်ႈ	l aː k̚ ˧˧˨ t͡ɕ ɔ p̚ ˧˧˨
လၢၵ်ႈၼၢၵ်ႈ	l aː k̚ ˧˧˨ n aː k̚ ˧˧˨
လၢၵ်ႈၽွႆး	l aː k̚ ˧˧˨ pʰ ɔ j ˥
လၢၵ်ႈၽွႆႉ	l aː k̚ ˧˧˨ pʰ ɔ j ˦˨
လၢၼ်ႉၸဝ်ႈ	l aː n ˦˨ˀ t͡ɕ a w ˧˧˨
လၵ်းထၢၼ်	l a k̚ ˥ tʰ aː n ˨˦
လႄႈ	l ɛː ˧˧˨
လႅင်	l ɛ ŋ ˨˦
လႅၵ်ႈလၢႆႈ	l ɛ k̚ ˧˧˨ l aː j ˧˧˨
လႅၼ်	l ɛ n ˨˦
လႆ	l a j ˨˦
ဝ	w a ˨˦
ဝင်ႇၵပႃႇ	w a ŋ ˩ k a ˨˦ p aː ˩
ဝီ	w iː ˨˦
ဝီႇၶီႇၽီးတီးယႃး	w ì i
ဝီႉၺဵၼ်ႇ	w iː ˦˨ˀ ɲ e n ˩
ဝီႉၼႄး	w iː ˦˨ˀ n ɛː ˥
ဝုတ်ႉထူႉ	w u t̚ ˦˨
ဝုၼ်ႇၵျီးၶျုၵ်ႈ	w u n ˩ d͡ʒ iː ˥ t͡ʃ u k̚ ˧˧˨
ဝဵင်း	w e ŋ ˥
ဝၢၵ်ႈဢူႇ	w aː k̚ ˧˧˨ ʔ uː ˩
ဝၢၼ်	w aː n ˨˦
ဝၢၼ်ႈ	w aː n ˧˧˨
ဝၢႆ	w aː j ˨˦
ဝၢႆး	w aː j ˥
ဝၢႆႇ	w aː j ˩
ဝၢႆႉ	w aː j ˦˨
ဝၼ်း	w a n ˥
ဝႂ်ၶၢမ်ႈမိူင်း	w a ɰ ˨˦ kʰ aː m ˧˧˨ m ɤ ŋ ˥
ဝႃႈ	w aː ˧˧˨
ဝႃႈၼႆ	w aː ˧˧˨ n a j ˨˦
ဝႃႉ	w aː ˦˨
ဝႆ	w a j ˨˦
သပ်ႉပျႃႇ	sʰ a p̚ ˦˨ˀ p j aː ˩
သမတႃႉ	sʰ a ˨˦ m a ˨˦ t aː ˦˨
သမ်း	sʰ a m ˥
သမ်ႇမၼီႉ	sʰ a m ˩ m a ˨˦ n iː ˦˨
သမႅင်း	sʰ a ˨˦ m ɛ ŋ ˥
သရၽူႇ	sʰ a ˨˦ r a ˨˦ pʰ uː ˩
သိင်းၶူဝ်ႇ	sʰ i ŋ ˥ kʰ oː ˩
သိင်ႇဝႅတ်ႉလွမ်ႉ	sʰ i ŋ ˩ w ɛ t̚ ˦˨ˀ l ɔ m ˦˨
သိပ်း	sʰ i p̚ ˥
သိပ်းပႅတ်ႇ	sʰ i p̚ ˥ p ɛ t̚ ˩
သိပ်းသီႇ	sʰ i p̚ ˥ sʰ iː ˩
သိပ်းသွင်	sʰ i p̚ ˥ sʰ ɔ ŋ ˨˦
သိပ်းသၢမ်	sʰ i p̚ ˥ sʰ aː m ˨˦
သိပ်းဢဵတ်း	sʰ i p̚ ˥ ʔ e t̚ ˥
သိပ်းၵဝ်ႈ	sʰ i p̚ ˥ k a w ˧˧˨
သိပ်းၸဵတ်း	sʰ i p̚ ˥ t͡ɕ e t̚ ˥
သိပ်းႁူၵ်း	sʰ i p̚ ˥ h o k̚ ˥
သိပ်းႁႃႈ	sʰ i p̚ ˥ h aː ˧˧˨
သိမ်ႇ	sʰ i m ˩
သိူဝ်	sʰ ɤː ˨˦
သီ	sʰ iː ˨˦
သီမူၼ်ႇ	sʰ iː ˨˦ m o n ˩
သီလမ်	sʰ iː ˨˦ l a m ˨˦
သီလိူင်သဝ်ႈ	sʰ iː ˨˦ l ɤ ŋ ˨˦ sʰ a w ˧˧˨
သီလိူင်ၼုမ်ႇ	sʰ iː ˨˦ l ɤ ŋ ˨˦ n u m ˩
သီလႅင်	sʰ iː ˨˦ l ɛ ŋ ˨˦
သီၵမ်ႇ	sʰ iː ˨˦ k a m ˩
သီၶဵဝ်	sʰ iː ˨˦ kʰ e w ˨˦
သီၽိူၵ်ႇ	sʰ iː ˨˦ pʰ ɤ k̚ ˩
သီႇ	sʰ iː ˩
သီႇရီႉလင်ႇၵႃႇ	sʰ iː ˩ r iː ˦˨ˀ l a ŋ ˩ k aː ˩
သီႇႁူဝ်ႇ	sʰ iː ˩ h oː ˩
သုင်	sʰ u ŋ ˨˦
သုမ်းၶၢဝ်းယၢမ်း	sʰ u m ˥ kʰ aː w ˥ j aː m ˥
သုၵ်ႈ	sʰ u k̚ ˧˧˨
သူ	sʰ uː ˨˦
သူင်ႇ	sʰ o ŋ ˩
သူင်ႇဢွၵ်ႇ	sʰ o ŋ ˩ ʔ ɔ k̚ ˩
သူဝ်း	sʰ oː ˥
သူး	sʰ uː ˥
သူးၵွၵ်း	sʰ uː ˥ k ɔ k̚ ˥
သူၼ်	sʰ o n ˨˦
သူၼ်သတ်း	sʰ o n ˨˦ sʰ a t̚ ˥
သေးယူင်ႇ	sʰ eː ˥ j o ŋ ˩
သဵင်	sʰ e ŋ ˨˦
သဵၼ်ႈ	sʰ e n ˧˧˨
သဵၼ်ႈတၢင်း	sʰ e n ˧˧˨ t aː ŋ ˥
သြႃႇတေႃႇ	sʰ r aː ˩ t ɔː ˩
သြႃႇဝုၼ်ႇ	sʰ r aː ˩ w u n ˩
သြႃႇသမႃး	sʰ r aː ˩ sʰ a ˨˦ m aː ˥
သွင်	sʰ ɔ ŋ ˨˦
သွမ်း	sʰ ɔ m ˥
သွၵ်ႉၵျႃႇ	sʰ ɔ k̚ ˦˨ˀ k j aː ˩
သွၼ်	sʰ ɔ n ˨˦
သၢင်ႇဝၢင်ႇ	sʰ aː ŋ ˩ w aː ŋ ˩
သၢင်ႇသီႈ	sʰ aː ŋ ˩ sʰ iː ˧˧˨
သၢမ်	sʰ aː m ˨˦
သၢမ်လႅမ်ထွင်းၶမ်း	sʰ aː m ˨˦ l ɛ m ˨˦ tʰ ɔ ŋ ˥ kʰ a m ˥
သၢမ်ၸဵင်ႇ	sʰ aː m ˨˦ t͡ɕ e ŋ ˩
သၢဝ်း	sʰ aː w ˥
သၢဝ်းသွင်	sʰ aː w ˥ sʰ ɔ ŋ ˨˦
သၢဝ်းသၢမ်	sʰ aː w ˥ sʰ aː m ˨˦
သၢဝ်းဢဵတ်း	sʰ aː w ˥ ʔ e t̚ ˥
သၢၵ်ႇသေ	sʰ aː k̚ ˩ sʰ eː ˨˦
သၢၵ်ႈသႃႇ	sʰ aː k̚ ˧˧˨ sʰ aː ˩
သၢၼ်ႇလႅၵ်ႉ	sʰ aː n ˩ l ɛ k̚ ˦˨
သၵျႃး	sʰ a ˨˦ k j aː ˥
သၼၢပ်ႈၶႃး	sʰ a ˨˦ n aː p̚ ˧˧˨ kʰ aː ˥
သႃႇထူႉ	sʰ aː ˩ tʰ uː ˦˨
သႃႇဝၵႃႉ	sʰ aː ˩ w a ˨˦ k aː ˦˨
သႅင်	sʰ ɛ ŋ ˨˦
သႅင်ႇ	sʰ ɛ ŋ ˩
သႅပ်ႇထႅမ်ႇပႃႇ	sʰ ɛ p̚ ˩ tʰ ɛ m ˩ p aː ˩
သႅၼ်	sʰ ɛ n ˨˦
ဢ	ʔ a ˨˦
ဢင်းၵိတ်ႉ	ʔ a ŋ ˥ k i t̚ ˦˨
ဢင်ႇၵႃႇ	ʔ a ŋ ˩ k aː ˩
ဢတူဝ်း	ʔ a ˨˦ t oː ˥
ဢပုမ်ႇ	ʔ a ˧˧˨ p u m ˩
ဢမိင်ႉ	ʔ a ˨˦ m i ŋ ˦˨
ဢမူၺ်ႇ	ʔ a ˨˦ m o j ˩
ဢလွင်း	ʔ a ˨˦ l ɔ ŋ ˥
ဢသၢၵ်ႈ	ʔ a ˧˧˨ sʰ aː k̚ ˧˧˨
ဢိင်းၵလဵတ်ႈ	ʔ i ŋ ˥ k a ˨˦ l e t̚ ˧˧˨
ဢုပ်ႇဢူဝ်း	ʔ u p̚ ˩ ʔ oː ˥
ဢုပ်ႉပိူင်ႇ	ʔ u p̚ ˦˨ˀ p ɤ ŋ ˩
ဢုၼ်	ʔ u n ˨˦
ဢူၺ်းလီ	ʔ o j ˥ l iː ˨˦
ဢူၺ်းၵေႃႉ	ʔ o j ˥ k ɔː ˦˨
ဢေႃးၵၢတ်ႉ	ʔ ɔː ˥ k aː t̚ ˦˨
ဢေႃႇၸတြေးလီးယိူဝ်း	ʔ ɔː ˩ t͡ɕ a ˨˦ t r eː ˥ l iː ˥ j ɤː ˥
ဢေႇ	ʔ eː ˩
ဢေႇပရႄႇ	ʔ eː ˩ p a ˨˦ r ɛː ˩
ဢဵတ်ႇ	ʔ e t̚ ˩
ဢွၵ်ႇထူဝ်ႇပႃႇ	ʔ ɔ k̚ ˩ tʰ oː ˩ p aː ˩
ဢၢင်ႇ	ʔ aː ŋ ˩
ဢၢၼ်ႇ	ʔ aː n ˩
ဢၵွၵ်ႈ	ʔ a ˨˦ k ɔ k̚ ˧˧˨
ဢၸူဝ်းယႃႉ	ʔ a ˨˦ t͡ɕ oː ˥ j aː ˦˨
ဢႃးၶႃး	ʔ aː ˥ kʰ aː ˥
ဢႃးၼႃႇ	ʔ aː ˥ n aː ˩
ဢႃႇပေႃႇ	ʔ aː ˩ p ɔː ˩
ဢႃႇၵႃႇသႃႉ	ʔ aː ˩ k aː ˩ sʰ aː ˦˨
ဢႅဝ်	ʔ ɛ w ˨˦
ဢႅၵ်ႉၶရႃႇ	ʔ ɛ k̚ ˦˨ˀ kʰ a ˨˦ r aː ˩
ၵတိ	k a ˨˦ t i ˨˦
ၵတိမၼ်ႈ	k a ˨˦ t i ˨˦ m a n ˧˧˨
ၵတိသဵတ်ႉၸႃႇ	k a ˨˦ t i ˨˦ sʰ e t̚ ˦˨ˀ t͡ɕ aː ˩
ၵတ်ႉၶႅၼ်ႇ	k a t̚ ˦˨ˀ kʰ ɛ n ˩
ၵတၢၵ်း	k a ˨˦ t aː k̚ ˥
ၵမ်ၸိုမ်း	k a m ˨˦ t͡ɕ ɯ m ˥
ၵရမ်ႇ	k a ˨˦ r a m ˩
ၵရဝေႇ	k a ˨˦ r a ˨˦ w eː ˩
ၵရိယႃႇ	k a ˨˦ r i ˨˦ j aː ˩
ၵရုၼႃႇ	k a ˨˦ r u ˨˦ n aː ˩
ၵလပ်ႉ	k a ˨˦ l a p̚ ˦˨
ၵလွင်ႇ	k a ˨˦ l ɔ ŋ ˩
ၵလၢင်ႇ	k a ˨˦ l aː ŋ ˩
ၵလၢတ်ႈ	k a ˨˦ l aː t̚ ˧˧˨
ၵလႃး	k a ˨˦ l aː ˥
ၵလႃးဢူၵ်ႉ	k a ˨˦ l aː ˥ ʔ o k̚ ˦˨
ၵဝိ	k a ˨˦ w i ˨˦
ၵဝ်ႈ	k a w ˧˧˨
ၵသေး	k a ˨˦ sʰ eː ˥
ၵိင်း	k i ŋ ˥
ၵိင်ႇ	k i ŋ ˩
ၵိင်ႇမႆႉ	k i ŋ ˩ m a j ˦˨
ၵိင်ႇလူင်	k i ŋ ˩ l o ŋ ˨˦
ၵိင်ႇၵွႆႈ	k i ŋ ˩ k ɔ j ˧˧˨
ၵိင်ႇႁႄႉ	k i ŋ ˩ h ɛː ˦˨
ၵိင်ႈ	k i ŋ ˧˧˨
ၵိင်ႈတူၵ်း	k i ŋ ˧˧˨ t o k̚ ˨˦
ၵိင်ႈၵိူၵ်ႇ	k i ŋ ˧˧˨ k ɤ k̚ ˩
ၵိမ်း	k i m ˥
ၵိရိယႃႇ	k i ˨˦ r i ˨˦ j aː ˩
ၵိလေႇသႃႇ	k i ˨˦ l eː ˩ sʰ aː ˩
ၵိုၵ်း	k ɯ k̚ ˥
ၵိုၵ်းပႃး	k ɯ k̚ ˥ p aː ˥
ၵိုၵ်းဝၢၼ်ႈၵိုၵ်းမိူင်း	k ɯ k̚ ˥ w aː n ˧˧˨ k ɯ k̚ ˥ m ɤ ŋ ˥
ၵိူင်း	k ɤ ŋ ˥
ၵိူင်းထွၵ်ႈ	k ɤ ŋ ˥ tʰ ɔ k̚ ˧˧˨
ၵိူင်းဢုပ်ႉ	k ɤ ŋ ˥ ʔ u p̚ ˦˨
ၵိူင်းၶျုၵ်ႈ	k ɤ ŋ ˥ kʰ j u k̚ ˧˧˨
ၵိူဝ်	k ɤː ˨˦
ၵိူဝ်ဝၢၼ်	k ɤː ˨˦ w aː n ˨˦
ၵိၵ်ႈ	k i k̚ ˧˧˨
ၵိၼ်	k i n ˨˦
ၵီႇ	k iː ˩
ၵီႇယႃႇ	k iː ˩ j aː ˩
ၵီႇလူဝ်ႇ	k iː ˩ l oː ˩
ၵီႇလူဝ်ႇမီႇတႃႇ	k iː ˩ l oː ˩ m iː ˩ t aː ˩
ၵီႇလူဝ်ႇၵရမ်ႇ	k iː ˩ l oː ˩ k a ˨˦ r a m ˩
ၵီႈ	k iː ˧˧˨
ၵီႈပွႆႇ	k iː ˧˧˨ p ɔ j ˩
ၵီႈမွၵ်ႇၵီႈၼႄ	k iː ˧˧˨ m ɔ k̚ ˩ k iː ˧˧˨ n ɛː ˨˦
ၵီႈသူၺ်းသူၺ်း	k iː ˧˧˨ sʰ o j ˥ sʰ o j ˥
ၵုင်း	k u ŋ ˥
ၵုင်းလွႆ	k u ŋ ˥ l ɔ j ˨˦
ၵုင်ႇ	k u ŋ ˩
ၵုင်ႇတၢင်ႇ	k u ŋ ˩ t aː ŋ ˩
ၵုင်ႇသရေႇ	k u ŋ ˩ sʰ a ˨˦ r eː ˩
ၵုင်ႇၵုၼ်း	k u ŋ ˩ k u n ˥
ၵုင်ႇၶိုၼ်ႈ	k u ŋ ˩ kʰ ɯ n ˧˧˨
ၵုင်ႈ	k u ŋ ˧˧˨
ၵုင်ႈသူမ်ႈ	k u ŋ ˧˧˨ sʰ o m ˧˧˨
ၵုင်ႈႁႅင်ႈ	k u ŋ ˧˧˨ h ɛ ŋ ˧˧˨
ၵုသူဝ်ႇ	k u ˨˦ sʰ oː ˩
ၵုၵ်ႈ	k u k̚ ˧˧˨
ၵုၵ်ႈမႃႉ	k u k̚ ˧˧˨ m aː ˦˨
ၵုၵ်ႉတေႇ	k u k̚ ˦˨ˀ t eː ˩
ၵုၵ်ႉၵီႈၵုၵ်ႉၵၵ်ႉ	k u k̚ ˦˨ˀ k iː ˧˧˨ k u k̚ ˦˨ˀ k a k̚ ˦˨
ၵုၼ်ႇသိၼ်	k u n ˩ sʰ i n ˨˦
ၵူင်	k o ŋ ˨˦
ၵူင်တွင်ႉ	k o ŋ ˨˦ t ɔ ŋ ˦˨
ၵူင်မႆႉ	k o ŋ ˨˦ m a j ˦˨
ၵူင်လွႆ	k o ŋ ˨˦ l ɔ j ˨˦
ၵူင်သူပ်း	k o ŋ ˨˦ sʰ o p̚ ˥
ၵူင်း	k o ŋ ˥
ၵူင်းငိုၼ်း	k o ŋ ˥ ŋ ɯ n ˥
ၵူင်းၵႂၵ်း	k o ŋ ˥ k w a k̚ ˥
ၵူင်းၼမ်ႉ	k o ŋ ˥ n a m ˦˨
ၵူင်းႁူတ်း	k o ŋ ˥ h o t̚ ˥
ၵူင်ၵူင်	k o ŋ ˨˦ k o ŋ ˨˦
ၵူင်ၵွၼ်	k o ŋ ˨˦ k ɔ n ˨˦
ၵူင်ၵႂၼ်းၾႆး	k o ŋ ˨˦ k w a n ˥ f a j ˥
ၵူင်ၶေႃး	k o ŋ ˨˦ kʰ ɔː ˥
ၵူင်ႁူၺ်ႈ	k o ŋ ˨˦ h o j ˧˧˨
ၵူင်ႇ	k o ŋ ˩
ၵူင်ႇၵၢဝ်	k o ŋ ˩ k aː w ˨˦
ၵူင်ႇၵၢဝ်မီ	k o ŋ ˩ k aː w ˨˦ m iː ˨˦
ၵူင်ႇၵၢဝ်ၵၢင်ယႂ်း	k o ŋ ˩ k aː w ˨˦ k aː ŋ ˨˦ j a ɰ ˥
ၵူင်ႉ	k o ŋ ˦˨
ၵူပ်း	k o p̚ ˥
ၵူဝ်ႇၵဵၼ်း	k oː ˩ k e n ˥
ၵူး	k uː ˥
ၵူးလိၵ်ႈ	k uː ˥ l i k̚ ˧˧˨
ၵူးၶႅပ်းႁၢင်ႈ	k uː ˥ kʰ ɛ p̚ ˥ h aː ŋ ˧˧˨
ၵူၺ်ႈ	k o j ˧˧˨
ၵူၼ်း	k o n ˥
ၵူၼ်းမိူင်း	k o n ˥ m ɤ ŋ ˥
ၵူႇ	k uː ˩
ၵူႇတူပ်ႉ	k uː ˩ t o p̚ ˦˨
ၵူႇလိၵ်ႈ	k uː ˩ l i k̚ ˧˧˨
ၵူႇလုၵ်ႈဢွၼ်ႇ	k uː ˩ l u k̚ ˧˧˨ ʔ ɔ n ˩
ၵူႇၼွၼ်း	k uː ˩ n ɔ n ˥
ၵူႇၼွၼ်းသွင်ၵေႃႉ	k uː ˩ n ɔ n ˥ sʰ ɔ ŋ ˨˦ k ɔː ˦˨
ၵူႈ	k uː ˧˧˨
ၵူႈတီႈၵူႈတၢင်း	k uː ˧˧˨ t iː ˧˧˨ k uː ˧˧˨ t aː ŋ ˥
ၵူႈပွၵ်ႈ	k uː ˧˧˨ p ɔ k̚ ˧˧˨
ၵူႈမိုဝ်ႉၵူႈဝၼ်း	k uː ˧˧˨ m ɯː ˦˨ˀ k uː ˧˧˨ w a n ˥
ၵူႈမိူင်းမိူင်း	k uː ˧˧˨ m ɤ ŋ ˥ m ɤ ŋ ˥
ၵူႈယိမ်	k uː ˧˧˨ j i m ˨˦
ၵူႈဢၼ်	k uː ˧˧˨ ʔ a n ˨˦
ၵူႈၵေႃႉ	k uː ˧˧˨ k ɔː ˦˨
ၵူႈၶမ်ႈ	k uː ˧˧˨ kʰ a m ˧˧˨
ၵူႈၶိုၼ်း	k uː ˧˧˨ kʰ ɯ n ˥
ၵူႈၶူဝ်း	k uː ˧˧˨ kʰ oː ˥
ၵူႈၸဝ်ႉၼႂ်ဝၼ်းၶမ်ႈ	k uː ˧˧˨ t͡ɕ a w ˦˨ˀ n a ɰ ˨˦ w a n ˥ kʰ a m ˧˧˨
ၵူႈၸိူဝ်ႉၵူႈပိူင်	k uː ˧˧˨ t͡ɕ ɤː ˦˨ˀ k uː ˧˧˨ p ɤ ŋ ˨˦
ၵူႈၸူဝ်ႈၵူႈပၢၼ်	k uː ˧˧˨ t͡ɕ oː ˧˧˨ k uː ˧˧˨ p aː n ˨˦
ၵူႈၼႂ်	k uː ˧˧˨ n a ɰ ˨˦
ၵူႈၽၢႆႇၵူႈတၢင်း	k uː ˧˧˨ pʰ aː j ˩ k uː ˧˧˨ t aː ŋ ˥
ၵူႉလႃႉႀႃႉမႅၵ်ႉၵႃႉ	k uː ˦˨ˀ l aː ˦˨ˀ θ aː ˦˨ˀ m ɛ k̚ ˦˨ˀ k aː ˦˨
ၵေသႃ	k eː ˨˦ sʰ aː ˨˦
ၵေးလၢင်း	k eː ˥ l aː ŋ ˥
ၵေႃ	k ɔː ˨˦
ၵေႃပူၵ်းပွင်ၶိုၼ်း	k ɔː ˨˦ p o k̚ ˥ p ɔ ŋ ˨˦ kʰ ɯ n ˥
ၵေႃပွင်ၵၢၼ်	k ɔː ˨˦ p ɔ ŋ ˨˦ k aː n ˨˦
ၵေႃမႆႉ	k ɔː ˨˦ m a j ˦˨
ၵေႃယိူဝ်ႈ	k ɔː ˨˦ j ɤː ˧˧˨
ၵေႃယုၵ်ႉယွင်ႈ	k ɔː ˨˦ j u k̚ ˦˨ˀ j ɔ ŋ ˧˧˨
ၵေႃးၸႃႇ	k ɔː ˥ t͡ɕ aː ˩
ၵေႃၵူၺ်ႈ	k ɔː ˨˦ k o j ˧˧˨
ၵေႃၶဝ်ႈ	k ɔː ˨˦ kʰ a w ˧˧˨
ၵေႃၽူႈတၢင်တူဝ်	k ɔː ˨˦ pʰ uː ˧˧˨ t aː ŋ ˨˦ t oː ˨˦
ၵေႃႇ	k ɔː ˩
ၵေႃႇငဝ်ႈ	k ɔː ˩ ŋ a w ˧˧˨
ၵေႃႇတမႃႉ	k ɔː ˩ t a ˨˦ m aː ˦˨
ၵေႃႇမတီႇ	k ɔː ˩ m a ˨˦ t iː ˩
ၵေႃႇသၢင်ႈ	k ɔː ˩ sʰ aː ŋ ˧˧˨
ၵေႃႇၵွင်	k ɔː ˩ k ɔ ŋ ˨˦
ၵေႃႈ	k ɔː ˧˧˨
ၵေႃႈယႃႇ	k ɔː ˧˧˨ j aː ˩
ၵေႃႈယႃႇမၼ်း	k ɔː ˧˧˨ j aː ˩ m a n ˥
ၵေႃႉ	k ɔː ˦˨
ၵေႃႉတမႃႉ	k ɔː ˦˨ˀ t a ˨˦ m aː ˦˨
ၵေႃႉထုၵ်ႈပၼ်ငိုၼ်း	k ɔː ˦˨ˀ tʰ u k̚ ˧˧˨ p a n ˨˦ ŋ ɯ n ˥
ၵေႃႉထုၵ်ႈလိၵ်ႈ	k ɔː ˦˨ˀ tʰ u k̚ ˧˧˨ l i k̚ ˧˧˨
ၵေႃႉမိုတ်ႈၵေႃႉၵိုဝ်း	k ɔː ˦˨ˀ m ɯ t̚ ˧˧˨ k ɔː ˦˨ˀ k ɯː ˥
ၵေႃႉမိုဝ်ႉ	k ɔː ˦˨ˀ m ɯː ˦˨
ၵေႃႉမၢႆ	k ɔː ˦˨ˀ m aː j ˨˦
ၵေႃႉမၼ်ႈမၢႆ	k ɔː ˦˨ˀ m a n ˧˧˨ m aː j ˨˦
ၵေႃႉလဵဝ်	k ɔː ˦˨ˀ l e w ˨˦
ၵေႃႉလႂ်	k ɔː ˦˨ˀ l a ɰ ˨˦
ၵေႃႉလႂ်ၵေႃႉၼၼ်ႉ	k ɔː ˦˨ˀ l a ɰ ˨˦ k ɔː ˦˨ˀ n a n ˦˨
ၵေႃႉဢၼ်ၶၢမ်ႇတြႃး	k ɔː ˦˨ˀ ʔ a n ˨˦ kʰ aː m ˩ t r aː ˥
ၵေႃႉဢၼ်ႁဵတ်းတြႃး	k ɔː ˦˨ˀ ʔ a n ˨˦ h e t̚ ˥ t r aː ˥
ၵေႃႉၵၼ်	k ɔː ˦˨ˀ k a n ˨˦
ၵေႃႉၶၢမ်ႇဢမူၺ်ႇ	k ɔː ˦˨ˀ kʰ aː m ˩ ʔ a ˨˦ m o j ˩
ၵေႃႉၼၼ်ႉ	k ɔː ˦˨ˀ n a n ˦˨
ၵေႃႉၼႆႉ	k ɔː ˦˨ˀ n a j ˦˨
ၵေႃႉႁပ်ႉ	k ɔː ˦˨ˀ h a p̚ ˦˨
ၵေႃႉႁူႉၵေႃႉမိုတ်ႈ	k ɔː ˦˨ˀ h uː ˦˨ˀ k ɔː ˦˨ˀ m ɯ t̚ ˧˧˨
ၵေႃႉႁူႉၵေႃႉႁၼ်	k ɔː ˦˨ˀ h uː ˦˨ˀ k ɔː ˦˨ˀ h a n ˨˦
ၵေႃႉႁူႉၸၵ်း	k ɔː ˦˨ˀ h uː ˦˨ˀ t͡ɕ a k̚ ˥
ၵေႃႉႁၵ်ႉ	k ɔː ˦˨ˀ h a k̚ ˦˨
ၵေႇ	k eː ˩
ၵဵင်း	k e ŋ ˥
ၵဵင်းသၢမ်ၶႃ	k e ŋ ˥ sʰ aː m ˨˦ kʰ aː ˨˦
ၵဵင်ႈ	k e ŋ ˧˧˨
ၵဵင်ႈၵဵင်ႈ	k e ŋ ˧˧˨ k e ŋ ˧˧˨
ၵဵင်ႈႁဵတ်း	k e ŋ ˧˧˨ h e t̚ ˥
ၵျုၼ်ႇ	d͡ʒ u n ˩
ၵျူဝ်ႇ	k j oː ˩
ၵျူႇလၢႆႇ	d͡ʒ uː ˩ l aː j ˩
ၵျေႃင်း	k j ɔː ŋ ˥
ၵျွင်း	k j ɔ ŋ ˥
ၵျၢမ်ႇမႃႇ	k j aː m ˩ m aː ˩
ၵျႃႇသပ်ႈပတေး	k j aː ˩ sʰ a p̚ ˧˧˨ p a ˨˦ t eː ˥
ၵျႃႇသၢၼ်ႇ	k j aː ˩ sʰ aː n ˩
ၵွင်	k ɔ ŋ ˨˦
ၵွင်လင်	k ɔ ŋ ˨˦ l a ŋ ˨˦
ၵွင်လေႃး	k ɔ ŋ ˨˦ l ɔː ˥
ၵွင်းမူး	k ɔ ŋ ˥ m uː ˥
ၵွင်ၶိုၼ်ႈ	k ɔ ŋ ˨˦ kʰ ɯ n ˧˧˨
ၵွင်ႇ	k ɔ ŋ ˩
ၵွင်ႇတၢင်း	k ɔ ŋ ˩ t aː ŋ ˥
ၵွင်ႇယွင်ႇ	k ɔ ŋ ˩ j ɔ ŋ ˩
ၵွင်ႇၵေႃႈ	k ɔ ŋ ˩ k ɔː ˧˧˨
ၵွင်ႇၸီႇ	k ɔ ŋ ˩ t͡ɕ iː ˩
ၵွင်ႈ	k ɔ ŋ ˧˧˨
ၵွင်ႈတွပ်း	k ɔ ŋ ˧˧˨ t ɔ p̚ ˥
ၵွင်ႈပွတ်း	k ɔ ŋ ˧˧˨ p ɔ t̚ ˥
ၵွင်ႈယိုဝ်းၶိူင်ႈမိၼ်	k ɔ ŋ ˧˧˨ j ɯː ˥ kʰ ɤ ŋ ˧˧˨ m i n ˨˦
ၵွင်ႈသုပ်းႁွၵ်ႇ	k ɔ ŋ ˧˧˨ sʰ u p̚ ˥ h ɔ k̚ ˩
ၵွင်ႈၵၢင်ႇ	k ɔ ŋ ˧˧˨ k aː ŋ ˩
ၵွင်ႈၸၢၵ်ႈ	k ɔ ŋ ˧˧˨ t͡ɕ aː k̚ ˧˧˨
ၵွင်ႈၾႆး	k ɔ ŋ ˧˧˨ f a j ˥
ၵွင်ႈၾႆးမႃႉ	k ɔ ŋ ˧˧˨ f a j ˥ m aː ˦˨
ၵွင်ႈၾႆးယၢဝ်း	k ɔ ŋ ˧˧˨ f a j ˥ j aː w ˥
ၵွင်ႈၾႆးယႃႈ	k ɔ ŋ ˧˧˨ f a j ˥ j aː ˧˧˨
ၵွၵ်း	k ɔ k̚ ˥
ၵွၵ်းငိုၼ်း	k ɔ k̚ ˥ ŋ ɯ n ˥
ၵွၵ်းတွင်းလိူင်	k ɔ k̚ ˥ t ɔ ŋ ˥ l ɤ ŋ ˨˦
ၵွၵ်းတွင်းလႅင်	k ɔ k̚ ˥ t ɔ ŋ ˥ l ɛ ŋ ˨˦
ၵွၵ်းထူမ်ႇ	k ɔ k̚ ˥ tʰ o m ˩
ၵွၵ်းပိူၵ်ႇ	k ɔ k̚ ˥ p ɤ k̚ ˩
ၵွၵ်းမၢၵ်ႇပဝ်ႉ	k ɔ k̚ ˥ m aː k̚ ˩ p a w ˦˨
ၵွၵ်းမၢၵ်ႇဢုၼ်	k ɔ k̚ ˥ m aː k̚ ˩ ʔ u n ˨˦
ၵွၵ်းလိၼ်	k ɔ k̚ ˥ l i n ˨˦
ၵွၵ်းလဵၵ်း	k ɔ k̚ ˥ l e k̚ ˥
ၵွၵ်းလဵၵ်းၽိူၵ်ႇ	k ɔ k̚ ˥ l e k̚ ˥ pʰ ɤ k̚ ˩
ၵွၵ်းလွၵ်ႉ	k ɔ k̚ ˥ l ɔ k̚ ˦˨
ၵွၵ်းသုၵ်ႈမိုဝ်း	k ɔ k̚ ˥ sʰ u k̚ ˧˧˨ m ɯː ˥
ၵွၵ်းသႅင်	k ɔ k̚ ˥ sʰ ɛ ŋ ˨˦
ၵွၵ်းဢၢင်ႇ	k ɔ k̚ ˥ ʔ aː ŋ ˩
ၵွၵ်းၵိၼ်ၼမ်ႉ	k ɔ k̚ ˥ k i n ˨˦ n a m ˦˨
ၵွၵ်းၵႅဝ်ႈ	k ɔ k̚ ˥ k ɛ w ˧˧˨
ၵွၵ်းၶမ်း	k ɔ k̚ ˥ kʰ a m ˥
ၵွၵ်းၼမ်ႉ	k ɔ k̚ ˥ n a m ˦˨
ၵွၵ်းၼမ်ႉမိုၵ်ႉ	k ɔ k̚ ˥ n a m ˦˨ˀ m ɯ k̚ ˦˨
ၵွၵ်းၽၢၼ်ႇ	k ɔ k̚ ˥ pʰ aː n ˩
ၵွၵ်းၾႆး	k ɔ k̚ ˥ f a j ˥
ၵွၵ်းႁူဝ်	k ɔ k̚ ˥ h oː ˨˦
ၵွၵ်းႁၢတ်ႇ	k ɔ k̚ ˥ h aː t̚ ˩
ၵွၵ်ႇလိူတ်ႈ	k ɔ k̚ ˩ l ɤ t̚ ˧˧˨
ၵွၵ်ႇလၢင်း	k ɔ k̚ ˩ l aː ŋ ˥
ၵွၵ်ႇၵႅၵ်ႇ	k ɔ k̚ ˩ k ɛ k̚ ˩
ၵွၵ်ႇၸဵၵ်ႇ	k ɔ k̚ ˩ t͡ɕ e k̚ ˩
ၵွၵ်ႇႁွင်ႈ	k ɔ k̚ ˩ h ɔ ŋ ˧˧˨
ၵွၵ်ႈ	k ɔ k̚ ˧˧˨
ၵၢင်ပဝ်ႇ	k aː ŋ ˨˦ p a w ˩
ၵၢင်လၢႆ	k aː ŋ ˨˦ l aː j ˨˦
ၵၢင်ဝၼ်းဢွၵ်ႇ	k aː ŋ ˨˦ w a n ˥ ʔ ɔ k̚ ˩
ၵၢင်း	k aː ŋ ˥
ၵၢင်းလွတ်ႈ	k aː ŋ ˥ l ɔ t̚ ˧˧˨
ၵၢင်းသၼ်ႇ	k aː ŋ ˥ sʰ a n ˩
ၵၢင်းၵႆ	k aː ŋ ˥ k a j ˨˦
ၵၢင်ၶိုမ်း	k aː ŋ ˨˦ kʰ ɯ m ˥
ၵၢင်ႁႅဝ်ႉ	k aː ŋ ˨˦ h ɛ w ˦˨
ၵၢင်ႇ	k aː ŋ ˩
ၵၢင်ႈပႃ	k aː ŋ ˧˧˨ p aː ˨˦
ၵၢင်ႉ	k aː ŋ ˦˨
ၵၢင်ႉပပ်ႉ	k aː ŋ ˦˨ˀ p a p̚ ˦˨
ၵၢင်ႉၵွင်ႈ	k aː ŋ ˦˨ˀ k ɔ ŋ ˧˧˨
ၵၢင်ႉၽိူင်း	k aː ŋ ˦˨ˀ pʰ ɤ ŋ ˥
ၵၢတ်ႇ	k aː t̚ ˩
ၵၢပ်ႈ	k aː p̚ ˧˧˨
ၵၢမ်ႇ	k aː m ˩
ၵၢၵ်ႇငႅမ်ႈ	k aː k̚ ˩ ŋ ɛ m ˧˧˨
ၵၢၵ်ႇမွၵ်း	k aː k̚ ˩ m ɔ k̚ ˥
ၵၢၵ်ႇဝွၵ်း	k aː k̚ ˩ w ɔ k̚ ˥
ၵၢၵ်ႇသေႃး	k aː k̚ ˩ sʰ ɔː ˥
ၵၢၵ်ႇၶွၵ်းၶီႈႁူ	k aː k̚ ˩ kʰ ɔ k̚ ˥ kʰ iː ˧˧˨ h uː ˨˦
ၵၢၼ်	k aː n ˨˦
ၵၵ်း	k a k̚ ˥
ၵၵ်းမိုဝ်းႁွင်ႉ	k a k̚ ˥ m ɯː ˥ h ɔ ŋ ˦˨
ၵၼ်ႇၺႃႇ	k a n ˩ ɲ aː ˩
ၵၼၢၼ်း	k a ˨˦ n aː n ˥
ၵႂၢင်	k w aː ŋ ˨˦
ၵႂၢမ်းတႆး	k w aː m ˥ t a j ˥
ၵႂၢႆး	k w aː j ˥
ၵႃ	k aː ˨˦
ၵႃလမ်	k aː ˨˦ l a m ˨˦
ၵႃလူၼ်ႇ	k aː ˨˦ l o n ˩
ၵႃဝၢဝ်ႇ	k aː ˨˦ w aː w ˩
ၵႃသႅဝ်း	k aː ˨˦ sʰ ɛ w ˥
ၵႃဢိုဝ်ႈ	k aː ˨˦ ʔ ɯː ˧˧˨
ၵႃး	k aː ˥
ၵႃးတိုၵ်းလဵၵ်း	k aː ˥ t ɯ k̚ ˥ l e k̚ ˥
ၵႃးတူဝ်ယၢဝ်း	k aː ˥ t oː ˨˦ j aː w ˥
ၵႃးတူႈ	k aː ˥ t uː ˧˧˨
ၵႃးတၢင်ႇယုၵ်းယၵ်း	k aː ˥ t aː ŋ ˩ j u k̚ ˥ j a k̚ ˥
ၵႃးတၢင်ႇၵုၼ်ႇ	k aː ˥ t aː ŋ ˩ k u n ˩
ၵႃးတၢင်ႇၵူၼ်း	k aː ˥ t aː ŋ ˩ k o n ˥
ၵႃးတၢင်ႇၵႃး	k aː ˥ t aː ŋ ˩ k aː ˥
ၵႃးတၢင်ႇၶီႈယိူဝ်ႈ	k aː ˥ t aː ŋ ˩ kʰ iː ˧˧˨ j ɤː ˧˧˨
ၵႃးတၢင်ႇၼမ်ႉမၼ်း	k aː ˥ t aː ŋ ˩ n a m ˦˨ˀ m a n ˥
ၵႃးတႅင်ႉ	k aː ˥ t ɛ ŋ ˦˨
ၵႃးထုၺ်လိၼ်	k aː ˥ tʰ u j ˨˦ l i n ˨˦
ၵႃးထႆ	k aː ˥ tʰ a j ˨˦
ၵႃးယုၵ်ႉၶူဝ်း	k aː ˥ j u k̚ ˦˨ˀ kʰ oː ˥
ၵႃးလၢၵ်ႈ	k aː ˥ l aː k̚ ˧˧˨
ၵႃးသလုၼ်း	k aː ˥ sʰ a ˨˦ l u n ˥
ၵႃးၶေၽႆး	k aː ˥ kʰ eː ˨˦ pʰ a j ˥
ၵႃးၶႄႉၶဵင်ႇ	k aː ˥ kʰ ɛː ˦˨ˀ kʰ e ŋ ˩
ၵႃးၸိပ်ႉ	k aː ˥ t͡ɕ i p̚ ˦˨
ၵႃးၸၢင်ႈ	k aː ˥ t͡ɕ aː ŋ ˧˧˨
ၵႃးႁူင်းႁဵၼ်း	k aː ˥ h o ŋ ˥ h e n ˥
ၵႃၵႄ	k aː ˨˦ k ɛː ˨˦
ၵႃၶူဝ်ႇ	k aː ˨˦ kʰ oː ˩
ၵႃၶၢပ်ႇ	k aː ˨˦ kʰ aː p̚ ˩
ၵႃၸႆး	k aː ˨˦ t͡ɕ a j ˥
ၵႃႇထႃႇ	k aː ˩ tʰ aː ˩
ၵႃႇမ	k aː ˩ m a ˨˦
ၵႃႇမတၼ်ႇၼႃႇ	k aː ˩ m a ˨˦ t a n ˩ n aː ˩
ၵႃႇမၵုၼ်ႇ	k aː ˩ m a ˨˦ k u n ˩
ၵႃႇယ	k aː ˩ j a ˨˦
ၵႃႇယၵမ်ႇ	k aː ˩ j a ˨˦ k a m ˩
ၵႃႇရဝ	k aː ˩ r a ˨˦ w a ˨˦
ၵႃႇလ	k aː ˩ l a ˨˦
ၵႃႇလၶေႃးၵႂ်ႈ	k aː ˩ l a ˨˦ kʰ ɔː ˥ k a ɰ ˧˧˨
ၵႃႇလၼ်ႇ	k aː ˩ l a n ˩
ၵႃႇလႃႉသႃး	k aː ˩ l aː ˦˨ˀ sʰ aː ˥
ၵႃႇၽီႇ	k aː ˩ pʰ iː ˩
ၵႃႈ	k aː ˧˧˨
ၵႃႈတီႈ	k aː ˧˧˨ t iː ˧˧˨
ၵႃႈတီႈတႂ်ႈ	k aː ˧˧˨ t iː ˧˧˨ t a ɰ ˧˧˨
ၵႃႈတီႈၼၼ်ႈ	k aː ˧˧˨ t iː ˧˧˨ n a n ˧˧˨
ၵႃႈတီႈၼႆႈ	k aː ˧˧˨ t iː ˧˧˨ n a j ˧˧˨
ၵႃႈတူၵ်းၶၼ်ယွမ်း	k aː ˧˧˨ t o k̚ ˥ kʰ a n ˨˦ j ɔ m ˨˦
ၵႃႈတႂ်ႈ	k aː ˧˧˨ t a ɰ ˧˧˨
ၵႃႈတႃႈ	k aː ˧˧˨ t aː ˧˧˨
ၵႃႈထုၵ်ႇ	k aː ˧˧˨ tʰ u k̚ ˩
ၵႃႈပုၼ်ႉ	k aː ˧˧˨ p u n ˦˨
ၵႃႈပေႃး	k aː ˧˧˨ p ɔː ˥
ၵႃႈပႅင်း	k aː ˧˧˨ p ɛ ŋ ˥
ၵႃႈမၼ်း	k aː ˧˧˨ m a n ˥
ၵႃႈယွမ်း	k aː ˧˧˨ j ɔ m ˥
ၵႃႈယႂ်ႇ	k aː ˧˧˨ j a ɰ ˩
ၵႃႈလႂ်	k aː ˧˧˨ l a ɰ ˨˦
ၵႃႈဢူၼ်ႈ	k aː ˧˧˨ ʔ o n ˧˧˨
ၵႃႈဢေႇ	k aː ˧˧˨ ʔ eː ˩
ၵႃႈၵေႇ	k aː ˧˧˨ k eː ˩
ၵႃႈၵၼ်	k aː ˧˧˨ k a n ˨˦
ၵႃႈၶိုၼ်ႈၶၼ်ၶိုၼ်ႈ	k aː ˧˧˨ kʰ ɯ n ˧˧˨ kʰ a n ˨˦ kʰ ɯ n ˧˧˨
ၵႃႈၶီႇ	k aː ˧˧˨ kʰ iː ˩
ၵႃႈၶီႈငိုၼ်း	k aː ˧˧˨ kʰ iː ˧˧˨ ŋ ɯ n ˥
ၵႃႈၶၢတ်ႈ	k aː ˧˧˨ kʰ aː t̚ ˧˧˨
ၵႃႈၶၢႆ	k aː ˧˧˨ kʰ aː j ˨˦
ၵႃႈၶၼ်	k aː ˧˧˨ kʰ a n ˨˦
ၵႃႈၶၼ်မၼ်း	k aː ˧˧˨ kʰ a n ˨˦ m a n ˥
ၵႃႈၸၢင်ႈ	k aː ˧˧˨ t͡ɕ aː ŋ ˧˧˨
ၵႃႈၸၢတ်ႈ	k aː ˧˧˨ t͡ɕ aː t̚ ˧˧˨
ၵႃႈၼင်ႇဢၼ်	k aː ˧˧˨ n a ŋ ˩ ʔ a n ˨˦
ၵႃႈၼိူဝ်	k aː ˧˧˨ n ɤː ˨˦
ၵႃႈၼွၵ်ႈ	k aː ˧˧˨ n ɔ k̚ ˧˧˨
ၵႃႈၼၼ်ႈ	k aː ˧˧˨ n a n ˧˧˨
ၵႃႈၼႂ်း	k aː ˧˧˨ n a ɰ ˥
ၵႃႈၼႃႈ	k aː ˧˧˨ n aː ˧˧˨
ၵႃႈၼႆႈ	k aː ˧˧˨ n a j ˧˧˨
ၵႃႈၼႆႉ	k aː ˧˧˨ n a j ˦˨
ၵႃႈႁိုဝ်	k aː ˧˧˨ h ɯː ˨˦
ၵႃႈႁႅင်း	k aː ˧˧˨ h ɛ ŋ ˥
ၵႃႉ	k aː ˦˨
ၵႃႉယွႆႈၵႃႉယႅမ်း	k aː ˦˨ˀ j ɔ j ˧˧˨ k aː ˦˨ˀ j ɛ m ˥
ၵႃႉၶၢႆ	k aː ˦˨ˀ kʰ aː j ˨˦
ၵႄးၼမ်ႉ	k ɛː ˥ n a m ˦˨
ၵႄႇ	k ɛː ˩
ၵႄႇထွင်ႇ	k ɛː ˩ tʰ ɔ ŋ ˩
ၵႄႇယဝ်ႉ	k ɛː ˩ j a w ˦˨
ၵႄႇလူင်	k ɛː ˩ l o ŋ ˨˦
ၵႄႇဝၢၼ်ႈ	k ɛː ˩ w aː n ˧˧˨
ၵႄႇသၢင်းၽေႃး	k ɛː ˩ sʰ aː ŋ ˥ pʰ ɔː ˥
ၵႄႇသႄႇ	k ɛː ˩ sʰ ɛː ˩
ၵႄႇဢွၼ်ႇၸၢႆး	k ɛː ˩ ʔ ɔ n ˩ t͡ɕ aː j ˥
ၵႄႇၵၢင်ႉ	k ɛː ˩ k aː ŋ ˦˨
ၵႄႇၶျွတ်ႈ	k ɛː ˩ kʰ j ɔ t̚ ˧˧˨
ၵႄႇၶႅၼ်ႉ	k ɛː ˩ kʰ ɛ n ˦˨
ၵႄႇၸူၼ်	k ɛː ˩ t͡ɕ o n ˨˦
ၵႄႇႁူဝ်ႁၢၼ်	k ɛː ˩ h oː ˨˦ h aː n ˨˦
ၵႄႈ	k ɛː ˧˧˨
ၵႄႈပွႆႇထၢမ်လိၵ်ႈ	k ɛː ˧˧˨ p ɔ j ˩ tʰ aː m ˨˦ l i k̚ ˧˧˨
ၵႄႈလိတ်ႈ	k ɛː ˧˧˨ l i t̚ ˧˧˨
ၵႄႈဢူၵ်း	k ɛː ˧˧˨ ʔ o k̚ ˥
ၵႄႈၵူၼ်းတင်းၼမ်	k ɛː ˧˧˨ k o n ˥ t a ŋ ˥ n a m ˨˦
ၵႄႈၸဵင်ႇ	k ɛː ˧˧˨ t͡ɕ e ŋ ˩
ၵႄႈႁူၺ်ႈၵႄႈလွႆ	k ɛː ˧˧˨ h o j ˧˧˨ k ɛː ˧˧˨ l ɔ j ˨˦
ၵႄႉ	k ɛː ˦˨
ၵႅင်	k ɛ ŋ ˨˦
ၵႅင်းဢုပ်ႉ	k ɛ ŋ ˥ ʔ u p̚ ˦˨
ၵႅင်းႁွမ်	k ɛ ŋ ˥ h ɔ m ˨˦
ၵႅင်ႈယဝ်ႉၵႅင်ႈယွၵ်ႇ	k ɛ ŋ ˧˧˨ j a w ˦˨ˀ k ɛ ŋ ˧˧˨ j ɔ k̚ ˩
ၵႅၵ်း	k ɛ k̚ ˥
ၵႆႇ	k a j ˩
ၶမ်း	kʰ a m ˥
ၶဝ်ႈ	kʰ a w ˧˧˨
ၶဝ်ႈသဵၼ်ႈ	kʰ a w ˧˧˨ sʰ e n ˧˧˨
ၶဝ်ႈသွႆး	kʰ a w ˧˧˨ sʰ ɔ j ˥
ၶဝ်ႈၵၢပ်ႇ	kʰ a w ˧˧˨ k aː p̚ ˩
ၶဝ်ႈၼမ်ႉတၢင်းၵိၼ်	kʰ a w ˧˧˨ n a m ˦˨ˀ t aː ŋ ˥ k i n ˨˦
ၶိူင်ႈ	kʰ ɤ ŋ ˧˧˨
ၶီႈငိုၼ်း	kʰ iː ˧˧˨ ŋ ɯ n ˥
ၶုၼ်မိူၵ်ႈ	kʰ u n ˨˦ m ɤ k̚ ˧˧˨
ၶုၼ်ႁေႃၶမ်း	kʰ u n ˨˦ h ɔː ˨˦ kʰ a m ˥
ၶူဝ်လႆ	kʰ oː ˨˦ l a j ˨˦
ၶူးသွၼ်	kʰ uː ˥ sʰ ɔ n ˨˦
ၶူၼ်	kʰ o n ˨˦
ၶဵင်ႇပပ်ႉ	kʰ e ŋ ˩ p a p̚ ˦˨
ၶဵဝ်	kʰ e w ˨˦
ၶဵဝ်ႈ	kʰ e w ˧˧˨
ၶျၢင်း	kʰ j aː ŋ ˥
ၶျၢမ်းသႃႇ	kʰ j aː m ˥ sʰ aː ˩
ၶွၼ်ႉတဝ်ႉ	kʰ ɔ n ˦˨ˀ t a w ˦˨
ၶၢင်	kʰ aː ŋ ˨˦
ၶၢဝ်	kʰ aː w ˨˦
ၶၢဝ်းတၢင်း	kʰ aː w ˥ t aː ŋ ˥
ၶႃ	kʰ aː ˨˦
ၶႄႇ	kʰ ɛː ˩
ၸပြိင်ႇ	t͡ɕ a ˨˦ p r i ŋ ˩
ၸဝ်ႈမုၼ်	t͡ɕ a w ˧˧˨ m u n ˨˦
ၸဝ်ႈမုၼ်ပူပ်ႉ	t͡ɕ a w ˧˧˨ m u n ˨˦ p o p̚ ˦˨
ၸဝ်ႈႁဝ်း	t͡ɕ a w ˧˧˨ h a w ˥
ၸိမ်း	t͡ɕ i m ˥
ၸိုင်ႈၶမ်းသၢမ်ၸဵင်ႇ	t͡ɕ ɯ ŋ ˧˧˨ kʰ a m ˥ sʰ aː m ˨˦ t͡ɕ e ŋ ˩
ၸီးၼႃႉ	t͡ɕ iː ˥ n aː ˦˨
ၸီႉၼႃႉ	t͡ɕ iː ˦˨ˀ n aː ˦˨
ၸုမ်းၵူၼ်း	t͡ɕ u m ˥ k o n ˥
ၸေႃႉငႅမ်ႈ	t͡ɕ ɔː ˦˨ˀ ŋ ɛ m ˧˧˨
ၸေႇတီႇ	t͡ɕ eː ˩ t iː ˩
ၸဵင်ႇလႅမ်	t͡ɕ e ŋ ˩ l ɛ m ˨˦
ၸဵင်ႇဝၢတ်ႈ	t͡ɕ e ŋ ˩ w aː t̚ ˧˧˨
ၸဵင်ႇၶိုင်ႈ	t͡ɕ e ŋ ˩ kʰ ɯ ŋ ˧˧˨
ၸဵတ်း	t͡ɕ e t̚ ˥
ၸွမ်ၸိုင်ႈ	t͡ɕ ɔ m ˨˦ t͡ɕ ɯ ŋ ˧˧˨
ၸွႆႈထႅမ်	t͡ɕ ɔ j ˧˧˨ tʰ ɛ m ˨˦
ၸၢင်	t͡ɕ aː ŋ ˨˦
ၸၢင်ႉ	t͡ɕ aː ŋ ˦˨
ၸၢဝ်းၶိူဝ်း	t͡ɕ aː w ˥ kʰ ɤː ˥
ၸၢၵ်ႈ	t͡ɕ aː k̚ ˧˧˨
ၸၢႆး	t͡ɕ aː j ˥
ၸၼေႇ	t͡ɕ a ˨˦ n eː ˩
ၸၼ်ႁၢင်ႈ	t͡ɕ a n ˨˦ h aː ŋ ˧˧˨
ၸၼ်ႇဝႃႇရီႇ	t͡ɕ a n ˩ w aː ˩ r iː ˩
ၸႂ်	t͡ɕ a ɰ ˨˦
ၺူဝ်ႇ	ɲ oː ˩
ၺွင်ႇ	ɲ ɔ ŋ ˩
ၺွင်ႇပေႃးထီႉ	ɲ ɔ ŋ ˩ p ɔː ˥ tʰ iː ˦˨
ၼင်	n a ŋ ˨˦
ၼင်ႈ	n a ŋ ˧˧˨
ၼမ်ႉ	n a m ˦˨
ၼမ်ႉမၼ်း	n a m ˦˨ˀ m a n ˥
ၼိုင်ႈ	n ɯ ŋ ˧˧˨
ၼူဝ်ႇဝႅမ်ႇပႃႇ	n oː ˩ w ɛ m ˩ p aː ˩
ၼူၵ်ႉ	n o k̚ ˦˨
ၼၢင်း	n aː ŋ ˥
ၼၢင်းတႃႉ	n aː ŋ ˥ t aː ˦˨
ၼၢင်းယိင်း	n aː ŋ ˥ j i ŋ ˥
ၼၢမ်ႇသႃႇ	n aː m ˩ sʰ aː ˩
ၼၢႆး	n aː j ˥
ၼၼ်ႉ	n a n ˦˨
ၼႂ်း	n a ɰ ˥
ၼႃး	n aː ˥
ၼႄၼမ်ႉၼႄတူဝ်	n ɛː ˨˦ n a m ˦˨ˀ n ɛː ˨˦ t oː ˨˦
ၼႆ	n a j ˨˦
ၼႆယဝ်ႉ	n a j ˨˦ j a w ˦˨
ၼႆႉ	n a j ˦˨
ၽင်း	pʰ a ŋ ˥
ၽိဝ်ၼင်	pʰ i w ˨˦ n a ŋ ˨˦
ၽိုင်ႈ	pʰ ɯ ŋ ˧˧˨
ၽိူဝ်ႉ	pʰ ɤː ˦˨
ၽိၵ်ႈၶူႇ	pʰ i k̚ ˧˧˨ kʰ uː ˩
ၽိၼ်ႇ	pʰ i n ˩
ၽီလူး	pʰ iː ˨˦ l uː ˥
ၽုၵ်ႇ	pʰ u k̚ ˩
ၽုၺ်ႇ	pʰ u j ˩
ၽူၼ်	pʰ o n ˨˦
ၽျၢၼ်း	pʰ j aː n ˥
ၽြႃး	pʰ r aː ˥
ၽြႃးဢလွင်း	pʰ r aː ˥ ʔ a ˨˦ l ɔ ŋ ˥
ၽၢၼ်ႇသၢင်း	pʰ aː n ˩ sʰ aː ŋ ˥
ၽၵ်းတူ	pʰ a k̚ ˥ t uː ˨˦
ၽၵ်းၵၢတ်ႇမွၵ်ႇ	pʰ a k̚ ˥ k aː t̚ ˩ m ɔ k̚ ˩
ၽႃႇသႃႇမၢၼ်ႈ	pʰ aː ˩ sʰ aː ˩ m aː n ˧˧˨
ၽႃႉ	pʰ aː ˦˨
ၽႆး	pʰ a j ˥
ၽႆးၽႃႉ	pʰ a j ˥ pʰ aː ˦˨
ၾိၼ်ႇ	f i n ˩
ၾူၼ်	f o n ˨˦
ၾႅပ်ႇဝႃႇရီႇ	f ɛ p̚ ˩ w aː ˩ r iː ˩
ၾႆး	f a j ˥
ၾႆးၾႃႉ	f a j ˥ f aː ˦˨
ႀမတႃႉ	θ a ˨˦ m a ˨˦ t aː ˦˨
ႀရၽူႇ	θ a ˨˦ r a ˨˦ pʰ uː ˩
ႀီႇႁူဝ်ႇ	θ iː ˩ h oː ˩
ႀူဝ်း	θ oː ˥
ႀၼၢပ်ႈၶႃး	θ a ˨˦ n aː p̚ ˧˧˨ kʰ aː ˥
ႁင်းသႃႇ	h a ŋ ˥ sʰ aː ˩
ႁတရႃႉ	h a ˨˦ t a ˨˦ r aː ˦˨
ႁဝ်းၶႃႈ	h a w ˥ kʰ aː ˧˧˨
ႁိင်ႇႁွႆႈ	h i ŋ ˩ h ɔ j ˧˧˨
ႁိူဝ်း	h ɤː ˥
ႁိူဝ်းမိၼ်	h ɤː ˥ m i n ˨˦
ႁိၼ်	h i n ˨˦
ႁုၼ်ႇ	h u n ˩
ႁူင်	h o ŋ ˨˦
ႁူင်းယႃ	h o ŋ ˥ j aː ˨˦
ႁူင်းၼႄ	h o ŋ ˥ n ɛː ˨˦
ႁူင်းႁဵၼ်း	h o ŋ ˥ h e n ˥
ႁူပ်ႉထူပ်း	h o p̚ ˦˨ˀ tʰ o p̚ ˥
ႁူမ်ႇလူမ်ႈ	h o m ˩ l o m ˧˧˨
ႁူဝ်ပဝ်ႈ	h oː ˨˦ p a w ˧˧˨
ႁူဝ်ၽၵ်းပိုၵ်ႉ	h oː ˨˦ pʰ a k̚ ˥ p ɯ k̚ ˦˨
ႁူၵ်း	h o k̚ ˥
ႁူၵ်ႈ	h o k̚ ˧˧˨
ႁူႉ	h uː ˦˨
ႁေႃး	h ɔː ˥
ႁဵင်း	h e ŋ ˥
ႁွၵ်ႇ	h ɔ k̚ ˩
ႁၢင်	h aː ŋ ˨˦
ႁၢင်ႈလီ	h aː ŋ ˧˧˨ l iː ˨˦
ႁၢင်ႈႁႅၼ်း	h aː ŋ ˧˧˨ h ɛ n ˥
ႁၢၼ်ႇ	h aː n ˩
ႁၵ်ႉ	h a k̚ ˦˨
ႁၼ်	h a n ˨˦
ႁႃႈ	h aː ˧˧˨
ႁႅမ်	h ɛ m ˨˦
