aba	a b a
abaka	a b a k a
abakus	a b a k u s
abatiša	a b a t i ʃ a
abažúr	a b a ʒ uː r
abbé	a b eː
abcházsko	a b x aː z s k o
abdikácia	a b d i k aː t͡s i̯ a
abdómen	a b d oː m e n
ableizmus	a b l e i z m u s
ablácia	a b l aː t͡s i̯ a
abolicionizmus	a b o l i t͡s i o n i z m u s
abolícia	a b o l iː t͡s i̯ a
abreviácia	a b r e v i aː t͡s i̯ a
absolutizmus	a b s o l u t i z m u s
absorbovať	a b s o r b o v a c
absorpcia	a b s o r p t͡s i̯ a
abstinentský	a b s t i n e n t s k iː
abstrakcionizmus	a b s t r a k t͡s i o n i z m u s
abuja	a b u j a
abája	a b aː j a
acetylácia	a t͡s e t i l aː t͡s i̯ a
acetát	a t͡s e t aː t
adam	a d a m
adaptovať	a d a p t o v a c
adaptácia	a d a p t aː t͡s i̯ a
adekvátny	a d e k v aː t n i
adela	a d e l a
aden	a d e n
adhézia	a d ɦ eː z i̯ a
administratíva	a d m i n i s t r a t iː v a
administrovať	a d m i n i s t r o v a c
administrácia	a d m i n i s t r aː t͡s i̯ a
adolescencia	a d o l e s t͡s e n t͡s i̯ a
adoptovať	a d o p t o v a c
adorácia	a d o r aː t͡s i̯ a
adresa	a d r e s a
adresovať	a d r e s o v a c
adrián	a d r i aː n
adriána	a d r i aː n a
adventizmus	a d v e n t i z m u s
adygejsko	a d i ɡ e j s k o
aerodynamický	a e r o d i n a m i t͡s k iː
aerolínia	a e r o l iː n i̯ a
aeronautický	a e r o n a u t i t͡s k iː
afatický	a f a t i t͡s k iː
afganistan	a f ɡ a n i s t a n
aforizmus	a f o r i z m u s
africký	a f r i t͡s k iː
aglomerácia	a ɡ l o m e r aː t͡s i̯ a
agnosticizmus	a ɡ n o s t i t͡s i z m u s
agnostický	a ɡ n o s t i t͡s k iː
agorafóbia	a ɡ o r a f oː b i̯ a
agravácia	a ɡ r a v aː t͡s i̯ a
agregácia	a ɡ r e ɡ aː t͡s i̯ a
agregát	a ɡ r e ɡ aː t
agresívnosť	a ɡ r e s iː v n o s c
agresívny	a ɡ r e s iː v n i
agrobiológia	a ɡ r o b i o l oː ɡ i̯ a
agronómia	a ɡ r o n oː m i̯ a
agroturizmus	a ɡ r o t u r i z m u s
agónia	a ɡ oː n i̯ a
aj	a j
akademický	a k a d e m i t͡s k iː
akcelerácia	a k t͡s e l e r aː t͡s i̯ a
akceptovať	a k t͡s e p t o v a c
akcidentálny	a k t͡s i d e n t aː l n i
akkra	a k r a
aklimatizovať	a k l i m a t i z o v a c
aklimatizácia	a k l i m a t i z aː t͡s i̯ a
akomodácia	a k o m o d aː t͡s i̯ a
akordeón	a k o r d e oː n
akreditácia	a k r e d i t aː t͡s i̯ a
akrobatický	a k r o b a t i t͡s k iː
aktivácia	a k t i v aː t͡s i̯ a
aktualizmus	a k t u a l i z m u s
akumulovať	a k u m u l o v a c
akumulácia	a k u m u l aː t͡s i̯ a
akupunktúra	a k u p u n k t uː r a
akustickosť	a k u s t i t͡s k o s c
akustický	a k u s t i t͡s k iː
akvárium	a k v aː r i̯ u m
aká	a k aː
alabama	a l a b a m a
albert	a l b e r t
albinizmus	a l b i n i z m u s
albánsko	a l b aː n s k o
alchymický	a l x i m i t͡s k iː
alchýmia	a l x iː m i̯ a
alegorický	a l e ɡ o r i t͡s k iː
alegória	a l e ɡ oː r i̯ a
alergén	a l e r ɡ eː n
alexandra	a l e k s a n d r a
alfabetizácia	a l f a b e t i z aː t͡s i̯ a
algebrický	a l ɡ e b r i t͡s k iː
algoritmický	a l ɡ o r i t m i t͡s k iː
algoritmizovať	a l ɡ o r i t m i z o v a c
algoritmizácia	a l ɡ o r i t m i z aː t͡s i̯ a
algoritmus	a l ɡ o r i t m u s
alienácia	a l i̯ e n aː t͡s i̯ a
aliterácia	a l i t e r aː t͡s i̯ a
alkalizovať	a l k a l i z o v a c
alkalizácia	a l k a l i z aː t͡s i̯ a
alkoholizmus	a l k o ɦ o l i z m u s
alkoholizovať	a l k o ɦ o l i z o v a c
alkoholizácia	a l k o ɦ o l i z aː t͡s i̯ a
alokovať	a l o k o v a c
alokácia	a l o k aː t͡s i̯ a
alpinizmus	a l p i n i z m u s
alternátor	a l t e r n aː t o r
altruistický	a l t r u i s t i t͡s k iː
alžbeta	a l ʒ b e t a
alžír	a l ʒ iː r
alžírsko	a l ʒ iː r s k o
amalgamácia	a m a l ɡ a m aː t͡s i̯ a
ambivalencia	a m b i v a l e n t͡s i̯ a
ambivalentný	a m b i v a l e n t n iː
amerikanizmus	a m e r i k a n i z m u s
amerikanizovať	a m e r i k a n i z o v a c
amerikanizácia	a m e r i k a n i z aː t͡s i̯ a
ametyst	a m e t i s t
amfora	a m f o r a
ammán	a m aː n
amnestia	a m n e s t i̯ a
amortizovať	a m o r t i z o v a c
amortizácia	a m o r t i z aː t͡s i̯ a
amplitúda	a m p l i t uː d a
amputovať	a m p u t o v a c
amputácia	a m p u t aː t͡s i̯ a
anabaptizmus	a n a b a p t i z m u s
anachronický	a n a x r o n i t͡s k iː
anachronizmus	a n a x r o n i z m u s
analfabetismus	a n a l f a b e t i s m u s
analfabetka	a n a l f a b e t k a
analytický	a n a l i t i t͡s k iː
analyzovať	a n a l i z o v a c
analógia	a n a l oː ɡ i̯ a
anarchistický	a n a r x i s t i t͡s k iː
anarchizmus	a n a r x i z m u s
anarchopacifizmus	a n a r x o p a t͡s i f i z m u s
anarchosyndikalizmus	a n a r x o s i n d i k a l i z m u s
anatomický	a n a t o m i t͡s k iː
androcentrizmus	a n d r o t͡s e n t r i z m u s
andy	a n d i
anekdota	a n e k d o t a
anemický	a n e m i t͡s k iː
anestézia	a n ɛ s t ɛː z ɪ j a
anestéziológia	a n e s t eː z i o l oː ɡ i̯ a
anežka	a ɲ e ʃ k a
angela	a n ɡ e l a
angelika	a n ɡ e l i k a
anglicizmus	a n ɡ l i t͡s i z m u s
anglikanizmus	a n ɡ l i k a n i z m u s
angola	a n ɡ o l a
angström	a n k s t r e m
angström	a n k s t r ø m
ankara	a n k a r a
anketovať	a n k e t o v a c
anna	a n a
anonymný	a n o n i m n iː
anormálny	a n o r m aː l n i
antagonistický	a n t a ɡ o n i s t i t͡s k iː
antagonizmus	a n t a ɡ o n i z m u s
antananarivo	a n t a n a n a r i v o
antiamerikanizmus	a n t i̯ a m e r i k a n i z m u s
antiboľševizmus	a n t i b o ʎ ʃ e v i z m u s
anticipovať	a n t i t͡s i p o v a c
anticipácia	a n t i t͡s i p aː t͡s i̯ a
anticyklóna	a n t i t͡s i k l oː n a
antifašizmus	a n t i f a ʃ i z m u s
antifeminizmus	a n t i f e m i n i z m u s
antiglobalizmus	a n t i ɡ l o b a l i z m u s
antiglobalizácia	a n t i ɡ l o b a l i z aː t͡s i̯ a
antikapitalizmus	a n t i k a p i t a l i z m u s
antikolonializmus	a n t i k o l o n i̯ a l i z m u s
antikomunizmus	a n t i k o m u n i z m u s
antimilitarizmus	a n t i m i l i t a r i z m u s
antirasistický	a n t i r a s i s t i t͡s k iː
antirasizmus	a n t i r a s i z m u s
antisemitizmus	a n t i s e m i t i z m u s
antisemitský	a n t i s e m i t s k iː
antisionizmus	a n t i s i o n i z m u s
antológia	a n t o l oː ɡ i̯ a
antonymum	a n t o n i m u m
antropocentrizmus	a n t r o p o t͡s e n t r i z m u s
antropológia	a n t r o p o l oː ɡ i̯ a
antropomorfický	a n t r o p o m o r f i t͡s k iː
antropomorfizmus	a n t r o p o m o r f i z m u s
antropomorfizácia	a n t r o p o m o r f i z aː t͡s i̯ a
anténa	a n t eː n a
anémia	a n eː m i̯ a
apartheid	a p a r t ɦ e i t
apetít	a p e t iː t
aplaudovať	a p l a u d o v a c
aplikácia	a p l i k aː t͡s i̯ a
apokalypsa	a p o k a l i p s a
apolitický	a p o l i t i t͡s k iː
apologetický	a p o l o ɡ e t i t͡s k iː
arabizmus	a r a b i z m u s
arabizovať	a r a b i z o v a c
arabizácia	a r a b i z aː t͡s i̯ a
arborétum	a r b o r eː t u m
archaický	a r x a i t͡s k iː
archanjel	a r x a n j e l
archivovať	a r x i v o v a c
arcidiecéza	a r t͡s i d i̯ e t͡s eː z a
argentína	a r ɡ e n t iː n a
argentínčan	a r ɡ e n t iː n t͡ʃ a n
argentínčanka	a r ɡ e n t iː n t͡ʃ a n k a
argumentácia	a r ɡ u m e n t aː t͡s i̯ a
aristokracia	a r i s t o k r a t͡s i̯ a
aristokrat	a r i s t o k r a t
aristokratický	a r i s t o k r a t i t͡s k iː
arizona	a r i z o n a
arkansas	a r k a n s a s
arno	a r n o
arogancia	a r o ɡ a n t͡s i̯ a
arogantný	a r o ɡ a n t n iː
artikulovať	a r t i k u l o v a c
artikulácia	a r t i k u l aː t͡s i̯ a
asertívnosť	a s e r t iː v n o s c
asertívny	a s e r t iː v n i
asimilovať	a s i m i l o v a c
asimilácia	a s i m i l aː t͡s i̯ a
asmara	a s m a r a
asociácia	a s o t͡s i aː t͡s i̯ a
astigmatizmus	a s t i ɡ m a t i z m u s
astma	a s t m a
astrachán	a s t r a x aː n
astrofyzika	a s t r o f i z i k a
astrológia	a s t r o l oː ɡ i̯ a
asunción	a s u n s i oː n
asymetria	a s i m e t r i̯ a
asymetrický	a s i m e t r i t͡s k iː
atakovať	a t a k o v a c
atavizmus	a t a v i z m u s
atletický	a t l e t i t͡s k iː
atmosféra	a t m o s f eː r a
atomizovať	a t o m i z o v a c
atomizácia	a t o m i z aː t͡s i̯ a
atrakcia	a t r a k t͡s i̯ a
atraktívnosť	a t r a k t iː v n o s c
atény	a t eː n i
audiencia	a u d i̯ e n t͡s i̯ a
august	a u ɡ u s t
aurélia	a u r eː l i̯ a
autistický	a u t i s t i t͡s k iː
autizmus	a u t i z m u s
autoerotizmus	a u t o e r o t i z m u s
autokracia	a u t o k r a t͡s i̯ a
automatizovať	a u t o m a t i z o v a c
automatizácia	a u t o m a t i z aː t͡s i̯ a
autonómia	a u t o n oː m i̯ a
autonómny	a u t o n oː m n i
autorizovať	a u t o r i z o v a c
autorizácia	a u t o r i z aː t͡s i̯ a
avokádo	a v o k aː d o
azbest	a z b e s t
azimut	a z i m u t
azimutálny	a z i m u t aː l n i
azyl	a z i l
ašchabad	a ʃ x a b a t
babami	b a b a m i
babe	b a b e
babou	b a b o u
babu	b a b u
baby	b a b i
babách	b a b aː x
babám	b a b aː m
bagatelizovať	b a ɡ a t e l i z o v a c
bagdad	b a ɡ t a t
bagáž	b a ɡ aː ʃ
bahaizmus	b a ɦ a i z m u s
bahrajn	b a ɦ r a j n
bahrajňan	b a ɦ r a j ɲ a n
bahrajňanka	b a ɦ r a j ɲ a n k a
bajonet	b a j o n e t
bakteriológia	b a k t e r i o l oː ɡ i̯ a
baku	b a k u
bakuľa	b a k u ʎ a
baldrián	b a l d r i aː n
bali	b a l i
balistický	b a l i s t i t͡s k iː
balkanizácia	b a l k a n i z aː t͡s i̯ a
balkón	b a l k oː n
balneológia	b a l n e o l oː ɡ i̯ a
balzamovať	b a l z a m o v a c
balón	b a l oː n
bamako	b a m a k o
bangkok	b a n k o k
bangladéš	b a n ɡ l a d eː ʃ
bangladéšan	b a n ɡ l a d eː ʃ a n
bangladéšanka	b a n ɡ l a d eː ʃ a n k a
bangui	b a n ɡ i
banjul	b a n d͡ʒ u l
bankomat	b a n k o m a t
bankrotovať	b a n k r o t o v a c
baptista	b a p t i s t a
baran	b a r a n
barbados	b a r b a d o s
barbarizmus	b a r b a r i z m u s
barbarizovať	b a r b a r i z o v a c
barbarizácia	b a r b a r i z aː t͡s i̯ a
barbarský	b a r b a r s k iː
barikáda	b a r i k aː d a
barikádovať	b a r i k aː d o v a c
barok	b a r o k
barometer	b a r o m e t e r
barytón	b a r i t oː n
basista	b a s i s t a
basistka	b a s i s t k a
basketbal	b a s k e t b a l
basseterre	b a s t eː r
batalión	b a t a l i oː n
baterka	b a t e r k a
batéria	b a t eː r i̯ a
bazilej	b a z i l e j
beatifikovať	b e a t i f i k o v a c
beatifikácia	b e a t i f i k aː t͡s i̯ a
bedľa	b e d ʎ a
bedňa	b e d ɲ a
behaviorizmus	b e ɦ a v i o r i z m u s
bejrút	b e j r uː t
belavý	b e l a v iː
belehrad	b e l e ɦ r a t
belfast	b e l f a s t
belgičan	b e l ɡ i t͡ʃ a n
belgičanka	b e l ɡ i t͡ʃ a n k a
belmopan	b e l m o p a n
benin	b e n i n
benátky	b e n aː t k i
berlínčan	b e r l iː n t͡ʃ a n
berlínčanka	b e r l iː n t͡ʃ a n k a
bern	b e r n
besnota	b e s n o t a
bestseller	b e s t s e l e r
beta	b e t a
betlehem	b e t l e ɦ e m
betónovať	b e t oː n o v a c
bezbranný	b e z b r a n iː
bezcennosť	b e z t͡s e n o s c
bezcenný	b e z t͡s e n iː
bezcestný	b e z t͡s e s t n iː
bezchybne	b e z x i b n e
bezchybnosť	b e z x i b n o s c
bezchybný	b e z x i b n iː
bezcolný	b e z t͡s o l n iː
bezdetnosť	b e z d e t n o s c
bezdetný	b e z d e t n iː
bezfarebnosť	b e z f a r e b n o s c
bezfarebný	b e z f a r e b n iː
bezhriešnosť	b e z ɦ r i̯ e ʃ n o s c
bezhriešny	b e z ɦ r i̯ e ʃ n i
bezideový	b e z i d e o v iː
bezkrvne	b e z k r̩ v n e
bezkrvnosť	b e z k r̩ v n o s c
bezkrvný	b e z k r̩ v n iː
bezmenný	b e z m e n iː
bezmocný	b e z m o t͡s n iː
beznohý	b e z n o ɦ iː
bezrohý	b e z r o ɦ iː
bezzubosť	b e z u b o s c
bezzubý	b e z u b iː
bezženstvo	b e z ʒ e n s t v o
beáta	b e aː t a
beštiálny	b e ʃ t i aː l n i
bežec	b e ʒ e t͡s
bežkyňa	b e ʒ k i ɲ a
bhután	b ɦ u t aː n
biatlon	b i̯ a t l o n
bibliofília	b i b l i o f iː l i̯ a
bibliografia	b i b l i o ɡ r a f i̯ a
bicyklovať	b i t͡s i k l o v a c
bidet	b i d e t
bielokrvnosť	b i̯ e l o k r̩ v n o s c
bieloruský	b i̯ e l o r u s k iː
bifurkácia	b i f u r k aː t͡s i̯ a
bihár	b i ɦ aː r
bilbord	b i l b o r t
bilingválny	b i l i n ɡ v aː l n i
biofyzika	b i o f i z i k a
bioklimatológia	b i o k l i m a t o l oː ɡ i̯ a
biologička	b i o l o ɡ i t͡ʃ k a
bioluminiscencia	b i o l u m i n i s t͡s e n t͡s i̯ a
biológ	b i o l oː k
biometeorológia	b i o m e t e o r o l oː ɡ i̯ a
biotechnológia	b i o t e x n o l oː ɡ i̯ a
bipolárny	b i p o l aː r n i
bissau	b i s a u
biznismen	b i z n i s m e n
bič	b i t͡ʃ
bičík	b i t͡ʃ iː k
biškek	b i ʃ k e k
blbaňa	b l̩ b a ɲ a
bledokrvnosť	b l e d o k r̩ v n o s c
bledý	b l e d iː
blen	b l e n
blog	b l o k
blokovať	b l o k o v a c
blokáda	b l o k aː d a
bludisko	b l u d i s k o
blúdiť	b l uː d i c
bobor	b o b o r
bogomil	b o ɡ o m i l
bogota	b o ɡ o t a
boha	b o ɦ a
bohmi	b o ɦ m i
bohoch	b o ɦ o x
bohom	b o ɦ o m
bohov	b o ɦ o f
bohovi	b o ɦ o v i
bohovia	b o ɦ o v i̯ a
bohu	b o ɦ u
bojazlivosť	b o j a z l i v o s c
bojazlivý	b o j a z l i v iː
bojkotovať	b o j k o t o v a c
bol	b o l
bola	b o l a
boli	b o l i
bolo	b o l o
bolívia	b o l iː v i̯ a
bombasticky	b o m b a s t i t͡s k i
bombastický	b o m b a s t i t͡s k iː
bonifác	b o n i f aː t͡s
bordel	b o r d e l
boreálny	b o r e aː l n i
borneo	b o r n e o
borovička	b o r o v i t͡ʃ k a
borovčiak	b o r o v t͡ʃ i̯ a k
boršč	b o r ʃ t͡ʃ
bosniacky	b o s n i̯ a t͡s k i
bosniansky	b o s n i̯ a n s k i
boston	b o s t o n
botanicky	b o t a n i t͡s k i
botanický	b o t a n i t͡s k iː
boľševický	b o ʎ ʃ e v i t͡s k iː
boľševik	b o ʎ ʃ e v i k
boľševizmus	b o ʎ ʃ e v i z m u s
boľševizovať	b o ʎ ʃ e v i z o v a c
boľševička	b o ʎ ʃ e v i t͡ʃ k a
božena	b o ʒ e n a
božstvo	b o ʒ s t v o
bradavica	b r a d a v i t͡s a
bradavka	b r a d a v k a
brankár	b r a n k aː r
brankárka	b r a n k aː r k a
bratislava	b r a c i s l a v a
bratislavčanka	b r a t i s l a v t͡ʃ a n k a
bratský	b r a t s k iː
brazzaville	b r a z a v i l
brazília	b r a z iː l i̯ a
brezina	b r e z i n a
bridlica	b r i d l i t͡s a
bridž	b r i t͡ʃ
brigantína	b r i ɡ a n t iː n a
brigáda	b r i ɡ aː d a
briketa	b r i k e t a
britský	b r i t s k iː
britva	b r i t v a
brne	b r n e
brokát	b r o k aː t
bronchiálny	b r o n x i aː l n i
bronz	b r o n s
broskýň	b r o s k iː ɲ
brošňa	b r o ʃ ɲ a
brožúra	b r o ʒ uː r a
brunet	b r u n e t
bruneta	b r u n e t a
brunetka	b r u n e t k a
bruno	b r u n o
brutalita	b r u t a l i t a
brutálne	b r u t aː l n e
brutálnosť	b r u t aː l n o s c
brutálny	b r u t aː l n i
brzda	b r̩ z d a
brán	b r aː n
bránica	b r aː n i t͡s a
bršlen	b r̩ ʃ l e n
bubon	b u b o n
buchol	b u x o l
budapešť	b u d a p e ʃ c
buddhizmus	b u d ɦ i z m u s
budhizmus	b u d ɦ i z m u s
budiť	b u d i c
budovať	b u d o v a c
bujón	b u j oː n
buka	b u k a
bukoch	b u k o x
bukov	b u k o f
bukový	b u k o v iː
buku	b u k u
buldozér	b u l d o z eː r
bulharský	b u l ɦ a r s k iː
bulvárny	b u l v aː r n i
bulímia	b u l iː m i̯ a
bumerang	b u m e r a n k
buniek	b u n i̯ e k
bunka	b u n k a
bunkami	b u n k a m i
bunke	b u n k e
bunkou	b u n k o u
bunku	b u n k u
bunky	b u n k i
burina	b u r i n a
bydgoszcz	b i d ɡ o ʃ t͡ʃ
bylina	b i l i n a
bylinožravec	b i l i n o ʒ r a v e t͡s
bylinožravý	b i l i n o ʒ r a v iː
byrokracia	b i r o k r a t͡s i̯ a
byrokraticky	b i r o k r a t i t͡s k i
byrokratický	b i r o k r a t i t͡s k iː
byrokratizovať	b i r o k r a t i z o v a c
byrokratizácia	b i r o k r a t i z aː t͡s i̯ a
bystrom	b i s t r o m
bytový	b i t o v iː
byvol	b i v o l
bábizmus	b aː b i z m u s
bábok	b aː b o k
bájka	b aː j k a
bázeň	b aː z e ɲ
bĺch	b l̩ː x
bŕd	b r̩ː t
bŕzd	b r̩ː s t
campanológia	t͡s a m p a n o l oː ɡ i̯ a
canberra	k e n b e r a
caracas	k a r a k a s
cecília	t͡s e t͡s iː l i̯ a
cefalalgia	t͡s e f a l a l ɡ i̯ a
cefalea	t͡s e f a l e a
celej	t͡s e l e j
celibátny	t͡s e l i b aː t n i
celofán	t͡s e l o f aː n
celom	t͡s e l o m
celosť	t͡s e l o s c
celou	t͡s e l o u
celá	t͡s e l aː
celé	t͡s e l eː
celého	t͡s e l eː ɦ o
celému	t͡s e l eː m u
celí	t͡s e l iː
celú	t͡s e l uː
celých	t͡s e l iː x
celým	t͡s e l iː m
celými	t͡s e l iː m i
cena	t͡s e n a
centaurus	t͡s e n t a u r u s
centralizmus	t͡s e n t r a l i z m u s
centralizácia	t͡s e n t r a l i z aː t͡s i̯ a
centrifúga	t͡s e n t r i f uː ɡ a
centripetálny	t͡s e n t r i p e t aː l n i
centrálne	t͡s e n t r aː l n e
centrálny	t͡s e n t r aː l n i
cenzurovať	t͡s e n z u r o v a c
cenzúra	t͡s e n z uː r a
cepín	t͡s e p iː n
ceremoniálne	t͡s e r e m o n i aː l n e
ceremoniálny	t͡s e r e m o n i aː l n i
cesnakový	t͡s e s n a k o v iː
cestovať	t͡s e s t o v a c
chakasko	x a k a s k o
chaos	x a o s
chaotickosť	x a o t i t͡s k o s c
chaoticky	x a o t i t͡s k i
chaotický	x a o t i t͡s k iː
charakteristický	x a r a k t e r i s t i t͡s k iː
charakteristika	x a r a k t e r i s t i k a
charakterizovať	x a r a k t e r i z o v a c
charakterizácia	x a r a k t e r i z aː t͡s i̯ a
charita	x a r i t a
charizma	x a r i z m a
charizmaticky	x a r i z m a t i t͡s k i
charizmatický	x a r i z m a t i t͡s k iː
chartúm	x a r t uː m
chasidizmus	x a s i d i z m u s
chcieť	x t͡s i̯ e c
chemička	x e m i t͡ʃ k a
chemoterapia	x e m o t e r a p i̯ a
chicago	ʃ i k aː ɡ o
chiméra	x i m eː r a
chimérizmus	x i m eː r i z m u s
chiralita	x i r a l i t a
chirálny	x i r aː l n i
chlieb	x l i̯ e p
chloroform	x l o r o f o r m
chlorofyl	x l o r o f i l
chlp	x l̩ p
chobot	x o b o t
choreografia	x o r e o ɡ r a f i̯ a
chorobe	x o r o b e
choroboplodnosť	x o r o b o p l o d n o s c
chorom	x o r o m
chorvát	x o r v aː t
chorvátka	x o r v aː t k a
chovan	x o v a n
chovanec	x o v a n e t͡s
christianizácia	x r i s t i̯ a n i z aː t͡s i̯ a
chromatografia	x r o m a t o ɡ r a f i̯ a
chronicky	x r o n i t͡s k i
chronický	x r o n i t͡s k iː
chronologicky	x r o n o l o ɡ i t͡s k i
chronologický	x r o n o l o ɡ i t͡s k iː
chronológia	x r o n o l oː ɡ i̯ a
chronometria	x r o n o m e t r i̯ a
chrt	x r̩ t
chrupka	x r u p k a
chrápať	x r aː p a c
chrómovať	x r oː m o v a c
chudol	x u d o l
chudák	x u d aː k
chudý	x u d iː
chvat	x v a t
chvála	x v aː l a
chápadlo	x aː p a d l o
cievka	t͡s i̯ e v k a
cigória	t͡s i ɡ oː r i̯ a
cikáda	t͡s i k aː d a
cirok	t͡s i r o k
citrón	t͡s i t r oː n
colorado	k o l o r aː d o
connecticut	k o n e k t i k a t
cop	t͡s o p
cti	t͡s c i
cuciak	t͡s u t͡s i̯ a k
cudzoložstvo	t͡s u d͡z o l o ʒ s t v o
cukrový	t͡s u k r o v iː
cvíčala	t͡s v iː t͡ʃ a l a
cyklickosť	t͡s i k l i t͡s k o s c
cyklický	t͡s i k l i t͡s k iː
cyklón	t͡s i k l oː n
cynickosť	t͡s i n i t͡s k o s c
cynicky	t͡s i n i t͡s k i
cynický	t͡s i n i t͡s k iː
cynizmus	t͡s i n i z m u s
cypriš	t͡s i p r i ʃ
cyril	t͡s i r i l
cytologický	t͡s i t o l o ɡ i t͡s k iː
cytológia	t͡s i t o l oː ɡ i̯ a
cytoplazma	t͡s i t o p l a z m a
cárizmus	t͡s aː r i z m u s
cárovná	t͡s aː r o v n aː
cínovať	t͡s iː n o v a c
dabovať	d a b o v a c
dadaizmus	d a d a i z m u s
dagerotyp	d a ɡ e r o t i p
dakar	d a k a r
dalmácia	d a l m aː t͡s i̯ a
daniel	d a n i̯ e l
danka	d a n k a
daromne	d a r o m n e
daromný	d a r o m n iː
darovať	d a r o v a c
darvinista	d a r v i n i s t a
darvinistický	d a r v i n i s t i t͡s k iː
darvinistka	d a r v i n i s t k a
darvinizmus	d a r v i n i z m u s
darvinovský	d a r v i n o v s k iː
darček	d a r t͡ʃ e k
datovať	d a t o v a c
datív	d a t iː u̯
debnár	d e b n aː r
debutovať	d e b u t o v a c
decht	d e x t
decimálny	d e t͡s i m aː l n i
decák	d e t͡s aː k
dedikovať	d e d i k o v a c
dedikácia	d e d i k aː t͡s i̯ a
dedinčania	ɟ e ɟ i n t͡ʃ a ɲ i̯ a
dedičstvo	d e d i t͡ʃ s t v o
dediť	d e d i c
dedukovať	d e d u k o v a c
defekácia	d e f e k aː t͡s i̯ a
defenestrovať	d e f e n e s t r o v a c
defenestrácia	d e f e n e s t r aː t͡s i̯ a
defenzíva	d e f e n z iː v a
defenzívne	d e f e n z iː v n e
defenzívnosť	d e f e n z iː v n o s c
defenzívny	d e f e n z iː v n i
defetistický	d e f e t i s t i t͡s k iː
defetizmus	d e f e t i z m u s
defibrilácia	d e f i b r i l aː t͡s i̯ a
defibrilátor	d e f i b r i l aː t o r
defilovať	d e f i l o v a c
deflácia	d e f l aː t͡s i̯ a
deja	d e j a
deje	d e j e
deji	d e j i
dejmi	d e j m i
dejoch	d e j o x
dejom	d e j o m
dejov	d e j o f
deju	d e j u
dekadencia	d e k a d e n t͡s i̯ a
dekadentný	d e k a d e n t n iː
dekapitácia	d e k a p i t aː t͡s i̯ a
deklarovať	d e k l a r o v a c
deklarácia	d e k l a r aː t͡s i̯ a
dekolonizovať	d e k o l o n i z o v a c
dekolonizácia	d e k o l o n i z aː t͡s i̯ a
delaware	d e l a v a r
delegácia	d e l e ɡ aː t͡s i̯ a
deliť	d e l i c
demarkácia	d e m a r k aː t͡s i̯ a
demeter	d e m e t e r
demilitarizovať	d e m i l i t a r i z o v a c
demilitarizácia	d e m i l i t a r i z aː t͡s i̯ a
demografia	d e m o ɡ r a f i̯ a
demokratizovať	d e m o k r a t i z o v a c
demonštrácia	d e m o n ʃ t r aː t͡s i̯ a
dendrológia	d e n d r o l oː ɡ i̯ a
denne	d e n e
denominácia	d e n o m i n aː t͡s i̯ a
denver	d e n v e r
depo	d e p o
deportovať	d e p o r t o v a c
deprivácia	d e p r i v aː t͡s i̯ a
deregulácia	d e r e ɡ u l aː t͡s i̯ a
dermatológia	d e r m a t o l oː ɡ i̯ a
desať	ɟ e s a c
desaťboj	d e s a c b o j
desaťsten	d e s a c s t e n
desaťtisíci	ɟ e s a c i s iː t͡s i
desiaty	ɟ e s i̯ a t i
despotický	d e s p o t i t͡s k iː
despotizmus	d e s p o t i z m u s
destabilizovať	d e s t a b i l i z o v a c
destabilizácia	d e s t a b i l i z aː t͡s i̯ a
destilát	d e s t i l aː t
detektívka	d ɛ t ɛ k t iː ʊ̯ k a
determinácia	d e t e r m i n aː t͡s i̯ a
detský	d e t s k iː
devastácia	d e v a s t aː t͡s i̯ a
deviaty	ɟ e v i̯ a t i
devätnásť	ɟ e v ɛ ɐ̯ t n aː s c
deväť	ɟ e v ɛ ɐ̯ c
deväťsil	d e v ɛ ɐ̯ c s i l
deštrukcia	d e ʃ t r u k t͡s i̯ a
deštruktívnosť	d e ʃ t r u k t iː v n o s c
deštruktívny	d e ʃ t r u k t iː v n i
deťmi	d e c m i
deťoch	d e c o x
dháka	d ɦ aː k a
diabetický	d i̯ a b e t i t͡s k iː
diagnostický	d i̯ a ɡ n o s t i t͡s k iː
diagonálne	d i̯ a ɡ o n aː l n e
diagonálny	d i̯ a ɡ o n aː l n i
dialektický	d i̯ a l e k t i t͡s k iː
dialektológia	d i̯ a l e k t o l oː ɡ i̯ a
diana	d i̯ a n a
dichotómia	d i x o t oː m i̯ a
didaktický	d i d a k t i t͡s k iː
dido	d i d o
diel	d i̯ e l
dielektrický	d i̯ e l e k t r i t͡s k iː
dieťa	d i̯ e c a
diktát	d i k t aː t
diktátorský	d i k t aː t o r s k iː
diplomacia	d i p l o m a t͡s i̯ a
diplomatický	d i p l o m a t i t͡s k iː
diskografia	d i s k o ɡ r a f i̯ a
diskreditovať	d i s k r e d i t o v a c
diskriminácia	d i s k r i m i n aː t͡s i̯ a
diskvalifikovať	d i s k v a l i f i k o v a c
diskvalifikácia	d i s k v a l i f i k aː t͡s i̯ a
dislokácia	d i s l o k aː t͡s i̯ a
disonancia	d i s o n a n t͡s i̯ a
divadlo	d i v a d l o
divergencia	d i v e r ɡ e n t͡s i̯ a
diviak	d i v i̯ a k
divizionizmus	d i v i z i o n i z m u s
divný	d i v n iː
divoký	d i v o k iː
divozel	d i v o z e l
divák	d i v aː k
divý	d i v iː
dlh	d l̩ x
dna	d n a
dobrovoľne	d o b r o v o ʎ n e
dobrovoľný	d o b r o v o ʎ n iː
dobročinný	d o b r o t͡ʃ i n iː
dobrý	d o b r iː
dofrasa	d o f r a s a
dogmaticky	d o ɡ m a t i t͡s k i
dogmatický	d o ɡ m a t i t͡s k iː
dogmatizmus	d o ɡ m a t i z m u s
dohodnutou	d o ɦ o d n u t o u
dohodnutá	d o ɦ o d n u t aː
dohodnuté	d o ɦ o d n u t eː
dohodnutého	d o ɦ o d n u t eː ɦ o
dohodnutému	d o ɦ o d n u t eː m u
dohodnutí	d o ɦ o d n u t iː
dohodnutý	d o ɦ o d n u t iː
dohodnutých	d o ɦ o d n u t iː x
dohodnutým	d o ɦ o d n u t iː m
dohodnutými	d o ɦ o d n u t iː m i
dojem	d o j e m
dojemný	d o j e m n iː
dojka	d o j k a
dojčiť	d o j t͡ʃ i c
dokument	d o k u m e n t
dokumentovať	d o k u m e n t o v a c
dokumentácia	d o k u m e n t aː t͡s i̯ a
domami	d o m a m i
dome	d o m e
domestikovať	d o m e s t i k o v a c
domestikácia	d o m e s t i k aː t͡s i̯ a
dominik	d o m i n i k
dominikánec	d o m i n i k aː n e t͡s
dominikánka	d o m i n i k aː n k a
dominovať	d o m i n o v a c
domoch	d o m o x
domom	d o m o m
domu	d o m u
domáce	d o m aː t͡s e
domácnosť	d o m aː t͡s n o s c
donatizmus	d o n a t i z m u s
donucovať	d o n u t͡s o v a c
dopamín	d o p a m iː n
doparoma	d o p a r o m a
dopravník	d o p r a v n iː k
doslova	d o s l o v a
doslovný	d o s l o v n iː
dospelosť	d o s p e l o s c
dospelý	d o s p e l iː
dospieť	d o s p i̯ e c
dostatok	d o s t a t o k
dostredivý	d o s t r e d i v iː
dostupnosť	d o s t u p n o s c
dosť	d o s c
dovidenia	d o v i d e n i̯ a
dozimeter	d o z i m e t e r
drahami	d r a ɦ a m i
drahe	d r a ɦ e
drahou	d r a ɦ o u
drahu	d r a ɦ u
drahy	d r a ɦ i
drahí	d r a ɦ iː
drahú	d r a ɦ uː
drahý	d r a ɦ iː
drak	d r a k
drakonický	d r a k o n i t͡s k iː
dramaticky	d r a m a t i t͡s k i
dramatický	d r a m a t i t͡s k iː
dramatizácia	d r a m a t i z aː t͡s i̯ a
drasticky	d r a s t i t͡s k i
drastický	d r a s t i t͡s k iː
dračka	d r a t͡ʃ k a
dreva	d r e v a
drevami	d r e v a m i
dreve	d r e v e
drevom	d r e v o m
drevorubač	d r e v o r u b a t͡ʃ
drevu	d r e v u
drevá	d r e v aː
drevách	d r e v aː x
drevám	d r e v aː m
drez	d r e s
driapať	d r i̯ a p a c
driemať	d r i̯ e m a c
drieň	d r i̯ e ɲ
drina	d r i n a
drogéria	d r o ɡ eː r i̯ a
droždie	d r o ʒ d i̯ e
druhej	d r u ɦ e j
druhom	d r u ɦ o m
druhou	d r u ɦ o u
druhá	d r u ɦ aː
druhé	d r u ɦ eː
druhí	d r u ɦ iː
druhú	d r u ɦ uː
druhý	d r u ɦ iː
dráh	d r aː x
dráha	d r aː ɦ a
drž	d r̩ ʃ
dualizmus	d u a l i z m u s
dublin	d u b l i n
dubák	d u b aː k
duchovnosť	d u x o v n o s c
duchovný	d u x o v n iː
dukát	d u k aː t
duplikovať	d u p l i k o v a c
duplikácia	d u p l i k aː t͡s i̯ a
duplikát	d u p l i k aː t
dur	d u r
duša	d u ʃ a
dušanbe	d u ʃ a n b e
dužina	d u ʒ i n a
dva	d v a
dvadsať	d v a t͡s a c
dvanásť	d v a n aː s c
dvojfarebný	d v o j f a r e b n iː
dvojhláska	d v o j ɦ l aː s k a
dvojjazyčný	d v o j a z i t͡ʃ n iː
dvojmocný	d v o j m o t͡s n iː
dvojplošník	d v o j p l o ʃ n iː k
dvojtvar	d v o j t v a r
dvojča	d v o j t͡ʃ a
dvor	d v o r
dynamicky	d i n a m i t͡s k i
dynamický	d i n a m i t͡s k iː
dynamit	d i n a m i t
dynastia	d i n a s t i j a
dysgrafia	d i s ɡ r a f i̯ a
dyskalkúlia	d i s k a l k uː l i̯ a
dysplázia	d i s p l aː z i̯ a
dystrofia	d i s t r o f i̯ a
dyzentéria	d i z e n t eː r i̯ a
dámsky	d aː m s k i
dánka	d aː n k a
dáždnik	d aː ʒ d n i k
dôstojnosť	d u̯ o s t o j n o s c
dôverovať	d u̯ o v e r o v a c
dúhe	d uː ɦ e
dúška	d uː ʃ k a
dýchanie	d iː x a n i̯ e
džersej	d͡ʒ e r s e j
džhárkhand	d͡ʒ ɦ aː r k ɦ a n t
džihád	d͡ʒ i ɦ aː t
džin	d͡ʒ i n
džinizmus	d͡ʒ i n i z m u s
echokardiogram	e x o k a r d i o ɡ r a m
echolokácia	e x o l o k aː t͡s i̯ a
editovať	e d i t o v a c
efedra	e f e d r a
efektívny	e f e k t iː v n i
egocentrizmus	e ɡ o t͡s e n t r i z m u s
egyptológia	e ɡ i p t o l oː ɡ i̯ a
ejakulovať	e j a k u l o v a c
eklampsia	e k l a m p s i̯ a
eklekticizmus	e k l e k t i t͡s i z m u s
eklektizmus	e k l e k t i z m u s
ekofyziológia	e k o f i z i o l oː ɡ i̯ a
ekonomizácia	e k o n o m i z aː t͡s i̯ a
ekumenizmus	e k u m e n i z m u s
ekvivalentný	e k v i v a l e n t n iː
elektrifikovať	e l e k t r i f i k o v a c
elektrifikácia	e l e k t r i f i k aː t͡s i̯ a
elektrika	e l e k t r i k a
elektrolyt	e l e k t r o l i t
elektromagnetizmus	e l e k t r o m a ɡ n e t i z m u s
emancipácia	e m a n t͡s i p aː t͡s i̯ a
emil	e m i l
encyklopédia	e n t͡s i k l o p eː d i̯ a
entomológia	e n t o m o l oː ɡ i̯ a
epidemiológia	e p i d e m i o l oː ɡ i̯ a
epizóda	e p i z oː d a
erekcia	e r e k t͡s i̯ a
esbjerg	e z b j e r
esbjerg	e z b j e r k
etanol	e t a n o l
etiópia	e t i oː p i̯ a
etológia	e t o l oː ɡ i̯ a
etylén	e t i l eː n
exil	e ɡ z i l
fajčiť	f a j t͡ʃ i c
faktorizácia	f a k t o r i z aː t͡s i̯ a
faktoriál	f a k t o r i aː l
fanatik	f a n a t i k
farandola	f a r a n d o l a
faraón	f a r a oː n
farizej	f a r i z e j
fasáda	f a s aː d a
fašista	f a ʃ i s t a
federalizmus	f e d e r a l i z m u s
felčiar	f e l t͡ʃ i̯ a r
fenomenalizmus	f e n o m e n a l i z m u s
fermež	f e r m e ʃ
feromón	f e r o m oː n
filip	f i l i p
filipíny	f i l i p iː n i
filozofia	f i l o z o f i̯ a
finalizmus	f i n a l i z m u s
firn	f i r n
flautista	f l a u t i s t a
formalizmus	f o r m a l i z m u s
fotka	f o t k a
fotokópia	f o t o k oː p i̯ a
frajerka	f r a j e r k a
fraktúra	f r a k t uː r a
francúzsko	f r a n t͡s uː s k o
frano	f r a n o
freetown	f r iː t a u n
ftáčnik	f t aː t͡ʃ n i k
furfural	f u r f u r a l
furt	f u r t
futurizmus	f u t u r i z m u s
fúrik	f uː r i k
fúz	f uː s
fúza	f uː z a
fúze	f uː z e
fúzik	f uː z i k
fúzmi	f uː z m i
fúzoch	f uː z o x
fúzom	f uː z o m
fúzov	f uː z o f
fúzu	f uː z u
fúzy	f uː z i
fľaška	f ʎ a ʃ k a
gabon	ɡ a b o n
gaborone	ɡ a b o r o n e
gabriel	ɡ a b r i̯ e l
gajdoš	ɡ a j d o ʃ
galaxia	ɡ a l a k s i̯ a
galaxii	ɡ a l a k s i i
gambia	ɡ a m b i̯ a
gazela	ɡ a z e l a
gdynia	ɡ d i ɲ a
genealógia	ɡ e n e a l oː ɡ i̯ a
genitív	ɡ ɛ n i t iː u̯
geomagnetizmus	ɡ e o m a ɡ n e t i z m u s
georgia	d͡ʒ oː r d͡ʒ a
gerontológia	ɡ e r o n t o l oː ɡ i̯ a
ghana	ɡ ɦ a n a
gigantizmus	ɡ i ɡ a n t i z m u s
gitarista	ɡ i t a r i s t a
glg	k l̩ k
gnosticizmus	ɡ n o s t i t͡s i z m u s
gorica	ɡ o r i t͡s a
gravidita	ɡ r a v i d i t a
graz	ɡ r a t͡s
gril	ɡ r i l
grilovať	ɡ r i l o v a c
groznyj	ɡ r o z n i j
gruzínsko	ɡ r u z iː n s k o
grécko	ɡ r eː t͡s k o
gudžarát	ɡ u d͡ʒ a r aː t
gule	ɡ u l e
guli	ɡ u l i
guliach	ɡ u l i̯ a x
guliam	ɡ u l i̯ a m
gulí	ɡ u l iː
guľami	ɡ u ʎ a m i
guľatina	ɡ u ʎ a t i n a
guľatí	ɡ u ʎ a t iː
guľatý	ɡ u ʎ a t iː
guľou	ɡ u ʎ o u
guľu	ɡ u ʎ u
gynocentrizmus	ɡ i n o t͡s e n t r i z m u s
génius	ɡ eː n i̯ u s
gúľ	ɡ uː ʎ
gúľať	ɡ uː ʎ a c
hada	ɦ a d a
hadoch	ɦ a d o x
hadom	ɦ a d o m
hadov	ɦ a d o f
hadovi	ɦ a d o v i
hala	ɦ a l a
halogén	ɦ a l o ɡ eː n
halucinácia	ɦ a l u t͡s i n aː t͡s i̯ a
hanička	ɦ a n i t͡ʃ k a
hanka	ɦ a n k a
harare	ɦ a r a r e
harijána	ɦ a r i j aː n a
harpúna	ɦ a r p uː n a
harvan	ɦ a r v a n
havajský	ɦ a v a j s k iː
havajčan	ɦ a v a j t͡ʃ a n
havajčanka	ɦ a v a j t͡ʃ a n k a
havana	ɦ a v a n a
hedonizmus	ɦ e d o n i z m u s
heliodór	ɦ e l i o d oː r
helma	ɦ e l m a
hemisféra	ɦ e m i s f eː r a
herca	ɦ e r t͡s a
hercami	ɦ e r t͡s a m i
herci	ɦ e r t͡s i
hercoch	ɦ e r t͡s o x
hercom	ɦ e r t͡s o m
hercov	ɦ e r t͡s o f
hercovi	ɦ e r t͡s o v i
hermafroditizmus	ɦ e r m a f r o d i t i z m u s
heslo	ɦ e s l o
himáčalpradéš	ɦ i m aː t͡ʃ a l p r a d eː ʃ
hirošima	ɦ i r o ʃ i m a
histopatológia	ɦ i s t o p a t o l oː ɡ i̯ a
hladké	ɦ l a d k eː
hladkí	ɦ l a d k iː
hladký	ɦ l a d k iː
hlas	ɦ l a s
hlave	ɦ l a v e
hlien	ɦ l i̯ e n
hliva	ɦ l i v a
hliva	ɦ ʎ i v a
hlt	ɦ l̩ t
hlucháň	ɦ l u x aː ɲ
hluk	ɦ l u k
hlučný	ɦ l u t͡ʃ n iː
hlísta	ɦ l iː s t a
hnojník	ɦ n ɔ j n iː k
hnus	ɦ n u s
hnusný	ɦ n u s n iː
ho	ɦ o
hodváb	ɦ ɔ d v aː b
hodváb	ɦ ɔ d v aː p
hodvábnica	ɦ ɔ d v aː b ɲ i t͡s a
hojivý	ɦ o j i v iː
hojiť	ɦ o j i c
hole	ɦ o l e
holej	ɦ o l e j
holeš	ɦ o l e ʃ
holi	ɦ o l i
hologram	ɦ o l o ɡ r a m
holom	ɦ o l o m
holuba	ɦ o l u b a
holubom	ɦ o l u b o m
holubov	ɦ o l u b o f
holubovi	ɦ o l u b o v i
holuby	ɦ o l u b i
holá	ɦ o l aː
holé	ɦ o l eː
holú	ɦ o l uː
holý	ɦ o l iː
hongkončan	ɦ o n ɡ k o n t͡ʃ a n
hongkončanka	ɦ o n ɡ k o n t͡ʃ a n k a
hora	ɦ o r a
horieť	ɦ o r i̯ e c
horkí	ɦ o r k iː
horkú	ɦ o r k uː
hormonálny	ɦ o r m o n aː l n i
hormón	ɦ o r m oː n
horskí	ɦ o r s k iː
hospitalizácia	ɦ o s p i t a l i z aː t͡s i̯ a
hospodár	ɦ o s p o d aː r
hrb	ɦ r̩ p
hrdza	ɦ r̩ d͡z a
hre	ɦ r e
hrnček	ɦ r n̩ t͡ʃ e k
hrobár	ɦ r o b aː r
hrozno	ɦ r o z n o
hrsť	ɦ r̩ s c
hrubý	ɦ r u b iː
hruškovica	ɦ r u ʃ k o v i t͡s a
hrádza	ɦ r aː d͡z a
hríb	ɦ r iː b
hríb	ɦ r iː p
hríbová	ɦ r iː b o v aː
huba	ɦ u b a
hudobník	ɦ u d o b n iː k
hudobníčka	ɦ u d o b n iː t͡ʃ k a
hudobný	ɦ u d o b n iː
hugo	ɦ u ɡ o
humanizmus	ɦ u m a n i z m u s
huriska	ɦ u r i s k a
husenica	ɦ u s e n i t͡s a
husita	ɦ u s i t a
husitstvo	ɦ u s i t s t v o
huslista	ɦ u s l i s t a
hustú	ɦ u s t uː
hvezdárstvo	ɦ v e z d aː r s t v o
hydrofóbia	ɦ i d r o f oː b i̯ a
hydrológia	ɦ i d r o l oː ɡ i̯ a
hymen	ɦ i m e n
hypnos	ɦ i p n o s
hádanka	ɦ aː d a n k a
hádať	ɦ aː d a c
hádzaná	ɦ aː d͡z a n aː
hák	ɦ aː k
háveď	ɦ aː v e c
híkať	ɦ iː k a c
hôrkach	ɦ u̯ o r k a x
hôrkam	ɦ u̯ o r k a m
hôrkami	ɦ u̯ o r k a m i
hôrkou	ɦ u̯ o r k o u
hôrku	ɦ u̯ o r k u
hôrky	ɦ u̯ o r k i
hôrok	ɦ u̯ o r o k
húštie	ɦ uː ʃ t i̯ e
hýľ	ɦ iː ʎ
hľadať	ɦ ʎ a d a c
hŕb	ɦ r̩ː p
hŕba	ɦ r̩ː b a
idaho	a j d a ɦ o
idaho	i d a ɦ o
idealizmus	i d e a l i z m u s
identifikácia	i d e n t i f i k aː t͡s i̯ a
ignorancia	i ɡ n o r a n t͡s i̯ a
illinois	i l i n o j s
iluminácia	i l u m i n aː t͡s i̯ a
imel	i m e l
imela	i m e l a
imele	i m e l e
imelo	i m e l o
imelu	i m e l u
imperializmus	i m p e r i̯ a l i z m u s
impresionizmus	i m p r e s i o n i z m u s
imágo	i m aː ɡ o
india	i n d i̯ a
indiana	i n d i̯ a n a
individualizmus	i n d i v i d u a l i z m u s
indonézia	i n d o n eː z i̯ a
infant	i n f a n t
inom	i n o m
interjekcia	i n t e r j e k t͡s i̯ a
interpretácia	i n t e r p r e t aː t͡s i̯ a
iná	i n aː
inú	i n uː
iných	i n iː x
iným	i n iː m
inšpirácia	i n ʃ p i r aː t͡s i̯ a
inštalácia	i n ʃ t a l aː t͡s i̯ a
iowa	a j o v a
iracionalizmus	i r a t͡s i o n a l i z m u s
irak	i r a k
islamabad	i s l a m a b a t
island	i s l a n t
islande	i s l a n ɟ e
istej	i s t e j
istom	i s t o m
istou	i s t o u
istá	i s t aː
isté	i s t eː
istému	i s t eː m u
istí	i s t iː
istú	i s t uː
itália	i t aː l i̯ a
iveta	i v e t a
izraelčan	i z r a e l t͡ʃ a n
izraelčanka	i z r a e l t͡ʃ a n k a
jabloň	j a b l o ɲ
jadrami	j a d r a m i
jahňacina	j a ɦ ɲ a t͡s i n a
jakarta	d͡ʒ a k a r t a
jalovica	j a l o v i t͡s a
jalový	j a l o v iː
jama	j a m a
jamka	j a m k a
jana	j a n a
jano	j a n o
japonsko	j a p o n s k o
jariem	j a r i̯ e m
jarma	j a r m a
jarme	j a r m e
jarmu	j a r m u
jaspis	j a s p i s
jatka	j a t k a
jazva	j a z v a
jazykolam	j a z i k o l a m
jašterica	j a ʃ t e r i t͡s a
je	j e
jede	j e d e
jeden	j e d e n
jedenásť	j e d e n aː s c
jedia	j e d i̯ a
jediná	j e d i n aː
jedináčik	j e d i n aː t͡ʃ i k
jediné	j e d i n eː
jediní	j e d i n iː
jedinú	j e d i n uː
jedla	j e d l a
jedle	j e d l e
jedlom	j e d l o m
jedlu	j e d l u
jedlá	j e d l aː
jedlí	j e d l iː
jedlý	j e d l iː
jedmi	j e d m i
jednorožec	j e d n o r o ʒ e t͡s
jedoch	j e d o x
jedom	j e d o m
jedov	j e d o f
jedovatý	j e d o v a t iː
jedu	j e d u
jedy	j e d i
jedál	j e d aː l
jedáleň	j e d aː l e ɲ
jedľa	j e d ʎ a
jem	j e m
jeme	j e m e
jemen	j e m e n
jerevan	j e r e v a n
jete	j e t e
ješ	j e ʃ
jež	j e ʃ
ježiš	j e ʒ i ʃ
jordán	j o r d aː n
jordánsko	j o r d aː n s k o
jordánčan	j o r d aː n t͡ʃ a n
jordánčanka	j o r d aː n t͡ʃ a n k a
jozefína	j o z e f iː n a
ju	j u
juhom	j u ɦ o m
juhu	j u ɦ u
julo	j u l o
jupiter	j u p i t e r
jurek	j u r e k
jurka	j u r k a
jurko	j u r k o
južan	j u ʒ a n
južanka	j u ʒ a n k a
júlia	j uː l i̯ a
július	j uː l i̯ u s
kabát	k a b aː t
kacír	k a t͡s iː r
kajúcny	k a j uː t͡s n i
kaktus	k a k t u s
kalendár	k a l e n d aː r
kalifornia	k a l i f o r n i̯ a
kalifornčan	k a l i f o r n̩ t͡ʃ a n
kalifornčanka	k a l i f o r n̩ t͡ʃ a n k a
kaligrafia	k a l i ɡ r a f i̯ a
kalkulačka	k a l k u l a t͡ʃ k a
kalkulácia	k a l k u l aː t͡s i̯ a
kamelot	k a m e l o t
kamera	k a m e r a
kampala	k a m p a l a
kanalizácia	k a n a l i z aː t͡s i̯ a
kanibalizmus	k a n i b a l i z m u s
kansas	k a n s a s
kanton	k a n t o n
kanva	k a n v a
kanvica	k a n v i t͡s a
kanál	k a n aː l
karburátor	k a r b u r aː t o r
kardiológia	k a r d i o l oː ɡ i̯ a
kartografia	k a r t o ɡ r a f i̯ a
kataklizma	k a t a k l i z m a
katovice	k a t o v i t͡s e
katéter	k a t eː t e r
kaňa	k a ɲ a
kašička	k a ʃ i t͡ʃ k a
kašmír	k a ʃ m iː r
kedže	k e d͡ʒ e
kentucky	k e n t a k i
kgb	k aː ɡ eː b eː
kigali	k i ɡ a l i
kilami	k i l a m i
kinematografia	k i n e m a t o ɡ r a f i̯ a
kingston	k i n ɡ s t o n
kino	k i n o
kinosála	k i n o s aː l a
kinshasa	k i n ʃ a s a
kirgizsko	k i r ɡ i z s k o
kišiňov	k i ʃ i ɲ o f
klase	k l a s e
klasmi	k l a s m i
klasoch	k l a s o x
klasom	k l a s o m
klasov	k l a s o f
klasu	k l a s u
klasy	k l a s i
klaustrofóbia	k l a u s t r o f oː b i̯ a
klavirista	k l a v i r i s t a
klaviristka	k l a v i r i s t k a
klebeta	k l e b e t a
klement	k l e m e n t
klenba	k l e n b a
klenot	k l e n o t
kliešť	k l i̯ e ʃ c
klitoris	k l i t o r i s
klk	k l̩ k
klystír	k l i s t iː r
kláštor	k l aː ʃ t o r
kníh	k n iː x
knôt	k n u̯ o t
koalícia	k o a l iː t͡s i̯ a
kobre	k o b r e
kobrou	k o b r o u
kobrám	k o b r aː m
kocian	k o t͡s i̯ a n
kodaň	k o d a ɲ
koitus	k o i t u s
kolchoz	k o l x o s
kolesár	k o l e s aː r
kolofónia	k o l o f oː n i̯ a
kolonializmus	k o l o n i̯ a l i z m u s
kolumbia	k o l u m b i̯ a
kolár	k o l aː r
koláča	k o l aː t͡ʃ a
koláče	k o l aː t͡ʃ e
koláči	k o l aː t͡ʃ i
koláčik	k o l aː t͡ʃ i k
koláčom	k o l aː t͡ʃ o m
koláču	k o l aː t͡ʃ u
kolíska	k o l iː s k a
komentár	k o m e n t aː r
komplic	k o m p l i t͡s
konakry	k o n a k r i
konceptuálny	k o n t͡s e p t u aː l n i
konexia	k o n e k s i̯ a
konformizmus	k o n f o r m i z m u s
konkubína	k o n k u b iː n a
konzervativizmus	k o n z e r v a t i v i z m u s
kopať	k o p a c
kopytník	k o p i t n iː k
korbáč	k o r b aː t͡ʃ
korbáčik	k o r b aː t͡ʃ i k
korenie	k o r e n i̯ e
koronavírus	k o r o n a v iː r u s
korunovácia	k o r u n o v aː t͡s i̯ a
korzet	k o r z e t
kosier	k o s i̯ e r
kosiť	k o s i c
kostra	k o s t r a
kostúr	k o s t uː r
kosák	k o s aː k
kovať	k o v a c
kováč	k o v aː t͡ʃ
koza	k o z a
kozub	k o z u p
kozák	k ɔ z aː k
kočan	k o t͡ʃ a n
koša	k o ʃ a
koše	k o ʃ e
koši	k o ʃ i
košice	k o ʃ i t͡s e
košmi	k o ʃ m i
košoch	k o ʃ o x
košom	k o ʃ o m
košov	k o ʃ o f
košu	k o ʃ u
košút	k o ʃ uː t
kožami	k o ʒ a m i
kože	k o ʒ e
koži	k o ʒ i
kožou	k o ʒ o u
kožu	k o ʒ u
koží	k o ʒ iː
kra	k r a
krakova	k r a k o v a
krami	k r a m i
kravec	k r a v e t͡s
kre	k r e
kreacionizmus	k r e a t͡s i o n i z m u s
kreker	k r e k e r
krematórium	k r e m a t oː r i̯ u m
kresadlo	k r e s a d l o
kristianizácia	k r i s t i̯ a n i z aː t͡s i̯ a
kristína	k r i s t iː n a
kritizovať	k r i t i z o v a c
krivec	k r i v e t͡s
krividlo	k r i v i d l o
krivuľa	k r i v u ʎ a
krivák	k r i v aː k
križovatka	k r i ʒ o v a t k a
krk	k r̩ k
krkavec	k r̩ k a v e t͡s
krmelec	k r m e l e t͡s
krmivo	k r m i v o
kroch	k r o x
krom	k r o m
krona	k r o n a
krona	k r uː n a
krov	k r o f
krst	k r̩ s t
krstiť	k r̩ s t i c
krt	k r̩ t
kru	k r u
krv	k r̩ f
krvácať	k r̩ v aː t͡s a c
kry	k r i
krym	k r i m
krypta	k r i p t a
krá	k r aː
krádež	k r aː d e ʃ
kráľ	k r aː ʎ
kráľovná	k r aː ʎ o v n aː
kréta	k r eː t a
krídel	k r iː d e l
krík	k r iː k
kríček	k r iː t͡ʃ e k
krčmár	k r̩ t͡ʃ m aː r
kuchár	k u x aː r
kuchárka	k u x aː r k a
kultivovaný	k u l t i v o v a n iː
kuriatko	k u r i̯ a t k ɔ
kuru	k u r u
kurzor	k u r z o r
kuvajt	k u v a j t
kučera	k u t͡ʃ e r a
kuša	k u ʃ a
kvadruplégia	k v a d r u p l eː ɡ i̯ a
kvase	k v a s e
kvasnica	k v a s n i t͡s a
kvasom	k v a s o m
kvasu	k v a s u
kvaternión	k v a t e r n i oː n
kvete	k v e t e
kvetina	k v e t i n a
kvetináč	k v e t i n aː t͡ʃ
kvetu	k v e t u
kvety	k v e t i
kvíčala	k v iː t͡ʃ a l a
kyklady	k i k l a d i
kynizmus	k i n i z m u s
kábul	k aː b u l
káfir	k aː f i r
káthmandu	k aː t ɦ m a n d u
kávovar	k aː v o v a r
kázanie	k aː z a n i̯ e
kázeň	k aː z e ɲ
káčer	k aː t͡ʃ e r
kôz	k u̯ o s
kôň	k u̯ o ɲ
kúkoľ	k uː k o ʎ
kýchať	k iː x a c
kýchnuť	k iː x n u c
kĺb	k l̩ː p
kľučka	k ʎ u t͡ʃ k a
kŕmiť	k r̩ː m i c
kŕč	k r̩ː t͡ʃ
labuti	l a b u t i
lakte	l a k t e
lakti	l a k t i
lakťa	l a k c a
lakťami	l a k c a m i
lakťoch	l a k c o x
lakťom	l a k c o m
lakťov	l a k c o f
lakťu	l a k c u
lampa	l a m p a
langue	l aː n k
laos	l a o s
lavína	l a v iː n a
legalizovať	l e ɡ a l i z o v a c
legalizácia	l e ɡ a l i z aː t͡s i̯ a
lekno	l e k n o
leninizmus	l e n i n i z m u s
lepidlo	l e p i d l o
lepiť	l e p i c
leptón	l e p t oː n
lepší	l e p ʃ iː
leví	l e v iː
libanon	l i b a n o n
libido	l i b i d o
libreville	l i b r e v i l
lichva	l i x v a
lima	l i m a
limuzína	l i m u z iː n a
linoleum	l i n o l e u m
lisabon	l i s a b o n
litovčan	l i t o v t͡ʃ a n
litovčanka	l i t o v t͡ʃ a n k a
lona	l o n a
lonami	l o n a m i
londýn	l o n d iː n
lone	l o n e
lono	l o n o
lonom	l o n o m
lonu	l o n u
loná	l o n aː
lonách	l o n aː x
lonám	l o n aː m
louisiana	l u i z i aː n a
ložisko	l o ʒ i s k o
luanda	l u a n d a
luhať	l u ɦ a c
luhár	l u ɦ aː r
lukmi	l u k m i
lukoch	l u k o x
lukom	l u k o m
lukov	l u k o f
luku	l u k u
luky	l u k i
lunami	l u n a m i
lunou	l u n o u
lunu	l u n u
luny	l u n i
lunách	l u n aː x
lunám	l u n aː m
lupina	l u p i n a
lusaka	l u s a k a
lyžiarstvo	l i ʒ i̯ a r s t v o
láhaur	l aː ɦ a u r
láskavý	l aː s k a v iː
látka	l aː t k a
lézia	l eː z i̯ a
lístok	l iː s t o k
lôn	l u̯ o n
lúk	l uː k
lúkach	l uː k a x
lúkam	l uː k a m
lúkami	l uː k a m i
lúke	l uː k e
lúkou	l uː k o u
lúku	l uː k u
lúky	l uː k i
lún	l uː n
lúpež	l uː p e ʃ
lúčka	l uː t͡ʃ k a
lúčny	l uː t͡ʃ n i
ma	m a
macek	m a t͡s e k
mach	m a x
machom	m a x o m
machov	m a x o f
machu	m a x u
madagaskar	m a d a ɡ a s k a r
madrid	m a t r i t
magnetizmus	m a ɡ n e t i z m u s
magnetizovať	m a ɡ n e t i z o v a c
magnetizácia	m a ɡ n e t i z aː t͡s i̯ a
maháraštra	m a ɦ aː r a ʃ t r a
maine	m e j n
maj	m a j
majme	m a j m e
majte	m a j t e
maják	m a j aː k
majú	m a j uː
mal	m a l
mala	m a l a
malajzia	m a l a j z i̯ a
mali	m a l i
malo	m a l o
malta	m a l t a
malte	m a l t e
maltou	m a l t o u
maltu	m a l t u
malty	m a l t i
managua	m a n a ɡ u a
manila	m a n i l a
manáma	m a n aː m a
manžel	m a n ʒ e l
manželka	m a n ʒ e l k a
maputo	m a p u t o
marcel	m a r t͡s e l
marek	m a r e k
marena	m a r e n a
marián	m a r i aː n
martin	m a r t i n
martina	m a r t i n a
maryland	m e r i l e n t
maseru	m a s e r u
masliak	m a s ʎ i̯ a k
massachusetts	m e s e t͡ʃ uː s e t͡s
masti	m a s t i
mastiach	m a s t i̯ a x
mastiam	m a s t i̯ a m
mastí	m a s t iː
masťami	m a s c a m i
masťou	m a s c o u
matrac	m a t r a t͡s
matrioška	m a t r i o ʃ k a
matus	m a t u s
mechúr	m e x uː r
mede	m e ɟ e
medi	m e ɟ i
medina	m e d i n a
medom	m e d o m
medu	m e d u
medvede	m e d v e d e
medvedi	m e d v e d i
medveďa	m e d v e ɟ a
medveďom	m e d v e ɟ o m
medúza	m e d uː z a
melbourne	m e l b ø r n
menovec	m e n o v e t͡s
menovkyňa	m e n o v k i ɲ a
mentalita	m e n t a l i t a
mentálny	m e n t aː l n i
merkúr	m e r k uː r
meter	m e t e r
meďou	m e ɟ o u
miami	m a j a m i
michaela	m i x a e l a
michal	m i x a l
michigan	m i ʃ i ɡ e n
miere	m i̯ e r e
mieri	m i̯ e r i
mierom	m i̯ e r o m
mierou	m i̯ e r o u
mieru	m i̯ e r u
miery	m i̯ e r i
miestenka	m i̯ e s t e n k a
miešačka	m i̯ e ʃ a t͡ʃ k a
miešok	m i̯ e ʃ o k
mih	m i x
mihmi	m i ɦ m i
mihom	m i ɦ o m
mihu	m i ɦ u
mihy	m i ɦ i
mikrometer	m i k r o m e t e r
mikrosekunda	m i k r o s e k u n d a
milénium	m i l eː n i̯ u m
mincovňa	m i n t͡s o v ɲ a
minnesota	m i n e s o t a
mississippi	m i s i s i p i
missouri	m i s u r i
missouri	m i z u r i
mitochondria	m i t o x o n d r i̯ a
mjanmarsko	m j a n m a r s k o
mláto	m l aː t o
mlč	m l̩ t͡ʃ
mnohouholník	m n o ɦ o u ɦ o l n iː k
mních	m ɲ iː x
modrák	m ɔ d r aː k
modráky	m ɔ d r aː k i
mokrí	m o k r iː
mokrý	m o k r iː
moldavčan	m o l d a v t͡ʃ a n
moldavčanka	m o l d a v t͡ʃ a n k a
mongolsko	m o n ɡ o l s k o
montana	m o n t a n a
montevideo	m o n t e v i d e o
montreal	m o n t r e a l
morbidita	m o r b i d i t a
most	m o s t
mozambik	m o z a m b i k
močiar	m o t͡ʃ i̯ a r
močový	m o t͡ʃ o v iː
mravčí	m r a v t͡ʃ iː
mrkvička	m r̩ k v i t͡ʃ k a
mrzák	m r̩ z aː k
mrľa	m r ʎ a
mucha	m u x a
mucholapka	m u x o l a p k a
muchou	m u x o u
muchu	m u x u
muchy	m u x i
muchám	m u x aː m
mumifikovať	m u m i f i k o v a c
munícia	m u n iː t͡s i̯ a
mučenie	m u t͡ʃ e n i̯ e
mušiek	m u ʃ i̯ e k
muške	m u ʃ k e
mušku	m u ʃ k u
mušky	m u ʃ k i
muškám	m u ʃ k aː m
muž	m u ʃ
mykológia	m i k o l oː ɡ i̯ a
mytológia	m i t o l oː ɡ i̯ a
málo	m aː l o
máte	m aː t e
mäkké	m ɛ ɐ̯ k eː
mäkkí	m ɛ ɐ̯ k iː
mäkkú	m ɛ ɐ̯ k uː
mäkčeň	m ɛ ɐ̯ k t͡ʃ e ɲ
mäsa	m ɛ ɐ̯ s a
mäsami	m ɛ ɐ̯ s a m i
mäse	m ɛ ɐ̯ s e
mäso	m ɛ ɐ̯ s o
mäsom	m ɛ ɐ̯ s o m
mäsožravec	m ɛ ɐ̯ s o ʒ r a v e t͡s
mäsožravý	m ɛ ɐ̯ s o ʒ r a v iː
mäsu	m ɛ ɐ̯ s u
mäsá	m ɛ ɐ̯ s aː
mäsách	m ɛ ɐ̯ s aː x
mäsám	m ɛ ɐ̯ s aː m
méta	m eː t a
môcť	m u̯ o t͡s c
múdra	m uː d r a
múdri	m uː d r i
múdru	m uː d r u
múroch	m uː r o x
mňa	m ɲ a
mňaukať	m ɲ a u k a c
mŕľ	m r̩ː ʎ
naberačka	n a b e r a t͡ʃ k a
nabíjačka	n a b iː j a t͡ʃ k a
nadojčiť	n a d o j t͡ʃ i c
nahum	n a ɦ u m
nahú	n a ɦ uː
nairobi	n a j r o b i
nakladateľstvo	n a k l a d a t e ʎ s t v o
namíbia	n a m iː b i̯ a
narodenie	n a r o d e n i̯ e
nataša	n a t a ʃ a
nebraska	n e b r a s k a
nehoda	n e ɦ o d a
nemej	n e m e j
nemoc	n e m o t͡s
nemocnica	n e m o t͡s n i t͡s a
nemá	n e m aː
nemé	n e m eː
nemí	n e m iː
nemú	n e m uː
nenápadný	n e n aː p a d n iː
nenávisť	n e n aː v i s c
neofašizmus	n e o f a ʃ i z m u s
neplodnosť	n e p l o d n o s c
neplodný	n e p l o d n iː
nepravda	n e p r a v d a
nepriateľka	n e p r i̯ a t e ʎ k a
nepriateľský	n e p r i̯ a t e ʎ s k iː
nepál	n e p aː l
nerovnosť	n e r o v n o s c
nevada	n e v a d a
nevoľa	n e v o ʎ a
nevôľa	n e v u̯ o ʎ a
nevďak	n e v ɟ a k
nevďačnosť	n e v ɟ a t͡ʃ n o s c
nezábudka	ɲ e z aː b u t k a
niamey	n i̯ a m e
nigéria	n i ɡ eː r i̯ a
nikózia	n i k oː z i̯ a
nitroglycerín	n i t r o ɡ l i t͡s e r iː n
niť	n i c
nohami	n o ɦ a m i
nohe	n o ɦ e
nohou	n o ɦ o u
nohu	n o ɦ u
nohy	n o ɦ i
nohách	n o ɦ aː x
nohám	n o ɦ aː m
nos	n o s
nosmi	n o s m i
nosoch	n o s o x
novovek	n o v o v e k
novozélanďan	n o v o z eː l a n ɟ a n
novozélanďanka	n o v o z eː l a n ɟ a n k a
nozdra	n o z d r a
nočník	n o t͡ʃ n iː k
nožnice	n o ʒ n i t͡s e
nádor	n aː d o r
náhla	n aː ɦ l a
náhle	n aː ɦ l e
náhli	n aː ɦ l i
náhliť	n aː ɦ l i c
náhly	n aː ɦ l i
náhrada	n aː ɦ r a d a
nános	n aː n o s
nápadný	n aː p a d n iː
náprotivok	n aː p r o t i v o k
náprstok	n aː p r̩ s t o k
náušnica	n aː u ʃ n i t͡s a
návnada	n aː v n a d a
ním	n iː m
objať	o b j a c
oblasť	o b l a s c
obojživelník	o b o j ʒ i v e l n iː k
obrad	o b r a t
obratník	o b r a t n iː k
obriezka	o b r i̯ e z k a
obrna	o b r n a
obsidián	o b s i d i aː n
občan	o b t͡ʃ a n
občianka	o b t͡ʃ i̯ a n k a
oca	o t͡s a
ocami	o t͡s a m i
oceľ	o t͡s e ʎ
ococh	o t͡s o x
ocom	o t͡s o m
ocot	o t͡s o t
ocov	o t͡s o f
ocovi	o t͡s o v i
odev	o d e f
odpor	o d p o r
odporný	o d p o r n iː
odvaha	o d v a ɦ a
odvážnosť	o d v aː ʒ n o s c
odvážny	o d v aː ʒ n i
ohio	o ɦ i o
ohne	o ɦ n e
ohni	o ɦ n i
ohorok	o ɦ o r o k
ohňa	o ɦ ɲ a
ohňami	o ɦ ɲ a m i
ohňoch	o ɦ ɲ o x
ohňom	o ɦ ɲ o m
ohňov	o ɦ ɲ o f
ohňu	o ɦ ɲ u
oka	o k a
okami	o k a m i
oklahoma	o k l a ɦ o m a
okolo	o k o l o
okom	o k o m
okruhliak	o k r u ɦ l i̯ a k
oku	o k u
oká	o k aː
okách	o k aː x
okám	o k aː m
olomouc	o l o m o u t͡s
olomoucký	o l o m o u t͡s k iː
oman	o m a n
omanom	o m a n o m
omán	o m aː n
omáčka	o m aː t͡ʃ k a
ondrejka	o n d r e j k a
ondrejko	o n d r e j k o
ondrus	o n d r u s
ondrusek	o n d r u s e k
ondruš	o n d r u ʃ
ondrušek	o n d r u ʃ e k
ondruška	o n d r u ʃ k a
ondruško	o n d r u ʃ k o
ontológia	o n t o l oː ɡ i̯ a
opice	o p i t͡s e
opiť	o p i c
opíc	o p iː t͡s
oravec	o r a v e t͡s
orať	o r a c
orchidea	o r x i d e a
orech	o r e x
organizmus	o r ɡ a n i z m u s
orlami	o r l a m i
orloch	o r l o x
orlom	o r l o m
ortuť	o r t u c
osem	o s e m
osemnásť	o s e m n aː s c
osiel	o s i̯ e l
osikáč	ɔ s i k aː t͡ʃ
oslami	o s l a m i
oslava	o s l a v a
oslavný	o s l a v n iː
osle	o s l e
oslo	o s l o
oslou	o s l o u
oslu	o s l u
osly	o s l i
oslách	o s l aː x
oslám	o s l aː m
osám	o s aː m
osýpky	o s iː p k i
otca	o t t͡s a
otcom	o t t͡s o m
otcovi	o t t͡s o v i
otcu	o t t͡s u
ouagadougou	u a ɡ a d u ɡ u
ovad	o v a t
ovcami	o v t͡s a m i
ovcu	o v t͡s u
ovdovieť	o v d o v i̯ e c
ozvať	o z v a c
ozvena	o z v e n a
oáza	o aː z a
očami	o t͡ʃ a m i
očenáš	o t͡ʃ e n aː ʃ
oči	o t͡ʃ i
očí	o t͡ʃ iː
očú	o t͡ʃ uː
ošetriť	o ʃ e t r i c
pakistan	p a k i s t a n
pakľúč	p a k ʎ uː t͡ʃ
paleontológia	p a l e o n t o l oː ɡ i̯ a
palina	p a l i n a
palivo	p a l i v o
palka	p a l k a
palko	p a l k o
panama	p a n a m a
pandémia	p a n d eː m i̯ a
panien	p a n i̯ e n
panne	p a n e
pannách	p a n aː x
papagáj	p a p a ɡ aː j
parabola	p a r a b o l a
paraguaj	p a r a ɡ u a j
paris	p a r i s
partnerstvo	p a r t n e r s t v o
pasienok	p a s i̯ e n o k
pasta	p a s t a
pastvina	p a s t v i n a
patogénnosť	p a t o ɡ eː n o s c
patriotizmus	p a t r i o t i z m u s
paveda	p a v e d a
pašek	p a ʃ e k
paška	p a ʃ k a
paško	p a ʃ k o
paža	p a ʒ a
paže	p a ʒ e
paži	p a ʒ i
pažiť	p a ʒ i c
pažou	p a ʒ o u
pažu	p a ʒ u
paží	p a ʒ iː
pažítka	p a ʒ iː t k a
pchjongjang	p x j o n k j a n k
pehami	p e ɦ a m i
pehou	p e ɦ o u
pehu	p e ɦ u
pehy	p e ɦ i
pehách	p e ɦ aː x
pehám	p e ɦ aː m
peking	p e k i n k
pekne	p e k n e
pekná	p e k n aː
pekné	p e k n eː
penis	p e n i s
percento	p e r t͡s e n t o
perga	p e r ɡ a
pero	p e r o
persefona	p e r s e f o n a
peru	p e r u
pesimizmus	p e s i m i z m u s
petra	p e t r a
pečiarka	p e t͡ʃ i̯ a r k a
peľ	p e ʎ
piat	p i̯ a t
piata	p i̯ a t a
piate	p i̯ a t e
piatej	p i̯ a t e j
piatemu	p i̯ a t e m u
piati	p i̯ a t i
piatu	p i̯ a t u
piaty	p i̯ a t i
piaď	p i̯ a c
piecť	p i̯ e t͡s c
pieh	p i̯ e x
pieskovec	p i̯ e s k o v e t͡s
piest	p i̯ e s t
pil	p i l
pila	p i l a
pingpong	p i n k p o n k
pizza	p i t͡s a
piča	p i t͡ʃ a
pičami	p i t͡ʃ a m i
piče	p i t͡ʃ e
piči	p i t͡ʃ i
pičou	p i t͡ʃ o u
piču	p i t͡ʃ u
pičí	p i t͡ʃ iː
pištoľ	p i ʃ t o ʎ
placenta	p l a t͡s e n t a
plachú	p l a x uː
placka	p l a t͡s k a
planú	p l a n uː
plast	p l a s t
platom	p l a t o m
plavka	p l aː u̯ k a
plazma	p l a z m a
plch	p l̩ x
plechovka	p l e x o v k a
pleva	p l e v a
plienka	p l i̯ e n k a
plodnosť	p l o d n o s c
plodný	p l o d n iː
plomba	p l o m b a
plsť	p l̩ s c
pluh	p l u x
plyn	p l i n
plást	p l aː s t
plť	p l̩ c
pobrežie	p o b r e ʒ i̯ e
podgorica	p o d ɡ o r i t͡s a
podkova	p o d k o v a
podrážka	p o d r aː ʒ k a
podvodníctvo	p o d v o d n iː t͡s t v o
pohára	p o ɦ aː r a
poháre	p o ɦ aː r e
poklad	p o k l a t
pokrok	p o k r o k
pokročilý	p o k r o t͡ʃ i l iː
pokrytec	p o k r i t e t͡s
polemika	p o l e m i k a
polemizovať	p o l e m i z o v a c
poli	p o l i
polia	p o l i̯ a
poliach	p o l i̯ a x
poliak	p o l i̯ a k
poliam	p o l i̯ a m
poliami	p o l i̯ a m i
polievka	p o l i̯ e v k a
polke	p o l k e
polmesiac	p o l m e s i̯ a t͡s
polnoc	p o l n o t͡s
poloboh	p o l o b o x
pologuľa	p o l o ɡ u ʎ a
polygón	p o l i ɡ oː n
polynok	p o l i n o k
polí	p o l iː
popičovka	p o p i t͡ʃ o v k a
popkorn	p o p k o r n
popola	p o p o l a
popole	p o p o l e
popolmi	p o p o l m i
popolník	p o p o l n iː k
popoloch	p o p o l o x
popolom	p o p o l o m
popolov	p o p o l o f
popolu	p o p o l u
popoly	p o p o l i
poprava	p o p r a v a
populizmus	p o p u l i z m u s
portugalčan	p o r t u ɡ a l t͡ʃ a n
portugalčanka	p o r t u ɡ a l t͡ʃ a n k a
posol	p o s o l
posúvať	p o s uː v a c
potrat	p o t r a t
potvora	p o t v o r a
povodeň	p o v o d e ɲ
povolenie	p o v o l e n i̯ e
pozdech	p o z d e x
pozitrón	p o z i t r oː n
pozornosť	p o z o r n o s c
poézia	p o eː z i̯ a
počítadlo	p o t͡ʃ iː t a d l o
počítač	p o t͡ʃ iː t a t͡ʃ
počítať	p o t͡ʃ iː t a c
poľa	p o ʎ a
poľami	p o ʎ a m i
poľnohospodár	p o ʎ n o ɦ o s p o d aː r
poľný	p o ʎ n iː
poľom	p o ʎ o m
poľu	p o ʎ u
pošva	p o ʃ v a
požívateľný	p o ʒ iː v a t e ʎ n iː
prababa	p r a b a b a
prah	p r a x
prahmi	p r a ɦ m i
prahoch	p r a ɦ o x
prahom	p r a ɦ o m
prahov	p r a ɦ o f
prahu	p r a ɦ u
prahy	p r a ɦ i
praia	p r a i̯ a
prak	p r a k
prakmi	p r a k m i
prakoch	p r a k o x
prakom	p r a k o m
prakov	p r a k o f
praky	p r a k i
prameň	p r a m e ɲ
pravek	p r a v e k
pravítko	p r a v iː t k o
prd	p r̩ t
prebudiť	p r e b u d i c
prebúdzať	p r e b uː d͡z a c
predeliť	p r e d e l i c
predlžovačka	p r e d l̩ ʒ o v a t͡ʃ k a
predpovedať	p r e d p o v e d a c
predsudok	p r e d s u d o k
predvídateľnosť	p r e d v iː d a t e ʎ n o s c
prekážka	p r e k aː ʒ k a
prenasledovať	p r e n a s l e d o v a c
prerobiť	p r e r o b i c
pretória	p r e t oː r i̯ a
prečo	p r e t͡ʃ o
priblíženie	p r i b l iː ʒ e n i̯ e
prievan	p r i̯ e v a n
prievidza	p r i̯ e v i d͡z a
priezor	p r i̯ e z o r
prilba	p r i l b a
priorita	p r i o r i t a
priština	p r i ʃ t i n a
producent	p r o d u t͡s e n t
profík	p r o f iː k
proletariát	p r o l e t a r i aː t
proso	p r o s o
prostata	p r o s t a t a
prosím	p r o s iː m
protilátka	p r o t i l aː t k a
protón	p r o t oː n
prozaickosť	p r o z a i t͡s k o s c
prst	p r̩ s t
prstoklad	p r̩ s t o k l a t
prsť	p r̩ s c
pružina	p r u ʒ i n a
pružný	p r u ʒ n iː
prvomučeník	p r̩ v o m u t͡ʃ e n iː k
prvý	p r̩ v iː
príhoda	p r iː ɦ o d a
príhodný	p r iː ɦ o d n iː
príležitosť	p r iː l e ʒ i t o s c
prístav	p r iː s t a f
prítok	p r iː t o k
príves	p r iː v e s
prívesok	p r iː v e s o k
prízemie	p r iː z e m i̯ e
príčetnosť	p r iː t͡ʃ e t n o s c
prúd	p r uː t
psi	p s i
psoch	p s o x
psov	p s o f
pupienok	p u p i̯ e n o k
pupok	p u p o k
puritán	p u r i t aː n
purizmus	p u r i z m u s
pytliak	p i t l i̯ a k
páchateľ	p aː x a t e ʎ
páde	p aː d e
pádmi	p aː d m i
pádoch	p aː d o x
pádom	p aː d o m
pádov	p aː d o f
pádu	p aː d u
pády	p aː d i
pána	p aː n a
pánsky	p aː n s k i
pásť	p aː s c
páčidlo	p aː t͡ʃ i d l o
pätnásť	p ɛ ɐ̯ t n aː s c
päť	p ɛ ɐ̯ c
píla	p iː l a
píč	p iː t͡ʃ
pôda	p u̯ o d a
pôdorys	p u̯ o d o r i s
pôrod	p u̯ o r o t
pĺž	p l̩ː ʃ
pňami	p ɲ a m i
pňoch	p ɲ o x
pňom	p ɲ o m
pňov	p ɲ o f
pňu	p ɲ u
pŕhľava	p r̩ː ɦ ʎ a v a
pŕhľaviar	p r̩ː ɦ ʎ a v i̯ a r
pŕs	p r̩ː s
quebec	k v i b e k
quito	k i t o
québec	k e b e k
rabat	r a b a t
radla	r a d l a
radlami	r a d l a m i
radlo	r a d l o
radlom	r a d l o m
radlu	r a d l u
radžastan	r a d͡ʒ a s t a n
rak	r a k
rakmi	r a k m i
rakoch	r a k o x
rakov	r a k o f
rakovan	r a k o v a n
rasizmus	r a s i z m u s
raz	r a s
rašelina	r a ʃ e l i n a
rebrami	r e b r a m i
rebrách	r e b r aː x
rebrám	r e b r aː m
registrovaný	r e ɡ i s t r o v a n iː
repica	r e p i t͡s a
respirácia	r e s p i r aː t͡s i̯ a
reykjavík	r e j k j a v iː k
rezanec	r e z a n e t͡s
rezať	r e z a c
rezivo	r e z i v o
rezák	r e z aː k
rešetár	r e ʃ e t aː r
režisér	r e ʒ i s eː r
režisérka	r e ʒ i s eː r k a
riasa	r i̯ a s a
riazaň	r i̯ a z a ɲ
riga	r i ɡ a
riha	r i ɦ a
rite	r i t e
ritiam	r i t i̯ a m
rišo	r i ʃ o
rob	r o p
robiac	r o b i̯ a t͡s
robil	r o b i l
robila	r o b i l a
robilo	r o b i l o
robiť	r o b i c
robí	r o b iː
robím	r o b iː m
robíme	r o b iː m e
robíte	r o b iː t e
robíš	r o b iː ʃ
rojalizmus	r o j a l i z m u s
rojek	r o j e k
rojka	r o j k a
rojko	r o j k o
roman	r o m a n
rosa	r o s a
rosina	r o s i n a
rovnodennosť	r o v n o d e n o s c
rovnosť	r o v n o s c
rozdelenie	r o z d e l e n i̯ e
rozkoš	r o z k o ʃ
rozkrok	r o z k r o k
rozmanitosť	r o z m a n i t o s c
rozmanitý	r o z m a n i t iː
rozmazaný	r o z m a z a n iː
rozmazať	r o z m a z a c
rozvinutý	r o z v i n u t iː
rozšafný	r o z ʃ a f n iː
rudu	r u d u
rudám	r u d aː m
ruke	r u k e
rukojemník	r u k o j e m n iː k
ruky	r u k i
rusko	r u s k o
rusnak	r u s n a k
rusnák	r u s n aː k
ručne	r u t͡ʃ n e
ružomberok	r u ʒ o m b e r o k
rybe	r i b e
rybou	r i b o u
rybu	r i b u
ryby	r i b i
rybách	r i b aː x
rybám	r i b aː m
ryha	r i ɦ a
rys	r i s
ryska	r i s k a
ryš	r i ʃ
ryť	r i c
rádžasthán	r aː d͡ʒ a s t ɦ aː n
ránhojič	r aː n ɦ o j i t͡ʃ
rásť	r aː s c
ráze	r aː z e
rázom	r aː z o m
rúd	r uː t
rúhať	r uː ɦ a c
rúk	r uː k
rýb	r iː p
rýdzik	r iː d͡z i k
rýdzosť	r iː d͡z o s c
rýle	r iː l e
rýli	r iː l i
rýľ	r iː ʎ
rýľa	r iː ʎ a
rýľmi	r iː ʎ m i
rýľoch	r iː ʎ o x
rýľom	r iː ʎ o m
rýľov	r iː ʎ o f
rýľu	r iː ʎ u
sad	s a t
sade	s a d e
sadoch	s a d o x
sadov	s a d o f
sadra	s a d r a
sadza	s a d͡z a
samoderžavie	s a m o d e r ʒ a v i̯ e
samohláska	s a m o ɦ l aː s k a
samolepka	s a m o l e p k a
samuel	s a m u e l
santiago	s a n t i j a ɡ o
sarajevo	s a r a j e v o
satan	s a t a n
satén	s a t eː n
savej	s a v e j
savom	s a v o m
savou	s a v o u
savá	s a v aː
savé	s a v eː
saví	s a v iː
savú	s a v uː
savý	s a v iː
saxofonista	s a k s o f o n i s t a
saxofonistka	s a k s o f o n i s t k a
saxofón	s a k s o f oː n
scenárista	s t͡s e n aː r i s t a
sebecký	s e b e t͡s k iː
sebestačnosť	s e b e s t a t͡ʃ n o s c
sedem	s e ɟ e m
sedemnásť	s e ɟ e m n aː s c
sedmokráska	s e d m o k r aː s k a
seizmológia	s e i z m o l oː ɡ i̯ a
sekať	s e k a c
semafor	s e m a f o r
semenník	s e m e n iː k
sene	s e n e
senegalčan	s e n e ɡ a l t͡ʃ a n
senegalčanka	s e n e ɡ a l t͡ʃ a n k a
senom	s e n o m
seriál	s e r i aː l
sever	s e v e r
sexuologička	s e k s u o l o ɡ i t͡ʃ k a
sexuológ	s e k s u o l oː k
shetland	ʃ e t l e n t
si	s i
siať	s i̯ a c
siedmy	s i̯ e d m i
siete	s i̯ e t e
sieti	s i̯ e t i
sietí	s i̯ e t iː
sieň	s i̯ e ɲ
sieť	s i̯ e c
sih	s i x
singapur	s i n ɡ a p u r
singapurčan	s i n ɡ a p u r t͡ʃ a n
singapurčanka	s i n ɡ a p u r t͡ʃ a n k a
sitina	s i t i n a
sito	s i t o
sitár	s i t aː r
sivý	s i v iː
skleník	s k l e n iː k
sklz	s k l̩ s
skopje	s k o p j e
skoro	s k o r o
skočiť	s k o t͡ʃ i c
skrz	s k r̩ s
slabika	s l a b i k a
slabina	s l a b i n a
slabosť	s l a b o s c
slad	s l a t
sladovka	s l a d o v k a
slepo	s l e p o
slezina	s l e z i n a
slina	s l i n a
sliva	s l i v a
sliz	s l i s
sliziak	s l i z i̯ a k
sliznica	s l i z n i t͡s a
slnovrat	s l n o v r a t
slobodomurárstvo	s l o b o d o m u r aː r s t v o
sloja	s l o j a
sloje	s l o j e
sloji	s l o j i
slojmi	s l o j m i
slojoch	s l o j o x
slojom	s l o j o m
slojov	s l o j o f
sloju	s l o j u
slonej	s l o n e j
slonia	s l o n i̯ a
slonie	s l o n i̯ e
sloniu	s l o n i̯ u
slovensko	s l o v e n s k o
sluchom	s l u x o m
služba	s l u ʒ b a
slza	s l̩ z a
slávik	s l aː v i k
slíž	s l iː ʃ
smažiť	s m a ʒ i c
smelosť	s m e l o s c
smelý	s m e l iː
smilniť	s m i l n i c
smrek	s m r e k
smršť	s m r̩ ʃ c
smrť	s m r̩ c
smutný	s m u t n iː
smútok	s m uː t o k
sneh	s ɲ e x
snehom	s ɲ e ɦ o m
snehu	s ɲ e ɦ u
snehuliak	s n e ɦ u l i̯ a k
soche	s o x e
sociológia	s o t͡s i o l oː ɡ i̯ a
sofia	s o f i̯ a
solidárnosť	s o l i d aː r n o s c
sombrero	s o m b r e r o
sonet	s o n e t
soul	s o u l
sove	s o v e
spermobanka	s p e r m o b a n k a
spiac	s p i̯ a t͡s
spoločenstvo	s p o l o t͡ʃ e n s t v o
spoluhláska	s p o l u ɦ l aː s k a
spolupáchateľ	s p o l u p aː x a t e ʎ
spolužiak	s p o l u ʒ i̯ a k
spontánnosť	s p o n t aː n o s c
spravodlivosť	s p r a v o d l i v o s c
správanie	s p r aː v a n i̯ e
spájkovačka	s p aː j k o v a t͡ʃ k a
spálenisko	s p aː l e n i s k o
spŕch	s p r̩ː x
sranie	s r a n i̯ e
sračka	s r a t͡ʃ k a
srb	s r̩ p
srbčina	s r̩ b t͡ʃ i n a
srdce	s r̩ t t͡s e
srsť	s r̩ s c
starovek	s t a r o v e k
stavec	s t a v e t͡s
stavovec	s t a v o v e t͡s
stať	s t a c
stebiel	s t e b i̯ e l
stebla	s t e b l a
steblo	s t e b l o
steblu	s t e b l u
steblá	s t e b l aː
sto	s t o
stodola	s t o d o l a
stoka	s t o k a
stokami	s t o k a m i
stoke	s t o k e
stokou	s t o k o u
stoku	s t o k u
stoky	s t o k i
stokách	s t o k aː x
stokár	s t o k aː r
stokári	s t o k aː r i
stokárka	s t o k aː r k a
stotisíci	s t o t i s iː t͡s i
straka	s t r a k a
stranami	s t r a n a m i
stranu	s t r a n u
strany	s t r a n i
stranách	s t r a n aː x
stranám	s t r a n aː m
streche	s t r e x e
strechou	s t r e x o u
strechu	s t r e x u
strechy	s t r e x i
stredovek	s t r e d o v e k
strelec	s t r e l e t͡s
strelivo	s t r e l i v o
striech	s t r i̯ e x
strieľať	s t r i̯ e ʎ a c
strk	s t r̩ k
strák	s t r aː k
strúhadlo	s t r uː ɦ a d l o
strúhať	s t r uː ɦ a c
strč	s t r̩ t͡ʃ
strž	s t r̩ ʃ
studňa	s t u d ɲ a
stvorenie	s t v o r e n i̯ e
stvoriť	s t v o r i c
stádo	s t aː d o
stárež	s t aː r e ʃ
stôk	s t u̯ o k
stĺcť	s t l̩ː t͡s c
stĺp	s t l̩ː p
sudlica	s u d l i t͡s a
sudán	s u d aː n
sumec	s u m e t͡s
surrealizmus	s u r e a l i z m u s
sval	s v a l
svale	s v a l e
svalmi	s v a l m i
svaloch	s v a l o x
svalom	s v a l o m
svalov	s f a l o f
svalu	s v a l u
svaly	s v a l i
sveter	s v e t e r
svietiť	s v i̯ e t i c
sviňa	s v i ɲ a
svätá	s v ɛ ɐ̯ t aː
sväté	s v ɛ ɐ̯ t eː
svätí	s v ɛ ɐ̯ t iː
svätú	s v ɛ ɐ̯ t uː
svíb	s v iː p
sylogizmus	s i l o ɡ i z m u s
syn	s i n
syra	s i r a
syre	s i r e
syrmi	s i r m i
syroch	s i r o x
syrom	s i r o m
syrov	s i r o f
syru	s i r u
syry	s i r i
sánky	s aː n k i
sídlisko	s iː d l i s k o
sólista	s oː l i s t a
sólistka	s oː l i s t k a
súdiť	s uː d i c
súčasník	s uː t͡ʃ a s n iː k
sýpka	s iː p k a
sčítanie	s t͡ʃ iː t a n i̯ e
sĺnc	s l̩ː n t͡s
sĺnk	s l̩ː n k
sĺz	s l̩ː s
sľúbiť	s ʎ uː b i c
sŕdc	s r̩ː t͡s
sŕn	s r̩ː n
sťažeň	s c a ʒ e ɲ
tajomstvo	t a j o m s t v o
takže	t a k ʒ e
tallinn	t a l i n
tamariška	t a m a r i ʃ k a
tamilnádu	t a m i l n aː d u
tanečnica	t a ɲ e t͡s ɲ i t͡s a
tanzánia	t a n z aː n i̯ a
tatiana	t a t i̯ a n a
tautológia	t a u t o l oː ɡ i̯ a
taškent	t a ʃ k e n t
tbilisi	t b i l i s i
tchor	t x o r
teba	t e b a
tegucigalpa	t e ɡ u t͡s i ɡ a l p a
teherán	t e ɦ e r aː n
tehotenstvo	t e ɦ o t e n s t v o
telefonovať	t e l e f o n o v a c
temena	t e m e n a
temene	t e m e n e
temeno	t e m e n o
temenu	t e m e n u
temená	t e m e n aː
temer	t e m e r
temien	t e m i̯ e n
tenkí	t e n k iː
tenkú	t e n k uː
teológia	t e o l oː ɡ i̯ a
teoretik	t e o r e t i k
teplú	t e p l uː
tepna	t e p n a
teritórium	t e r i t oː r i̯ u m
terorizmus	t e r o r i z m u s
tetami	t e t a m i
tete	t e t e
tetovanie	t e t o v a n i̯ e
tetragón	t e t r a ɡ oː n
tetu	t e t u
tety	t e t i
tetách	t e t aː x
tetám	t e t aː m
teória	t e oː r i̯ a
thajsko	t ɦ a j s k o
tichú	t i x uː
tiecť	c i̯ e t͡s c
tiene	t i̯ e n e
tieni	t i̯ e n i
tiet	t i̯ e t
tieňa	t i̯ e ɲ a
tieňoch	t i̯ e ɲ o x
tieňom	t i̯ e ɲ o m
tieňu	t i̯ e ɲ u
tikať	t i k a c
tirana	t i r a n a
tisíc	c i s iː t͡s
tisíci	c i s iː t͡s i
tisícina	t i s iː t͡s i n a
tisícročie	t i s iː t͡s r o t͡ʃ i̯ e
topoľ	t o p o ʎ
toronto	t o r o n t o
továreň	t o v aː r e ɲ
tradicionalizmus	t r a d i t͡s i o n a l i z m u s
trajektória	t r a j e k t oː r i̯ a
traktorista	t r a k t o r i s t a
trampolína	t r a m p o l iː n a
tretí	t r e c i
trh	t r̩ x
tri	t r i
tridsať	t r i t͡s a c
triezvosť	t r i̯ e z v o s c
trinásť	t r i n aː s c
triolet	t r i o l e t
tripolis	t r i p o l i s
trnava	t r n a v a
trs	t r̩ s
trsť	t r̩ s c
trávnik	t r aː v n i k
tuhí	t u ɦ iː
tuhú	t u ɦ uː
tukmi	t u k m i
tukoch	t u k o x
tukom	t u k o m
tukov	t u k o f
tulipán	t u l i p aː n
tunis	t u n i s
tunisko	t u n i s k o
turban	t u r b a n
turkménsko	t u r k m eː n s k o
turmi	t u r m i
turoch	t u r o x
turom	t u r o m
turov	t u r o f
tury	t u r i
tvoj	t v o j
tvrdohlavosť	t v r̩ d o ɦ l a v o s c
tvŕdz	t v r̩ː t͡s
tykadlo	t i k a d l o
tyla	t i l a
tylami	t i l a m i
tyle	t i l e
tylo	t i l o
tylom	t i l o m
tylu	t i l u
tylá	t i l aː
typografia	t i p o ɡ r a f i̯ a
tyrkys	t i r k i s
túh	t uː x
túha	t uː ɦ a
túhe	t uː ɦ e
túhou	t uː ɦ o u
túhu	t uː ɦ u
túhy	t uː ɦ i
týl	t iː l
tĺcť	t l̩ː t͡s c
tĺk	t l̩ː k
tŕň	t r̩ː ɲ
ucha	u x a
uchami	u x a m i
uchom	u x o m
uchu	u x u
uchá	u x aː
uchách	u x aː x
uchám	u x aː m
uganda	u ɡ a n d a
uganďan	u ɡ a n ɟ a n
uganďanka	u ɡ a n ɟ a n k a
uhla	u ɦ l a
uhlami	u ɦ l a m i
uhle	u ɦ l e
uhlie	u ɦ l i̯ e
uhloch	u ɦ l o x
uhlom	u ɦ l o m
uhlov	u ɦ l o f
uhlu	u ɦ l u
uhor	u ɦ o r
uja	u j a
ujca	u j t͡s a
ujcoch	u j t͡s o x
ujcom	u j t͡s o m
ujcov	u j t͡s o f
ujcovi	u j t͡s o v i
ujoch	u j o x
ujom	u j o m
ujov	u j o f
ujovi	u j o v i
ukameňovať	u k a m e ɲ o v a c
ulanbátar	u l a n b aː t a r
umelá	u m e l aː
umelé	u m e l eː
umelí	u m e l iː
umelý	u m e l iː
umieráčik	u m i̯ e r aː t͡ʃ i k
upír	u p iː r
uraninit	u r a n i n i t
uspávanka	u s p aː v a n k a
uterák	u t e r aː k
utilitarizmus	u t i l i t a r i z m u s
uzmout	u z m o u t
uzol	u z o l
uzurpovať	u z u r p o v a c
učeň	u t͡ʃ e ɲ
učiteľ	u t͡ʃ i t e ʎ
učiteľka	u t͡ʃ i t e ʎ k a
učiť	u t͡ʃ i c
ušami	u ʃ a m i
uši	u ʃ i
ušiam	u ʃ i̯ a m
uší	u ʃ iː
vaduz	v a d u s
vaječník	v a j e t͡ʃ n iː k
val	v a l
valletta	v a l e t a
vandalizmus	v a n d a l i z m u s
variť	v a r i c
varna	v a r n a
vavrín	v a v r iː n
vdova	v d o v a
vdovec	v d o v e t͡s
veda	v e d a
vedami	v e d a m i
vede	v e d e
vedieť	v e d i̯ e c
vedou	v e d o u
vedu	v e d u
vedy	v e d i
vedách	v e d aː x
vedám	v e d aː m
vegetariánstvo	v e ɡ e t a r i aː n s t v o
veka	v e k a
vekami	v e k a m i
vekmi	v e k m i
vekoch	v e k o x
vekom	v e k o m
vekov	f e k o f
veku	v e k u
veky	v e k i
veká	v e k aː
vekách	v e k aː x
vekám	v e k aː m
vemeno	v e m e n o
venezuela	v e n e z u e l a
veno	v e n o
veronika	v e r o ɲ iː k a
vesiel	v e s i̯ e l
veslami	v e s l a m i
vetchý	v e t x iː
veterinárstvo	v e t e r i n aː r s t v o
vetra	v e t r a
vetrami	v e t r a m i
vetre	v e t r e
vetroch	v e t r o x
vetrom	v e t r o m
vetrov	f e t r o f
vetru	v e t r u
vetry	v e t r i
večernica	v e t͡ʃ e r n i t͡s a
veľkohubosť	v e ʎ k o ɦ u b o s c
veľryba	v e ʎ r i b a
veštiť	v e ʃ t i c
video	v i d e o
vidiek	v i ɟ i eː k
vied	v i̯ e t
viek	v i̯ e k
vier	v i̯ e r
vierach	v i̯ e r a x
vieram	v i̯ e r a m
vierami	v i̯ e r a m i
viere	v i̯ e r e
vierohodnosť	v i̯ e r o ɦ o d n o s c
vieru	v i̯ e r u
vietnam	v i̯ e t n a m
viktória	v i k t oː r i̯ a
vincent	v i n t͡s e n t
vinohradníctvo	v i n o ɦ r a d n iː t͡s t v o
vlažný	v l a ʒ n iː
vlha	v l̩ ɦ a
vlk	v l̩ k
vlkolak	v l̩ k o l a k
vltava	v l̩ t a v a
vláknica	v l aː k ɲ i t͡s a
vláknice	v l aː k ɲ i t͡s e
vlákno	v l aː k n o
vlčica	v l̩ t͡ʃ i t͡s a
vodka	v o t k a
vojna	v o j n a
vojny	v o j n i
vokatív	v ɔ k a t iː u̯
volant	v o l a n t
volmi	v o l m i
voloch	v o l o x
volom	v o l o m
von	v o n
vorkoholizmus	v o r k o ɦ o l i z m u s
voľba	v o ʎ b a
vrane	v r a n e
vranou	v r a n o u
vranu	v r a n u
vrany	v r a n i
vraný	v r a n iː
vratič	v r a t i t͡ʃ
vraňou	v r a ɲ o u
vrch	v r̩ x
vrchol	v r̩ x o l
vrh	v r̩ x
vrt	v r̩ t
vrán	v r aː n
vrása	v r aː s a
vráska	v r aː s k a
vrásnenie	v r aː s n e n i̯ e
vrátanie	v r aː t a n i̯ e
vrš	v r̩ ʃ
vtieravý	v t i̯ e r a v iː
vtip	v t i p
vtĺcť	v t l̩ː t͡s c
vulkanológia	v u l k a n o l oː ɡ i̯ a
vydavateľstvo	v i d a v a t e ʎ s t v o
vydediť	v i d e d i c
vykonateľnosť	v i k o n a t e ʎ n o s c
vykonateľný	v i k o n a t e ʎ n iː
vyrásť	v i r aː s c
vyrážka	v i r aː ʒ k a
vyspelý	v i s p e l iː
vzbudiť	v z b u d i c
väz	v ɛ ɐ̯ s
väzeň	v ɛ ɐ̯ z e ɲ
víla	v iː l a
vôd	v u̯ o t
vôdzka	v ʊ̯ ɔ t s k a
vôňa	v u̯ o ɲ a
výber	v iː b e r
výbušnina	v iː b u ʃ n i n a
výhovorka	v iː ɦ o v o r k a
výrečnosť	v iː r e t͡ʃ n o s c
výrobca	v iː r o b t͡s a
vĺh	v l̩ː x
vĺn	v l̩ː n
vĺča	v l̩ː t͡ʃ a
vŕb	v r̩ː p
vŕba	v r̩ː b a
vŕš	v r̩ː ʃ
wales	u e l s
wales	v e j l s
washington	v o ʃ i n k t o n
whisky	v i s k i
wikipédia	v i k i p eː d i̯ a
windhoek	v i n d ɦ u k
xantipa	k s a n t i p a
xenón	k s e n oː n
xylofón	k s i l o f oː n
xylograf	k s i l o ɡ r a f
yeti	j e t i
ymca	i m k a
yzop	i z o p
zabiť	z a b i c
zahojiť	z a ɦ o j i c
zamestnanec	z a m e s t n a n e t͡s
zanedbať	z a n e d b a c
zapaľovač	z a p a ʎ o v a t͡ʃ
zarásť	z a r aː s c
zaspať	z a s p a c
zbabelec	z b a b e l e t͡s
zbabelosť	z b a b e l o s c
zbabelý	z b a b e l iː
zem	z e m
zeus	z e u s
zhorenisko	z ɦ o r e n i s k o
zhorieť	z ɦ o r i̯ e c
zima	z i m a
zime	z i m e
zimu	z i m u
zitu	z i t u
zlej	z l e j
zliatina	z l i̯ a t i n a
zloch	z l o x
zlocha	z l o x a
zlochová	z l o x o v aː
zlom	z l o m
zlomenina	z l o m ɛ ɲ i n a
zlou	z l o u
zložitý	z l o ʒ i t iː
zlé	z l eː
zlému	z l eː m u
zlú	z l uː
zlý	z l iː
zmijach	z m i j a x
zmijam	z m i j a m
zmijami	z m i j a m i
zmije	z m i j e
zmiji	z m i j i
zmijou	z m i j o u
zmiju	z m i j u
zmijí	z m i j iː
zmrd	z m r̩ t
zolvica	z o l v i t͡s a
zombi	z o m b i
zombie	z o m b i̯ e
zornica	z o r n i t͡s a
zoženštenosť	z o ʒ e n ʃ t e n o s c
zrelosť	z r e l o s c
zuba	z u b a
zubami	z u b a m i
zube	z u b e
zubmi	z u b m i
zuboch	z u b o x
zubom	z u b o m
zubov	z u b o f
zubu	z u b u
zverolekárstvo	z v e r o l e k aː r s t v o
zábradlie	z aː b r a d l i̯ e
zámožnosť	z aː m o ʒ n o s c
zápalka	z aː p a l k a
zápestie	z aː p e s t i̯ e
záplata	z aː p l a t a
zárez	s aː r e s
zármutok	z aː r m u t o k
závet	z aː v e t
závideniahodný	z aː v i d e n i̯ a ɦ o d n iː
závislosť	z aː v i s l o s c
závislý	z aː v i s l iː
závora	z aː v o r a
závrat	z aː v r a t
zŕn	z r̩ː n
ázijčan	aː z i j t͡ʃ a n
ázijčanka	aː z i j t͡ʃ a n k a
ångström	a ŋ k s t r e m
íl	iː l
ílovec	iː l o v e t͡s
íris	iː r i s
ópium	oː p i j u m
ô	u̯ o
ôk	u̯ o k
ôs	u̯ o s
ôsmy	u̯ o s m i
úch	uː x
úloha	uː l o ɦ a
úpal	uː p a l
úplatkárstvo	uː p l a t k aː r s t v o
úľ	uː ʎ
úžas	uː ʒ a s
úžera	uː ʒ e r a
úžerník	uː ʒ e r n iː k
čadič	t͡ʃ a d i t͡ʃ
čajový	t͡ʃ a j o v iː
čajovňa	t͡ʃ a j o v ɲ a
čakáreň	t͡ʃ a k aː r e ɲ
čamorčina	t͡ʃ a m o r t͡ʃ i n a
čandígarh	t͡ʃ a n d iː ɡ a r x
čapík	t͡ʃ a p iː k
čardáš	t͡ʃ a r d aː ʃ
časmi	t͡ʃ a s m i
časoch	t͡ʃ a s o x
časom	t͡ʃ a s o m
časopis	t͡ʃ a s o p i s
časov	t͡ʃ a s o f
častuška	t͡ʃ a s t u ʃ k a
času	t͡ʃ a s u
časy	t͡ʃ a s i
čech	t͡ʃ e x
čecha	t͡ʃ e x a
čechmi	t͡ʃ e x m i
čechoch	t͡ʃ e x o x
čechom	t͡ʃ e x o m
čechov	t͡ʃ e x o f
čechovi	t͡ʃ e x o v i
čechračka	t͡ʃ e x r a t͡ʃ k a
čerebľa	t͡ʃ e r e b ʎ a
čerešňovica	t͡ʃ e r e ʃ ɲ o v i t͡s a
červivý	t͡ʃ e r v i v iː
česať	t͡ʃ e s a c
česi	t͡ʃ e s i
česko	t͡ʃ e s k o
čečensko	t͡ʃ e t͡ʃ e n s k o
čeľabinsk	t͡ʃ e ʎ a b i n s k
čhattísgarh	t͡ʃ x a t iː s ɡ a r x
čias	t͡ʃ i̯ a s
čierna	t͡ʃ i̯ e r n a
čiernohorský	t͡ʃ i̯ e r n o ɦ o r s k iː
čile	t͡ʃ i l e
činka	t͡ʃ i n k a
činný	t͡ʃ i n iː
čkavka	t͡ʃ k a v k a
členstvo	t͡ʃ l e n s t v o
čremcha	t͡ʃ r e m x a
črevný	t͡ʃ r e v n iː
črtami	t͡ʃ r̩ t a m i
črte	t͡ʃ r̩ t e
črtou	t͡ʃ r̩ t o u
črtu	t͡ʃ r̩ t u
črty	t͡ʃ r̩ t i
črtách	t͡ʃ r̩ t aː x
črtám	t͡ʃ r̩ t aː m
čuch	t͡ʃ u x
čuchový	t͡ʃ u x o v iː
čvíkota	t͡ʃ v iː k o t a
čŕt	t͡ʃ r̩ː t
ďakovať	ɟ a k o v a c
ďalekopis	ɟ a l e k o p i s
ďalekozrakosť	ɟ a l e k o z r a k o s c
ďasien	ɟ a s i̯ e n
ďasna	ɟ a s n a
ďasnami	ɟ a s n a m i
ďasne	ɟ a s n e
ďasno	ɟ a s n o
ďasnom	ɟ a s n o m
ďasnu	ɟ a s n u
ďasná	ɟ a s n aː
ďasnách	ɟ a s n aː x
ďasnám	ɟ a s n aː m
ďumbier	ɟ u m b i̯ e r
ďumbierový	ɟ u m b i̯ e r o v iː
ľade	ʎ a d e
ľadom	ʎ a d o m
ľadovec	ʎ a d o v e t͡s
ľadu	ʎ a d u
ľan	ʎ a n
ľubica	ʎ u b i t͡s a
ľubľana	ʎ u b ʎ a n a
ľud	ʎ u t
ľudstvo	ʎ u d s t v o
ľúbiť	ʎ uː b i c
ňom	ɲ o m
ňu	ɲ u
šampiňón	ʃ a m p i ɲ ɔː n
šanghaj	ʃ a n ɡ ɦ a j
šarkan	ʃ a r k a n
šepkať	ʃ e p k a c
šestnásť	ʃ e s t n aː s c
šesť	ʃ e s c
šesťuholník	ʃ e s c u ɦ o l n iː k
šešuľa	ʃ e ʃ u ʎ a
šiesta	ʃ i̯ e s t a
šieste	ʃ i̯ e s t e
šiesti	ʃ i̯ e s t i
šiestu	ʃ i̯ e s t u
šiesty	ʃ i̯ e s t i
šikanovanie	ʃ i k a n o v a n i̯ e
škrabať	ʃ k r a b a c
škriabať	ʃ k r i̯ a b a c
škrkavka	ʃ k r k a ʊ̯ k a
škrt	ʃ k r̩ t
škrtnúť	ʃ k r̩ t n uː c
škvŕn	ʃ k v r̩ː n
škôl	ʃ k u̯ o l
šmirgeľ	ʃ m i r ɡ e ʎ
šmrnc	ʃ m r n̩ t͡s
šoférka	ʃ o f eː r k a
šoférovať	ʃ o f eː r o v a c
špička	ʃ p i t͡ʃ k a
šplh	ʃ p l̩ x
šprt	ʃ p r̩ t
štedrosť	ʃ t e d r o s c
štedrý	ʃ t e d r iː
štekať	ʃ t e k a c
štetín	ʃ t e t iː n
štikútať	ʃ t i k uː t a c
štikútka	ʃ t i k uː t k a
štokholm	ʃ t o k ɦ o l m
štrasburg	ʃ t r a s b u r k
štrk	ʃ t r̩ k
štrnásť	ʃ t r n aː s c
štvoruholník	ʃ t v o r u ɦ o l n iː k
štvrtý	ʃ t v r̩ t iː
štvrť	ʃ t v r̩ c
štvrťhrsť	ʃ t v r̩ c ɦ r̩ s c
štyri	ʃ t i r i
štyridsať	ʃ t i r i t͡s a c
štít	ʃ t iː t
šuhaj	ʃ u ɦ a j
šum	ʃ u m
šumný	ʃ u m n iː
šušlať	ʃ u ʃ l a c
švihadlo	ʃ v i ɦ a d l o
šípa	ʃ iː p a
šípe	ʃ iː p e
šípmi	ʃ iː p m i
šípoch	ʃ iː p o x
šípom	ʃ iː p o m
šípov	ʃ iː p o f
šípu	ʃ iː p u
šípy	ʃ iː p i
šľacha	ʃ ʎ a x a
šťastie	ʃ c a s c i̯ e
šťastný	ʃ c a s t n iː
šťuka	ʃ c u k a
šťuke	ʃ c u k e
šťuku	ʃ c u k u
šťuky	ʃ c u k i
šťúk	ʃ c uː k
ťa	c a
ťarbavý	c a r b a v iː
žabe	ʒ a b e
žabou	ʒ a b o u
žabu	ʒ a b u
žaby	ʒ a b i
žabám	ʒ a b aː m
žaluď	ʒ a l u c
žartovnosť	ʒ a r t o v n o s c
žbŕnd	ʒ b r̩ː n t
žehlička	ʒ e ɦ l i t͡ʃ k a
železnica	ʒ e l e z n i t͡s a
žena	ʒ e n a
ženeva	ʒ e n e v a
ženích	ʒ e n iː x
žiaľ	ʒ i̯ a ʎ
žihľava	ʒ i ɦ ʎ a v a
žile	ʒ i l e
žilina	ʒ i l i n a
žilou	ʒ i l o u
žilu	ʒ i l u
žily	ʒ i l i
život	ʒ i v o t
živočíšnosť	ʒ i v o t͡ʃ iː ʃ n o s c
žlč	ʒ l̩ t͡ʃ
žlčník	ʒ l̩ t͡ʃ n iː k
žlť	ʒ l̩ c
žobrák	ʒ o b r aː k
žoldnier	ʒ o l d n i̯ e r
žralok	ʒ r a l o k
žrď	ʒ r̩ c
žul	ʒ u l
žula	ʒ u l a
žuli	ʒ u l i
žurnalistka	ʒ u r n a l i s t k a
žíl	ʒ iː l
žízeň	ʒ iː z e ɲ
žľaza	ʒ ʎ a z a
