abeceda	a b ɛ t͡s ɛ d a
adama	a d a m a
adamami	a d a m a m i
adamoch	a d a m ɔ x
adamom	a d a m ɔ m
adamov	a d a m ɔ u̯
adamovi	a d a m ɔ v i
adamovia	a d a m ɔ v i̯ a
adelka	a d ɛ ɫ k a
adjektívum	a d j ɛ k t iː v u m
ado	a d ɔ
adolf	a d o ɫ f
afrika	a f r i k a
afrike	a f r i k ɛ
afrikou	a f r i k ɔ u̯
afriku	a f r i k u
afriky	a f r i k i
afrikánec	a f r i k aː ɲ ɛ t͡s
agnesa	a ɡ n ɛ s a
agáta	a ɡ aː t a
ahoj	a ɦ ɔ j
aids	a j t͡s
aids	ɛ j t͡s
ak	a k
akcia	a k t͡s i a
ako	a k ɔ
akonáhle	a k ɔ n aː ɦ l ɛ
aktivovať	a k t i v o v a c
aktualizovaný	a k t u a l i z o v a n iː
aktualizovať	a k t u a l i z o v a c
aktualizácia	a k t u a l i z aː t͡s i a
aktínium	a k t iː n i u m
akuzatív	a k u z a t iː u̯
aký	a k iː
akýkoľvek	a k iː k ɔ ʎ v ɛ k
alah	a ɫ a x
alan	a ɫ a n
alandy	a ɫ a n d i
albánsky	a ɫ b aː n s k i
albánčina	a ɫ b aː n t͡ʃ i n a
albín	a ɫ b iː n
albína	a ɫ b iː n a
alebo	a l ɛ b ɔ
alena	a l ɛ n a
alexander	a l ɛ k s a n d ɛ r
alexej	a l ɛ k s ɛ j
aleš	a l ɛ ʃ
alfonz	a ɫ f ɔ n s
alfréd	a ɫ f r ɛː t
alibi	a l i b i
alica	a l i t͡s a
aljaška	a lʲ a ʃ k a
alka	a ɫ k a
alkohol	a ɫ k ɔ ɦ ɔ ɫ
alkoholický	a l k ɔ h ɔ l i t͡s k iː
alkoholik	a ɫ k ɔ ɦ ɔ l i k
almanach	a l m a n a x
alojz	a ɫ ɔ j s
alpy	a l p i
altruizmus	a ɫ t r u i z m u s
alánd	a ɫ aː n t
ambróz	a m b r ɔ s
americký	a m ɛ r i t͡s k iː
američan	a m ɛ r i t͡ʃ a n
američanka	a m ɛ r i t͡ʃ a ŋ k a
amerícium	a m ɛ r iː t͡s i u m
amnézia	a m n ɛː z i a
amália	a m aː l i a
anabela	a n a b ɛ ɫ a
anamnéza	a n a m n ɛː z a
ananás	a n a n aː s
anaxagoras	a n a k s a ɡ o r a s
andrea	a n d r ɛ a
andrej	a n d r ɛ j
andulka	a n d u ɫ k a
anglicko	a ŋ ɡ l i t͡s k ɔ
angličtina	a ŋ ɡ l i t͡ʃ c i n a
ani	a ɲ i
anjel	a ɲ i̯ ɛ ɫ
annu	a n n u
antimón	a n t i m ɔː n
antisemita	a n t i s ɛ m i t a
anton	a n t ɔ n
antónia	a n t ɔː n i a
aperitív	a p ɛ r i t iː w
apríl	a p r iː ɫ
arabčina	a r a p t͡ʃ i n a
aragonit	a r a ɡ ɔ n i t
archeológia	a r x ɛ ɔ ɫ ɔː ɡ i a
architektúra	a r x i t ɛ k t uː r a
arcibiskup	a r t͡s i b i s k u p
argón	a r ɡ ɔː n
aristoteles	a r i s t ɔ t ɛ l ɛ s
arménsko	a r m ɛː n s k ɔ
arménčina	a r m ɛː n t͡ʃ i n a
arnold	a r n ɔ l d
arpád	a r p aː t
artritída	a r t r i t iː d a
artúr	a r t uː r
arzén	a r z ɛː n
astronóm	a s t r ɔ n ɔː m
astronómia	a s t r ɔ n ɔː m i a
astát	a s t aː t
ateizmus	a t ɛ i z m u s
atrament	a t r a m ɛ n t
atóm	a t ɔː m
atómový	a t ɔː m ɔ v iː
augustín	a u̯ ɡ u s t iː n
aurel	a u̯ r ɛː ɫ
auta	a u̯ t a
autami	a u̯ t a m i
aute	a u̯ c ɛ
auto	a u̯ t ɔ
autobus	a u̯ t ɔ b u s
autom	a u̯ t ɔ m
autostráda	a u̯ t ɔ s t r aː d a
autu	a u̯ t u
autách	a u̯ t aː x
autám	a u̯ t aː m
azda	a z d a
baba	b a b a
babona	b a b ɔ n a
baht	b aː t
baktéria	b a k t ɛː r i a
baktérie	b a k t ɛː r i ɛ
baleáry	b a l ɛ aː r i
bambus	b a m b u s
bambusový	b a m b u s ɔ v iː
banka	b a n k a
bankami	b a ŋ k a m i
banke	b a ŋ k ɛ
bankovka	b a n k ɔ u̯ k a
banku	b a ŋ k u
banky	b a ŋ k i
banán	b a n aː n
baníctvo	b a ɲ iː t͡s v ɔ
baník	b a ɲ iː k
bara	b a r a
barbara	b a r b a r a
barbora	b a r b ɔ r a
bartolomej	b a r t ɔ ɫ ɔ m ɛ j
bača	b a t͡ʃ a
baňa	b a ɲ a
bažant	b a ʒ a n t
bedminton	b ɛː d m i n t ɔ n
bedro	b ɛː d r ɔ
beh	b ɛ x
behať	b ɛ ɦ a c
belasý	b e l a s iː
belgicko	b ɛ ɫ ɡ i t͡ʃ k ɔ
belo	b ɛ ɫ ɔ
benjamín	b ɛ n j a m iː n
benzín	b ɛ n z iː n
benzínka	b ɛ n z iː n k a
berkélium	b ɛ r k ɛː l i u m
berlín	b ɛ r l iː n
bernard	b ɛ r n a r d
berta	b ɛ r t a
berýlium	b ɛ r iː l i u m
beskydy	b ɛ s k i d i
betón	b ɛ t ɔː n
bez	b ɛ s
bezcharakterný	b ɛ s x a r a k t ɛ r n iː
beznádej	b ɛ z n aː ɟ ɛ j
bezo	b ɛ z ɔ
bezpečnosť	b ɛ s p ɛ t͡ʃ n ɔ s c
beátka	b ɛ aː t k a
beňadik	b ɛ ɲ a ɟ i k
beňo	b ɛ ɲ ɔ
bežať	b ɛ ʒ a c
bianka	b i̯ a ŋ k a
bibiána	b i b i aː n a
bicykel	b i t͡s i k ɛ ɫ
bielizeň	b i̯ ɛ l i z ɛ ɲ
bielizník	b i̯ ɛ l i z ɲ iː k
bielorusko	b i̯ ɛ ɫ ɔ r u s k ɔ
bieloruština	b i̯ ɛ ɫ ɔ r u ʃ c i n a
biely	b i̯ ɛ l i
biológia	b i ɔ ɫ ɔː ɡ i a
biotit	b i o t i t
birmovanie	b i r m ɔ v a ɲ i̯ ɛ
birmovka	b i r m ɔ u̯ k a
bisexualita	b i s ɛ k s u a l i t a
biskup	b i s k u p
bislama	b i s ɫ a m a
bizmut	b i z m u t
blahoslav	b ɫ a ɦ ɔ s ɫ a u̯
blamáž	b l a m aː ʃ
blanka	b ɫ a ŋ k a
blažej	b ɫ a ʒ ɛ j
blažena	b ɫ a ʒ ɛ n a
blcha	b ɫ̩ x a
bližší	b l i ʃ ʃ iː
blázon	b ɫ aː z ɔ n
bobona	b ɔ b ɔ n a
bocian	b ɔ t͡s i̯ a n
bodka	b ɔ t k a
bodkočiarka	b ɔ t k ɔ t͡ʃ i̯ a r k a
bodliak	b ɔ d l i̯ a k
bodnúť	b ɔ d n uː c
boh	b ɔ x
bohatý	b ɔ ɦ a t iː
bohdan	b ɔ ɦ d a n
bohdana	b ɔ ɦ d a n a
bohemizmus	b ɔ ɦ ɛ m i z m u s
bohrium	b ɔ r i u m
bohumil	b ɔ ɦ u m i ɫ
bohumír	b ɔ ɦ u m iː r
bohuslav	b ɔ ɦ u s l a u̯
bohuslava	b ɔ ɦ u s l a v a
bohuš	b ɔ ɦ u ʃ
bohužiaľ	b ɔ ɦ u ʒ i̯ a ʎ
bohyňa	b o ɦ i ɲ a
boháč	b ɔ ɦ aː t͡ʃ
bojovať	b ɔ j ɔ v a c
boleslav	b ɔ l ɛ s l a u̯
bolesť	b ɔ l ɛ s c
bologna	b o l o ɲ a
bomba	b ɔ m b a
bombardovať	b ɔ m b a r d ɔ v a c
borec	b ɔ r ɛ t͡s
boris	b ɔ r i s
borovicový	b ɔ r ɔ v i t͡s ɔ v iː
bosorák	b ɔ s ɔ r aː k
botanika	b ɔ t a n i k a
botanizovať	b ɔ t a n i z ɔ v a c
bozk	b ɔ s k
bozkať	b ɔ s k a c
bože	b ɔ ʒ ɛ
božica	b ɔ ʒ i t͡s a
božidara	b ɔ ʒ i d a r a
božtek	b ɔ ʃ c ɛ k
brada	b r a d a
bradatý	b r a d a t iː
branislav	b r a ɲ i s ɫ a u̯
branislava	b r a ɲ i s l a v a
brat	b r a t
brata	b r a t a
bratislave	b r a c i s ɫ a v ɛ
bratislavou	b r a c i s ɫ a v ɔ u̯
bratislavu	b r a c i s ɫ a v u
bratislavy	b r a c i s ɫ a v i
bratislavčan	b r a c i s l a u̯ t͡ʃ a n
bratranec	b r a t r a n e t͡s
brazílski	b r a z iː ɫ s k i
braček	b r a t͡ʃ ɛ k
braňa	b r a ɲ a
braňo	b r a ɲ ɔ
brdo	b r̩ d ɔ
breh	b r ɛ x
breza	b r ɛ z a
brečtan	b r ɛ t͡ʃ t a n
briadka	b r i̯ a t k a
brigita	b r i ɡ i t a
brita	b r i t a
brloh	b r̩ ɫ ɔ x
bronislava	b r ɔ ɲ i s l a v a
broskyňa	b r ɔ s k i ɲ a
brucho	b r u x ɔ
bruchomluvec	b r u x ɔ m l u v ɛ t͡s
brusel	b r u s ɛ ɫ
bruško	b r u ʃ k ɔ
bryndza	b r i n d͡z a
brány	b r aː n i
brázda	b r aː z d a
bróm	b r ɔː m
budova	b u d ɔ v a
budyšín	b u d i ʃ iː n
budúci	b u d uː t͡s i
bukurešť	b u k u r ɛ ʃ c
bulharsko	b u ɫ ɦ a r s k ɔ
bulharčina	b u ɫ ɦ a r t͡ʃ i n a
bunda	b u n d a
bystrica	b i s t r i t͡s a
bystrík	b i s t r iː k
bystrý	b i s t r iː
byt	b i t
byť	b i c
báb	b aː p
bábika	b aː b i k a
bábka	b aː b k a
bárium	b aː r i u m
báseň	b aː s ɛ ɲ
básnik	b aː s ɲ i k
bór	b ɔː r
bôľ	b u̯ ɔ ʎ
cadik	t͡s a d i k
cap	t͡s a p
capina	t͡s a p i n a
carihrad	t͡ʃ a r i ɦ r a t
cech	t͡s ɛ x
celebrita	t͡s ɛ l ɛ b r i t a
celiakia	t͡s ɛ l i a k i a
celý	t͡s ɛ l iː
cencúľ	t͡s ɛ n t͡s uː ʎ
cenník	t͡s ɛ n ɲ iː k
cep	t͡s ɛ p
ceruza	t s ɛ r u z a
ceruzka	t͡s ɛ r u s k a
cesnak	t͡s ɛ s n a k
cesta	t͡s ɛ s t a
cesto	t͡s ɛ s t ɔ
cestovateľ	t͡s ɛ s t ɔ v a c ɛ ʎ
cestovina	t͡s ɛ s t ɔ v i n a
cestár	t͡s ɛ s t aː r
cez	t͡s ɛ s
cez	t͡s ɛ z
ch	x
chalan	x a ɫ a n
chameleón	x a m ɛ l ɛ ɔː n
charakter	x a r a k t ɛ r
chladný	x ɫ a d n iː
chlap	x l a p
chlapa	x ɫ a p a
chlapec	x ɫ a p ɛ t͡s
chlapi	x ɫ a p i
chlapmi	x ɫ a p m i
chlapoch	x ɫ a p ɔ x
chlapom	x ɫ a p ɔ m
chlapov	x ɫ a p ɔ u̯
chlapovi	x ɫ a p ɔ v i
chleba	x l ɛ b a
chlm	x ɫ̩ m
chlór	x ɫ ɔː r
chmeľ	x m ɛ ʎ
chodidlo	x ɔ ɟ i d ɫ ɔ
chodiť	x ɔ ɟ i c
chodník	x ɔ d ɲ iː k
cholera	x ɔ l ɛ r a
choroba	x ɔ r ɔ b a
chorobný	x ɔ r ɔ b n iː
chorou	x ɔ r ɔ u̯
chorvatistika	x ɔ r v a t i s t i k a
chorvátsko	x ɔ r v aː t s k ɔ
chorý	x ɔ r iː
chrabrý	x r a b r iː
chrbtica	x r̩ p c i t͡s a
chrbát	x r̩ b aː t
chren	x r ɛ n
chrobák	x r ɔ b aː k
chromozóm	x r ɔ m ɔ z ɔː m
chrumkavý	x r u m k a v iː
chrípka	x r iː p k a
chróm	x r oː m
chrúst	x r uː s t
chrček	x r̩ t͡ʃ ɛ k
chudnúť	x ʊ d n uː c
chudobný	x u d ɔ b n iː
chudý	x u d iː
chuj	x u j
chujovina	x u j ɔ v i n a
chuligán	x u l i ɡ aː n
chvastúň	x v a s t uː ɲ
chvost	x v ɔ s t
chvíľa	x v iː ʎ a
chvíľka	x v iː ʎ k a
chvíľočka	x v iː ʎ ɔ t͡ʃ k a
chyža	x i ʒ a
chémia	x ɛː m i a
chí	x iː
chýr	x iː r
cibuľa	t͡s i b u ʎ a
cica	t͡s i t͡s a
cicavec	t͡s i t͡s a v ɛ t͡s
cicka	t͡s i t͡s k a
cieľ	t͡s i̯ ɛ ʎ
cigara	t͡s i ɡ a r a
cigareta	t͡s i ɡ a r ɛ t a
cikať	t͡s i k a c
cintorín	t͡s i n t ɔ r iː n
cirkev	t͡s i r k e̞ u̯
cisár	t͡s i s aː r
cisárstvo	t͡s i s aː r s t v ɔ
citoslovce	t͡s i t ɔ s ɫ ɔ v t͡s ɛ
cmar	t͡s m a r
cnosť	t͡s n ɔ s c
ctibor	t͡s c i b ɔ r
ctí	t͡s c iː
cuda	t͡s u d a
cudová	t͡s u d ɔ v aː
cudzina	t͡s u d͡z i n a
cudzinec	t͡s u d͡z i ɲ ɛ t͡s
cudzinka	t͡s u d͡z i ŋ k a
cudzí	t͡s u d͡z iː
cukor	t͡s u k ɔ r
cunami	t͡s u n a m i
curium	k y r i u m
cvikla	t͡s v i k l a
cyprián	t͡s i p r i aː n
cár	t͡s aː r
cárovič	t͡s aː r ɔ v i t͡ʃ
cér	t͡s ɛː r
cézium	t s eː z i u m
cín	t͡s iː n
cól	t͡s ɔː ɫ
dabing	d a b i ŋ ɡ
dagmara	d a ɡ m a r a
dalibor	d a l i b ɔ r
dalimil	d a l i m i ɫ
damask	d a m a s k
dana	d a n a
dani	d a ɲ i
danica	d a ɲ i t͡s a
daniela	d a ɲ i e l a
dano	d a n ɔ
danuta	d a n u t a
dar	d a r
dardanely	d a r d a n ɛ l i
darina	d a r i n a
darmstadtium	d a r m ʃ t a t i u m
databáza	d a t a b aː z a
datľa	d a t ʎ a
dav	d a w
daň	d a ɲ
daňo	d a ɲ ɔ
dať	d a c
dcéra	t͡s ɛː r a
dcérenka	t͡s ɛː r ɛ ŋ k a
dcérečka	t͡s ɛː r ɛ t͡ʃ k a
dcérka	t͡s ɛː r k a
dcérsky	t͡s ɛː r s k i
deaktivovať	d ɛ a k t i v ɔ v a c
debna	ɟ ɛ b n a
debrecín	ɟ ɛ b r ɛ t͡s iː n
december	d ɛ t͡s ɛ m b ɛ r
dedina	ɟ ɛ ɟ i n a
dedinka	ɟ ɛ ɟ i ŋ k a
dedinôčka	ɟ ɛ ɟ i n u̯ ɔ t͡ʃ k a
dedinčan	ɟ ɛ ɟ ɪ n t ʃ a n
dedinčanka	ɟ ɛ ɟ i n t͡ʃ a ŋ k a
dedko	ɟ ɛ t k ɔ
dedo	ɟ ɛ d ɔ
deista	d ɛ i s t a
deizmus	d ɛ i z m u s
dej	ɟ ɛ j
dejepis	ɟ ɛ j ɛ p i s
dejiny	ɟ ɛ j i n i
delfín	d ɛ l f iː n
denis	d ɛ n i s
denisa	d ɛ n i s a
denník	ɟ ɛ n ɲ iː k
denný	ɟ ɛ n n iː
derviš	d ɛ r v i ʃ
determinant	d ɛ t ɛ r m i n a n t
deti	ɟ ɛ c i
detstvo	ɟ ɛ t͡s t v ɔ
detí	ɟ ɛ c iː
deva	ɟ ɛ v a
dezider	d ɛ z i d ɛ r
deň	ɟ ɛ ɲ
dežo	d ɛ ʒ ɔ
diabol	ɟ i̯ a b ɔ ɫ
diaľnica	ɟ i̯ a ʎ ɲ i t͡s a
dielo	ɟ i̯ ɛ ɫ ɔ
diera	ɟ i̯ ɛ r a
dievča	ɟ i̯ ɛ u̯ t͡ʃ a
dievčinka	ɟ i̯ ɛ u̯ t͡ʃ i ŋ k a
dionýz	d i o n iː s
diéta	d i ɛː t a
dlaň	d ɫ a ɲ
dlhý	d l̩ ɦ iː
dlátko	d ɫ aː t k ɔ
dláto	d ɫ aː t ɔ
dne	d ɲ ɛ
dnes	d ɲ ɛ s
dni	d ɲ i
dní	d ɲ iː
do	d ɔ
dobre	d ɔ b r ɛ
dobrej	d ɔ b r ɛ j
dobro	d o b r o
dobrom	d ɔ b r ɔ m
dobromil	d ɔ b r ɔ m i ɫ
dobromila	d ɔ b r ɔ m i ɫ a
dobroslav	d ɔ b r ɔ s ɫ a u̯
dobroslava	d ɔ b r ɔ s ɫ a v a
dobrou	d ɔ b r ɔ u̯
dobruša	d ɔ b r u ʃ a
dobrá	d ɔ b r aː
dobré	d ɔ b r ɛː
dobrého	d ɔ b r ɛː ɦ ɔ
dobrému	d ɔ b r ɛː m u
dobrí	d ɔ b r iː
dobrú	d ɔ b r uː
dobrých	d ɔ b r iː x
dobrým	d ɔ b r iː m
dobrými	d ɔ b r iː m i
dojča	d ɔ j t͡ʃ a
doktor	d ɔ k t ɔ r
doktora	d ɔ k t ɔ r a
doktormi	d ɔ k t ɔ r m i
doktoroch	d ɔ k t ɔ r ɔ x
doktorom	d ɔ k t ɔ r ɔ m
doktorov	d ɔ k t ɔ r ɔ u̯
doktorovi	d ɔ k t ɔ r ɔ v i
dokázať	d ɔ k aː z a c
dolinôčka	d ɔ l i n u̯ ɔ t͡ʃ k a
dom	d ɔ m
doma	d ɔ m a
dominika	d ɔ m i n i k a
dominikánsky	d ɔ m i n i k aː n s k i
domorodec	d ɔ m ɔ r ɔ ɟ ɛ t͡s
domov	d ɔ m ɔ u̯
domáci	d ɔ m aː t͡s i
domček	d ɔ m t͡ʃ ɛ k
dopyt	d ɔ p i t
dorota	d ɔ r ɔ t a
dosiaľ	d ɔ s i̯ a ʎ
dostať	d ɔ s t a c
doteraz	d ɔ t ɛ r a s
dovolenka	d ɔ v ɔ l ɛ ŋ k a
draha	d r a ɦ a
drahokam	d r a ɦ ɔ k a m
drahomír	d r a ɦ ɔ m iː r
drahomíra	d r a ɦ ɔ m iː r a
drahoslav	d r a ɦ ɔ s ɫ a u̯
drahoslava	d r a ɦ ɔ s ɫ a v a
drahoš	d r a ɦ ɔ ʃ
drahuša	d r a h u ʃ a
draslík	d r a s l iː k
drevo	d r ɛ v ɔ
driev	d r i̯ e u̯
drozd	d r ɔ s t
drozdí	d r ɔ z ɟ iː
drumbľa	d r u m b ʎ a
drviť	d r̩ v i c
dráčik	d r aː t͡ʃ i k
dráždec	d r aː ʒ ɟ ɛ t͡s
drážďany	d r aː ʒ ɟ a n i
drôt	d r u̯ ɔ t
držať	d r̩ ʒ a c
držgroš	d r̩ ʒ ɡ r ɔ ʃ
dub	d u p
duba	d u b a
dube	d u b ɛ
dubmi	d u b m i
dubnium	d u b n i u m
duboch	d u b ɔ x
dubom	d u b ɔ m
dubov	d u b ɔ u̯
dubu	d u b u
duby	d u b i
dudy	d u d i
dunaj	d u n a j
dunajec	d u n a j ɛ t͡s
dunajskí	d u n a j s k iː
dunajský	d u n a j s k iː
dunčo	d u n t͡ʃ ɔ
dusík	d u s iː k
duša	d u ʃ a
dušan	d u ʃ a n
dušana	d u ʃ a n a
duše	d u ʃ ɛ
dvaja	d v a j a
dvakrát	d v a k r aː t
dvanásťročný	d v a n aː s c r ɔ t͡ʃ n iː
dve	d v ɛ
dvere	d v ɛ r ɛ
dvojbodka	d v ɔ j b ɔ t k a
dvojitý	d v ɔ j i t iː
dym	d i m
dymami	d i m a m i
dyme	d i m ɛ
dymoch	d i m ɔ x
dymom	d i m ɔ m
dymov	d i m ɔ u̯
dymu	d i m u
dymy	d i m i
dysprózium	d i s p r ɔː z i u m
dáma	d aː m a
dán	d aː n
dánsko	d aː n s k ɔ
dánsky	d aː n s k i
dánčina	d aː n t͡ʃ i n a
dávid	d aː v i t
dáša	d aː ʃ a
dážď	d aː ʃ c
dážďovka	d aː ʒ ɟ ɔ u̯ k a
dôležitý	d u̯ ɔ l ɛ ʒ i t iː
dôstojný	d u̯ o s t o j n iː
dúha	d uː ɦ a
dýchať	d iː x a c
dĺžeň	d ɫ̩ː ʒ ɛ ɲ
dĺžka	d ɫ̩ː ʃ k a
dŕžava	d r̩ː ʒ a v a
dŕžavní	d r̩ː ʒ a v n iː
dž	d͡ʒ
džamija	d͡ʒ a m i j a
džbán	d͡ʒ b aː n
džem	d͡ʒ ɛ m
džez	d͡ʒ ɛ s
džudo	d ʒ u d o
džungľa	d͡ʒ u ŋ ɡ ʎ a
džíp	d͡ʒ iː p
džús	d͡ʒ uː s
edita	ɛ d i t a
edmund	ɛ d m u n d
eduard	ɛ d u a r d
egreš	ɛ ɡ r ɛ ʃ
egypt	ɛ ɡ i p t
egyptský	ɛ ɡ i p t s k iː
egypťan	ɛ ɡ i p c a n
egypťanka	ɛ ɡ i p c a n k a
einsteinium	a j n ʃ t a j n i u m
ejakulácia	e j a k u l aː t͡s i a
ela	ɛ ɫ a
elektrina	ɛ l ɛ k t r i n a
električka	ɛ l ɛ k t r i t͡ʃ k a
elektromagnetický	ɛ l ɛ k t r ɔ m a ɡ n ɛ t i t͡s k iː
elena	ɛ l ɛ n a
eleonóra	ɛ l ɛ ɔ n ɔː r a
eliška	ɛ l i ʃ k a
elvíra	ɛ l v iː r a
em	ɛ m
ema	ɛ m a
emanuel	ɛ m a n u ɛ ɫ
embólia	ɛ m b ɔː l i a
embólie	ɛ m b ɔː l i ɛ
emília	ɛ m iː l i a
epikuros	ɛ p i k u r ɔ s
epir	ɛ p i r
erb	ɛ r b
erbium	ɛ r b i u m
erik	ɛ r i k
erika	ɛ r i k a
ernest	ɛ r n ɛ s t
erno	ɛ r n ɔ
ervín	ɛ r v iː n
esej	ɛ s ɛ j
ester	ɛ s t ɛ r
estera	ɛ s t ɛ r a
estónsko	ɛ s t ɔː n s k ɔ
estónčina	ɛ s t ɔː n t͡ʃ i n a
eta	ɛ t a
etela	ɛ t ɛ ɫ a
etymológia	ɛ t i m ɔ ɫ ɔː ɡ i a
eufrat	ɛ u̯ f r a t
eugen	ɛ u̯ ɡ ɛ n
eugénia	ɛ u̯ ɡ ɛː n i a
euro	ɛ u̯ r ɔ
európa	ɛ u̯ r ɔː p a
európe	ɛ u̯ r ɔː p ɛ
európium	ɛ u̯ r ɔː p i u m
európou	ɛ u̯ r ɔː p ɔ u̯
európsky	ɛ u̯ r ɔː p s k i
európu	ɛ u̯ r ɔː p u
európy	ɛ u̯ r ɔː p i
eutanázia	ɛ u̯ t a n aː z i a
eva	ɛ v a
evanjelium	ɛ v a ɲ i̯ ɛ l i u m
exodus	ɛ k s ɔ d u s
extáza	ɛ k s t aː z a
extáze	ɛ k s t aː z ɛ
ezdráš	ɛ z d r aː ʃ
ešte	ɛ ʃ c ɛ
faerský	f a ɛ r s k iː
faerčan	f a ɛ r t͡ʃ a n
faerčanka	f a ɛ r t͡ʃ a ŋ k a
faerčina	f a ɛ r t͡ʃ i n a
fagot	f a ɡ ɔ t
fajka	f a j k a
fajočka	f a j ɔ t͡ʃ k a
fajčenie	f a j t͡ʃ ɛ ɲ i̯ ɛ
fajčiar	f a j t͡ʃ i̯ a r
fakt	f a k t
faktami	f a k t a m i
fakte	f a k c e
faktoch	f a k t o x
faktom	f a k t o m
faktov	f a k t o u̯
faktu	f a k t u
fakty	f a k t i
fakľa	f a k ʎ a
farba	f a r b a
farbu	f a r b u
farmakológia	f a r m a k ɔ l ɔː ɡ i a
fazuľa	f a z u ʎ a
fašistický	f a ʃ i s t i t͡s k iː
fašizmus	f a ʃ i z m u s
február	f ɛ b r u aː r
fedor	f ɛ d ɔ r
fenícia	f e n iː t͡s i a
ferdinand	f ɛ r d i n a n d
fermium	f ɛ r m i u m
fero	f ɛ r ɔ
feudalizmus	f ɛ u̯ d a l i z m u s
fidži	f i d͡ʒ i
figa	f i ɡ a
figovník	f i ɡ ɔ u̯ ɲ iː k
film	f i ɫ m
filoména	f i l ɔ m ɛː n a
finančný	f i n a n t͡ʃ n iː
finále	f i n aː l ɛ
fjord	f j ɔ r d
flauta	f ɫ a u̯ t a
flerovium	f l ɛ r ɔ v i u m
fliačik	f ʎ i̯ a t͡ʃ i k
florida	f l o r i d a
florián	f ɫ ɔ r i aː n
fluór	f l u ɔː r
fonéma	f ɔ n ɛː m a
fosfor	f ɔ s f ɔ r
fotogenický	f ɔ t ɔ ɡ ɛ n i t͡s k iː
fotograf	f ɔ t ɔ ɡ r a f
fotografia	f ɔ t ɔ ɡ r a f i a
fotografiami	f ɔ t ɔ ɡ r a f i a m i
fotografista	f ɔ t ɔ ɡ r a f i s t a
fotografií	f ɔ t ɔ ɡ r a f i iː
foxtrot	f ɔ k s t r ɔ t
foyer	f ɔ a j ɛː
francium	f r a n t͡s i u m
francúzština	f r a n t͡s uː s ʃ c i n a
františek	f r a n c i ʃ ɛ k
františka	f r a n c ɪ ʃ k a
frederik	f r ɛ d ɛ r i k
fridrich	f r i d r i x
fruštik	f r u ʃ c i k
fruštik	f r u ʃ t i k
fujara	f u j a r a
fujarôčka	f u j a r u̯ ɔ t͡ʃ k a
futbal	f u d b a ɫ
fyzik	f i z i k
fyzika	f i z i k a
fyzikálni	f i z i k aː ɫ n i
fyzikálny	f i z i k aː l n i
fám	f aː m
félix	f ɛː l i k s
fén	f ɛː n
fí	f iː
fín	f iː n
fínsko	f iː n s k ɔ
fínsky	f iː n s k i
fínčina	f iː n t͡ʃ i n a
föhn	f ø n
fön	f ø n
fúkať	f uː k a c
fľaša	f ʎ a ʃ a
gaba	ɡ a b a
gabriela	ɡ a b r i ɛ ɫ a
gadolínium	ɡ a d ɔ l iː n i u m
gajdy	ɡ a j d i
galaktický	ɡ a ɫ a k t i t͡s k iː
galaxiami	ɡ a l a k s i a m i
galaxie	ɡ a l a k s i e
galaxiou	ɡ a l a k s i o u̯
galaxiu	ɡ a l a k s i u
galaxiách	ɡ a l a k s i aː x
galaxiám	ɡ a l a k s i aː m
galaxií	ɡ a l a k s i iː
galina	ɡ a l i n a
garbiar	ɡ a r b i̯ a r
garáž	ɡ a r aː ʃ
gaskonsko	ɡ a s k ɔ n s k ɔ
gauč	ɡ a u̯ t͡ʃ
gazda	ɡ a z d a
gazdinka	ɡ a z ɟ i ŋ k a
gazdiná	ɡ a z ɟ i n aː
gašpar	ɡ a ʃ p a r
gdansk	ɡ d a n s k
gejza	ɡ ɛ j z a
genovéva	ɡ ɛ n ɔ v ɛː v a
geológia	ɡ ɛ ɔ l ɔː ɡ i a
georgína	ɡ ɛ ɔ r ɡ iː n a
germánium	ɡ ɛ r m aː n i u m
gertrúda	ɡ ɛ r t r uː d a
gibon	ɡ i b ɔ n
gizela	ɡ i z ɛ ɫ a
glóbus	ɡ ɫ ɔː b u s
golier	ɡ ɔ ʎ i̯ ɛ r
gombík	ɡ ɔ m b iː k
gregor	ɡ r ɛ ɡ ɔ r
grinda	ɡ r i n d a
grinde	ɡ r i n ɟ ɛ
grécky	ɡ r ɛː t s k i
grék	ɡ r ɛː k
grékyňa	ɡ r ɛː k i ɲ a
gréčtina	ɡ r ɛː t͡ʃ c i n a
grínd	ɡ r iː n t
grónsko	ɡ r ɔː n s k ɔ
gunár	ɡ u n aː r
guru	ɡ u r u
gustáv	ɡ u s t aː u̯
guľa	ɡ u ʎ a
guľôčka	ɡ u ʎ u̯ ɔ t͡ʃ k a
győr	ɟ øː r
győr	ɟ ɛː r
győrsky	ɟ eː r s k i
győrsky	ɟ øː r s k i
gálium	ɡ aː l i u m
gól	ɡ oː ɫ
gýč	ɡ iː t͡ʃ
had	ɦ a t
hadž	ɦ a t͡ʃ
hafnium	ɦ a f n i u m
hajzel	ɦ a j z ɛ ɫ
halier	ɦ a ʎ i̯ ɛ r
hana	ɦ a n a
handra	ɦ a n d r a
hanoj	ɦ a n ɔ j
harfa	ɦ a r f a
harmanček	ɦ a r m a n t͡ʃ ɛ k
haruspex	ɦ a r u s p e k s
hassium	ɦ a s i u m
havaj	ɦ a v a j
havran	ɦ a v r a n
hašiš	ɦ a ʃ i ʃ
hebrejčina	ɦ ɛ b r ɛ j t͡ʃ i n a
heda	ɦ ɛ d a
hedviga	ɦ ɛ d v i ɡ a
hej	ɦ ɛ j
helena	ɦ ɛ l ɛ n a
helga	ɦ ɛ ɫ ɡ a
heliometer	ɦ ɛ l i ɔ m ɛ t ɛ r
helsinki	ɦ ɛ ɫ s i ŋ k i
hematológia	ɦ ɛ m a t ɔ l ɔː ɡ ɪ j a
hemendex	ɦ ɛ m ɛ n d ɛ k s
henrich	ɦ ɛ n r i x
henrieta	ɦ ɛ n r i̯ ɛ t a
hentam	ɦ ɛ n t a m
henten	ɦ ɛ n t ɛ n
herakles	ɦ ɛ r a k l ɛ s
heraldika	ɦ ɛ r a ɫ d i k a
herec	ɦ ɛ r ɛ t͡s
herečka	ɦ ɛ r ɛ t͡ʃ k a
herkules	ɦ ɛ r k u l ɛ s
hermína	ɦ ɛ r m iː n a
heterosexualita	ɦ ɛ t ɛ r ɔ s ɛ k s u a l i t a
hier	ɦ i̯ e r
hierarchia	ɦ i̯ ɛ r a r x i a
hilda	ɦ i ɫ d a
historický	ɦ i s t ɔ r i t͡s k iː
hlad	ɦ ɫ a t
hlahol	ɦ ɫ a ɦ ɔ ɫ
hlaholika	ɦ ɫ a ɦ ɔ l i t͡s a
hlava	ɦ ɫ a v a
hlavní	ɦ ɫ a v n iː
hlavný	ɦ ɫ a v n iː
hlboký	ɦ ɫ̩ b ɔ k iː
hlina	ɦ l i n a
hliník	ɦ l i ɲ iː k
hloh	ɦ ɫ ɔ x
hmla	ɦ m ɫ a
hmotnosť	ɦ m ɔ t n ɔ s c
hnačka	ɦ n a t͡ʃ k a
hnedý	ɦ ɲ ɛ d iː
hnida	ɦ ɲ i d a
hniezdo	ɦ ɲ i̯ ɛ z d ɔ
hnilý	ɦ ɲ i l iː
hnoj	ɦ n ɔ j
hnutie	ɦ n u c i̯ ɛ
hnutí	ɦ n u c iː
hoci	ɦ ɔ t͡s i
hod	ɦ ɔ t
hodina	ɦ ɔ ɟ i n a
hodža	h ɔ d͡ʒ a
hodža	ɦ ɔ d͡ʒ a
hodžová	h ɔ d͡ʒ ɔ v aː
hojdačka	ɦ ɔ j d a t͡ʃ k a
holandsko	ɦ ɔ ɫ a n d s k ɔ
holandsky	ɦ ɔ ɫ a n d s k i
holandský	ɦ ɔ ɫ a n d s k iː
holandčina	ɦ ɔ ɫ a n d t͡ʃ i n a
holmium	ɦ ɔ ɫ m i u m
holub	ɦ ɔ ɫ u p
holubí	ɦ ɔ ɫ u b iː
holí	ɦ ɔ l iː
holí	ɦ ɔ ʎ iː
holúbä	ɦ ɔ ɫ uː b æ
holúbä	ɦ ɔ ɫ uː b ɛ
holý	ɦ ɔ ɫ iː
homosexualita	ɦ ɔ m ɔ s ɛ k s u a l i t a
homár	h o m aː r
horký	ɦ ɔ r k iː
hortenzia	ɦ ɔ r t ɛ n z i a
horúci	ɦ ɔ r uː t͡s i
horúčava	ɦ ɔ r uː t͡ʃ a v a
horčica	ɦ ɔ r t͡ʃ i t͡s a
horčík	ɦ ɔ r t͡ʃ iː k
horší	ɦ ɔ r ʃ iː
hosť	ɦ ɔ s c
hotel	ɦ o t ɛ l
hovno	ɦ ɔ v n ɔ
hovoriť	ɦ ɔ v ɔ r i c
hovädina	ɦ ɔ v æ ɟ i n a
hovädina	ɦ ɔ v ɛ ɟ i n a
hovädo	ɦ ɔ v æ d ɔ
hovädo	ɦ ɔ v ɛ d ɔ
hovädzie	ɦ ɔ v æ d͡z i̯ ɛ
hovädzie	ɦ ɔ v ɛ d͡z i̯ ɛ
hovädzí	ɦ ɔ v æ d͡z iː
hovädzí	ɦ ɔ v ɛ d͡z iː
hoľa	ɦ o ʎ a
hra	ɦ r a
hrab	ɦ r a p
hrach	ɦ r a x
hrad	ɦ r a t
hradba	ɦ r a d b a
hranica	ɦ r a ɲ i t͡s a
hranice	ɦ r a ɲ i t͡s ɛ
hrať	ɦ r a c
hrdina	ɦ r̩ ɟ i n a
hrdinami	ɦ r̩ ɟ i n a m i
hrdinka	ɦ r̩ ɟ i ŋ k a
hrdinoch	ɦ r̩ ɟ i n ɔ x
hrdinom	ɦ r̩ ɟ i n ɔ m
hrdinov	ɦ r̩ ɟ i n ɔ u̯
hrdinovi	ɦ r̩ ɟ i n ɔ v i
hrdinovia	ɦ r̩ ɟ i n ɔ v i̯ a
hrdinu	ɦ r̩ ɟ i n u
hrdlo	ɦ r̩ d ɫ ɔ
hrdzavý	ɦ r̩ d͡z a v iː
hrdý	ɦ r̩ d iː
hrianka	ɦ r̩ i̯ a ŋ k a
hriech	ɦ r i̯ e x
hriva	ɦ r i v a
hrivna	ɦ r i v n a
hrob	ɦ r ɔ p
hroch	ɦ r ɔ x
hrozienko	ɦ r ɔ z i̯ ɛ ŋ k ɔ
hrozný	ɦ r ɔ z n iː
hrudní	ɦ r u d n iː
hruď	ɦ r u c
hruška	ɦ r u ʃ k a
hrôza	ɦ r u̯ ɔ z a
hrýzť	ɦ r iː s c
hubert	ɦ u b ɛ r t
hudba	ɦ u d b a
hurka	ɦ u r k a
hus	ɦ u s
husi	ɦ u s i
husle	ɦ u s l ɛ
hustý	ɦ u s t iː
husí	ɦ u s iː
hvezdáreň	ɦ v ɛ z d aː r ɛ ɲ
hviezda	ɦ v i̯ ɛ z d a
hybný	ɦ i b n iː
hydina	ɦ i ɟ i n a
hystéria	ɦ i s t ɛː r i a
hákelling	h ɔ ɑ t͡ʃʰ ɛ t l ɪ ŋ k
hélium	ɦ ɛː l i u m
hôrka	ɦ u̯ ɔ r k a
hôľ	ɦ u̯ o ʎ
hĺbkomer	ɦ ɫ̩ː p k ɔ m ɛ r
hľadajúci	ɦ ʎ a d a j uː t͡s i
hŕstka	ɦ r̩ː s t k a
i	i
iba	i b a
ich	i x
ida	i d a
idea	i d ɛ a
ideológia	i d ɛ ɔ ɫ ɔː ɡ i a
idiot	i d i ɔ t
ignác	i ɡ n aː t͡s
igor	i ɡ ɔ r
ihla	i ɦ ɫ a
ihličnan	i ɦ ɫ i t͡ʃ n a n
ihrisko	i ɦ r i s k ɔ
ikra	i k r a
imidž	i m i t͡ʃ
imrich	i m r i x
indium	i n d i u m
infantka	i n f a n t k a
informovať	i n f ɔ r m ɔ v a c
informácia	i n f ɔ r m aː t͡s i a
inga	i ŋ ɡ a
ingrida	i ŋ ɡ r i d a
iný	i n iː
inštrumentál	i n ʃ t r u m ɛ n t aː ɫ
iračanka	i r a t͡ʃ a ŋ k a
irena	i r ɛ n a
irma	i r m a
ironický	i r ɔ n i t͡s k iː
irán	i r aː n
iránsky	i r aː n s k i
irídium	i r iː d i u m
iskerník	i s k ɛ r ɲ iː k
iskierka	i s k i̯ ɛ r k a
iskra	i s k r a
iskrička	i s k r i t͡ʃ k a
islam	i s ɫ a m
islandský	i s ɫ a n d s k iː
islandčina	i s l a n d t͡ʃ i n a
istý	i s t iː
ivan	i v a n
ivana	i v a n a
ivica	i v i t͡s a
ivona	i v ɔ n
iza	i z a
izabela	i z a b ɛ ɫ a
izba	i z b a
izidor	i z i d ɔ r
izis	i z i s
izo	i z ɔ
izák	i z aː k
iľja	i ʎ j a
ja	j a
jablko	j a b ɫ̩ k o
jablkový	j a b ɫ̩ k ɔ v iː
jablkách	j a b ɫ̩ k aː x
jablčný	j a b ɫ̩ t͡ʃ n iː
jabĺk	j a b ɫ̩ː k
jabĺčko	j a b ɫ̩ː t͡ʃ k o
jabĺčok	j a b ɫ̩ː t͡ʃ o k
jachta	j a x t a
jadro	j a d r ɔ
jahoda	j a ɦ ɔ d a
jahodami	j a ɦ ɔ d a m i
jahňa	j a ɦ ɲ a
jak	j a k
jakub	j a k u p
jamôčka	j a m u̯ ɔ t͡ʃ k a
janko	j a ŋ k ɔ
janov	j a n ɔ u̯
jantár	j a n t aː r
jantárový	j a n t aː r ɔ v iː
január	j a n u aː r
japončina	j a p ɔ n t͡ʃ i n a
jar	j a r
jarabica	j a r a b i t͡s a
jarmila	j a r m i ɫ a
jarmo	j a r m ɔ
jarmulka	j a r m u ɫ k a
jaro	j a r ɔ
jarok	j a r o k
jarolím	j a r ɔ l iː m
jaromír	j a r ɔ m iː r
jaroslav	j a r ɔ s ɫ a u̯
jaroslava	j a r ɔ s ɫ a v a
jaseň	j a s ɛ ɲ
jaskyňa	j a s k i ɲ a
jastrab	j a s t r a p
jaternica	j a c ɛ r ɲ i t͡s a
javor	j a v o r
jazda	j a z d a
jazdec	j a z ɟ ɛ t͡s
jazera	j a z ɛ r a
jazero	j a z ɛ r ɔ
jazerá	j a z ɛ r aː
jazier	j a z i̯ e r
jazierko	j a z i̯ ɛ r k ɔ
jazvec	j a z v ɛ t͡s
jazyk	j a z i k
jazykovedec	j a z i k ɔ v ɛ ɟ ɛ t͡s
jazyky	j a z i k i
jazýček	j a z iː t͡ʃ ɛ k
jačmeň	j a t͡ʃ m ɛ ɲ
jačí	j a t͡ʃ iː
jašterica	j a ʃ c ɛ r i t͡s a
jašterička	j a ʃ c ɛ r i t͡ʃ k a
jebačka	j ɛ b a t͡ʃ k a
jebať	j ɛ b a c
jed	j ɛ t
jediný	j e ɟ ɪ n iː
jedlo	j ɛ d ɫ ɔ
jedna	j e d n a
jednako	j eː d n a k o
jednej	j e d n e j
jedno	j e d n o
jednoduchý	j ɛ d n ɔ d u x iː
jednom	j e d n o m
jednou	j e d n o u̯
jednu	j e d n u
jedny	j e d n i
jedného	j e d n eː ɦ o
jednému	j e d n eː m u
jedných	j e d n iː x
jedným	j e d n iː m
jednými	j e d n iː m i
jedový	j ɛ d ɔ v iː
jeho	j ɛ ɦ ɔ
jej	j ɛ j
jela	j ɛ ɫ a
jeleň	j ɛ l ɛ ɲ
jelša	j ɛ ɫ ʃ a
jen	j ɛ n
jeremiáš	j ɛ r ɛ m i aː ʃ
jerguš	j ɛ r ɡ u ʃ
jeruzalem	j ɛ r u z a l ɛ m
jesenný	j ɛ s ɛ n n iː
jeseter	j ɛ s ɛ c ɛ r
jeseň	j ɛ s ɛ ɲ
jesienka	j ɛ s i̯ ɛ ŋ k a
jestvovať	j ɛ s t v ɔ v a c
jesť	j ɛ s c
jidiš	j i d i ʃ
joga	j ɔ ɡ a
jogurt	j ɔ ɡ u r t
jogurtu	j ɔ ɡ u r t u
jolana	j ɔ ɫ a n a
jozef	j ɔ z ɛ f
jozue	j ɔ z u ɛ
jožo	j ɔ ʒ ɔ
judaizmus	j u d a i z m u s
judita	j u d i t a
juh	j u x
juliana	j u l i a n a
juliána	j u l i aː n a
juno	j u n ɔ
junák	j u n aː k
juraj	j u r a j
juro	j u r ɔ
justa	j u s t a
justína	j u s t iː n a
južný	j u ʒ n iː
ján	j aː n
jánov	j aː n ɔ u̯
jób	j ɔː p
jód	j oː t
júl	j uː ɫ
jún	j uː n
jüan	j i a n
jüan	j y a n
kaderník	k a ɟ ɛ r ɲ iː k
kaderníčka	k a ɟ ɛ r ɲ iː t͡ʃ k a
kadmium	k a d m i u m
kajak	k a j a k
kakao	k a k a ɔ
kalamár	k a ɫ a m aː r
kaleráb	k a l e r aː p
kalifornium	k a l i f ɔ r n i u m
kalypso	k a l i p s ɔ
kambodža	k a m b ɔ d͡ʒ a
kameň	k a m ɛ ɲ
kamil	k a m i ɫ
kamila	k a m i ɫ a
kanada	k a n a d a
kandidóza	k a n d i d ɔː z a
kapilára	k a p i ɫ aː r a
kapitalistický	k a p i t a l i s c i s k iː
kapitalizmus	k a p i t a l i z m u s
kapsula	k a p s u l a
kapusta	k a p u s t a
kapverdy	k a p v ɛ r d i
karina	k a r i n a
karol	k a r ɔ ɫ
karolína	k a r ɔ l iː n a
karpaty	k a r p a t i
karta	k a r t a
karí	k a r iː
kasíno	k a s iː n ɔ
kat	k a t
kata	k a t a
katapult	k a t a p u l t
katapultami	k a t a p u ɫ t a m i
katapulte	k a t a p u ɫ c ɛ
katapultoch	k a t a p u ɫ t ɔ x
katapultom	k a t a p u ɫ t ɔ m
katapultov	k a t a p u ɫ t ɔ u̯
katapultu	k a t a p u ɫ t u
katapulty	k a t a p u ɫ t i
katarína	k a t a r iː n a
katedrála	k a t e d r aː ɫ a
kaviareň	k a v i̯ a r ɛ ɲ
kaviarnička	k a v i̯ a r ɲ i t͡ʃ k a
kazachstan	k a z a x s t a n
kazateľ	k a z a c ɛ ʎ
kazimír	k a z i m iː r
kača	k a t͡ʃ a
kaša	k a ʃ a
kaše	k a ʃ ɛ
kašeľ	k a ʃ ɛ ʎ
kašlať	k a ʃ ɫ a c
kaštieľ	k a ʃ c i̯ ɛ ʎ
kašľať	k a ʃ l a c
kde	ɡ ɟ ɛ
kel	k ɛ ɫ
ker	k ɛ r
kečup	k ɛ t͡ʃ u p
keď	k ɛ c
keďže	k ɛ d͡ʒ ɛ
keňa	k ɛ ɲ a
kila	k i ɫ a
kile	k i l ɛ
kilo	k i ɫ ɔ
kilogram	k i ɫ ɔ ɡ r a m
kipa	k i p a
klamať	k ɫ a m a c
klamstvo	k ɫ a m s t v ɔ
klamár	k ɫ a m aː r
klas	k ɫ a s
klaudia	k ɫ a u̯ d i a
klenoty	k l ɛ n ɔ t i
klietka	k ʎ i̯ ɛ t k a
klinec	k ʎ i ɲ ɛ t͡s
klišé	k l i ʃ ɛː
klobása	k ɫ ɔ b aː s a
klobúk	k l ɔ b uː k
klobúčik	k ɫ ɔ b uː t͡ʃ i k
klus	k ɫ u s
kluž	k l u ʃ
klára	k ɫ aː r a
klárka	k ɫ aː r k a
klávesnica	k ɫ a v ɛ s ɲ i t͡s a
kmene	k m ɛ ɲ ɛ
kmeni	k m ɛ ɲ i
kmeň	k m ɛ ɲ
kmeňa	k m ɛ ɲ a
kmeňmi	k m ɛ ɲ m i
kmeňoch	k m ɛ ɲ ɔ x
kmeňom	k m ɛ ɲ ɔ m
kmeňov	k m ɛ ɲ ɔ u̯
kmeňu	k m ɛ ɲ u
kmotor	k m ɔ t ɔ r
kmotra	k m ɔ t r a
knieža	k ɲ i̯ ɛ ʒ a
kniha	k ɲ i ɦ a
knižnica	k ɲ ɪ ʒ ɲ ɪ t͡s a
knižočka	k ɲ i ʒ ɔ t͡ʃ k a
knižôčka	k ɲ i ʒ u̯ ɔ t͡ʃ k a
kníhkupec	k ɲ iː x k u p ɛ t͡s
kníhkupectvo	k ɲ iː x k u p ɛ t͡s t v ɔ
kobalt	k ɔ b a ɫ t
koberec	k ɔ b ɛ r ɛ t͡s
kobier	k ɔ b i̯ ɛ r
kobra	k ɔ b r a
kobrami	k ɔ b r a m i
kobru	k ɔ b r u
kobry	k ɔ b r i
kobrách	k ɔ b r aː x
kobyla	k ɔ b i ɫ a
kobza	k ɔ b z a
kocka	k ɔ t͡s k a
kocôčka	k ɔ t͡s u̯ ɔ t͡ʃ k a
kocúr	k o t͡s uː r
kohút	k ɔ ɦ uː t
kohútik	k ɔ ɦ uː c i k
kokot	k ɔ k ɔ t
kolega	k ɔ l ɛ ɡ a
kolegyňa	k ɔ l ɛ ɡ i ɲ a
koleno	k ɔ l ɛ n ɔ
koliba	k ɔ l i b a
kolibrík	k ɔ l i b r iː k
koloman	k ɔ ɫ ɔ m a n
koláč	k o ɫ aː t͡ʃ
koláčový	k ɔ ɫ aː t͡ʃ ɔ v iː
komunistický	k ɔ m u n i s c i t͡s k iː
komunizmus	k ɔ m u n i z m u s
konfirmácia	k ɔ n f i r m aː t͡s i a
kongres	k ɔ ŋ ɡ r ɛ s
koniec	k ɔ ɲ i̯ ɛ t͡s
konár	k ɔ n aː r
končiť	k ɔ n t͡ʃ i c
konštantín	k ɔ n ʃ t a n t iː n
kopa	k ɔ p a
kopernikium	k ɔ p ɛ r n i k i u m
kopija	k ɔ p i j a
kopije	k ɔ p i j ɛ
korene	k ɔ r ɛ ɲ ɛ
koreni	k ɔ r ɛ ɲ i
koreň	k ɔ r ɛ ɲ
koreňa	k ɔ r ɛ ɲ a
koreňmi	k ɔ r ɛ ɲ m i
koreňoch	k ɔ r ɛ ɲ ɔ x
koreňom	k ɔ r ɛ ɲ ɔ m
koreňov	k ɔ r ɛ ɲ ɔ u̯
koreňu	k ɔ r ɛ ɲ u
kornel	k ɔ r n ɛ ɫ
kornélia	k ɔ r n ɛː l i a
koruna	k o r u n a
korytnačka	k ɔ r i t n a t͡ʃ k a
korčule	k ɔ r t͡ʃ u l ɛ
korčuľovať	k ɔ r t͡ʃ u ʎ ɔ v a c
kosa	k ɔ s a
kostol	k ɔ s t ɔ ɫ
kostra	k ɔ s t r a
kostrová	k ɔ s t r ɔ v aː
kosť	k ɔ s c
kotol	k ɔ t ɔ ɫ
kov	k ɔ u̯
kovu	k ɔ v u
kováč	k ɔ v aː t͡ʃ
kováčová	k ɔ v aː t͡ʃ ɔ v aː
koza	k ɔ z a
kozmológia	k ɔ z m ɔ ɫ ɔː ɡ i a
kozí	k o z iː
koč	k ɔ t͡ʃ
kočiš	k ɔ t͡ʃ i ʃ
kočišová	k ɔ t͡ʃ i ʃ ɔ v aː
koľaj	k ɔ ʎ a j
koľko	k ɔ ʎ k ɔ
košeľa	k ɔ ʃ ɛ ʎ a
koža	k ɔ ʒ a
kožuch	k ɔ ʒ u x
kožušina	k ɔ ʒ u ʃ i n a
kožušník	k ɔ ʒ u ʃ ɲ iː k
kožušníčka	k ɔ ʒ u ʃ ɲ i t͡ʃ k a
kraj	k r a j
kraje	k r a j e
kraji	k r a j i
krajina	k r a j i n a
krajinami	k r a j i n a m i
krajine	k r a j i ɲ e
krajinou	k r a j i n o u̯
krajinu	k r a j i n u
krajiny	k r a j i n i
krajinách	k r a j i n aː x
krajinám	k r a j i n aː m
krajmi	k r a j m i
krajoch	k r a j o x
krajom	k r a j o m
krajov	k r a j o u̯
kraju	k r a j u
krajín	k r a j iː n
krajčír	k r a j t͡ʃ iː r
krakov	k r a k o u̯
krava	k r a v a
kravata	k r a v a t a
kremeň	k r ɛ m ɛ ɲ
kremácia	k r ɛ m aː t͡s i a
kremík	k r ɛ m iː k
kreslo	k r ɛ s ɫ ɔ
kreveta	k r ɛ v ɛ t a
krhla	k r̩ ɦ l a
kristadelfián	k r i s t a d ɛ ɫ f i aː n
kristián	k r i s t i aː n
kristo	k r i s t ɔ
krištof	k r i ʃ t ɔ f
krk	k r̩ k
krm	k r̩ m
krokodíl	k r ɔ k ɔ d iː ɫ
krone	k r ɔ n ɛ
krvavnica	k r̩ v a u̯ ɲ i t͡s a
krvi	k r̩ v i
krvou	k r̩ v ɔ u̯
kryptón	k r i p t ɔː n
králica	k r a l i t͡s a
králice	k r aː l i t͡s ɛ
králik	k r aː ʎ i k
krása	k r aː s a
krásne	k r aː s n ɛ
krásne	k r aː s ɲ ɛ
krásny	k r aː s n i
krátky	k r aː t k i
kráčať	k r aː t͡ʃ a c
kráľ	k r aː ʎ
kráľovstvo	k r aː ʎ ɔ v s t v ɔ
kráľová	k r aː ʎ ɔ v aː
krídlo	k r iː d ɫ ɔ
krívať	k r iː v a c
kríz	k r iː s
kríza	k r iː z a
kríž	k r iː ʃ
króna	k r oː n a
krôčik	k r u̯ ɔ t͡ʃ i k
krúžok	k r uː ʒ ɔ k
kto	k t o̞
kuba	k u b a
kubo	k u b ɔ
kubánec	k u b aː ɲ ɛ t͡s
kuchyňa	k u x i ɲ a
kukulienka	k u k u l i̯ ɛ ŋ k a
kukurica	k u k u r i t͡s a
kukučka	k u k u t͡ʃ k a
kuli	k u l i
kulturistika	k u ɫ t u r i s t i k a
kuna	k u n a
kunda	k u n d a
kupec	k u p ɛ t͡s
kupola	k u p ɔ ɫ a
kupovať	k u p ɔ v a c
kura	k u r a
kurence	k u r ɛ n t͡s ɛ
kurva	k u r v a
kurča	k u r t͡ʃ a
kus	k u s
kučeravý	k u t͡ʃ ɛ r a v iː
kvapeľ	k v a p ɛ ʎ
kvapka	k v a p k a
kvapôčka	k v a p u̯ ɔ t͡ʃ k a
kvark	k v a r k
kvas	k v a s
kvasnice	k v a s ɲ i t͡s ɛ
kvet	k v ɛ t
kvetoslava	k v ɛ t ɔ s ɫ a v a
kvisling	k v i s l i ŋ ɡ
kyjev	k i j ɛ u̯
kyselina	k i s ɛ l i n a
kysličník	k i s l i t͡ʃ ɲ iː k
kyslík	k i s l iː k
kábel	k aː b ɛ ɫ
káhira	k aː ɦ i r a
káva	k aː v a
kíl	k iː ɫ
kórea	k ɔː r ɛ a
kórejčina	k ɔː r ɛ j t͡ʃ i n a
kôpor	k u̯ ɔ p ɔ r
kôra	k u̯ o r a
kôrka	k u̯ o r k a
kôrovec	k u̯ ɔ r ɔ v ɛ t͡s
kôstka	k u̯ ɔ s t k a
kôstkovina	k u̯ ɔ s t k ɔ v i n a
kôstkoviny	k u̯ ɔ s t k ɔ v i n i
kôš	k u̯ o ʃ
kúpeľ	k uː p ɛ ʎ
kúpiť	k uː p i c
kúty	k uː t i
kýl	k iː ɫ
kým	k iː m
kľuka	k ʎ u k a
kľúč	k ʎ uː t͡ʃ
kľúčik	k ʎ uː t͡ʃ i k
kňaz	k ɲ a s
kŕdeľ	k r̩ː ɟ ɛ ʎ
labe	ɫ a b ɛ
labutí	ɫ a b u c iː
labuť	ɫ a b u c
laco	ɫ a t͡s o
ladislav	ɫ a ɟ i s ɫ a u̯
ladislava	ɫ a ɟ i s ɫ a v a
lakeť	ɫ a k ɛ c
lama	ɫ a m a
lamí	ɫ a m iː
landgróf	ɫ a n d ɡ r ɔː f
lano	ɫ a n ɔ
lantán	ɫ a n t aː n
lastovička	ɫ a s t ɔ v i t͡ʃ k a
lastúrnik	ɫ a s t uː r ɲ i k
lastúrničiar	ɫ a s t uː r ɲ i t͡ʃ i̯ a r
latrína	ɫ a t r iː n a
laura	ɫ a u̯ r a
lawrencium	ɫ a u̯ r ɛ n t͡s i u m
lea	l ɛ a
lebo	l ɛ b ɔ
lechický	l ɛ x i t͡s k iː
lei	l ɛ i
lekorica	l ɛ k ɔ r i t͡s a
lekár	l e k aː r
lenka	l ɛ ŋ k a
lenže	l ɛ n ʒ ɛ
leo	l ɛ ɔ
leonard	l ɛ ɔ n a r d
leopold	l ɛ ɔ p ɔ l d
leou	l ɛ ɔ u̯
les	l ɛ s
lesana	l ɛ s a n a
lesbický	l ɛ z b i t͡s k iː
lesbička	l ɛ z b i t͡ʃ k a
lesť	l ɛ s c
letieť	l ɛ c i̯ ɛ c
letisko	l ɛ c i s k ɔ
letište	l ɛ c i ʃ c ɛ
letný	l ɛ t n iː
leto	l ɛ t ɔ
leu	l ɛ u
leu	l ɛ u̯
lev	l ɛ u̯
levitikus	l ɛ v i t i k u s
levoslav	l ɛ v ɔ s ɫ a u̯
lexikálny	l ɛ k s i k aː l n i
ley	l ɛ i
lečo	l ɛ t͡ʃ ɔ
liana	l i a n a
libuša	l i b u ʃ a
lichtenštajnsko	l i x t ɛ n ʃ t a j n s k ɔ
lienka	l i̯ ɛ ŋ k a
lietadlo	l i̯ ɛ t a d ɫ ɔ
lietať	l i̯ ɛ t a c
lievik	l i̯ ɛ v i k
lift	l i f t
ligotať	l i ɡ ɔ t a c
ligurček	l i ɡ u r t͡ʃ ɛ k
liknavý	l i k n a v iː
linda	l i n d a
lipsko	l i p s k ɔ
list	l i s t
lista	l i s t a
listami	l i s t a m i
liste	l i s c ɛ
listoch	l i s t ɔ x
listom	l i s t ɔ m
listov	l i s t ɔ u̯
listu	l i s t u
litava	l i t a v a
liter	l i t ɛ r
literatúra	l i t e r a t uː r a
litovčina	l i t ɔ u̯ t͡ʃ i n a
litva	l i t v a
liva	l i v a
livermorium	l i v ɛ r m ɔ r i u m
lišiacky	l i ʃ i̯ a t͡s k i
lodž	ɫ ɔ d͡ʒ
logik	ɫ ɔ ɡ i k
logika	ɫ ɔ ɡ i k a
lokomotíva	ɫ ɔ k ɔ m ɔ t iː v a
lopata	ɫ ɔ p a t a
lopta	ɫ ɔ p t a
losos	ɫ ɔ s ɔ s
lotyšsko	ɫ ɔ t i ʃ s k ɔ
lotyština	ɫ ɔ t i ʃ c i n a
loviť	ɫ ɔ v i c
loď	ɫ ɔ c
lož	l ɔ ʃ
lucia	ɫ u t͡s i a
lujza	ɫ u j z a
luk	ɫ u k
lukostrelec	ɫ u k ɔ s t r ɛ l ɛ t͡s
lukáš	ɫ u k aː ʃ
luna	l u n a
lutécium	ɫ u t ɛː t͡s i u m
luxembursko	ɫ u k s ɛ m b u r s k ɔ
lužica	ɫ u ʒ i t͡s a
lyža	l i ʒ a
láma	ɫ aː m a
lángoš	ɫ aː ŋ ɡ ɔ ʃ
láska	ɫ aː s k a
láva	ɫ aː v a
léno	l ɛː n ɔ
líce	l iː t͡s ɛ
líder	l iː d e r
lídra	l iː d r a
lídrami	l iː d r a m i
lídri	l iː d r i
lídroch	l iː d r ɔ x
lídrom	l iː d r ɔ m
lídrov	l iː d r ɔ u̯
lídrovi	l iː d r ɔ v i
lítium	l iː t i u m
lívia	l iː v i a
líška	l iː ʃ k a
líštička	l i ʃ c i t͡ʃ k a
lóve	ɫ ɔː v ɛ
lúka	ɫ uː k a
lúč	ɫ uː t͡ʃ
lýdia	l iː d i a
lýra	l iː r a
lýtko	l iː t k ɔ
macedónsko	m a t͡s ɛ d ɔː n s k ɔ
mach	m a x
machiavelizmus	m a k i a v ɛ l i z m u s
machiavellizmus	m a k i a v ɛ l i z m u s
machuľa	m a x u ʎ a
magdaléna	m a ɡ d a l ɛː n a
magnetický	m a ɡ n ɛ t i t͡s k iː
majonéza	m a j ɔ n ɛː z a
mak	m a k
malachiáš	m a ɫ a x i aː ʃ
malajec	m a ɫ a j ɛ t͡s
malajčina	m a ɫ a j t͡ʃ i n a
maliar	m a l i̯ a r
malina	m a l i n a
malinový	m a l i n ɔ v iː
malta	m a ɫ t a
maltčina	m a ɫ t t͡ʃ i n a
malvér	m a ɫ v ɛː r
malvína	m a ɫ v iː n a
malý	m a l iː
mama	m a m a
manažment	m a n a ʒ m ɛ n t
mandarínka	m a n d a r iː ŋ k a
mandarínkovník	m a n d a r iː ŋ k ɔ v ɲ iː k
mangán	m a ŋ ɡ aː n
mantinel	m a n t i n ɛ ɫ
mapa	m a p a
marcela	m a r t͡s ɛ ɫ a
marec	m a r ɛ t͡s
margaréta	m a r ɡ a r e̞ː t a
margarétka	m a r ɡ a r eː t k a
margita	m a r ɡ i t a
marhuľa	m a r ɦ u ʎ a
marianna	m a r i a n a
maroko	m a r ɔ k ɔ
maroš	m a r ɔ ʃ
marta	m a r t a
marína	m a r iː n a
maslo	m a s ɫ ɔ
masť	m a s c
mat	m a t
matej	m a t ɛ j
matematik	m a t ɛ m a t i k
matematika	m a t ɛ m a t i k a
matematička	m a t ɛ m a t i t͡ʃ k a
mater	m a c ɛ r
materinský	m a c ɛ r i n s k iː
materský	m a c ɛ r s k iː
matica	m a c i t͡s a
matilda	m a t i ɫ d a
matka	m a t k a
matkin	m a t k i n
matúš	m a t uː ʃ
maximilián	m a k s i m i l i aː n
mačka	m a t͡ʃ k a
maďar	m a ɟ a r
maďarka	m a ɟ a r k a
maďarsko	m a ɟ a r s k ɔ
maďarčina	m a ɟ a r t͡ʃ i n a
maňuška	m a ɲ u ʃ k a
mašina	m a ʃ i n a
mať	m a c
maťo	m a t ɔ
mech	m ɛ x
med	m ɛ t
medard	m ɛ d a r d
medovina	m ɛ d ɔ v i n a
medvedica	m ɛ d v ɛ ɟ i t͡s a
medvedice	m ɛ d v ɛ ɟ i t͡s ɛ
medveď	m ɛ d v ɛ c
medzi	m ɛ d͡z i
medzinárodný	m ɛ d͡z i n aː r ɔ d n iː
meitnerium	m a i̯ t n ɛ r i u m
melánia	m ɛ ɫ aː n i a
melódia	m ɛ ɫ ɔː d i a
mena	m ɛ n a
mendelevium	m ɛ n d ɛ l ɛ v i u m
mene	m ɛ ɲ ɛ
menej	m e ɲ e j
meniny	m ɛ ɲ i n i
meno	m ɛ n ɔ
menu	m ɛ n u
meny	m ɛ n i
menší	m ɛ n ʃ iː
meranie	m ɛ r a ɲ i̯ ɛ
mesiac	m ɛ s i̯ a t͡s
mesiačik	m ɛ s i̯ a t͡ʃ i k
mestečko	m ɛ s c ɛ t͡ʃ k ɔ
mesto	m e̞ s t o̞
metajazyk	m ɛ t a j a z i k
metamorfóza	m ɛ t a m ɔ r f ɔː z a
meteorológia	m ɛ t ɛ ɔ r ɔ l ɔː ɡ i a
metla	m ɛ t ɫ a
metro	m ɛ t r ɔ
mexický	m ɛ k s i t͡s k iː
mezopotámia	m ɛ z ɔ p ɔ t aː m i a
meč	m ɛ t͡ʃ
meď	m ɛ c
mešita	m ɛ ʃ i t a
mias	m i̯ a s
miazga	m i̯ a z ɡ a
micheáš	m i x ɛ aː ʃ
mien	m i̯ ɛ n
mier	m i̯ ɛ r
miest	m i̯ e s t
miesto	m i̯ ɛ s t ɔ
miezd	m i̯ e s t
mikrobus	m i k r ɔ b u s
mikroskop	m i k r ɔ s k ɔ p
mikuláš	m i k u ɫ aː ʃ
milada	m i ɫ a d a
milan	m i ɫ a n
milena	m i l ɛ n a
milica	m i l i t͡s a
miloslav	m i ɫ ɔ s ɫ a u̯
miloslava	m i ɫ ɔ s ɫ a v a
milota	m i ɫ ɔ t a
milovať	m i ɫ ɔ v a c
miloš	m i ɫ ɔ ʃ
milý	m i l iː
minca	m i n t͡s a
mineralógia	m i n ɛ r a ɫ ɔː ɡ i a
minsk	m i n s k
minúta	m i n uː t a
miriam	m i r i a m
miriama	m i r i a m a
miro	m i r ɔ
miroslav	m i r ɔ s ɫ a u̯
miroslava	m i r ɔ s ɫ a v a
mitra	m i t r a
miškovec	m i ʃ k ɔ v ɛ t͡s
mištička	m i ʃ c i t͡ʃ k a
mladá	m ɫ a d aː
mladý	m ɫ a d iː
mledzivo	m l ɛ d͡z i v ɔ
mlieko	m l i̯ ɛ k ɔ
mliečko	m l i̯ ɛ t͡ʃ k ɔ
mliečny	m l i̯ ɛ t͡ʃ n i
mlyn	m l i n
mládež	m ɫ aː ɟ ɛ ʃ
mláďa	m ɫ aː ɟ a
mláďatko	m ɫ aː ɟ a t k ɔ
mnoho	m n ɔ ɦ ɔ
množina	m n ɔ ʒ i n a
mníchov	m ɲ iː x ɔ u̯
modlivka	m ɔ d l i u̯ k a
modrý	m ɔ d r iː
moja	m ɔ j a
mojmír	m ɔ j m iː r
mojžíš	m ɔ j ʒ iː ʃ
molybdén	m ɔ l i b d ɛː n
monarcha	m ɔ n a r x a
monarchia	m ɔ n a r x i a
monika	m ɔ n i k a
monoteistický	m ɔ n ɔ t ɛ i s t i t͡s k iː
monoteizmus	m ɔ n ɔ t ɛ i z m u s
mops	m ɔ p s
morava	m ɔ r a v a
morave	m ɔ r a v ɛ
moravský	m ɔ r a u̯ s k iː
more	m ɔ r ɛ
morfeus	m ɔ r f ɛ u s
moriak	m ɔ r i̯ a k
morka	m ɔ r k a
morča	m ɔ r t͡ʃ a
moskva	m ɔ s k v a
mostík	m o̞ s c iː k
motorka	m ɔ t ɔ r k a
motýlí	m ɔ t iː ʎ iː
motýľ	m ɔ t iː ʎ
mozog	m ɔ z ɔ k
moľ	m ɔ ʎ
možno	m ɔ ʒ n ɔ
možnosť	m ɔ ʒ n ɔ s c
mrav	m r a u̯
mravec	m r a v ɛ t͡s
mrkva	m r̩ k v a
mrlí	m r̩ l iː
mráz	m r aː s
mráčik	m r aː t͡ʃ i k
mucha	m u x a
muche	m u x ɛ
muchotrávka	m u x ɔ t r aː u̯ k a
mudrc	m u d r̩ t͡s
murár	m u r aː r
musieť	m u s i̯ ɛ c
muška	m u ʃ k a
muži	m ʊ ʒ ɪ
mužský	m u ʃ s k iː
my	m i
mydlo	m i d ɫ ɔ
myslieť	m i s l i̯ ɛ c
myš	m i ʃ
myšiu	m i ʃ i̯ u
myšlienka	m i ʃ l i̯ ɛ ŋ k a
myší	m i ʃ iː
mzda	m z d a
máj	m aː j
mária	m aː r i a
mário	m aː r i ɔ
márnica	m aː r ɲ i t͡s a
márnomyseľný	m aː r n ɔ m i s ɛ ʎ n iː
mäkký	m e k iː
mäkký	m æ k iː
mäkkýš	m æ k iː ʃ
mäkkýš	m ɛ k iː ʃ
mäsiar	m æ s i̯ a r
mäsiar	m ɛ s i̯ a r
mät	m æ t
mät	m ɛ t
mäta	m æ t a
mäta	m ɛ t a
mäte	m æ c ɛ
mäte	m ɛ c ɛ
móda	m ɔː d a
módny	m ɔː d n i
móric	m ɔː r i t͡s
môj	m u̯ ɔ j
múch	m uː x
múdrosť	m uː d r ɔ s c
múdry	m uː d r i
múr	m uː r
múzeum	m uː z ɛ u m
mýto	m iː t ɔ
mĺzť	m ɫ̩ː s c
mŕtvola	m r̩ː t v ɔ ɫ a
mŕtvy	m r̩ː t v ɪ
na	n a
nacionalista	n a t͡s i ɔ n a l i s t a
nacionalistický	n a t͡s i ɔ n a l i s t i t͡s k iː
nacionalistka	n a t͡s i ɔ n a l i s t k a
nacionalizmus	n a t͡s i ɔ n a l i z m u s
nacista	n a t͡s i s t a
nacistický	n a t͡s i s t i t͡s k iː
nactiutŕhač	n a t͡s c i u t r̩ː ɦ a t͡ʃ
nadlak	n a d ɫ a k
nadšený	n a t ʃ e n iː
nahou	n a ɦ ɔ u̯
nahí	n a ɦ iː
nahý	n a ɦ iː
najlepší	n a j l ɛ p ʃ iː
najmenej	n a j m e ɲ e j
najmenší	n a j m ɛ n ʃ iː
najmä	n a j m æ
najmä	n a j m ɛ
najnižší	n a j ɲ i ʃ ʃ iː
najstarší	n a j s t a r ʃ iː
najužší	n a j u ʃ ʃ iː
najviac	n a j v j a t͡s
najvyšší	n a j v i ʃ ʃ iː
najväčší	n a j v ɛ t͡ʃ ʃ iː
nakoľko	n a k ɔ ʎ k ɔ
naozaj	n a ɔ z a j
napokon	n a p o k o n
napríklad	n a p r iː k ɫ a t
napätie	n a p æ c i̯ ɛ
napätie	n a p ɛ c i̯ ɛ
naraňajkovať	n a r a ɲ a j k ɔ v a c
narkoman	n a r k ɔ m a n
narkomanka	n a r k ɔ m a ŋ k a
narodeniny	n a r ɔ ɟ ɛ ɲ i n i
natália	n a t aː l i a
nauru	n a u r u
nazdar	n a z d a r
načervenkasto	n a t͡ʃ ɛ r v ɛ ŋ k a s t ɔ
naďalej	n a ɟ a l ɛ j
nebo	ɲ ɛ b ɔ
nebohý	ɲ ɛ b ɔ ɦ iː
necht	ɲ ɛ x t
nedele	ɲ ɛ ɟ ɛ ʎ ɛ
nedeľa	ɲ e ɟ e lʲ a
negližé	n ɛ ɡ l i ʒ ɛː
nehemiáš	ɲ ɛ ɦ ɛ m i aː ʃ
nehnuteľnosť	ɲ ɛ ɦ n u c ɛ ʎ n ɔ s c
nemec	ɲ ɛ m ɛ t͡s
nemecko	ɲ ɛ m ɛ t͡s k ɔ
nemecky	ɲ ɛ m ɛ t͡s k i
nemecký	ɲ ɛ m ɛ t͡s k iː
nemka	ɲ ɛ m k a
nemý	ɲ ɛ m iː
nemčina	ɲ ɛ m t͡ʃ i n a
neodým	n ɛ ɔ d iː m
nepriateľ	ɲ ɛ p r i̯ a c ɛ ʎ
neptúnium	n ɛ p t uː n i u m
nepárnokopytník	ɲ ɛ p aː r n ɔ k ɔ p i t ɲ iː k
nepárny	ɲ ɛ p aː r n i
nero	n ɛ r ɔ
nerozumiem	ɲ ɛ r ɔ z u m i̯ ɛ m
nervózni	n ɛ r v ɔː z n i
nervózny	n ɛ r v ɔː z n i
neskôr	ɲ ɛ s k u̯ ɔ r
nesčíselný	ɲ ɛ s t͡ʃ iː s ɛ l n iː
netopier	ɲ ɛ t ɔ p i̯ ɛ r
neuróza	n ɛ u̯ r ɔː z a
nevädza	ɲ ɛ v æ d͡z a
nevädza	ɲ ɛ v ɛ d͡z a
newton	ɲ uː t ɔ n
nezmysel	ɲ ɛ z m i s ɛ ɫ
neón	n ɛ ɔː n
nečujný	ɲ ɛ t͡ʃ u j n iː
niekoľko	ɲ i̯ ɛ k ɔ ʎ k ɔ
niekto	ɲ i̯ ɛ k t ɔ
nielen	ɲ i̯ ɛ l ɛ n
niesť	ɲ i̯ ɛ s c
nijaký	ɲ i j a k iː
nika	n i k a
nikel	n i k ɛ ɫ
nikola	n i k ɔ ɫ a
nikto	ɲ i k t ɔ
nina	ɲ i n a
nitra	ɲ i t r a
niób	n i ɔː p
nič	ɲ i t͡ʃ
nižší	ɲ i ʃ ʃ iː
nobelium	n ɔ b ɛ l i u m
noc	n ɔ t͡s
noe	n ɔ ɛ
noha	n ɔ ɦ a
nohavica	n ɔ ɦ a v i t͡s a
nohavice	n ɔ ɦ a v i t͡s ɛ
nominatív	n ɔ m i n a t iː u̯
nora	n ɔ r a
norbert	n ɔ r b ɛ r t
nosiť	n ɔ s i c
novak	n ɔ v a k
november	n ɔ v ɛ m b ɛ r
noviny	n ɔ v i n i
novák	n ɔ v aː k
nováčik	n ɔ v aː t͡ʃ i k
nové	n ɔ v ɛː
nový	n ɔ v iː
nočný	n ɔ t͡ʃ n iː
nádcha	n aː t x a
nádherný	n aː d ɦ ɛ r n iː
nádražia	n aː d r a ʒ i̯ a
nádražiach	n aː d r a ʒ i̯ a x
nádražiam	n aː d r a ʒ i̯ a m
nádražiami	n aː d r a ʒ i̯ a m i
nádražie	n aː d r a ʒ i̯ ɛ
nádražiu	n aː d r a ʒ i̯ u
nádraží	n aː d r a ʒ iː
nádražím	n aː d r a ʒ iː m
nájsť	n aː j s c
námesačníctvo	n aː m ɛ s a t͡ʃ ɲ iː t͡s v ɔ
námestie	n aː m ɛ s c i̯ ɛ
námestíčko	n aː m ɛ s c iː t͡ʃ k ɔ
náreky	n aː r ɛ k i
nárečie	n aː r ɛ t͡ʃ i̯ ɛ
národ	n aː r ɔ t
národný	n aː r ɔ d n iː
nás	n aː s
náter	n aː c ɛ r
návrh	n aː v r̩ x
návrhy	n aː v r̩ ɦ i
názov	n aː z ɔ u̯
níreďháza	ɲ iː r ɛ ɟ ɦ aː z a
nízky	ɲ iː s k i
nížina	ɲ iː ʒ i n a
nór	n ɔː r
nórsko	n ɔː r s k ɔ
nórsky	n ɔː r s k i
nórčina	n ɔː r t͡ʃ i n a
nôh	n u̯ o x
nôž	n u̯ o ʃ
nôžka	n u̯ ɔ ʃ k a
obdobie	ɔ b d ɔ b i̯ ɛ
obdĺžnik	ɔ b d ɫ̩ː ʒ ɲ i k
obed	ɔ b ɛ t
oblečenie	ɔ b l ɛ t͡ʃ ɛ ɲ i̯ ɛ
oblička	ɔ b l i t͡ʃ k a
oblok	ɔ b ɫ ɔ k
obláčik	ɔ b ɫ aː t͡ʃ i k
obor	ɔ b ɔ r
obraz	ɔ b r a s
obrus	ɔ b r u s
obtiažny	ɔ b c i̯ a ʒ n i
obyvateľ	ɔ b i v a c ɛ ʎ
občiansky	ɔ p t͡ʃ i̯ a n s k i
obťažný	ɔ p c a ʒ n iː
oco	ɔ t͡s ɔ
od	ɔ d
odborníčka	ɔ d b ɔ r ɲ iː t͡ʃ k a
odhodlaný	o d ɦ o d l a n iː
odo	ɔ d ɔ
odpoludnie	ɔ t p ɔ ɫ u d ɲ i̯ ɛ
oheň	ɔ ɦ ɛ ɲ
ohovárať	ɔ ɦ ɔ v aː r a c
ohúriť	ɔ ɦ uː r i c
ohňostroj	ɔ ɦ ɲ ɔ s t r ɔ j
oje	ɔ j ɛ
okabátiť	ɔ k a b aː c i c
okna	ɔ k n a
okno	ɔ k n ɔ
okná	ɔ k n aː
oko	ɔ k ɔ
okrem	ɔ k r ɛ m
október	ɔ k t ɔː b ɛ r
okuliare	ɔ k u ʎ i̯ a r ɛ
okuliarnik	ɔ k u ʎ i̯ a r ɲ i k
oldrich	ɔ ɫ d r i x
oleg	ɔ l ɛ k
oligarchia	ɔ l i ɡ a r x i a
oliva	o l i v a
olivami	ɔ l i v a m i
olive	ɔ l i v ɛ
oliver	ɔ l i v ɛ r
olivou	ɔ l i v ɔ u̯
olivu	ɔ l i v u
olivy	ɔ l i v i
olivách	ɔ l i v aː x
olivám	ɔ l i v aː m
olovo	ɔ ɫ ɔ v ɔ
olovrant	ɔ ɫ ɔ v r a n t
oltár	o ɫ t aː r
olympia	ɔ l i m p i a
olympiáda	ɔ l i m p i aː d a
olív	ɔ l iː u̯
olívia	ɔ l iː v i a
on	ɔ n
ona	ɔ n a
ondrej	ɔ n d r ɛ j
oni	ɔ ɲ i
ontogenéza	ɔ n t ɔ ɡ ɛ n ɛː z a
ony	ɔ n i
opica	ɔ p i t͡s a
opilec	ɔ p i l ɛ t͡s
opitý	ɔ p i t iː
opustiť	ɔ p u s c i c
opát	ɔ p aː t
opúšťať	ɔ p uː ʃ c a c
orgazmu	ɔ r ɡ a z m u
orgazmus	ɔ r ɡ a z m u s
orgován	o r ɡ o v aː n
orlej	ɔ r ʎ ɛ j
orlí	ɔ r l iː
ornitológia	ɔ r n i t ɔ ɫ ɔː ɡ i a
orol	ɔ r ɔ ɫ
os	ɔ s
osa	ɔ s a
oskár	ɔ s k aː r
osla	ɔ s ɫ a
oslobodiť	ɔ s ɫ ɔ b ɔ ɟ i c
osmium	ɔ s m i u m
osoba	ɔ s ɔ b a
osoby	ɔ s ɔ b i
osol	ɔ s ɔ ɫ
ostriež	ɔ s t r i̯ ɛ ʃ
ostrihom	ɔ s t r i ɦ ɔ m
ostrov	o s t r o u̯
osôb	ɔ s u̯ o p
osľa	ɔ s ʎ a
osť	ɔ s c
otcov	ɔ t t͡s ɔ u̯
otcovský	ɔ t t͡s ɔ u̯ s k iː
otec	ɔ c ɛ t͡s
otecko	ɔ c ɛ t͡s k ɔ
oto	ɔ t ɔ
otrok	ɔ t r ɔ k
otráviť	ɔ t r aː v i c
otázka	ɔ t aː s k a
otázny	ɔ t aː z n i
otázočka	ɔ t aː z ɔ t͡ʃ k a
otília	ɔ t iː l i a
ovca	ɔ u̯ t͡s a
ovocie	ɔ v ɔ t͡s i̯ ɛ
ovčí	ɔ u̯ t͡ʃ iː
ozajstný	ɔ z a j s t n iː
ozeáš	ɔ z ɛ aː ʃ
očko	ɔ t͡ʃ k ɔ
oľga	ɔ ʎ ɡ a
ožran	ɔ ʒ r a n
palacinka	p a l a t s i ŋ k a
palác	p a ɫ aː t͡s
paládium	p a ɫ aː d i u m
pamäť	p a m æ c
pamäť	p a m ɛ c
pandeizmus	p a n d ɛ i z m u s
pane	p a ɲ ɛ
panenský	p a ɲ ɛ n s k iː
pani	p a ɲ i
panic	p a ɲ i t͡s
pankrác	p a ŋ k r aː t͡s
panna	p a n n a
panpsychizmus	p a n p s i x i z m u s
panteizmus	p a n t e i z m u s
pančucha	p a n t͡ʃ u x a
papraď	p a p r a c
paprika	p a p r i k a
paradajka	p a r a d a j k a
parochňa	p a r ɔ x ɲ a
parole	p a r ɔ ɫ
partizán	p a r t i z aː n
paríž	p a r iː ʃ
pastier	p a s c i̯ ɛ r
pat	p a t
patrik	p a t r i k
patriť	p a t r i c
patrícia	p a t r iː t͡s i a
paulína	p a u̯ l iː n a
pavol	p a v ɔ ɫ
pavúk	p a v uː k
pavúčí	p a v uː t͡ʃ iː
pazucha	p a z u x a
paľo	p a ʎ ɔ
pažerák	p a ʒ ɛ r aː k
pec	p ɛ t͡s
pedagogika	p ɛ d a ɡ ɔ ɡ i k a
pederastia	p ɛ d ɛ r a s t i a
peha	p ɛ ɦ a
pehe	p ɛ ɦ ɛ
peklo	p ɛ k ɫ ɔ
pekný	p ɛ k n iː
pekáreň	p ɛ k aː r ɛ ɲ
pena	p ɛ n a
peniaze	p ɛ ɲ i̯ a z ɛ
perinka	p ɛ r i ŋ k a
perla	p ɛ r ɫ a
perspektíva	p ɛ r s p ɛ k t iː v a
perzia	p ɛ r z i a
peržan	p ɛ r ʒ a n
pes	p ɛ s
pestrý	p ɛ s t r iː
peter	p ɛ t ɛ r
petronela	p ɛ t r ɔ n ɛ ɫ a
pečeň	p ɛ t ʃ ɛ ɲ
pečiatka	p ɛ t͡ʃ i̯ a t k a
peň	p ɛ ɲ
pešiak	p ɛ ʃ i̯ a k
peťo	p ɛ c ɔ
piano	p i a n ɔ
piatok	p i̯ a t o k
piepor	p i̯ ɛ p ɔ r
pieseň	p i̯ e s e ɲ
pieskovisko	p i̯ ɛ s k ɔ v i s k ɔ
pieskoviská	p i̯ ɛ s k ɔ v i s k aː
piesok	p i̯ ɛ s ɔ k
piešťany	p i̯ ɛ ʃ c a n i
pijan	p i j a n
pilier	p i l i̯ ɛ r
pipka	p i p k a
pipík	p i p iː k
pitjantjatjara	p i c a n c a c a r a
pivnica	p i v ɲ i t͡s a
pivo	p i v o
pivá	p i v aː
pizda	p i z d a
piť	p i c
plamenček	p ɫ a m ɛ n t͡ʃ ɛ k
plameň	p ɫ a m ɛ ɲ
plamienok	p ɫ a m i̯ ɛ n ɔ k
planéta	p ɫ a n ɛː t a
plat	p ɫ a t
platina	p ɫ a t i n a
platiť	p ɫ a c i c
plece	p l e t͡s e
plece	p ʎ e t͡s e
plecniak	p l ɛ t͡s ɲ i̯ a k
plný	p l̩ n iː
plukovník	p ɫ u k ɔ v ɲ iː k
plutónium	p ɫ u t ɔː n i u m
plzeň	p ɫ̩ z ɛ ɲ
plávať	p ɫ aː v a c
pláž	p l aː ʃ
pneumatika	p n ɛ u m a t i k a
pochodovať	p ɔ x ɔ d ɔ v a c
pod	p ɔ t
podmet	p ɔ d m ɛ t
podmienka	p ɔ d m i̯ ɛ ŋ k a
podnikateľ	p ɔ d ɲ i k a c ɛ ʎ
podpazušie	p ɔ t p a z u ʃ i̯ ɛ
podprsenka	p ɔ t p r̩ s ɛ ŋ k a
podpňovka	p ɔ t p ɲ ɔ u̯ k a
podujatie	p ɔ d u j a c i̯ ɛ
podľa	p ɔ d ʎ a
pohlavie	p ɔ ɦ ɫ a v i̯ ɛ
pohár	p ɔ ɦ aː r
pohľad	p ɔ ɦ ʎ a t
pokoj	p ɔ k ɔ j
pokračovať	p ɔ k r a t͡ʃ ɔ v a c
pokrievka	p ɔ k r i̯ ɛ u̯ k a
pokým	p ɔ k iː m
polabčina	p ɔ ɫ a p t͡ʃ i n a
policajt	p ɔ l i t͡s a j t
police	p ɔ l i t͡s ɛ
polievočka	p ɔ l i̯ ɛ v ɔ t͡ʃ k a
politik	p ɔ l i t i k
politika	p ɔ l i t i k a
poloostrov	p ɔ ɫ ɔ ɔ s t r ɔ u̯
polostrov	p ɔ ɫ ɔ s t r ɔ u̯
polícia	p ɔ l iː t͡s i a
polónium	p ɔ ɫ ɔː n i u m
pomalý	p ɔ m a l iː
pomaranč	p ɔ m a r a n t͡ʃ
pomoc	p ɔ m ɔ t͡s
pomorník	p ɔ m ɔ r ɲ iː k
pomôcť	p ɔ m u̯ ɔ t͡s c
pondelok	p ɔ n ɟ ɛ ɫ ɔ k
ponorka	p ɔ n ɔ r k a
pontifex	p o̞ n t i f e̞ k s
ponuka	p ɔ n u k a
ponáhľať	p ɔ n aː ɦ ʎ a c
pop	p o p
popol	p ɔ p ɔ ɫ
popoludnie	p ɔ p ɔ ɫ u d ɲ i̯ ɛ
pornografia	p ɔ r n ɔ ɡ r a f i a
pornografický	p ɔ r n ɔ ɡ r a f i t͡s k iː
portugalsko	p ɔ r t u ɡ a ɫ s k ɔ
portugalčina	p ɔ r t u ɡ a ɫ t͡ʃ i n a
posledný	p ɔ s l ɛ d n iː
posteľ	p ɔ s c ɛ ʎ
potok	p ɔ t ɔ k
potravina	p ɔ t r a v i n a
potrebný	p ɔ t r ɛ b n iː
potrebovať	p ɔ t r ɛ b ɔ v a c
potôčik	p ɔ t u̯ ɔ t͡ʃ i k
používateľ	p ɔ u ʒ iː v a c ɛ ʎ
povaha	p ɔ v a ɦ a
povedať	p ɔ v ɛ d a c
povraz	p ɔ v r a s
pozdĺž	p ɔ z d ɫ̩ː ʃ
poznaň	p ɔ z n a ɲ
poznať	p ɔ z n a c
počas	p ɔ t͡ʃ a s
počasie	p ɔ t͡ʃ a s i̯ ɛ
počet	p ɔ t͡ʃ ɛ t
počty	p ɔ t͡ʃ t i
počuť	p ɔ t͡ʃ u c
počúvať	p ɔ t͡ʃ uː v a c
poľnohospodárstvo	p ɔ ʎ n ɔ ɦ ɔ s p ɔ d aː r s t v ɔ
poľsko	p ɔ ʎ s k ɔ
poľština	p ɔ ʎ ʃ c i n a
pošta	p o ʃ t a
požiar	p ɔ ʒ i̯ a r
požičať	p ɔ ʒ i t͡ʃ a c
pracháč	p r a x aː t͡ʃ
praha	p r a ɦ a
prajazyk	p r a j a z i k
prasa	p r a s a
pravda	p r a u̯ d a
pravdami	p r a v d a m i
pravde	p r a u̯ ɟ ɛ
pravdou	p r a v d o u̯
pravdu	p r a v d u
pravdy	p r a v d i
pravdách	p r a v d aː x
pravdám	p r a v d aː m
pravoslav	p r a v ɔ s ɫ a u̯
pravý	p r a v iː
prazeodým	p r a z ɛ ɔ d iː m
pražan	p r a ʒ a n
pražský	p r a ʃ s k iː
prdieť	p r̩ ɟ i̯ ɛ c
predať	p r ɛ d a c
predkožka	p r ɛ t k ɔ ʃ k a
predložka	p r ɛ d ɫ ɔ ʃ k a
predmestie	p r ɛ d m ɛ s c i̯ ɛ
predsa	p r ɛ t s a
predseda	p r ɛ t s ɛ d a
premiéra	p r ɛ m i ɛː r a
premávka	p r ɛ m aː u̯ k a
prepáčiť	p r ɛ p aː t͡ʃ i c
pretekať	p r ɛ c ɛ k a c
preteky	p r ɛ c ɛ k i
pretekár	p r ɛ c ɛ k aː r
pretože	p r ɛ t ɔ ʒ ɛ
preukaz	p r e u k a z
preukázať	p r ɛ u k aː z a c
prezident	p r ɛ z i d ɛ n t
prezývka	p r ɛ z iː u̯ k a
preč	p r ɛ t͡ʃ
prešov	p r ɛ ʃ ɔ u̯
prešporok	p r ɛ ʃ p ɔ r ɔ k
prežúvavec	p r ɛ ʒ uː v a v ɛ t͡s
priateľ	p r i̯ a c ɛ ʎ
priateľka	p r i̯ a c ɛ ʎ k a
priehlavok	p r i̯ ɛ ɦ ɫ a v ɔ k
priestor	p r i̯ ɛ s t ɔ r
priezvisko	p r i̯ ɛ z v i s k ɔ
priečinok	p r i̯ ɛ t͡ʃ i n ɔ k
primusieť	p r i m u s i̯ ɛ c
princ	p r i n t͡s
princezná	p r i n t͡s ɛ z n aː
prinútiť	p r i n uː c i c
program	p r ɔ ɡ r a m
prokop	p r ɔ k ɔ p
prométium	p r ɔ m ɛː t i u m
prostredie	p r ɔ s t r ɛ ɟ i̯ ɛ
protaktínium	p r ɔ t a k t iː n i u m
protirečiť	p r ɔ c i r ɛ t͡ʃ i c
protivný	p r ɔ c i v n iː
protojazyk	p r ɔ t ɔ j a z i k
prozódia	p r ɔ z ɔː d i a
prsia	p r̩ s i̯ a
prsník	p r̩ s ɲ iː k
prsteň	p r̩ s c ɛ ɲ
prv	p r̩ v
prvosienka	p r̩ v ɔ s i̯ ɛ ŋ k a
prvočíslo	p r̩ v ɔ t͡ʃ iː s ɫ ɔ
práca	p r aː t͡s a
právd	p r aː v d
práve	p r aː v ɛ
prázdniny	p r aː z d ɲ i n i
prázdny	p r aː z d n i
príchod	p r iː x ɔ t
príklad	p r iː k ɫ a t
prímerie	p r iː m ɛ r i̯ ɛ
prípad	p r iː p a t
príroda	p r iː r ɔ d a
príslovia	p r iː s ɫ ɔ v i̯ a
príslovie	p r iː s ɫ ɔ v i̯ ɛ
príslovka	p r iː s ɫ ɔ u̯ k a
prísudok	p r iː s u d ɔ k
prísť	p r iː s c
próza	p r o̞ː z a
pršať	p r̩ ʃ a c
psica	p s i t͡s a
psiemu	p s i̯ ɛ m u
psychológia	p s i x ɔ ɫ ɔː ɡ i a
psí	p s iː
puma	p u m a
pusa	p u s a
puška	p u ʃ k a
pytón	p i t ɔː n
pyžamo	p i ʒ a m ɔ
pálenka	p aː l ɛ ŋ k a
páliť	p aː l i c
pán	p aː n
pápež	p aː p ɛ ʃ
párnokopytník	p aː r n ɔ k ɔ p i t ɲ iː k
párny	p aː r n i
pásavka	p aː s a u̯ k a
pásomnica	p aː s ɔ m ɲ i t͡s a
páv	p aː u̯
páví	p aː v iː
päsť	p æ s c
päsť	p ɛ s c
päta	p æ t a
päta	p ɛ t a
pätica	p æ c i t͡s a
pätica	p ɛ c i t͡s a
písať	p iː s a c
písmeno	p iː s m ɛ n ɔ
píšťalôčka	p iː ʃ c a ɫ u̯ ɔ t͡ʃ k a
pôvod	p u̯ ɔ v ɔ t
pôžička	p u̯ ɔ ʒ i t͡ʃ k a
púpava	p uː p a v a
púšť	p uː ʃ c
pýcha	p iː x a
pľuť	p ʎ u c
pľúca	p ʎ uː t͡s a
pŕhľavka	p r̩ː ɦ ʎ a u̯ k a
pšenica	p ʃ ɛ ɲ i t͡s a
pšenice	p ʃ ɛ ɲ i t͡s ɛ
pštros	p ʃ t r ɔ s
pštrosí	p ʃ t r ɔ s iː
rabín	r a b iː n
rad	r a t
radoslav	r a d ɔ s ɫ a u̯
radovan	r a d ɔ v a n
radón	r a d ɔː n
radúz	r a d uː s
rajčina	r a j t͡ʃ i n a
rak	r a k
rakva	r a k v a
rakúsko	r a k uː s k ɔ
rakúsky	r a k uː s k i
rameno	r a m ɛ n ɔ
rasca	r a s t͡s a
rastislav	r a s c i s ɫ a u̯
rastlina	r a s t l i n a
rasťo	r a s c ɔ
raňajkovať	r a ɲ a j k ɔ v a c
raňajky	r a ɲ a j k i
raž	r a ʃ
rebro	r ɛ b r ɔ
regína	r ɛ ɡ iː n a
renáta	r ɛ n aː t a
rené	r ɛ n ɛː
republika	r ɛ p u b l i k a
revue	r ɛ v y
rezance	r ɛ z a n t͡s ɛ
reč	r ɛ t͡ʃ
reštaurácia	r ɛ ʃ t a u̯ r aː t͡s i a
riad	r i̯ a t
riaditeľ	r i̯ a ɟ i c ɛ ʎ
riadiť	r i̯ a ɟ i c
richard	r i x a r t
riedky	r i̯ ɛ t k i
rieka	r i̯ ɛ k a
riečka	r i̯ ɛ t͡ʃ k a
rimanom	r i m a n ɔ m
ringlota	r i ŋ ɡ ɫ ɔ t a
riti	r i c i
rití	r i c iː
riziko	r i z i k ɔ
riť	r i c
robota	r ɔ b ɔ t a
robotník	r ɔ b ɔ t ɲ iː k
rodina	r ɔ ɟ i n a
rodinný	r ɔ ɟ i n n iː
roentgenium	r œ n ɡ ɛ n i u m
roentgenium	r ɛ n ɡ ɛ n i u m
roh	r ɔ x
roj	r ɔ j
rok	r ɔ k
rokov	r ɔ k ɔ u̯
roland	r ɔ ɫ a n t
rovnaký	r ɔ v n a k iː
rozdeliť	r ɔ z ɟ ɛ l i c
rozhodnutie	r ɔ z ɦ ɔ d n u c i̯ ɛ
rozhodnúť	r ɔ z ɦ ɔ d n uː c
rozmarín	r ɔ z m a r iː n
rozmaznaný	r ɔ z m a z n a n iː
rozmaznať	r ɔ z m a z n a c
rozsobáš	r ɔ s s ɔ b aː ʃ
roztomilý	r ɔ s t ɔ m i l iː
rozum	r ɔ z u m
rozumieť	r ɔ z u m i̯ ɛ c
rozumný	r ɔ z u m n iː
rozália	r ɔ z aː l i a
roční	r ɔ t͡ʃ n iː
ročný	r ɔ t͡ʃ n iː
roľa	r ɔ ʎ a
rožok	r ɔ ʒ ɔ k
rubídium	r u b iː d i u m
ruda	r u d a
rudo	r u d ɔ
rudolf	r u d ɔ ɫ f
ruka	r u k a
ruksak	r u k s a k
rumanček	r u m a n t͡ʃ ɛ k
rumunsko	r u m u n s k ɔ
rumunčina	r u m u n t͡ʃ i n a
runa	r u n a
rus	r u s
ruska	r u s k a
ruský	r u s k iː
rutherfordium	r a d z ɛ f ɔ r d i u m
ruténium	r u t ɛː n i u m
ručička	r u t͡ʃ i t͡ʃ k a
rušeň	r u ʃ ɛ ɲ
ruština	r u ʃ c i n a
ruža	r u ʒ a
ružena	r u ʒ ɛ n a
ryba	r i b a
rybár	r i b aː r
rybí	r i b iː
rys	r i s
rysy	r i s i
rytier	r i c i̯ ɛ r
ryšavec	r i ʃ a v ɛ t͡s
ryšiak	r i ʃ i̯ a k
ryža	r i ʒ a
ráb	r aː p
rád	r aː d
rádium	r aː d i u m
rátať	r aː t a c
ráz	r aː s
ráčkovať	r aː t͡ʃ k ɔ v a tʲ
rénium	r ɛː n i u m
ríbezľa	r iː b ɛ z ʎ a
rím	r iː m
rímsky	r iː m s k i
róbert	r ɔː b ɛ r t
ródium	r ɔː d i u m
róm	r ɔː m
rómka	r ɔː m k a
röntgen	r œ n t ɡ ɛ n
röntgen	r ɛ n t ɡ ɛ n
röntgenovať	r œ n t ɡ ɛ n ɔ v a c
röntgenovať	r ɛ n t ɡ ɛ n ɔ v a c
rúno	r uː n ɔ
rút	r uː t
rúčka	r uː t͡ʃ k a
rúž	r uː ʃ
rýchlosť	r iː x l ɔ s c
rýchly	r iː x l i
s	s
sa	s a
sabína	s a b iː n a
sad	s a d
sakristia	s a k r i s t i a
samoa	s a m ɔ a
samodruhý	s a m ɔ d r u ɦ iː
samovražda	s a m ɔ v r a ʒ d a
samuraj	s a m u r a j
samurajka	s a m u r a j k a
samárium	s a m aː r i u m
sardínia	s a r d iː n i a
saša	s a ʃ a
sať	s a c
schod	s x ɔ t
schody	s x ɔ d i
schopnosť	s x ɔ p n ɔ s c
schopný	s x ɔ p n iː
schudnúť	s x u d n uː c
schéma	s x ɛː m a
scípio	s t͡s iː p i ɔ
seaborgium	s iː b ɔ r ɡ i u m
seba	s ɛ b a
sebe	s ɛ b ɛ
sebec	s ɛ b ɛ t͡s
segedín	s ɛ ɡ ɛ d iː n
segment	s e ɡ m e n t
sekera	s ɛ k ɛ r a
sekunda	s ɛ k u n d a
sekúnd	s ɛ k uː n t
selén	s ɛ l ɛː n
semeno	s ɛ m ɛ n ɔ
sen	s ɛ n
sendvič	s ɛ n d v i t͡ʃ
seno	s ɛ n ɔ
sepsa	s ɛ p s a
september	s ɛ p t ɛ m b ɛ r
sergej	s ɛ r ɡ ɛ j
servus	s ɛ r v u s
servác	s ɛ r v aː t͡s
sestra	s ɛ s t r a
sestrin	s ɛ s t r i n
sestrička	s ɛ s t r i t͡ʃ k a
severín	s ɛ v ɛ r iː n
sex	s ɛ k s
sexu	s ɛ k s u
shetlandský	ʃ ɛ t l ɛ n d s k iː
shetlandy	ʃ ɛ t l ɛ n d i
siaha	s i̯ a ɦ a
sidónia	s i d ɔː n i a
silvia	s i ɫ v i a
simona	s i m ɔ n a
sirôtka	s i r u̯ ɔ t k a
sirôtočka	s i r u̯ ɔ t ɔ t͡ʃ k a
situácia	s i t u aː t͡s i a
skala	s k a ɫ a
skald	s k a ɫ t
sklo	s k ɫ ɔ
skorocel	s k ɔ r ɔ t͡s ɛ ɫ
skratka	s k r a t k a
skrutka	s k r u t k a
skrutkovač	s k r u t k ɔ v a t͡ʃ
skrutkovať	s k r u t k ɔ v a c
skuhroš	s k u ɦ r ɔ ʃ
skupáň	s k u p aː ɲ
slabý	s ɫ a b iː
sladký	s ɫ a t k iː
slanina	s ɫ a ɲ i n a
slavomír	s ɫ a v ɔ m iː r
slavomíra	s ɫ a v ɔ m iː r a
slavónsko	s ɫ a v ɔː n s k ɔ
slepý	s l ɛ p iː
sliepka	s l i̯ ɛ p k a
sliepočka	s l i̯ ɛ p ɔ t͡ʃ k a
sliezsko	s l i̯ ɛ s s k ɔ
slimák	s l i m aː k
slivka	s l i u̯ k a
slivovica	s l ɪ v o v ɪ t s a
slnce	s ɫ̩ n t͡s ɛ
slnečný	s ɫ̩ ɲ ɛ t͡ʃ n iː
slniečko	s ɫ̩ ɲ i̯ ɛ t͡ʃ k ɔ
slnko	s ɫ̩ ŋ k ɔ
sloboda	s ɫ ɔ b ɔ d a
sloj	s ɫ ɔ j
slon	s ɫ ɔ n
slonica	s l ɔ n i t͡s a
sloní	s ɫ ɔ ɲ iː
slovan	s ɫ ɔ v a n
slovanský	s ɫ ɔ v a n s k iː
slovenka	s ɫ ɔ v ɛ ŋ k a
slovensky	s ɫ ɔ v ɛ n s k i
slovenskí	s ɫ ɔ v ɛ n s k iː
slovenský	s ɫ ɔ v ɛ n s k iː
slovenčina	s ɫ ɔ v ɛ n t͡ʃ i n a
sloveso	s ɫ ɔ v ɛ s ɔ
slovinec	s ɫ ɔ v i ɲ ɛ t͡s
slovinka	s ɫ ɔ v i ŋ k a
slovinsko	s ɫ ɔ v i n s k ɔ
slovinský	s ɫ ɔ v i n s k iː
slovinčina	s ɫ ɔ v i n t͡ʃ i n a
slovník	s l o ʋ ɲ iː k
slovníka	s ɫ o ʋ ɲ iː k a
slovníkmi	s ɫ o ʋ ɲ iː k m i
slovníkoch	s ɫ o ʋ ɲ iː k o x
slovníkom	s ɫ o ʋ ɲ iː k o m
slovníkov	s ɫ o ʋ ɲ iː k o u̯
slovníku	s ɫ o ʋ ɲ iː k u
slovníky	s ɫ o ʋ ɲ iː k i
slovo	s ɫ ɔ v ɔ
slováci	s ɫ ɔ v aː t͡s i
slovák	s ɫ ɔ v aː k
sluch	s ɫ u x
sluha	s ɫ u ɦ a
slzička	s ɫ̩ z i t͡ʃ k a
sláva	s ɫ aː v a
slávka	s ɫ aː u̯ k a
sláčik	s ɫ aː t͡ʃ i k
smetiar	s m ɛ c i̯ a r
smiech	s m i̯ ɛ x
smotana	s m ɔ t a n a
smrekovec	s m r ɛ k ɔ v ɛ t͡s
smrti	s m r̩ c i
smrtonosný	s m r̩ t ɔ n ɔ s n iː
smäd	s m æ t
smäd	s m ɛ t
smädiť	s m æ ɟ i c
smädiť	s m ɛ ɟ i c
smädný	s m e d n iː
smädný	s m æ d n iː
snežiť	s ɲ ɛ ʒ i c
snob	s n ɔ p
snáď	s n aː c
so	s ɔ
sobota	s ɔ b ɔ t a
sobáš	s ɔ b aː ʃ
socha	s ɔ x a
socialistický	s ɔ t͡s i a l i s t i t͡s k iː
socializmus	s ɔ t͡s i a l i z m u s
sociálny	s ɔ t͡s i aː ɫ n i
sodík	s ɔ ɟ iː k
sofoniáš	s ɔ f ɔ n i aː ʃ
softvér	s ɔ f t v ɛː r
sojka	s ɔ j k a
sokol	s o̞ k o̞ l
sokrates	s ɔ k r a t ɛ s
som	s ɔ m
somarina	s ɔ m a r i n a
somár	s ɔ m aː r
sopka	s ɔ p k a
sova	s ɔ v a
sovietsky	s ɔ v i̯ ɛ t s k i
soľ	s ɔ ʎ
soňa	s ɔ ɲ a
spajvér	s p a j v ɛː r
spať	s p a c
spln	s p ɫ̩ n
spojka	s p ɔ j k a
spoločnosť	s p ɔ ɫ ɔ t͡ʃ n ɔ s c
spraviť	s p r a v i c
sprcha	s p r̩ x a
správa	s p r aː v a
správať	s p r aː v a c
spyware	s p a j v ɛː r
spálňa	s p aː ɫ ɲ a
spôsob	s p u̯ ɔ s ɔ p
spŕška	s p r̩ː ʃ k a
srať	s r a c
srbsko	s r̩ p s k ɔ
srbský	s r̩ p s k iː
srdca	s r̩ t͡s a
srdcia	s r̩ t͡s i̯ a
srdciach	s r̩ t͡s i̯ a x
srdciam	s r̩ t͡s i̯ a m
srdciami	s r̩ t͡s i̯ a m i
srdcom	s r̩ t͡s ɔ m
srdcu	s r̩ t͡s u
srdiečko	s r̩ ɟ i̯ ɛ t͡ʃ k ɔ
srna	s r̩ n a
srvátka	s r̩ v aː t k a
stalaktit	s t a ɫ a k t i t
stan	s t a n
stanislav	s t a ɲ i s ɫ a u̯
stanislava	s t a ɲ i s ɫ a v a
starec	s t a r ɛ t͡s
starena	s t a r ɛ n a
starká	s t a r k aː
starký	s t a r k iː
starogréčtina	s t a r ɔ ɡ r ɛː t͡ʃ c i n a
starostlivosť	s t a r ɔ s t l i v ɔ s c
starý	s t a r iː
starček	s t a r t͡ʃ ɛ k
starší	s t a r ʃ iː
ste	s c ɛ
stehlík	s c ɛ ɦ ʎ iː k
stela	s t ɛ ɫ a
stena	s c ɛ n a
stolička	s t ɔ l i t͡ʃ k a
storočie	s t o r o t͡ʃ i̯ e
strach	s t r a x
strachmi	s t r a x m i
strachoch	s t r a x o x
strachom	s t r a x o m
strachov	s t r a x o u̯
strachu	s t r a x u
strachy	s t r a x i
straka	s t r a k a
strana	s t r a n a
strategický	s t r a t ɛ ɡ i t͡s k iː
strecha	s t r ɛ x a
streda	s t r e d a
stredník	s t r ɛ d ɲ iː k
strela	s t r ɛ ɫ a
strelec	s t r ɛ l ɛ t͡s
stretnutie	s t r ɛ t n u c i̯ ɛ
stretnúť	s t r ɛ t n uː c
striebro	s t r i̯ ɛ b r ɔ
striga	s t r i ɡ a
strmý	s t r̩ m iː
stroj	s t r ɔ j
stroja	s t r ɔ j a
stroje	s t r ɔ j ɛ
stroji	s t r ɔ j i
strojmi	s t r ɔ j m i
strojoch	s t r ɔ j ɔ x
strojom	s t r ɔ j ɔ m
strojov	s t r ɔ j ɔ u̯
stroju	s t r ɔ j u
strom	s t r ɔ m
stromami	s t r ɔ m a m i
strome	s t r ɔ m ɛ
stromoch	s t r ɔ m ɔ x
stromom	s t r ɔ m ɔ m
stromov	s t r ɔ m ɔ u̯
stromu	s t r ɔ m u
stromy	s t r ɔ m i
stroncium	s t r ɔ n t͡s i u m
struk	s t r u k
strukovina	s t r u k ɔ v i n a
strukoviny	s t r u k ɔ v i n i
struna	s t r u n a
stryná	s t r i n aː
strážiť	s t r aː ʒ i c
strúčik	s t r uː t͡ʃ i k
strýc	s t r iː t͡s
stupidita	s t u p ɪ d ɪ t a
stále	s t aː l ɛ
stáť	s t aː c
stôl	s t u̯ ɔ ɫ
suchý	s u x iː
sudca	s u t t͡s a
sudetský	s ʊ d ɛ t s k iː
sudety	s u d ɛ t i
sujet	s u ʒ ɛ t
sujet	s y ʒ ɛ
sujet	s y ʒ ɛ t
suka	s u k a
sukienka	s u k i̯ ɛ ŋ k a
sukne	s u k ɲ ɛ
sukničkár	s u k ɲ i t͡ʃ k aː r
sukňa	s u k ɲ a
sup	s u p
sušič	s u ʃ i t͡ʃ
sušička	s u ʃ i t͡ʃ k a
svadobný	s v a d ɔ b n iː
svahilčina	s v a ɦ i ɫ t͡ʃ i n a
svastika	s v a s t i k a
svastiku	s v a s t i k u
svedomie	s v ɛ d ɔ m i̯ e
svedomí	s v ɛ d ɔ m iː
svet	s v ɛ t
sveta	s v ɛ t a
svete	s v ɛ c ɛ
svetlana	s v ɛ t ɫ a n a
svetlo	s v ɛ t ɫ ɔ
svetmi	s v ɛ t m i
svetoch	s v ɛ t ɔ x
svetom	s v ɛ t ɔ m
svetov	s v ɛ t ɔ u̯
svetový	s v ɛ t ɔ v iː
svetozár	s v ɛ t ɔ z aː r
svetu	s v ɛ t u
svety	s v ɛ t i
sveťo	s v ɛ c ɔ
svieca	s v i̯ ɛ t͡s a
sviečka	s v i̯ ɛ t͡ʃ k a
sviečkach	s v i̯ ɛ t͡ʃ k a x
sviečkam	s v i̯ ɛ t͡ʃ k a m
sviečkami	s v i̯ ɛ t͡ʃ k a m i
sviečke	s v i̯ ɛ t͡ʃ k ɛ
sviečkou	s v i̯ ɛ t͡ʃ k ɔ u̯
sviečku	s v i̯ ɛ t͡ʃ k u
sviečky	s v i̯ ɛ t͡ʃ k i
sviečok	s v i̯ ɛ t͡ʃ ɔ k
sviečočka	s v i̯ ɛ t͡ʃ ɔ t͡ʃ k a
svoj	s v ɔ j
svokor	s v ɔ k ɔ r
svokra	s v ɔ k r a
svätopluk	s v ɛ t ɔ p ɫ u k
svätopluk	s v ɛ ɐ̯ t ɔ p ɫ u k
svätyňa	s v ɛ t i ɲ a
svätý	s v e t iː
svätý	s v ɛ ɐ̯ t iː
synagóga	s i n a ɡ ɔː ɡ a
synergia	s i n ɛ r ɡ i a
synovia	s i n o v i̯ a
syntax	s i n t a k s
syntaxe	s i n t a k s ɛ
syntéza	s i n t ɛː z a
synáčik	s i n aː t͡ʃ i k
synček	s i n t͡ʃ ɛ k
syr	s i r
sága	s aː ɡ a
sára	s aː r a
sídlo	s iː d ɫ ɔ
síra	s iː r a
sôch	s u̯ o x
sôvä	s u̯ ɔ v æ
sôvä	s u̯ ɔ v ɛ
súd	s uː t
súdruh	s uː d r u x
súkromný	s uː k r ɔ m n iː
súlož	s uː ɫ ɔ ʃ
súostrovie	s uː ɔ s t r ɔ v i̯ ɛ
súper	s uː p ɛ r
súrne	s uː r n ɛ
súrne	s uː r ɲ ɛ
súrny	s uː r n i
sústava	s uː s t a v a
súčasný	s uː t͡ʃ a s n iː
súťaž	s uː c a ʃ
sýkorka	s iː k ɔ r k a
sýria	s iː r i a
sýrsky	s iː r s k i
sŕňa	s r̩ː ɲ a
tabak	t a b a k
tabu	t a b u
tadžik	t a d͡ʒ i k
tadžikistan	t a d͡ʒ i k i s t a n
takmer	t a k m ɛ r
taký	t a k iː
takýto	t a k iː t ɔ
taliansko	t a l i̯ a n s k ɔ
taliansky	t a l i̯ a n s k i
taliančina	t a l i̯ a n t͡ʃ i n a
tam	t a m
tamara	t a m a r a
tamhľa	t a m ɦ ʎ a
tanec	t a ɲ e t͡s
tango	t a ŋ ɡ ɔ
tangá	t a ŋ ɡ aː
tanier	t a ɲ i̯ ɛ r
tanierik	t a ɲ i̯ ɛ r i k
tantal	t a n t a ɫ
tapeta	t a p ɛ t a
tatry	t a t r i
technológia	t ɛ x n ɔ ɫ ɔː ɡ i a
technécium	t ɛ x n ɛː t͡s i u m
tehla	c ɛ ɦ ɫ a
tehlička	c ɛ ɦ ʎ i t͡ʃ k a
teizmus	t ɛ i z m u s
tekvica	c ɛ k v i t͡s a
tela	c ɛ ɫ a
telami	c ɛ ɫ a m i
tele	c ɛ l ɛ
telefón	t ɛ l ɛ f ɔː n
teleskop	t ɛ l ɛ s k ɔ p
telo	c ɛ ɫ ɔ
telom	c ɛ ɫ ɔ m
telu	c ɛ ɫ u
telá	c ɛ ɫ aː
telách	c ɛ ɫ aː x
telám	c ɛ ɫ aː m
telíčko	c ɛ ʎ iː t͡ʃ k ɔ
telúr	t ɛ ɫ uː r
temešvár	t ɛ m ɛ ʃ v aː r
temnota	c ɛ m n ɔ t a
temný	c ɛ m n iː
ten	t ɛ n
tenký	c ɛ ŋ k iː
teodor	t ɛ ɔ d ɔ r
tepať	c ɛ p a c
teplý	c ɛ p l iː
teraz	t ɛ r a s
terbium	t ɛ r b i u m
terminológia	t ɛ r m i n ɔ ɫ ɔː ɡ i a
terst	t ɛ r s t
terézia	t ɛ r ɛː z i a
testosterón	t ɛ s t ɔ s t ɛ r ɔː n
tesť	c ɛ s c
teta	c ɛ t a
teľa	c ɛ ʎ a
tiahnuť	c i̯ a ɦ n u c
tibetčina	t i b ɛ t t͡ʃ i n a
tibor	c i b ɔ r
tichomír	c i x ɔ m iː r
tiel	c i̯ ɛ ɫ
tieň	c i̯ ɛ ɲ
tiež	c i̯ ɛ ʃ
tigris	t i ɡ r i s
tigriňa	t i ɡ r i ɲ a
timotej	t i m ɔ t ɛ j
tisa	c i s a
titán	t i t aː n
tkáč	t k aː t͡ʃ
tkáčka	t k aː t͡ʃ k a
tlač	t ɫ a t͡ʃ
tlačiť	t ɫ a t͡ʃ i c
tlačovka	t ɫ a t͡ʃ ɔ u̯ k a
tlmač	t ɫ̩ m a t͡ʃ
tlmočník	t ɫ̩ m ɔ t͡ʃ ɲ iː k
tlstý	t ɫ̩ s t iː
tma	t m a
tmavý	t m a v iː
tobôž	t ɔ b u̯ ɔ ʃ
toho	t ɔ ɦ ɔ
tok	t ɔ k
tokio	t ɔ k i ɔ
tokoferol	t ɔ k ɔ f ɛ r ɔ ɫ
tomáš	t ɔ m aː ʃ
topánka	t ɔ p aː ŋ k a
topánky	t ɔ p aː ŋ k i
topánočka	t ɔ p aː n ɔ t͡ʃ k a
totalitarizmus	t ɔ t a l i t a r i z m u s
tovar	t ɔ v a r
toxický	t o k s i t͡s k iː
traktor	t r a k t ɔ r
treba	t r ɛ b a
trhu	t r̩ ɦ u
triesočka	t r i̯ ɛ s ɔ t͡ʃ k a
triezvy	t r i̯ ɛ z v i
trolejbus	t r ɔ l ɛ j b u s
trona	t r ɔ n a
tráva	t r aː v a
tráviaci	t r aː v i̯ a t͡s i
trávička	t r aː v i t͡ʃ k a
tuk	t u k
tuleň	t u l ɛ ɲ
tupý	t u p iː
tur	t u r
turecko	t u r ɛ t͡s k ɔ
turek	t u r ɛ k
turista	t u r i s t a
turistika	t u r i s t i k a
turizmus	t u r i z m u s
turkyňa	t u r k i ɲ a
turnaj	t u r n a j
tučniak	t u t͡ʃ ɲ i̯ a k
tužka	t u ʃ k a
tvaroh	t v a r ɔ x
tvrdza	t v r̩ d͡z a
tvár	t v aː r
ty	t i
tábor	t aː b ɔ r
tágo	t aː ɡ ɔ
tálium	t aː l i u m
téma	t e̞ː m a
tórium	t ɔː r i u m
túlium	t uː l i u m
týždeň	t iː ʒ ɟ ɛ ɲ
tŕnie	t r̩ː ɲ i̯ ɛ
ubehlík	u b ɦ ɛ l iː k
ucho	u x ɔ
udrieť	u d r i̯ ɛ c
ufňukaný	u f ɲ u k a n iː
uhličitý	u ɦ ʎ i t͡ʃ i t iː
uhlík	u ɦ ʎ iː k
uhol	u ɦ ɔ ɫ
uhorka	u ɦ ɔ r k a
ujec	u j ɛ t͡s
ujo	u j ɔ
ujček	u j t͡ʃ ɛ k
ukrajina	u k r a j i n a
ukrajinský	u k r a j i n s k iː
ukrajinčina	u k r a j i n t͡ʃ i n a
ulica	u ɫ i t͡s a
ulica	u ʎ i t͡s a
ulicami	u ɫ i t͡s a m i
ulicami	u ʎ i t͡s a m i
ulice	u ɫ i t͡s e
ulice	u ʎ i t͡s e
ulici	u ɫ i t͡s i
ulici	u ʎ i t͡s i
uliciach	u ɫ i t͡s i̯ a x
uliciach	u ʎ i t͡s i̯ a x
uliciam	u ɫ i t͡s i̯ a m
uliciam	u ʎ i t͡s i̯ a m
ulicou	u ɫ i t͡s ɔ w
ulicou	u ʎ i t͡s ɔ w
ulicu	u ɫ i t͡s u
ulicu	u ʎ i t͡s u
ulíc	u ɫ iː t͡s
ulíc	u ʎ iː t͡s
um	u m
umenie	u m ɛ ɲ i̯ ɛ
umrieť	u m r i̯ ɛ c
univerzita	u n i v ɛ r z i t a
univerzitný	u n i v ɛ r z i t n iː
upratať	u p r a t a c
urban	u r b a n
urgentný	u r ɡ ɛ n t n iː
urobiť	u r ɔ b i c
urtikárie	u r t i k aː r i ɛ
uruguaj	u r u ɡ v a j
urán	u r aː n
určite	u r t͡ʃ i c ɛ
uršuľa	u r ʃ u ʎ a
utečenec	u c ɛ t͡ʃ ɛ ɲ ɛ t͡s
utešený	u c ɛ ʃ ɛ n iː
utorok	u t ɔ r ɔ k
uzbek	u z b e k
uzbekistan	u z b ɛ k i s t a n
uško	u ʃ k ɔ
ušnica	u ʃ ɲ i t͡s a
užitočnosť	u ʒ i t ɔ t͡ʃ n ɔ s c
užitočný	u ʒ i t ɔ t͡ʃ n iː
užovka	u ʒ ɔ u̯ k a
užívateľ	u ʒ iː v a c ɛ ʎ
užší	u ʃ iː
vagína	v a ɡ iː n a
vajce	v a j t͡s ɛ
valach	v a ɫ a x
valaška	v a ɫ a ʃ k a
valašsko	v a ɫ a ʃ s k ɔ
valašský	v a ɫ a ʃ s k iː
valentín	v a l ɛ n t iː n
valentína	v a l ɛ n t iː n a
valkýra	v a ɫ k iː r a
valér	v a l ɛː r
valéria	v a l ɛː r i a
valčík	v a ɫ t͡ʃ iː k
vanda	v a n d a
vankúš	v a ŋ k uː ʃ
vanuatu	v a n u a t u
vanád	ʋ a n aː t
varšava	ʋ a r ʃ a ʋ a
vasil	v a s i ɫ
vavrinec	v a v r i ɲ ɛ t͡s
vaňa	v a ɲ a
vaše	ʋ a ʃ e
vdov	v d ɔ u̯
vdovami	v d ɔ v a m i
vdove	v d ɔ v ɛ
vdovou	v d ɔ v ɔ u̯
vdovu	v d ɔ v u
vdovy	v d ɔ v i
vdovách	v d ɔ v aː x
vdovám	v d ɔ v aː m
vec	v ɛ t͡s
vedec	v ɛ ɟ ɛ t͡s
vedro	v ɛ d r ɔ
vedľa	v ɛ d ʎ a
veko	v ɛ k ɔ
vendelín	v ɛ n d ɛ l iː n
verejný	v ɛ r ɛ j n iː
ves	ʋ e s
vestibul	v ɛ s t i b u ɫ
veternica	v ɛ c ɛ r ɲ i t͡s a
vetva	v ɛ t v a
veverica	v ɛ v ɛ r i t͡s a
večer	v ɛ t͡ʃ ɛ r
večera	v ɛ t͡ʃ ɛ r a
večes	ʋ e t ʃ e s
veľa	v ɛ ʎ a
veľký	v ɛ ʎ k iː
veľmi	v ɛ ʎ m i
veža	v ɛ ʒ a
vežička	v ɛ ʒ i t͡ʃ k a
viac	v i̯ a t͡s
vianoce	v i̯ a n ɔ t͡s ɛ
viať	v i̯ a c
vidiecky	v i ɟ i̯ ɛ t͡s k i
vidieť	v i ɟ i̯ ɛ c
vidlička	v i d ʎ i t͡ʃ k a
viedenský	v i̯ ɛ ɟ ɛ n s k iː
viedeň	v i̯ ɛ ɟ ɛ ɲ
viera	v i̯ ɛ r a
vieroslava	v i̯ ɛ r ɔ s ɫ a v a
viesť	v i̯ ɛ s c
vietor	v i̯ ɛ t ɔ r
viezť	v i̯ ɛ s c
viking	v i k i ŋ ɡ
viktor	v i k t ɔ r
viliam	v i l i a m
vilma	v i ɫ m a
vilnius	v i ɫ ɲ i̯ u s
vinš	v i n ʃ
viola	v i ɔ ɫ a
visla	v i s ɫ a
vitamín	v i t a m iː n
vitráž	ʋ i t r aː ʃ
vladimír	v ɫ a ɟ i m iː r
vladimíra	v ɫ a ɟ i m iː r a
vladislav	v ɫ a ɟ i s ɫ a u̯
vlaha	v ɫ a ɦ a
vlajočka	v ɫ a j ɔ t͡ʃ k a
vlani	v ɫ a ɲ i
vlas	v ɫ a s
vlasta	v ɫ a s t a
vlastimil	v ɫ a s c i m i ɫ
vlastný	v ɫ a s t n iː
vlasť	ʋ ɫ a s c
vlna	v ɫ̩ n a
vlásočnica	v ɫ aː s ɔ t͡ʃ ɲ i t͡s a
vláčik	v ɫ aː t͡ʃ i k
vnuk	v n u k
vnučka	ʋ n u t͡ʃ k a
vnútornosti	v n uː t ɔ r n ɔ s c
vnúčik	ʋ n uː t͡ʃ i k
voda	v ɔ d a
vodca	ʋ ɔ t͡sː a
vodič	v ɔ ɟ i t͡ʃ
vodiť	v ɔ ɟ i c
vodopád	v ɔ d ɔ p aː t
vodík	v ɔ ɟ iː k
vojak	v ɔ j a k
vojačik	v ɔ j a t͡ʃ i k
vojtech	ʋ ɔ j c e x
vola	v ɔ ɫ a
volavka	v ɔ ɫ a u̯ k a
volfrám	v ɔ ɫ f r aː m
volov	v ɔ ɫ ɔ u̯
volt	v ɔ ɫ t
voz	v ɔ s
voziť	v ɔ z i c
voš	v ɔ ʃ
vplyv	f p ɫ i w
vrabec	v r a b ɛ t͡s
vracať	v r a t͡s a c
vrah	v r a x
vraj	v r a j
vrana	v r a n a
vraní	v r a ɲ iː
vratislav	v r a c i s ɫ a u̯
vratko	v r a t k ɔ
vravieť	v r a v i̯ ɛ c
vražda	v r a ʒ d a
vrece	v r ɛ t͡s ɛ
vrecko	v r ɛ t͡s k ɔ
vretenica	v r ɛ c ɛ ɲ i t͡s a
vrkoč	v r̩ k ɔ t͡ʃ
vroclav	ʋ r ɔ t͡s ɫ a w
vrtuľník	v r̩ t u ʎ ɲ iː k
vrátane	v r aː t a n ɛ
vrátiť	v r aː c i c
vrša	v r̩ ʃ a
vstupenka	f s t u p ɛ ŋ k a
vtedy	f t ɛ d i
vták	f t aː k
vtákopysk	f t aː k ɔ p i s k
vtáčik	f t aː t͡ʃ i k
vulkán	v u ɫ k aː n
vuvuzela	ʋ u ʋ u z e ɫ a
vy	v i
vychádzka	v i x aː t͡s k a
vydra	v i d r a
vyhodnotiť	v i ɦ ɔ d n ɔ c i c
vypnúť	v i p n uː c
vypínať	v i p iː n a c
vysvedčenie	ʋ i s ʋ e t t͡ʃ e n i̯ e
vzal	v z a ɫ
vzduch	v z d u x
vziať	v z i̯ a c
václav	ʋ aː t͡s ɫ a w
váh	v aː x
vápnik	ʋ aː p ɲ i k
váš	v aː ʃ
vážka	v aː ʃ k a
vädnúť	v æ d n uː c
vädnúť	v ɛ d n uː c
väčšina	v æ t͡ʃ ʃ i n a
väčšina	v ɛ t͡ʃ ʃ i n a
väčší	v æ t͡ʃ ʃ i
väčší	v ɛ t͡ʃ ʃ i
víchor	v iː x ɔ r
víkend	ʋ iː k e n t
víno	v iː n ɔ
vít	v iː t
víťaz	v iː c a s
víťazoslav	v iː c a z ɔ s ɫ a u̯
víťazoslava	v iː c a z ɔ s ɫ a v a
víťazstvo	v iː c a s s t v ɔ
vôl	v u̯ ɔ ɫ
vôľa	v u̯ ɔ ʎ a
výbuch	v iː b u x
východ	v iː x ɔ t
výnos	v iː n ɔ s
výskum	v iː s k u m
výsledok	v iː s l ɛ d ɔ k
vývojka	v iː v ɔ j k a
výťah	v iː c a x
včela	f t͡ʃ ɛ ɫ a
včera	f t͡ʃ ɛ r a
vďaka	v ɟ a k a
vďačnosť	v ɟ a t͡ʃ n ɔ s c
vďačný	v ɟ a t͡ʃ n iː
všade	f ʃ a ɟ ɛ
všetci	f ʃ ɛ t t͡s i
všetok	f ʃ ɛ t ɔ k
xenofón	k s ɛ n ɔ f ɔː n
xénia	k s eː n i a
ypsilon	i p s i ɫ ɔ n
yterbium	i t ɛ r b i u m
ytrium	i t r i u m
z	z
zabudnúť	z a b u d n uː c
zachariáš	z a x a r i aː ʃ
zachmúrený	z a x m uː r ɛ n iː
zajac	z a j a t͡s
zajačik	z a j a t͡ʃ i k
zajtra	z a j t r a
zapnúť	z a p n uː c
zapínať	z a p iː n a c
zastaralý	z a s t a r a ɫ iː
zatiaľ	z a c i̯ a ʎ
začať	z a t͡ʃ a c
začiatok	z a t͡ʃ i̯ a t ɔ k
zať	z a c
zažať	z a ʒ a c
zbohom	z b ɔ ɦ ɔ m
zbožie	z b ɔ ʒ i̯ ɛ
zboží	z b ɔ ʒ iː
zdenka	z ɟ ɛ ŋ k a
zdravie	z d r a v i̯ ɛ
zdraví	z d r a v iː
zdravý	z d r a v iː
zdrobnenina	z d r ɔ b ɲ ɛ ɲ i n a
zelenina	z ɛ l ɛ ɲ i n a
zelená	z ɛ l ɛ n aː
zelený	z e̞ ɫ e̞ n iː
zelený	z e̞ ʎ e̞ n iː
zemepis	z ɛ m ɛ p i s
zemetrasenie	z ɛ m ɛ t r a s ɛ ɲ i̯ ɛ
zemi	z e m i
zemiak	z ɛ m i̯ a k
zemiakový	z ɛ m i̯ a k ɔ v iː
zemiaky	z ɛ m i̯ a k i
zemí	z ɛ m iː
zhodnotiť	z ɦ ɔ d n ɔ c i c
zina	z i n a
zlatica	z ɫ a c i t͡s a
zlatko	z ɫ a t k ɔ
zlato	z ɫ a t ɔ
zlatý	z ɫ a t iː
zlo	z ɫ ɔ
zlodej	z ɫ ɔ ɟ ɛ j
zlí	z ɫ iː
zmes	z m ɛ s
zmija	z m i j a
zmluva	z m ɫ u v a
zmrzlina	z m r̩ z ɫ i n a
zmrzlina	z m r̩ z ʎ i n a
znamenať	z n a m ɛ n a c
znať	z n a c
znezrady	z ɲ ɛ z r a d i
zo	z ɔ
zobáčik	z ɔ b aː t͡ʃ i k
zoja	z ɔ j a
zoltán	z ɔ ɫ t aː n
zombia	z ɔ m b i a
zomrieť	z ɔ m r i̯ ɛ c
zoológia	z ɔ ɔ ɫ ɔː ɡ i a
zoom	z uː m
zora	z ɔ r a
zoznam	z ɔ z n a m
zrak	z r a k
zrelý	z r ɛ l iː
zrenica	z r ɛ ɲ i t͡s a
zrkadlo	z r̩ k a d ɫ ɔ
zrniečko	z r̩ ɲ i̯ ɛ t͡ʃ k ɔ
zrno	z r̩ n ɔ
zröntgenovať	z r œ n t ɡ ɛ n ɔ v a c
zröntgenovať	z r ɛ n t ɡ ɛ n ɔ v a c
zub	z u p
zubár	z u b aː r
zubáč	z u b aː t͡ʃ
zunovaný	z u n ɔ v a n iː
zunovať	z u n ɔ v a c
zuzana	z u z a n a
zuzanka	z u z a ŋ k a
zuzka	z u s k a
zviera	z v i̯ ɛ r a
zvuk	z v u k
zvyšný	z v i ʃ n iː
zvyšok	z v i ʃ ɔ k
zväz	z ʋ e s
zväz	z ʋ æ s
zvýšiť	z v iː ʃ i c
záhada	z aː ɦ a d a
záhrada	z aː ɦ r a d a
záhreb	z aː ɦ r ɛ p
základný	z aː k ɫ a d n iː
záležitosť	z aː ɫ e ʒ i t ɔ s c
záležitosť	z aː ʎ e ʒ i t ɔ s c
zámeno	z aː m ɛ n ɔ
zámok	z aː m ɔ k
zápal	z aː p a ɫ
zápcha	z aː p x a
zápražka	z aː p r a ʃ k a
zásaditý	z aː s a ɟ i t iː
zátvorka	z aː t v ɔ r k a
závisť	z aː ʋ i s c
zázrak	z aː z r a k
zázračný	z aː z r a t͡ʃ n iː
zázvor	z aː z v ɔ r
zľava	z ʎ a v a
ábel	aː b ɛ ɫ
áno	aː n ɔ
áut	aː u̯ t
ázia	aː z i a
ázijský	aː z i j s k iː
ä	ɛ
ä	ɛ ɐ̯
ålandy	ɔ ɫ a n d i
ångström	a n k s t r e m
ír	iː r
íri	iː r i
írsko	iː r s k ɔ
írčina	iː r t͡ʃ i n a
ísť	iː s c
íver	iː v ɛ r
óda	ɔː d a
ôstie	u̯ o s t i̯ e
úbohý	uː b ɔ ɦ iː
údolie	uː d ɔ ʎ i̯ ɛ
úrad	uː r a t
ústa	uː s t a
útroba	uː t r ɔ b a
územie	uː z ɛ m i̯ ɛ
území	uː z ɛ m iː
úzky	uː s k i
úžitok	uː ʒ i t ɔ k
ý	iː
č	t͡ʃ
čad	t͡ʃ a t
čaj	t͡ʃ a j
čajka	t͡ʃ a j k a
čakať	t͡ʃ a k a c
čaro	t͡ʃ a r ɔ
čas	t͡ʃ a s
časti	t͡ʃ a s c i
častica	t͡ʃ a s c i t͡s a
častí	t͡ʃ a s c iː
časť	t͡ʃ a s c
čau	t͡ʃ a u̯
čaša	t͡ʃ a ʃ a
čechizmus	t͡ʃ ɛ x i z m u s
čechy	t͡ʃ ɛ x i
čej	t͡ʃ ɛ j
čelo	t͡ʃ ɛ ɫ ɔ
čerešňa	t͡ʃ ɛ r ɛ ʃ ɲ a
černica	t͡ʃ ɛ r ɲ i t͡s a
černoch	t͡ʃ ɛ r n ɔ x
červ	t͡ʃ ɛ r w
červený	t͡ʃ ɛ r v ɛ n iː
československo	t͡ʃ ɛ s k ɔ s ɫ ɔ v ɛ n s k ɔ
český	t͡ʃ e s k iː
česť	t͡ʃ ɛ s c
čečenský	t͡ʃ ɛ t͡ʃ ɛ n s k iː
čeština	t͡ʃ ɛ ʃ c i n a
či	t͡ʃ i
čiapka	t͡ʃ i̯ a p k a
čiapočka	t͡ʃ i̯ a p ɔ t͡ʃ k a
čiaročka	t͡ʃ i̯ a r ɔ t͡ʃ k a
čierny	t͡ʃ i̯ e r n i
čin	t͡ʃ i n
činnosť	t͡ʃ i n n ɔ s c
čipka	t͡ʃ i p k a
čistej	t͡ʃ i s c ɛ j
čistý	t͡ʃ i s t iː
čivava	t͡ʃ i v a v a
čiže	t͡ʃ i ʒ ɛ
čižma	t͡ʃ i ʒ m a
čižmička	t͡ʃ i ʒ m i t͡ʃ k a
členok	t͡ʃ l ɛ n ɔ k
čln	t͡ʃ ɫ̩ n
človek	t͡ʃ ɫ ɔ ʋ e k
človiečik	t͡ʃ ɫ ɔ v i̯ ɛ t͡ʃ i k
čmeľ	t͡ʃ m ɛ ʎ
čo	t͡ʃ ɔ
čokoláda	t͡ʃ ɔ k ɔ ɫ aː d a
čomu	t͡ʃ ɔ m u
čoskoro	t͡ʃ ɔ s k ɔ r ɔ
čpavok	t͡ʃ p a v ɔ k
črep	t͡ʃ r ɛ p
črevo	t͡ʃ r ɛ v ɔ
črieda	t͡ʃ r i̯ ɛ d a
črta	t͡ʃ r̩ t a
čuchať	t͡ʃ u x a c
čudný	t͡ʃ u d n iː
čujný	t͡ʃ u j n iː
čučoriedka	t͡ʃ u t͡ʃ ɔ r i̯ ɛ t k a
čím	t͡ʃ iː m
čína	t͡ʃ iː n a
čínsky	t͡ʃ iː n s k i
číselný	t͡ʃ iː s ɛ ɫ n iː
číslo	t͡ʃ iː s ɫ ɔ
číslovka	t͡ʃ iː s ɫ ɔ u̯ k a
číslovky	t͡ʃ iː s ɫ ɔ u̯ k i
čítať	t͡ʃ iː t a c
číňan	t͡ʃ iː ɲ a n
číňanka	t͡ʃ iː ɲ a ŋ k a
ďakujúci	ɟ a k u j uː t͡s i
ďalekohľad	ɟ a l ɛ k ɔ ɦ ʎ a t
ďalší	ɟ a ɫ ʃ iː
ďatelina	ɟ a c ɛ l i n a
ďateľ	ɟ a c ɛ ʎ
ĺ	ɫ̩ː
ľad	ʎ a t
ľadnička	ʎ a d ɲ i t͡ʃ k a
ľadoborec	ʎ a d ɔ b ɔ r ɛ t͡s
ľadvina	ʎ a d v i n a
ľahký	ʎ a x k iː
ľstivý	ʎ s c i v iː
ľuba	ʎ u b a
ľubo	ʎ u b ɔ
ľubomír	ʎ u b ɔ m iː r
ľubomíra	ʎ u b ɔ m iː r a
ľubor	ʎ u b ɔ r
ľuboslav	ʎ u b ɔ s ɫ a u̯
ľuboslava	ʎ u b ɔ s ɫ a v a
ľuboš	ʎ u b ɔ ʃ
ľuda	ʎ u d a
ľudia	ʎ u ɟ i̯ a
ľudmila	ʎ u d m i ɫ a
ľudo	ʎ u d ɔ
ľudomil	ʎ u d ɔ m i ɫ
ľudomila	ʎ u d ɔ m i ɫ a
ľudovít	ʎ u d ɔ v iː t
ň	ɲ
ŕ	r̩ː
šach	ʃ a x
šachovnica	ʃ a x ɔ u̯ ɲ i t͡s a
šakal	ʃ a k a ɫ
šamlík	ʃ a m l iː k
šampión	ʃ a m p i ɔː n
šatka	ʃ a t k a
šaty	ʃ a t i
šatôčka	ʃ a t u̯ ɔ t͡ʃ k a
šija	ʃ i j a
šimpanz	ʃ i m p a n s
šiška	ʃ i ʃ k a
škandinávia	ʃ k a n d i n aː v i a
škandinávie	ʃ k a n d i n aː v i ɛ
škandál	ʃ k a n d aː ɫ
škatuľa	ʃ k a t u ʎ a
škoda	ʃ k ɔ d a
škola	ʃ k ɔ ɫ a
škorec	ʃ k ɔ r ɛ t͡s
škorica	ʃ k ɔ r i t͡s a
škorpión	ʃ k ɔ r p i ɔː n
škorčí	ʃ k ɔ r t͡ʃ iː
škovránok	ʃ k ɔ v r aː n ɔ k
škrečok	ʃ k r ɛ t͡ʃ ɔ k
škrupina	ʃ k r u p i n a
škrupinka	ʃ k r u p i ŋ k a
škvrna	ʃ k v r̩ n a
škál	ʃ k aː ɫ
škála	ʃ k aː ɫ a
škáročka	ʃ k aː r ɔ t͡ʃ k a
škót	ʃ k ɔː t
škóti	ʃ k ɔː c i
škótsko	ʃ k ɔː t s k ɔ
škótsky	ʃ k ɔː t s k i
škótština	ʃ k ɔː t ʃ c i n a
šofér	ʃ ɔ f ɛː r
šok	ʃ ɔ k
šopron	ʃ ɔ p r ɔ n
šou	ʃ ɔ w
šošovica	ʃ ɔ ʃ ɔ v i t͡s a
šošovka	ʃ ɔ ʃ ɔ u̯ k a
špageta	ʃ p a ɡ ɛ t a
špagety	ʃ p a ɡ ɛ t i
španielsko	ʃ p a ɲ i̯ ɛ ɫ s k ɔ
španielčina	ʃ p a ɲ i̯ ɛ ɫ t͡ʃ i n a
špekulácia	ʃ p e k u ɫ aː t͡s i a
špenát	ʃ p ɛ n aː t
špicbergy	ʃ p i t͡s b ɛ r ɡ i
štart	ʃ t a r t
štefan	ʃ c ɛ f a n
štefánia	ʃ c ɛ f aː n i a
štiny	ʃ c i n i
štopeľ	ʃ t ɔ p ɛ ʎ
štrajk	ʃ t r a j k
štrajkovať	ʃ t r a j k ɔ v a c
štrkáč	ʃ t r̩ k aː t͡ʃ
študent	ʃ t u d ɛ n t
štvrtok	ʃ t v r̩ t ɔ k
štát	ʃ t aː t
štátny	ʃ t aː t n i
štóla	ʃ t ɔː ɫ a
švagor	ʃ v a ɡ ɔ r
švajčiarsko	ʃ v a j t͡ʃ i̯ a r s k ɔ
švéd	ʃ ʋ eː t
švédka	ʃ ʋ eː t k a
švédsko	ʃ v ɛː t s k ɔ
švédsky	ʃ v ɛː t s k i
švédčina	ʃ v ɛː t t͡ʃ i n a
šálka	ʃ aː ɫ k a
šáločka	ʃ a ɫ ɔ t͡ʃ k a
šíp	ʃ iː p
šípka	ʃ iː p k a
šógun	ʃ ɔː ɡ u n
šľachtic	ʃ ʎ a x c i t͡s
šťúr	ʃ c uː r
ťarchavý	c a r x a v iː
ťava	c a v a
ťažký	c a ʃ k iː
ž	ʒ
žaba	ʒ a b a
žalmy	ʒ a ɫ m i
žalúdok	ʒ a ɫ uː d ɔ k
žaneta	ʒ a n ɛ t a
žať	ʒ a c
žbrnda	ʒ b r̩ n d a
že	ʒ ɛ
želanie	ʒ ɛ ɫ a ɲ i̯ ɛ
želať	ʒ ɛ ɫ a c
železo	ʒ e ɫ e z ɔ
železo	ʒ e ʎ e z ɔ
želmíra	ʒ ɛ ɫ m iː r a
žemlička	ʒ ɛ m l i t͡ʃ k a
žemľa	ʒ ɛ m ʎ a
ženami	ʒ ɛ n a m i
ženatý	ʒ ɛ n a t iː
žene	ʒ ɛ ɲ ɛ
ženou	ʒ e n ɔ u̯
ženu	ʒ e n u
ženy	ʒ e n i
ženách	ʒ ɛ n aː x
ženám	ʒ ɛ n aː m
žeriav	ʒ ɛ r i̯ a u̯
žerucha	ʒ ɛ r u x a
žgrloš	ʒ ɡ r̩ ɫ ɔ s
žiak	ʒ i̯ a k
žiačik	ʒ i̯ a t͡ʃ i k
žiačík	ʒ i̯ a t͡ʃ iː k
žid	ʒ i t
žien	ʒ i̯ e n
žigmund	ʒ i ɡ m u n d
žihľavka	ʒ i ɦ ʎ a u̯ k a
žila	ʒ i ɫ a
žiletka	ʒ i l ɛ t k a
žinčica	ʒ i n t͡ʃ i t͡s a
žirafa	ʒ i r a f a
žirafí	ʒ i r a f iː
životopis	ʒ i v ɔ t ɔ p i s
živočích	ʒ i v ɔ t͡ʃ iː x
živý	ʒ i v iː
žičiť	ʒ i t͡ʃ i c
žiť	ʒ i c
žlna	ʒ ɫ̩ n a
žltý	ʒ ɫ̩ t iː
žmýkačka	ʒ m iː k a t͡ʃ k a
žni	ʒ ɲ i
žofia	ʒ ɔ f i a
žreb	ʒ r ɛ p
žriebä	ʒ r i̯ e b e
žriebä	ʒ r i̯ e b æ
žriebäcí	ʒ r i̯ b ɛ t͡s iː
žriebäcí	ʒ r i̯ ɛ b æ t͡s iː
žubrienka	ʒ u b r i̯ ɛ ŋ k a
žurnalista	ʒ u r n a l i s t a
žurnalistika	ʒ u r n a l i s t i k a
žurnál	ʒ u r n aː ɫ
žuvačka	ʒ u v a t͡ʃ k a
žuvať	ʒ u v a c
žíla	ʒ iː ɫ a
žĺtkový	ʒ ɫ̩ː t k ɔ v iː
žĺtok	ʒ ɫ̩ː t ɔ k
