అ	ɐ
అంకవిద్య	a ŋ k a ʋ i d j a
అంతర్వాహిని	a n t a r ʋ aː h i n i
అంబరీషము	a m b a r iː ʂ a m u
అగ్రహారము	a ɡ r a h aː r a m u
అట్ట	a ʈː a
అతికాయము	a t i k aː j a m u
అనంతం	a n a n t aⁿ
అనంతశక్తి	a n a n t a ʃ a k t i
అనఘము	a n a ɡʱ a m u
అనధికారము	a n a dʱ i k aː r a m u
అనుప్రాసము	a n u p r aː s a m u
అనుబంధము	a n u b a n dʱ a m u
అనుష్ఠానము	a n u ʂ ʈ h aː n a m u
అనూరుడు	a n uː r u ɖ u
అన్వేషణము	a n ʋ eː ʂ a ɳ a m u
అపకారము	a p a k aː r a m u
అభ్రకము	a bʱ r a k a m u
అయోనిజ	a j oː n i d ʒ a
అయోనిజుడు	a j oː n i d ʒ u ɖ u
అశుచి	a ʃ u t͡ʃ i
అశ్రద్ధ	a ʃ r a dːʱ a
అశ్రువు	a ʃ r u ʋ u
అశ్వగంధ	a ʃ ʋ a ɡ a n dʱ a
అశ్వత్థము	a ʃ ʋ a tːʱ a m u
అశ్విని	a ʃ ʋ i n i
అష్ట	a ʃ ʈ a
అసంతుష్టి	a s a n t u ʂ ʈ i
ఆట	aː ʈ a
ఆడంబరము	aː ɖ a m b a r a m u
ఆముదము	aː m u d a m u
ఆమె	aː m e
ఆలము	aː l a m u
ఆలయము	aː l a j a m u
ఆలవాలము	aː l a ʋ aː l a m u
ఆలస్యము	aː l a s j a m u
ఆలాపము	aː l aː p a m u
ఆలు	aː l u
ఆవు	aː ʋ u
ఆశ్వయుజము	aː ʃ ʋ a j u d ʒ a m u
ఆషాఢము	aː ʂ aː ɖʱ a m u
ఆసనము	aː s a n a m u
ఇ	i
ఇతిహాసము	i t i h aː s a m u
ఇత్తడి	i tː a ɖ i
ఈత	iː t a
ఈనె	iː n e
ఈర్ష్య	iː r ʂ j a
ఈశ్వరి	iː ʃ ʋ a r i
ఈశ్వరుడు	iː ʂ ʋ a r u ɖ u
ఉండ	u ɳ ɖ a
ఉండ్రాయి	u ɳ ɖ r aː j i
ఉచితము	u t ʃ i t a m u
ఉచ్చారణ	u t ʃː aː r a ɳ a
ఉదంతము	u d a n t a m u
ఉదకము	u d a k a m u
ఉల్లాసము	u lː aː s a m u
ఎ	e
ఎండ్రకాయ	e ɳ ɖ r a k aː j a
ఎరుపు	e r u p u
ఏకాదశము	eː k aː d a ʃ a m u
ఏడాది	eː ɖ aː d i
ఏనుగు	eː n u ɡ u
ఒంటి	o ɳ ʈ i
ఓ	oː
ఓండ్ర	oː ɳ ɖ r a
ఓర్పు	oː r p u
ఓల	oː l a
ఔచిత్యము	a u t͡ʃ i t j a m u
ఔరసుడు	a u r a s u ɖ u
ఔషధము	a u ʂ a dʱ a m u
కంచి	k a ɲ c i
కందిరీగ	k a n d i r iː ɡ a
కట్ట	k a ʈː a
కమిటీ	k a m i ʈ iː
కరతాళము	k a r a t aː ɭ a m u
కసి	k a s i
కసింద	k a s i n d a
కాకరవత్తి	k aː k a r a ʋ a tː i
కాకి	k aː k i
కామధేనువు	k aː m a dʱ eː n u ʋ u
కామము	k aː m a m u
కామాక్షి	k aː m aː k ʂ i
కామి	k aː m i
కారు	k aː r u
కాలము	k aː l a m u
కాశ్మీరము	k aː ʃ m iː r a m u
కాసు	k aː s u
కీ	k iː
కుంకుడుచెట్టు	k u ɳ k u ɖ u t͡ʃ e ʈː u
కుంకుమ	k u ŋ k u m a
కునుకు	k u n u k u
కృషి	k r i ʂ i
కేరళము	k eː r a ɭ a m u
కేళి	k eː ɭ i
కేశము	k eː ʃ a m u
కై	k a i
కోటి	k oː ʈ i
కోడలు	k oː ɖ a l u
కోడి	k oː ɖ i
కోతి	k oː t i
కోదండము	k oː d a ɳ ɖ a m u
కోనేరు	k oː n eː r u
కోస్తా	k oː s t aː
కౌగిలి	k a u ɡ i l i
కౌముది	k a u m u d i
కౌశికము	k a u ʃ i k a m u
కౌశికుడు	k a u ʃ i k u ɖ u
క్రీస్తు	k r iː s t u
ఖ్యాతి	kʱ j aː t i
గంగమ్మ	ɡ a ŋ ɡ a mː a
గంగరేగు	ɡ a ŋ ɡ a r eː ɡ u
గంగిరెద్దు	ɡ a ŋ ɡ i r e dː u
గంట	ɡ a ɳ ʈ a
గంటము	ɡ a ɳ ʈ a m u
గచ్చ	ɡ a ʈː s a
గచ్చు	ɡ a ʈː s u
గడియ	ɡ a ɖ i j a
గాలి	ɡ aː l i
గిట్ట	ɡ i ʈː a
గిడుగు	ɡ i ɖ u ɡ u
గీరు	ɡ iː r u
గుండము	ɡ u ɳ ɖ a m u
గుండీ	ɡ u ɳ ɖ iː
గుట్ట	ɡ u ʈː a
గుప్తకేళి	ɡ u p t a k eː ɭ i
గుమ్మడి	ɡ u mː a ɖ i
గుసగుస	ɡ u s ʌ ɡ u s ʌ
గూటము	ɡ uː ʈ a m u
గో	ɡ oː
గోకులము	ɡ oː k u l a m u
గోగు	ɡ oː ɡ u
గోపాలుడు	ɡ oː p aː l u ɖ u
గోపురము	ɡ oː p u r a m u
గోము	ɡ oː m u
గోమూత్రము	ɡ oː m aː t r a m u
గోరింక	ɡ oː r i ŋ k a
గోరు	ɡ oː r u
గోవిందుడు	ɡ oː ʋ i n d u ɖ u
గోవు	ɡ oː ʋ u
ఘంట	ɡʱ a ɳ ʈ a
చందనము	t ʃ a n d a n a m u
చంద్రకాంతము	t ʃ a n d r a k aː n t a m u
చంద్రము	t ʃ a n d r a m u
చక్షువు	t ʃ a k ʂ u ʋ u
చటాకు	t ʃ a ʈ aː k u
చట్టము	t͡ʃ a ʈː a m u
చతురము	t ʃ a t u r a m u
చమరము	t ʃ a m a r a m u
చరణము	t ʃ a r a ɳ a m u
చరిత	t ʃ a r i t a
చర్చ	t ʃ a r t ʃ a
చర్మము	t ʃ a r m a m u
చర్య	t ʃ a r j a
చలి	t ʃ a l i
చాకు	t͡ʃ aː k u
చుంబనము	t ʃ u m b a n a m u
చూచుకము	t ʃ uː t ʃ u k a m u
చెండు	t͡ʃ e ɳ ɖ u
చెంబు	t ʃ ɛ m b u
చెక్కిలి	t ʃ e kː i l i
చెవి	t ʃ e ʋ i
చేటు	t͡ʃ eː ʈ u
చైత్రము	t ʃ a j t r a m u
జరాయువు	d͡ʒ a r aː j u ʋ u
జానువు	d͡ʒ aː n u ʋ u
జామాత	d ʒ aː m aː t a
జాలము	d͡ʒ aː l a m u
జిరాఫీ	d ʒ i r aː pʰ iː
జీవి	d ʒ iː ʋ i
జ్ఞానము	d͡ʒ ɲ aː n a m u
జ్ఞాపకము	d͡ʒ ɲ aː p a k a m u
జ్యా	d͡ʒ j aː
జ్యేష్ఠ	d͡ʒ j eː ʂ ʈʱ a
టూకీ	ʈ uː k iː
టెంకాయ	ʈ e ŋ k aː j a
ఠాణా	ʈʱ aː ɳ aː
డ	ɖ
డ	ɖ a
డేగ	ɖ eː ɡ a
త	t
త	t a
తాటాకు	t aː ʈ aː k u
తాపము	t aː p a m u
తామసము	t aː m a s a m u
తారుమారు	t aː r u m aː r u
తాలూకా	t aː l uː k aː
తావి	t aː ʋ i
తావు	t aː ʋ u
తిండి	t i ɳ ɖ i
తిరుమల	t i r u m a l a
తిరువారాధనము	t i r u ʋ aː r aː dʱ a n a m u
తోడు	t oː ɖ u
దండ	d a ɳ ɖ a
దండి	d a ɳ ɖ i
దండు	d a ɳ ɖ u
దండుగ	d a ɳ ɖ u ɡ a
దాశరథి	d aː ʃ a r a tʱ i
దాసుడు	d aː s u ɖ u
దిండు	d i ɳ ɖ u
దిట్ట	d i ʈː a
దిశ	d i ʃ a
దిష్టి	d i ʂ ʈ i
దేవిడీ	d eː ʋ i ɖ iː
ధనము	dʱ a n a m u
ధనియాలు	dʱ a n i j aː l u
ధీర	dʱ iː r a
ధూపము	dʱ uː p a m u
న	n
న	n a
నగ	n a ɡ a
నమః	n a m a h
నమూనా	n a m uː n aː
నవనీతము	n a ʋ a n iː t a m u
నారంగము	n aː r a ŋ ɡ a m u
నారదుడు	n aː r a d u ɖ u
నారింజ	n aː r i ɲ d͡ʒ a
నివృత్తి	n i ʋ r i t t i
నిశ్	n i ʃ
నుడికారము	n u ɖ i k aː r a m u
నూనె	n uː n e
నృపతి	n r i p a t i
పంగ	p a ŋ ɡ a
పంచ	p a ɲ t ʃ a
పండు	p a ɳ ɖ u
పక్షి	p a k ʂ i
పచ్చ	p a ʈ s ʈ s a
పచ్చడి	p a ʈ s ʈ s a ɖ i
పటము	p a ʈ a m u
పడతి	p a ɖ a t i
పడమర	p a ɖ a m a r a
పత్రిక	p a t r i k a
పథ్యము	p a tʱ j a m u
పన్నీరు	p a nː iː r u
పరిచయము	p a r i t ʃ a j a m u
పాంకోడు	p aː ŋ k oː ɖ u
పాంచజన్యము	p aː ɲ t ʃ a j a n j a m u
పాంచాలము	p aː ɲ t ʃ aː l a m u
పాండవులు	p aː ɳ ɖ a ʋ u l u
పాండిత్యము	p aː ɳ ɖ i t j a m u
పాడ్యమి	p aː ɖ j a m i
పాయసము	p aː j a s a m u
పావడ	p aː ʋ a ɖ a
పిడక	p i ɖ a k a
పిడత	p i ɖ a t a
పీచు	p iː ʈ s u
పుల్లింగము	p u lː i ŋ ɡ a m u
పుష్కరము	p u ʂ k a r a m u
పుష్యము	p u ʂ j a m u
పూజ	p uː d ʒ a
పూట	p uː ʈ a
పూర్ణము	p uː r ɳ a m u
పూర్తి	p uː r t i
పూవిల్లు	p uː ʋ i lː u
పూవు	p uː ʋ u
పూస	p uː s a
పెంకు	p e ŋ k u
పెట్ట	p e ʈː a
పెనిమిటి	p e n i m i ʈ i
పైడి	p a j ɖ i
ప్రత్యర్థి	p r a t j a r tʰ i
ప్రబుద్ధుడు	p r a b u dːʱ u ɖ u
ప్రశాంతి	p r a ʃ aː n t i
ప్రశ్న	p r a ʃ n a
ప్రసంగము	p r a s a ŋ ɡ a m u
ప్రేమ	p r eː m a
ఫసక్	pʰ a s a k
ఫాలము	pʱ aː l a m u
బండ	b a ɳ ɖ a
బండారు	b a ɳ ɖ aː r u
బట్ట	b a ʈː a
బడి	b a ɖ i
బుట్ట	b u ʈː a
బూటకము	b uː ʈ a k a m u
బూడిద	b uː ɖ i d a
బూతు	b uː t u
బెరడు	b e r ʌ ɖ u
బేరము	b eː r a m u
భాద్రపదము	bʱ aː d r a p a d a m u
మ	m ə
మంచము	m a ɲ t͡ʃ a m u
మంచి	m a ɲ t͡ʃ i
మంజరి	m a ɲ d͡ʒ a r i
మంజిష్ఠ	m a ɲ d͡ʒ i ʂ ʈʱ a
మక్కా	m a k k ā
మచ్చ	m a ʈ s ʈ s a
మట్ట	m a ʈː a
మర్కటము	m a r k a ʈ a m u
మర్యాద	m a r j aː d a
మాఘము	m aː ɡʱ a m u
మార్గశిరము	m aː r ɡ a ʃ i r a m u
మాసికము	m aː s i k a m u
మిలమిల	m i l a m i l a
ముఖాముఖి	m u kʱ aː m u kʱ i
ముజ్జగము	m u d͡ː ʒ a ɡ a m u
ముట్టె	m u ʈː e
మున్నీరు	m u nː iː r u
మున్నూరు	m u nː uː r u
మేలు	m eː l u
మేళనము	m eː ɭ a n a m u
యక్షుడు	j a k ʂ u ɖ u
ర	r
ర	r a
రావు	r aː ʋ u
రూక	r uː k a
రే	r eː
రేఖ	r eː kʱ a
రేగు	r eː ɡ u
రేచీకటి	r eː t ʃ iː k a ʈ i
రేడు	r eː ɖ u
రేణుక	r eː ɳ u k a
రేణువు	r eː ɳ u ʋ u
రోగము	r oː ɡ a m u
రోదసి	r oː d a s i
ఱ	ɽ
ఱ	ɽ a
లంఘనము	l a ŋ ɡʱ a n a m u
లడ్డు	l a ɖː u
లెంక	l e ŋ k a
లేఖ	l eː kʰ a
లోహము	l oː h a m u
వచనము	ʋ a t ʃ a n a m u
వడి	v a ɖ i
వడియము	v a ɖ i j a m u
వడిసెల	ʋ a ɖ i s e l a
వాక్కు	ʋ aː kː u
విజయము	ʋ i d ʒ a j a m u
విజాతి	ʋ i d ʒ aː t i
విజ్ఞానము	ʋ i d ʒ ɲ aː n a m u
విమోచనము	ʋ i m oː t͡ʃ a n a m u
విలయము	ʋ i l a j a m u
విలవిల	ʋ i l a ʋ i l a
విలాసము	ʋ i l aː s a m u
వీసము	ʋ iː s a m u
వృంతము	ʋ r i n t a m u
వృకము	ʋ r i k a m u
వృక్షము	ʋ r i k ʂ a m u
వెండి	ʋ e ɳ ɖ i
వేదన	ʋ eː d a n a
వేదము	ʋ eː d a m u
వైశాఖము	ʋ a j ʃ aː kʰ a m u
వ్యంగ్యము	ʋ j a ŋ ɡ j a m u
వ్యవసాయము	ʋ j a ʋ a s aː j a m u
వ్యాసంగము	ʋ j aː s a ɳ ɡ a m u
శాకము	ʃ aː k a m u
శైలము	ʃ a j l a m u
శైవలము	ʃ a j ʋ a l a m u
శైశవము	ʃ a j ʃ a ʋ a m u
శ్రావణము	ʃ r aː ʋ a ɳ a m u
శ్రీకారము	ʃ r iː k aː r a m u
శ్రీగంధము	ʃ r iː ɡ a n dʱ a m u
శ్రేణి	ʃ r eː ɳ i
శ్రేయము	ʃ r eː j a m u
శ్రేష్ఠుడు	ʃ r eː ʂ ʈʰ u ɖ u
శ్రోణి	ʃ r oː ɳ i
సంఘము	s a ŋ ɡʱ a m u
సంచి	s a ɲ t ʃ i
సంప్రోక్షణము	s a m p r oː k ʂ a ɳ a m u
సంసారము	s a n s aː r a m u
సంస్థానము	s a n s tʱ aː n a m u
సంహిత	s a m h i t a
సజాతి	s a d ʒ aː t i
సమావేశము	s a m aː ʋ eː ʃ a m u
సరళము	s a r a ɭ a m u
సరసము	s a r a s a m u
సరీసృపము	s a r iː s r i p a m u
సాంఖ్యము	s aː ŋ kʱ j a m u
సీ	s iː
సీసము	s ī s a m u
సుతుడు	s u t u ɖ u
సుదతి	s u d a t i
సుదర్శనము	s u d a r ʃ a n a m u
సోపానము	s oː p aː n a m u
స్వరము	s ʋ a r a m u
స్వాతంత్ర్యము	s ʋ aː t a n t r y a m u
స్వాతి	s ʋ aː t i
స్వాదనము	s ʋ aː d a n a m u
స్వాధీనము	s ʋ aː dʱ iː n a m u
స్వేదము	s ʋ eː d a m u
హరిణము	h a r i ɳ a m u
హర్షము	h a r ʂ a m u
హేమము	h eː m a m u
ా	a
ి	i
ొ	o
ో	oː
