aba	a b a
aba	ɑː b ɑː
abacı	a b a d͡ʒ ɯ
abacılar	a b a d͡ʒ ɯ l a ɾ
abacılık	a b a d ʒ ɯ ɫ ɯ k
abajur	a b a ʒ u ɾ
abajurcu	a b a ʒ u ɾ d ʒ u
abajurcular	a b a ʒ u ɾ d ʒ u l a ɾ
abajurculuk	a b a ʒ u ɾ d ʒ u ɫ u k
abaküs	ɑ b ɑ c y s
abalı	a b a ɫ ɯ
abandone	a b a n d ɔ n e
abanoz	ɑ b ɑ n o z
abartı	a b a r t ɯ
abartılı	a b a ɾ t ɯ l ɯ
abd	aː b eː d eː
abdest	ɑ b d ɛ s t
abdüksiyon	a b d y c s i j ɔ n
abdüktör	a b d y c t œ ɾ
abece	ɑː b eː d͡ʒ eː
abi	aː b i
abide	aː b i d e
abone	a b ɔ n e
abonman	a b ɔ n m ɑ n
absorbe	a b s ɔ ɾ b e
abstraksiyon	a b s t ɾ a k s j ɔ n
abstre	a b s t ɾ e
absürt	a b s y ɾ t
acaba	a d ʒ a b aː
acente	a d ʒ ɛ n t e
aciz	a d ʒ i z
acyo	a d ʒ j o
ad	ɑ d
adal	a d a ɫ
adalar	a d a l a ɾ
adam	ɑ d ɑ m
adamı	a d a m ɯ
adamım	a d a m ɯ m
adapte	a d a p t e
aday	a d a ɪ
adaylar	a d a j l a ɾ
adayı	a d a j ɯ
adet	a d e t
adi	aː d iː
adisyon	a d i s j ɔ n
adres	a d ɾ ɛ s
adı	a d̪ ɯ
adım	ɑ d ɯ m
aerodinamik	a e ɾ ɔ d i n a m i c
aeroloji	a e ɾ ɔ l ɔ ʒ i
af	ɑ f
afganistan	a f ɡ ɑ n i s t a n
afirmasyon	a f i ɾ m a s j ɔ n
afiş	a f i ʃ
aglütinasyon	a ɡ l y t i n a s j ɔ n
aglütinatif	a ɡ l y t i n a t i f
agnostisizm	a ɡ n ɔ s t i s i z m
agresif	a ɡ ɾ e s i f
ahbap	ɑ h b ɑ p
ahenk	aː h e ɲ c
ahlat	a h l aː t
ahlat	a h ɫ a t
ahtapotlar	ɑ h t ɑ p ó t l a ɾ
ahududu	aː h u d u d u
ahududular	aː h u d u d u l a ɾ
aile	aː i l e
ailevi	a j l e v iː
ailevi	aː i l e v iː
airbag	e i ɾ b ɛ ɟ
ajan	a ʒ ɑ n
ajanda	ɑ ʒ ɑ n d ɑ
ajans	a ʒ ɑ n s
ajitasyon	a ʒ i t a s j ɔ n
ajitatör	a ʒ i t a t œ ɾ
ajite	a ʒ i t e
ak	ɑ k
akademisyen	a k a d e m i s j ɛ n
akciğer	a k d ʒ iː e ɾ
akli	a k l iː
akompanyatör	a k ɔ m p a n j a t œ ɾ
akrabalar	a k ɾ a b aː l a ɾ
akrabayla	a k ɾ a b aː j l a
akrabayı	a k ɾ a b aː j ɯ
akreditasyon	a k ɾ e d i t a s j ɔ n
akredite	a k ɾ e d i t e
akreditif	a k ɾ e d i t i f
akrilik	a k ɾ i l i c
akrobat	a k ɾ ɔ b a t
akrofobi	a k ɾ o f o b i
akromegali	a k ɾ ɔ m e ɡ a l i
aks	a k s
aksamak	ɑ k s ɑ m ɑ k
aksan	a k s aː n
aksan	a k s á n
aksanlar	a k s a n l a ɾ
akselerasyon	a k s e l e ɾ a s j ɔ n
akseptans	a k s e p t ɑ n s
aksiyon	a k s i j ɔ n
aksülamel	a k s y l a m ɛ l
aktif	a k t i f
aktiflik	a k t i f l i c
aktivasyon	a k t i v a s j ɔ n
aktivite	a k t i v i t e
aktris	a k t ɾ i s
aktör	a k t œ ɾ
aktüalite	a k t y a l i t e
aktüel	a k t y ɛ l
akvaryum	a k v a ɾ j u m
akü	a c y
akümülatör	a c y m y l a t œ ɾ
akıl	ɑ k ɯ ɫ
akın	a k ɯ n
akın	a k ɯ́ n
akışkan	a k ɯ ʃ k a n
akışkanlar	a k ɯ ʃ k a n l a ɾ
akşamlar	a k ʃ a m l a ɾ
ala	ɑ ɫ ɑ
alabalık	ɑ ɫ ɑ b ɑ ɫ ɯ k
alabanda	ɑ ɫ ɑ b a n d ɐ
alaca	a ɫ a d ʒ ɐ
alacakaranlık	ɑ ɫ ɑ d͡ʒ ɑ k ɑ ɾ ɑ n ɫ ɯ k
alan	ɑ ɫ ɑ n
alanya	a l a n j a
alarm	a l a ɾ m
alaşım	ɑ ɫ ɑ ʃ ɯ m
albatros	a ɫ b a t r o s
albüm	a l b y m
alelade	a l e l aː d e
alet	ɑː l e t
alev	a l e v
alfabe	ɑ l f ɑ b e
algoritma	a l ɡ ɔ ɾ i t m a
alivre	a l i v ɾ e
alkol	a l k o l
alkış	a ɫ k ɯ ʃ
allah	aː l aː h
allah	aː ɫ aː h
alo	a l o
alokasyon	a l ɔ k a s j ɔ n
alp	a l p
alperen	a l p e ɾ ɛ n
alt	ɑ ɫ t
alternatif	a l t ɛ ɾ n a t i f
alternatör	a l t ɛ ɾ n a t œ ɾ
altrüist	a l t ɾ y i s t
altrüizm	a l t ɾ y i z m
altyapı	ɑ ɫ t j a p ɯ
altyapısal	ɑ ɫ t j a p ɯ s ɑ ɫ
altüst	ɑ ɫ t y s t
altı	ɑ ɫ t ɯ
altın	ɑ ɫ t ɯ n
altışar	a ɫ t ɯ ʃ a r
alveol	a l v e ɔ l
alyan	a l j a n
alyans	a l j ɑ n s
alçak	a ɫ t ʃ a k
alüminyum	a l y m i n j u m
alüminyumlar	a l y m i n j u m l a ɾ
alın	ɑ ɫ ɯ n
alışveriş	ɑ ɫ ɯ ʃ v e̞ ɾ i ʃ
amatör	a m a t œ ɾ
ambalaj	ɑ m b a l a ʒ
ambargo	ɑ m b a ɾ ɡ o
ambiyans	ɑ m b i j ɑ n s
ambulans	ɑ m b ʊ l ɑ n s
ambülans	ɑ m b y l ɑ n s
amca	á m d ʒ a
amcalar	á m d ʒ a l a ɾ
amerika	a m e ɾ i k a
amfiteatr	ɑ m f i t e a t ɾ̩
amiral	a m i ɾ a l
amonyak	a m ɔ n j a k
amplifikatör	ɑ m p l i f i k a t œ ɾ
amut	a m u t
anahtarlar	a n a h t a ɾ ɫ a ɾ
anahtarları	a n a h t a ɾ ɫ a ɾ ɯ
anahtarların	a n a h t a ɾ ɫ a ɾ ɯ n
anahtarı	a n a h t a ɾ ɯ
anahtarım	a n a h t a ɾ ɯ m
anahtarın	a n a h t a ɾ ɯ n
analiz	a n a l i z
analizi	a n a l i z i
analizler	a n a l i z l e ɾ
analizör	a n a l i z œ ɾ
analoji	a n a l ɔ ʒ i
anatomi	a n a t ɔ m i
andı	a n d ɯ
anestezi	a n e s t e z i
angaje	ɑ ŋ ɡ a ʒ e
angajman	ɑ ŋ ɡ a ʒ m ɑ n
angolalı	a ŋ ɡ o ɫ a ɫ ɯ
aniden	aː n i d æ n
anjiyografi	a n ʒ i j ɔ ɡ ɾ a f i
ankastre	a n k a s t ɾ e
anket	ɑ ɲ c ɛ t
anketör	a ɲ c e t œ ɾ
anklav	ɑ ŋ k l a v
ankraj	ɑ n k ɾ a ʒ
anksiyete	ɑ ŋ k s i j e t e
anlam	ɑ n ɫ ɑ m
anmak	a n m a c
anmamak	a n m a m a c
anne	ə nː e
anomali	a n ɔ m a l i
anons	a n ɔ n s
anonsör	a n ɔ n s œ ɾ
anormal	a n ɔ ɾ m a l
ansambl	ɑ̃ s ɑ m b l
ansiklopedi	ɑ n s i c l ɔ p e d i
ansiklopedik	ɑ n s i c l ɔ p e d i c
ant	a n t
antant	ɑ n t ɑ n t
anten	ɑ n t ɛ n
anterograf	ɑ n t e ɾ ɔ ɡ ɾ a f
antet	ɑ n t e t
antidot	a n t i d o t
antioksidan	a n t i o k s i d a n
antlar	a n t l a ɾ
antrakt	ɑ n t ɾ a k t
antrenman	ɑ n t ɾ ɛ n m ɑ n
antrenör	ɑ n t ɾ e n œ ɾ
antrikot	a n t ɾ i k o t
antropomorfizm	a n t ɾ o p o m o ɾ f i z m
antropomorfizmi	a n t ɾ o p o m o ɾ f i z m i
antropomorfizmler	a n t ɾ o p o m o ɾ f i z m l e ɾ
anturaj	ɑ n t u ɾ a ʒ
anız	a n ɯ z
aparey	a p a ɾ e j
apartman	a p a r t m ɑ n
aplikasyon	a p l i k a s j ɔ n
apostrof	a p ɔ s t ɾ ɔ f
araba	a ɾ a b a
arabalar	a ɾ a b a l a ɾ
arabalı	a ɾ a b a l ɯ
arabasız	a ɾ a b a s ɯ z
arabayla	a ɾ a b a j l a
arabaysa	a ɾ a b a j s a
arabayı	a ɾ a b a j ɯ
araknofobi	a ɾ a k n o f o b i
arapça	a ɾ a p t ʃ a
arayüz	a ɾ a j y z
arayüzler	a ɾ a j y z l e ɾ
arayüzü	a ɾ a j y z y
araç	ɑ ɾ ɑ t͡ʃ
arbitraj	a ɾ b i t ɾ a ʒ
arda	ʌ ɾ d ʌ
argüman	a ɾ ɟ y m a n
arife	a ɾ i f e
aritmetik	a ɾ i t m e t i c
arka	a ɾ k ɐ
arkadaşları	a ɾ k a d a ʃ l a ɾ ɯ
arkadaşlık	a ɾ k a d a ʃ ɫ ɯ k
arkaik	a ɾ k a i c
arkeoloji	a r k e o l o ʒ i
armatür	a ɾ m a t y ɾ
armoni	a ɾ m ɔ n i
armonik	a ɾ m ɔ n i c
armonize	a r m ɔ n i z e
armut	a r m u t
arnavutça	a ɾ n a v u t t ʃ a
arpa	ɑ ɾ p ɑ
arsa	ɑ ɾ s ɑ
artikülasyon	a ɾ t i c y l a s j ɔ n
arzu	a ɾ z u
arzuhâl	ɑ ɾ z u h ɑ l
arı	ɑ ɾ ɯ
arıcı	ɑ ɾ ɯ d ʒ ɯ
arıcılık	ɑ ɾ ɯ d ʒ ɯ ɫ ɯ k
arşe	a ɾ ʃ e
arşidük	a ɾ ʃ i d y c
arşiv	a ɾ ʃ i v
asansör	a s ɑ n s œ ɾ
asbest	a s b e s t
asgari	a s ɡ a ɾ i
asi	aː s iː
asimilasyon	a s i m i l a s j ɔ n
asimile	a s i m i l e
asistan	ɑ s i s t ɑ n
asker	a s c ɛ ɾ
askeri	a s c e ɾ i
askerî	a s c e ɾ iː
asla	a s l a
aslan	ɑ̟ s ɫ ɑ̟ n
aslında	a s l ɯ n d a
aspiratör	a s p i ɾ a t œ ɾ
asteroide	a s t e ɾ o i d e
asteroidi	a s t e ɾ o i d i
asteroidin	a s t e ɾ o i d i n
asteroit	a s t e ɾ o i t
asteroitle	a s t e ɾ o i t l e
asteroitler	a s t e ɾ o i t l e ɾ
asteroitse	a s t e ɾ o i t s e
asteroitte	a s t e ɾ o i t t e
asteroitten	a s t e ɾ o i t t e n
astigmat	a s t i ɟ m a t
astronomi	ɑ s t ɾ o n o m i
astronot	ɑ s t ɾ o n o t
astım	ɑ s t ɯ m
asır	a s ɯ ɾ
at	ä t̪
ata	a t a
atak	a t a k
atalar	a t a l a ɾ
atan	a t a n
atasözleri	a t a s ø z l e ɾ i
atasözü	a t a s ø z y
atasözünü	a t a s ø z y n y
atatürk	a t a t y ɾ k
atayı	a t a j ɯ
ataşe	a t a ʃ e
atel	a t ɛ l
atilla	a t i l l a
atinalı	a t i n a ɫ ɯ
atkuyruğu	a t k u j ɾ uː
atlet	a t l e t
atmaca	a t m a d ʒ a
atrosite	a t ɾ ɔ s i t e
av	a β
avangart	a v ɑ n ɡ a ɾ t
avanproje	a v ɑ n p ɾ ɔ ʒ e
avantaj	a v a n t a ʒ
avantajlar	a v a n t a ʒ l a ɾ
avantajı	a v a n t a ʒ ɯ
avantür	a v ɑ n t y ɾ
avantüriye	a v ɑ n t y ɾ i j e
avantüriyer	a v ɑ n t y ɾ i j ɛ ɾ
avcı	a v d͡ʒ ɯ
avcılık	a v d͡ʒ ɯ l ɯ k
averaj	a v e ɾ a ʒ
avlu	a v ɫ u
avro	a v r o
avukat	a β u k a t
avustralyalı	a v u s t ɾ a l j a ɫ ɯ
avuç	ä β u t ʃ
ay	a j
ayakkabı	ɑ j ɑ k k ɑ b ɯ
ayar	a j a ɾ
aydan	a j d a n
ayna	a j n a
aynasız	a j n a s ɯ z
aynştaynyum	a j n ʃ t a j n j u m
ayran	a j ɾ a n
ayşe	a ɪ ʃ e
azerbaycan	aː z e ɾ b a j d ʒ a n
azerbaycanlar	aː z ə ɾ b a j d ʒ a n l a ɾ
azerice	a z e ɾ i d ʒ e
azil	a z i l
azir	a z i ɾ̥
açı	a t͡ʃ ɯ
açık	ɑ t͡ʃ ɯ k
ağ	aː
ağa	ɑ ɰ ɑ
ağaç	a ɣ a t͡ʃ
ağır	ɑ ɑ́ ɾ̝̊
ağız	a ɰ ɯ z
aşağı	a ʃ a ɯ
aşağı	a ʃ aː
aşağı	a ʃː a ɯ
aşağı	a ʃː aː
aşikâr	aː ʃ i c a ɾ
aşk	ɐ ʃ k
aşure	a ʃ uː ɾ ɛ
b	b
b	b eː
baba	b ɑ b ɑ
babacan	b ɑ b ɑ d ʒ ɑ n
babil	b aː b i l
baca	b a d ʒ a
bacak	b a d ʒ a k
badem	b ɑː d ɛ m
badminton	b ɛ d m i n t ɯ n
bahar	b ɑ h ɑ ɾ
bahar	b ɑ h ɑː ɾ
bahis	b a h i s
bahşiş	b a h ʃ i ʃ
bakan	b ɑ k ɑ n
bakla	b a k l a
baklahorani	b a k ɫ a x o r a n i
baklava	b a k l a ʋ a
bakteri	b a k t e ɾ i
bakteriyel	b a k t e ɾ i j e l
bal	b ɑ ɫ
balak	b ɑ ɫ ɑ k
balans	b a l ɑ n s
baldır	b ɑ ɫ d ɯ ɾ
baldıran	b ɑ ɫ d ɯ ɾ ɑ n
baldırıkara	b ɑ ɫ d ɯ r ɯ k a r a
balina	b a l i n a
balkmak	b ɑ ɫ k m ɑ k
balon	b a ɫ ɔ n
balta	b a ɫ t a
balyoz	b ɑ ɫ j o z
bank	b ɑ ŋ k
banka	b a n k ɐ
bankacılık	b a n k a d͡ʒ ɯ l ɯ k
banker	b a n c ɛ ɾ
banliyö	b a n l i j ø
banyo	b a ɲ j o
baraj	b a ɾ a ʒ
barem	b a ɾ ɛ m
barisfer	b a ɾ i s f ɛ ɾ
bariton	b a ɾ i t ɔ n
barış	b a ɾ ɯ ʃ
bas	b a s
basketbolcu	b ʌ s k ɛ t b o ɫ d ʒ u
baskül	b a s c y l
basma	b a s m a
basmak	b ɑ s m ɑ k
basmalar	b a s m a l a ɾ
basmamak	b ɑ s m ɑ m ɑ k
basmayı	b a s m a j ɯ
basmayın	b a s m a j ɯ n
bastırma	b a s t ɯ ɾ m a
bası	b a s ɯ
basılar	b a s ɯ l a ɾ
basın	b a s ɯ n
basınlar	b a s ɯ n l a ɾ
basını	b a s ɯ n ɯ
basıyı	b a s ɯ j ɯ
batarya	b a t a ɾ j a
batmak	b ɑ t m ɑ k
batman	b ɑ t m ɑ n
bay	b a j
bayak	b ɑ j ɑ k
bayağı	b a j a ɯ
bayağı	b a j ɑː
baykuş	b ɑ j k u ʃ
bayrak	b a ɪ ɾ a k
bayraklar	b ɑ j ɾ ɑ k l ɑ ɾ
bayram	b a j ɾ a m
bayılmak	b ɑ j ɯ ɫ m ɑ k
baz	b a z
bazalt	b a z a ɫ t
bazaltlar	b a z a l t l a ɾ
bazaltı	b a z a l t ɯ
bazen	b aː z e n
bazlı	b a z ɫ ɯ
bağlam	b äː ɫ ä m
bağımlılık	b ɑ ‿ ɯ m l ɯ l ɯ c
bağımlılıklar	b ɑ ‿ ɯ m l ɯ l ɯ c l a ɾ
bağımlılığı	b ɑ ‿ ɯ m l ɯ l ɯ ‿ ɯ
başa	b a ʃ a
başarmak	b a ʃ a ɾ m a k
başarılı	b ɑ ʃ ɑ ɾ ɯ ɫ ɯ
başka	b a ʃ k ɐ
başkent	b ɑ ʃ c ɛ n t
başla	b a ʃ l a
başlık	b ɑ ʃ ɫ ɯ k
başrol	b a ʃ ɾ o l
başsa	b a ʃ s a
başvurular	b a ʃ v u ɾ u l a ɾ
başvurusu	b a ʃ v u ɾ u s u
başvuruya	b a ʃ v u ɾ u j a
başvuruyu	b a ʃ v u ɾ u j u
başını	b a ʃ ɯ n ɯ
be	b e
bebe	b e b e
beden	b e d ɛ n
bej	b e ʒ
bekâr	b e c a ɾ
bekâret	b e c aː ɾ ɛ t
bel	b ɛ l
bela	b e l aː
belge	b ɛ l ɟ e
belirli	b e l i ɾ l i
belirsiz	b e l i ɾ s i z
belirteç	b e l i ɾ t e t ʃ
belki	b ɛ l c ɪ
ben	b æ n
ben	b ɛ n
bencil	b e n d ʒ i l
bengi	b e ɲ ɟ i
beni	b e n i
benim	b e n i m
beniz	b e n i z
benzen	b ɛ n z ɛ n
benzer	b e n z æ ɾ
berkay	b e ɾ k a j
berkcan	b ɛ ɾ c d ʒ a n
berker	b e ɾ k e ɾ
beslemek	b e s l e m e c
beslememek	b e s l e m e c
beslemez	b e s l e m e z
besler	b e s l e ɾ
beter	b e t ɛ ɾ
betik	b ɛ t i c
betikle	b ɛ t i c l e
betikler	b ɛ t i c l e ɾ
betiği	b ɛ t i j i
beyaz	b e j ɑ z
beyin	b e j i n
beynelmilel	b e ɪ̯ n ɛ l m i l ɛ l
bez	b e z
bezi	b e z i
bezler	b e z l e ɾ
beğendirmek	b e j æ n d i ɾ m e c
beğendirmek	b æː n d i ɾ m e c
beğenme	b e j æ n m e
beğenme	b æː n m e
beğenmek	b e j æ n m e c
beğenmek	b æː n m e c
beş	b e ʃ
beşer	b e ʃ æ r
bibliyotek	b i b l i j ɔ t ɛ c
biblo	b i b l o
bijuteri	b i ʒ u t e ɾ i
bilek	b i l e c
bilet	b i l e t
bilge	b i l ɟ e
bilgi	b i l ɟ i
bilgilendirmek	b i l ɟ i l ɛ n d i ɾ m e c
bilgin	b i l ɟ i n
bilgisayar	b i l ɟ i s a j a ɾ
bilgisayarla	b i l ɡ i s a j a ɾ l a
bilgisayarlı	b i l ɡ i s a j a ɾ l ɯ
bilgisayarsa	b i l ɡ i s a j a ɾ s a
bilgisayarsız	b i l ɡ i s a j a ɾ s ɯ z
bin	b i n
bina	b i n aː
binyıl	b i n j ɯ l
bir	b i r
birader	b i ɾ aː d ɛ ɾ
birer	b i r æ r
birinci	b i ɾ i n d͡ʒ i
birlik	b i ɾ l i c
birçok	b i ɾ t ʃ o k
bisküvi	b i s c y v i
bit	b i t
biz	b i z
bizim	b ɪ z i m
bişkek	b i ʃ c ɛ c
blokaj	b l ɔ k a ʒ
bluz	b l u z
bluza	b l u z a
bluzla	b l u z l a
bluzlar	b l u z l a ɾ
bluzlu	b l u z l u
bluzlular	b l u z l u l a ɾ
bluzluyu	b l u z l u j u
bluzsa	b l u z s a
bluzsuz	b l u z s u z
bluzsuzlar	b l u z s u z l a ɾ
bluzsuzu	b l u z s u z u
bluzu	b l u z u
bok	b o k
boklar	b ɔ k l ɑ ɾ
boksör	b ɔ k s œ ɾ
bombardıman	b ɔ m b ɑ ɾ d ɯ m a n
bonkör	b ɔ n c œ ɾ
boomer	b uː m ɯ ɾ
borç	b ɔ ɹ t ʃ
boz	b o z
bozgun	b ɔ z ɡ u n
bozok	b o z o k
boğaz	b o a z
boğazlar	b o ‿ a z l a ɾ
boğazı	b o ‿ a z ɯ
boş	b o ʃ
boşluk	b ɔ ʃ ɫ u k
bravo	b ɾ a v o
brezilya	b ɾ e z i l j a
brezilyalı	b ɾ e z i l j a ɫ ɯ
brifing	b ɾ i f i ɲ ɟ
broşür	b ɾ ɔ ʃ y ɾ
brüt	b ɾ y t
bu	b u
bufalo	b u f a l o
bugün	b u ɟ y n
buhar	b ʊ h a ɾ
buji	b u ʒ i
bulgarca	b u ɫ ɡ ʌ ɾ d ʒ ʌ
bulgur	b u ɫ ɡ u ɾ
buluşma	b u ɫ u ʃ m ɐ
bulvar	b u ɫ v a ɹ
bulvar	b u ɫ v a ɾ
burak	b u ɾ a k
burda	b u ɾ d a
bursa	b u r s a
burç	b u r t͡ʃ
buton	b u t o n
buz	b u z
buzla	b u z l a
buzlar	b u z l a ɾ
buzsa	b u z s a
buzsuz	b u z s u z
buzu	b u z u
buçuk	b u t͡ʃ u k
buğra	b u ɣ ɾ ʌː
böbrek	b œ b ɾ e k
böcek	b ø d͡ʒ ɛ c
bölge	b ø l ɟ e
bölüm	b ø l y h m
bön	b œ n
börek	b œ ɾ e k
börek	b œː ɾ e k
böyle	b ø j l e
böğür	b ø ý ɾ̝̊
böğür	b ø ǿ ɾ̝̊
böğürtlen	b œ ɣ y ɾ t l e n
büfe	b y f e
bükreş	b y c ɾ e ʃ
bükülmem	b y k y l m e m
bürokrasi	b y ɾ ɔ k ɾ a s i
bürokrat	b y ɾ o k ɾ a t
bütçe	b y t t͡ʃ e
bütün	b y t y n
bırakmak	b ɯ ɾ a k m a k
bıçak	b ɯ t ʃ ɑ k
c	d͡ʒ
c	d͡ʒ eː
cacık	d ʒ ɑ d ʒ ɯ k
cadde	d ʒ a dː ɛ
cadı	d ʒ a d ɯ
cam	d ʒ a m
can	d ʒ a n
canberk	d ʒ a n b e ɾ k
cd	s iː d iː
ceket	d ʒ e c ɛ t
celp	d͡ʒ e l p
cenaze	d ʒ ɛ n aː z e
cenk	d ʒ e ɲ c
cennet	d͡ʒ e n n e t
centilmen	d ʒ ɛ n t i l m e n
centrum	d ʒ ɛ n t ɾ u m
cep	d͡ʒ e p
cerahatlen	d͡ʒ e ɾ a h a t l e n
cerahatlenir	d͡ʒ e ɾ a h a t l e n i r
cerahatlenme	d͡ʒ e ɾ a h a t l e n m e
cerahatlenmek	d͡ʒ e ɾ a h a t l e n m e c
cerahatlenmeler	d͡ʒ e ɾ a h a t l e n m e l e ɾ
cerahatlenmeme	d͡ʒ e ɾ a h a t l e n m e m e
cerahatlenmemek	d͡ʒ e ɾ a h a t l e n m e m e c
cerahatlenmemeler	d͡ʒ e ɾ a h a t l e n m e m e l e ɾ
cerahatlenmemeyi	d͡ʒ e ɾ a h a t l e n m e m e j i
cerahatlenmeyi	d͡ʒ e ɾ a h a t l e n m e j i
cerahatlenmez	d͡ʒ e ɾ a h a t l e n m e z
cerrah	d͡ʒ e ɾ r a h
cetvel	d͡ʒ e t v æ l
cevap	d ʒ e v a p
challenge	t ʃ e ɫ ə n d ʒ
chat	t ʃ e t
cibinlik	d ʒ i b i n l i c
cihadı	d͡ʒ i h a d ɯ
cihan	d ʒ i h a n
cihat	d͡ʒ i h a t
cihatlar	d͡ʒ i h a t l a ɾ
cihaz	d ʒ i h a z
cins	d ʒ i n s
cinsel	d ʒ ɪ n s ɛ l
civara	c i v a ɾ a
civarda	c i v a ɾ d a
civardan	c i v a ɾ d a n
civarlara	c i v a ɾ l a ɾ a
civarlarda	c i v a l a ɾ d a
civarlardan	c i v a l a ɾ d a n
civarları	c i v a l a ɾ ɯ
civarların	c i v a l a ɾ ɯ n
civarı	c i v a ɾ ɯ
civarın	c i v a ɾ ɯ n
ciğer	d͡ʒ i j æ ɾ
concon	d͡ʒ o n d͡ʒ o n
conconlar	d͡ʒ o n d͡ʒ o n l a ɾ
conconu	d͡ʒ o n d͡ʒ o n u
cuma	d ʒ ʊ m ɑː
cumartesi	d ʒ ʊ m ɑ ɾ t ɛ s ɪ
cumhurbaşkanı	d͡ʒ u m h ú ɾ b a ʃ k a n ɯ
cumhuriyet	d͡ʒ u m h uː ɾ i j e t
cüneyt	d ʒ y n ɛ j t
cık	t ɪ s k
da	d ɐ
daha	d ɑ h ɑ
dahi	d a h i
dahil	d a h i l
daire	d a i ɾ e
daireler	d a i ɾ e l e ɾ
daireyi	d a i ɾ e j i
dakika	d a kː a
daktilo	d a k t i l ɔ
daktilolar	d a k t ɨ l ɔ l a ɾ
daktiloyla	d a k t ɨ l o j l a
daktiloysa	d a k t ɨ l o j s a
daktiloyu	d a k t ɨ l ɔ j u
dal	d a ɫ
dalga	d a ɫ ɡ a
dalgalar	d a l ɡ a l a ɾ
dalgayı	d a l ɡ a j ɯ
dam	d ɑ m
damacana	d a m a d͡ʒ a n a
damlacık	d a m ɫ a d ʒ ɯ k
dans	d ɑ n s
dansçı	d a n s t ʃ ɯ
dansör	d ɑ n s œ ɾ
dansöz	d ɑ n s ø z
danışmak	d ɑ n ɯ ʃ m ɑ k
darbe	d a ɾ b e
darmadağınık	d a r m a d a ɯ n ɯ k
darp	d a ɾ p
dava	d aː v aː
davetiye	d aː v e t i j e
davranış	d a v ɾ ɐ n ɯ ʃ
dayı	d a j ɯ
dağ	d a ɰ
dağcı	d ɑː d ʒ ɯ
dağcılık	d ɑː d ʒ ɯ ɫ ɯ k
dağlık	d ɑː ɫ ɯ k
dağınık	d a ɯ n ɯ k
dağıstan	d a ɰ ɯ s t a n
debriyaj	d e b ɾ i j a ʒ
dedantör	d e d ɑ n t œ ɾ
dedüksiyon	d e d y c s i j ɔ n
defakto	d e f a k t o
defans	d e f ɑ n s
define	d e f iː n e
deflasyon	d e f l a s j ɔ n
defo	d e f ɔ
deformasyon	d e f ɔ ɾ m a s j ɔ n
deist	d e i s t
deisti	d e i s t i
deistin	d e i s t i n
deistler	d e i s t l e ɾ
dejenere	d e ʒ e n e ɾ e
deklanşör	d e c l ɑ n ʃ œ ɾ
deklarasyon	d e c l a ɾ a s j ɔ n
dekolonizasyon	d e k ɔ l ɔ n i z a s j ɔ n
dekolte	d e k ɔ l t e
dekontaminasyon	d e k ɔ n t a m i n a s j ɔ n
dekontamine	d e k ɔ n t a m i n e
dekor	d e k ɔ ɾ
dekoratör	d e k ɔ ɾ a t œ ɾ
delegasyon	d e l e ɡ a s j ɔ n
delege	d e l e ɟ e
deli	d ɛ l i
demans	d e m ɑ n s
demirci	d ɛ m i ɾ d ʒ i
demlemek	d e m l e m e c
demografi	d e m ɔ ɡ ɾ a f i
demografik	d e m ɔ ɡ ɾ a f i c
demokrasi	d e m ɔ k ɾ a s i
demokrat	d e m ɔ k ɾ a t
demokratik	d e m ɔ k ɾ a t i c
demonstrasyon	d e m ɔ n s t ɾ a s j ɔ n
demoralizasyon	d e m ɔ ɾ a l i z a s j ɔ n
demoralize	d e m ɔ ɾ a l i z e
dene	d e n e
denemek	d e n e m e c
deneyim	d e n e j i m
deneyimlemek	d e n e j i m l e m e c
denge	d e ɲ ɟ e
dengeler	d e n ɡ e l e ɾ
dengeyi	d e n ɡ e j i
deniz	d e n i z
denizaltı	d ɛ n i z a ɫ t ɯ
denk	d ɛ ɲ c
denominasyon	d e n ɔ m i n a s j ɔ n
deplasman	d e p l a s m ɑ n
depo	d e p o
depolitizasyon	d e p ɔ l i t i z a s j ɔ n
depolitize	d e p ɔ l i t i z e
depozito	d e p ɔ z i t ɔ
depresif	d e p ɾ ɛ s i f
depresyon	d e p ɾ e s j ɔ n
derece	d e ɾ e d ʒ e
derogasyon	d e ɾ ɔ ɡ a s j ɔ n
ders	d e ɾ s
derya	d ɛ ɾ j aː
desinatör	d e s i n a t œ ɾ
destabilizasyon	d e s t a b i l i z a s j ɔ n
destek	d e s t e c
destinasyon	d e s t i n a s j ɔ n
detant	d e t ɑ n t
detay	d e t a j
devalüasyon	d e v a l y a s j ɔ n
devalüe	d e v a l y e
developman	d e v e l ɔ p m ɑ n
devir	d e v i ɾ
devlet	d e v l e t
devralmak	d e v ɾ ɑ ɫ m ɑ k
dezavantaj	d e z a v ɑ n t a ʒ
dezenfektan	d e z ɛ n f e c t ɑ n
dezenformasyon	d e z ɛ n f ɔ ɾ m a s j ɔ n
dezentegrasyon	d e z ɛ n t e ɟ ɾ a s j ɔ n
dezentegre	d e z ɛ n t e ɟ ɾ e
değer	d e e ɾ
değer	d e j e ɾ
değeri	d e ‿ e ɾ i
değerler	d e j e r l e ɾ
değil	d iː l
değmezler	d eː m e z l e ɾ
diftong	d i f t ɔ ŋ ɡ
difüzyon	d i f y z j ɔ n
dikkat	d i k k ä tʲ
diksiyon	d i c s i j ɔ n
diktatör	d i c t a t œ ɾ
dikte	d i c t e
dil	d i l
dilatasyon	d i l a t a s j ɔ n
dilde	d i l d e
dilden	d i l d e n
dile	d i l e
dili	d i l i
dilin	d i l i n
diller	d i l l e ɾ
dillerde	d i l l e ɾ d e
dillerden	d i l l e ɾ d e n
dillere	d i l l e ɾ e
dilleri	d i l l e ɾ i
dillerin	d i l l e ɾ i n
dilli	d i l l i
dilsiz	d i l s i z
dilsizi	d i l s i z i
dilsizler	d i l s i z l e ɾ
dilsizlik	d i l s i z l i c
dilsizlikler	d i l s i z l i c l e ɾ
dilsizliği	d i l s i z l i j i
dinlenmek	d i n l e n m e c
diplomasi	d i p l ɔ m a s i
diplomat	d i p l ɔ m a t
diplomat	d i p ɫ ɔ m a t
direksiyon	d i ɾ ɛ c s i j ɔ n
direktman	d i ɾ ɛ c t m ɑ n
direktör	d i ɾ e c t œ ɾ
diskalifiye	d i s k a l i f i j e
diskografi	d i s k ɔ ɡ ɾ a f i
dispanser	d i s p ɑ n s ɛ ɾ
distorsiyon	d i s t ɔ ɾ s i j ɔ n
distribütör	d i s t ɾ i b y t œ ɾ
divan	d iː v a n
diyabet	d i j a b e t
diyalekt	d i j a l ɛ c t
diyalog	d i j a l ɔ ɡ
diyaspora	d i j a s p ɔ ɾ a
diyet	d i j e t
diyoptri	d i j ɔ p t ɾ i
dizeler	d i z e l e ɾ
dizem	d i z e m
dizen	d i z e n
dizesi	d i z e s i
dizeyi	d i z e j i
dizüstü	d i z y s t y
diğer	d i j e ɾ
dişi	d i ʃ i
dişlek	d i ʃ l e c
dişleklik	d i ʃ l e k l i c
dişçi	d i ʃ t ʃ i
dok	d o k
dokuz	d o k u z
dokuzar	d o k u z a r
doküman	d o c y m ɑ n
dokümantasyon	d o c y m ɑ n t a s j ɔ n
dolandırıcı	d ɔ ɫ ɑ n d ɯ ɾ ɯ d ʒ ɯ
dolap	d o ɫ a p
dominant	d ɔ m i n ɑ n t
domuz	d o m u z
donanım	d o n a n ɯ m
donanımlar	d o n a ɯ m l a ɾ
donanımları	d o n a n ɯ m l a ɾ ɯ
donanımı	d o n a n ɯ m ɯ
dondurma	d o n d u ɾ m a
donör	d ɔ n œ ɾ
doping	d ɔ p i ɲ ɟ
doruk	d o ɾ u k
doçent	d ɔ t͡ʃ ɛ n t
doğmak	d o ɣ m a k
doğru	d o ɰ ɾ u
doğurmak	d o ɰ u ɾ m ɑ k
doğuş	d o u ʃ
dublaj	d u b l a ʒ
dublör	d u b l œ ɾ
dumağı	d u m a ɰ ɯ
durak	d u ɾ ɑ k
durdurulamaz	d u ɾ d ʊ ɾ u ɫ ɑ m a z
dut	d u t
duvak	d u v a k
duygu	d u j ɡ u
duş	d u ʃ
dyugudyugu	d ʑ u ɡ u d ʑ u ɡ u
dyugudyugu	dʲ u ɡ u dʲ u ɡ u
dâhil	d aː h i l
döner	d ø n ɛ ɾ
dörder	d œ̝ r d æ r
dört	d œ ɾ t
düalizm	d y a l i z m
düet	d y ɛ t
dükkân	d y c c a n
dümen	d y m e n
dünya	d y n j aː
dünyevi	d y n j e v iː
dürüst	d y ɾ y s t
düt	d y t
düzen	d y z ɛ n
düzenlemek	d y z ɛ n l e m e c
düzey	d y z e ɪ
düzgün	d y z ɟ y n
düğme	d yː m e
düğüm	d y j y m
düğün	d y ɰ y n
düş	d ʏ ʃ
düşünce	d y ʃ y n d͡ʒ e
düşünmek	d y ʃ y n m e c
dışarı	d ɯ ʃ a ɾ ɯ
ebru	e b ɾ u
edebiyat	e d e b i j a t
edebiyatçı	e d e b i j a t t͡ʃ ɯ
edilmek	e d i l m e c
edilmemek	e d i ɫ m e m e c
edisyon	e d i s j ɔ n
editör	e d i t œ ɾ
ediz	e d i z
ediz'i	e d i z i
ediz'le	e d i z l e
ediz'ler	e d i z l e ɾ
ediz'li	e d i z l i
ediz'siz	e d i z s i z
edizler	e d i z l e ɾ
efekt	e f e c t
efendi	e f ɛ n d i
egemen	e ɟ e m ɛ n
ego	e ɡ o
egoist	e ɡ ɔ i s t
egosantrik	e ɡ o s ɑ n t ɾ i c
egzersiz	ɛ ɟ z ɛ ɾ s i z
egzistans	ɛ ɟ z i s t ɑ n s
egzistansiyalist	ɛ ɟ z i s t ɑ n s i j a l i s t
egzoterik	ɛ ɟ z ɔ t e ɾ i c
egzoz	ɛ ɟ z ɔ z
ehliyet	e h l i j e t
ejakülasyon	e ʒ a c y l a s j ɔ n
ejderha	e ʒ d ɛ ɾ h aː
ekalliyet	e k a l l i j e t
ekip	e c i p
ekipman	e c i p m ɑ n
eklemeli	e c l e m e l i
eklemesiz	e c l e m e s i z
ekler	e c l ɛ ɾ
ekmek	e c m e c
ekol	e k ɔ l
ekonomik	e k ɔ n ɔ m i c
ekonomist	e k ɔ n ɔ m i s t
ekran	e c ɾ a n
eksen	e c s e n
ekseriyet	e c s e ɾ i j e t
eksklav	e c s k ɫ a v
eksperyans	ɛ c s p ɛ r j ɑ n s
ekspoze	ɛ k s p o z e
ekspresyon	ɛ c s p ɾ e s j ɔ n
ekstra	ɛ c s t ɾ ɐ
el	e l
el	æ l
el	ɛ l
ela	e l aː
elastik	e l a s t i c
elektrifikasyon	e l e c t ɾ i f i k a s j ɔ n
elektrik	e l e c t ɾ i c
elektronik	e l e c t ɾ ɔ n i c
eleman	e l e m ɑ n
element	e l e m ɛ n t
elhamdülillah	e l h a m d y l i l l ä h
elifbe	e l i f b eː
eliminasyon	e l i m i n a s j ɔ n
elçilik	ɛ l t ʃ i l i c
emanasyon	e m a n a s j ɔ n
embesil	e m b e s i l
emetofobi	e m e t o f o b i
emir	e m i ɾ
emisyon	e m i s j ɔ n
emmi	e m m i
emoji	e m ɔ ʒ i
empedans	ɛ m p e d ɑ n s
empoze	ɛ m p o z e
empresyon	ɛ m p ɾ e s j ɔ n
emprovizasyon	e m p ɾ ɔ v i z a s j ɔ n
en	ɛ n
endeks	ɛ n d e c s
endekslemek	ɛ n d e c s l e m e c
endeksli	ɛ n d e c s l i
endikasyon	ɛ n d i k a s j ɔ n
endirekt	ɛ n d i ɾ ɛ c t
endişe	ɛ n d i ʃ e
endişelenmek	e n d i ʃ e l ɛ n m e c
endüstri	ɛ n d y s t ɾ i
enerji	e n ɛ ɾ ʒ i
enerjik	e n ɛ ɾ ʒ i c
enfarktüs	ɛ n f a ɾ k t y s
enfeksiyon	ɛ n f ɛ c s i j ɔ n
enflamasyon	ɛ n f l a m a s j ɔ n
enformasyon	ɛ n f ɔ ɾ m a s j ɔ n
enfrastrüktür	ɛ n f ɾ a s t ɾ y c t y ɾ
enfrastrüktürel	ɛ n f ɾ a s t ɾ y c t y ɾ ɛ l
engin	ɛ n ɟ i n
engizisyon	ɛ n ɟ i z i s j ɔ n
enjeksiyon	e n ʒ e c s i j o n
enjeksiyonlar	e n ʒ e c s i j o n l a ɾ
enjeksiyonları	e n ʒ e c s i j o n l a ɾ ɯ
enjeksiyonu	e n ʒ e c s i j o n u
enjeksiyonunu	e n ʒ e c s i j o n u n u
enjektör	ɛ n ʒ e c t œ ɾ
enkarnasyon	ɛ n k a ɾ n a s j ɔ n
ensest	ɛ n s ɛ s t
enstalasyon	ɛ n s t a l a s j ɔ n
enstitü	ɛ n s t i t y
enstrüman	ɛ n s t ɾ y m ɑ n
entegrasyon	ɛ n t e ɟ ɾ a s j ɔ n
entegre	ɛ n t e ɟ ɾ e
entelekt	ɛ n t e l ɛ c t
entelektüel	ɛ n t e l e c t y ɛ l
entelijans	ɛ n t e l i ʒ ɑ n s
entelijansiya	ɛ n t e l i ʒ ɑ n s i j a
enteresan	ɛ n t e ɾ e s ɑ n
enternasyonal	ɛ n t ɛ ɾ n a s j ɔ n a l
enterpretasyon	ɛ n t ɛ ɾ p ɾ e t a s j ɔ n
entonasyon	ɛ n t ɔ n a s j ɔ n
envanter	ɛ n v ɑ n t ɛ ɾ
envestisman	ɛ n v e s t i s m ɑ n
enzim	ɛ n z i m
enç	e n t ʃ
epilasyon	e p i l a s j ɔ n
eradikasyon	e ɾ a d i k a s j ɔ n
ercan	e ɾ d ʒ a n
erdoğan	æ ɾ d o ɰ ɑ n
ereksiyon	e ɾ ɛ c s i j ɔ n
eren	ɛ ɾ ɛ n
eritre	e ɾ í t ɾ e
erkek	æ ɾ c e c
ermenice	e ɾ m e n i d ʒ e
ermenistan	e ɾ m e n i s t a n
ertelenebilir	ɛ ɾ t e l e n e b i l i r
ertunç	e ɾ t u n t ʃ
eser	e s ɛ ɾ
eskalasyon	e s k a l a s j ɔ n
espiyonaj	e s p i j ɔ n a ʒ
esrik	e s ɾ i c
estonya	ɛ s t ɔ n j a
et	ɛ t
etajer	e t a ʒ ɛ ɾ
eter	e t ɛ ɾ
etiket	e t i c ɛ t
etimoloji	e t i m ɔ l ɔ ʒ i
etiyopyalı	e t i y o p y a ɫ ɯ
etkinlik	e t c i n l i c
etnogenez	e t n ɔ ɟ e n e z
evcil	e β d ʒ i l
evet	e v e t
eviye	e v i j e
evlat	e v l a t
evlatlık	e v ɫ a t ɫ ɯ k
evle	e v l e
evlenmek	e v l æ n m e c
evler	e v ɫ e ɾ
evli	ɛ v l i
evlilikler	e v l i l i c l æ r
evolüsyon	e v ɔ l y s j ɔ n
evre	e v ɾ e
evrensel	e v ɾ ɛ n s ɛ l
evse	e v s e
evsiz	e v s i z
eyer	e j æ ɾ
eyerlemek	e j æ ɾ l e m e c
eyerletmek	e j æ ɾ l e t m e c
eylemek	e j l e m e c
ezgi	e z ɡ i
ezoterik	e z ɔ t e ɾ i c
eğer	æː ɾ
eğer	ɛ j ɛ ɾ
eğitim	ɛ j i t i m
eğlence	e j l ɛ n d͡ʒ e
eğlenmek	eː l e n m e c
eğri	eː ɾ i
eşanjör	e ʃ ɑ n ʒ œ ɾ
eşantiyon	e ʃ ɑ n t i j ɔ n
eşantiyonlar	ɛ ʃ a n t i j o n l a ɾ
eşantiyonu	ɛ ʃ a n t i j o n u
eşcinsel	ɛ ʃ d ʒ i n s ɛ l
eşek	e ʃ e c
eşek	e ʃ ʃ e c
eşofman	e ʃ o f m ɑ̈ n
eşşek	e ʃ ʃ e c
faal	f aː l
faaliyet	f aː l i j e t
fabrikasyon	f a b ɾ i k a s j ɔ n
fagofobi	f ɑ ɡ o f o b i
fahişe	f aː h i ʃ e
faik	f aː i c
fakat	f a k ɐ t
fakir	f a c i r
faksimile	f a k s i m i l e
faktitif	f a k t i t i f
faktör	f a k t œ ɾ
faktöriyel	f a k t œ ɾ i j ɛ l
fakülte	f a c y l t e
falez	f a l e z
familya	f a m i l j a
fare	f aː ɾ e
fark	f a ɾ k
farka	f a ɾ c a
farklar	f a ɾ c l a ɾ
farkı	f a ɾ c ɯ
farmason	f a ɾ m a s ɔ n
fars	f a ɾ s
fasone	f a s ɔ n e
fasık	f ɑː s ɯ c
fasıklar	f ɑː s ɯ c l a ɾ
fasığı	f ɑː s ɯ ‿ ɯ
fatih	f aː t i h
fatura	f a t u ɾ a
favori	f a v ɔ ɾ i
fay	f a ɪ
fayans	f a j ɑ n s
fayda	f a ɪ d ɐ
faz	f a z
fazla	f ɑ z ɫ ɑ
façeta	f a t ʃ e t a
fedakâr	f e d aː c a ɾ
felsefe	f e l s e f e
felsefeler	f e l s e f e l e ɾ
felsefeyi	f e l s e f e j i
feminen	f e m i n ɛ n
feribot	f e ɾ i b o t
fermuar	f ɛ ɾ m ʊ a ɾ
fesih	f e s i h
fetva	f e t v aː
fetö	f e t œ
fibrinojen	f i b ɾ i n o ʒ e n
figür	f i ɟ y ɾ
figüran	f i ɟ y ɾ ɑ n
fiil	f i i l
fiilimsi	f iː l i m c i
fikir	f i c i ɾ
fil	f i l
filistin	f i l i s t i n
filiz	f i l i z
film	f i l i m
film	f i l m
final	f i n a l
fince	f i n d ʒ ɛ
fitil	f i t i l
fiyat	f i j a t
flöre	f l ø ɾ e
flüktüasyon	f l y c t y a s j ɔ n
fobofobi	f o b o f o b i
fok	f o k
folklor	f ɔ ɫ k l ɔ ɾ
fonksiyon	f ɔ ŋ k s i j ɔ n
fonksiyonlar	f o n c s i j o n l a ɾ
formalite	f ɔ ɾ m a l i t e
formel	f ɔ ɾ m ɛ l
fotoğraf	f o t ɔː ɾ ʌ f
fotoğrafçı	f o t oː ɾ a f t͡ʃ ɯ
fragman	f ɾ a ɡ m ɑ n
fraksiyon	f ɾ a k s i j ɔ n
frambuaz	f ɾ a m b uː a z
frekans	f ɾ e k ɑ n s
fren	f ɾ ɛ n
fukara	f u k a r aː
futbol	f u t̚ b ɔ ɫ
futbolcu	f u t b o ɫ d ʒ u
füniküler	f y n i c y l ɛ ɾ
fütürist	f y t y ɾ i s t
fütürizm	f y t y ɾ i z m
fıkra	f ɯ k r a
fırtına	f ɯ ɾ t ɯ n a
fırın	f ɯ ɾ ɯ n
g	ɟ
g	ɟ eː
g	ɡ
galeta	ɡ a l e t a
galiba	ɡ aː l i b aː
gambot	ɡ a m b ɔ t
gar	ɡ a ɾ
garaj	ɡ a ɾ a ʒ
garanti	ɡ a ɾ a n t i
gardiyan	ɡ a ɾ d i j a n
garip	ɡ a ɾ i p
gazete	ɡ a z ɛ t ɛ
ge	ɟ e
gebe	ɟ e b e
gebelik	ɟ e b e l i c
gebermek	ɟ e b ɛ ɾ m e c
gefirofobi	ɟ e f i ɾ o f o b i
gel	ɟ ɛ l
geldin	ɡ e l d i n
geldiniz	ɡ e l d i n i z
gelecek	ɟ e l e d ʒ e c
gelecek	ɟ e l i d ʒ e c
geleceğim	ɟ e l e d ʒ e j i m
geleceğim	ɟ e l i d ʒ eː m
geleceğiz	ɟ e l i d ʒ eː z
gelincik	ɟ e l i n d ʒ i k
gelinmemek	ɡ ɛ ɫ i n m ɛ m ɛ c
gelirler	ɡ e l i r l e ɾ
gelişme	ɡ e l i ʃ m e
gelişmeler	ɡ e l i ʃ m e l e ɾ
gelişmeme	ɡ e l i ʃ m e m e
gelişmemeler	ɡ e l i ʃ m e m e l e ɾ
gelişmemeyi	ɡ e l i ʃ m e m e j i
gelişmeyi	ɡ e l i ʃ m e j i
geliştir	ɡ e ɫ i ʃ t i ɾ
geliştirici	ɡ e l i ʃ t i ɾ i d͡ʒ i
geliştiriciler	ɡ e l i ʃ t i ɾ i d͡ʒ i j i l e ɾ
geliştiriciyi	ɡ e l i ʃ t i ɾ i d͡ʒ i j i
geliştirir	ɡ e ɫ i ʃ t i ɾ i ɾ
geliştirme	ɡ e ɫ i ʃ t i ɾ m e
geliştirmek	ɟ e l i ʃ t i ɾ m e c
geliştirmeler	ɡ e l i ʃ t i ɾ m e l e ɾ
geliştirmemek	ɡ e ɫ i ʃ t i ɾ m e m e c
geliştirmeyi	ɡ e ɫ i ʃ t i ɾ m e j i
geliştirmez	ɡ e ɫ i ʃ t i ɾ m e z
gelmedin	ɡ e l m e d i n
gelmediniz	ɡ e l m e d i n i z
gelmek	ɟ ɛ l m e c
gelmemek	ɡ ɛ ɫ m ɛ m ɛ c
gelmezler	ɡ e l m e z l e ɾ
gemici	ɟ ɛ m i d ʒ i
gen	ɟ ɛ n
genelge	ɟ e n ɛ l ɟ e
genofobi	ɟ e n o f o b i
geodezi	ɟ e ɔ d e z i
gerek	ɟ e ɾ e c
gereksinim	ɟ e ɾ ɛ c s i n i m
gergin	ɟ ɛ ɾ ɟ i n
gerilla	ɟ e ɾ i lː a
gerontokrasi	ɟ e ɾ o n t ɔ k ɾ a s i
gerçek	ɟ ɛ ɾ t ʃ e c
gerçeklik	ɟ ɛ ɾ t ʃ e c l i c
gerçekten	ɟ æ ɾ t ʃ e c t æ n
gey	ɟ e j
geyşa	ɟ ɛ j ʃ ɑ
gezegen	ɡ e z e ɡ e n
gezegende	ɡ e z e ɡ e n d e
gezegeni	ɡ e z e ɡ e n i
gezegenler	ɡ e z e ɡ e n l e ɾ
geç	ɟ e t ʃ
geçidi	ɡ e t͡ʃ i d i
geçidini	ɡ e t͡ʃ i d i n i
geçit	ɡ e t͡ʃ i t
geçitler	ɡ e t͡ʃ i t l e ɾ
geçitleri	ɡ e t͡ʃ i t l e ɾ i
geğirmek	ɡ e j i ɾ m e c
gibi	ɟ i b i
giderim	ɟ i d̪ e ɾ i m
gigabayt	ɟ i ɡ a b a j t
gir	i r
girdap	ɟ i ɾ d a p
git	ɡ i t
gitar	ɟ i t a ɾ
gitme	ɡ i t m e
gitmedin	ɡ i t m e d i n
gitmediniz	ɡ i t m e d i n i z
gittin	ɡ i t t i n
gittiniz	ɡ i t t i n i z
giz	ɟ i z
gizli	ɟ i z l i
gişe	ɟ i ʃ e
gişeler	ɡ i ʃ e l e ɾ
gişeyi	ɡ i ʃ e j i
gri	ɡ ɾ iː
grip	ɡ ɾ i p
grönland	ɡ ɾ ø n l ɑ n d
grönlandlı	ɡ ɾ ø n l ɑ n d ɫ ɯ
guvernör	ɡ u v ɛ ɾ n œ ɾ
göbek	ɟ ø b e c
gök	ɟ ø c
gökhan	ɟ œ c h a n
gökkuşağı	ɟ œ c k u ʃ ʌ ɣ ɯ
gökler	ɡ ø c l e ɾ
göksel	ɟ ø k s e l
gökyüzü	ɡ œ c j y z̟ y
göl	ɟ œ l
gölge	ɟ œ l ɟ e
gönül	ɟ ø n y l
görev	ɟ ø ɾ e v
görüş	ɟ ø ɾ y ʃ
götveren	ɟ ø t v e ɾ ɛ n
göz	ɟ ø z
gözde	ɟ ø z d e
gözden	ɟ œ z d e n
gözlükçü	ɟ œ z l y k t ʃ y
göğüs	ɟ œ ɰ y s
güdüm	ɟ y d y m
güdümler	ɟ y d y m l e ɾ
güdümü	ɟ y d y m y
güllü	ɟ y l l y
gün	ɟ y n
günah	ɟ y n ɑ h
günahkâr	ɟ y n a h c a ɾ
günahkârlar	ɡ y n a h k j a ɾ l a ɾ
günahkârı	ɡ y n a h k j a ɾ ɯ
günaydın	ɟ y n a j d ɯ n
güncel	ɟ y n d ʒ ɛ l
güncelleme	ɟ y n d ʒ ɛ l l ɛ m e
güncellemek	ɟ y n d ʒ ɛ l l e m e c
günlük	ɟ y n l y c
günlükler	ɟ y n l y c l e ɾ
günlükleri	ɟ y n l y c l e ɾ i
günlüğü	ɟ y n l y j y
günlüğünü	ɟ y n l y j y n y
gürcüce	ɟ y ɾ d ʒ yː d ʒ ɛ
güvercin	ɟ y v ɛ ɾ d͡ʒ í n
güya	ɟ yː j aː
güz	ɟ ʏ z
güzel	ɟ y z ɛ l
güzergâh	ɟ y z e ɾ ɟ a h
güzide	ɟ y z iː d e
haber	h a b ɛ ɾ
hac	h ɑ d͡ʒ
hacı	h ɑ d͡ʒ ɯ
hacılık	h ɑ d ʒ ɯ ɫ ɯ k
had	h a d
hadi	h a d i
hafif	h a f i f
hafriyat	h a f ɾ i j a t
hak	h ɑ k
hakan	h ɑː k ɑː n
haki	h aː k iː
hakikat	h a c i k a tʲ
hal	h a l
hala	h aː l aː
hala	h ɑ ɫ ɑ
hale	h aː l e
halk	h a ɫ k
halüsinasyon	h a l y s i n a s j ɔ n
halı	h ä ɫ ɯ
hamam	h a m ɑ m
hamdolsun	h a m d o ɫ s u n
hamile	h aː m i l e
hamilelik	h aː m i l e l i c
hamur	h a m u ɾ
han	h a n
hangi	h a ɲ ɟ i
hani	h a n i
hantal	h ɑ n t ɑ ɫ
hanımefendi	h ä n f ɛ n d i
harekât	h a ɾ e c a t
harf	h a ɾʲ f
hariç	h aː ɾ i t ʃ
harp	h a ɾʲ p
harputlu	h ɑ ɾ p u t ɫ u
harun	h aː ɾ u n
has	h a s
hasret	h a s ɾ e t
hatun	h ɑː t u n
hatıra	h aː t ɯ ɾ ɐ
hava	h ɑ v ɑ
havlu	h a v ɫ u
hayal	h a j a l
hayali	h a j aː l i
hayalî	h a j aː l iː
hayat	h a j a t
hayli	h a j l i
haymatlos	h a j m a t l oː s
hayran	h a ɪ ɾ a n
hayırlı	h a j ɯ ɾ ɫ ɯ
hayırsever	h a j ɯ ɾ s e v ɛ ɾ
haziran	h a z iː r ɑ n
haçvari	h a t͡ʃ v aː ɾ i
helak	h e l aː k
helezon	h e l e z o n
helikopter	h e l i k ɔ p t ɛ ɾ
hem	h e m
hemen	h e m ɛ n
henüz	h e n y z
hep	h ɛ p
her	h æ ɾ
her	h ɛ ɾ
herkes	h æ ɾ c ɛ s
herkes	h æ ɾ c ɛ z
hesap	h e s a p
heykel	h e j c æ l
hidayet	h i d aː j e t
hidayeti	h i d aː j e t i
hidayetler	h i d aː j e t l e ɾ
hijyen	h i ʒ j ɛ n
hijyenik	h i ʒ j e n i c
hikâye	h i c aː j e
hile	ç iː l e
hinterlant	h i n t ɛ ɾ ɫ ɑ n t
hipopotam	h i p o p o t a m
hiroşima	h i ɾ o ʃ i m ɑ
hisler	h i s l e ɾ
hiyerarşi	h i j e ɾ a ɾ ʃ i
hiyerarşik	h i j e ɾ a ɾ ʃ i c
hizmet	h i z m e t
hiçbir	h i t ʃ b i ɾ
holding	h ɔ l d i ɲ ɟ
hoparlör	h o p a ɾ l œ ɾ
horoz	h o ɾ o z
hukuk	h ʊ k u k
hukuki	h ʊ k uː c iː
hukuksal	h ʊ k u k s ɑ ɫ
hâl	h a ʎ
hâli	h aː l i
hâlini	h aː ɫ i n i
hâlleri	h aː lː e r i
hâlâ	h aː lʲ aː
hücre	h y d ʒ ɾ e
hücresel	h y d ʒ ɾ e s ɛ l
hükmü	h y k m y
hükûmet	h y c uː m e t
hüküm	h y c y m
hükümet	h y c yː m e t
hükümler	h y k y m l e ɾ
hür	h y ɾ
hüzün	h y z y n
hırgür	h ɯ ɾ ɟ y ɾ
hırlamak	h ɯ ɾ ɫ a m a k
hırsız	h ɯ ɾ s ɯ z
hız	h ɯ z
hızlı	h ɯ z ɫ ɯ
i	iː
i	ɯː
iade	i aː d e
ibadet	i b aː d e t
idare	i d aː ɾ e
iddia	i d d i a
iddia	i d d ɪ ɐː
ideal	i d e a l
iflah	i f l a h
ihlal	i h l a l
ihraç	i h ɾ a t ʃ
ihtimal	i ç t i m a l
ihtiras	i h t i ɾ a s
ihtiyacı	i h t i j a d͡ʒ ɯ
ihtiyaç	i h t i j a t ʃ
iken	ɪ c ɛ n
iki	i c i
ikinci	i c i n d͡ʒ i
ikişer	i c i ʃ æ r
ikna	i c n aː
ikonik	i k ɔ n i c
iktidar	i c t i d a ɾ
iktisadi	i c t i s aː d iː
iktisadı	i c t i s aː d ɯ
iktisat	i c t i s a t
iktisatçı	i c t i s a t t ʃ ɯ
ilave	i l aː v e
ilaç	ɪ l a t ʃ
ile	i l e
iletişim	i l e t i ʃ i m
ilham	i l h ɑ m
ilk	i l c
ilke	i l c e
ilkel	i l c ɛ l
illüzyon	i l y z j ɔ n
ilâç	ɪ l a t ʃ
imambayıldı	i m ɑ m b ɑ j ɯ ɫ d ɯ
imitasyon	i m i t a s j ɔ n
imkân	i m c a n
imkânsız	i m c a n s ɯ z
imla	ɪ m l aː
imparator	i m p a ɾ a t ɔ ɾ
imparatoriçe	i m p a ɾ a t ɔ ɾ i t ʃ e
imparatorluk	i m p a ɾ a t ɔ ɾ ɫ u k
implementasyon	i m p l e m ɛ n t a s j ɔ n
ince	i n d ʒ ɛ
incelemek	i n d ʒ e l e m e c
inisiyatif	i n i s i j a t i f
inkılap	i n k ɯ l a p
inkılap	i n k ɯ l aː b
inovasyon	i n ɔ v a s j ɔ n
internet	i n t ɛ ɾ n ɛ t
intihal	i n t i h a l
intihalci	i n t i h a l d ʒ i
intihali	i n t i h aː l i
intihar	i n t aː ɾ
intihar	i n t i h a ɾ
intikam	i n t i k a m
intikam	i n t i k aː m
intörn	i n t ø ɹ n
inziva	i n z i v aː
inşa	i n ʃ aː
inşaat	i n ʃ a a t
inşallah	i n ʃ a ɫː a h
inşallah	i ʃ a ɫː a h
ip	i p
iptal	i p t a l
irak	ɯ ɾ a k
irak	ɯː ɾ a k
irite	i r i t e
ishal	ɪ s h a l
isim	i s ɪ m
istatistik	i s t a t i s t i c
isteka	i s t e k a
istemci	ɪ s t ɛ m d ʒ i
istikamet	i s t i k aː m e t
istiklal	i s t i c l a l
istimlak	i s t i m l a c
isyan	i s j a n
isyankâr	i s j a n c a ɾ
isyanlar	i s j a n l a ɾ
isyanı	i s j aː n ɯ
itaat	i t a a tʲ
itaat	i t aː tʲ
itaatkâr	i t a a tʲ c a ɾ
itidal	iː t i d a l
itilmek	i t i ɫ m e c
iyi	i j i
iyilik	i j i l i c
iyimser	i j i m s e ɾ
iyon	i j o n
izbandut	i z b ɑ n d u t
izlek	i z l e c
izolasyon	i z ɔ l a s j ɔ n
izole	i z ɔ l e
içer	i t͡ʃ e r
içerim	i t͡ʃ e r i m
içki	i t͡ʃ c i
içmek	i t͡ʃ m ɛ́ c
iğne	iː n ɛ
iş	i ʃ
işaret	i ʃ aː ɾ e t
işareti	i ʃ aː ɾ e t i
işaretler	i ʃ aː ɾ e t l e ɾ
işbu	i ʃ b u
işgal	i ʃ ɡ a l
işgalci	i ʃ ɡ a l d ʒ i
işlek	i ʃ l e c
işlem	i ʃ l e m
işlemci	i ʃ l ɛ m d ʒ i
işlemek	i ʃ l ɛ m e c
işlev	i ʃ l e v
işte	i ʃ t ɛ
iştirak	i ʃ t i ɾ a c
işçi	i ʃ t͡ʃ i
işıktan	ɯ ʃ ɯ k t a n
i̇	iː
i̇brahim	ɪ b r ɑ h ɪ m
i̇ngiliz	i ɲ ɟ i l i z
i̇ngilizce	i ɲ ɟ i l i z d ʒ e
i̇ngilizceleştirmek	i n ɟ i l i z d ʒ e l e ʃ t i ɾ m e c
i̇rlandalı	i ɾ l ɑ n d ɑ ɫ ɯ
i̇spanya	i s p ɑ n j ɑ
i̇spanyol	i s p a ɲ o ɫ
i̇spanyolca	i s p a ɲ o ɫ d ʒ a
i̇srailli	i s ɾ ɑː i l l i
i̇stanbullu	i s t ɑ n b u ɫ ɫ u
i̇talya	i t ɑ l j ɑ
i̇zlandaca	i z ɫ a n d a d ʒ a
j	ʒ
j	ʒ eː
jakoben	ʒ a k ɔ b ɛ n
jale	ʒ a l e
jandarma	ʒ ɑ n d a ɾ m a
janr	ʒ ɑ n ɹ
janr	ʒ ɑ̃ ɾ
jant	ʒ ɑ n t
japon	ʒ ɑ p o n
japonca	ʒ a p o n d ʒ a
je	ʒ e
jelatin	ʒ e l a t i n
jenerasyon	ʒ e n e ɾ a s j ɔ n
jeneratör	ʒ e n e ɾ a t œ ɾ
jenerik	ʒ e n e ɾ i c
jenosit	ʒ e n ɔ s i t
jeodezi	ʒ e ɔ d e z i
jeodinamik	ʒ e ɔ d i n a m i c
jeofizik	ʒ e ɔ f i z i c
jeolog	ʒ e o l o ɡ
jeologlar	ʒ e o ɫ o ɡ l a ɾ
jeologu	ʒ e o ɫ o ɡ u
jeolojik	ʒ e ɔ l ɔ ʒ i c
jeomorfolog	ʒ e ɔ m ɔ ɾ f o l ɔ ɡ
jeomorfoloji	ʒ e ɔ m ɔ ɾ f o l ɔ ʒ i
jeopolitik	ʒ e ɔ p o l i t i c
jeosantrik	ʒ e ɔ s ɑ n t ɾ i c
jeosantrizm	ʒ e ɔ s ɑ n t ɾ i z m
jeosenklinal	ʒ e ɔ s ɛ n k l i n a l
jeotermal	ʒ e ɔ t ɛ ɾ m a l
jeotermi	ʒ e ɔ t ɛ ɾ m i
jeotermik	ʒ e ɔ t ɛ ɾ m i c
jerontokrasi	ʒ e ɾ o n t ɔ k ɾ a s i
jimnastik	ʒ i m n a s t i c
ji̇t	ʒ i t
ji̇tem	ʒ i t e m
jogging	ʒ ɔ ɟ i ɲ ɟ
jurnal	ʒ u ɾ n a l
jöle	ʒ ø l e
jön	ʒ œ n
jübile	ʒ y b i l e
jüri	ʒ y ɾ i
k	c
k	c eː
k	k
kabak	k a b a k
kabinler	c a b i n l e ɾ
kablo	k a b ɫ ɔ
kabotaj	k a b ɔ t a ʒ
kabul	k a b u l
kadar	k ɑ d ɑ r
kader	k a d e r
kadük	k a d y c
kadıköy	k ɑ d ɯ c ø j
kadın	k a d ɯ n
kadırga	k a d ɯ r ɡ a
kafe	k a f e
kafein	k a f e i n
kahve	k a h v e
kaide	k aː i d e
kaktüs	k a k t y s
kalbur	k ɑ ɫ b u ɾ
kalem	k ɑ l e m
kalite	k a l i t e
kaliteli	k a l i t e l i
kalkan	k a ɫ k a n
kalorifer	k a l ɔ ɾ i f ɛ ɾ
kamara	k a m a ɾ ɐ
kamera	k a m e ɾ a
kampüs	k a m p y s
kamyonet	k a m j ɔ n ɛ t
kan	k ɑ n
kanadalı	k ɑ n ɑ d ɑ ɫ ɯ
kanal	k a n a ɫ
kanarya	k a n a ɾ j a
kanat	k ɑ n ɑ t
kangren	k ɑ ŋ ɡ ɾ ɛ n
kaniş	k a n i ʃ
kanka	k ɐ n k ɐ
kanserojen	k a n s e ɾ ɔ ʒ ɛ n
kaos	k a o s
kaotik	k a ɔ t i c
kap	k a p
kapa	k a p a
kapalı	k a p a l ɯ
kapama	k a p a m a
kapamak	k ɑ p ɑ m ɑ k
kapamalar	k a p a m a l a ɾ
kapamamak	k a p a m a m a c
kapamayı	k a p a m a j ɯ
kapasite	k a p a s i t e
kapasite	k a p a s t e
kapibara	k a p i b a ɾ a
kapik	k a p i c
kapkaççı	k ɑ p k a t ʃ t ʃ ɯ
kaplumbağa	k a p ɫ ʊ m b aː
kaprisli	k a p ɾ i s l i
kapsam	k a p s a m
kapsamla	k a p s a m l a
kapsamlar	k a p s a m l a ɾ
kapsamlı	k a p s a m l ɯ
kapsamsa	k a p s a m s a
kapsamsız	k a p s a m s ɯ z
kapsamı	k a p s a m ɯ
kapuska	k a p u s k a
kapüşon	k a p y ʃ ɔ n
kapüşonlu	k a p y ʃ ɔ n ɫ u
kapı	k a p ɯ
kar	k a ɾ
kara	k ɑ ɾ ɑ
karaciğer	k a ɾ a d ʒ iː e ɾ
karakterizasyon	k a ɾ a k t e ɾ i z a s j ɔ n
karamsar	k a ɾ a m s a ɾ
karanfil	k a ɾ a n f i l
karar	k a ɾ a ɾ
karbon	k a ɾ b ɔ n
karbonat	k a ɾ b o n a t
karbonatlar	c a ɾ b o n a t l a ɾ
karbonatı	c a ɾ b o n a t ɯ
karbüratör	k a ɾ b y ɾ a t œ ɾ
karekök	k a ɾ e c ø c
karikatür	k a ɾ i k a t y ɾ
kariyer	k a ɾ i j ɛ ɾ
karma	k a ɾ m a
karne	k a ɾ n e
karpuz	k a ɾ p u z
kartal	k ɐ ɾ t ɐ ɫ
kartograf	k a ɾ t o ɡ ɾ a f
kartuş	k a ɾ t u ʃ
karışmak	k a ɾ ɯ ʃ m a k
karıştırmak	k a ɾ ɯ ʃ t ɯ ɾ m a k
kasatura	k a s a t u ɾ ɑ
kasket	k a s c ɛ t
kaslı	k ɑ s ɫ ɯ
kasvet	k a s v e t
kasık	k ɑ s ɯ k
kasım	k ɑ s ɯ m
katalanca	k ɑ t ɑ ɫ ɑ n d͡ʒ ɑ
katastrof	k a t a s t ɾ ɔ f
kategori	k a t e ɡ o ɾ i
kategoriler	c a t e ɡ o ɾ i l e ɾ
kategoriyi	c a t e ɡ o ɾ i j i
kategorizasyon	k a t e ɡ ɔ ɾ i z a s j ɔ n
kategorize	k a t e ɡ ɔ ɾ i z e
katil	k aː t i l
katil	k ɑ t i l
katyon	k a t j ɔ n
kauçuk	k a u t͡ʃ u k
kavun	k a v u n
kaya	k ɑ j ɑ
kaybolmak	k a j b o ɫ m ɑ k
kaydı	k a j d ɯ
kaygan	k a j ɡ a n
kaynak	k a j n a k
kaynaklamaz	c a j n a c l a m a z
kaynaklar	c a j n a c l a ɾ
kaynatmak	k a j n a t m a k
kaynağı	c a j n a ‿ ɯ
kaypak	k a j p a k
kayık	k ɑ j ɯ k
kayıkçı	k ɑ j ɯ k t ʃ ɯ
kayın	k a j ɯ n
kayıp	k a j ɯ p
kayısı	k a j ɯ s ɯ
kayıt	k a j ɯ t
kazanmak	k ɑ z ɑ n m ɑ k
kazma	k a z m a
kazı	k a z ɯ
kaç	k a t͡ʃ
kaçakçı	k a t ʃ a k t ʃ ɯ
kaçıncı	k a t͡ʃ ɯ n d͡ʒ ɯ
kaşağı	k a ʃ a ɰ ɯ
kaşağılamaz	k a ʃ a ɰ ɯ l a m a z
kaşağılar	k a ʃ a ɰ ɯ l a ɾ
kaşağıyı	k a ʃ a ɰ ɯ j ɯ
kaşe	k a ʃ e
kaşelemez	k a ʃ e l e m e z
kaşeler	k a ʃ e j i
kaşeyi	k a ʃ e j i
kaşkol	k a ʃ k ɔ l
ke	c e
ke	k a
kedi	c e d i
kefal	c e f a l
kel	c ɛ l
kelam	c e l a m
kelamı	c e l aː m ɯ
kelebek	c e l e b e c
kelepçe	k e l e p t͡ʃ e
kemal	c e m a l
kemer	c e m e ɾ
kemik	c e m i c
kemikler	k e m i k l e ɾ
kemiği	k e m i j i
kenar	c e n a ɾ
kenevir	c e n e v i ɾ
kent	c ɛ n t
kerkük	c ɛ ɾ c y c
kervan	c ɛ ɾ v ɑ n
keskin	c e s c i n
kestane	c e s t aː n e
kestirme	c e s t i ɾ m e
kestirmeler	k e s t i ɾ m e l e ɾ
kestirmeyi	c e s t i ɾ m e j i
kevgir	c e v ɟ i r
keyif	c e j i f
keçi	c e t ʃ i
keş	k e ʃ
keşkek	c e ʃ c ɛ c
ki	c i
kibar	c i b ɑ r
kibrit	c i b ɾ i t
kibutz	k i b u t z
kibutzlar	k i b u t z l a ɾ
kibutzu	k i b u t z u
kilise	c i l i s e
kilit	c i l i t
kim	c i m
kimofobi	k i m o f o b i
kimya	c i m j aː
kimyacı	k i m j aː d ʒ ɯ
kimyalar	c i m j aː l a ɾ
kimyayı	c i m j aː j ɯ
kiraz	c i ɾ a z
kirpi	c i ɾ p i
kist	c i s t
kiste	c i s t e
kisti	c i s t i
kistin	c i s t t i n
kistler	c i s t l e ɾ
kistte	c i s t t e
kistten	c i s t t e n
kitap	c i t a p
kitaplık	c i t a p ɫ ɯ k
klasör	k l a s œ ɾ
klavye	k l a v j e
klip	k l ɪ p
klostrofobi	k ɫ o s t ɾ o f o b i
koalisyon	k ɔ a l i s j ɔ n
koca	k ɔ d͡ʒ ɑ
kodak	k o d a k
kokarca	k o k ɑ ɾ d ʒ ɑ
koklamak	k o k ɫ ɑ m ɑ k
kokmak	k o k m ɑ k
kokteyl	k o k t e j l
koku	k o k u
kol	k o ɫ
koleksiyon	k ɔ l e c s i j ɔ n
kolektör	k ɔ l e c t œ ɾ
kolonizasyon	k ɔ l ɔ n i z a s j ɔ n
kolye	k o l j e
koma	k o m a
kombinasyon	k o m b i n a s j o n
kombinasyonla	k o m b i n a s j o n l a
kombinasyonlar	k o m b i n a s j o n l a ɾ
kombinasyonlu	k o m b i n a s j o n l u
kombinasyonsuz	k o m b i n a s j o n s u z
kombinasyonu	k o m b i n a s j o n a
kombinezon	k ɔ m b i n e z ɔ n
komedya	k ɔ m e d j ɐ
komik	k ɔ m i c
komiser	k ɔ m i s ɛ ɾ
komisyon	k ɔ m i s j ɔ n
kompilasyon	k ɔ m p i l a s j ɔ n
komple	k ɔ m p l ɛ
kompleks	k ɔ m p l ɛ c s
komplike	k ɔ m p l i c e
kompozisyon	k ɔ m p o z i s j ɔ n
kompresör	k ɔ m p ɾ e s œ ɾ
komünikasyon	k ɔ m y n i k a s j ɔ n
komünizm	k o m y n i z m
kondansatör	k ɔ n d ɑ n s a t œ ɾ
kondisyon	k ɔ n d i s j ɔ n
kondüktör	k ɔ n d y c t œ ɾ
konfederasyon	k ɔ n f e d e ɾ a s j ɔ n
konferans	k ɔ n f e ɾ ɑ n s
konfigürasyon	k ɔ n f i ɟ y ɾ a s j ɔ n
konfigüre	k ɔ n f i ɟ y ɾ e
konfirme	k ɔ n f i ɾ m e
koni	k o n ɪ
konjestiyon	k ɔ n ʒ e s t i j ɔ n
konjonktivit	k ɔ n ʒ ɔ ŋ k t i v i t
konjonktür	k ɔ n ʒ ɔ ŋ k t y ɾ
konkre	k ɔ n k ɾ e
konsantrasyon	k ɔ n s ɑ n t ɾ a s j ɔ n
konsensüs	k ɔ n s ɛ n s y s
konser	k ɔ n s ɛ ɾ
konservatör	k ɔ n s ɛ ɾ v a t œ ɾ
konsey	k ɔ n s e j
konsolide	k ɔ n s o l i d e
konsolos	k ɔ n s o ɫ ɔ s
konsonant	k ɔ n s o n ɑ n t
konstrüksiyon	k ɔ n s t ɾ y c s i j ɔ n
konsulto	k ɔ n s u ɫ t o
konsültasyon	k ɔ n s y l t a s j ɔ n
kontak	k ɔ n t a k t
kontaminasyon	k ɔ n t a m i n a s j ɔ n
kontamine	k ɔ n t a m i n e
kontekst	k ɔ n t ɛ c s t
kontrat	k ɔ n t ɾ a t
kontrfile	k o n t ɾ f i l e
kontrol	k ɔ n t ɾ o l
kontrolör	k ɔ n t ɾ o l œ ɾ
kontuar	k ɔ n t ʊ a ɾ
konu	k ɔ n u
konvansiyon	k ɔ n v ɑ n s i j ɔ n
konvansiyonel	k ɔ n v ɑ n s i j ɔ n ɛ l
koordinasyon	k ɔ ɔ ɾ d i n a s j ɔ n
koordine	k ɔ ɔ ɾ d i n e
kopülasyon	k ɔ p y l a s j ɔ n
kordon	k ɔ ɾ d ɔ n
korelasyon	k ɔ ɾ e l a s j ɔ n
koruyucu	k o ɾ u j u d ʒ u
kovboy	k o v b o j
koyun	k o j u n
kraliçe	k ɾ a l i t ʃ e
kravat	k ɾ a v a t
kreasyon	k ɾ e a s j ɔ n
kreatif	k ɾ e a t i f
kredibilite	k ɾ e d i b i l i t e
kriminel	k ɾ i m i n ɛ l
kriz	k ɾ i z
kruvazör	k ɾ u v a z œ ɾ
kuaför	k ʊ a f œ ɾ
kudret	k ʊ d ɾ e t
kul	k ʊ l
kula	k ʊ l a
kulak	k u ɫ ɑ k
kulda	k ʊ l d a
kullanıcı	k u ɫː a n ɯ d͡ʒ ɯ
kullar	k ʊ l l a ɾ
kulu	k ʊ l u
kulun	k ʊ l u n
kulübe	k u l y b ɛ
kulüp	k u l y p
kum	k u m
kumandan	k u m ɑ n d ɑ n
kupür	k u p y ɾ
kural	k u ɾ ɑ ɫ
kurbağa	k u ɾ b aː
kurgan	k u ɾ ɡ ɑ n
kuruşla	k u ɾ u ʃ l a
kuruşlar	k u ɾ u ʃ l a ɾ
kuruşu	k u ɾ u ʃ u
kurye	k u ɾ j e
kusur	k u s u ɾ
kutlama	k u t l a m a
kutsal	k u t s a ɫ
kuvertür	k u v ɛ ɾ t y ɾ
kuyu	k u j u
kuyumcu	k u j u m d ʒ u
kuzen	k u z ɛ n
kuzulamak	k u z u ɫ a m a k
kuğu	k u ɣ u
kuş	k u ɕ
kuş	k u ʃ
kuşak	k u ʃ a k
kuşaklar	k u ʃ a c l a ɾ
kuşağı	k u ʃ a ‿ ɯ
kâbe	c aː b e
kâfir	c aː f i ɾ
kâhin	c a h i n
kâhya	c a h j aː
kâinat	c a i n aː t
kâr	c a ɾ
kârlı	c a ɾ ɫ ɯ
kâse	c aː s e
kâseler	c aː s e j i
kâseyi	k j aː s e j i
kâzım	c aː z ɯ m
kâğıdımda	c ɑ ɯ d ɯ m d ɐ
kâğıt	c ɑ ɯ̯ t
köhne	c ø h n e
köle	c ø l e
kömür	c ø m y ɾ
köprü	c œ p ɾ y
kör	c œ ɾ
köri	c ø ɾ i
köstebek	k œ s t ɛ b ɛ c
kötü	c ø t y
kötümser	c œ t y m s e ɾ
köy	c ø j
köylü	c ø j l y
köyün	cʰ œ j y n
köşk	c ø ʃ c
küfür	c y f y ɾ
kül	c ʏ l
külah	c y l á h
külfet	c y l f e t
küllük	c y lː y c
kült	c y l t
kültür	c y l t y ɾ
kültürel	c y l t y ɾ ɛ l
külçe	c y l t ʃ e
küpe	c y p ɛ
küratör	c y ɾ a t œ ɾ
kürdan	c y ɾ d ɑ n
kürek	c y ɾ e c
kürt	c y ɾ t
kürtaj	c y ɾ t a ʒ
kürtçe	c y ɾ t t ʃ e
kütikül	c y t i c y l
kütle	c y t̪ l e
kütüphane	c y t y pʰ aː n e
küvet	c y v ɛ t
küçük	c y t ʃ y c
kıble	k ɯ b l e
kılavuz	k ɯ ɫ ɑ v u z
kılıç	k ɯ ɫ ɯ t ʃ
kın	k ɯ n
kırklareli	k ɯ ɾ k ɫ ɑ ɾ ɛ l i
kırklarelili	k ɯ ɾ k ɫ ɑ ɾ ɛ l i l i
kırmızı	k ɯ ɾ m ɯ z ɯ
kırtasiye	k ɯ ɾ t aː s i j e
kırıklar	c ɯ ɾ ɯ c l a ɾ
kırılacak	k ɯ ɾ ɯ l a d͡ʒ a k
kırılacaklar	k ɯ ɾ ɯ l a d͡ʒ a k l a ɾ
kırığı	k ɯ ɾ ɯ ‿ ɯ
kısaltma	c ɯ s a l t m a
kısaltmalar	c ɯ s a l t m a l a ɾ
kısaltmaya	c ɯ s a l t m a j a
kısaltmayı	c ɯ s a l t m a j ɯ
kısayol	k ɯ s a j o l
kısayollar	k ɯ s a j o l l a ɾ
kısayolu	k ɯ s a j o l u
kısayolum	k ɯ s a j o l u m
kısayolun	k ɯ s a j o l u n
kısmet	k ɯ s m ɛ t
kıta	k ɯ t ɐ
kıy	k ɯ j
kıyamet	k ɯ j aː m e t
kıymayın	k ɯ j m a j ɯ n
kıymet	k ɯ j m e t
kıymeti	k ɯ j m e t i
kıymetler	k ɯ j m e t l e ɾ
kıyı	k ɯ j ɯ
kıyılar	c ɯ j ɯ l a ɾ
kıyın	k ɯ j ɯ n
kıyınlar	k ɯ j ɯ n l a ɾ
kıyını	k ɯ j ɯ n ɯ
kıyıyı	c ɯ j ɯ j ɯ
kızıl	k ɯ z ɯ ɫ
kıç	k ɯ t ʃ
kışla	k ɯ ʃ ɫ ɑ
labirent	l a b i ɾ ɛ n t
lacivert	l aː d͡ʒ i v e ɾ t
laf	l a f
laf	ɫ ɑ f
lafız	l a f ɯ z
laik	l ɑ i c
laktasyon	l a k t a s j ɔ n
lan	l æ n
lan	ɫ ɑ n
lanet	l aː n e t
lansman	l ɑ n s m ɑ n
lazım	l aː z ɯ m
legal	l e ɡ a l
lehçe	l e h t ʃ e
lehçe	l ɛ h t ʃ ɛ
lektör	l ɛ c t œ ɾ
lengüist	l ɛ ɲ ɟ y i s t
lengüistik	l e ɲ ɟ y i s t i c
letonca	l e t o n d ʒ a
levent	l e v æ n t
levitasyon	l e v i t a s j ɔ n
leğen	l e e n
leğen	l e j e n
leş	l ɛ ʃ
leşi	l e ʃ i
leşler	l e ʃ l e ɾ
liberasyon	l i b e ɾ a s j ɔ n
lider	l iː d ɛ ɾ
lig	l i ɟ
lihtenştayn	l i h t ɛ n ʃ t a ɪ̯ n
likit	l i c i t
limon	l i m o n
lipofobi	l i p o f o b i
liralar	l i ɾ a l a ɾ
lirayla	l i ɾ a j l a
lisan	l i s a n
lisanlar	l i s a n l a ɾ
lisans	l i s ɑ n s
lisanı	l i s aː n ɯ
lise	l i s e
literatür	l i t e ɾ a t y ɾ
lokasyon	l ɔ k a s j ɔ n
lokma	ɫ o k m a
lokmalar	ɫ o k m a ɫ a ɾ
lokmam	ɫ o k m a m
lokman	ɫ o k m a n
lokmanın	ɫ o k m a n ɯ n
lokması	ɫ o k m a s ɯ
lokmayı	ɫ o k m a j ɯ
londralı	l o n d ɾ ɑ ɫ ɯ
losyon	l ɔ s j ɔ n
lökoplast	l ø k o p l a s t
lügat	l y ɡ a tʲ
lütfen	l y t f ɛ n
lütuf	l y t ʊ f
maalesef	m a a l e s e f
maaş	m a a ʃ
macarca	m a d ʒ a ɾ d ʒ a
madde	m a dː e
maddeler	m a d d e l e ɾ
maddeyi	m a d d e j i
maden	m aː d ɛ n
maharet	m a h a ɾ e t
mahkûm	m ɑ h c u m
mahlas	m a h l a s
majeste	m a ʒ e s t e
makale	m a k aː l e
makedonya	m ɑ k ɛ d ɔ n j ɑ
makine	m a c i n e
mal	m ɑ ɫ
maliyet	m aː l i j e t
mallar	m a l l a ɾ
malum	m aː l u m
malı	m a l ɯ
mamut	m a m u t
mana	m aː n aː
mana	m aː ɲ aː
manat	m a n a t
manda	m a n d a
manen	m aː n e n
manevra	m a n e v ɾ a
manipülasyon	m a n i p y l a s j ɔ n
manipülatör	m a n i p y l a t œ ɾ
manipüle	m a n i p y l e
manken	m a ɲ c ɛ n
mantal	m ɑ n t a l
mantalite	m ɑ n t a l i t e
mantar	m a n t a ɾ
mantarlar	m a n t a ɾ l a ɾ
mantarı	m a n t a ɾ ɯ
maral	m a ɾ a ɫ
marangoz	m a ɾ a n ɡ o z
mareşal	m a ɾ e ʃ a l
margarin	m a ɾ ɡ a ɾ i n
marifet	m aː ɾ i f e t
marinasyon	m a ɾ i n a s j ɔ n
marka	m a ɾ k ɐ
market	m ɑ ɹ c e t
marketing	m a ɾ c e t i ɲ ɟ
marş	m a ɾ ʃ
masaj	m a s a ʒ
masal	m ɑ s ɑ ɫ
masaüstü	m a s a y s t y
maserasyon	m a s e ɾ a s j ɔ n
maskülen	m a s c y l ɛ n
mastürbasyon	m a s t y ɾ b a s j ɔ n
masum	m ɑː s u m
masör	m a s ø ɾ
masörler	m a s ø ɾ l e ɾ
masörü	m a s ø ɾ y
matematik	m a t e m a t i c
matematikle	m a t e m a t i c l e
matematikler	m a t e m a t i c l e ɾ
matematikli	m a t e m a t i c l i
matematiksiz	m a t e m a t i c s i z
matematiği	m a t e m a t i j i
materyal	m a t ɛ ɾ j a l
materyalist	m a t ɛ ɾ j a l i s t
materyalizm	m a t ɛ ɾ j a l i z m
mazi	m aː z iː
mazı	m ɑ z ɯ
maç	m a t ʃ
mağara	m a a ɾ a
mağlup	m aː l u p
meclis	m e d ʒ l i s
medeniyet	m e d e n i j e t
meditasyon	m e d i t a s j ɔ n
megakent	m e ɡ a c ɛ n t
megapol	m e ɡ a p ɔ l
mehmet	m ɛ h m ɛ t
mekanik	m e k a n i c
mekanizma	m e k a n i z m ɐ
mektep	m ɛ c t ɛ p
mektup	m e c t u p
mekân	m e c a n
melankolik	m e l ɑ n k ɔ l i c
melek	m ɛ l ɛ c
melih	m e l i h
memnun	m ɛ m n u n
memnuniyet	m e m n uː n i j e t
memnuniyeti	m e m n uː n i j e t i
memnuniyetle	m e m n uː n i j e t l e
memnuniyetler	m e m n uː n i j e t l e ɾ
memnuniyetse	m e m n uː n i j e t s e
memur	m eː m ʊ ɾ
mendil	m e n d i l
menekşe	m ɛ n ɛ c ʃ ɛ
menfaat	m ɛ n f a a tʲ
menü	m e n y
menüler	m e n y l e ɾ
menüyü	m e n y j y
meraklı	m e ɾ a k ɫ ɯ
merhaba	m ə ɾ h a b a
merhaba	m ə ɾ h a b aː
merhaba	m ɛ ɾ a b a
merhamet	m ɛ ɾ h a m e t
merheba	m ə ɾ h a b a
merheba	m ə ɾ h a b aː
merheba	m ɛ ɾ a b a
merhum	m ɛ ɾ h u m
merkür	m æ r k y r
mersi	m ɛ ɾ s i
mert	m ɛ r t
mesafe	m e s aː f e
mesaj	m e s a ʒ
mesen	m e s ɛ n
meslek	m e s l e c
mesul	m e s ʔ u ɫ
mesuliyet	m e s uː l i j e t
mesuliyetli	m e s uː l i j e t l i
mesuliyetsiz	m e s uː l i j e t s i z
metal	m e t a l
metanet	m e t aː n e t
metre	m ɛ t ɾ ɛ
metres	m ɛ t ɾ ɛ s
metropol	m e t ɾ ɔ p ɔ l
mevta	m e v t aː
mezar	m e z a ɾ
mezarlar	m e z a ɾ l a ɾ
mezarı	m e z a ɾ ɯ
mezhep	m e z h e p
mezra	m e z ɾ aː
mezralar	m e z ɾ aː l a ɾ
mezrayı	m e z ɾ aː j ɯ
mezun	m eː z ʊ n
meçhul	m e t ʃ h u l
meşale	m e ʃ a l e
meşale	m e ʃ aː l e
meşe	m e ʃ e
meşeler	m e ʃ e l ɛ ɾ
meşem	m e ʃ e m
meşen	m e ʃ e n
meşenin	m e ʃ e n i n
meşeyi	m e ʃ e j i
meşgul	m e ʃ ɡ u l
meşkûr	m e ʃ c uː ɾ
mide	m iː d e
mikroskop	m ɪ k r ɔ s k ɔ p
miktar	m i c t a ɾ̥
mil	m i l
milenyum	m i l e n j u m
milli	m i l l iː
milliyet	m i l l i j e t
milyon	m i l j ɔ n
mimar	m iː m ɑ r
minder	m i n d e r
minör	m i n œ ɾ
mistik	m i s t i c
miting	m i t i ŋ c
miyavlamak	m i j a v ɫ a m a k
mizanpaj	m i z ɑ n p a ʒ
miço	m i t͡ʃ o
mobbing	m ɔ b i ɲ ɟ
moda	m ɔ d a
model	m o d e l
modifikasyon	m o d i f i k a s j ɔ n
molekül	m ɔ l e c y l
montaj	m ɔ n t a ʒ
mor	m o ɾ
motor	m o t ɔ ɾ
motorize	m ɔ t ɔ ɾ i z e
muck	m u d ʒ k
muhabbet	m ʊ h a b b e t
muhafazakâr	m u h a f a z a c a ɾ
muhafiyet	m u x aː f i j e t
muhallebi	m u h a l l e b i
muharip	m u h a ɾ i p
muhasebe	m u h ɐ s e b e
muhil	m ʊ h i l
muhtariyet	m u h t aː ɾ i j e t
muhtaç	m u h t a t ʃ
muhtemel	m u ħ t ɛ m ɛ l
mum	m u m
murat	m u ɾ a t
musa	m uː s aː
mustafa	m u s t a f a
mut	m u t
muz	m u z
muş	m u ʃ
muşmula	m u ʃ m u ɫ a
mösyö	m ø s j ø
mübadele	m y b aː d e l e
mübarek	m ʏ b a ɾ e c
mücadele	m y d ʒ aː d e l ɛ
mücahit	m y d ʒ aː h i t
müdafaa	m y d aː f aː
müdahale	m y d a h a l e
müdahil	m y d aː h i l
müdevver	m y d e v v ɛ ɾ
müezzin	m y ɛ zː i n
müftü	m y f t y
mühim	m y h i m
mühimmat	m y h i m m a t
müjde	m y ʒ d e
mükellef	m y c ɛ l l e f
mükâfat	m y c aː f a t
mülakat	m y l aː k a t
mülkiyet	m y l c i j e t
mümkün	m y m c y n
münzevi	m y n z e v i
mürekkep	m y ɾ e c c e p
müsaade	m y s a a d e
müsadere	m y s aː d e ɾ e
müsamaha	m y s aː m ɐ h ɐ
müsilaj	m y s i l a ʒ
müslüman	m y s l y m ɑ n
müslümanlar	m y s l y m a n l a ɾ
müstesna	m y s t e s n aː
mütercim	m y t ɛ ɾ d͡ʒ i m
müzakere	m y z aː k e ɾ e
müzakereler	m y z aː k e ɾ e l e ɾ
müzakereyi	m y z aː k e ɾ e j i
müzik	m y z i c
müşahede	m y ʃ aː h e d e
mısırlı	m ɯ s ɯ ɾ ɫ ɯ
mısırsız	m ɯ s ɯ ɾ s ɯ z
nah	n ɑ h
naif	n a i f
nakit	n a c i t
nal	n a ɫ
nalci	n ɑ l d͡ʒ i
nam	n ɑ m
namaz	n a m a z
nargile	n a ɾ ɟ i l e
nargileler	n ɑ ɾ ɟ i l ɛ l ɛ ɾ
nargileyi	n ɑ ɾ ɟ i l ɛ j i
nasyonal	n a s j ɔ n a l
nasıl	n a s ɯ ɫ
nasır	n a s ɯ ɾ
nasırda	n a s ɯ ɾ d a
nasırdan	n a s ɯ ɾ d a n
nasırlar	n a s ɯ ɾ l a ɾ
nasırlara	n a s ɯ ɾ l a ɾ a
nasırlarda	n a s ɯ ɾ l a ɾ d a
nasırlardan	n a s ɯ ɾ l a ɾ d a n
nasırları	n a s ɯ ɾ l a ɾ ɯ
nasırların	n a s ɯ ɾ l a ɾ ɯ n
nasırı	n a s ɯ ɾ ɯ
nasırın	n a s ɯ ɾ ɯ n
nataşa	n ɑ t ɑ ʃ ɑ
nazar	n ä z ä ɾ
nazik	n aː z i c
nebze	n e b z e
nedamet	n e d aː m e t
neden	n e d æ n
nedime	n e d iː m e
nehir	n e h i ɾ
neptün	n e p t y n
nesil	n e s i l
net	n e t
nezle	n e z l e
neşriyat	n e ʃ r i j aː t
nida	n i d a
nihai	n i h aː iː
nil	n i l
nimet	n iː m e t
ninni	n i n n i
nivo	n i v o
niçin	n iː t͡ʃ i n
nişane	n i ʃ aː n e
nişangâh	n i ʃ ɑ ɲ ɟ a h
nişanlı	n i ʃ a n ɫ ɯ
nokta	n ɔ k t a
nomofobi	n o m o f o b i
normal	n ɔ ɾ m a l
normalde	n ɔ ɾ m a l d e
normatif	n ɔ ɾ m a t i f
normatiflik	n ɔ ɾ m a t i f l i c
nostalji	n ɔ s t a l ʒ i
nostaljik	n ɔ s t a l ʒ i c
nota	n ɔ t a
numara	n ʊ m a ɾ ɐ
numaralama	n u m a ɾ a l a m a
numaralamalar	n u m a ɾ a l a m a l a ɾ
numaralamama	n u m a ɾ a l a m a m a
numaralamamalar	n u m a ɾ a l a m a m a l a ɾ
numaralamamayı	n u m a ɾ a l a m a m a j ɯ
numaralamayı	n u m a ɾ a l a m a j ɯ
nur	n u ɾ
nörd	n ø ɾ d
nöron	n œ r ɔ n
nüans	n y ɑ n s
nüfus	n y f u s
nükleer	n y c l e ɛ ɾ
nükleon	n y c l e ɔ n
obje	ɔ b ʒ e
obsesyon	o b s e s j ɔ n
oburluk	o b u ɾ ɫ u k
ocak	o d͡ʒ a k
oditoryum	o d i t ɔ ɾ j u m
oduncu	o d u n d ʒ u
ofans	ɔ f ɑ n s
ofansif	ɔ f ɑ n s i f
oha	ɔː h ɑː
oje	o ʒ ɛ
oksimoron	ɔ k s i m ɔ ɾ ɔ n
oku	o k u
okuma	o k u m a
okumak	o k u m a k
okumalar	o k u m a l a ɾ
okumayı	o k u m a j ɯ
ol	o l
olay	ɔ ɫ a ɪ
olsun	o ɫ s u n
oluşmak	o ɫ u ʃ m ɑ k
oluşturmak	o ɫ u ʃ t u ɾ m ɑ k
ombudsman	o m b u d s m ɑ n
omuz	o m u z
onar	o n a r
onay	ɔ n a ɪ
onayı	ɔ n a j ɯ
onlar	o n ɫ a ɾ
onur	o n u ɾ
operasyon	ɔ p e ɾ a s j ɔ n
operatör	ɔ p e ɾ a t œ ɾ
opsiyon	ɔ p s i j ɔ n
opsiyonel	ɔ p s i j ɔ n ɛ l
optimizasyon	ɔ p t i m i z a s j ɔ n
optimizasyonlar	o p t i m i z a s j o n l a ɾ
optimizasyonu	o p t i m i z a s j o n u
oran	o ɾ a n
oranlar	o ɾ a n l a ɾ
oranı	o ɾ a n ɯ
ordinatör	ɔ ɾ d i n a t œ ɾ
orijinal	ɔ ɾ i ʒ i n a l
orijinalite	ɔ ɾ i ʒ i n a l i t e
orospu	o rː o s p ʊ
orospu	o ɾ o s p ʊ
ortak	o ɾ t a k
ortaklı	o ɾ t ɑ k ɫ ɯ
ortaklık	o ɾ t ɑ k ɫ ɯ c
ortaksız	o ɾ t a k s ɯ z
ortalama	ɔ ɾ t a ɫ a m a
oryantasyon	o ɾ j ɑ n t a s j ɔ n
oslo	o s ɫ o
osmanlı	o s m a n ɫ ɯ
osmiyum	o s m i j u m
otobüs	o t ɔ b y s
otodeterminasyon	o t ɔ d e t ɛ ɾ m i n a s j ɔ n
otodidakt	o t ɔ d i d a k t
otofobi	o t o f o b i
otomat	o t o m a t
otomatikman	o t o m a t i c m a n
otomobil	o t o m o b i l
otonom	o t ɔ n ɔ m
otorizasyon	o t o ɾ i z a s j ɔ n
oy	o j
oysa	o j s a
oyuncu	o j u n d͡ʒ u
oğuz	o ɣ u z
padişah	p ɑ d i ʃ ɑ h
pahalı	p ɑ h ɑ ɫ ɯ
paket	p a c e t
palanka	p a ɫ a ŋ k ɐ
palavra	p a ɫ a v ɾ a
palpasyon	p a l p a s j ɔ n
palto	p a ɫ t o
pandeist	p a n d e i s t
pandeisti	p a n d e i s t i
pandeistin	p a n d e i s t i n
pandeistler	p a n d e i s t l e ɾ
pandemi	p ɑ n d e m i
panendeist	p a n e n d e i s t
panendeisti	p a n e n d e i s t i
panendeistin	p a n e n d e i s t i n
panendeistler	p a n e n d e i s t l e ɾ
panenteizm	p a n e n t e i z m
panenteizmi	p a n e n t e i z m i
panenteizmler	p a n e n t e i z m l e ɾ
panik	p a n i c
panteizm	p a n t e i z m
panteizmi	p a n t e i z m i
panteizmler	p a n t e i z m l e ɾ
panteon	p ɑ n t ɛ o n
papa	p a p a
papak	p a p a k
papatya	p ɑ p ɑ t j ɑ
papatyalar	p ɑ p ɑ t j ɑ l a ɾ
papatyayı	p ɑ p ɑ t j ɑ j ɯ
para	p ɑ ɾ ɑ
paralel	p a ɾ a l ɛ l
paramparça	p a ɾ a m p a ɾ t ʃ a
parantez	p a ɾ ɑ n t e z
parazit	p a ɾ a z i t
pardösü	p a ɾ d ø s y
paris	p aː ɾ i s
parisli	p aː ɾ i s l i
parke	p a ɾ c e
parlamento	p a ɾ l a m ɛ n t ɔ
parti	p ɑ ɾ t i
partisyon	p a ɾ t i s j ɔ n
partner	p a ɾ t n ɛ ɾ
parça	p a ɾ t ʃ a
pas	p a s
pasif	p a s i f
pasiflik	p a s i f l i c
patinaj	p a t i n a ʒ
patlıcan	p a t ɫ ɯ d ʒ a n
patron	p a t ɾ ɔ n
paylaşmak	p ɑ j ɫ ɑ ʃ m ɑ k
paşa	p a ʃ a
ped	p e d
pedofobi	p e d o f o b i
pejoratif	p e ʒ ɔ ɾ a t i f
pek	p e c
peki	p e c i
pekâlâ	p e c a l aː
pembe	p e m b e
pena	p ɛ n ɑ
penetrasyon	p e n e t ɾ a s j ɔ n
perde	p ɛ ɾ d ɛ
performans	p ɛ ɾ f ɔ ɾ m ɑ n s
pergel	p æ ɾ ɡ æ l
periyot	p e ɾ i j ɔ t
perişan	p e ɾ iː ʃ a n
permütasyon	p e ɾ m y t a s j o n
permütasyonla	p ɛ r m y t a s j o n l a
permütasyonlar	p e r m y t a s j o n l a ɾ
permütasyonlu	p ɛ ɾ m y t a s j o n l u
permütasyonsuz	p ɛ ɾ m y t a s j o n s u z
permütasyonu	p e ɾ m y t a s j o n u
perspektif	p ɛ ɾ s p e c t i f
petrol	p e t ɾ ɔ l
peygamber	p e j ɡ a m b ɛ ɾ
peyzaj	p e ɪ s a ʒ
peyzaj	p e ɪ z a ʒ
peçete	p e t ʃ e t e
peşmerge	p e ʃ m ɛ ɾ ɟ e
piknik	p i c n i c
pil	p ɪ l
pilav	p i l a v
ping	p i ɲ ɟ
pirinç	p i ɾ i n t͡ʃ
pis	p i s
pisi	p i s i
piyasa	p i j a s a
piyon	p i j ɔ n
plaka	p l a k ɐ
plan	p l ɑ n
planet	p ɫ a n e t
planeti	p ɫ a n e t i
planetler	p ɫ a n e t l e ɾ
platformlararası	p ɫ a t f o ɾ m l a ɾ a ɾ a s ɯ
platin	p l a t i n
plüton	p l y t o n
plüton'u	p l y t o n u
plütonlar	p l y t o n l a ɾ
pogrom	p ɔ ɡ ɾ ɔ m
polis	p o l i s
polisaj	p ɔ l i s a ʒ
polisi	p o l i s i
polisler	p o l i s l e ɾ
politikacı	p ɔ l i i k a d ʒ ɯ
politizasyon	p ɔ l i t i z a s j ɔ n
politize	p ɔ l i t i z e
popülarite	p ɔ p y l a ɾ i t e
popülasyon	p ɔ p y l a s j ɔ n
popüler	p ɔ p y l ɛ ɾ̥
porsuk	p o ɾ s u k
portföy	p ɔ ɾ t f ø j
portre	p ɔ ɾ t ɾ e
posta	p ɔ s t a
postane	p ɔ s t aː n e
potansiyel	p ɔ t ɑ n s i j ɛ l
potpuri	p o t p u ɾ i
poşet	p ɔ ʃ e t
prediksiyon	p ɾ e d i c s i j ɔ n
prehistorik	p ɾ e h i s t ɔ ɾ i c
prensip	p ɾ ɛ n s i p
prezantasyon	p ɾ e z ɑ n t a s j ɔ n
problem	p ɾ ɔ b l ɛ m
prodüksiyon	p r ɔ d y c s i j ɔ n
prodüktör	p ɾ ɔ d y c t œ ɾ
profesör	p ɾ ɔ f e s œ ɾ
program	p ɾ o ɡ ɾ a m
programla	p ɾ o ɡ ɾ a m l a
programlama	p ɾ o ɡ ɾ a m l a m a
programlamak	p ɾ o ɡ ɾ a m l a m a k
programlamamak	p ɾ o ɡ ɾ a m l a m a m a k
programlamaz	p ɾ o ɡ ɾ a m l a m a z
programlar	p ɾ o ɡ ɾ a m l a ɾ
programsa	p ɾ o ɡ ɾ a m s a
programı	p ɾ o ɡ ɾ a m ɯ
programını	p ɾ o ɡ ɾ a m ɯ n ɯ
progresyon	p ɾ ɔ ɡ ɾ e s j ɔ n
proje	p ɾ ɔ ʒ e
projektör	p ɾ ɔ ʒ ɛ c t œ ɾ
promosyon	p ɾ ɔ m o s j ɔ n
protestan	p ɾ ɔ t e s t ɑ n
protestanlık	p ɾ ɔ t e s t ɑ n ɫ ɯ k
providansiyalist	p ɾ ɔ v i d ɑ n s i j a l i s t
providansiyalizm	p ɾ ɔ v i d ɑ n s i j a l i z m
provokatör	p ɾ ɔ v ɔ k a t œ ɾ
provoke	p ɾ ɔ v ɔ c e
psikoz	p s i k o z
psikozla	p s i k o z l a
psikozlar	p s i k o z l a ɾ
psikozlu	p s i k o z l u
psikozsa	p s i k o z s a
psikozsuz	p s i k o z s u z
psikozu	p s i k o z u
psödonim	p s ø d ɔ n i m
pus	p u s
put	pʰ u t
putperest	pʰ u t pʰ ɛ ɾ e s tʰ
pürüz	p y ɾ y z
r	ɹ
r	ɾ
radyasyon	ɾ a d j a s j ɔ n
radyatör	ɾ a d j a t œ ɾ
radyo	ɾ a d j o
radyoaktif	ɾ a d j ɔ a k t i f
rahmi	ɾ a h m i
ramazan	ɾ ɑ m ɑ z ɑ n
randevu	ɾ ɑ n d e v u
rapor	ɾ a p ɔ ɾ
rapçi	ɾ ɛ p t ʃ i
rasathane	r a s a t h aː n e
rasathaneler	r a s a t h aː n e l e ɾ
rasathaneyi	r a s a t h aː n e j i
raunt	ɹ a ʊ n t
raunt	ɾ a ʊ n t
rağmen	r a ɣ m e n
reaksiyon	ɾ e a k s i j ɔ n
realite	ɾ e a l i t e
redaksiyon	ɾ e d a k s i j ɔ n
redaktör	ɾ e d a k t œ ɾ
redije	ɾ e d i ʒ e
redüksiyon	ɾ e d y c s i j ɔ n
reel	ɾ eː l
reenkarnasyon	ɾ e ɛ n k a ɾ n a s j ɔ n
reenkarnasyon	ɾ eː n k a ɾ n a s j ɔ n
reform	ɾ ɛ f o ɾ m
regülasyon	ɾ e ɟ y l a s j ɔ n
regülatör	ɾ e ɟ y l a t œ ɾ
regüle	ɾ e ɟ y l e
rehabilitasyon	ɾ e h a b i l i t a s j ɔ n
rehber	ɾ ɛ h b e ɾ
rehin	ɾ e h i n
rehine	ɾ e h i n e
rejim	ɾ e ʒ i m
rejisör	ɾ e ʒ i s œ ɾ
reklam	ɾ e c l a m
rekreasyon	ɾ e k ɾ e a s j ɔ n
rengârenk	ɾ e ɲ ɟ aː ɾ ɛ ɲ c
renk	ɾ e ɲ c
repertuvar	ɾ e p ɛ ɾ t ʊʷ a ɾ
repütasyon	ɾ e p y t a s j ɔ n
resen	ɾ eː s ɛ n
reseptör	ɾ e s e p t œ ɾ
resim	ɾ e s i m
resital	ɾ e s i t a l
resmî	ɾ e s m iː
restitüsyon	ɾ e s t i t y s j ɔ n
restorasyon	ɾ e s t ɔ ɾ a s j ɔ n
ret	ɾ ɛ t
retorik	ɾ e t ɔ ɾ i c
reva	ɾ e v äː
revani	r e v aː n i
revizyon	r e v i z j ɔ n
rezervasyon	ɾ e z ɛ ɾ v a s j ɔ n
rezervuar	ɾ e z ɛ ɾ v ʊ a ɾ
rezil	ɾ e z i l
reçete	r e t͡ʃ e t e
risk	r i s c
ritim	ɾ i t i m
ritm	ɾ i t m
riyad	ɾ i j a d
riyakâr	ɾ i j aː c a ɾ
robot	ɾ o b o t
roket	ɾ ɔ c e t
rol	ɾ o l
romalı	ɾ o m a ɫ ɯ
roman	ɾ o m á n
roman	ɾ o m ɑ n
rotasyon	ɾ o t a s j ɔ n
rumen	ɾ u m e n
rusça	ɾ u s t ʃ a
rusçalar	ɾ u s t ʃ a l a ɾ
rölanti	ɾ ø l ɑ n t i
röntgenyum	ɾ œ n t ɟ e n j u m
röportaj	ɾ ø p ɔ ɾ t a ʒ
rötar	ɾ ø t a ɾ
rövanş	ɾ ø v ɑ n ʃ
rüzgâr	ɾ y z ɟ a ɾ
rüşvet	ɾ y ʃ v e t
rıza	ɾ ɯ z aː
saadet	s a a d e t
saadet	s aː d e t
saat	s a a tʲ
sabah	s a b a h
sabahlamak	s a b a h ɫ a m a k
sabit	s aː b i t
sabun	s a b u n
sabır	s ɑ b ɯ ɾ
sac	s ʌ d͡ʒ
sadakat	s a d aː k a tʲ
sahil	s a h i l
sahip	s aː h i p
sahte	s a h t e
sahtekâr	s a h t e c a ɾ
sakin	s aː c i n
sakini	s aː c i n i
sakinler	s aː c i n l e ɾ
sakın	s a k ɯ n
salamanje	s a l a m a n ʒ e
salata	s a ɫ a t a
salgın	s ɑ ɫ ɡ ɯ n
salt	s a ɫ t
salı	s ɑ l ɯ
samur	s ɑ m u ɾ
sanal	s ɑ n a ɫ
sanat	s a n a t
sanatçı	s a n a t t ʃ ɯ
sandalye	s a n d a l j e
sandviç	s a n d v i t͡ʃ
saniye	s aː n i j e
sanskrit	s a n s k ɾ i t
santimantal	s ɑ n t i m ɑ n t a l
santimantalite	s ɑ n t i m ɑ n t a l i t e
santimantalizm	s ɑ n t i m ɑ n t a l i z m
santimetre	s ɑ n t i m e t ɾ e
santral	s ɑ n t ɾ a l
santrifüj	s ɑ n t ɾ i f y ʒ
sap	s ɑ p
sarı	s ɑ ɾ ɯ
satranç	s ɑ t ɾ ɑ n t͡ʃ
satıh	s a t ɯ h
savaş	s a v ɑ ʃ
sayfalandırma	s a j f a l a n d ɯ ɾ m a
sayılmak	s a j ɯ ɫ m a k
saç	s a t͡ʃ
sağ	s a ɰ
sağlayıcı	s aː l a j ɯ d͡ʒ ɯ
sağlayıcılar	s aː l a j ɯ d͡ʒ ɯ l a ɾ
sağlayıcıyı	s aː l a j ɯ d͡ʒ ɯ j ɯ
sağır	s ɑ ɯ ɾ
sedanter	s e d ɑ n t ɛ ɾ
sek	s e c
sekiz	s e c i z
sekizer	s e c i z æ r
sekreter	s e c ɾ e t ɛ ɾ
seks	s e c s
seksi	s e c s i
seksi	s e c s iː
seksiyon	s ɛ c s i j ɔ n
sektör	s e c t œ ɾ
seküler	s e c y l ɛ ɾ
sel	s æ l
selam	s e l a m
selamünaleyküm	s e l a m y n a l e j c y m
selanik	s e l aː n i c
selektör	s e l e c t œ ɾ
selim	s e l i m
semahat	s e m aː h a tʲ
sembol	s e m b ɔ l
semiz	s e m i z
semizotu	s e m i z o t u
sempozyum	s e m p o z j u m
sempozyumlar	s e m p o z j u m l a ɾ
sempozyumu	s e m p o z j u m u
sen	s e n
sendika	s ɛ n d i k ɐ
senfoni	s ɛ n f ɔ n i
sensör	s ɛ n s œ ɾ
sera	s e r ɑ
sercan	s e ɾ d ʒ ɑ n
serdar	s e ɾ d ɑ ɾ
serin	s e ɾ i n
sermaye	s æ r m aː j ɛ
sert	s e ɾ t
sertifika	s ɛ ɾ t i f i k a
server	s e ɾ v e ɾ
serverde	s e ɾ v e ɾ d e
serverden	s e ɾ v e ɾ d e n
servere	s e ɾ v e ɾ e
serveri	s e ɾ v e ɾ i
serverin	s e ɾ v e ɾ i n
serverler	s e ɾ v e ɾ l e ɾ
serverlerde	s e ɾ v e ɾ l e ɾ d e
serverlerden	s e ɾ v e ɾ l e ɾ d e n
serverlere	s e ɾ v e ɾ l e ɾ e
serverleri	s e ɾ v e ɾ l e ɾ i
serverlerin	s e ɾ v e ɾ l e ɾ i n
servi	s ɛ ɾ v i
ses	s e s
sesi	s e s i
sessiz	s e s s i z
sevap	s e v a p
sevda	s e v d aː
sevdalı	s e v d aː ɫ ɯ
sevgi	s e v ɟ ɪ
sevgili	s e v ɟ i l i
sevilla	s e v i l l a
seviye	s e v i j e
seyahat	s e j a h a tʲ
seçenek	s e t ʃ e n e c
seçilmek	s e t͡ʃ i ɫ m e c
seçim	s e t ʃ i m
siktir	s i c t i ɾ
silah	s i l a h
sille	s i l l ɛ
simit	s i m i t
simyacı	s i m j aː d ʒ ɯ
simültane	s i m y l t a n e
sindirmek	s i n d i ɾ m ɛ c
sinek	s i n ɛ c
sineklik	s i n ɛ c l i c
single	s i ŋ ɡ ɫ̩
sirk	s i ɾ c
sirküler	s i ɾ c y l ɛ ɾ
sismik	s i s m i k
sistem	s i s t e m
sistematik	s i s t e m a t i c
siyah	s i j ɑ h
siyaseten	s i j aː s e t ɛ n
siyasi	s i j aː s iː
siz	s ɪ z
skor	s k ɔ ɾ
slayt	s ɫ a j t
sofistik	s ɔ f i s t i c
sofistike	s ɔ f i s t i c e
sohbet	s ɔ h b e t
sohum	s o h u m
solüsyon	s ɔ l y s j ɔ n
somali	s o m á l i
somnifobi	s o m n i f o b i
somon	s o m o n
sonra	s ɔ n ɾ ɐ
sonsuz	s ɔ n s ú z
sos	s o s
soy	s o ɪ
soykırım	s o ɪ k ɯ ɾ ɯ m
soğuk	s o u k
soğukluk	s o ɰ u k ɫ u k
spektaküler	s p ɛ c t a c y l ɛ ɾ
spekülasyon	s p e c y l a s j ɔ n
spekülatif	s p e c y l a t i f
spekülatör	s p e c y l a t œ ɾ
spesifik	s p e s i f i c
spesifikasyon	s p e s i f i k a s j ɔ n
spesiyal	s p e s i j a l
spiker	s p i c ɛ ɾ
spiritüel	s p i ɾ i t y ɛ l
spontane	s p ɔ n t a n e
sprey	s p ɾ e ɪ
stabil	s t a b i l
stabilite	s t a b i l i t e
stabilizasyon	s t a b i l i z a s j ɔ n
stabilize	s t a b i l i z e
staj	s t a ʒ
stajyer	s t a ʒ j ɛ ɾ
standardizasyon	s t a n d a ɾ d i z a s j ɔ n
standart	s t a n d a ɾ t
statüko	s t a t y k o
sterilizasyon	s t e ɾ i l i z a s j ɔ n
sterilize	s t e ɾ i l i z e
steroid	s t e ɾ ɔ i d
stil	s t i l
stokiyometri	s t o c i j o m e t ɾ i
stopaj	s t ɔ p a ʒ
strateji	s t ɾ a t e ʒ i
stratejik	s t ɾ a t e ʒ i c
stres	s t ɾ ɛ s
strüktür	s t ɾ y c t y ɾ
stüdyo	s t y d j o
stüdyolar	s t y d j o l a ɾ
stüdyoyu	s t y d j o j u
sual	s u a l
sucu	s u d͡ʒ u
sulamaz	s u l a m a z
sular	s u l a ɾ
sultan	s u ɫ t aː n
sulu	s u ɫ u
sululuk	s u ɫ u ɫ u c
suna	s u n ɑ
suyu	s u j u
suçlama	s u t͡ʃ ɫ ä m ä
suş	s u ʃ
sömestır	s œ m e s t ɯ ɾ
sör	s ø ɹ
sör	s œ ɾ
söylemek	s ø j l ɛ m ɛ c
söylememek	s ø j l ɛ m ɛ m ɛ c
sözleşme	s ø z l e ʃ m e
sözleşmek	s ø z l e ʃ m e c
sözlük	s œ z l y c
sözlükçü	s œ z l y k t ʃ y
söğüt	s œ y t
sü	s y
sübvansiyon	s y b v ɑ n s i j ɔ n
süit	s y i t
süje	s y ʒ e
sükse	s y c s e
sükût	s y c uː t
sünger	s y ɲ ɟ ɛ ɾ
süper	s y p ɛ ɾ
süperiletken	s y p e ɾ i l e t c ɛ n
süpürge	s y p y ɾ ɟ e
sür	s y ɾ
sürat	s y ɾ a tʲ
sürekli	s y ɾ e c l i
sürme	s y ɾ m e
sürmek	s y ɾ m e c
sürmeler	s y ɾ m e l e ɾ
sürmenaj	s y ɾ m e n a ʒ
sürmeyi	s y ɾ m e j i
sürtük	s y ɾ t y c
sürücü	s y ɾ y d ʒ y
süspansiyon	s y s p ɑ n s i j ɔ n
sütlaç	s y t l a t͡ʃ
sütun	s y t u n
sütunlar	s y t u n l a ɾ
sütunlu	s y t u n l u
sütunsuz	s y t u n s u z
sütunu	s y t u n u
sütçü	s y t t͡ʃ y
süveter	s y v e t ɛ ɾ
sıcak	s ɯ d ʒ ɑ k
sıfır	s ɯ f ɯ ɾ
sıkı	s ɯ k ɯ
sınav	s ɯ n ɑ v
sınıf	s ɯ n ɯ f
sınır	s ɯ n ɯ ɾ
sır	s ɯ ɾ
sıra	s ɯ ɾ ɐ
sıralamak	s ɯ ɾ a l a m a c
sıralamamak	s ɯ ɾ a l a m a m a c
sıralamaz	s ɯ ɾ a l a m a z
sıralar	s ɯ ɾ a l a ɾ
sırasıyla	s ɯ ɾ a s ɯ j l a
sırayla	s ɯ ɾ a j l a
sıska	s ɯ s k a
sıvı	s ɯ v ɯ
taahhüt	t a a hː y t
tabak	t ɑ b ɑ k
taban	t a b a n
tabanlar	t a b a n l a ɾ
tabanları	t a b a n l a ɾ ɯ
tabanlı	t a b a n l ɯ
tabansız	t a b a n s ɯ z
tabansızla	t a b a n s ɯ z l a
tabansızlar	t a b a n s ɯ z l a ɾ
tabansızsa	t a b a n s ɯ z s a
tabansızı	t a b a n s ɯ z ɯ
tabanı	t a b a n ɯ
tabanını	t a b a n ɯ n ɯ
tabliye	t a b l i j e
tablo	t a b l o
tabut	t a b u t
tabülatör	t a b y l a t œ ɾ
tadil	t aː d i l
tadilat	t aː d i l aː t
tadı	t a d ɯ
tagalogca	t a ɡ a l o ɡ d͡ʒ a
tagalogcalar	t a ɡ a l o ɡ d͡ʒ a l a ɾ
tagalogcayı	t a ɡ a l o ɡ d͡ʒ a j ɯ
tahmin	t ɐ h m i n
takat	t aː k a tʲ
taklidi	t a k ɫ iː d i
taklidim	t a k ɫ iː d i m
taklidin	t a k ɫ iː d i n
taklidî	t a k ɫ iː d iː
taklit	t a k l i t
taklitle	t a k l i t l e
taklitler	t a k l i t l e ɾ
taklitçi	t a k ɫ i t t͡ʃ i
taklitçiler	t a k l i t͡ʃː i l e ɾ
taklitçinin	t a k ɫ i t t͡ʃ i n i n
taklitçiyi	t a k ɫ i t t͡ʃ i j i
takt	t a k t
taktik	t a k t i c
takvim	t a k v i m
takyon	t ɑ k j o n
talep	t a l e p
tamam	t a m a m
tamam	t a m aː m
tamlayan	t ɑ m ɫ ɑ j ɑ n
tandans	t ɑ n d ɑ n s
tane	t aː n e
tanga	t ɑ ŋ ɡ ɑ
tanrıcı	t ɑ n ɾ ɯ d ʒ ɯ
tanrıcılık	t ɑ n ɾ ɯ d ʒ ɯ ɫ ɯ k
tansiyon	t ɑ n s i j ɔ n
tanımlık	t a n ɯ m l ɯ c
tanımlıklar	t a n ɯ m l ɯ c l a ɾ
tanımlığı	t a n ɯ m l ɯ ‿ ɯ
tarak	t a ɾ a k
tarih	t aː ɾ i h
tarihî	t aː ɾ i h iː
tarikat	t a ɾ i k a t
tarla	t a ɾ ɫ a
tarçın	t a ɾ t͡ʃ ɯ n
tat	t a t
tatarca	t a t a ɾ d͡ʒ a
tatbikat	t a t b iː k a t
tatil	t aː t i l
tatlar	t a t l a ɾ
tatlı	t ɑ t ɫ ɯ
tatlım	t ɑ t ɫ ɯ m
tavan	t ɑ v ɑ n
taviz	t aː v i z
tay	t ɑ j
tayfun	t a j f u n
taş	t ɑ ʃ
taşikardi	t a ʃ i k a ɾ d i
taşıt	t a ʃ ɯ t
tebeşir	t e b e ʃ i ɾ
tecrübe	t ɛ d ʒ ɾ y b ɛ
tedarik	t e d aː ɾ i c
tedavi	t e d aː v i
tedbir	t e d b i ɾ
tedirgin	t e d i ɾ ɟ i n
tedricî	t e d ɾ iː d͡ʒ iː
tedvir	t e d v i ɾ
tedviren	t e d v iː ɾ ɛ n
teessüf	t e e s s y f
tehcir	t e h d ʒ i ɾ
tehlike	t e h l i c e
tek	t e c
tekbir	t e c b i ɾ
tekdilli	t e c d i l l i
tekdillilik	t e c d i l l i l i c
tekdillilikler	t e c d i l l i l i c l e ɾ
tekdilliliği	t e c d i l l i l i i
tekerlek	t e c ɛ ɾ l e c
tekerrür	t e c ɛ ɾ ɾ y ɾ
teklif	t e c l i f
teknoloji	t ɛ c n ɔ l ɔ ʒ i
tekst	t e c s t
tekstil	t e c s t i l
tel	t ɛ l
telaffuz	t e l a f f ú z
telekinezi	t e l e c i n e z i
telekomünikasyon	t e l e k ɔ m y n i k a s j ɔ n
telemetri	t e l e m e t ɾ i
telesekreter	t e l e s e c ɾ e t ɛ ɾ
teleskop	t ɛ l ɛ s k ɔ p
telgraf	t ɛ l ɡ ɾ a f
temiz	t e m i z
temizlemek	t ɛ m i z l ɛ m e c
temmuz	t ɛ mː ʊ z
temyiz	t e m j i z
tendon	t ɛ n d ɔ n
tenha	t ɛ n h a
tenis	t e n i s
tenisçi	t ɛ n i s t ʃ i
teodise	t e o d i s e
teodiseler	t e o d i s e l e ɾ
teodiseyi	t e o d i s e j i
teoloji	t e o ɫ o ʒ i
teolojiler	t e o ɫ o ʒ i l e ɾ
teolojiyi	t e o ɫ o ʒ i j i
teorisyen	t e ɔ ɾ i s j ɛ n
tepe	t e p ɛ
terapist	t ɛ ɾ ɑ p i s t
teras	t e ɾ a s
tercih	t ɛ ɾ d ʒ i h
tereddüt	t e ɾ e d d y t
terli	t e ɾ l i
terlik	t e ɾ l i c
terminatör	t ɛ ɾ m i n a t œ ɾ
termometre	t ə ɾ m o m ɛ t ɾ ɛ
terzi	t ɛ ɾ z i
terör	t e ɾ ø ɾ
terörizm	t e ɾ œ ɾ i z m
terörler	t e ɾ ø ɾ l e ɾ
terörü	t e ɾ ø ɾ y
tesadüf	t e s aː d y f
tesis	t eː s i s
teslim	t e s l i m
teslimiyet	t e s l i m i j e t
test	t e s t
teste	t e s t e
testi	t e s t i
testle	t e s t l e
testler	t e s t l e ɾ
testli	t ɛ s t l i
testse	t e s t s e
testsiz	t ɛ s t s i z
tetrafobi	t e t ɾ a f o b i
teyze	t e j z e
teyzeler	t e j z e l e ɾ
teyzeyi	t e j z e j i
tez	t e z
tezgâh	t e z ɟ a h
teçhizat	t e t ʃ h i z a t
teşekkür	t e ʃ e c c y ɾ
teşekkürler	t e ʃ e cː y ɾ l e ɾ
teşkilat	t ɛ ʃ k iː ɫ a t
teşkilatlar	t ɛ ʃ k iː ɫ aː t l a ɾ
teşkilatı	t ɛ ʃ k iː ɫ aː t ɯ
teşvik	t e ʃ v i c
tipik	t i p i c
tir	t ɯ ɾ
tire	t i ɾ e
titr	t i t ɾ̩
tiyatro	t i j a t ɾ o
tişört	t i ʃ œ ɹ t
tişört	t i ʃ œ ɾ t
tokmak	t ɔ k m ɑ k
tokmaklar	t ɔ k m ɑ k l ɑ ɾ
tokofobi	t o k o f o b i
tolerans	t ɔ l e ɾ ɑ n s
ton	t ɔ n
tonik	t o n i c
topoloji	t o p o l o ʒ i
topolojik	t o p o l o ʒ i c
topolojiler	t o p o l o ʒ i l e ɾ
topolojiyi	t o p o l o ʒ i j i
toprak	t o p ɾ a k
toprak	t ɔ p ɾ a k
topraklar	t o p ɾ a c l a ɾ
toprağı	t o p ɾ a ‿ ɯ
torbalı	t o r b a l ɯ
torpido	t ɔ ɾ p i d o
totaliter	t ɔ t a l i t ɛ ɾ
toy	t o j
toy	t o ɪ
toz	t o z
tradisyon	t ɾ a d i s j ɔ n
tradisyonel	t ɾ a d i s j ɔ n ɛ l
traksiyon	t ɾ a k s i j ɔ n
traktör	t ɯ ɾ a k t œ ɾ
transfer	t ɾ ɑ n s f ɛ ɾ
transformatör	t ɾ ɑ n s f ɔ ɾ m a t œ ɾ
transistör	t ɾ a n s i s t œ ɾ
transit	t ɾ a n s i t
transkripsiyon	t ɾ ɑ n s k ɾ i p s i j ɔ n
transparan	t ɾ ɑ n s p a ɾ ɑ n
transport	t ɾ ɑ n s p ɔ ɾ t
traverten	t ɾ a v ɛ ɾ t ɛ n
tren	t ɾ ɛ n
trend	t ɾ ɛ n d
trigonometri	t ɾ i ɟ o n o m e t ɾ i
trigonometriler	t ɾ i ɟ o n o m e t ɾ i l e ɾ
trigonometriyi	t ɾ i ɟ o n o m e t ɾ i j i
tröst	t ɾ œ s t
tuna	t u n a
tundra	t u n d ɾ a
turistik	t u ɾ i s t i c
turizm	t u ɾ i z m
turkuaz	t u ɾ k u a z
turnike	t u ɾ n i c e
turnuva	t u ɾ n u β a
turuncu	t u ɾ u n d͡ʒ u
turşu	t u ɾ ʃ u
turşucuk	t u ɾ ʃ u d͡ʒ u k
tuz	t u z
tuza	t u z a
tuzlamaz	t u z l a m a z
tuzlar	t u z l a ɾ
tuzlu	t u z l u
tuzsuz	t u z s u z
tuzu	t u z u
tuzum	t u z u m
tuzun	t u z u n
tuğla	t uː ɫ ɐ
tuş	t u ʃ
töhmet	t œ h m ɛ t
töre	t ø ɾ e
tören	t ø ɾ ɛ n
tövbe	t ø β b e
tüberküloz	t y b ɛ ɾ c y l ɔ z
tüfek	t y f ɛ c
tükrük	t y c ɾ y c
tükürmek	t y c y ɾ m e c
tükürük	t y c y ɾ y c
tüm	t y m
tümör	t y m œ ɾ
tünaydın	t y n a j d ɯ n
tünel	t y n ɛ l
tür	t y ɾ
türev	t y ɾ e v
türk	t y ɾ c
türkiye	t ý ɾ c i j e
türklük	t y ɾ c l y c
türkçe	t y ɾ c t ʃ e
türkçeleştirmek	t y ɾ k t͡ʃ ɛ l e ʃ t i ɾ m e c
türler	t y ɾ l e ɾ
türlü	t y ɾ l y
türü	t y ɾ y
tüt	t y t
tüter	t y t e ɾ
tütün	t y t y n
tüyo	t y j ɔ
tüze	t y z e
tüzel	t y z ɛ l
tüzük	t y z y c
tırabzan	t ɯ ɾ ɑ b z ɑ n
ucube	u d ʒ uː b ɛ
uhrevi	u h ɾ e v iː
ulus	u ɫ u s
ulusal	u ɫ u s ɑ ɫ
uluslararası	u ɫ u s ɫ a ɾ a ɾ a s ɯ
uluslarüstü	u ɫ u s ɫ a ɾ y s t y
umumiyet	u m uː m i j e t
umumiyeti	u m uː m i j e t i
umumiyetler	u m uː m i j e t l e ɾ
unlu	u n ɫ u
ustura	u s tʰ u ɾ a
ut	u t
utku	u t k u
uyandırmak	u j a n d ɯ ɾ m a k
uyarım	ɟ i d̪ e ɾ i m
uygulama	u j ɡ u l a m a
uygulamalar	u j ɡ u l a m a l a ɾ
uygulamayı	u j ɡ u l a m a j ɯ
uygun	u j ɡ u n
uzak	u z a k
uçurtma	u t ʃ u ɾ t m a
uğur	u ɣ u r
vaat	v a a tʲ
vaat	v aː tʲ
vaftiz	v a f t i z
vagon	v a ɡ ɔ n
vaha	v ɑ h ɑ
vakıf	v ɑ k ɯ f
valf	v a l f
valide	v aː l i d e
valla	v a lː aː
vallahi	v a lː aː h i
valör	v a l œ ɾ
van	v a n
vantilatör	v ɑ n t i l a t œ ɾ
vapur	v a p u ɾ
var	v ɑ ɾ
varlık	v ɑ ɾ ɫ ɯ k
varoş	v a r o ʃ
varsayılan	v ɑ ɾ s ɑ j ɯ ɫ ɑ n
varyant	v a ɾ j ɑ n t
varyasyon	v a ɾ j a s j ɔ n
varyete	v a ɾ j e t e
vasi	v aː s iː
vasiler	v aː s iː l e ɾ
vasistas	v a s i s t a s
vasiyi	v aː s iː j i
vatansever	v a t a n s e v e ɾ
vaziyet	v a z i j e t
vaşak	v ɑ ʃ ɑ k
ve	v e
veda	β ɛ d aː
vejetaryen	v e ʒ e t a ɾ j ɛ n
vektör	v e c t œ ɾ
vergi	v æ ɾ ɟ i
veriler	v e ɾ i l e ɾ
verilmek	v e ɾ i l m ɛ c
verim	v e ɾ i m
verimli	v e ɾ i m l i
verimlilik	v e ɾ i m l i l i c
verimsiz	v e ɾ i m s i z
verimsizlik	v e ɾ i m s i z l i c
verirler	v e ɾ i ɾ l e ɾ
veriyi	v e ɾ i j i
vermezler	v e m e z l e ɾ
vernaküler	v ɛ ɾ n a c y l ɛ ɾ
vernisaj	v ɛ ɾ n i s a ʒ
versiyon	v ɛ ɾ s i j ɔ n
veysel	β e j s e l
vibrasyon	v i b ɾ a s j ɔ n
vida	v i d a
video	v i d e o
video	v i d j o
vikipedi	v ɪ c ɪ p e d i
vikisözlük	v ɪ c ɪ s ø z l y c
vinyet	v i n j e t
viraj	v i ɾ a ʒ
viral	v i ɾ a l
viran	v iː ɾ ɑ n
virgül	v i ɾ ɟ y l
virman	v i ɾ m ɑ n
virtüöz	v i ɾ t y ø z
virüs	v i ɾ y s
vites	v i t e s
viyadük	v i j a d y c
vişne	v i ʃ n e
vokabüler	v ɔ k a b y l ɛ ɾ
voleybolcu	v o l ɛ j b o ɫ d ʒ u
volüm	v ɔ l y m
vurmak	β u ɾ m ɑ k
vücut	β y d ʒ u t
web	v e b
wiki	v i c i
yad	j a d
yakamoz	j a k a m o z
yalancı	j a l a n d͡ʒ ɯ
yalanlamak	j a ɫ a n ɫ a m a k
yamaç	j a m a t ʃ
yamuk	j a m u k
yanak	j ɑ n ɑ k
yanmak	j a n m a k
yansıma	j ɑ n s ɯ m ɐ
yanılmak	y ɑ n ɯ ɫ m ɑ k
yanısıra	j a n ɯ s ɯ ɾ a
yanıt	j a n ɯ t
yapar	j a p a ɾ
yapmaz	j a p m a z
yapışkan	j ɑ p ɯ ʃ k ɑ n
yar	j a ɾ
yar	j aː ɾ
yarın	j a ɾ ɯ n
yastık	j a s t ɯ k
yatırım	j a t ɯ ɾ ɯ m
yatırımcı	j ä t̪ ɯ ɾ ɯ m d͡ʒ ɯ
yavaş	j a v a ʃ
yavuz	j a v u z
yaz	j a z
yazı	j a z ɯ
yazılmak	j a z ɯ l m a k
yazılmamak	j a z ɯ l m a m a c
yazılım	j a z ɯ l ɯ m
yazılımlar	j a z ɯ l ɯ m l a ɾ
yazılımları	j a z ɯ l ɯ m l a ɾ ɯ
yazılımı	j a z ɯ l ɯ m ɯ
yağ	j aː
yağlı	j a ɣ ɫ ɯ
yağlı	j aː ɫ ɯ
yağmur	j a ɣ m u r
yağsız	j a ɣ s ɯ z
yaşam	j a ʃ a m
yaşında	j a ʃ ɯ n d a
ye	j e
yedi	j e d i
yedinci	j e d i n d ʒ i
yedişer	j e d i ʃ æ r
yegâne	j e ɟ ɑː n e
yel	j ɛ l
yelken	j ɛ l c ɛ n
yemenli	j ɛ m e n l i
yemin	j e m i n
yeni	j e n i
yenilgi	j e n i l ɟ i
yeniçeri	j e n i t ʃ e ɾ i
yer	j e ɾ
yerim	j e ɾ i m
yerinde	j e ɾ i n d e
yerler	y e ɾ l e ɾ
yerli	j e ɾ l i
yetenek	j e t e n e c
yetki	j e t c i
yetkili	j e t c i l i
yetkililer	j e t k i l i l e ɾ
yetkiliyi	j e t k i l i j i
yetkisiz	j e t k i s i z
yeyin	j e j i n
yeşil	j e ʃ i l
yine	j i n e
yitik	j i t i c
yitirmek	j i t i ɾ m e c
yiğit	j i ɣ i t
yiğit	j i ɰ i t
yobaz	j ɔ b a z
yok	j o k
yoksa	j o k s a
yolculuk	j ɔ ɫ d ʒ u ɫ u k
yoldaş	j o ɫ d ɑ ʃ
yoldurmak	j o ɫ d u ɾ m a k
yolmak	j o ɫ m a k
yorgan	j ɔ ɾ ɡ a n
yorgun	j ɔ ɾ ɡ u n
yosun	j o s u n
yoğurtlar	j o w u r t ɫ a r
yudum	j u d u m
yumruk	j u m ɾ u k
yumurta	j u m u ɾ t a
yumurtalar	j u m u ɾ t a l a ɾ
yumurtayı	j u m u ɾ t a j ɯ
yumuşak	j u m u ʃ a k
yumuşaklar	j u m u ʃ a k l a ɾ
yumuşakça	j u m u ʃ a k t͡ʃ a
yumuşakçalar	j u m u ʃ a k t͡ʃ a l a ɾ
yumuşakçayı	j u m u ʃ a k t͡ʃ a j ɯ
yumuşağı	j u m u ʃ a ‿ ɯ
yunus	j u n u s
yurtsever	j u ɾ t s e v e ɾ
yuva	j u v ɑ
yâd	j aː d
yön	j ø n
yönelimli	j ø n e l i m l i
yönelimsiz	j ø n e l i m s i z
yörekent	j ø ɾ e c ɛ n t
yük	j y c
yüz	j y z
yüzde	j y z d e
yüzey	j y z e ɪ
yüzyıl	j y z j ɯ ɫ
yüzükoyun	j y z y k o j u n
yüzüstü	j y z y s t y
yıl	j ɯ ɫ
yılan	j ɯ ɫ ɑ n
yılanlar	j ɯ ɫ ɑ n ɫ ɑ ɾ
yılanı	j ɯ ɫ ɑ n ɯ
yıldırım	j ɯ ɫ d ɯ r ɯ m
zarflar	z a ɾ f l a ɾ
zarfı	z a ɾ f ɯ
zaten	z aː t ɛ n
zefir	z e f i ɾ
zehir	z e h i ɾ
zeki	z e c i
zekâ	z e c aː
zemin	z e m i n
zenofobi	z e n o f o b i
zerdüşt	z e ɾ d y ʃ t
zevk	z e v c
zihnî	z i h n iː
ziraat	z i ɾ ä ä t
zona	z o n a
zorlu	z o ɾ ɫ u
zürafa	z y r aː f aː
âciz	aː d ʒ i z
âdet	aː d e t
âlâ	aː l aː
ç	t͡ʃ
ç	t͡ʃ eː
çadır	t͡ʃ a d ɯ ɾ
çakıl	t ʃ ɑ k ɯ ɫ
çakırkeyif	t͡ʃ a k ɯ r c e j i f
çalışkan	t͡ʃ ɑ ɫ ɯ ʃ k ɑ n
çam	t͡ʃ ɑ m
çan	t ʃ a n
çanta	t ʃ a n t a
çapraz	t ʃ a p ɾ a z
çar	t ʃ a ɾ
çarmıh	t ʃ a ɾ m ɯ h
çarşamba	t ʃ a ɾ ʃ a m b ɐ
çatal	t͡ʃ a t a l
çağ	t͡ʃ a ɰ
çağatay	t ʃ aː t a j
çağdaş	t͡ʃ a ɰ d a ʃ
çağırmak	t͡ʃ ɑː ɯ ɾ m ɑ k
çehre	t͡ʃ e h ɾ e
çekici	t͡ʃ e c i d͡ʒ i
çektirmek	t͡ʃ e c t i ɾ m e c
çekçe	t ʃ ɛ k t ʃ ɛ
çelik	t ʃ e l i c
çemberi	t͡ʃ e m b e ɾ i
çemberler	t͡ʃ e m b e ɾ l e ɾ
çene	t͡ʃ e n ɛ́
çene	t͡ʃ e ŋ ɛ́
çeri	t͡ʃ e ɾ i
çetin	t ʃ e t i n
çevirme	t͡ʃ ɛ v i ɾ m ɛ
çeşitli	t ʃ e s i t l i
çifte	t͡ʃ i f t e
çiftçi	t͡ʃ i f t t͡ʃ i
çilek	t ʃ i l e c
çimdik	t͡ʃ i m d i c
çimdikleme	t͡ʃ i m d i c l e m e
çimdiklemek	t͡ʃ i m d i c l e m e c
çimdiklememe	t͡ʃ i m d i c l e m e m e
çimdiklememek	t͡ʃ i m d i c l e m e m e c
çimento	t ʃ i m ɛ n t o
çince	t͡ʃ i n d͡ʒ e
çingene	t ʃ i ŋ ɟ e n e
çivi	t ʃ ɪ v ɪ
çiçekçi	t͡ʃ i t͡ʃ e c t͡ʃ i
çiğdem	t ʃ iː d e m
çiş	t͡ʃ i ʃ
çocuklar	t ʃ o d ʒ u k l a ɾ
çokdilli	t͡ʃ o k d i l l i
çokdillilik	t͡ʃ o k d i l l i l i c
çokdillilikler	t͡ʃ o k d i l l i l i c l e ɾ
çokdilliliği	t͡ʃ o k d i l l i l i j i
çorba	t͡ʃ o ɾ b ɑ
çoğunluk	t ʃ o ɰ u n ɫ u k
çufçuf	t͡ʃ u f t͡ʃ u f
çuğ	t͡ʃ uː
çöl	t͡ʃ ø l
çörek	t͡ʃ ø ɾ e c
çözelti	t ʃ ø z ɛ l t i
çünkü	t ʃ y ŋ c y
çürük	t ʃ y ɾ y c
çıkarmak	t͡ʃ ɯ k ɑ ɾ m ɑ k
çıkarmamak	d͡ʒ ɯ k a ɾ m a m a k
çıkarmaz	d͡ʒ ɯ k a ɾ m a z
çıkarır	d͡ʒ ɯ k a ɾ ɯ ɾ
çıkmak	t͡ʃ ɯ k m ɑ k
çığ	t͡ʃ ɯː
çığlık	t͡ʃ ɯ ‿ l ɯ c
çığlıklar	t͡ʃ ɯ ‿ l ɯ c l a ɾ
çığlığı	t͡ʃ ɯ l ɯ ‿ ɯ
ö	øː
ö	œː
öbür	ø b y ɾ
ödem	ø d e m
ödyometre	ø d j o m e t ɾ e
ödül	ø d y l
ödün	ø d y n
öfemist	ø f e m i s t
öfemizm	ø̞ f e m i z m
öfke	ø f c e
öfkeli	ø f c e l i
öfori	ø f ɔ ɾ i
öforik	ø f ɔ ɾ i c
öge	ø ɟ e
ökaliptüs	ø̞ k a l i p t y s
ökse	ø c s e
öksüz	ø c s y z
öl	ø l
ölü	ø l y
ölüm	œ l ʏ m
ölümcül	ø l y m d͡ʒ y l
ömür	œ m y ɾ
önder	ø n d ɛ ɾ
önermek	ø n ɛ ɾ m ɛ c
öngörmek	ø n ɟ œ ɾ m e c
öpmek	ø p m e c
öptürmek	œ p t y ɾ m e c
öpücük	ø p y d͡ʒ y k
öpüşmek	œ p y ʃ m e c
öritmi	ø̞ ɾ i t m i
ötanazi	ø t a n a z i
öte	ø t e
öykü	ø j c y
öyle	ø j l e
özdek	ø z d e c
özdekçi	ø z d e c t ʃ i
özdekçilik	ø z d e c t ʃ i l i c
özel	ø z ɛ l
özellik	ø z e lː i c
özellikle	ø z e lː i c l e
özerk	œ z ɛ ɾ c
özgün	ø z ɟ y n
özgün	ø z ɡ y n
özgür	ø z ɟ y ɾ
özgüven	ø z ɟ ʏ v e n
özil	ø z i l
özlem	ø z l e m
özlemek	ø z l e m e c
özne	ø z n e
özsüz	ø z s y z
öç	ø t ʃ
öğe	øː e
öğle	øː l e
öğrenci	øː ɾ ɛ n d ʒ i
öğrenmek	øː ɾ ɛ n m e c
öğreti	øː r e t i
öğretmek	øː ɾ ɛ t m e c
öğretmen	øː ɾ e t m ɛ n
öğüt	øː y t
öğütmek	œ ɰ y t m e c
ü	ʏː
ücret	y d ʒ ɾ e t
ührevi	y h ɾ e v iː
ülke	ʏ l c e
ültimatom	y l t i m a t ɔ m
ümit	y m i t
ümmet	y m m e t
ün	y n
üniform	y n i f ɔ ɾ m
üniforma	y n i f ɔ ɾ m a
ünik	y n i c
üniversel	y n i v ɛ ɾ s ɛ l
üniversite	y n i v ɛ ɾ s i t e
üniversite	y n i v ɛ ɾ s t e
üretim	y ɾ e t i m
üretra	y ɾ e t ɾ a
ürkütücü	y ɾ k y t y t ʃ y
üssel	y s s e ɫ
üst	ʏ s t
üstel	y s t e ɫ
üstün	y s t y n
üstünkörü	y s t y n k œ r y
üstünlük	y s t y n l y c
üstünlükçü	y s t y n l y c t ʃ y
ütilizasyon	y t i l i z a s j ɔ n
ütilize	y t i l i z e
ütopik	y t ɔ p i c
ütopist	y t ɔ p i s t
ütopya	y t ɔ p j a
üye	y j e
üzere	y z e ɾ e
üzgün	y z ɡ y n
üzüm	y z y m
üzüntü	y z y n t y
üzüntüler	y z y n t y l e ɾ
üzüntüyü	y z y n t y j y
üçer	y t͡ʃ æ r
üçüncü	y t͡ʃ y n d͡ʒ y
üşenmek	y ʃ e n m e c
ğ	j u m u ʃ a k ɟ eː
ı	ɯː
ılık	ɯ ɫ ɯ k
ırk	ɯ ɾ k
ıstakoz	ɯ s t a k o z
ısı	ɯ s ɯ
ş	ʃ
ş	ʃ eː
şablon	ʃ a b ɫ o n
şahin	ʃ ɑː h ɪ n
şahsi	ʃ a h s iː
şahsiyet	ʃ a h s i j e t
şahsı	ʃ a h s ɯ
şahıs	ʃ a h ɯ s
şahıs	ʃ a ɯ s
şahıslar	ʃ a h ɯ s l a ɾ
şaka	ʃ a k a
şalter	ʃ a l t ɛ ɾ
şampiyon	ʃ a m p i j o n
şans	ʃ ɑ n s
şanslar	ʃ a n s ɫ a ɾ
şansölye	ʃ a n s ø l j e
şansı	ʃ a n s ɯ
şantiye	ʃ ɑ n t i j e
şantör	ʃ ɑ n t œ ɾ
şantöz	ʃ ɑ n t ø z
şanzıman	ʃ ɑ n z ɯ m ɑ n
şapka	ʃ a p k a
şarj	ʃ a ɾ ʒ
şarjör	ʃ a ɾ ʒ œ ɾ
şarküteri	ʃ a ɾ c y t e ɾ i
şarkı	ʃ a r k ɯ
şarkıcı	ʃ a ɾ k ɯ d ʒ ɯ
şarlatan	ʃ a ɾ ɫ a t a n
şayet	ɕ aː j e t
şebnem	ʃ ɛ b n ɛ m
şeftali	ʃ ɛ f t ɑː l i
şehir	ʃ e h i ɾ
şehit	ʃ e h i t
şekerlemez	ʃ e c e ɾ l e m e z
şekerler	ʃ e c e ɾ l e ɾ
şekil	ʃ e c i l
şema	ʃ e m a
şematik	ʃ e m a t i c
şerbet	ʃ æ ɾ b e t
şerbetsiz	ʃ æ ɾ b e t s i z
şerefe	ʃ e ɾ e f e
şerif	ʃ e ɾ i f
şerit	ʃ e ɾ i t
şifa	ʃ i f e
şifalı	ʃ i f e
şifre	ʃ i f ɾ e
şiirsel	ʃ iː ɾ s ɛ l
şikâyet	ʃ i c aː j ɛ t
şimdi	ʃ i m d i
şimşek	ʃ i m ʃ e c
şiş	ʃ i ʃ
şişe	ʃ i ʃ e
şoför	ʃ o f œ ɾ
şoke	ʃ ɔ c e
şoven	ʃ o v ɛ n
şu	ʃ u
şut	ʃ uː t
şöhret	ʃ ø̞ h r ɛ t
şömine	ʃ ø m i n e
şövalye	ʃ ø v a l j e
şöyle	ʃ ø j l e
şükür	ʃ y c y r
şüphe	ʃ y p h ɛ
şık	ʃ ɯ k
şımarık	ʃ ɯ m a ɾ ɯ k
