abiye	a b i j e
abla	a b ɫ a
acaba	ɑ d͡ʒ ɑ b ɑː
acemi	a d͡ʒ e m iː
acı	ɑ d͡ʒ ɯ
acıkmak	ɑ d͡ʒ ɯ k m ɑ k
ada	a d a
adenozin	a d e n o z i n
aferin	aː f e ɾ̞ i n
afiyet	aː f i j e t
afyonkarahisar	ɑ f j o n k ɑ r ɑ h ɪ s ɑ r
ahize	aː h i z e
ahizeler	aː h i z e l e ɾ
ahizem	aː h i z e m
ahizen	aː h i z e n
ahizenin	aː h i z e n i n
ahizesi	aː h i z e s i
ahizeyi	aː h i z e j i
ahmak	ɑ h m ɑ k
ahtapot	ɑ h t ɑ p ó t
akbaba	ɑ k b ɑ b ɑ
akbil	ɑ k b i l
akompanyatör	a k ɔ m p a ɲ a t œ ɾ
akrep	ɑ k ɾ ɛ p
akşam	ɑ k ʃ ɑ m
alamet	ɑ l aː m ɛ t
alem	a l ɛ m
alemi	a l ɛ m i
alemler	a l ɛ m l ɛ ɾ
algoloji	a l ɡ ɔ l ɔ ʒ i
allık	ɑ ɫ ɫ ɯ k
alman	ɑ ɫ m ɑ n
almanca	ɑ ɫ m ɑ n d͡ʒ ɑ
almancı	ɑ ɫ m ɑ n d ʒ ɯ
almanya	ɑ ɫ m ɑ n j ɑ
altmış	ɑ t m ɯ ʃ
altmış	ɑ ɫ t m ɯ ʃ
altıgen	a ɫ t ɯ ɟ e n
alıç	ɑ ɫ ɯ t͡ʃ
ama	ə m ə
amaç	ɑ m ɑ t͡ʃ
amaçsızca	ɑ m ɑ t͡ʃ s ɯ ʐ d ʒ ɑ
anafaz	ɑ n ɑ f ɑ ʐ
anahtar	a n a h t a ɾ̥
anahtarlık	a n a h t a ɾ ɫ ɯ k
anarat	ɑ n ɑ ɾ ɑ t
anarşi	a n a ɾ ʃ i
ancak	ɑ n d͡ʒ ɑ k
andaval	ɑ n d ɑ β ɑ ɫ
andavallı	ɑ n d ɑ β ɑ ɫ ɫ ɯ
animasyon	a n i m a s j o n
anjiyo	á n ʒ i j o
anka	a ŋ k aː
ankara	ɑ n k ɑ ɾ ɑ
ankara	ɑ ŋ ɡ ɑ ɾ ə
ankaralı	ɑ n k ɑ ɾ ɑ ɫ ɯ
anlamak	a n ɫ a m a k
anlatmak	ɑ n ɫ ɑ t m ɑ k
anne	ɑ n n e
annelik	ɑ n n ɛ l i c
antakya	ɑ n t ɑ k j ɑ
antibiyotik	ɑ n t i b i j ɔ t i c
apeninler	a p e n i n l e ɾ
aptallık	a p t a ɫː ɯ k
argo	a ɾ ɟ o
argon	a ɾ ɟ ó n
arjantin	a ɾ ʒ ɑ n t i n
arjantinli	ɑ ɾ ʒ ɑ n t i n l i
arkadaş	ä ɾ k ä d ä ʃ
arkadaşa	a ɾ k a d a ʃ a
arkadaşlar	a ɾ k a d a ʃ l a ɾ
arkadaşlara	a ɾ k a d a ʃ l a ɾ a
arkadaşlarda	a ɾ k a d a ʃ l a ɾ d a
arkadaşlardan	a ɾ k a d a ʃ l a ɾ d a n
arkadaşların	a ɾ k a d a ʃ l a ɾ ɯ n
arkadaşta	a ɾ k a d a ʃ t a
arkadaştan	a ɾ k a d a ʃ t a n
arkadaşı	a ɾ k a d a ʃ ɯ
arkadaşın	a ɾ k a d a ʃ ɯ n
artı	a ɾ t ɯ
artık	ɐ ɾ t ɯ k
artık	ɑ ɾ t ɯ k
arz	a ɾ z
arzuhâlci	ɑ ɾ ʐ ʊ h a l d ʒ i
aseksüel	ɑ s ɛ c s y e l
aseton	ɑ s ɛ t ɔ n
asimptot	ɑ s i m p t ɔ t
asyalı	ɑ s j ɑ ɫ ɯ
atatürk	ä t̪ ä t̪ y ɾ c
ateş	ɑ̟ t̪ ɛ ʃ
atina	a t i n a
atlı	ɑ t ɫ ɯ
atom	ɑ t ɔ m
avanak	ɑ β ɑ n ɑ k
avize	ɑ v i z e
avizeler	aː v i z e l e ɾ
avizem	aː v i z e m
avizen	aː v i z e n
avizenin	aː v i z e n i n
avizesi	aː v i z e s i
avizeyi	aː v i z e j i
avokado	ɑ β o k ɑː d o
avrasya	ɑ β ɾ ɑ s j ɑ
ayak	ɑ j ɑ k
ayakkabıcı	ɑ j ɑ k k ɑ b ɯ d ʒ ɯ
ayaz	a j a z
ayazlı	a j a z ɫ ɯ
ayazsız	a j a z s ɯ z
aydınlık	a j d ɯ n ɫ ɯ k
aygır	ʌ j ɟ ɯ́ ɾ̝̊
ayin	ɑː j i n
aynı	ɑ j n ɯ
ayva	a j v a
ayvaz	ɑ j v ɑ ʐ
ayça	ɑ j t͡ʃ ɑ
ayçiçeği	ɑ j t͡ʃ i t͡ʃ ɛː i
ayı	ɑ j ɯ
az	ɑ z
azap	ɑ z ɑ p
azap	ɑ z ɑː b
azerbaycan	äː z̪ ɛ ɾ b ä j d͡ʒ ä n̪
azot	a z ó t
azrail	ɑ z ɾ ɑː i l
azınlık	a z ɯ n ɫ ɯ k
aç	ɑ t ʃ
açlık	a t ʃ ɫ ɯ k
ağa	ɑ ɑ
ağaç	ɑ ɑ t͡ʃ
ağaç	ɑː t͡ʃ
ağdacı	ɑː d ɑ d ʒ ɯ
ağlama	ɑ ɣ ɫ ɑ m ɑ
ağlaşmak	aː ɫ a ʃ m a k
ağrı	ɑː r ɯ
ağustos	ɑ ɣ u s t o s
ağır	ɑ ɰ ɯ́ ɾ̝̊
ağıt	ɑ ɰ ɯ t
ağız	a ɯ z
aşiret	a ʃ iː ɾ e t
aşçı	a ʃ t͡ʃ ɯ
aşık	ɑ ʃ ɯ k
babaları	b a b a l a ɾ ɯ
babalı	b a b a ɫ ɯ
babalık	b a b a ɫ ɯ k
babasız	b a b a s ɯ z
bacanak	b a d ʒ a n á k
bahadır	b ɑ h ɑ d ɯ r
baharat	b a h a r a t
bahçe	b ɑ h t ʃ ɛ
bahçıvan	b ɑ h t͡ʃ ɯ v ɑ n
bakıcı	b ɑ k ɯ d ʒ ɯ
bakır	b a k ɯ ɾ
balalayka	b ɑ ɫ ɑ ɫ ɑ j k ɑ
baldız	b ɑ ɫ d ɯ z
balkan	b ɑ ɫ k ɑ n
balkanlar	b ɑ ɫ k ɑ n ɫ ɑ ɾ
baltacı	b ɑ ɫ t ɑ d͡ʒ ɯ
baltacılık	b ɑ ɫ t ɑ d͡ʒ ɯ ɫ ɯ k
baltalar	b ɑ ɫ t ɑ ɫ ɑ ɾ
baltam	b ɑ ɫ t ɑ m
baltan	b ɑ ɫ t ɑ n
baltanı	b ɑ ɫ t ɑ n ɯ
baltayı	b ɑ ɫ t ɑ j ɯ
balık	b ɑ ɫ ɯ k
balıkçı	b ɑ ɫ ɯ k t ʃ ɯ
balığı	b ɑ ɫ ɯ ɰ ɯ
bamya	b ɑ m j ɑ
bandaj	b ɑ n d ɑ ʒ
banklar	b ɑ n k ɫ a ɾ
bankları	b ɑ n k ɫ a ɾ ɯ
bankı	b ɑ n k ɯ
bankım	b ɑ n k ɯ m
bankın	b ɑ n k ɯ n
barbar	b ɑ ɾ b ɑ ɾ
bardak	b ɑ ɾ d ɑ k
barış	b ɑ ɾ ɯ ʃ
basiretli	b a s iː ɾ e t ɫ i
basiretsiz	b a s iː ɾ e t s i z
basit	b ɑ s i t
baston	b ɑ s t o n
batum	b ɑ t u m
batı	b ɑ t ɯ
bayat	b ɑ j ɑ t
baygın	b ɑ j ɡ ɯ n
baygınlık	b ɑ j ɡ ɯ n ɫ ɯ k
bayram	b ɑ j ɾ ɑ m
baytar	b ɑ j t ɑ ɾ
bayılma	b ɑ j ɯ ɫ m ɑ
bazı	b a z ɯ
bazı	b aː z ɯ
bağ	b ɑː
bağcık	b ɑ ɰ d͡ʒ ɯ c
bağcıklar	b ɑ ɰ d͡ʒ ɯ c ɫ a ɾ
bağcığı	b ɑ ɰ d͡ʒ ɯ ɰ ɯ
bağcığım	b ɑ ɰ d͡ʒ ɯ ɰ ɯ m
bağcığın	b ɑ ɰ d͡ʒ ɯ ɰ ɯ n
bağlamak	b ɑː ɫ ɑ m a k
bağlamamak	b ɑ ɰ ɫ a m a m a c
bağlamaz	b ɑ ɰ ɫ a m a z
bağlar	b ɑ ɰ ɫ a ɾ
bağlar	b ɑː ɫ a ɾ
bağları	b ɑ ɰ ɫ a ɾ ɯ
bağı	b ɑ ɯ
bağım	b ɑ ɯ m
bağımsızlık	b a ɯ m s ɯ z ɫ ɯ k
bağın	b ɑ ɰ ɯ n
baş	b ɑ ʃ
başak	b ɑ ʃ ɑ k
başarı	b a ʃ a ɾ ɯ
başkan	b a ʃ k a n
başlama	b a ʃ l a m a
başlamak	b ɑ ʃ ɫ ɑ m ɑ k
başlamamak	b a ʃ ɫ a m a m a c
başlangıç	b a ʃ ɫ a n ɡ ɯ t͡ʃ
başlar	b ɑ ʃ l a ɾ
başparmak	b ɑ ʃ p ɑ ɾ m ɑ k
başı	b ɑ d ʃ ɯ
başıboş	b a ʃ ɯ b o ʃ
bebek	b ɛ b ɛ c
beden	b e d æ n
bedevi	b ɛ d ɛ v iː
beklemek	b e c l e m e c
bekletmek	b e̞ c l e̞ t m e̞ c
belarusça	b ɛ l a ɾ ʊ s t͡ʃ ɑ
belçikalı	b e l t͡ʃ i c ɑ ɫ ɯ
bencillik	b e n d ʒ i l l i c
beraber	b ɛ ɾ ɑː b æ ɾ̝̊
bereket	b e ɾ e c e t
berilyum	b ɛ ɾ i l j u m
berlinli	b e ɾ l i n l i
bermuda	b e ɾ m ʊ d ɑ
beyinler	b ɛ j i n l e ɾ
beyit	b ɛ j i t
beyni	b ɛ j n i
beşgen	b e ʃ ɟ e n
bikini	b i c i n i
bilim	b i l i m
bilinç	b i l i n t ʃ
bilmek	b i l m ɛ́ c
bilye	b i l j ɛ
bira	b i ɾ a
birce	b i ɾ d ʒ ɛ
birey	b i ɾ e j
birincil	b i ɾ i n d͡ʒ i ɫ
birleşik	b i ɾ l e ʃ i c
birlikte	b i ɾ l i c t ɛ
birliktelik	b i ɾ l i c t e l i c
birtakım	b i ɾ t ɑ k ɯ m
biseksüel	b i s ɛ c s y e l
bitim	b i t i m
bitiş	b i t i ʃ
bitişik	b i t i ʃ i k
bitme	b i t m e
bizmut	b i z m u t
bohça	b ɔ h t͡ʃ ɑ
bor	b o ɾ
boru	b o ɾ u
boy	b o j
boyacı	b ɔ j ɑ d ʒ ɯ
boza	b o z ɑ
bozayı	b o z ɑ j ɯ
bozmak	b o̞ z m ɑ k
bozmamak	b ɔ ʐ m ɑ m ɑ k
boş	b o̞ ʃ
boşamak	b o̞ ʃ a m a k
boşanma	b ɔ ʃ ɑ n m ɑ
bulaşıcı	b u ɫ ɑ ʃ ɯ d ʒ ɯ
bulunmak	b u ɫ u n m ɑ k
bulut	b u ɫ̩ u t
bunlar	b ʋ n ɫ ɑ ɾ
burnu	b u ɾ n u
burun	b u ɾ u n
burunlar	b u ɾ u n l a ɾ
burçin	b u r t ʃ i n
buzdolabı	b ʋ z d ɔ ɫ ɑ b ɯ
buzlu	b u z̪ l̠ ʊ
buzuki	b ʋ z ʋ c ɪ
börülce	b ø ɾ ʏ l d͡ʒ ɛ
bükme	b y k m e
bükmeme	b y k m e m e
bülbül	b y l b y l
büst	b y s t
büyü	b y j y
büyücü	b y j y d ʒ y
büyük	b y j y c
cadılık	d ʒ a d ɯ ɫ ɯ k
cami	d ʒ ɑː m ɪ
camisi	d͡ʒ aː m i s i
canlandırma	d͡ʒ a n ɫ a n d ɯ ɾ m a
canlandırmak	d͡ʒ a n ɫ a n d ɯ ɾ m a c
canlandırtmak	d͡ʒ a n ɫ a n d ɯ ɾ t m a c
canlandırtılmak	d͡ʒ a n ɫ a n d ɯ ɾ t ɯ ɫ m a c
canlandırılmak	d͡ʒ a n ɫ a n d ɯ ɾ ɯ ɫ m a c
canlanmak	d͡ʒ a n ɫ a n m a c
canlanılmak	d͡ʒ a n ɫ a n ɯ ɫ m a c
casus	d ʒ a s u s
cerrah	d͡ʒ e̞ ɾ̞̊ ɾ̞ a h
ceviz	d ʒ ɛ v i z
cezayir	d͡ʒ e z aː j i ɾ
cezayirli	d ʒ ɛ z ɑː j i ɾ l i
cibin	d ʒ i b í n
ciddi	d͡ʒ i d d iː
cihan	d͡ʒ i h a n
cihanlar	d͡ʒ i h a n l a r
ciklet	d͡ʒ i c l e t
cin	d͡ʒ i n
civciv	d ʒ i β d ʒ i β
coşku	d ʒ o̞ ʃ k ʊ
cumhurbaşkanı	d͡ʒ u m h ú ɾ b ä ʃ k ä n̪ ɯ
cumhuriyet	d͡ʒ u m h uː ɾ i j e̞ t̪
cüce	d ʒ ʏ d ʒ ɛ
cümle	d͡ʒ y m l ɛ
cımbız	d ʒ ɯ m b ɯ ʐ
dadaş	d ɑ d ɑ ʃ
dadı	d ɑ d ɯ
dakika	d a c iː k a
daktilo	d ɑ k t i ɫ ɔ
dalak	d ɑ ɫ ɑ k
dalgın	d a ɫ ɟ ɯ n
dalgınlık	d a ɫ ɟ ɯ n ɫ ɯ k
dalgıç	d ɑ ɫ ɡ ɯ t͡ʃ
dalmak	d ɑ ɫ m ɑ k
damat	d̪ aː m a t̪
damatlık	d aː m a t ɫ ɯ k
davranışçılık	d ɑ v ɾ ɑ n ɯ ʃ t͡ʃ ɯ ɫ ɯ k
dayı	d a j ə
dağ	d aː
dede	d e d e
dedeağaç	d ɛ d ɛ ɑ ɰ ɑ t͡ʃ
dedeağaç	d ɛ d ɛ ɑː ɑ t͡ʃ
dedikoducu	d ɛ d i k ɔ d u d ʒ u
defter	d e f t æ ɾ
dehşet	d e h ʃ ɛ t
deltoid	d e l t o j i d
demir	d ɛ m í ɾ̝̊
denizanası	d e n i z a n a s ɯ
deprenmek	d e p ɾ e n m e c
dergi	d e ɾ ɟ i
derin	d e ɾ i n
dernek	d e ɾ n e c
dertli	d e ɾ t l i
derviş	d e ɾ v i ʃ
destan	d ɛ s t ɑ n
dev	d ɛ β
devam	d e v ɑ m
devrim	d ɛ v ɾ i m
deyn	d e j n
değilde	d iː l d e
değilden	d iː l d ɛ n
değildir	d iː l d i ɾ
değile	d iː l e
değili	d iː l i
değilim	d iː l i m
değilin	d iː l i n
değiliz	d iː l i z
değiller	d iː lː ɛ ɾ
değilsin	d iː l s i n
değilsiniz	d iː l s i n i z
değirmen	d ɛː i ɾ m e n
değişik	d e j i ʃ i c
değişmek	d e j i ʃ m e c
değişmez	d e j i ʃ m e z
değiştirmek	d e j i ʃ t i ɾ m e c
didaktik	d i d a k t i c
dijital	d i ʒ i t a l
dikdörtgen	d i k d œ ɾ t ɟ e n
dikey	d i c ɛ j
dilber	d̪ ɪ l b æ ɾ̝̊
dilbilim	d i l b i l i m
dildo	d i l d o
dilemma	d i l ɛ mː ɑ
dilenci	d i l ɛ n d ʒ ɪ
dilim	d i l i m
dilimde	d i l i m d e
dilimden	d i l i m d e n
dilime	d i l i m e
dilimi	d i l i m i
dilimim	d i l i m i m
dilimimi	d i l i m i m i
dilimimin	d i l i m i m i n
dilimin	d i l i m i n
dilimini	d i l i m i n i
diliminin	d i l i m i n i n
dilimler	d i l i m l e ɾ
dilimleri	d i l i m l e ɾ i
dilinde	d i l i n d e
dilinden	d i l i n d e n
diline	d i l i n e
dilini	d i l i n i
dilinin	d i l i n i n
dimetoka	d i m ɛ t ɔ k ɑ
dinamit	d i n ɑ m i t
dindar	d i n d a r
dindarlık	d i n d a r ɫ ɯ c
dini	d iː n i
dinlemek	d i n l e m é c
dinlememek	d i n l e m e m e c
dinlenme	d i n l e n m e
dinlenmeme	d i n l e n m e m e
dinlerde	d i n l e ɾ d e
dinlerden	d i n l e ɾ d e n
dinlere	d i n l e ɾ e
dinleri	d i n l e ɾ i
dinlerin	d i n l e ɾ i n
dinli	d i n l i
dinlilik	d i n ɫ i ɫ i c
dinsiz	d i n s i z
dinsizlik	d i n s i z ɫ i c
dinç	d i n t ʃ
dirilmek	d i ɾ i ɫ i ɾ m e k
disko	d i s k ɔ
diskotek	d i s k ɔ t ɛ c
disleksi	d i s ɫ e k s i
diyapazon	d i j ɑ p ɑ ʐ ɔ n
diye	d i j ɛ
dize	d i z e
dizemi	d i z e m i
dizemim	d i z e m i m
dizemin	d i z e m i n
dizemler	d i z e m l e ɾ
diş	d i ʃ
dişil	d i ʃ i ɫ
dokuzgen	d o k u z ɟ e n
dolaşan	d o ɫ a ʃ a n
dolaşmayan	d o ɫ a ʃ m a j a n
dolmuş	d ɔ ɫ m ʊ ʃ
doymak	d ɔ j m ɑ k
doğa	d o a
doğaüstü	d o ɣ a y s t y
doğmak	d oː m ɑ k
doğru	d oː ɾ u
doğu	d ɔ ɰ ʊ
dudak	d u d ɑ k
dudu	d u d u
duy	d u j
duyma	d u j m a
duymak	d u j m a k
duymama	d u j m a m a
duyun	d u j uː n
dönem	d ɶ n e m
dönmek	d œ n m e c
dönüş	d ø n y ʃ
dönüşlü	d ø n y ʃ l y
dönüşmek	d œ n y ʃ m e c
dönüşsüz	d ø n y ʃ s y z
dörtgen	d œ ɾ t ɟ e n
dövme	d œ v m ɛ
dük	d y c
dünya	d̪ y n̪ j ɑ̈ː
dünür	d ʏ n ʏ ɾ̝̊
dürbün	d y ɾ b y n
dürüm	d y ɾ y m
düyun	d y j uː n
düğün	d y y n
düşes	d y ʃ e s
düşkün	d y ʃ c y n
düşman	d y ʃ m ɑ n
dılak	d ɯ ɫ a k
dış	d ɯ ʃ
dışkı	d ɯ ʃ k ɯ
ebe	ɛ b ɛ
ecel	ɛ d ʒ e l
edat	e d a t
efsanevi	ɛ f s ɑː n ɛ v iː
egoizm	e ɡ o iː z m
ekimi	e k i m i
ekimler	e k i m l e ɾ
ekin	e k i n
ekini	e k i n i
ekinim	e k i n i m
ekinin	e k i n i n
ekinler	e k i n l e ɾ
ekinoks	ɛ c i n ó k s
ekranlar	e k ɾ a n ɫ a ɾ
ekranı	e k ɾ a n ɯ
ekranım	e k ɾ a n ɯ m
ekranın	e k ɾ a n ɯ n
ekseni	e k s e n i
eksenim	e k s e n i m
eksenin	e k s e n i n
eksenler	e k s e n l e ɾ
eksenleri	e k s e n l e ɾ i
eksiklik	ɛ c s i c l i c
ekstremum	ɛ c s t ɾ ɛ m u m
ekşimek	ɛ c ʃ i m ɛ c
ekşitmek	ɛ c ʃ i t m ɛ c
elbise	e l b i s ɛ
elbiseler	e l b i s ɛ l ɛ ɾ
elbiseyi	e l b i s ɛ j i
elemli	ɛ l e m l i
elips	ɛ l i p s
elma	e l m ɑ
elmacı	e l m ɑ d͡ʒ ɯ
elmalar	e l m a ɫ a ɾ
elçi	e l t͡ʃ i
embriyo	ɛ m b ɾ i j ɔ
emir	e m i ɾ
emir'e	e m i ɾ e
emir'i	e m i ɾ i
emir'im	e m i ɾ i m
emir'ime	e m i ɾ i m e
emir'in	e m i ɾ i n
emir'ler	e m i ɾ l e ɾ
emire	e m i ɾ e
emiri	e m i ɾ i
emirim	e m i ɾ i m
emirime	e m i ɾ i m e
emirin	e m i ɾ i n
emirler	e m i ɾ l e ɾ
emlak	e m ɫ a c
emlakçı	e m ɫ a c t͡ʃ ɯ
emlakçılık	e m ɫ a c t͡ʃ ɯ ɫ ɯ k
emmek	ɛ mː ɛ c
emniyet	e m n i j e t
emre	e m ɾ ɛ
emri	e m ɾ i
emrim	e m ɾ i m
emrin	e m ɾ i n
endülüs	ɛ n d y l y s
enişte	ɛ n i ʃ t ɛ
entrika	e n t ɾ i k a
entrikalar	e n t ɾ i k a ɫ a ɾ
entrikanın	e n t ɾ i k a n ɯ n
entrikayı	e n t ɾ i k a j ɯ
erdoğan	æ ɾ d o ɑ n
ergenlik	e ɾ ɟ e n l i c
erik	e ɾ i c
eril	e ɾ i ɫ
eritre	e̞ ɾ í t̪ ɾ ɛ
erivan	ɛ ɾ i v ɑ n
erkeklik	ə ɾ c ɛ c l i c
erkeksi	e ɾ c ɛ c s i
ermenistan	ɛ ɾ m e̞ n̪ i s̪ t̪ a n̪
erotik	ɛ ɾ ɔ t i c
ertelenemez	ɛ ɾ t e l e n e m e z
esas	e s a s
esen	e s e n
esenlik	e s e n ɫ i k
eski	e s c i
esrar	ɛ s ɾ ɑ ɾ
esrarlar	ɛ s ɾ ɑ ɾ l ɑ ɾ
esrarı	ɛ s ɾ ɑ ɾ ɯ
etek	ɛ t ɛ c
etkin	e t k i n
etmek	e t m e c
ev	e v
evcik	ɛ v d͡ʒ i k
evim	e v i m
evine	ɛ v i n ɛ
evlen	ɛ v l e n
evlilik	e v l i l i c
evren	e ʋ ɾ æ n
evrim	ɛ v ɾ i m
eğlenceli	eː l e n d͡ʒ e l i
eşya	ɛ ʃ j ɑː
eşzamansız	e ʃ z a m a n s ɯ z
fagot	f ɑ ɡ o t
fahişelik	f ɑː h i ʃ ɛ l i c
faks	f a k s
falcı	f ɑ ɫ d ʒ ɨ
farklı	f ɑ ɾ k ɫ ɯ
faslı	f ɑ s ɫ ɯ
fazlalık	f a z ɫ a ɫ ɯ k
feci	f e d͡ʒ iː
fiil	f i ʔ i l
fiil	f iː l
fikoloji	f i k ɔ l ɔ ʒ i
filiz	f i l i z
finiş	f i n i ʃ
firavun	f i ɾ ɑ ʋ u n
fizik	f i z i c
fizyoloji	f i z j o l o ʒ i
fişek	f i ʃ ɛ c
flaş	f l a ʃ
flor	f l o ɾ
fosfor	f o s f ó ɾ
fransızca	f ɾ ɑ n s ɯ ʐ d͡ʒ ɑ
frende	f ɾ e n d e
frenden	f ɾ e n d e n
frene	f ɾ e n e
freni	f ɾ e n i
frenim	f ɾ e n i m
frenin	f ɾ e n i n
frenler	f ɾ e n l e ɾ
frigya	f ɾ i ɟ j ɑ
fulya	f ʊ l j ɑ
fâni	f aː n iː
füze	f y z e
fırtınalı	f ɯ ɾ t ɯ n ɑ ɫ ɯ
fıstık	f ɯ s t ɯ k
gaf	ɡ a f
gaflet	ɡ a f l e̞ t
galaksi	ɡ a l a k s i
galeri	ɡ ɑ l ɛ ɾ i
galiçyaca	ɡ ɑ l i t͡ʃ j ɑ d ʒ ɑ
gamlı	ɡ ɑ m ɫ ɯ
gar	ɡ a ɾ̞̊
gayda	ɟ a j d a
gayzer	ɟ a j z e ɾ
gazel	ɡ ɑ z e l
gece	ɟ e d ʒ e
gecelik	ɟ ɛ d ʒ ɛ l i k
gel	ɟ æ l
gelin	ɟ ɛ l i n
gelinlik	ɟ ɛ l i n l i c
gelir	ɡ e l i ɾ
gelmek	ɟ æ l m é c
gemi	ɟ e m i
genelev	ɟ ɛ n ɛ l ɛ v
geniş	ɟ e n i ʃ
gençlik	ɟ ɛ n t ʃ l i c
geometri	ɟ ɛ ɔ m ɛ t ɾ i
geri	ɟ e ɾ i
geriler	ɡ e ɾ i ɫ e ɾ
getmek	ɡ e t m e c
gezegen	ɟ e̞ z̪ ɛ ɟ æ n̪
gezmek	ɟ e z m e c
geçmek	ɟ e t͡ʃ m e c
geçmiş	ɟ ɛ t͡ʃ m i ʃ
gider	ɡ i d e ɾ
giysi	ɟ i j s i
glasnost	ɡ ɨ ɫ ɑ s n ɔ s t
gol	ɡ o l
gurbet	ɡ u ɾ b e t
gurbetçi	ɡ u ɾ b ɛ t t͡ʃ i
gâvur	ɟ a ʋ u ɾ
gökdelen	ɟ ø c d e l ɛ n
gönüllü	ɟ ø n y l l y
göre	ɟ ø ɾ ɛ
görmek	ɟ œ ɾ m ɛ c
gösteri	ɡ œ s t ɛ r i
göstermek	ɟ œ s t ɛ ɾ m ɛ c
göt	ɟ ø t
gövde	ɟ ø v d ɛ
gözbebeği	ɟ ø z b e b e j i
gözlem	ɟ œ z l ɛ m
gözlemci	ɟ œ z l ɛ m d ʒ ɪ
gözleme	ɟ ø z l e m ɛ
gözlük	ɟ œ z l y c
gözyaşı	ɟ œ z j a ʃ ɯ
göç	ɟ ɶ t͡ʃ
göçmek	ɟ œ t ʃ m ɛ c
göğüs	ɟ œ y s
gübre	ɟ y b ɾ ɛ
gül	ɟ y l
güldürmek	ɟ ʏ l d ʏ ɾ m ɛ c
güllacı	ɟ y l l a d͡ʒ ɯ
güllaç	ɟ y l l a t͡ʃ
güllaçlar	ɟ y l l a t͡ʃ l a ɾ
güllaçtan	ɟ y l l a t͡ʃ t a n
gülünç	ɡ y l y n t͡ʃ
gülünçleşmek	ɡ y l y n t͡ʃ l ɛ ʃ m ɛ c
gülüş	ɟ y l y ʃ
gümülcine	ɟ ʏ m ʏ l d ʒ i n ɛ
gümüş	ɟ y m y ʃ
gündöndü	ɟ y n d ɶ n d y
gündüz	ɟ y n d y z
günebakan	ɟ y n ɛ b ɑ k ɑ n
güneş	ɟ y n e ʃ
günler	ɟ y n l æ ɾ̝̊
günü	ɟ y n ʏ
gürcistanlı	ɟ y ɾ d ʒ i s t ɑ n ɫ ɯ
güreş	ɟ y ɾ ɛ ʃ
gürz	ɟ y ɾ ʐ
güven	ɟ ʏ v e n
güzelleştirmek	ɟ y z e l l ɛ ʃ t i ɾ m ɛ c
güzellik	ɟ y z e lː i c
güç	ɟ y t͡ʃ
had	h ɑ̈ dʲ
hadis	h a d i s
hadisi	h a d iː s i
hadisler	h a d i s l e ɾ
hadım	h a d ɯ m
haham	h ɑ h ɑ m
hain	h aː i n
haince	h aː i n d͡ʒ e
hamburger	h ɑ m b ʊ ɾ ɟ æ ɾ
hamster	h a m s t e ɾ
hamt	h a m t
hançer	h ɑ n t͡ʃ e ɾ
hapis	h a p i s
harap	h ɑ ɾ ɑ p
hararet	h a ɾ aː ɾ e t
harput	h ɑ ɾ p u t
harç	h a ɾ t ʃ
harçlık	h a ɾ t ʃ ɫ ɯ c
hastalanmak	h ɑ s t ɑ ɫ ɑ n m ɑ k
hastalık	h ɑ s t ɑ ɫ ɯ k
hastane	h ɑ s t ɑː n ɛ
hastaneler	h ɑ s t ɑː n ɛ l ɛ ɾ
hastaneyi	h ɑ s t ɑː n ɛ j i
hata	h ɑ t ɑː
hatice	h a t i d ʒ e
havuz	h ɑ β u z
havuç	h ɑ β ú t͡ʃ
hayhay	h ɑ j h ɑ j
hayvan	h a j v a n
hayır	h a j ɯ ɾ
hayırseveri	h a j ɰ ɾ s e v e ɾ i
hayırseverim	h a j ɰ ɾ s e v e ɾ i m
hayırseverin	h a j ɰ ɾ s e v e ɾ i n
hayırseverler	h a j ɰ ɾ s e v e ɾ l e ɾ
hazcı	h a z d͡ʒ ɯ
hazcılık	h a z d͡ʒ ɯ ɫ ɯ c
hazırlık	h a z ɯ ɾ ɫ ɯ k
haç	h a t ʃ
haça	h ɑ t͡ʃ ɑ
haçan	h ɑ t͡ʃ ɑ n
hece	h e d ʒ ɛ
hedef	h e d e f
hedonist	h e d o n i s t
hedonizm	h e d o n i z m
hele	h e l e
helsinki	h e l s i n c i
helva	h e l v ɑ
helyum	h ə l j u m
hemhudut	h e m h u d u t
heteroseksüel	h ɛ t ɛ ɾ ɔ s ɛ c s y e l
heykelcik	h ɛ j c e l d ʒ i c
hidrojen	h i d ɾ o ʒ ə n
hiperbol	h i p e ɾ b ɔ l
hipermetrop	h i p e ɾ m e t ɾ o p
hipotalamus	h i p ɔ t ɑ ɫ ɑ m u s
hipotermi	h i p o t ɛ ɾ m i
his	h i s
hititoloji	h i t i t o l o ʒ i
hoca	h o d͡ʒ a
hocadır	h o d͡ʒ a d ɯ ɾ
hocalar	h o d͡ʒ a ɫ a ɾ
hocanın	h o d͡ʒ a n ɯ n
hocayı	h o d͡ʒ a j ɯ
hocayım	h o d͡ʒ a j ɯ m
homoseksüel	h ɔ m ɔ s ɛ c s y e l
hudut	h u d u t
hudutlu	h u d u t ɫ u
hudutsuz	h u d u t s u z
hurma	h u ɾ m a
hükûmet	h y cʰ uː m e̞ t̪ʰ
hüzünlü	h y z y n l y
hızlıca	h ɯ z ɫ ɯ d͡ʒ ɑ
iblis	i b l í s
iffet	i f f e t
iftitah	i f t i t a h
iguana	i ɡ ʋ ɑ n ɑ
ikincil	i k i n d͡ʒ i ɫ
ileti	i l e t i
ilgeç	i l ɟ e t ʃ
ilişki	i l i ʃ c i
ilişkisel	i l i ʃ c i s e l
ilklendirme	i l k l e n d i r m e
ilklendirmek	i l k l e n d i r m e c
ilklendirmeme	i l k l e n d i r m e m e
imdi	i m d i
inci	i n d ʒ i
indi	i n d i
indirim	i n d i ɾ i m
inek	i n e c
insan	i n s ɑ n
insanlık	i n s a n ɫ ɯ k
integral	i n t ɛ ɟ ɾ a lʲ
interfaz	i n t e ɾ f ɑ ʐ
ipek	i p ɛ c
iribaş	i ɾ i b ɑ ʃ
isimler	i s i m l e ɾ
iskender	i s c e n d e ɾ
istirahat	i s t i ɾ a h a t
istisna	i s t i s n ɑː
it	i t
itmek	i t m e c
ittirilmek	i t t i r i ɫ m e c
ittirmek	i t t i ɾ m e c
ittirtilmek	i t t i r t i ɫ m e c
ittirtmek	i t t i ɾ t m e c
iz	i z
izin	i z i n
izlence	i z l ə n d ʒ ɛ
iç	i t͡ʃ
içecek	i t͡ʃ ɛ d ʒ ɛ k
içlik	i t͡ʃ l i k
işgücü	i ʃ ɟ y d ʒ y
işkence	i ʃ k ə n d ʒ ɛ
i̇branice	i b ɾ aː n i d ʒ e
i̇ffet	i f f e t
i̇pek	i p ɛ c
i̇skandinavya	i s k ɑ n d i n ɑ β j ɑ
i̇stanbul	i s t a m b u ɫ
i̇stanbul	i s t a n b u ɫ
i̇stanbul'dan	i s t a n b u ɫ d a n
i̇sveçli	i s v ɛ t͡ʃ l i
i̇zlandalı	i ʐ ɫ ɑ n d ɑ ɫ ɯ
i̇zmir	i z m i ɾ
i̇zmirli	i z m i ɾ l i
jaguar	ʒ ɑ ɡ ʊ ɑ ɾ
jaluzi	ʒ ä l u z i
jartiyer	ʒ ɑ ɾ t i j e ɾ
jeoloji	ʒ eː o l o ʒ i
jilet	ʒ i l e t
jonglör	ʒ ɔ n ɡ l œ ɾ
kaba	k a b a
kabalık	k a b a ɫ ɯ k
kabarık	k a b a ɾ ɯ k
kaburga	k a b ʋ ɾ ɡ ɑ
kadınlık	k a d ɯ n ɫ ɯ k
kahverengi	k ɑ h v e ɾ e ŋ ɡ i
kalamar	k ɑ ɫ ɑ m ɑ ɾ
kaldırım	k ɑ ɫ d ɯ r ɯ m
kale	k ɑ l e
kalemtıraş	k a l ə m t ɯ ɾ a ʃ
kalleş	k a ɫ e ʃ
kalleşçe	k a ɫ e ʃ t͡ʃ e
kalp	k a l p
kalpak	k ɑ ɫ p ɑ k
kalsiyum	k á l s i j u m
kamçı	k ɑ m t͡ʃ ɯ
kanguru	k ɑ ŋ ɡ u ɾ ʊ
kantin	k ɑ n t i n
kanto	k ɑ n t ɔ
kanun	k ɑː n u n
kapakçık	k a p a k t ʃ ɯ c
kapasitede	k a p a s i t e d e
kapasiteden	k a p a s i t e d e n
kapasiteler	k a p a s i t e l e ɾ
kapasitenin	k a p a s i t e n i n
kapasiteye	k a p a s i t e j e
kapasiteyi	k a p a s i t e j i
karadul	k ɑ ɾ ɑ d u ɫ
karagöz	k ɑ ɾ ɑ ɟ ɶ z
karakalpakça	k ɑ ɾ ɑ k ɑ ɫ p ɑ k t ʃ ɑ
karakol	k ɑ ɾ ɑ k o ɫ
karakter	k a ɾ a k t ɛ ɾ
karamel	k ɑ ɾ ɑ m e l
karanlık	k ɑ ɾ ɑ n ɫ ɯ k
kardelen	k ɑ ɾ d ɛ l e n
kardeş	k ɑ ɾ d e ʃ
kare	k a ɾ e
karides	k ɑ ɾ i d ɛ s
kars	k ɑ ɾ s
karınca	k ʌ ɾ ɯ n d ʒ ʌ
karıncayiyen	k ɑ ɾ ɯ n d͡ʒ ɑ j i j e n
kas	k ɑ s
kasbilim	k a s b i l i m
kaside	k ɑ s iː d ɛ
katalog	k ɑ t ɑ ɫ ɔ ɡ
katkı	k a t k ɯ
kavala	k ɑ v ɑ ɫ ɑ
kavim	k a v i m
kaya	k a j a
kaygı	k ɑ j ɡ ɯ
kaz	k ɑ z
kaza	kʰ ɑ z ɑː
kazak	k a z a c
kazak	k a z a k
kazanı	k ɑ z ɑ n ɯ
kaçmak	k ɑ t͡ʃ m ɑ k
kaçırmak	k ɑ t ʃ ɯ ɾ m ɑ k
kağıt	c ɑ ɯ t
kaşar	k ɑ ʃ ɑ ɾ
kaşık	k a ʃ ɯ k
kederli	c ɛ d e ɾ l i
kefir	c ɛ f i ɾ
kehribar	c ɛ h ɾ i b ɑ ɾ
kelime	c e l i m e
kelimeler	c ɛ l i m ɛ l e ɾ
kelimenin	c e l i m e n i n
kelimeyi	c ɛ l i m ɛ j i
kellik	c e l l i c
keman	c ɛ m ɑ n
kemençe	c ɛ m e n t͡ʃ ɛ
kepek	c ɛ p ɛ c
kereviz	c ɛ ɾ ɛ β i z
kerpiç	c ə ɾ p i t͡ʃ
keser	c e s æ ɾ
keseri	c e s e ɾ i
keserler	c e s e ɾ l e ɾ
kesmek	c e s m e c
kesyap	k e s j a p
kevgir	c e̞ v ɟ i ɾ̞̊
kiler	c i l ɛ ɾ
kimi	c i m i
kir	c i ɾ
kireç	c i ɾ ɛ t ʃ
kirmen	c i ɾ m e n
kirpik	c ɪ ɾ p ɪ c
kitapçık	k i t a p t ʃ ɯ c
kişi	c i ʃ ɪ
klarnet	k l a ɾ n ɛ t
klitoris	k l i t ɔ ɾ i s
klişe	k l i ʃ ɛ
klor	k l o ɾ
klorofil	k l o ɾ o f i l
kobalt	k o b á l t
koful	k o ɸ u ɫ
kol	kʰ o̞ ɫ
kolaj	k o ɫ a ʒ
kolay	k ɔ ɫ ɑ j
kolaç	k o ɫ a t ʃ
kolej	k o l e ʒ
kolonya	k ɔ l ɔ n j ɑ
koltuk	k o ɫ t u k
komando	k ɔ m ɑ n d o
komikleşmek	k o m i c l ɛ ʃ m ɛ c
konar	k o n a ɾ
konmak	k o̞ n m ä k
konmaz	k o n m a z
konstantinopolis	k ɔ n s t ɑ n t i n ɔ p ɔ l i s
kontes	k o n t e s
konum	k o n u m
konun	k o n u n
konunun	k o n u n u n
konusu	k o n u s u
konuşmak	k o n u ʃ m ɑ k
koordinat	k o o ɾ d i n a t
koordinata	k o o ɾ d i n a t a
koordinatlar	k o o ɾ d i n a t ɫ a ɾ
koordinatlara	k o o ɾ d i n a t ɫ a ɾ a
koordinatlarda	k o o ɾ d i n a t ɫ a ɾ d a
koordinatlardan	k o o ɾ d i n a t ɫ a ɾ d a n
koordinatları	k o o ɾ d i n a t ɫ a ɾ ɯ
koordinatlarım	k o o ɾ d i n a t ɫ a ɾ ɯ m
koordinatların	k o o ɾ d i n a t ɫ a ɾ ɯ n
koordinatta	k o o ɾ d i n a t t a
koordinattan	k o o ɾ d i n a t t a n
koordinatı	k o o ɾ d i n a t ɯ
koordinatım	k o o ɾ d i n a t ɯ m
koordinatın	k o o ɾ d i n a t ɯ n
korimboz	k o ɾ i m b o z
korkuluk	k o ɾ k u ɫ ú k
korsan	k o ɾ s a n
korse	k ɔ ɾ s ɛ
kosinüs	k o s i n y s
kot	k ɔ t
kotanjant	k o t a n ʒ a n t
kova	k ɔ v ɑ
kovar	k o̞ ʋ a ɾ
kovdurmak	k ɔ ʋ d u r m ɑ k
kovdurmamak	k ɔ ʋ d u r m ɑ m ɑ k
kovdurtmak	k ɔ ʋ d u r t m ɑ k
kovdurtmamak	k ɔ ʋ d u r t m ɑ m ɑ k
kovmak	k o ʋ m a k
kovmaz	k o̞ ʋ m a z
kovulmak	k ʋ ʋ u ɫ m a k
kovulmamak	k ʋ ʋ u ɫ m a m a k
koy	k o j
koymak	k o j m a k
koymamak	k o j m a m a c
koza	k ɔ z ɑ
koşmak	k ɔ ʃ m ɑ k
koşturmak	k ɔ ʃ t u r m ɑ k
koşturtmak	k ɔ ʃ t u r m ɑ k
kraker	k ɾ ɑ k e ɾ
kral	k ɯ ɾ a ɫ
krallık	k ɾ a ɫ ɫ ɯ k
krom	k ɾ o m
kromozom	k ɾ ɔ m ɔ ʐ ɔ m
kukla	k u k l a
kuku	k u k u
kulakçık	k u ɫ a k t ʃ ɯ c
kulaç	k u ɫ a t ʃ
kumanda	k u m ɑ n d ɑ
kumaş	k u m a ʃ
kuram	k u ɾ a m
kurban	k u ɾ b a n
kurşun	k u ɾ ʃ u n
kusursuzlaştırmak	k u s u ɾ s u z l a ʃ t ɯ ɾ m a k
kutsallık	k u t s a ɫ ɫ ɯ k
kuvantum	k u v a n t u m
kuvvet	k u v v e t
kuvveti	k u v v e t i
kuvvetim	k u v v e t i m
kuvvetin	k u v v e t i n
kuvvetler	k u v v e t l e ɾ
kuyruk	k u j ɾ u k
kuyruklu	k u j r u k ɫ u
kuyruksuz	k u j r u k s u z
kuzgun	k u z ɡ ú n
kuzu	k u z u
kuzular	k u z u l a ɾ
kuşkonmaz	k u ʃ k o n m a z
kuşkonmazlar	k u ʃ k o n m a z ɫ a ɾ
kuşkonmazı	k u ʃ k o n m a z ɯ
kâbus	c aː b u s
köfte	c œ f t ɛ
köpek	c ø p e c
köpük	c œ p y c
kötüleşmek	c œ t y l ɛ ʃ m ɛ c
kötüleştirmek	c œ t y l ɛ ʃ t i ɾ m ɛ c
köçek	c ɶ t͡ʃ ɛ c
kükürt	c y c y ɾ t
külot	c ʏ ɫ ɔ t
kümes	c y m ɛ s
künefe	c y n e f ɛ
künk	c y ɳ c
kürk	c y ɾ c
kıbrıslı	k ɯ b ɾ ɯ s ɫ ɯ
kıllı	k ɯ ɫ ɫ ɯ
kılma	k ɯ ɫ m a
kılsız	k ɯ ɫ s ɯ z
kılıbık	k ɯ ɫ ɯ b ɯ k
kımız	k ɯ m ɯ ʐ
kırbaç	k ɯ ɾ b ɑ t ʃ
kırım	k ɯ ɾ ɯ m
kırıtmak	k ɯ ɾ ɯ t m a k
kıskançlık	k ɯ s k ə n t ʃ ɫ ɯ k
kıyafet	k ɯ j ɑː f ɛ t
kıyma	k ɯ j m ɑ
kız	k ɯ z
laboratuvar	l a b ɔ ɾ ɑ t u β ɑ ɾ
lahana	l a h ɑ n ɑ
lahmacun	l a h m ɑː d ʒ ʊ n
lakaytlık	l aː k a j t ɫ ɯ k
lala	ɫ ɑ ɫ ɑ
lastik	l a s t i k
laterna	l a t e ɾ n ɑ
lavaş	l ɑ v ɑ ʃ
layemut	ɫ aː j e m uː t
leblebi	l ɛ b l ɛ b i
leyla	l ɛ j ɫ ɑ
lezbiyen	l ɛ ʐ b i j ɛ n
litvanca	l i t v ɑ n d ʒ ɑ
litvanyalı	l i t v ɑ n j ɑ ɫ ɯ
lityum	l i t j u m
lokum	l ɔ k ʊ m
lolipop	l ɔ l i p o p
lord	ɫ o ɾ d
lorda	ɫ o ɾ d a
lordda	ɫ o ɾ d d a
lorddan	ɫ o ɾ d a n
lordlar	ɫ o ɾ d ɫ a ɾ
lordu	ɫ o ɾ d u
lordum	ɫ o ɾ d u m
lordun	ɫ o ɾ d u n
lubunca	l u b u ɳ d͡ʒ ɑ
lubunyaca	l u b u ɳ j ɑ d͡ʒ ɑ
lunapark	l u n ɑ p ɑ ɾ k
maalesef	m aː l e s e f
maaş	m ɑː ʃ
madalya	m a d a l j a
maestro	m aː e s t ɾ o
magnezyum	m a ɡ n ɛ z j u m
mahlep	m ɑ h l ɛ p
mahzen	m ɑ h z e n
makarna	m ɑ k ɑ ɾ n ɑ
makta	m ɑ k t ɑː
makul	m aː k u ɫ
makyaj	m a k j a ʒ
malezyalı	m ɑ l ɛ ʒ j ɑ ɫ ɯ
malt	m a l t
mancınık	m ɑ n d͡ʒ ɯ n ɯ k
mandalina	m ɑ n d ɑ l i n ɑ
manganez	m a n ɟ a n e z
manyetik	m ɑ n j e t i k
marmelat	m a ɾ m e l a t
masa	m a s a
masajlar	m ɑ s ɑ ʒ l a ɾ
masajı	m ɑ s ɑ ʒ ɯ
maskara	m ɑ s k ɑ ɾ ɑ
masumiyet	m ɑː s ʊ m i j ɛ t
matla	m ɑ t ɫ ɑː
matruşka	m a t ɾ u ʃ k a
mavi	m ɑː v i
maya	m ɑ j ɑ
maydanoz	m ɑ j d ɑ n ɔ ʐ
maymun	m a j m u n
maymunlar	m a j m u n ɫ a ɾ
maymunu	m a j m u n u
mayo	m ɑ j ɔ
mazlum	m ɑ ʐ ɫ ʊ m
mazot	m a z o t
mazotlar	m a z o t ɫ a ɾ
mazotu	m a z o t u
maça	m ɑ t͡ʃ ɑ
maço	m ɑ t͡ʃ o
mağmum	m ɑ ɰ m ʋ m
maşa	m a ʃ a
maşrapa	m a ʃ r a p a
medrese	m ɛ d ɾ ɛ s ɛ
mefhum	m e f h u m
mefhumlar	m e f h u m ɫ a ɾ
mefhumu	m e f h uː m u
mefhumum	m e f h uː m u m
mefhumun	m e f h uː m u n
mekik	m e k i c
meksikalı	m ɛ c s i k ɑ ɫ ɯ
melis	m ɛ l i s
melisa	m ɛ l i s ɑ
menemen	m e n e m e n
menfi	m e n f iː
meni	m ɛ n i
menteşe	m ɛ n t ɛ ʃ ɛ
merkez	m e r k e z
mermi	m e ɾ m i
mert	m æ ɾ̊ t
mesajlar	m ɛ s ɑ ʒ l a ɾ
mesajı	m ɛ s ɑ ʒ ɯ
metafaz	m ɛ t ɑ f ɑ ʐ
metrdotel	m ɛ t ɾ d o t ɛ l
meyhane	m ɛ j h ɑː n ɛ
meşhur	m e ʃ h u ɾ
meşrubat	m ɛ ʃ rː b a t
mihrap	m i h ɾ ɑ p
mikrofon	m i k ɾ o f o n
mikronezyalı	m i c ɾ ɔ n ɛ z j ɑ ɫ ɯ
minare	m i n ɑː ɾ ɛ
minber	m i n b e ɾ
misket	m i s c ɛ t
miskin	m i s c i n
miyoloji	m i j o l o ʒ i
miyop	m i j o p
moldovalı	m ɔ ɫ d ɔ v ɑ ɫ ɯ
monarşi	m o n a ɾ ʃ i
monolog	m o n o ɫ o ɟ
monologlar	m o n o ɫ o ɟ ɫ ɑ r
monoloğu	m o n o ɫ o ɰ u
monoloğum	m o n o ɫ o ɰ u m
monoloğun	m o n o ɫ o ɰ u n
moron	m o ɾ o n
moskovalı	m ɔ s k ɔ v ɑ ɫ ɯ
motorin	m o t o ɾ i n
motorini	m o t o r i n i
motorinler	m o t o r i n l e ɾ
mozambikli	m ɔ ʐ ɑ m b i c l i
moğolca	m oː o l d ʒ a
mucize	m uː d ʒ i z ɛ
mumluk	m u m ɫ u k
mumya	m u m j ɑ
musa	m uː s a̝ː
musevi	m ʊː s ɛ v iː
musevilik	m ʊː s ɛ v iː l i c
muson	m u s o n
mutfak	m u t f ɑ k
mutluluk	m u t ɫ u ɫ u k
muzaffer	m u z a f f æ ɾ
müdür	m y d y r
müge	m y ɟ ɛ
müsait	m ʏ s ɑː i t
müspet	m y s p e t
müttehit	m y t t e h i t
müşteri	m y ʃ t ɛ ɾ i
mıh	m ɯ h
mısra	m ɯ s ɾ aː
mısır	m ɯ s ɯ ɾ
mızrap	m ɯ ʐ ɾ ɑ p
naci	n a d ʒ iː
nagasaki	n ɑ ɡ ɑ s ɑ c i
nagasaki	n ɑ ɡ ɑ z ɑː c i
namüsait	n ɑː m ʏ s ɑː i t
nasılsın	n ɑ s ɯ ɫ s ɯ n
nasılsınız	n ɑ s ɯ ɫ s ɯ n ɯ z
nazen	n a z e n
nazenin	n a z e n i n
neon	n ɛ o n
nerede	n ɛ ɾ ɛ d̪ ɛ
neredeyse	n e r e d e j s e
nergis	n e ɾ ɟ i z
neyse	n ɛ j s ɛ
nice	n i d͡ʒ e
nihayet	n i h aː j e t
nikel	n i c ɛ l
nilüfer	n i l y f e ɾ
nohut	n ɔ h ʊ t
noktürn	n o k t y r n
noktürnler	n o k t y r n l e ɾ
noktürnü	n o k t y r n y
noktürnüm	n o k t y r n y m
noktürnün	n o k t y r n y n
notilus	n ɔ t i ɫ ʊ s
nöron	n ɶ ɾ ɔ n
nükleer	n y c l eː ɾ
nükleotit	n y c l eː o t i t
okiya	ɔ c ɪ j ɑ
oksijen	o k s i ʒ æ n
okul	o k u ɫ
okunaklı	o k u n a k ɫ ɯ
okunaklılık	o k u n a k ɫ ɯ ɫ ɯ k
okunaksız	o k u n a k s ɯ z
okunaksızlık	o k u n a k s ɯ z ɫ ɯ k
okçu	o̞ k t͡ʃ u
oligarşi	o l i ɟ a ɾ ʃ i
olmak	o ɫ m a k
olta	ɔ ɫ t ɑ
olumlu	o ɫ u m ɫ u
olumluluk	o ɫ u m ɫ u ɫ u c
olumsuz	o ɫ u m s u z
olumsuzluk	o ɫ u m s u z ɫ u c
omur	ɔ m ʋ ɾ
omurga	ɔ m ʋ ɾ ɡ ɑ
ongen	o n ɟ e n
orta	o ɾ t a
ortam	o ɾ t a m
orçun	ɔ ɾ t͡ʃ u n
ot	ɔ t
otizm	ɔ t i z m
oto	ɔ t ɔ
otocu	o t o d͡ʒ u
otocular	o t o d͡ʒ u ɫ a ɾ
otoculuk	o t o d͡ʒ u ɫ u c
otoculuklar	o t o d͡ʒ u ɫ u k ɫ a ɾ
otoculuğu	o t o d͡ʒ u ɫ u ɰ u
otoculuğum	o t o d͡ʒ u ɫ u ɰ u
otoculuğun	o t o d͡ʒ u ɫ u ɰ u n
otocunun	o t o d͡ʒ u n u n
otocuyu	o t o d͡ʒ u y u
otogar	ɔ t ɔ ɡ ɑ ɾ
otom	o t o m
otomobilci	o t o m o b i ɫ d͡ʒ i
otomobilciler	o t o m o b i l d͡ʒ i l e ɾ
otomobilcilik	o t o m o b i l d͡ʒ i l i c
otomobilcilikler	o t o m o b i l d͡ʒ i l i k l e ɾ
otomobilciliği	o t o m o b i l d͡ʒ i l i ɰ i
otomobilciliğim	o t o m o b i l d͡ʒ i l i ɰ i m
otomobilciliğin	o t o m o b i l d͡ʒ i l i i n
otomobilcim	o t o m o b i ɫ d͡ʒ i m
otomobilcin	o t o m o b i ɫ d͡ʒ i n
otomobilcinin	o t o m o b i ɫ d͡ʒ i n i n
otomobilcisi	o t o m o b i ɫ d͡ʒ i s i
otomobilciyi	o t o m o b i ɫ d͡ʒ i ɫ i c j i
otomobili	o t o m o b i l i
otomobilim	o t o m o b i l i m
otomobilin	o t o m o b i l i n
otomobiller	o t o m o b i lː e ɾ
oton	o t o n
otonun	o t o n u n
otostop	ɔ t ɔ s t ɔ p
otostopçu	ɔ t ɔ s t ɔ p t͡ʃ ʊ
otosu	o t o s u
oymak	o j m a c
oymamak	o j m a m a c
oyun	o j u n
oyunculuk	o j u n d ʒ u ɫ u k
oyunlar	o j u n l a ɾ
oğlak	o ɣ ɫ ɑ k
oğlan	oː ɫ ɑ n
palikarya	p a l i k ɑ ɾ j ɑ
palmiye	p a l m i j ɛ
palyaço	p a l j a t ʃ ó
panamalı	p ɑ n ɑ m ɑ ɫ ɯ
pancar	p ɑ n d ʒ ɑ ɾ
panda	p a n d a
pandispanya	p ɑ n d i s p ɑ n j ɑ
paparazi	p ɑ p ɑ ɾ ɑː ʐ i
papaz	p ɑ p ɑ ʐ
papağan	p ɑ p ɑ ɣ ɑ n
papirüs	p ɑ p i ɾ y s
papyon	p ɑ p j ɔ n
parabol	p ɑ ɾ ɑ b ɔ l
paralelkenar	p a ɾ a l e l k e n a ɾ
parasızlık	p a ɾ a s ɯ z ɫ ɯ k
parlatmak	p ɑ ɾ ɫ ɑ t m ɑ k
parlatıcı	p ɑ ɾ ɫ ɑ t ɯ d ʒ ɯ
parmak	p ɑ ɾ m ɑ́ k
paten	p ɑ t e n
patik	p a t i c
pay	p a j
payda	p a j d a
paydalar	p a j d a ɫ a ɾ
paydayı	p a j d a j ɯ
paylamaz	p a j ɫ a m a z
paylar	p a j ɫ a ɾ
payı	p a j ɯ
payım	p a j ɯ m
payın	p a j ɯ n
pazı	p ɑ ʐ ɯ
peder	p ɛ d e ɾ
pekmez	p e c m æ z
pelin	p e l i n
pencere	p e n d ʒ e ɾ e
penis	p ɛ n i s
perende	p e r æ n d ɛ
perestroyka	p e ɾ e s t ɾ o j k ɑ
perçin	p ə r d ʒ i n
peygamberdevesi	p ɛ j ɟ ɑ m b ə ɾ d ɛ β ɛ s i
peynir	p ɛ j n i ɾ
pezevenk	p e z e v e ɳ c
pijama	p ɪ ʒ ɑ m ɑ
piker	p i c æ ɾ
pipi	p i p i
piramit	p i ɾ a m i t
polinom	p ɔ l i n ɔ m
pompa	p o m p a
porno	p o ɾ n o
portekizli	p ɔ ɾ t ɛ c i z l i
post	p o s t
potasyum	p o t á s j u m
prenses	p ɾ ɛ n s e̞ s
psikiyatr	p s i k i j a t ɾ
psikiyatrist	p s i k i j a t ɾ i s t
psikolog	p s i k ɔ l ɔ ɡ
psikoloji	p s i k ɔ l ɔ ʒ i
psikosomatik	p s i c ɔ s ɔ m ɑ t i c
psikoterapi	p s i k ɔ t ɛ ɾ ɑ p i
puan	p u ɑ n
pusula	p u s ú ɫ a
pyongyang	p j o n ɡ j a n ɡ
pöhrenk	p ɶ h ɾ ɛ ɳ c
pırasa	p ɨ ɾ ɑ s ɑ
rahat	ɾ ɑ h ɑ t
rahatsızlanmak	ɾ ɑ h ɑ t s ɯ ʐ ɫ ɑ n m ɑ k
rakam	ɾ ɑ k ɑ m
raket	ɾ a k e t
rakı	ɾ ɑ k ɯ
ranza	r a n z a
rağmen	r aː m ɛ n
reaktör	ɾ ɛː ɑ k t ɶ ɾ
rebetiko	ɾ ɛ b ɛ t i k ɔ
reel	ɾ e ɛ l
reçel	ɾ e t͡ʃ æ l
riboz	ɾ i b o z
rimel	ɾ i m ɛ l
ritüel	ɾ i t y e l
rubai	ɾ ʋ b ɑː iː
ruj	ɾ u ʒ
rumca	ɾ ʊ m d ʒ ɑ
rüya	ɾ ʏ j ɑː
saat	s ɑ̈ː tʲ
sabah	s a b ä h
sabırlı	s ɑ b ɯ ɾ ɫ ɯ
saga	s ɑ ɡ ɑ
saka	s a k a
saksafon	s ɑ k s ɑ f ɔ n
saksı	s ɑ k s ɯ
sakız	s a k ɯ z
salak	s ɑ l ɑ k
salam	s a l á m
salıncak	s ɑ ɫ ɯ n d ʒ ɑ k
saman	s a m a n
samuray	s a m u ɾ a j
sandık	s ɑ n d ɯ k
sansar	s ɑ n s ɑ ɾ
sapan	s ɑ p ɑ n
sapıkça	s ɑ p ɯ k t͡ʃ ɑ
sarmal	s a ɾ m a ɫ
sarmaşık	s a ɾ m a ʃ ɯ k
sarılmak	s ɑ ɾ ɯ ɫ m ɑ k
sarımsak	s a ɾ ɯ m s a k
savaşçı	s ɑ β ɑ ʃ t͡ʃ ɯ
sayfa	s ɑ j f ɑ
saçma	s ɑ t͡ʃ m ɑ
saçmalık	s ɑ t ʃ m ɑ ɫ ɯ k
sağ	s aː
sağlam	s ɑ ɰ ɫ ɑ m
sağrı	s ɑ ɰ ɾ ɯ
sağım	s a ɰ ɯ m
seccade	s ɛ d ʒ d ʒ ɑː d ɛ
seher	s e h e r
sekizgen	s e k i z ɟ e n
semer	s ɛ m e ɾ
semerci	s ɛ m e ɾ d ʒ i
sen	s ɛ n
senkretizm	s ɛ n k ɾ ɛ t i z m
sepet	s ɛ p ɛ t
serçe	s æ ɾ t͡ʃ e̞
sessizlik	s ɛ s s i z l i c
sevdalinka	s ɛ v d ɑ l i ɳ k ɑ
sevdalinka	s ɛ v d ɑː l i ɳ k ɑ
seven	s e v e n
sevilen	s e v i l e n
sevilmek	s e v i ɫ m e c
sevilmemek	s e v i ɫ m e m e c
sevilmeyen	s e v i ɫ m e j e n
sevinmek	s e v i n m e c
sevişmek	s e v i ʃ m e c
sevmek	s e v m e c
seçer	s e t͡ʃ e r
seçilebilir	s e t͡ʃ i l e b i l i ɾ
seçilemez	s e t͡ʃ i l e m e z
seçilir	s e t͡ʃ i ɫ i r
seçilmez	s e t͡ʃ i ɫ m e z
seçmek	s e t͡ʃ m e c
seçmemek	s e t͡ʃ m e m e c
seçmez	s e t͡ʃ m e z
sidik	s i d i c
sigara	s ɪ ɡ ɑ ɾ ɑ
sik	s i c
sikilmek	s i c i l m ɛ c
sikmek	s i c m ɛ c
silgi	s i l ɟ i
silindir	s i l i n d i ɾ
silisyum	s i l i s j u m
simya	s i m j aː
sincap	s i n d͡ʒ ɑ p
sindirim	s i n d i ɾ i m
sinem	s i n e m
singapurlu	s i ɳ ɡ ɑ p u ɾ ɫ u
sinir	s i n i ɾ
sinirlendirici	s i n i ɾ l e n d i ɾ i d͡ʒ i
sinirlendirmeyici	s i n i ɾ l e n d i ɾ m e j i d͡ʒ i
sinirli	s i n i r l i
sinirsiz	s i n i r s i z
sinüs	s i n y s
sistemi	s i s t e m i
sistemim	s i s t e m i m
sistemin	s i s t e m i n
sistemini	s i s t e m i n i
sistemler	s i s t e m l e ɾ
sistemli	s i s t e m l i
sistemsiz	s i s t e m s i z
site	s i t e
sivil	s i v i l
sivilce	s i v i l d ʒ ɛ
sivrisinek	s i v ɾ i s i n ɛ c
siyasetçi	s i j ɑː s ɛ t t͡ʃ i
siğil	s iː í l
skandiyum	s k á n d i j u m
skrotum	s ɯ k ɾ o t u m
smiley	s m a j l e j
sodyum	s ó d j u m
sofyalı	s ɔ f j ɑ ɫ ɯ
sokak	s ɔ k ɑ k
sol	s ɔ lʲ
sol	s ɔ ɫ
solmak	s ɔ ɫ m ɑ k
somali	s o̞ m ä́ l̠ʲ i
sonbahar	s ɔ n b ɑ h ɑ ɾ
sonlu	s o n l ú
sonsuzluk	s o n s u z ɫ u k
sormak	s o ɾ m a k
sorumlu	s o ɾ u m ɫ u
sorumluluk	s o ɾ u m ɫ u ɫ u k
sorumsuz	s o ɾ u m s u z
sorumsuzluk	s o ɾ u m s u z ɫ u k
sosis	s o s í s
sosyolog	s o s j o ɫ o ɟ
sosyoloji	s o s j o l o ʒ i
soygaz	s ɔ j ɡ ɑ z
soylu	s o j l u
spam	s p a m
spamcıl	s p a m d͡ʒ ɯ ɫ
sporcu	s p ɔ ɾ d͡ʒ ʊ
sporcular	s p ɔ ɾ d͡ʒ ʊ ɫ a ɾ
sporcum	s p ɔ ɾ d͡ʒ ʊ m
sporcun	s p ɔ ɾ d͡ʒ ʊ n
sporcunun	s p ɔ ɾ d͡ʒ ʊ n ʊ n
sporcusu	s p ɔ ɾ d͡ʒ ʊ s ʊ
sporcuyu	s p ɔ ɾ d͡ʒ ʊ j ʊ
stant	s t a n t
start	s t a ɾ t
su	s u
sucuk	s u d ʒ u k
sucuklar	s u d ʒ u c l a ɾ
sucuğu	s u d ʒ u ‿ u
sunak	s ʋ n ɑ k
supap	s u p a p
susam	s ʋ s ɑ m
susuz	s u s u z
susuzluk	s u s u z ɫ u k
sutyen	s u t j e n
suçlamak	s u t͡ʃ l a m a k
söyleniş	s ø j l ɛ n i ʃ
söz	s ø z
sözcük	s œ z d͡ʒ y c
sülfür	s y l f y ɾ
sülük	s y l y c
sümeroloji	s y m ə ɾ o l o ʒ i
sümük	s ʏ m ʏ c
sürdürebilirlik	s y ɾ d y ɾ e b i l i ɾ l i c
sürdürmek	s y ɾ d y ɾ m e c
sürdürmemek	s y ɾ d y ɾ m e m e c
sürdürülebilirlik	s y ɾ d y ɾ y l e b i l i ɾ l i c
süreklilik	s y ɾ ɛ c l i l i c
sürgün	s ʏ ɾ ɟ ʏ n
sürmemek	s y ɾ m e m e c
sürpriz	s y p ɾ i z
sürpriz	s y ɾ p ɾ i z
sürülmek	s y ɾ y l m e c
sürülmemek	s y ɾ y l m e m e c
sürüm	s y ɾ y m
sürümde	s y ɾ y m d e
sürümden	s y ɾ y m d e n
sürüme	s y ɾ y m e
sürümler	s y ɾ y m l e ɾ
sürümü	s y ɾ y m y
sürümüm	s y ɾ y m y m
sürümün	s y ɾ y m y n
sürüngen	s ʏ ɾ ʏ ɳ ɟ e n
süspansuar	s y s p ɑ n s ʊː ɑ ɾ
süspansuvar	s y s p ɑ n s ʊ ʋ ɑ ɾ
süt	s y t
sütlaç	s y t l ä t͡ʃ
sütyen	s ʏ d j e n
sütyen	s ʏ t j e n
süzme	s y z m e
süzmek	s y z m e c
sıcaklık	s ɯ d ʒ ɑ k ɫ ɯ k
sıfat	s ɯ f a t
sıfatlar	s ɯ f a t l a r
sıfatı	s ɯ f a t ɯ
sıhhi	s ɯ h h iː
sıkmak	s ɯ k m a k
sıkıntı	s ɯ k ɯ n t ɯ
sıkıntılar	s ɯ c ɾ ɯ n t ɯ l a ɾ
sıkıntıyı	s ɯ k ɯ n t ɯ j ɯ
sınırdaş	s ɯ n ɯ ɾ d a ʃ
sınırlı	s ɯ n ɯ r l ɯ
sınırsız	s ɯ n ɯ r s ɯ z
sıpa	s ɯ p a
sıradan	s ɯ ɾ ɑ d ɑ n
sıçan	s ɯ t͡ʃ ɑ́ n
sığ	s ɨː
taahhüt	t aː h h y t
tabanca	t ɑ b ɑ n d͡ʒ ɑ
taciz	t aː d ʒ i z
tahdit	t a h d i t
taksi	t ɑ k s i
tandır	t ɑ n d ɯ ɾ
tanjant	t a n ʒ a n t
tanrı	t ɑ n ɾ ɯ
taraf	t ɑ ɾ ɑ f
tarihçi	t ɑː ɾ i h t͡ʃ i
tarzanca	t ɑ ɾ z ɑ n d͡ʒ ɑ
tarım	t a ɾ ɯ m
tatar	t a t a ɾ
tatil	t aː t í l
taverna	t ɑ β e ɾ n ɑ
tavuk	t ɑ ʋ u k
tavukgötü	t ɑ β u k ɟ œ t y
tavşan	t ɑ β ʃ ɑ́ n
tayfa	t ɑ j f ɑ
tayga	t a j ɟ a
taç	t ɑ t͡ʃ
taşak	t ɑ ʃ ɑ k
taşak	t ɑ ʃː ɑ k
taşeron	t a ʃ e r o̞ n
tecrit	t e j r i t
teessüf	t e ʔ e s s y f
teessüf	t eː s s y f
tehlikeli	t e h ɫ i k e ɫ i
tehlikesiz	t e h ɫ i k e s i z
tekfur	t ɛ c f ʊ ɾ
tekila	t ɛ c í l a
tekrar	t e k ɾ a ɾ
telli	t e lː i
telofaz	t ɛ ɫ ɔ f ɑ ʐ
tensör	t e n s ø ɾ
tensörler	t e n s ø ɾ l e ɾ
tensörü	t e n s ø ɾ y
tensörüm	t e n s ø ɾ y m
tensörün	t e n s ø ɾ y n
teori	t eː o ɾ i
tercüman	t æ ɾ d ʒ y m ɑ n
testine	t ɛ s t i n ɛ
testinin	t ɛ s t i n i n
tezene	t ɛ z ɛ n ɛ
teğet	t eː e t
tiflis	t i f l i s
tilde	t i l d e
tip	t i p
tipografi	t i p o̞ ɡ r a f i
tipografik	t i p o̞ ɡ r a f i k
tipografya	t i p o̞ ɡ r a f j a
titan	t i t á n
titreşim	t̪ i t̪ ɾ e ʃ i m
tonton	t o n t o n
topik	t ɔ p i c
topografik	t ɔ p ɔ ɡ ɾ ɑ f i c
topçu	t o̞ p t ʃ ʊ
tornavida	t o r n a ʋ i d a
torun	t ɔ ɾ ʊ n
tosbağa	t o s b aː
trafik	t ɾ a f i c
trajik	t r a j iː c
travma	t ɾ ɑ v m ɑ
trende	t ɾ e n d e
trenden	t ɾ e n d e n
trene	t ɾ e n e
treni	t ɾ e n i
trenim	t ɾ e n i m
trenimi	t ɾ e n i m i
trenin	t ɾ e n i n
trenini	t ɾ e n i n i
trenler	t ɾ e n l e ɾ
tulum	t ʋ ɫ ʋ m
tutku	t u t k ú
tuvalet	t u β a l e t
tuğra	t uː ɾ a
tümce	t y m d ʒ ɛ
türkiye	t̪ʰ ý ɾ cʰ i j e̞
türkmence	t y ɾ c m e n d ʒ ɛ
türkân	t y ɾ k j a n
tütmek	t y t m e c
tütsü	t y t s y
tütü	t y t y
tütüncü	t y t y n d ʒ y
tüy	t y j
ugandalı	u ɡ ɑ n d ɑ ɫ ɯ
ukraynaca	ʊ k ɾ ɑ j n ɑ d ʒ ɑ
ukraynalı	ʊ k ɾ ɑ j n ɑ ɫ ɯ
usta	u s t a
utandırmak	u t ɑ n d ɯ ɾ m ɑ k
utanmak	u t ɑ n m ɑ k
uyanmak	u j ɑ n m ɑ k
uydu	u j d u
uzay	u z a j
uçak	u t ʃ a k
uğramak	u ɰ r a m a k
uğramak	uː r a m a k
uğratmak	u ɰ r a t m a k
uğratılmak	u ɰ r a t ɯ l m a k
uğur	u u r
uğur	uː r
uğur	uː ɾ
vade	v ɑː d ɛ
valiz	v a l i z
vampir	β a m p í ɾ
vanadyum	β a n á d j u m
varış	β a ɾ ɯ ʃ
vasat	v ɑ s ɑ t
vasiyet	β a s i j e t
vefat	v e f aː t
vefatlar	v e f aː t ɫ a ɾ
vefatı	v e f aː t ɯ
vefatın	v e f aː t ɯ n
velet	v ɛ l ɛ t
venedikli	v e n e d i k l i
vermek	v e ɾ m e c
vernik	ʋ e ɾ n i k
vernikleme	ʋ e ɾ n i k l e m e
verniklemek	ʋ e ɾ n i k l e m e c
verniklememek	ʋ e ɾ n i k l e m e m e c
veteriner	β ɛ t ɛ ɾ i n e ɾ
veya	v ɛ j ɑː
veyahut	v ɛ j ɑː h u t
vietnamca	v i ɛ t n ɑ m d ʒ ɑ
vietnamlı	v i ɛ t n ɑ m ɫ ɯ
vilayet	v i l a j ɛ t
vinç	v i n̪ t ʃ
viyanalı	v i j ɑ n ɑ ɫ ɯ
voleybol	β o l e j b o ɫ
votka	β ɔ t k ɑ
vurgu	ʋ ʊ ɾ ɡ ʊ
vuvuzela	v u v u z ɛ ɫ ɑ
yahudi	j ɑ h ʊ d i
yahudilik	j ɑ h ʊ d i l i c
yahut	j ɑː h u t
yaklaşmak	j a k ɫ a ʃ m á k
yakmak	j a k m a k
yakmamak	j a k m a m a k
yakut	j ɑː k ʊ t
yakın	j a k ɯ n
yalan	j a ɫ a n
yalnız	j a ɫ n ɯ z
yalnızlık	j a ɫ n ɯ z ɫ ɯ k
yalvarış	j a l β a ɾ ɯ ʃ
yalıtım	j a l ɯ t ɯ m
yamyam	j ɑ m j ɑ m
yangın	j ɑ ŋ ɡ ɯ n
yani	j aː n i
yanlışlık	j a n ɫ ɯ ʃ ɫ ɯ k
yanıtlamak	j ɑ n ɯ t ɫ ɑ m ɑ k
yapboz	j ɑ p b ɔ ʐ
yaprak	j a p r a k
yaprak	j ɑ p ɾ ɑ k
yapıncak	j ɑ p ɯ n d ʒ ɑ k
yara	j ɑ ɾ ɑ
yarak	j a ɾ a k
yarak	j a ɾː a k
yaraklar	j a ɾ a k ɫ a r
yaralı	j ɑ r ɑ ɫ ɯ
yaralı	j ɑ ɾ ɑ l ɯ
yarar	j a ɾ a ɾ
yarasa	j a ɾ á s a
yaratıcı	j ɑ ɾ ɑ t ɯ d͡ʒ ɯ
yardım	j ɑ ɾ d ɯ m
yardımcı	j ɑ ɾ d̪ ɯ m d͡ʒ ɯ
yardımcılık	j ɑ ɾ d̪ ɯ m d͡ʒ ɯ ɫ ɯ k
yardımsever	j ɑ ɾ d ɯ m s e v e ɾ
yardımseverlik	j ɑ ɾ d ɯ m s e v e ɾ ɫ i c
yarmak	j a ɾ m a k
yarmaz	j a ɾ m a z
yarın	j äː ɾ ɯ n
yarışma	j a ɾ ɯ ʃ m a
yasa	j ɑ s ɑ
yasak	j ɑ s ɑ k
yasemin	j ɑː s ɛ m i n
yatay	j ɑ t ɑ j
yavaşça	j ɑ v ɑ ʃ t͡ʃ ɑ
yavru	j a v ɾ u
yavrulamaz	j a v ɾ u ɫ a m a z
yavrular	j a v ɾ u ɫ a ɾ
yavrum	j a v ɾ u m
yavrun	j a v ɾ u n
yavrunun	j a v ɾ u n u n
yavrusu	j a v ɾ u s u
yavruyu	j a v ɾ u j u
yavşak	j a v ʃ a k
yaya	j a j a
yayımcılık	j a j ɯ m d͡ʒ ɯ ɫ ɯ c
yayıncılık	j a j ɯ n d͡ʒ ɯ ɫ ɯ c
yazarım	j a z a ɾ ɯ m
yazma	j a z m a
yazmak	j a z m a k
yazmalar	j a z m a ɫ a ɾ
yazmam	j a z m a m
yazmamak	j a z m a m a c
yazmanın	j a z m a n ɯ n
yazmayı	j a z m a j ɯ
yazın	j ɑ z ɯ n
yağma	j ɑ ɰ m ɑ
yağmur	j äː m u ɾ̝̊
yağmurlu	j aː m u ɾ ɫ u
yağış	j ɑ ɰ ɯ ʃ
yaşasın	j ɑ ʃ ɑ s ɯ n
yedigen	j e d i ɟ e n
yedirmek	j ɛ d i ɾ m ɛ k
yedirtmek	j ɛ d i ɾ t m ɛ k
yedirtmemek	j ɛ d i ɾ t m ɛ m ɛ k
yemek	j ɛ m ɛ c
yemeni	j ɛ m ɛ n i
yemiş	j ɛ m i ʃ
yemişi	j ɛ m i ʃ i
yemişler	j ɛ m i ʃ l e ɾ
yendirmek	j ɛ n d i ɾ m ɛ k
yendirtmek	j ɛ n d i ɾ t m ɛ k
yengeç	j ɛ n ɟ ɛ t ʃ
yenmek	j æ n m ɛ k
yepyeni	j e p j e n i
yeti	j e t i
yetmiş	j ɛ t m i ʃ
yeşim	j e ʃ i m
yirmigen	j i r m i ɟ e n
yiğit	j i i t
yiğit	j iː t
yol	j ɔ ɫ
yolcu	j ɔ ɫ d ʒ u
yorgunluk	j o ɾ ɟ u n ɫ u k
yoğurt	j o ʊ ɾ t
yoğurt	j oː ɾ t
yoğurtçu	j o ʊ r t t͡ʃ ʊ
yoğurtçuluk	j o ʊ r t t͡ʃ ʊ ɫ ʊ k
yufka	j ʊ f k ɑ
yugoslavya	j ɔ ɡ ɔ s ɫ ɑː v i j ɑ
yugoslavya	j ɔ ɡ ɔ s ɫ ɑː v j ɑ
yugoslavya	j ʋ ɡ ɔ s ɫ ɑ v j ɑ
yumurtalık	j ʊ m ʊ ɾ t ɑ ɫ ɯ k
yunan	j u n ɑ n
yunanca	j u n ɑ n d͡ʒ ɑ
yunanistan	j u n a n i s t a n
yutak	j ʋ t ɑ k
yutmak	j u t m ɑ k
yöre	j ø ɾ ɛ
yörünge	j ø r y n ɡ e
yürek	j y ɾ ɛ c
yüzleşmek	j y z l e ʃ m e k
yıldırı	j ɯ ɫ d ɯ ɾ ɯ
yıldız	j ɯ ɫ d ɯ́ z
yıldızıl	j ɯ l d ɯ z ɯ l
yılmaz	j ɯ ɫ m ɑ z
zafer	z ɑ f e ɾ
zaferde	z ɑ f e ɾ d ɛ
zaferden	z ɑ f e ɾ d e n
zafere	z ɑ f ɛ ɾ ɛ
zaferi	z ɑ f ɛ ɾ i
zaferin	z ɑ f ɛ ɾ i n
zaferler	z ɑ f e ɾ l e ɾ
zaferlerde	z ɑ f e ɾ l e ɾ d ɛ
zaferlerden	z ɑ f e ɾ l e ɾ d e n
zaferlere	z ɑ f e ɾ l ɛ ɾ ɛ
zaferleri	z ɑ f e ɾ l ɛ ɾ i
zaferlerin	z ɑ f e ɾ l ɛ ɾ i n
zahmet	z ɑ h m ɛ t
zam	ʐ ɑ m
zaman	z ɑ m ɑː n
zaman	z ɑ m ɑ́ n
zangoç	z ɑ ŋ ɡ o t͡ʃ
zarf	z a ɾ f
zavallı	z ɑ v ɑ ɫ ɫ ɯ
zavar	z ɑ v ɑ ɾ
zebra	z e b ɾ ɑ
zehra	z ɛ h ɾ ɑː
zeval	z e v ɑ ɫ
zibidi	z i b i d i
zibidide	z i b i d i d e
zibididen	z i b i d i d e n
zibidiler	z i b i d i l e ɾ
zibidilerde	z i b i d i l e ɾ d e
zibidilerden	z i b i d i l e ɾ d e n
zibidilere	z i b i d i l e ɾ e
zibidileri	z i b i d i l e ɾ i
zibidilerim	z i b i d i l e ɾ i m
zibidilerin	z i b i d i l e ɾ i n
zibidim	z i b i d i m
zibidin	z i b i d i n
zibidinin	z i b i d i n i n
zibidisi	z i b i d i s i
zibidiye	z i b i d i j e
zibidiyi	z i b i d i y i
zibil	z i b i l
ziggurat	z i ɡ ɡ u ɾ ɑ t
zinhar	z i n h ɑ ɾ
ziyaret	z i j ɑː ɾ ɛ t
ziyaretçi	z i j ɑː ɾ ɛ t t ʃ i
zombi	z o m b i
zorluk	z o ɾ ɫ u k
zulüm	z u l y m
zurna	z u ɾ n ɑ
âlem	aː l ɛ m
âlemi	aː l ɛ m i
âlemler	aː l ɛ m l ɛ ɾ
âmâ	aː m aː
âmâdır	aː m aː d ɯ ɾ
âmâlar	aː m aː ɫ a ɾ
âmâsın	aː m aː s ɯ n
âmâyı	aː m aː j ɯ
âmâyım	aː m aː j ɯ m
âşık	ɑː ʃ ɯ k
çabucak	t͡ʃ ɑ b u d͡ʒ ɑ k
çakal	t ʃ ɑ k ɑ ɫ
çakma	t͡ʃ ɑ k m ɑ
çalgı	t͡ʃ ɑ ɫ ɡ ɯ
çalgıcı	t͡ʃ ɑ ɫ ɡ ɯ d ʒ ɯ
çalgıç	t͡ʃ ɑ ɫ ɡ ɯ t͡ʃ
çalışma	t͡ʃ a ɫ ɯ ʃ m a
çalışmak	t͡ʃ ɑ ɫ ɯ ʃ m ɑ k
çalışmamak	t͡ʃ ɑ ɫ ɯ ʃ m ɑ m ɑ k
çap	t͡ʃ ɑ p
çapa	t͡ʃ ɑ p ɑ
çarşaf	t͡ʃ a ɾ ʃ a f
çatlak	t ʃ ɑ t ɫ ɑ k
çatlak	t ʃ ɑ t ɫ ɑ x
çavuş	t͡ʃ ɑ v ʊ ʃ
çaydanlık	t ʃ a j d a n ɫ ɯ k
çağ	t͡ʃ ɑː
çağdaş	t͡ʃ ɑː d ɑ ʃ
çeker	t͡ʃ ɛ c ɛ ɾ
çekirge	t ʃ e k i ɾ ɟ e
çekmece	t͡ʃ ɛ c m ɛ d ʒ ɛ
çekmek	t͡ʃ ɛ c m ɛ c
çekmez	t͡ʃ ɛ c m ɛ z
çelenk	t͡ʃ ɛ l ɛ ŋ k
çember	t͡ʃ e m b e ɾ
çernobil	t͡ʃ e ɾ n ɔ b i l
çerçi	t͡ʃ ə ɾ t͡ʃ i
çevre	t͡ʃ e v ɾ ɛ
çeşni	t͡ʃ ɛ ʃ n i
çift	t ʃ i f t
çiftetelli	t͡ʃ i f t ɛ t e lː i
çiftlik	t͡ʃ i f t l i c
çikolata	t ʃ i k o ɫ a t a
çinko	t ʃ í n k o
çirkinlik	t ʃ i ɾ k i n l i c
çizgi	t͡ʃ i z ɟ i
çizmeci	t͡ʃ i z m ɛ d ʒ i
çiçe	t ʃ i t ʃ ɛ
çiçek	t͡ʃ ɪ t͡ʃ ɛ c
çocuk	t͡ʃ o̞ d͡ʒ u k
çocuklardan	t͡ʃ o d͡ʒ u k l a ɾ d a n
çocukluk	t ʃ o d ʒ u k ɫ u k
çok	t ʃ ɔ k
çokgen	t ʃ o k ɟ e n
çorap	t͡ʃ ɔ ɾ ɑ p
çubuk	t ʃ u b u k
çubuklu	t͡ʃ u b u k ɫ u
çubuksuz	t͡ʃ u b u k s u z
çökelek	t͡ʃ ɶ c ɛ l ɛ c
çökelti	t͡ʃ ø k e ɫ t i
çökermek	t͡ʃ ø k e ɾ m e c
çökerti	t͡ʃ ø k e ɾ t i
çökertici	t͡ʃ ø k e ɾ t i j i
çökertmek	t͡ʃ ø k e ɾ t m e c
çökertmemek	t͡ʃ ø k e ɾ t m e m e c
çöp	t͡ʃ ø p
çürümek	t͡ʃ y r y m e c
çürümemek	t͡ʃ y r y m e m e c
çılgın	t ʃ ɯ ɫ ɟ ɯ n
çılgınlık	t ʃ ɯ ɫ ɟ ɯ n ɫ ɯ k
çıpa	t͡ʃ ɯ p ɑ
çıplak	t͡ʃ ɯ p ɫ ɑ k
çıplaklık	t͡ʃ ɯ p ɫ ɑ k ɫ ɯ k
ödev	ø d e v
öglena	ø ɟ l e n ɑ
öküz	ø c y z
öldürtmek	ø ɫ d y ɾ t m e k
öldürtülmek	ø ɫ d y ɾ t y ɫ m e k
öldürülmek	ø ɫ d y ɾ y ɫ m e k
ölmek	œ l m ɛ c
ölümlü	ø ɫ y m l y
ölümlülük	œ ɫ y m ɫ y ɫ y c
ölümsüz	ø ɫ y m s y z
ölümsüzlük	œ ɫ y m s y z ɫ y c
ölünmek	ø ɫ y n m e k
önce	ø n d͡ʒ ɛ
öncelik	ø n d ʒ ɛ l i c
önyargı	œ n j a r ɡ ɯ
ördek	ø ɾ̝̊ d é c
örnek	ø ɾ n e c
örs	ɶ ɾ s
örtü	ɶ ɾ t y
örümcek	œ ɾ y m d ʒ ɛ c
öteki	œ t ɛ c i
öz	ø z
özer	œ z æ ɾ
özgemek	ø z ɡ ɛ m ɛ c
özgü	ø z ɟ y
özlem	ø z l e m
özür	ø z y ɾ
öğretmeni	ø ɰ ɾ e t m e n i
öğretmenim	ø ɰ ɾ e t m e n i m
öğretmenin	ø ɰ ɾ e t m e n i n
öğütücü	œ ɰ y t y d͡ʒ y
ücretlilik	y d͡ʒ ɾ e t l i l i k
ücretsizlik	y d͡ʒ ɾ e t s i z l i k
ünlü	y n l y
ünsüz	y n s y z
üretmek	y ɾ ɛ t m ɛ c
ürün	y ɾ y n
üstünde	y s t y n d e
üstüne	y s t y n e
ütü	y t y
üyelik	y j ɛ l i c
üzerinde	y z e ɾ i n d e
üzerine	y z ɛ ɾ i n e
üçgen	y t ʃ ɟ e n
üçlü	y t͡ʃ l y
üçüncül	y t͡ʃ y n d͡ʒ y ɫ
ğ	j
ğ	ɣ
ğ	ɰ
ğ	ː
ırak	ɯ ɾ a k
ıslaklık	ɯ s ɫ a k l ɯ k
ıstakoz	ɯ s̪ t̪ ä k o̞ s̪
ışık	ɯ ʃ ɯ k
şaban	ʃ aː b a n
şafak	ʃ ɑ f ɑ k
şahmeran	ʃ ɑ h m e ɾ ɑ n
şahmerdan	ʃ ɑ h m e ɾ d ɑ n
şair	ʃ aː i ɾ
şakşakçı	ʃ ɑ k ʃ ɑ k t͡ʃ ɯ
şamandıra	ʃ ɑ m ɑ n d ɯ ɾ ɑ
şamdan	ʃ ɑ m d ɑ n
şamisen	ʃ ɑ m ɪ s e n
şampiyonluk	ʃ ɑ m p i j ɔ n ɫ u k
şapkacı	ʃ ɑ p k ɑ d ʒ ɯ
şarap	ʃ ɑ ɾ ɑ p
şarapçı	ʃ ɑ ɾ ɑ p t͡ʃ ɯ
şarkıcılık	ʃ a ɾ k ɯ d ʒ ɯ ɫ ɯ k
şato	ʃ a t o
şebnem	ʃ ɛ b n æ m
şeker	ʃ e c æ ɾ
şelale	ʃ ɛ l ɑː l ɛ
şemsiye	ʃ ɛ m s i j ɛ
şen	ʃ e n
şerbetli	ʃ e ɾ b ɛ t l i
şerbetçi	ʃ e ɾ b ɛ t t͡ʃ i
şerbetçilik	ʃ e ɾ b ɛ t t͡ʃ i l i c
şey	ʃ ɛ j
şifonyer	ʃ i f ɔ n j e ɾ
şiir	ʃ iː ɾ
şive	ʃ iː β ɛ
şizofreni	ʃ i z o f ɾ ɛ n i
şişlik	ʃ i ʃ l i c
şişman	ʃ i ʃ m a n
şok	ʃ ɔ k
şort	ʃ ɔ ɾ t
şov	ʃ o v
şunlar	ʃ ʋ n ɫ ɑ ɾ
şuur	ʃ u u ɾ
şuurlar	ʃ u u ɾ ɫ a ɾ
şuuru	ʃ u u ɾ u
şırınga	ʃ ɯ ɾ ɯ ŋ ɡ ɑ
