ⴰ	j ɑ
ⴰ	ɑ
ⴰⴱⴰⴱⴱⵓⵥ	ɑ β ɑ̝ bː ʊ̙̞ zˤ
ⴰⴱⴰⵏⴷⵓ	æ β æ̝ n̪ ð u
ⴰⴱⵅⵅⵓⵛ	æ β ə χː ʊ̙̞ ʃ
ⴰⴱⵓⴱⴱⵓ	æ b u̞ bː u
ⴰⴱⵓⴱⴱⵓ	æ β u̞ bː u
ⴰⴱⵔⴹⵓⴹ	ɑ β r̩ˤ ðˤ ʊ̙̞ ðˤ
ⴰⴱⵔⴽⴰⵏ	æ β r̩ ç æ̝ n̪
ⴰⴱⵔⵉⴷ	æ̝ β r i̞ ð
ⴰⴱⵔⵛⴰⵏ	æ β r̩ ʃ æ̝ n̪
ⴰⴱⵕⴹⵓⴹ	ɑ β r̩ˤ ðˤ ʊ̙̞ ðˤ
ⴰⴳⴰⴷⵉⵔ	æ ʝ æ ð i̞ r
ⴰⴳⴰⵎⴰ	æ ʝ æ m ɑ
ⴰⴳⴰⵎⴰⵏ	æ ʝ æ m æ̝ n̪
ⴰⴳⴰⵜⵓ	æ ʝ æ θ u
ⴰⴳⴳⵓ	æ̝ ɟː u
ⴰⴳⴳⵓⵔ	æ̝ ɟː u̞ r
ⴰⴳⴷⵉ	æ̝ ʝ ð i
ⴰⴳⴷⵓⴷ	æ̝ ʝ ð u̞ ð
ⴰⴳⴹⵉⴹ	ɑ̝ ʝ ðˤ ɪ̙̞ ðˤ
ⴰⴳⵊⴷⵉ	æ ʝ ə ʒ ð i
ⴰⴳⵍⵍⵉⴷ	æ ʝ l̩ː i̞ ð
ⴰⴳⵏⴰⵔ	æ̝ ʝ n̪ æ̝ r
ⴰⴳⵔⵉⵙ	æ̝ ʝ r i̞ s
ⴰⴳⵯⵍⵉⵎ	æ̝ ɣʷ l i̞ m
ⴰⴳⵯⵍⵎⴰⵎ	æ ɣʷ l̩ m æ̝ m
ⴰⴳⵯⵍⵎⵉⵎ	æ ɣʷ l̩ m i̞ m
ⴰⴳⵯⵏⵉ	æ̝ ɣʷ n̪ i
ⴰⴳⵯⵔⵉⵙ	æ̝ ɣʷ r i̞ s
ⴰⴷ	æ̝ ð
ⴰⴷⴰⵙⵉⵍ	æ ð æ s i̞ l
ⴰⴷⴼⵍ	æ̝ θ f l̩
ⴰⴷⵉⵙ	æ ð i̞ s
ⴰⴷⵔⴰⵔ	æ̝ ð r æ̝ r
ⴰⴷⵡⴰⵙ	æ̝ ð w æ̝ s
ⴰⴹⴰⴹ	ɑ ðˤ ɑ̝ ðˤ
ⴰⴹⴰⵔ	ɑ ðˤ ɑ̝ rˤ
ⴰⴹⴰⵕ	ɑ ðˤ ɑ̝ rˤ
ⴰⴹⵏ	ɑ ðˤ n̪̩
ⴰⴹⵓ	ɑ ðˤ ʊ̙
ⴰⴼⴰ	æ f ɑ
ⴰⴼⴰⵍⴽⵓ	æ f æ̝ l ç u
ⴰⴼⴰⵙⵉ	æ f æ s i
ⴰⴼⴼ	æ̝ fː
ⴰⴼⵓⴷ	æ f u̞ ð
ⴰⴼⵓⵙ	æ f u̞ s
ⴰⴼⵔ	æ f r̩
ⴰⴼⵔⴰ	æ̝ f r ɑ
ⴰⴼⵔⴷⵉⵙ	æ f r̩ ð i̞ s
ⴰⴼⵔⵡ	æ̝ f r u̞ w
ⴰⴼⵙⵙⴰⵢ	æ f ə sː æ̝ j
ⴰⴽⴰⵍ	æ ç æ̝ l
ⴰⴽⵙⵉⵍ	æ̝ ç s i̞ l
ⴰⴽⵙⵓⵎ	æ̝ ç s u̞ m
ⴰⵀⴰⴷ	æ h æ̝ ð
ⴰⵀⵉⵜⵓⵔ	æ h i θ u̞ r
ⴰⵄⴱⴰⵏ	ɑ̝ ʕ b æ̝ n̪
ⴰⵄⴱⴰⵏ	ɑ̝ ʕ β æ̝ n̪
ⴰⵄⴷⴷⵉⵙ	ɑ ʕ ə d̪ː i̞ s
ⴰⵅ	ɑ̝ χ
ⴰⵅⴰⵜⴰⵔ	ɑ χ ɑ θ æ̝ r
ⴰⵅⴱⴰⵛ	ɑ̝ ʁ β æ̝ ʃ
ⴰⵅⵍⵉⵊⵊ	ɑ̝ χ l i̞ d͡ʒː
ⴰⵅⵎⵉⵎ	ɑ̝ χ m i̞ m
ⴰⵇⴷⵉⵎ	ɑ̝ q ð i̞ m
ⴰⵇⵎⵓ	ɑ̝ q m u
ⴰⵇⵕⵕⵓ	ɑ q r̩ˤː ʊ̙
ⴰⵇⵛⴰⵛ	ɑ̝ q ʃ æ̝ ʃ
ⴰⵇⵛⵎⵉⵔ	ɑ q ə ʃ m i̞ r
ⴰⵇⵛⵓⵔ	ɑ̝ q ʃ u̞ r
ⴰⵊⴷⴷⵉⴳ	æ ʒ ə d̪ː i̞ ʝ
ⴰⵊⴹⵉⴹ	ɑ̝ ʒ ðˤ ɪ̙̞ ðˤ
ⴰⵊⵢ	æ ʒ i̞ j
ⴰⵍ	æ̝ l
ⴰⵍⴰⵖⵎⵓ	æ l ɑ̝ ʁ m u
ⴰⵍⴳⴳⵯⴰⵖ	æ l ə ɡʷː ɑ̝ ʁ
ⴰⵍⵅⵉⵅ	æ̝ l χ ɪ̙̞ χ
ⴰⵍⵍ	æ̝ lː
ⴰⵍⵍⵏ	æ̝ lː n̪̩
ⴰⵍⵡⵡⴰⵖ	æ l ə ɡʷː ɑ̝ ʁ
ⴰⵍⵢ	æ l i̞ j
ⴰⵎⴰⴹⴰⵍ	ɑ m ɑ ðˤ ɑ̝ l
ⴰⵎⴰⵍⵓ	æ m æ l u
ⴰⵎⴰⵏ	æ m æ̝ n̪
ⴰⵎⴰⵖⵓⴷ	æ m ɑ ʁ ʊ̙̞ ð
ⴰⵎⴰⵣⵉⵖ	æ m æ z ɪ̙̞ ʁ
ⴰⵎⴳⵔⴹ	æ̝ m ʝ r̩ˤ ðˤ
ⴰⵎⴳⵔⴹ	ɑ̝ m ʝ r̩ˤ ə ðˤ
ⴰⵎⴷⴰ	æ̝ m ð ɑ
ⴰⵎⴷⴷⴰⴽⴽⵯⵍ	æ m ə d̪ː æ̝ kʷː l̩
ⴰⵎⴷⵖ	æ̝ m ð ə ʁ
ⴰⵎⴹⴰⵏ	ɑ̝ m ðˤ ɑ̝ n̪
ⴰⵎⴹⵓⵡⵔ	ɑ̝ m ðˤ ʊ̙ w r̩ˤ
ⴰⵎⴽⴽⵓⵥ	ɑ m ə cː ʊ̙̞ zˤ
ⴰⵎⴽⵔⴰⴹ	ɑ m ə ç rˤ ɑ̝ ðˤ
ⴰⵎⴽⵕⴰⴹ	ɑ m ə ç rˤ ɑ̝ ðˤ
ⴰⵎⵀⴰⴷ	æ̝ m h æ̝ ð
ⴰⵎⵇⵇⵔⴰⵏ	æ m ə qː r æ̝ n̪
ⴰⵎⵍⵍⴰⵍ	æ m l̩ː æ̝ l
ⴰⵎⵓⴷ	æ m u̞ ð
ⴰⵎⵓⴹⵉⵏ	ɑ m ʊ̙ ðˤ ɪ̙̞ n̪
ⴰⵎⵓⵏⵙⴽⴰⵍ	æ m u n̪ ə s ç æ̝ l
ⴰⵎⵓⵛⵛ	æ m u̞ t͡ʃː
ⴰⵎⵖⵔⵉⴱⵉ	æ m ə ʁ r i β i
ⴰⵎⵖⵔⵓⵏ	æ m ə ʁ r u̞ n̪
ⴰⵎⵖⵖⵔⴰⵏ	æ m ə qː r æ̝ n̪
ⴰⵎⵛⵉⵛ	æ̝ m ʃ i̞ ʃ
ⴰⵎⵟⵟⴰ	ɑ m ə t̪ˤː ɑ
ⴰⵎⵟⵟⴰⵡ	ɑ m ə t̪ˤː ɑ̝ w
ⴰⵎⵢⴰ	æ̝ m j ɑ
ⴰⵎⵣⵔⵓⵢ	æ m ə z r u̞ j
ⴰⵎⵥ	ɑ m ə zˤ
ⴰⵎⵥⵢⴰⵏ	ɑ m ə zˤ j ɑ̝ n̪
ⴰⵎⵥⵥⵓⵖ	ɑ m ə zˤː ʊ̙̞ ʁ
ⴰⵎⵥⵥⵢⴰⵏ	ɑ m ə zˤː j ɑ̝ n̪
ⴰⵏⴰⵎⵓⵔ	æ n̪ æ m u̞ r
ⴰⵏⴰⵏⴰⵚ	ɑ n̪ ɑ n̪ ɑ̝ sˤ
ⴰⵏⴼⴰⵍ	æ̝ n̪ f æ̝ l
ⴰⵏⵏⴰⵢ	æ̝ n̪ː æ̝ j
ⴰⵏⵓ	æ n̪ u
ⴰⵏⵛⵓⵛ	æ̝ n̪ ʃ u̞ ʃ
ⴰⵏⵣⴰⵔ	æ̝ n̪ z æ̝ r
ⴰⵏⵥⴰⵔ	ɑ̝ n̪ zˤ ɑ̝ rˤ
ⴰⵏⵥⴰⵕ	ɑ̝ n̪ zˤ ɑ̝ rˤ
ⴰⵔⴰⵎ	æ r æ̝ m
ⴰⵔⴰⵙ	æ r æ̝ s
ⴰⵔⴱⴰ	æ̝ r β ɑ
ⴰⵔⴳⴰⵏ	æ̝ r ʝ æ̝ n̪
ⴰⵔⴳⴰⵣ	æ̝ r ʝ æ̝ z
ⴰⵔⵉⵎ	æ r i̞ m
ⴰⵔⵡ	æ r u̞ w
ⴰⵔⵢⴰⵣ	æ̝ r j æ̝ z
ⴰⵖ	ɑ̝ ʁ
ⴰⵖⵉⵍⴰⵙ	ɑ ʁ ɪ̙ l æ̝ s
ⴰⵖⵓ	ɑ̝ ʁː ʊ̙
ⴰⵖⵓⵍⵉⴷ	ɑ ʁ ʊ̙ l i̞ ð
ⴰⵖⵔⴱⵉ	ɑ ʁ r̩ β i
ⴰⵖⵔⵓⵎ	ɑ̝ ʁ r u̞ m
ⴰⵖⵖⵓ	ɑ̝ ʁː ʊ̙
ⴰⵖⵣⵣⴰⴼ	ɑ ʁ ə zː æ̝ f
ⴰⵙ	æ̝ s
ⴰⵙⴳⴳⵯⴰⵙ	æ s ə ɡʷː æ̝ s
ⴰⵙⴳⴷ	æ̝ z ʝ ə ð
ⴰⵙⴽⵍⵓ	æ s ə ç l u
ⴰⵙⵇⵇⵏ	æ s ə qː n̪̩
ⴰⵙⵉ	æ s i
ⴰⵙⵉⴹⵏ	ɑ sˤ ɪ̙ ðˤ n̪̩
ⴰⵙⵉⴼ	æ s i̞ f
ⴰⵙⵍⵎ	æ̝ s l m̩
ⴰⵙⵏⴳⴰⵔ	æ s n̪̩ ʝ æ̝ r
ⴰⵙⵓⴷⴷⵔ	æ s u̞ d̪ː r̩
ⴰⵙⵓⵎⵔ	æ s u m r̩
ⴰⵙⵓⵖⵏ	æ s ʊ̙ ʁ n̪̩
ⴰⵙⵙ	æ̝ sː
ⴰⵙⵢ	æ s i̞ j
ⴰⵛⴰⵍ	æ ʃ æ̝ l
ⴰⵛⴹⴹⵡⴰⵏ	ɑ ʃ ə t̪ˤː w ɑ̝ n̪
ⴰⵛⵏⵢⴰⵍ	æ ʃ n̪̩ j æ̝ l
ⴰⵛⵔ	æ ʃ r̩
ⴰⵛⵛⵔ	æ̝ t͡ʃː r̩
ⴰⵛⵟⵟⵡⴰⵏ	ɑ ʃ ə t̪ˤː w ɑ̝ n̪
ⴰⵜⴰⵢ	æ θ æ̝ j
ⴰⵡⴰⵍ	æ w æ̝ l
ⴰⵡⴽⴽⵉⵡ	æ w ə cː i̞ w
ⴰⵡⵏⴳⵉⵎ	æ w n̪̩ ʝ i̞ m
ⴰⵡⵔⴰⵖ	æ̝ w r ɑ̝ ʁ
ⴰⵡⵔⴰⵙ	æ̝ w r æ̝ s
ⴰⵢⴰⴷ	æ j æ̝ ð
ⴰⵢⴷⵉ	æ̝ j ð i
ⴰⵢⵉⵏ	æ j i̞ n̪
ⴰⵢⵉⵙ	æ j i̞ s
ⴰⵢⵊⵊⵉⴳ	æ j ə d͡ʒː i̞ ʝ
ⴰⵢⵓⵔ	æ j u̞ r
ⴰⵣⴰⴳⴳⵯⵣ	æ z æ̝ ɡʷː ə z
ⴰⵣⴰⵍ	æ z æ̝ l
ⴰⵣⴰⵔⵓ	æ z æ r u
ⴰⵣⴳⴳⵯⴰⵖ	æ z ə ɡʷː ɑ̝ ʁ
ⴰⵣⴳⵣⴰ	æ z i̞ ʝ z ɑ
ⴰⵣⴳⵣⴰⵡ	æ z i̞ ʝ z æ̝ w
ⴰⵣⵓⵍ	æ z u̞ l
ⴰⵣⵔⵉⵔⵉⴳ	æ̝ z r i r i̞ ʝ
ⴰⵣⵡⵓ	æ̝ z w u
ⴰⵣⵡⵡⴰⵖ	æ z ə ɡʷː ɑ̝ ʁ
ⴰⵣⵢⴰⵎ	æ̝ z j æ̝ m
ⴰⵣⵣⴰⵔ	æ̝ zː æ̝ r
ⴰⵣⵣⵍ	æ̝ zː l̩
ⴰⵥⵍⵎⴰⴹ	ɑ zˤ l̩ m ɑ̝ ðˤ
ⴰⵥⵓⵎ	ɑ zˤ ʊ̙̞ m
ⴰⵥⵓⵔ	ɑ zˤ ʊ̙̞ rˤ
ⴰⵥⵓⵕ	ɑ zˤ ʊ̙̞ rˤ
ⴰⵥⵔⴼ	ɑ̝ zˤ rˤ ə f
ⴰⵥⵔⵓ	ɑ̝ zˤ rˤ ʊ̙
ⴰⵥⵕⴼ	ɑ̝ zˤ rˤ ə f
ⴰⵥⵕⵓ	ɑ̝ zˤ rˤ ʊ̙
ⴱ	j æ̝ β
ⴱ	ə β
ⴱⴰⵍⵎⴰ	β æ̝ l m ɑ
ⴱⴱⴰ	bː ɑ
ⴱⴱⵢ	bː i̞ j
ⴱⴷⴷ	β ə d̪ː
ⴱⴷⴷⵍ	β ə d̪ː l̩
ⴱⴻⵏⴰⴷⵎ	β n̪̩ æ ð m̩
ⴱⵄⴷ	b ʕ ə ð
ⴱⵄⴷ	β ʕ ə ð
ⴱⵏⴰⴷⵎ	β n̪ æ ð m̩
ⴱⵏⴰⴷⵎ	β n̪̩ æ ð m̩
ⴱⵔⵔⵃ	β r̩ː ə ħ
ⴱⵔⵔⵎ	β r̩ː m̩
ⴱⵔⵛⵎ	β r̩ ʃ m̩
ⴱⵣⵢ	β z i̞ j
ⴱⵣⵣⴰⴼ	β ə zː æ̝ f
ⴳ	i̞ ʝ
ⴳ	j æ̝ ʝ
ⴳⴰⵔ	ʝ æ̝ r
ⴳⴳⴰⵍⵍ	ɟː æ̝ lː
ⴳⴳⵉⴷⵉ	ɟː i ð i
ⴳⴳⵯⴷ	ɡʷː ə ð
ⴳⵎⴰ	ʝ m ɑ
ⴳⵎⵔ	ʝ m r̩
ⴳⵏ	ʝ n̪̩
ⴳⵏⵓ	ʝ n̪ u
ⴳⵔ	ʝ r̩
ⴳⵔⵙ	ʝ r ə s
ⴳⵣⵉⵍ	ʝ z i̞ l
ⴳⵯⵜ	ɣʷ ə θ
ⴷ	j æ̝ ð
ⴷ	ə ð
ⴷⴰⴷ	ð æ̝ ð
ⴷⴷⴰⵡ	d̪ː æ̝ w
ⴷⴷⵓ	d̪ː u
ⴷⴷⵔ	d̪ː r̩
ⴷⴷⵣⴰⵢⵔ	d̪ː z æ j r̩
ⴷⴼⴼⵉⵔ	ð ə fː i̞ r
ⴷⴼⵄ	θ f ə ʕ
ⴷⵉⵏ	ð i̞ n̪
ⴷⵔⵓⵛ	ð r u̞ ʃ
ⴷⵢ	ð i̞ j
ⴹ	j ɑ̝ ðˤ
ⴹ	ə ðˤ
ⴹⴰⵔ	ðˤ ɑ̝ rˤ
ⴹⴰⵕ	ðˤ ɑ̝ rˤ
ⴹⴹⴹ	t̪ˤ ə ðˤ
ⴹⵓⵡⵔ	ðˤ ʊ̙ w r̩ˤ
ⴹⵔ	ðˤ r̩ˤ
ⴹⵕ	ðˤ r̩ˤ
ⴻ	j i̞ j
ⴻ	ə
ⴼ	j æ̝ f
ⴼ	ə f
ⴼⴰⴷ	f æ̝ ð
ⴼⴰⴼⴰ	f æ f ɑ
ⴼⴼⵖ	fː ə ʁ
ⴼⴽ	f ə ç
ⴼⵍⵉⵢ	f l i̞ j
ⴼⵔⴼⵔ	f r̩ f r̩
ⴼⵙⴷ	f s ə ð
ⴼⵙⵓⵙ	f s u̞ s
ⴼⵙⵢ	f s i̞ j
ⴼⵛ	f ə ʃ
ⴼⵜⵉⵙ	f θ i̞ s
ⴽ	j æ̝ ç
ⴽ	ə ç
ⴽⴰⵀⵉⵏⴰ	ç æ h i n̪ ɑ
ⴽⴳⴳ	ç ə ɟː
ⴽⴹⵓ	ʝ ðˤ ʊ̙
ⴽⴼ	ç ə f
ⴽⴽⵓⵥ	cː ʊ̙̞ zˤ
ⴽⴽⵔ	cː r̩
ⴽⵊⵎ	ʝ ʒ m̩
ⴽⵎⴹ	ç m ə ðˤ
ⴽⵎⵎ	ç m̩ː
ⴽⵎⵣ	ç m ə z
ⴽⵏⵉⵏⵜⵉ	ç n̪ i̞ n̪ θ i
ⴽⵓⵍ	k u̞ l
ⴽⵓⵍ	ç u̞ l
ⴽⵓⵏⵏⵉ	ç u̞ n̪ː i
ⴽⵔⴰⴹ	ç rˤ ɑ̝ ðˤ
ⴽⵔⴼ	ç r ə f
ⴽⵔⵙ	ç r ə s
ⴽⵔⵣ	ç r ə z
ⴽⵕⴰⴹ	ç rˤ ɑ̝ ðˤ
ⴽⵯⵏⵏⵉ	xʷ n̪̩ː i
ⴽⵯⵏⵏⵉⵎⵜⵉ	xʷ n̪̩ː i̞ m θ i
ⵀ	j æ̝ h
ⵀ	ə h
ⵀⴷⵔ	h ð r̩
ⵀⵣⵣⴰ	h ə zː ɑ
ⵃ	j ɑ̝ ħ
ⵃ	ə ħ
ⵃⴰⵙⴱ	ħ ɑ s ə β
ⵃⴼⵓ	ħ f u
ⵃⵎⵓ	ħ m u
ⵃⵏⵃⵏ	ħ n̪̩ ħ n̪̩
ⵃⵏⵢⵉ	ħ n̪̩ j i
ⵃⵓⴹⵔ	ħ ʊ̙ ðˤ r̩ˤ
ⵄ	j ɑ̝ ʕ
ⵄ	ə ʕ
ⵄⴰⵔⵉ	ʕ ɑ r i
ⵄⴰⵡⵏ	ʕ ɑ w n̪̩
ⵄⴷⴷⵓ	ʕ ə d̪ː u
ⵄⵍⴰⵃⵇⵇ	ʕ l ɑ ħ ə qː
ⵄⵎⵎⵔ	ʕ m̩ː r̩
ⵄⵓⵎ	ʕ ʊ̙̞ m
ⵄⵛⵔⴰ	ʕ ə ʃ r ɑ
ⵄⵛⵔⵉⵏ	ʕ ə ʃ r i̞ n̪
ⵅ	j ɑ̝ χ
ⵅ	ə χ
ⵅⴰⴹⵔ	χ ɑ ðˤ r̩ˤ
ⵅⴷⵎ	ʁ ð m̩
ⵅⴼ	ə χ f
ⵅⴼ	χ ə f
ⵅⵅⵓ	χː ʊ̙
ⵅⵎⵎⵎ	χ m̩ː m̩
ⵅⵎⵙⴰ	χ m̩ s ɑ
ⵅⵡⵓ	χ w u
ⵇ	j ɑ̝ q
ⵇ	ə q
ⵇⴰⴱⵍ	q ɑ β l̩
ⵇⴰⵃ	q ɑ̝ ħ
ⵇⵇⴰⵔ	qː ɑ̝ r
ⵇⵇⵉⵎ	qː ɪ̙̞ m
ⵇⵇⵏ	qː n̪̩
ⵇⵇⵙ	qː ə s
ⵇⵎⵔ	q m r̩
ⵇⵔⵔⴱ	q r̩ː ə b
ⵇⵔⵔⴱ	q r̩ː ə β
ⵉ	i
ⵉ	j i
ⵉⴱⵉⴱⴸ	i β i β ə ð
ⵉⴱⵍⵉⵍⵍⵉ	i̞ β l i̞ lː i
ⵉⴳⴷⵉ	i̞ ʝ ð i
ⵉⴳⵉⴷⵔ	i ʝ i ð r̩
ⵉⴳⵍⴳⵉⵣ	i ʝ l̩ ʝ i̞ z
ⵉⴳⵏⵏⴰ	i ʝ n̪̩ː ɑ
ⵉⴳⵔ	i ʝ r̩
ⵉⴷⴰⵎⵎⵏ	i ð æ̝ mː n̪̩
ⵉⴷⵔⵉⵙ	i̞ ð r i̞ s
ⵉⴹ	ɪ̙̞ ðˤ
ⵉⴼⴼ	i̞ fː
ⵉⴼⵉⵖⵔ	i f ɪ̙ ʁ r̩
ⵉⴼⵔ	i f r̩
ⵉⴼⵙⴰⵏ	i̞ f s æ̝ n̪
ⵉⵄⴱⴰⵏⵏ	ɪ̙̞ ʕ b æ̝ n̪ː
ⵉⵄⴱⴰⵏⵏ	ɪ̙̞ ʕ β æ̝ n̪ː
ⵉⵅⴼ	ɪ̙ χ ə f
ⵉⵅⴼ	ɪ̙̞ χ f
ⵉⵅⵙ	ɪ̙ χ ə s
ⵉⵅⵙ	ɪ̙̞ χ s
ⵉⵅⵚ	ɪ̙ χ ə sˤ
ⵉⵅⵚ	ɪ̙̞ χ sˤ
ⵉⵍⵎ	i l m̩
ⵉⵍⵙ	i l ə s
ⵉⵎⴰⵣⵉⵖⵏ	i m æ z ɪ̙ ʁ n̪̩
ⵉⵎⵉ	i m i
ⵉⵎⵉⴽ	i m i̞ ç
ⵉⵎⵙ	i m ə s
ⵉⵏ	i̞ n̪
ⵉⵏⴰⵡ	i n̪ æ̝ w
ⵉⵏⵉ	i n̪ i
ⵉⵔⴷ	i r ə ð
ⵉⵔⵉⵔ	i r i̞ r
ⵉⵔⵙ	i r ə s
ⵉⵔⵥⵥⵉ	ɪ̙ rˤ ə zˤː ɪ̙
ⵉⵖⴷ	ɪ̙̞ ʁː ə ð
ⵉⵖⴼ	ɪ̙̞ ʁː ə f
ⵉⵖⴼ	ɪ̙̞ χ f
ⵉⵖⵕⵢⴰⵏ	ɪ̙ ʁ r̩ˤ j ɑ̝ n̪
ⵉⵖⵙ	ɪ̙̞ ʁː ə s
ⵉⵖⵙ	ɪ̙̞ χ s
ⵉⵖⵚ	ɪ̙̞ ʁː ə sˤ
ⵉⵖⵚ	ɪ̙̞ χ sˤ
ⵉⵙⴳⵏⵡ	i s i̞ ʝ n̪ u̞ w
ⵉⵙⴽ	i s ə ç
ⵉⵙⴽ	i̞ s ç
ⵉⵙⴽⵔ	i̞ s ç r̩
ⵉⵙⵉⵏ	i s i̞ n̪
ⵉⵙⵍⴰⵎ	i̞ s l æ̝ m
ⵉⵙⵍⵍⵉ	i s l̩ː i
ⵉⵙⵎ	i s m
ⵉⵙⵎ	i s m̩
ⵉⵙⵕⵎⴰⵏ	ɪ̙ sˤ r̩ˤ m ɑ̝ n̪
ⵉⵛⵉⵔⵔⵉ	i ʃ i̞ rː i
ⵉⵛⵛ	i̞ t͡ʃː
ⵉⵛⵛⵔ	i̞ t͡ʃː r̩
ⵉⵜⵔⵉ	i̞ θ r i
ⵉⵡⵍ	i w l̩
ⵉⵡⵔⵉ	i̞ w r i
ⵉⵢⴷⵉ	i̞ j ð i
ⵉⵣⵉⴽⵔ	i z i ç r̩
ⵉⵣⵍⴰⵏ	i̞ z l æ̝ n̪
ⵉⵣⵍⵉ	i̞ z l i
ⵉⵣⵎ	i z m̩
ⵉⵥⵉⵍ	ɪ̙ zˤ ɪ̙̞ l
ⵊ	j æ̝ ʒ
ⵊ	ə ʒ
ⵊⵊⴱⵍ	d͡ʒː b l̩
ⵊⵊⴱⵍ	d͡ʒː β l̩
ⵊⵊⵢ	d͡ʒː i̞ j
ⵊⵎⵄ	ʒ m ə ʕ
ⵊⵎⵎⴷ	ʒ m̩ː ə ð
ⵍ	j æ̝ l
ⵍ	l̩
ⵍⴰⵥ	l ɑ̝ zˤ
ⵍⴱⵃⵔ	l ə b ħ r̩
ⵍⴱⵃⵔ	l ə β ħ r̩
ⵍⴷⵉ	l ð i
ⵍⵃⵇⵇ	l ħ ə qː
ⵍⵄⴰⴼⵉⵜ	l ʕ ɑ f i̞ θ
ⵍⵄⴱ	l ʕ ə b
ⵍⵄⴱ	l ʕ ə β
ⵍⵄⵉⵍ	l ʕ ɪ̙̞ l
ⵍⵉⴱⵢⴰ	l i̞ β j ɑ
ⵍⵉⵎⴰⵎ	l i m æ̝ m
ⵍⵎⴷ	l m ə ð
ⵍⵎⵖⵔⵉⴱ	l m̩ ə ʁ r i̞ β
ⵍⵙ	l ə s
ⵍⵡⵉⵖ	l w ɪ̙̞ ʁ
ⵎ	j æ̝ m
ⵎ	m̩
ⵎⴰ	m ɑ
ⵎⴰⵏⵉ	m æ n̪ i
ⵎⴰⵏⵜⵓⵔ	m æ̝ n̪ θ u̞ r
ⵎⴰⵢ	m æ̝ j
ⵎⴹⵍ	m ðˤ l̩
ⵎⴽ	m ə ç
ⵎⵉⵍⵎⵉ	m i̞ l m i
ⵎⵉⵎⴽ	m i m ə ç
ⵎⵉⵎⴽ	m i̞ m ç
ⵎⵉⵎⵛ	m i m ə ʃ
ⵎⵉⵎⵛ	m i̞ m ʃ
ⵎⵍⵓⵍ	m l u̞ l
ⵎⵍⵙⵉⵡⵜ	m l̩ s i̞ w θ
ⵎⵎⴰ	m ɑ
ⵎⵎⵖ	m ə ʁ
ⵎⵎⵜ	mː ə θ
ⵎⵓⵏ	m u̞ n̪
ⵎⵔⴰⵡ	m r æ̝ w
ⵎⵔⵢ	m r i̞ j
ⵎⵔⵥⵎ	m r̩ˤ zˤ m̩
ⵎⵕⵥⵎ	m r̩ˤ zˤ m̩
ⵎⵖⵓⵔ	m ʁ ʊ̙̞ r
ⵎⵛ	m ə ʃ
ⵎⵢⴰ	m j ɑ
ⵎⵥⵉⵢ	m zˤ ɪ̙̞ j
ⵏ	j æ̝ n̪
ⵏ	n̪̩
ⵏⴳⵉ	n̪ ʝ i
ⵏⴹⵍ	n̪ ðˤ l̩
ⵏⴻⵖⴷ	n̪ ə ʁː ə d̪ː
ⵏⴻⵖⴷ	n̪ ə ʁː ə ð
ⵏⴻⵖⴷⴷ	n̪ ə ʁː ə d̪ː
ⵏⴽⴽ	n̪ ə cː
ⵏⴽⵔ	n̪ ç r̩
ⵏⵇⵇⴱ	n̪ ə qː ə b
ⵏⵇⵇⴱ	n̪ ə qː ə β
ⵏⵉⵀⵏⵉ	n̪ i̞ h n̪ i
ⵏⵉⵀⵏⵜⵉ	n̪ i h n̪̩ θ i
ⵏⵎ	n̪ m̩
ⵏⵏⴰⵖ	n̪ː ɑ̝ ʁ
ⵏⵏⵉⴳ	n̪ː i̞ ʝ
ⵏⵏⵉⵍ	n̪ː i̞ l
ⵏⵓⴽⴽⵏⵉ	n̪ u̞ cː n̪ i
ⵏⵓⵎⵉⴷⵢⴰ	n̪ u m i̞ ð j ɑ
ⵏⵖ	n̪ ə ʁ
ⵏⵖⴷ	n̪ ə ʁː ə ð
ⵏⵖⴷⴷ	n̪ ə ʁː ə d̪ː
ⵏⵖⵖⴱ	n̪ ə qː ə b
ⵏⵖⵖⴱ	n̪ ə qː ə β
ⵏⵙ	n̪ ə s
ⵏⵜⵜⴰ	n̪ ə t̪ː ɑ
ⵏⵜⵜⴰⵜ	n̪ ə t̪ː æ̝ θ
ⵏⵡ	n̪ u̞ w
ⵏⵣⵖ	n̪ z ə ʁ
ⵓ	j u
ⵓ	u
ⵓⴳⵍ	u̞ jː l̩
ⵓⴷⵎ	u ð m̩
ⵓⴹ	ʊ̙̞ ðˤ
ⵓⴼⵙ	u f ə s
ⵓⵀⵓ	u h u
ⵓⵅⵙ	ʊ̙ χ ə s
ⵓⵅⵙ	ʊ̙̞ χ s
ⵓⵊⴷⵉⴷ	u̞ ʒ ð i̞ ð
ⵓⵍ	u̞ l
ⵓⵍⴳⵉⵏ	u̞ l ʝ i̞ n̪
ⵓⵍⵜ	u l ə θ
ⵓⵍⵜⵎⴰ	u̞ l θ m̩ ɑ
ⵓⵎⴰⵣⵉⵖ	u m æ z ɪ̙̞ ʁ
ⵓⵎⵍⵉⵍ	u̞ m l i̞ l
ⵓⵎⵓⵎ	u m u̞ m
ⵓⵏⴼⵙ	u̞ n̪ f ə s
ⵓⵔ	u̞ r
ⵓⵔⴰⵔ	u r æ̝ r
ⵓⵔⴷ	u r ə ð
ⵓⵔⵉⵃⵍⵉⵏ	u r ɪ̙̞ ħ l i̞ n̪
ⵓⵔⵖ	u r ə ʁ
ⵓⵙⵉⴹⵏ	ʊ̙ sˤ ɪ̙ ðˤ n̪̩
ⵓⵙⵎ	u s m̩
ⵓⵟⵟⵓⵏ	ʊ̙̞ t̪ˤː ʊ̙̞ n̪
ⵓⵣⵎⵎⵓⵔ	u z m̩ː u̞ r
ⵓⵣⵣⴰⵍ	u̞ zː æ̝ l
ⵔ	j æ̝ r
ⵔ	r̩
ⵔⴰⵄⴰ	r ɑ ʕ ɑ
ⵔⴰⵔ	r æ̝ r
ⵔⴱⴱⴰ	r ə bː ɑ
ⵔⴱⵄⴰ	r ə b ʕ ɑ
ⵔⴱⵄⴰ	r ə β ʕ ɑ
ⵔⴽⵓ	r ç u
ⵔⵔⵉⵛ	rː i̞ ʃ
ⵔⵔⵎⵍⴰ	rː m̩ l ɑ
ⵔⵖ	r ə ʁ
ⵔⵛⵓ	r ʃ u
ⵔⵡⵍ	r w l̩
ⵔⵥⵉⴳ	rˤ zˤ ɪ̙̞ ʝ
ⵕ	j ɑ̝ rˤ
ⵕ	r̩ˤ
ⵕⵥⵉⴳ	rˤ zˤ ɪ̙̞ ʝ
ⵖ	j ɑ̝ ʁ
ⵖ	ə ʁ
ⵖⴰⵔ	ʁ ɑ̝ r
ⵖⴼ	ə χ f
ⵖⴼ	ʁ ə f
ⵖⵉⵎ	ʁ ɪ̙̞ m
ⵖⵓⴷⵓ	ʁ ʊ̙ ð u
ⵖⵓⵙ	ʁ ʊ̙̞ s
ⵖⵔ	ʁ r̩
ⵖⵖⵉⵎ	qː ɪ̙̞ m
ⵖⵣ	ʁ ə z
ⵖⵣⵉⴼ	ʁ z i̞ f
ⵙ	j æ̝ s
ⵙ	ə s
ⵙⴰ	s ɑ
ⵙⴰⴷ	s æ̝ ð
ⵙⴰⵍ	s æ̝ l
ⵙⴰⵎ	s æ̝ m
ⵙⴱⵄⴰ	s ə b ʕ ɑ
ⵙⴱⵄⴰ	s ə β ʕ ɑ
ⵙⴳⴳⵎ	s ə ɟː m̩
ⵙⴷⵉⴷ	z ð i̞ ð
ⵙⴹⵉⵙ	zˤ ðˤ ɪ̙̞ sˤ
ⵙⴹⵉⵚ	zˤ ðˤ ɪ̙̞ sˤ
ⵙⴼⴹ	sˤ f ə ðˤ
ⵙⴽⴽⵔ	s ə cː r̩
ⵙⴽⵏ	s ç n̪̩
ⵙⵃⵓ	s ħ ʊ̙
ⵙⵉⵏ	s i̞ n̪
ⵙⵍ	s l̩
ⵙⵍⵍ	s l̩ː
ⵙⵎⵉⴹ	sˤ m ɪ̙̞ ðˤ
ⵙⵎⵎⵓⵙ	s m̩ː u̞ s
ⵙⵎⵓⵎ	s m u̞ m
ⵙⵏⴰⵜ	s n̪ æ̝ θ
ⵙⵓⴷⴷⵎ	s u̞ d̪ː m̩
ⵙⵙⵇⵇⵏ	s ə qː n̪̩
ⵙⵙⵉⵔⴷ	s i r ə ð
ⵙⵙⵉⵡⵍ	s i w l̩
ⵙⵙⵏⵡ	s n̪ u̞ w
ⵙⵙⵓⴹ	sˤ ʊ̙̞ ðˤ
ⵙⵙⵓⴼⵙ	s u f ə s
ⵙⵙⵓⵎⵎ	s u̞ mː
ⵙⵙⵓⵏⴼⵙ	s u̞ n̪ f ə s
ⵙⵙⵖⵓⵙ	s ʁ ʊ̙̞ s
ⵙⵜⵉⵍ	s θ i̞ l
ⵙⵜⵉⵜⵜ	s θ i̞ t̪ː
ⵙⵜⵖ	s θ ə ʁ
ⵙⵜⵜⴰ	s ə t̪ː ɑ
ⵙⵡ	s u̞ w
ⵚ	j ɑ̝ sˤ
ⵚ	ə sˤ
ⵛ	j æ̝ ʃ
ⵛ	ə ʃ
ⵛⴰ	ʃ ɑ
ⵛⴰⵡⵔ	ʃ æ w r̩
ⵛⴳⴳ	ʃ ə ɟː
ⵛⴹⵉⵏ	ʒ ðˤ ɪ̙̞ n̪
ⵛⴹⵓ	ʒ ðˤ ʊ̙
ⵛⴼ	ʃ ə f
ⵛⵎⵎ	ʃ m̩ː
ⵛⵎⵎⵍ	ʃ m̩ː l̩
ⵛⵔⴰⴹ	ʃ rˤ ɑ̝ ðˤ
ⵛⵔⴼ	ʃ r ə f
ⵛⵕⴰⴹ	ʃ rˤ ɑ̝ ðˤ
ⵛⵛ	ə t͡ʃː
ⵛⵟⵃ	ʃ t̪ˤ ə ħ
ⵛⵡⵉⵢ	ʃ w i̞ j
ⵛⵡⵓ	ʃ w u
ⵛⵡⵢ	ʃ w i̞ j
ⵜ	j æ̝ θ
ⵜ	ə θ
ⵜⴰⴳⴰⵏⵜ	θ æ̝ jː æ̝ n̪ θ
ⵜⴰⴳⴷⴰ	θ æ̝ ʝ ð ɑ
ⵜⴰⴳⴷⴰⵣⴰⵍⵜ	θ æ̝ ʝ ð æ z æ̝ l θ
ⵜⴰⴳⴷⵓⴷⴰ	θ æ̝ ʝ ð u ð ɑ
ⵜⴰⴳⴷⵕⵓⵕⵜ	t̪ˤ ɑ ʝ ə ðˤ rˤ ʊ̙̞ rˤ t̪ˤ
ⵜⴰⴳⴷⵕⵓⵕⵜ	θ æ ʝ ə dˤ rˤ ʊ̙̞ rˤ t̪ˤ
ⵜⴰⴳⴹⵔⵓⵔⵜ	t̪ˤ ɑ ʝ ə ðˤ rˤ ʊ̙̞ rˤ t̪ˤ
ⵜⴰⴳⵍⴰⵢⵜ	θ æ̝ ʝ l æ̝ j θ
ⵜⴰⴳⵔⵊⵓⵎⵜ	θ æ ʝ r̩ ʒ u̞ m θ
ⵜⴰⴳⵔⵙⵜ	θ æ̝ ʝ r ə s θ
ⵜⴰⴳⵔⵙⵜ	θ æ̝ ʝ r̩ s θ
ⵜⴰⴳⵯⵓⵜⵜ	θ æ̝ wː u̞ t̪ː
ⵜⴰⴳⵯⵔⵉⵜⵜ	θ æ̝ ɣʷ r i̞ t̪ː
ⵜⴰⴷ	θ æ̝ ð
ⵜⴰⴷⴰⵡⵜ	θ æ ð æ̝ w θ
ⵜⴰⴷⴷⴰⵔⵜ	θ æ̝ d̪ː æ̝ r θ
ⵜⴰⴷⴼⴼⵓⵢⵜ	θ æ ð ə fː u̞ j θ
ⵜⴰⴷⵓⵏⵜ	θ æ ð u̞ n̪ θ
ⵜⴰⴷⵓⵡⵡⴰⵔⵜ	t̪ æ ð u wː æ̝ r t̪
ⵜⴰⴷⵓⵡⵡⴰⵔⵜ	θ æ ð u wː æ̝ r θ
ⵜⴰⴼⴰⴷⴰ	θ æ f æ ð ɑ
ⵜⴰⴼⴰⵍⴰ	θ æ f æ l ɑ
ⵜⴰⴼⵍⵙⴰⴼⵜ	θ æ f l̩ s æ̝ f θ
ⵜⴰⴼⵓⴽⵜ	θ æ f u̞ ç θ
ⵜⴰⴼⵓⵏⴰⵙⵜ	θ æ f u n̪ æ̝ s θ
ⵜⴰⴼⵓⵛⵜ	θ æ f u̞ ʃ θ
ⵜⴰⵃⴱⵓⴱⵜ	θ ɑ̝ ħ β u̞ f θ
ⵜⴰⵃⴱⵓⴱⵜ	θ ɑ̝ ʕ b u̞ b ð
ⵜⴰⵅⵅⵓⵢⵜ	θ ɑ̝ χː ʊ̙̞ j θ
ⵜⴰⵍⵍⴰⵙⵜ	θ æ̝ lː æ̝ s θ
ⵜⴰⵍⵍⵓⵏⵜ	θ æ̝ lː u̞ n̪ θ
ⵜⴰⵎ	θ æ̝ m
ⵜⴰⵎⴰⵔⵜ	θ æ m æ̝ r θ
ⵜⴰⵎⴰⵣⵉⵖⵜ	θ æ m æ z ɪ̙̞ χ θ
ⵜⴰⵎⴷⴷⵉⵜ	θ æ m ə d̪ː i̞ θ
ⵜⴰⵎⵎⵏⵜ	θ æ̝ mː n̪̩ θ
ⵜⴰⵎⵓⵔⵜ	θ æ m u̞ r θ
ⵜⴰⵎⵟⵟⵓⵜⵜ	t̪ˤ ɑ m ə t̪ˤː ʊ̙̞ t̪ˤː
ⵜⴰⵎⵥⵍⴰ	t̪ˤ ɑ m ə zˤ l ɑ
ⵜⴰⵏ	θ æ̝ n̪
ⵜⴰⵔⴰⴽⴰⵍⵜ	θ æ r æ ç æ̝ l θ
ⵜⴰⵔⴱⴰⵜⵜ	θ æ̝ r β æ̝ t̪ː
ⵜⴰⵖⴹⴼⵜ	t̪ˤ ɑ̝ ʁ ðˤ ə f t̪ˤ
ⵜⴰⵖⵔⵉⵜⵜ	θ ɑ̝ ʁ r i̞ t̪ː
ⵜⴰⵖⵔⵓⵛⵜ	θ ɑ̝ ʁ r u̞ ʃ θ
ⵜⴰⵙⴰ	θ æ s ɑ
ⵜⴰⵙⴰⵔⵓⵜ	θ æ s æ r u̞ θ
ⵜⴰⵙⵍⴹⵜ	t̪ˤ ɑ sˤ l̩ ə t̪ˤː
ⵜⴰⵙⵏⵉⵍⵙⵜ	θ æ̝ s n̪ i l ə s θ
ⵜⴰⵛⵛⵍⵜ	θ æ̝ t͡ʃː l̩ θ
ⵜⴰⵡⴰⵍⵉⵜ	θ æ w æ l i̞ θ
ⵜⴰⵡⴰⵔⴳⵉⵜⵜ	θ æ w æ̝ r ʝ i̞ t̪ː
ⵜⴰⵡⵔⵉⵇⵜ	θ æ̝ w r ɪ̙̞ q θ
ⵜⴰⵢⵔⵉ	θ æ̝ j r i
ⵜⵃⵉ	θ ħ ɪ̙
ⵜⵉⴳⴷⵉⵜ	θ i̞ ʝ ð i̞ θ
ⵜⵉⴳⵎⵎⵉ	θ i ʝ m̩ː i
ⵜⵉⴳⵏⵣⴰⵔ	θ i ʝ n̪̩ z æ̝ r
ⵜⵉⴳⵔⵉ	θ i̞ ʝ r i
ⵜⵉⴷⴷⵓⴽⴽⵍⴰ	θ i̞ d̪ː u̞ cː l ɑ
ⵜⵉⵍⴳⴳⵡⵉⵜ	θ i l ə ɟː w i̞ θ
ⵜⵉⵍⴳⴳⵯⵉⵜ	θ i l ə ɡʷː i̞ θ
ⵜⵉⵎⵉⴹⵉ	t̪ˤ ɪ̙ m ɪ̙ ðˤ ɪ̙
ⵜⵉⵏⴰⵡⵜ	θ i n̪ æ̝ w θ
ⵜⵉⵏⴳⴻⵍⵉⵣⵜ	θ i̞ n̪ ʝ l̩ i̞ s θ
ⵜⵉⵏⴳⵍⵉⵣⵜ	θ i̞ n̪ ʝ l̩ i̞ s θ
ⵜⵉⵔⵎⵜ	θ i r m̩ θ
ⵜⵉⵙⵍⵉⵜ	θ i̞ s l i̞ θ
ⵜⵉⵙⵏⵜ	θ i s n̪̩ θ
ⵜⵉⵜⵜ	θ i̞ t̪ː
ⵜⵉⵟⵟ	t̪ˤ ɪ̙̞ t̪ˤː
ⵜⵉⵟⵟⴰⵡⵉⵏ	t̪ˤ ɪ̙̞ t̪ˤː ɑ w ɪ̙̞ n̪
ⵜⵉⵡⴷⵉ	θ i̞ w ð i
ⵜⵉⵣⵉⵣⵡⵉⵜ	θ i z i̞ z w i̞ θ
ⵜⵎⴻⵏⵢⴰ	θ m n̪̩ j ɑ
ⵜⵎⵏⵢⴰ	θ m n̪̩ j ɑ
ⵜⵏⵣⵣⵓⵜ	θ n̪̩ ə zː u̞ θ
ⵜⵓⴳⴰ	θ u̞ jː ɑ
ⵜⵓⴳⴷⵓⵜ	θ u̞ ʝ ð u̞ θ
ⵜⵓⵔⴷⴰ	θ u̞ r ð ɑ
ⵜⵓⵔⵜⵉⵜ	θ u̞ r θ i̞ θ
ⵜⵓⵖⵎⵙⵜ	θ ʊ̙̞ ʁ m ə s θ
ⵜⵓⵙⵏⴰⴽⵜ	θ u̞ s n̪ æ̝ ç θ
ⵜⵓⵜⵍⴰⵢⵜ	θ u̞ θ l æ̝ j θ
ⵜⵙⵄⵓⴷ	t̪ s̩ ʕ ʊ̙̞ ð
ⵜⵙⵄⵓⴷ	θ ə s ʕ ʊ̙̞ ð
ⵜⵜⵓⵜⵜⵢ	t̪ u̞ t̪ː i̞ j
ⵜⵜⵔ	t̪ r̩
ⵜⵥⴰ	d̪ˤ zˤ ɑ
ⵟ	j ɑ̝ t̪ˤ
ⵟ	ə t̪ˤ
ⵟⵙ	t̪ˤ ə sˤ
ⵟⵟⴹ	t̪ˤ ə ðˤ
ⵟⵟⴼ	t̪ˤ ə f
ⵟⵟⵉⵇⵙ	t̪ˤ ɪ̙ q s
ⵟⵟⵉⵇⵙ	t̪ˤ ɪ̙ q ə sˤ
ⵡ	j æ̝ w
ⵡ	u̞ w
ⵡⴰⴷ	w æ̝ ð
ⵡⴰⵏ	w æ̝ n̪
ⵡⴰⵔⴳⴰ	w æ̝ r ʝ ɑ
ⵡⵍ	u̞ l
ⵡⵏⵥⵓⵍ	ʊ̙̞ n̪ zˤ ʊ̙̞ l
ⵡⵔⵉⵖ	u r ɪ̙̞ ʁ
ⵡⵙⵄ	u s ə ʕ
ⵡⵙⵅ	u s ə χ
ⵢ	i̞ j
ⵢ	j æ̝ j
ⵢⴰⴹⵏ	j ɑ ðˤ n̪̩
ⵢⴰⴹⵏⵉⵏ	j ɑ̝ ðˤ n̪ ɪ̙̞ n̪
ⵢⴰⵀ	j æ̝ h
ⵢⵉⵎⴰⵣⵉⵖⵏ	j i m æ z ɪ̙ ʁ n̪̩
ⵢⵓⵏ	j u̞ n̪
ⵢⵓⵏⵙ	j u n̪ ə s
ⵢⵓⵔ	j u̞ r
ⵢⵓⵜ	j u̞ θ
ⵣ	j æ̝ z
ⵣ	ə z
ⵣⵓⵔ	z u̞ r
ⵣⵓⵖⵔ	z ʊ̙̞ ʁː r̩
ⵣⵡⵉⵖ	z w ɪ̙̞ ʁ
ⵣⵡⵓ	z w u
ⵣⵣⵔⵔⵉⵄⵜ	zː r̩ː ɪ̙̞ ʕ θ
ⵥ	j ɑ̝ zˤ
ⵥ	ə zˤ
ⵥⵉⵢⵔ	zˤ ɪ̙ j r̩ˤ
ⵥⵎ	zˤ m̩
ⵥⵓⵎ	zˤ ʊ̙̞ m
ⵥⵥⴰⴳ	zˤː ɑ̝ ʝ
