ء	ɦ ə m z ɑː
ء	ʔ
آئین	ɑː iː n
آبادی	ɑː b ɑː d̪ iː
آبشار	ɑː b ʃ ɑː ɾ
آبی	ɑː b iː
آتما	ɑː t̪ m ɑː
آج	ɑː d͡ʒ
آخرت	ɑː x ɪ ɾ ə t̪
آدمی	ɑː d̪ m iː
آدھا	ɑː d̪ʱ ɑː
آدھنک	ɑː d̪ʱ ʊ n ɪ k
آذربائیجان	ɑː z ə ɾ b ɑː ɪ d͡ʒ ɑː n
آرام	ɑː ɾ ɑː m
آرزو	ɑː ɾ z uː
آریامن	ɑː ɾ j ə m ə n
آزادی	ɑː z ɑː d̪ iː
آزمانا	ɑː z m ɑː n ɑː
آزمودہ	ɑː z m uː d ə
آس	ɑː s
آسام	ɑː s ɑː m
آستین	ɑː s t̪ iː n
آسرا	ɑː s ɾ ɑː
آسمانی	ɑː s m ɑː n iː
آسٹریا	ɔː s ʈ ɾ ɪ j ɑː
آسکت	ɑː s ə k t̪
آسیب	ɑː s eː b
آغوش	ɑː ɣ oː ʃ
آفت	ɑː f ə t̪
آفریدی	ɑː f ɾ iː d̪ iː
آلس	ɑː l ə s
آلسی	ɑː l s iː
آلنگن	ɑː l ɪ ŋ ɡ ə n
آلودگی	ɑː l uː d̪ ə ɡ iː
آمریت	ɑː m ɪ ɾ ɪ j ə t̪
آموزش	ɑː m oː z ɪ ʃ
آمیزش	ɑː m eː z ɪ ʃ
آنا	ɑː n ɑː
آندھی	ɑː n d̪ʱ iː
آنسو	ɑ̃ː s uː
آنکھ	ɑ̃ː kʰ
آواز	ɑː ʋ ɑː z
آوشيکتا	ɑː ʋ ə ʃ j ə k t̪ ɑː
آٹھواں	ɑː ʈʰ w ɑ̃ː
آٹھواں	ɑː ʈʰ ʋ ɑ̃ː
آپ	ɑː p
آکاش	ɑː k ɑː ʃ
آکرشت	ɑː k ə ɾ ʂ ɪ t̪
آکرمن	ɑː k ɾ ə m ə ɳ
آکھیٹ	ɑː kʰ eː ʈ
آگار	ɑː ɡ ɑː ɾ
آیا	ɑː j ɑː
ا	ɑː
ا	ə
ا	ə l ɪ f
ا	ʔ
ابابیل	ə b ɑː b iː l
ابهار	ʊ bʱ ɑː ɾ
ابو	ə b b uː
ابٹن	ʊ b ʈ ə n
ابھشیک	ə bʱ ɪ ʂ eː k
اتحاد	ɪ t̪ː e ɦ ɑː d̪
اتحاد	ɪ t̪ː ɪ ɦ ɑː d̪
اتحادی	ɪ t̪ t̪ ɪ ɦ ɑː d̪ iː
اترنا	ʊ t̪ ə ɾ n ɑː
اتصال	ɪ t̪ t̪ ɪ s ɑː l
اتفاق	ɪ t̪ t̪ ɪ f ɑː q
اتوار	ɪ t̪ ʋ ɑː ɾ
اتھان	ʊ t̪ t̪ʰ ɑː n
اثبات	ɪ s b ɑː t̪
اجازت	ɪ d͡ʒ ɑː z ə t̪
اجالا	ʊ d͡ʒ ɑː l ɑː
اجالنا	ʊ d͡ʒ ɑː l n ɑː
اجنبی	ə d͡ʒ n ə b iː
اجوائن	ə d͡ʒ ʋ ɑː ɪ n
اجگر	ə d͡ʒ ɡ ə ɾ
احباب	ə ɦ b ɑː b
احتجاج	eː ɦ t̪ ɪ d͡ʒ ɑː d͡ʒ
احترام	e ɦ t̪ e ɾ ɑː m
احترام	e ɦ t̪ ɪ ɾ ɑː m
احتمال	eː ɦ t̪ eː m ɑː l
احسان	ə ɦ ə s ɑː n
احمق	ə ɦ m ə q
اخاہ	ə xː ɑː
اخبار	ə x b ɑː ɾ
اخذ	ə x z
اخروٹ	ə x ɾ oː ʈ
اخلاق	ə x l ɑː q
ادا	ə d̪ ɑː
اداس	ʊ d̪ ɑː s
اداسی	ʊ d̪ ɑː s iː
اداہرن	ʊ d̪ ɑː ɦ ɾ ə ɳ
ادبیات	ə d̪ b ɪ j ɑː t̪
ادھار	ʊ d̪ʱ ɑː ɾ
ادھنا	ə d̪ʱ ʊ n ɑː
ادھورا	ə d̪ʱ uː ɾ ɑː
ادی	ə d̪ jᵊ
ارب	ə ɾ ə b
ارتعاش	ɪ ɾ t̪ eː ɑː ʃ
ارجت	ə ɾ d͡ʒ ɪ t̪
ارجن	ə ɾ d͡ʒ ə n
ارجن	ə ɾ d͡ʒ ʊ n
ارجنٹائن	ə ɾ d͡ʒ ə n ʈ ɑː iː n
اردو	ʊ ɾ d̪ uː
ارسطو	ə ɾ ə s t̪ uː
ارش	ə ɾ ʃ
ارغوانی	ə ɾ ɣ ʋ ɑː n iː
ارمان	ə ɾ m ɑː n
ارے	ə ɾ eː
از	ə z
ازدواج	ɪ z d̪ ɪ ʋ ɑː d͡ʒ
استری	ɪ s t̪ ɾ iː
استعمال	ɪ s t̪ eː m ɑː l
استقبال	ɪ s t̪ ɪ q b ɑː l
استنبول	ɪ s t̪ ə m b oː l
اسرائیل	ɪ s ɾ ɑː iː l
اسلام	ɪ s l ɑː m
اسم	ə s ə m
اسم	ɪ s m
اشارہ	ɪ ʃ ɑː ɾ ɑː
اشبھ	ə ʃ ʊ bʱ
اشبیلیہ	ə ʃ b iː l ɪ j ɑː ɦ
اشتراکیت	ɪ ʃ t̪ e ɾ ɑː k ɪ j ə t̪
اشتقاق	ɪ ʃ t̪ ɪ q ɑː q
اشتمالیت	ɪ ʃ t̪ e m ɑː l ɪ j ə t̪
اصطبل	ə s t̪ ə b ə l
اصل	ə s ə l
اصلاح	ɪ s l ɑː ɦ
اصول	ʊ s uː l
اصیل	ə s iː l
اضافہ	ɪ z ɑː f ə
اضطراری	ɪ z t̪ ɪ ɾ ɑː ɾ iː
اطالیہ	ɪ t̪ ɑː l ɪ j ɑː ɦ
اطفال	ə t̪ f ɑː l
اطلاقی	ɪ t̪ l ɑː q iː
اطلس	ə t̪ l ə s
اطمینان	ɪ t̪ m iː n ɑː n
اغوا	ə ɣ ʋ ɑː
اغوا	ɪ ɣ ʋ ɑː
افزائش	ə f z ɑː ɪ ʃ
افسانہ	ə f s ɑː n ə
افغانستان	ə f ɣ ɑː n ɪ s t̪ ɑː n
افق	ɑː f ə q
افلاس	ɪ f l ɑː s
اقامت	ɪ q ɑː m ə t̪
اقتصادی	ɪ q t̪ ɪ s ɑː d̪ iː
اللہ	ə l l ɑː
اللہ	ə l l ɑː ɦ
الم	ə l ə m
الماس	ə l m ɑː s
النکار	ə l ə ŋ k ɑː ɾ
النکرت	ə l ə ŋ k ɾ ɪ t̪
الوداع	ə l ʋ ɪ d̪ ɑː
الگ	ə l ə ɡ
امتحان	ɪ m t̪ ɪ ɦ ɑː n
امداد	ɪ m d̪ ɑː d̪
امرود	ə m ɾ uː d̪
امن	ə m ə n
امی	ə m m iː
انار	ə n ɑː ɾ
انارکلی	ə n ɑː ɾ k ə l iː
انت	ə n t̪
انتخاب	ɪ n t̪ eː x ɑː b
انتخاب	ɪ n t̪ ɪ x ɑː b
انتظار	ɪ n t̪ eː z ɑː ɾ
انتظار	ɪ n t̪ ɪ z ɑː ɾ
انتظام	ɪ n t̪ ɪ z ɑː m
انتظامی	ɪ n t̪ ɪ z ɑː m iː
انتم	ə n t̪ ɪ m
انتہاپسند	ɪ n t̪ e ɦ ɑː p ə s ə n d̪
انجام	ə n d͡ʒ ɑː m
انجام	ə ɲ d͡ʒ ɑː m
انجانا	ə n d͡ʒ ɑː n ɑː
اندلس	ʊ n d̪ ʊ l ʊ s
اندیکھا	ə n d̪ eː kʰ ɑː
انسان	ɪ n s ɑː n
انش	ə n ʃ
انقلاب	ɪ n q ɪ l ɑː b
انپم	ə n ʊ p ə m
انڈا	ə ɳ ɖ ɑː
انڈکوش	ə ɳ ɖ ə k oː ʃ
انڈیا	ɪ n ɖ ɪ j ɑː
انگریزی	ə̃ ŋ ɡ ɾ eː z iː
انگلستان	ɪ ŋ ɡ l ɪ s t̪ ɑː n
انگلی	ʊ ŋ ɡ l iː
انگلینڈ	ɪ ŋ ɡ l ɛː n ɖ
انگور	ə n ɡ uː ɾ
انگوری	ə ŋ ɡ uː ɾ iː
انگوٹھا	ə ŋ ɡ uː ʈʰ ɑː
انھیں	ɪ nʱ ẽː
انھیں	ʊ nʱ ẽː
انہ	ɑː n ɑː
انہیں	ɪ n ɦ ẽː
انہیں	ʊ n ɦ ẽː
اهہ	ɪ ɦ
اودا	uː d̪ ɑː
اودبلاؤ	uː d̪ b ɪ l ɑː oː
اودھی	ə ʋ ə d̪ʱ iː
اور	ɔː ɾ
اوسطا	ɔː s t̪ ə n
اوقات	ɔː q ɑː t̪
اول	ə ʋ ʋ ə l
اولا	oː l ɑː
اونٹ	ũː ʈ
اوہ	uː ɦ
اٹاچی	ə ʈ ɑː t͡ʃ iː
اٹاچی	ə ʈ ɛː t͡ʃ iː
اپاہج	ə p ɑː ɦ ɪ d͡ʒ
اپدهان	ʊ p d̪ʱ ɑː n
اپرادھی	ə p ɾ ɑː d̪ʱ iː
اپریل	ə p ɾ ɛː l
اپستھت	ʊ p ə s t̪ʰ ɪ t̪
اپلبدھ	ʊ p l ə b d̪ʱ
اپنيتر	ʊ p n eː t̪ ɾᵊ
اچانک	ə t͡ʃ ɑː n ə k
اچت	ʊ t͡ʃ ɪ t̪
اچھا	ə t͡ʃ t͡ʃʰ ɑː
اڑان	ʊ ɽ ɑː n
اڑیوا	ə ɽ eː ʋ ɑː
اژدہا	ə ʒ d̪ ə ɦ ɑː
اکثر	ə k s ə ɾ
اکیلا	ə k eː l ɑː
اگر	ə ɡ ə ɾ
اگربتی	ə ɡ ə ɾ b ə t̪ t̪ iː
اگرچہ	ə ɡ ə ɾ t͡ʃ eː
اگلا	ə ɡ l ɑː
ایت	ə j ʊ t̪
ایتھنز	eː t̪ʰ ə n z
ایتھنز	iː t̪ʰ ə n z
ایجنٹ	eː d͡ʒ ə ɳ ʈ
ایران	iː ɾ ɑː n
ایرانی	iː ɾ ɑː n iː
ایشور	iː ʃ ʋ ə ɾ
ایمان	iː m ɑː n
ایماندار	iː m ɑː n d̪ ɑː ɾ
اینٹورپن	ɛː n ʈ ʋ ə ɾ p ə n
ایوان	ɛː ʋ ɑː n
ب	b
ب	b eː
بائیسکل	b ɑː iː s ɪ k ə l
بات	b ɑː t̪
بادام	b ɑː d̪ ɑː m
بادامی	b ɑː d̪ ɑː m iː
بادشاہ	b ɑː d̪ ʃ ɑː ɦ
بادشاہت	b ɑː d̪ ʃ ɑː ɦ ə t̪
بادل	b ɑː d̪ ə l
بارش	b ɑː ɾ ɪ ʃ
بازو	b ɑː z uː
باشندہ	b ɑː ʃ ə n d̪ ɑː
باشندہ	b ɑː ʃ ɪ n d̪ ɑː
باغ	b ɑː ɣ
بال	b ɑː l
بالکل	b ɪ l k ʊ l
بانچنا	b ɑ̃ː t͡ʃ n ɑː
باٹ	b ɑː ʈ
باہوبلی	b ɑː ɦ ʊ b ə l iː
ببھکشا	b ʊ bʱ ʊ k ʂ ɑː
بت	b ʊ t̪
بتانا	b ə t̪ ɑː n ɑː
بتانا	b ɪ t̪ ɑː n ɑː
بجلی	b ɪ d͡ʒ l iː
بحر	b ə ɦ ɾ
بددعا	b ə d̪ d̪ ʊ ɑː
بدر	b ə d̪ ə ɾ
بدلنا	b ə d̪ ə l n ɑː
بدلوانا	b ə d̪ ə l ʋ ɑː n ɑː
بدن	b ə d̪ ə n
بدھیا	b ə d̪ʱ ɪ j ɑː
برتن	b ə ɾ t̪ ə n
برسلز	b ɾ ə s ə l z
برما	b ə ɾ m ɑː
برمنگھم	b ə ɾ m ɪ n ɡʱ ə m
بروخے	b ɾ uː x eː
برچھا	b ə ɾ t͡ʃʰ ɑː
برچھیت	b ə ɾ t͡ʃʰ ɛː t̪
برکت	b ə ɾ k ə t̪
برکها	b ə ɾ kʰ ɑː
بزرگ	b ʊ z ʊ ɾ ɡ
بستی	b ə s t̪ iː
بطخ	b ə t̪ː ə x
بظاہر	b ə z ɑː ɦ ɪ ɾ
بغير	b ə ɣ ɛː ɾ
بقرعید	b ə q ə ɾ ʔ iː d̪
بقرعید	b ə q ɾ iː d̪
بلا	b ə l l ɑː
بلا	b ə l ɑː
بلا	b ɪ l l ɑː
بلا	b ʊ l l ɑː
بلغاریہ	b ʊ l ɣ ɑː ɾ ɪ j ɑː
بلکہ	b ə l k iː
بمبہ	b ə m bᵊ
بناوٹی	b ə n ɑː ʋ ə ʈ iː
بنتی	b ɪ n t̪ iː
بنجارا	b ə n d͡ʒ ɑː ɾ ɑː
بند	b ə n d̪
بندر	b ə n d̪ ə ɾ
بنزین	b ə n z iː n
بنفشی	b ə n ə f ʃ iː
بنيان	b ə n ɪ j ɑː n
بهنجك	bʱ ə n d͡ʒ ə k
بهیس	bʱ eː s
بوریت	b oː ɾ ɪ j ə t̪
بولنا	b oː l n ɑː
بونا	b oː n ɑː
بونا	b ɔː n ɑː
بوڑھا	b uː ɽʱ ɑː
بٹورنا	b ə ʈ oː ɾ n ɑː
بپتسمہ	b ə p t̪ ɪ s m ɑː
بچپن	b ə t͡ʃ p ə n
بڑا	b ə ɽ ɑː
بکاؤ	b ɪ k ɑː oː
بکاؤ	b ɪ k ɑː uː
بکرا	b ə k ɾ ɑː
بکری	b ə k ɾ iː
بکس	b ə k s
بکم	b ə k k ə m
بکم	b ʊ k m
بکھراو	b ɪ kʰ ɾ ɑː ʋ
بھائی	bʱ ɑː iː
بھاجن	bʱ ɑː d͡ʒ ə n
بھارت	bʱ ɑː ɾ ə t̪
بھاروپیہ	bʱ ɑː ɾ oː p ɪ j ɑː
بھاشا	bʱ ɑː ʂ ɑː
بھالو	bʱ ɑː l uː
بھانگ	bʱ ɑː ŋ ɡ
بھراتا	bʱ ɾ ɑː t̪ ɑː
بھرن	bʱ ə ɾ ə n
بھروسہ	bʱ ə ɾ oː s ɑː
بھوت	bʱ uː t̪
بھوتنی	bʱ uː t̪ n iː
بھوتنی	bʱ uː t̪ ɪ n iː
بھورا	bʱ uː ɾ ɑː
بھوک	bʱ uː k
بھکت	bʱ ə k t̪
بھکتی	bʱ ə k t̪ iː
بھگدڑ	bʱ ə ɡ d̪ ə ɽ
بھگوان	bʱ ə ɡ ʋ ɑː n
بھی	bʱ iː
بھید	bʱ eː d̪
بہاؤالدین	b ə ɦ ɑː ʔ ʊ d̪ d̪ iː n
بہار	b ə ɦ ɑː ɾ
بہاراں	b ə ɦ ɑː ɾ ɑ̃ː
بہت	b ə ɦ oː t̪
بہت	b ə ɦ ʊ t̪
بہتر	b eʱ t̪ ə ɾ
بہتر	b ə ɦ ə t̪ t̪ ə ɾ
بہشت	b ɪ ɦ ɪ ʃ t̪
بہن	b ə ɦ eː n
بہن	b ə ɦ ə n
بہن	b ə ɦ ɪ n
بہن	bʱ ɛː n
بہنا	b ɛ ɦ n ɑː
بیلاروس	b eː l ɑː ɾ uː s
بیوی	b iː ʋ iː
بیچ	b iː t͡ʃ
ت	t̪
ت	t̪ eː
تاجکستان	t̪ ɑː d͡ʒ ɪ k ɪ s t̪ ɑː n
تار	t̪ ɑː ɾ
تازہ	t̪ ɑː z ɑː
تاشقند	t̪ ɑː ʃ q ə n d̪
تال	t̪ ɑː l
تاناشاہ	t̪ ɑː n ɑː ʃ ɑː ɦ
تاناشاہی	t̪ ɑː n ɑː ʃ ɑː ɦ iː
تاپنا	t̪ ɑː p n ɑː
تاڑ	t̪ ɑː ɽ
تاڑی	t̪ ɑː ɽ iː
تبادلہ	t̪ ə b ɑː d̪ l ɑ ɦ
تبادلہ	t̪ ə b ɑː d̪ ɪ l ɑ ɦ
تبریز	t̪ ə b ɾ eː z
تتلی	t̪ ɪ t̪ l iː
ترانه	t̪ ə ɾ ɑː n ə
ترجمان	t̪ ə ɾ d͡ʒ ʊ m ɑː n
ترجمہ	t̪ ə ɾ d͡ʒ ʊ m ɑː
ترجیح	t̪ ə ɾ d͡ʒ iː
ترجیح	t̪ ə ɾ d͡ʒ iː ɦ
ترٹی	t̪ ɾ ʊ ʈ iː
ترکی	t̪ ʊ ɾ k iː
تسلیم	t̪ ə s l iː m
تشنہ	t̪ ɪ ʃ n ɑː
تعداد	t̪ ɑː d̪ ɑː d̪
تعداد	t̪ ə ʔ d̪ ɑː d̪
تفصیل	t̪ ə f s iː l
تقریباً	t̪ ə q ɾ iː b ə n
تكميل	t̪ ə k m iː l
تلخ	t̪ ə l̪ x
تلخ	t̪ ə l̪ ə x
تلخی	t̪ ə l x iː
تلوار	t̪ ə l ʋ ɑː ɾ
تم	t̪ ʊ m
تمام	t̪ ə m ɑː m
تمنا	t̪ ə m ə n n ɑː
تمنچه	t̪ ə m ə n t͡ʃ ɑː
تمھارا	t̪ ʊ mʱ ɑː ɾ ɑː
تمھیں	t̪ ʊ mʱ ẽː
تمہارا	t̪ ʊ m ɦ ɑː ɾ ɑː
تمہیں	t̪ ʊ m ɦ ẽː
تمیز	t̪ ə m iː z
تن	t̪ ə n
تنازع	t̪ ə n ɑː z oː ʔ
تندرست	t̪ ə n d̪ ʊ ɾ ʊ s t̪
تندرستی	t̪ ə n d̪ ʊ ɾ ʊ s t̪ iː
تندور	t̪ ə n d̪ uː ɾ
تنظیم	t̪ ə n z iː m
تنگ	t̪ ə ŋ ɡ
تو	t̪ oː
تو	t̪ uː
توبہ	t̪ ɔː b ɑː
توبہ	t̪ ə ʊ b ɑː
توحیدیت	t̪ ɔː ɦ iː d̪ ɪ j ə t̪
تولیہ	t̪ oː l ɪ j ə
تولیہ	t̪ ɔː l ɪ j ə
تولیے	t̪ ɔː l ɪ j eː
توچا	t̪ ʋ ə t͡ʃ ɑː
توہین	t̪ ɔː ɦ iː n
تڑت	t̪ ə ɽ ɪ t̪
تگنا	t̪ ɪ ɡ n ɑː
تھوک	t̪ʰ uː k
تھوکنا	t̪ʰ uː k n ɑː
تہائی	t̪ ɪ ɦ ɑː iː
تہجی	t̪ ə ɦ ə d͡ʒː iː
تیاگ	t̪ j ɑː ɡ
تیرا	t̪ eː ɾ ɑː
تیرنا	t̪ ɛː ɾ n ɑː
تیز	t̪ eː z
تیزاب	t̪ eː z aː b
تیسرا	t̪ iː s ɾ ɑː
تیمور	t̪ ɛː m uː ɾ
تین	t̪ iː n
تیکھا	t̪ iː kʰ ɑː
ث	s
ث	s eː
ثابت	s ɑː b ɪ t̪
ثبوت	s ə b uː t̪
ثروت	s ə ɾ ʋ ə t̪
ثقافت	s ə q ɑː f ə t̪
ج	d͡ʒ
ج	d͡ʒ iː m
جائپھل	d͡ʒ ɑː ɪ pʰ ə l
جائیداد	d͡ʒ ɑː e d̪ ɑː d̪
جائیداد	d͡ʒ ɑː ɪ d̪ ɑː d̪
جادو	d͡ʒ ɑː d̪ uː
جامعہ	d͡ʒ ɑː m ɪ j ɑː
جامعہ	d͡ʒ ɑː m ɪ ʔ ɑː
جامن	d͡ʒ ɑː m ə n , d͡ʒ ɑː m ʊ n
جامنی	d͡ʒ ɑː m n iː
جاننا	d͡ʒ ɑː n n ɑː
جانور	d͡ʒ ɑː n ʋ ə ɾ
جانچنا	d͡ʒ ɑː n t͡ʃ n ɑː
جانکاری	d͡ʒ ɑː n k ɑː ɾ iː
جاپان	d͡ʒ ɑː p ɑː n
جاپانی	d͡ʒ ɑː p ɑː n iː
جبوتی	d͡ʒ ɪ b uː t̪ iː
جدا	d͡ʒ ʊ d̪ ɑː
جدید	d͡ʒ ə d̪ iː d̪
جرأت	d͡ʒ ʊ ɾ ɾ ə t̪
جراثیم	d͡ʒ ə ɾ ɑː s iː m
جرثومہ	d͡ʒ ʊ ɾ s uː m ɑː
جرمنی	d͡ʒ ə ɾ m ə n iː
جرگہ	d͡ʒ ɪ ɾ ɡ ɑː
جسور	d͡ʒ ə s uː ɾ
جشن	d͡ʒ ə ʃ ə n
جعلی	d͡ʒ ɑː l iː
جغرافیائی	d͡ʒ ʊ ɣ ɾ ɑː f ɪ j ɑː iː
جل	d͡ʒ ə l
جلانا	d͡ʒ ə l ɑː n ɑː
جلسہ	d͡ʒ ə l s ɑ ɦ
جلنا	d͡ʒ ə l n ɑː
جلوس	d͡ʒ ʊ l uː s
جمعرات	d͡ʒ ʊ m eː ɾ ɑː t̪
جمعہ	d͡ʒ ʊ m ʔ ɑː
جمہوریت	d͡ʒ ə m ɦ uː ɾ ɪ j ə t̪
جمہوریہ	d͡ʒ ə m ɦ uː ɾ ɪ j ɑː
جمہوریہ	d͡ʒ ʊ m ɦ uː ɾ ɪ j ɑː
جن	d͡ʒ ɪ n
جن	d͡ʒ ɪ n n
جنت	d͡ʒ ə nː ə t̪
جنتی	d͡ʒ ə nː ə t̪ iː
جنرل	d͡ʒ ə n ɾ ə l
جنگل	d͡ʒ ə ŋ ɡ ə l
جنیئو	d͡ʒ ə n eː uː
جوا	d͡ʒ uː ɑː
جوا	d͡ʒ ʊ ɑː
جواب	d͡ʒ ə ʋ ɑː b
جوانی	d͡ʒ ə ʋ ɑː n iː
جوت	d͡ʒ oː t̪
جور	d͡ʒ ʋ ə ɾ
جوگی	d͡ʒ oː ɡ iː
جوں	d͡ʒ ũː
جوہر	d͡ʒ ɔː ɦ ə ɾ
جوہری	d͡ʒ ɔː ɦ ɾ iː
جٹا	d͡ʒ ə ʈ ɑː
جپنا	d͡ʒ ə p n ɑː
جڑ	d͡ʒ ə ɽ
جڑواں	d͡ʒ ʊ ɽ w ɑ̃ː
جڑواں	d͡ʒ ʊ ɽ ʋ ɑ̃ː
جگاڑ	d͡ʒ ʊ ɡ ɑː ɽ
جگنو	d͡ʒ ʊ ɡ n uː
جھانجھ	d͡ʒʱ ɑ̃ː d͡ʒʱ
جھنڈا	d͡ʒʱ ə n ɖ ɑː
جہاز	d͡ʒ ə ɦ ɑː z
جہازی	d͡ʒ ə ɦ ɑː z iː
جہنم	d͡ʒ ə ɦ ə n n ə m
جی	d͡ʒ iː
جیبھ	d͡ʒ iː bʱ
جیت	d͡ʒ iː t̪
جیش	d͡ʒ æː ʃ
جیل	d͡ʒ eː l
جیوتی	d͡ʒ j oː t̪ iː
جیون	d͡ʒ iː ʋ ə n
ح	b ə ɽ iː ‿ ɦ eː
ح	ɦ
حالانکہ	ɦ ɑː l ɑ̃ː k iː
حبش	ɦ ə b ə ʃ
حبقوق	ɦ ə b ə q q uː q
حج	ɦ ə d͡ʒ d͡ʒ
حجام	ɦ ə d͡ʒ d͡ʒ ɑː m
حراست	ɦ ɪ ɾ ɑː s ə t̪
حضور	ɦ ə z uː ɾ
حضور	ɦ ʊ z uː ɾ
حفاظت	ɦ ɪ f ɑː z ə t̪
حقوق	ɦ ʊ q uː q
حقیقت	ɦ ə q iː q ə t̪
حلال	ɦ ə l ɑː l
حلقہ	ɦ ə l q ə
حملہ	ɦ ə m l ɑː
حنا	ɦ ɪ n ɑː
حویلی	ɦ ə ʋ eː l iː
حکومت	ɦ ʊ k uː m ə t̪
حیات	ɦ ə j ɑː t̪
حیاتیات	ɦ ə j ɑː t̪ ɪ j ɑː t̪
حیران	ɦ ɛː ɾ ɑː n
حیوانیات	ɦ ɛː ʋ ɑː n ɪ j ɑː t̪
خ	x
خ	x eː
خاتمہ	x ɑː t̪ m ə
خاتمہ	x ɑː t̪ ɪ m ə
خاتون	x ɑː t̪ uː n
خادم	x ɑː d̪ ɪ m
خارجہ	x ɑː ɾ ɪ d͡ʒ ɑː
خاصا	x ɑː s ɑː
خاصی	x ɑː s iː
خالق	x ɑː l ɪ q
خاموش	x ɑː m oː ʃ
خانساماں	x ɑː n s ɑː m ɑ̃ː
خانہ	x ɑː n ɑː
خاکسار	x ɑː k s ɑː ɾ
خاکستری	x ɑː k ɪ s t̪ ə ɾ iː
خبر	x ə b ə ɾ
خدا	x ʊ d̪ ɑː
خداوند	x ʊ d̪ ɑː ʋ ə n d̪
خدمت	x ɪ d̪ m ə t̪
خراش	x ə ɾ ɑː ʃ
خربوزہ	x ə ɾ b uː z ɑː
خرگوش	x ə ɾ ɡ oː ʃ
خریدنا	x ə ɾ iː d̪ n ɑː
خریدوانا	x ə ɾ iː d̪ ʋ ɑː n ɑː
خزاں	x ə z ɑ̃ː
خزاں	x ɪ z ɑ̃ː
خسارہ	x ɪ s ɑː ɾ ɑː ɦ
خسرہ	x ə s ɾ ɑː
خصوصا	x ə s uː s ə n
خصوصا	x ʊ s uː s ə n
خلاف	x ɪ l ɑː f
خلافت	x ɪ l ɑː f ə t̪
خلفا	x ʊ l ə f ɑː
خلق	x ə l q
خلیج	x ə l iː d͡ʒ
خلیفہ	x ə l iː f ɑː ɦ
خنجر	x ə n d͡ʒ ə ɾ
خواب	x w ɑː b
خواب	x ɑː b
خواتین	x ə w ɑː t̪ iː n
خواجہ	x w ɑː d͡ʒ ɑː
خواجہ	x ɑː d͡ʒ ɑː
خواہ	x w ɑː ɦ
خواہ	x ɑː ɦ
خواہش	x w ɑː ɦ ɪ ʃ
خواہش	x ɑː ɦ ɪ ʃ
خوبانی	x uː b ɑː n iː
خوبصورت	x uː b s uː ɾ ə t̪
خود	x w ʊ d̪
خود	x ʊ d̪
خودمختاری	x ʊ d̪ m ʊ x t̪ ɑː ɾ iː
خودکش	x ʊ d̪ k ʊ ʃ
خودکشی	x ʊ d̪ k ʊ ʃ iː
خوراک	x ʊ ɾ ɑː k
خوش	x w ʊ ʃ
خوش	x ʊ ʃ
خوشی	x ʊ ʃ iː
خوف	x ɔː f
خون	x uː n
خیر	x ɛː ɾ
د	d̪
د	d̪ ɑː l
داخلہ	d̪ ɑː x ɪ l ə
داردر	d̪ ɑː ɾ ɪ d̪ ɾᵊ
داستان	d̪ ɑː s t̪ ɑː n
داستان	d̪ ɑː s t̪ ɑ̃ː
داعش	d̪ ɑː ʔ ɪ ʃ
داغ	d̪ ɑː ɣ
دام	d̪ ɑː m
دانت	d̪ ɑ̃ː t̪
دانت	d̪ ə n t̪
دانش	d̪ ɑː n ɪ ʃ
داڑم	d̪ ɑː ɽ ɪ m
دایاں	d̪ ɑː j ɑ̃ː
دبئی	d̪ ʊ b ə iː
دباؤ	d̪ ə b ɑː oː
دجلہ	d̪ ə d͡ʒ l ɑː
درخت	d̪ ə ɾ ə x t̪
درود	d̪ ʊ ɾ uː d̪
دس	d̪ ə s
دسواں	d̪ ə s ʋ ɑ̃ː
دشت	d̪ ə ʃ t̪
دشمن	d̪ ʊ ʃ m ə n
دعا	d̪ ʊ ʔ ɑː
دفعہ	d̪ ə f ʔ ɑː
دفنانا	d̪ ə f n ɑː n ɑː
دل	d̪ ɪ l
دلربا	d̪ ɪ l ɾ ʊ b ɑː
دلچسپ	d̪ ɪ l t͡ʃ ə s p
دلی	d̪ ɪ lː iː
دمشق	d̪ ə m ɪ ʃ q
دن	d̪ ɪ n
دو	d̪ oː
دودھ	d̪ uː d̪ʱ
دورلیکھ	d̪ uː ɾ l eː kʰ
دوزخ	d̪ oː z ə x
دوستانہ	d̪ oː s t̪ ɑː n ɑː
دوسرا	d̪ uː s ɾ ɑː
دوش	d̪ oː ʃ
دونا	d̪ uː n ɑː
دوگنا	d̪ oː ɡ ʊ n ɑː
دکھ	d̪ ʊ kʰ
دکھانا	d̪ ɪ kʰ ɑː n ɑː
دگنا	d̪ ʊ ɡ n ɑː
دھات	d̪ʱ ɑː t̪
دھارا	d̪ʱ ɑː ɾ ɑː
دھاندل	d̪ʱ ɑː n d̪ ə l
دھاندلی	d̪ʱ ɑː n d̪ l iː
دھرتی	d̪ʱ ə ɾ t̪ iː
دھرم	d̪ʱ ə ɾ m
دھمال	d̪ʱ ə m m ɑː l
دھماکہ	d̪ʱ ə m ɑː k ɑː ɦ
دھن	d̪ʱ ə n
دھن	d̪ʱ ʊ n
دھواں	d̪ʱ uː ɑ̃ː
دھوج	d̪ʱ ʋ ə d͡ʒ
دھوسر	d̪ʱ uː s ə r
دھول	d̪ʱ uː l
دھونا	d̪ʱ oː n ɑː
دھونا	d̪ʱ uː n ɑː
دھوپ	d̪ʱ uː p
دھیریہ	d̪ʱ ɛː ɾ jᵊ
دہلی	d̪ e l iː
دہلی	d̪ e ɦ l iː
دہلی	d̪ ɛ l iː
دہلی	d̪ ɛ ɦ l iː
دیا	d̪ ə j ɑː
دیا	d̪ ɪ j ɑː
دیروز	d̪ iː ɾ oː z
دیش	d̪ eː ʃ
دینا	d̪ eː n ɑː
دینے	d̪ eː n eː
دیوانہ	d̪ iː ʋ ɑː n ə
دیوبندی	d̪ eː ʋ b ə n d̪ iː
دیوناگری	d̪ eː ʋ n ɑː ɡ ɾ iː
دیپک	d̪ iː p ə k
دیپکا	d̪ iː p ɪ k ɑː
دیکھنا	d̪ eː kʰ n ɑː
ذ	z
ذ	z ɑː l
ذائقہ	z ɑː j q ɑː
ذات	z ɑː t̪
ذرہ	z ə rː ə
ذریعہ	z ə ɾ ɪ j ə
ذلت	z ɪ lː ə t̪
ذلیل	z ə l iː l
ذوق	z ɔː q
ر	ɾ
ر	ɾ eː
رائے	ɾ ɑː eː
رائے	ɾ ɑː j
رابطہ	ɾ ɑː b t̪ ɑː
رات	ɾ ɑː t̪
راج	ɾ ɑː d͡ʒ
راجا	ɾ ɑː d͡ʒ ɑː
راستہ	ɾ ɑː s t̪ ə
راضی	ɾ ɑː z iː
رامائن	ɾ ɑː m ɑː j ə n
راکٹ	ɾ ɑː k ɪ ʈ
راکھ	ɾ ɑː kʰ
راہ	ɾ ɑː ɦ
راہب	ɾ ɑː ɦ ɪ b
راہبہ	ɾ ɑː ɦ ɪ b ɑː
راہداری	ɾ ɑː ɦ d̪ ɑː ɾ iː
ربوہ	ɾ ə b ʋ ɑː ɦ
رتن	ɾ ə t̪ ə n
رد	ɾ ə d̪ d̪
رسالہ	ɾ ɪ s ɑː l ɑː
رسول	ɾ ə s uː l
رفتار	ɾ ə f t̪ ɑː ɾ
رمضان	ɾ ə m z ɑː n
رنڈی	ɾ ə ɳ ɖ iː
رنگت	ɾ ə ŋ ɡ ə t̪
رنگولی	ɾ ə ŋ ɡ oː l iː
روانڈا	ɾ ə ʋ ɑː ɳ ɖ ɑː
روانہ	ɾ ə ʋ ɑː n ɑː
روزن	ɾ ɔː z ə n
روزہ	ɾ oː z ɑː
روس	ɾ uː s
روشنی	ɾ oː ʃ n iː
روشنی	ɾ ɔː ʃ n iː
رونا	ɾ oː n ɑː
روپ	ɾ uː p
روچڈیل	ɾ oː t͡ʃ ɖ eː l
روچڈیل	ɾ ɑː t͡ʃ ɖ eː l
روچڈیل	ɾ ɔː t͡ʃ ɖ eː l
رویئہ	ɾ ə ʋ ə̯ i ɑː
رویہ	ɾ ə ʋ ə̯ i j ɑː
رکت	ɾ ə k t̪
رکشا	ɾ ə k ʂ ɑː
رہنا	ɾ ə ɦ n ɑː
ریاست	ɾ iː j ɑː s ə t̪
ریاستہا	ɾ ɪ j ɑː s ə t̪ ɦ ɑː
ریاضی	ɾ ɪ j ɑː z iː
ریختہ	ɾ eː x t̪ ɑː
ریشم	ɾ eː ʃ ə m
ریپھ	ɾ eː pʰ
ریچھ	ɾ iː t͡ʃʰ
ز	z
ز	z eː
زبان	z ə b ɑː n
زبان	z ʊ b ɑː n
زخم	z ə x m
زندگی	z ɪ n d̪ ə ɡ iː
زندہ	z ɪ n d̪ ɑː
زہر	z ə ɦ ə ɾ
زیادتی	z j ɑː d̪ t̪ iː
زیادتی	z ɪ j ɑː d̪ t̪ iː
س	s
س	s iː n
سؤر	s uː ə ɾ
سائز	s ɑː ɪ z
سائنس	s ɑː eː n s
سائنس	s ɑː ɪ n s
سائنسی	s ɑː eː n s iː
سائنسی	s ɑː ɪ n s iː
سات	s ɑː t̪
ساتواں	s ɑː t̪ ʋ ɑ̃ː
ساتھی	s ɑː t̪ʰ iː
ساحل	s ɑː ɦ ɪ l
سازش	s ɑː z ɪ ʃ
سالگرہ	s ɑː l ɡ ɪ ɾ ə ɦ
سانولا	s ɑ̃ː ʋ l ɑː
سانپ	s ɑ̃ː p
ساڑی	s ɑː ɽ iː
سبد	s ə b ʊ d̪
سبزی	s ə b z iː
سبھا	s ə bʱ ɑː
سدابہار	s ə d̪ ɑː b ə ɦ ɑː ɾ
سدھارنا	s ʊ d̪ʱ ɑː ɾ n ɑː
سراب	s ə ɾ ɑː b
سرحد	s ə ɾ ɦ ə d̪
سردیاں	s ə ɾ d̪ ɪ j ɑ̃ː
سرسوتی	s ə ɾ s uː t̪ iː
سرسوتی	s ə ɾ ə s ʋ ə t̪ iː
سرسوں	s ə ɾ s õː
سرشت	s ə ɾ ɪ ʃ t̪
سرشپ	s ə ɾ ʂ ə p
سرفروش	s ə ɾ f ə ɾ oː ʃ
سرمئی	s ʊ ɾ m ə iː , s ə ɾ m ə iː
سرمہ	s ʊ ɾ m ɑː
سرور	s ʊ ɾ uː ɾ
سرونام	s ə ɾ ʋ n ɑː m
سرکار	s ə ɾ k ɑː ɾ
سرگرم	s ə ɾ ɡ ə ɾ m
سزا	s ə z ɑː
سستی	s ə s t̪ iː
سستی	s ʊ s t̪ iː
سفارت	s ɪ f ɑː ɾ ə t̪
سفارتخانہ	s ɪ f ɑː ɾ ə t̪ x ɑː n ɑː
سفر	s ə f ə ɾ
سفید	s ə f eː d̪
سلاح	s ɪ l ɑː
سلام	s ə l ɑː m
سلجوق	s ə l d͡ʒ uː q
سلجوقی	s ə l d͡ʒ uː q iː
سمئے	s ə m ə j
سماس	s ə m ɑː s
سماعت	s ə m ɑː ʔ ə t̪
سماچار	s ə m ɑː t͡ʃ ɑː ɾ
سمجھدار	s ə m ə d͡ʒʱ d̪ ɑː ɾ
سمجھنا	s ə m ə d͡ʒʱ n ɑː
سمراٹ	s ə m ɾ ɑː ʈ
سمرتی	s m ɾ ɪ t̪ iː
سمرتی	ɪ s m ɾ ɪ t̪ iː
سموسہ	s ə m oː s ɑː
سمپرداے	s ə m p ɾ ə d̪ ɑː eː
سمکھ	s ə m m ʊ kʰ
سناتن	s ə n ɑː t̪ ə n
سنترا	s ə n t̪ ə ɾ ɑː
سنترا	s ə n t̪ ɾ ɑː
سنجها	s ə n d͡ʒʱ ɑː
سندر	s ʊ n d̪ ə ɾ
سندھ	s ɪ n d̪ʱ
سنسکرت	s ə n s k ɾ ɪ t̪
سننا	s ʊ n n ɑː
سنگاپور	s ɪ ŋ ɡ ɑː p uː ɾ
سنگھ	s ɪ̃ ŋ ɡʱ
سنہ	s ɪ̃ ŋ ɦ
سنیوگ	s ə̃ j oː ɡ
سوادو	s ʋ ɑː d̪ uː
سوانگ	s ʋ ɑː ŋ ɡ
سواگت	s ʋ ɑː ɡ ə t̪
سوتیلا	s ɔː t̪ eː l ɑː
سوستک	s ʋ ə s t̪ ɪ k
سوغات	s ɔː ɣ ɑː t̪
سونا	s oː n ɑː
سونا	s uː n ɑː
سويمور	s ʋ ə j ə m ʋ ə ɾ
سوچنا	s oː t͡ʃ n ɑː
سوکھا	s uː kʰ ɑː
سپاہی	s ɪ p ɑː ɦ iː
سڑک	s ə ɽ ə k
سکنا	s ə k n ɑː
سہمانا	s ə ɦ m ɑː n ɑː
سہمنا	s ə ɦ ə m n ɑː
سہواس	s ə ɦ ʋ ɑː s
سیاست	s ɪ j ɑː s ə t̪
سیاستدان	s ɪ j ɑː s ə t̪ d̪ ɑː n
سیر	s ɛː ɾ
سینکڑا	s ɛː ŋ k ə ɽ ɑː
سینکڑا	s ɛː ŋ k ɽ ɑː
سینگ	s iː ŋ ɡ
سینیٹر	s iː n eː ʈ ə ɾ
سیکھنا	s iː kʰ n ɑː
سے	s eː
ش	ʃ
ش	ʃ iː n
شادی	ʃ ɑː d̪ iː
شارجہ	ʃ ɑː ɾ d͡ʒ ɑː ɦ
شاستر	ʃ ɑː s t̪ ə ɾ
شاعر	ʃ ɑː j ə ɾ
شاعرہ	ʃ ɑː j ɾ ɑː
شاعری	ʃ ɑː j ɾ iː
شام	ʃ ɑː m
شاپر	ʃ ɑː p ə ɾ
شاہراہ	ʃ ɑː ɦ ɾ ɑː ɦ
شاہی	ʃ ɑː ɦ iː
شبھ	ʃ ʊ bʱ
شترو	ʃ ə t̪ ɾ uː
شجر	ʃ ə d͡ʒ ə ɾ
شخص	ʃ ə x s
شراب	ʃ ə ɾ ɑː b
شرک	ʃ ɪ ɾ k
شرکرا	ʃ ə ɾ k ə ɾ ɑː
شریر	ʃ ə ɾ iː ɾ
شریعت	ʃ ə ɾ iː ʔ j ə t̪
شرینگر	ʃ ɾ iː n ə ɡ ə ɾ
ششن	ʃ ɪ ʃ n
شعر	ʃ eː ɾ
شناخت	ʃ ɪ n ɑː x t̪
شنتانو	ʃ ə n t̪ ə n uː
شوق	ʃ ɔː q
شکایت	ʃ ɪ k ɑː j ə t̪
شکتی	ʃ ə k t̪ iː
شکریہ	ʃ ʊ k ɾ ɪ j ɑː
شہر	ʃ ɛ ɦ ɛ ɾ
شہزادہ	ʃ ə ɦ z ɑː d̪ ɑː
شہلا	ʃ ə ɦ l ɑː
شیر	ʃ eː ɾ
شیر	ʃ iː ɾ
شیشہ	ʃ iː ʃ ɑː
شیفیلڈ	ʃ ɛː f iː l ɖ
شیو	ʃ eː ʋ
شیو	ʃ iː ʋ
ص	s
ص	s ʋ ɑː d̪
صائب	s ɑː ɪ b
صابر	s ɑː b ɪ ɾ
صابن	s ɑː b ʊ n
صاحب	s ɑː ɦ ɪ b
صارف	s ɑː ɾ ɪ f
صارفین	s ɑː ɾ ɪ f iː n
صبح	s ʊ b ɑː
صبح	s ʊ b ə ɦ
صبح	s ʊ b ɦ
صحافی	s ə ɦ ɑː f iː
صحافی	s ɪ ɦ ɑː f iː
صحت	s eː ɦ ə t̪
صحت	s ɪ ɦ ə t̪
صحیح	s ə iː
صحیح	s ə ɦ iː
صفائی	s ə f ɑː iː
صفائی	s ɪ f ɑː iː
صفحہ	s ə f ɑː
صفحہ	s ə f ɦ ɑː
صفرواں	s ɪ f ə ɾ ʋ ɑ̃ː
صلیب	s ə l iː b
ض	z
ض	z ʋ ɑː d̪
ضرور	z ə ɾ uː ɾ
ضمانت	z ə m ɑː n ə t̪
ط	t̪
ط	t̪ oː eː
طبلہ	t̪ ə b l əᵊ
طبیعت	t̪ ə b iː j ə t̪
طبیعیات	t̪ ə b iː j ɑː t̪
طبیعیات	t̪ ə b iː ʔ j ɑː t̪
طرح	t̪ ə ɾ ɑː
طرح	t̪ ə ɾ ə ɦ
طرح	t̪ ə ɾ ɦ
طلاق	t̪ ə l ɑː q
طور	t̪ uː ɾ
طور	t̪ ɔː ɾ
طوفان	t̪ uː f ɑː n
ظ	z
ظ	z oː eː
ع	eː
ع	oː
ع	ɑː
ع	ɛː n
ع	ʔ
ع	ʕ
عابد	ʔ ɑː b ɪ d̪
عام	ɑː m
عبادت	ɪ b ɑː d̪ ə t̪
عبرانی	ɪ b ɾ ɑː n iː
عبری	ɪ b ɾ iː
عجائب	ə d͡ʒ ɑː eː b
عجائب	ə d͡ʒ ɑː ɪ b
عجائبات	ə d͡ʒ ɑː ɪ b ɑː t̪
عجوبہ	ə d͡ʒ uː b ɑː
عجیب	ə d͡ʒ iː b
عراق	ɪ ɾ ɑː q
عرض	ə ɾ z
عزیز	ə z iː z
عشق	ɪ ʃ q
عطر	ʔ ɪ t̪ ɾ
عقل	ʔ ə q l
علاج	ʔ ɪ l ɑː d͡ʒ
علم	ə l ə m
علم	ɪ l m
علمیات	ɪ l m ɪ j ɑː t̪
علوم	ʔ ʊ l uː m
عمان	ʔ o m ɑː n
عمل	ə m ə l
عموما	ə m uː m ə n
عموما	ʊ m uː m ə n
عنابی	ʊ n n ɑː b iː , ə n ɑː b iː
عنب	ɪ n eː b
عوام	ə ʋ ɑː m
عورت	ɔː ɾ ə t̪
عیادت	ə j ɑː d̪ ə t̪
عیاشی	ʔ ə j j ɑː ʃ iː
عیاشی	ʔ ə̯ i j ɑː ʃ iː
عیسیٰ	iː s ɑː
غ	ɣ
غ	ɣ ɛː n
غرناطہ	ɣ ə ɾ n ɑː t̪ ɑː ɦ
غرور	ɣ ʊ ɾ uː ɾ
غلطی	ɣ ə l ə t̪ iː
غم	ɣ ə m
غنائیت	ɣ ʊ n n ɑː iː j ə t̪
غنچہ	ɣ ʊ n t͡ʃ ɑː
غنڈہ	ɣ ʊ n ɖ ɑː
غنہ	ɣ ʊ n n ə
غیر	ɣ ɛː ɾ
غیرت	ɣ ɛː ɾ ə t̪
ف	f
ف	f eː
فادر	f ɑː d̪ ə ɾ
فارسی	f ɑː ɾ s iː
فالحال	f ɪ l ɦ ɑː l
فالسئی	f ɑː l s ə iː
فالسہ	f ɑː l s ɑː
فانی	f ɑː n iː
فخر	f ə x ɾ
فرانس	f ɾ ɑː n s
فرضی	f ə ɾ z iː
فرمائش	f ə ɾ m ɑː ɪ ʃ
فرمانا	f ə ɾ m ɑː n ɑː
فطرت	f ɪ t̪ ɾ ə t̪
فلسطین	f ɪ l ɪ s t̪ iː n
فلپائن	f ɪ l p ɑː ɪ n
فلپائن	f ɪ l ɪ p ɑː ɪ n
فلک	f ə l ə k
فلکیات	f ə l k iː j ɑː t̪
فوج	f ɔː d͡ʒ
فورا	f ɔː ɾ ə n
فون	f uː n
فون	f ō n
فکر	f ɪ k ɾ
فیروزی	f eː ɾ oː z iː
فیصد	f iː s ə d̪
ق	q
ق	q ɑː f
قابض	q ɑː b ɪ z
قابل	q ɑː b ɪ l
قابلیت	q ɑː b l ɪ j ə t̪
قاتل	q ɑː t̪ ɪ l
قاعدہ	q ɑː ʔ ɪ d̪ ɑː ɦ
قاموس	q ɑː m uː s
قبض	q ə b z
قبض	q ə b ə z
قبضہ	q ə b z ə
قبول	q ʊ b uː l
قدیم	q ə d̪ iː m
قرآن	q ʊ ɾ ʔ ɑː n
قرطبہ	q ʊ ɾ t̪ ə b ɑː ɦ
قرمزی	q ɪ ɾ m ɪ z iː
قسط	q ɪ s t̪
قسمت	q ɪ s m ə t̪
ققنس	q ə q n ʊ s
قلعہ	q ɪ l ɑː
قلندر	q ə l ə n d̪ ə ɾ
قمیض	q ə m iː z
قواعد	q ə ʋ ɑː ɪ d̪
قوت	q uː t̪
قوت	q ʊ ʋ ʋ ə t̪
قوم	q ɔː m
قومیت	q ɔː m ɪ j j ə t̪
قیادت	q ɪ j ɑː d̪ ə t̪
قیمتی	q iː m ə t̪ iː
قیمہ	q iː m ɑː
قینچی	q ɛ̃ː t͡ʃ iː
ل	l
ل	l ɑː m
لال	l ɑː l
لامتناہی	l ɑː m ʊ t̪ ə n ɑː ɦ iː
لاپتہ	l ɑː p ə t̪ ə
لاکھ	l ɑː kʰ
لاہور	l ɑː ɦ ɔː ɾ
لاہور	l ə ɦ oː ɾ
لتھوینیا	l ɪ t̪ʰ ʊ eː n ɪ j ɑː
لداخ	l ə d̪ː ɑː x
لدھیانہ	l ʊ d̪ʱ ɪ j ɑː n ɑː
لرزاں	l ə ɾ z ɑ̃ː
لسانیات	l ɪ s ɑː n ɪ j ɑː t̪
لغت	l ʊ ɣ ə t̪
لفظ	l ə f z
للاٹ	l ə l ɑː ʈ
لمبا	l ə m b ɑː
لمبائی	l ə̃ m b ɑː iː
لمپٹ	l ə m p ə ʈ
لندن	l ə n d̪ ə n
لنگ	l ɪ ŋ ɡ
لنگایت	l ɪ ŋ ɡ ɑː j ə t̪
لوبیا	l oː b ɪ j ɑː
لوتھ	l oː t̪ʰ
لوری	l oː ɾ iː
لوگ	l̪ oː ɡ
لڑکا	l ə ɽ k ɑː
لڑکی	l ə ɽ k iː
لکھائی	l ɪ kʰ ɑː iː
لکھنا	l ɪ kʰ n ɑː
لگانا	l ə ɡ ɑː n ɑː
لگے	l ə ɡ eː
لہذا	l e ɦ ɑː z ɑː
لہذا	l ɪ ɦ ɑː z ɑː
لہرانا	l ɛ ɦ ɾ ɑː n ɑː
لہسن	l ə ɦ s ʊ n
لہنگا	l ɛː ɦ ŋ ɡ ɑː
لہنگا	l ɛː ɦ ɛː ŋ ɡ ɑː
لیئج	l ɪ eː d͡ʒ
لیئج	l ɪ j eː d͡ʒ
لیسٹر	l ɛː s ʈ ə ɾ
لینا	l eː n ɑː
لیٹنا	l eː ʈ n ɑː
لیکھنی	l eː kʰ ə n iː
م	m
م	m iː m
مؤذن	m ʊ ə z z ɪ n
ماحول	m ɑː ɦ ɔː l
مارنا	m ɑː ɾ n ɑː
مارگ	m ɑː ɾ ɡ
مالا	m ɑː l ɑː
مالدیپ	m ɑː l d̪ iː p
مالٹا	m ə l ʈ ɑː
مانچسٹر	m ɑː n t͡ʃ e s ʈ ə ɾ
مانچسٹر	m ɑː n t͡ʃ ə s ʈ ə ɾ
مانچسٹر	m ɑ̃ː t͡ʃ e s ʈ ə ɾ
مانچسٹر	m ɑ̃ː t͡ʃ ə s ʈ ə ɾ
ماہر	m ɑː ɦ ɪ ɾ
ماہرین	m ɑː ɦ ɪ ɾ iː n
مت	m ə t̪
متوجہ	m ʊ t̪ ə ʋ ə d͡ʒ d͡ʒ ʊ ɦ
متھرا	m ə t̪ʰ ʊ ɾ ɑː
مثلا	m ə s l ə n
مجرم	m ʊ d͡ʒ ɾ ɪ m
محبت	m ə ɦ ə b b ə t̪
محبت	m ʊ ɦ ə b b ə t̪
محراب	m eː ɦ ɾ ɑː b
محراب	m ɪ ɦ ɾ ɑː b
محشر	m ə ɦ ʃ ə ɾ
محل	m ɛ ɦ ɛ l̪
محمد	m oː ɦ ə m m ə d̪
محمد	m ʊ ɦ ə m m ə d̪
محنت	m eː ɦ n ə t̪
محنت	m ɪ ɦ n ə t̪
مختصر	m ʊ x t̪ ə s ɪ ɾ
مخمل	m ə x m ə l
مخملی	m ə x m ə l iː
مدھم	m ə d̪ːʰ ə m
مدیرا	m ə d̪ iː ɾ ɑː
مذاق	m ə z ɑː q
مذمت	m ə z ə mː ə t̪
مذکر	m ʊ z ə k k ə ɾ
مذہب	m ə z ɦ ə b
مراٹھی	m ə ɾ ɑː ʈʰ iː
مراکش	m ə ɾ ɑː k e ʃ
مرتبہ	m ə ɾ t̪ ə b ɑː
مرتیو	m ɾ ɪ t̪ j uː
مرد	m ə ɾ d̪
مردانگی	m ə ɾ d̪ ɑː n ɡ iː
مردانہ	m ə ɾ d̪ ɑː n ɑː
مرمت	m ə ɾ ə mː ə t̪
مرنا	m ə ɾ n ɑː
مروانا	m ə ɾ ʋ ɑː n ɑː
مزہ	m ə z ɑː
مسئلہ	m ə s l ɑː
مسافر	m ʊ s ɑː f ɪ ɾ
مسجد	m ə s d͡ʒ ɪ d̪
مسقط	m ə s q ə t̪
مسلمان	m ʊ s ə l m ɑː n
مسیحی	m ə s iː ɦ iː
مشکل	m ʊ ʃ k ɪ l
مصر	m ɪ s ə ɾ
مصیبت	m ʊ s iː b ə t̪
مظاہرہ	m ʊ z ɑː ɦ ɪ ɾ ɑː
معاشرہ	m ʊ ʔ ɑː ʃ ɪ ɾ ɑː
معاملہ	m ɑː m l ɑː
معاملہ	m ʊ ɑː m l ɑː
معبود	m ɑː ʔ b uː d̪
معجزہ	m o ɪ d͡z ɑː ɦ
معجزہ	m o ʔ d͡ʒ ɪ z ɑː ɦ
معلم	m ʊ ʔ ə l l ə m
معلم	m ʊ ʔ ə l l ɪ m
معیشت	m ə ʔ iː ʃ ə t̪
مفاہمت	m ʊ f ɑː ɦ ɪ m ə t̪
مقبوض	m ə q b uː z
مقبوضہ	m ə q b uː z ə
مقدار	m ɪ q d̪ ɑː ɾ
مقدسہ	m ʊ q ə d̪ d̪ ə s ɑː
ملائیشیا	m ə l ə j ʃ ɪ j ɑː
ململ	m ə l m ə l
ملن	m ə l ɪ n
ملن	m ɪ l ə n
ملک	m ʊ l k
ملکہ	m ə l ɪ k ɑː
ممالک	m ə m ɑː l ɪ k
ممبئی	m ʊ m b ə iː
مناسب	m ʊ n ɑː s ɪ b
مناظر	m ə n ɑː z ɪ ɾ
منتر	m ə n t̪ ə ɾ
منتظم	m ʊ n t̪ ə z ɪ m
مندر	m ə n d̪ ɪ ɾ
منشیات	m ʊ n ə ʃː ɪ j ɑː t̪
منشیہ	m ə n ʊ ʂ j ə
منٹ	m ɪ n ə ʈ
منڈا	m ʊ ɳ ɖ ɑː
منگوانا	m ə n ɡ ʋ ɑː n ɑː
منہ	m ʊ̃ ɦ
منی	m ə n iː
مواصلات	m oː ɑː s ə l ɑː t̪
مواصلات	m ʊ ɑː s ə l ɑː t̪
مواصلات	m ʊ ʋ ɑː s ə l ɑː t̪
مواقع	m ə ʋ ɑː q eː
موجودگی	m ɔː d͡ʒ uː d̪ᵊ ɡ iː
مورت	m uː ɾ ə t̪
مورتی	m uː ɾ t̪ iː
موسم	m ɔː s ə m
موقع	m ɔː q ɑː
مولا	m ɔː l ɑː
مٹانا	m ɪ ʈ ɑː n ɑː
مٹنا	m ɪ ʈ n ɑː
مچھلی	m ə t͡ʃʰ l iː
مکھ	m ʊ kʰ
مکھن	m ə kːʰ ə n
مکہ	m ə kː ə
مہابھارت	m ə ɦ ɑː bʱ ɑː ɾ ə t̪
مہاجر	m o ɦ ɑː d͡ʒ ɪ ɾ
مہاجر	m ʊ ɦ ɑː d͡ʒ ɪ ɾ
مہاجرت	m o ɦ ɑː d͡ʒ ə ɾ ə t̪
مہاجرت	m ʊ ɦ ɑː d͡ʒ ə ɾ ə t̪
مہاجرین	m o ɦ ɑː d͡ʒ ɪ ɾ iː n
مہاجرین	m ʊ ɦ ɑː d͡ʒ ɪ ɾ iː n
مہاراشٹر	m ə ɦ ɑː ɾ ɑː ʃ ʈ ə ɾ
مہارانی	m ə ɦ ɑː ɾ ɑː n iː
مہاوت	m ə ɦ ɑː ʋ ə t̪
مہر	m eː ɦ ə ɾ
مہر	m oː ɦ ə ɾ
مہر	m ɪ ɦ ə ɾ
مہر	m ʊ ɦ ə ɾ
مہمان	m eː ɦ m ɑː n
مہمان	m eː ɦ m ɑ̃ː
مہمان	m ɪ ɦ m ɑː n
مہندی	m eː ɦ ə̃ d̪ iː
مہندی	m ɪ ɦ ə̃ d̪ iː
مہنگا	m ə ɦ ə ŋ ɡ ɑː
مہنگا	m ə ɦ ə̃ ɡ ɑː
مہنگائی	m ə ɦ ə ŋ ɡ ɑː iː
میاں	m ɪ j ɑ̃ː
میتھن	m ɛː t̪ʰ ʊ n
میرا	m eː ɾ ɑː
میزان	m iː z ɑː n
میزبان	m eː z b ɑː n
مینہ	m ẽː ɦ
میوہ	m eː ʋ ɑː
میگھ	m eː ɡʱ
میں	m ɛ̃ː
میں	m ẽː
مے	m ɛː
ن	n
ن	n uː n
ن	ŋ
ن	ɲ
ن	ɳ
نا	n ɑː
ناخدا	n ɑː x ʊ d̪ ɑː
نادان	n ɑː d̪ ɑː n
نارنجی	n ɑː ɾ ə n d͡ʒ iː
ناصرت	n ɑː s ə ɾ ə t̪
ناظم	n ɑː z ɪ m
نافرمان	n ɑː f ə ɾ m ɑː n
نام	n ɑː m
نانگل	n ɑː ŋ ɡ ə l
نباتیات	n ə b ɑː t̪ ɪ j ɑː t̪
نبض	n ə b z
نتیجتا	n ə t̪ iː d͡ʒ ə t̪ ə n
نخرا	n ə x ɾ ɑː
ندی	n ə d̪ iː
ندیاں	n ə d̪ ɪ j ɑ̃ː
ندیو	n ə d̪ ɪ j oː
ندیوں	n ə d̪ ɪ j õː
نر	n ə ɾ
نردوش	n ɪ ɾ d̪ oː ʂ
نرمان	n ɪ ɾ m ɑː ɳ
نسبتا	n ɪ s b ə t̪ ə n
نستعلیق	n ə s t̪ ɑː l iː q
نسل	n ə s l
نشریات	n ə ʃ ɾ ɪ j ɑː t̪
نشریہ	n ə ʃ ɾ ɪ jː ə
نشست	n ə ʃ ɪ s t̪
نشور	n ʊ ʃ uː ɾ
نصاب	n ɪ s ɑː b
نصاریٰ	n ə s ɑː ɾ ɑː
نصرانی	n ə s ɾ ɑː n iː
نصرت	n ʊ s ɾ ə t̪
نصیب	n ə s iː b
نظام	n ɪ z ɑː m
نظامت	n ɪ z ɑː m ə t̪
نظر	n ə z ə ɾ
نظم	n ə z m
نظم	n ə z ə m
نظیف	n ə z iː f
نعرہ	n ɑː ɾ ɑː ɦ
نغمہ	n ə ɣ m ə
نفاذ	n ə f ɑː z
نقاب	n ə q ɑː b
نقاب	n ɪ q ɑː b
نقصان	n ʊ q s ɑː n
نقطہ	n ʊ q t̪ ɑː
نقلی	n ə q l iː
نماز	n ə m ɑː z
نمبو	n ɪ m b uː
نمستے	n ə m ə s t̪ eː
نمونہ	n ə m uː n ɑː
نمکین	n ə m k iː n
ننگا	n ə̃ ŋ ɡ ɑː
ننھا	n ə n ɦ ɑː
ننھا	n ə nʱ ɑː
نوبت	n ɔː b ə t̪
نوواں	n ə̯ u ʋ ɑ̃ː
نيت	n iː t̪
نکاح	n ɪ k ɑː ɦ
نکاراتمک	n ə k ɑː ɾ ɑː t̪ m ə k
نکالنا	n ɪ k ɑː l n ɑː
نکسیر	n ə k s iː ɾ
نکما	n ɪ k ə m m ɑː
نگرانی	n ɪ ɡ ɾ ɑː n iː
نہ	n ɑː
نہایت	n ɪ h ɑː j ə t̪
نہیں	n ə ɦ ĩː
نیا	n ə j ɑː
نیم	n eː m
نیم	n iː m
نیم	n ɪ j ə m
نے	n eː
و	oː
و	uː
و	ɔː
و	ʋ
و	ʋ ɑː ʋ
و	ʋ ə
وا	ʋ ɑː
واحد	ʋ ɑː ɦ ɪ d̪
وار	ʋ ɑː ɾ
وامن	ʋ ɑː m ə n
واکیہ	ʋ ɑː k jᵊ
وتر	ʋ ə t̪ ə ɾ
ورزش	ʋ ə ɾ z ɪ ʃ
وزیر	ʋ ə z iː ɾ
وستو	ʋ ə s t̪ uː
وشنو	ʋ ɪ ʃ n uː
وصال	ʋ ɪ s ɑː l
وضو	ʋ ə z uː
وضو	ʋ ʊ z uː
وفا	ʋ ə f ɑː
وفاق	w ə f ɑː q
وفاق	w ɪ f ɑː q
ولائتی	ʋ ɪ l ɑː j ə t̪ iː
ولایت	ʋ ɪ l ɑː j ə t̪
ونا	ʋ ɪ n ɑː
وچن	ʋ ə t͡ʃ ə n
وہ	ʋ oː
وہاں	ʋ ə ɦ ɑ̃ː
وہی	ʋ ə ɦ iː
ویاکرن	ʋ j ɑː k ə ɾ ə n
وینجن	ʋ j ə n d͡ʒ ə n
ویژن	ʋ iː ʒ ə n
ٹ	ʈ
ٹ	ʈ eː
ٹانگ	ʈ ɑː ŋ ɡ
ٹلفورڈ	ʈ ɪ l f oː ɾ ɖ
ٹکر	ʈ ə k k ə ɾ
ٹکراو	ʈ ə k ɾ ɑː ʋ
ٹھوس	ʈʰ oː s
ٹھہرنا	ʈʰ ə ɦ ə ɾ n ɑː
پ	p
پ	p eː
پاؤں	p ɑ̃ː uː
پاؤں	p ɑ̃ː ũː
پاستا	p ɑː s t̪ ɑː
پانچ	p ɑ̃ː t͡ʃ
پانچواں	p ɑ̃ː t͡ʃ ʋ ɑ̃ː
پانڈو	p ɑː ɳ ɖ ə ʋ
پانی	p ɑː n iː
پاکستان	p ɑː k ɪ s t̪ ɑː n
پاکستانی	p ɑː k ɪ s t̪ ɑː n iː
پتا	p ə t̪ ɑː
پتا	p ɪ t̪ ɑː
پتلون	p ə t̪ l uː n
پتی	p ə t̪ iː
پتی	p ə t̪ t̪ iː
پراکرت	p ɾ ɑː k ɾ ɪ t̪
پربهات	p ɾ ə bʱ ɑː t̪
پرتگیا	p ɾ ə t̪ ɪ ɡ j ɑː
پرستش	p ə ɾ ə s t̪ ɪ ʃ
پرسوں	p ə ɾ s õː
پرشنسا	p ɾ ə ʃ ə n s ɑː
پرمکھ	p ɾ ə m ʊ kʰ
پرندہ	p ə ɾ ə n d̪ ɑː
پرندہ	p ə ɾ ɪ n d̪ ɑː
پرنی	p ə ɾ n iː
پروار	p ə ɾ ɪ ʋ ɑː ɾ
پرول	p ə ɾ ʋ ə l
پرچم	p ə ɾ t͡ʃ ə m
پرچہ	p ə ɾ t͡ʃ ɑː
پرچہ	p ə ɾ t͡ʃ ə
پرچی	p ə ɾ ɪ t͡ʃ ə j
پرکاش	p ɾ ə k ɑː ʃ
پری	p ə ɾ iː
پریت	p ə ɾ iː t̪
پریم	p ə ɾ eː m
پریم	p ɾ eː m
پستان	p ɪ s t̪ ɑː n
پستک	p ʊ s t̪ ə k
پستہ	p ɪ s t̪ ɑː
پسینہ	p ə s iː n ɑː
پشاور	p e ʃ ɑː ʋ ə ɾ
پشتو	p ə ʃ t̪ oː
پلانڈو	p ə l ɑː ɳ ɖ uː
پنا	p ə n n ɑː
پنجاب	p ə n d͡ʒ ɑː b
پنچھی	p ə n t͡ʃʰ iː
پنکھا	p ə ŋ kʰ ɑː
پنکھڑی	p ə ŋ kʰ ʊ ɽ iː
پنگھٹ	p ə ŋ ɡʱ ə ʈ
پوت	p uː t̪
پوجا	p uː d͡ʒ ɑː
پوجنا	p uː d͡ʒ n ɑː
پور	p uː ɾ
پورا	p uː ɾ ɑː
پوشاک	p oː ʃ ɑː k
پون	p ə ʋ ə n
پٹاخا	p ə ʈ ɑː x ɑː
پٹل	p ə ʈ ə l
پٹول	p ə ʈ oː l
پٹھان	p ə ʈʰ ɑː n
پپاسا	p ɪ p ɑː s ɑː
پڑھنا	p ə ɽʱ n ɑː
پکار	p ʊ k ɑː ɾ
پھل	pʰ ə l
پھلنا	pʰ ə l n ɑː
پھول	pʰ uː l
پھوڑا	pʰ oː ɽ ɑː
پھیلاو	pʰ ɛː l ɑː ʋ
پہ	p eː
پہاڑ	p ə ɦ ɑː ɽ
پہلا	p ə ɦ l ɑː
پہلوان	p ə ɦ l w ə n
پہنچنا	p ə ɦ õː t͡ʃ n ɑː
پہنچنا	p ə ɦ ʊ̃ t͡ʃ n ɑː
پیاز	p ɪ j ɑː z
پیاس	p j ɑː s
پیج	p ɛː d͡ʒ
پیرس	p ɛː ɾ ɪ s
پیشاب	p eː ʃ ɑː b
چ	t͡ʃ
چ	t͡ʃ eː
چابھی	t͡ʃ ɑː bʱ iː
چابی	t͡ʃ ɑː b iː
چار	t͡ʃ ɑː ɾ
چاشنی	t͡ʃ ɑː ʃ n iː
چاقو	t͡ʃ ɑː q uː
چال	t͡ʃ ɑː l
چاند	t͡ʃ ɑː n d̪
چاند	t͡ʃ ɑ̃ː d̪
چاندی	t͡ʃ ɑː n d̪ iː
چاندی	t͡ʃ ɑ̃ː d̪ iː
چاٹ	t͡ʃ ɑː ʈ
چاٹنا	t͡ʃ ɑː ʈ n ɑː
چاہت	t͡ʃ ɑː ɦ ə t̪
چاہے	t͡ʃ ɑː ɦ eː
چای	t͡ʃ ɑː j
چاۓ	t͡ʃ ɑː eː
چراغ	t͡ʃ ɪ ɾ ɑː ɣ
چربی	t͡ʃ ə ɾ b iː
چرخہ	t͡ʃ ə ɾ x ɑː
چلانا	t͡ʃ ɪ l l ɑː n ɑː
چلچتر	t͡ʃ ə l t͡ʃ ɪ t̪ ɾ ə
چمو	t͡ʃ ə m uː
چنتا	t͡ʃ ɪ n t̪ ɑː
چندربند	t͡ʃ ə n d̪ ə ɾ ə b ɪ n d̪ ʊ
چنگال	t͡ʃ ə ŋ ɡ ɑː l
چوتر	t͡ʃ uː t̪ ə ɾ
چوتڑ	t͡ʃ uː t̪ ə ɽ
چوتھا	t͡ʃ ɔː t̪ʰ ɑː
چوتھائی	t͡ʃ ɔː t̪ʰ ɑː iː
چودنا	t͡ʃ oː d̪ n ɑː
چور	t͡ʃ oː ɾ
چوری	t͡ʃ oː ɾ iː
چولھا	t͡ʃ uː l ɦ ɑː
چومنا	t͡ʃ uː m n ɑː
چوٹ	t͡ʃ oː ʈ
چوٹکی	t͡ʃʰ ʊ ʈ k iː
چوڑا	t͡ʃ ɔː ɽ ɑː
چوڑائی	t͡ʃ ɔː ɽ ɑː iː
چوگنا	t͡ʃ ɔː ɡ ʊ n ɑː
چپل	t͡ʃ ə pː ə l
چڑھنا	t͡ʃ ə ɽʱ n ɑː
چڑیا	t͡ʃ ɪ ɽ ɪ j ɑː
چکت	t͡ʃ ə k ɪ t̪
چکنا	t͡ʃ ə k n ɑː
چکنا	t͡ʃ ɪ k n ɑː
چکنا	t͡ʃ ʊ k n ɑː
چکنگنیا	t͡ʃ ɪ k ə n ɡ ʊ n ɪ j ɑː
چھال	t͡ʃʰ ɑː l
چھت	t͡ʃʰ ə t̪
چھتری	t͡ʃʰ ə t̪ ɾ iː
چھلانگ	t͡ʃʰ ə l ɑː ŋ ɡ
چھلانگ	t͡ʃʰ ə l ə ŋ ɡ
چھونا	t͡ʃʰ uː n ɑː
چھوٹ	t͡ʃʰ uː ʈ
چھوٹا	t͡ʃʰ oː ʈ ɑː
چھوٹنا	t͡ʃʰ uː ʈ n ɑː
چھٹا	t͡ʃʰ ə ʈ ɑː
چھٹا	t͡ʃʰ ʊ ʈ ʈ ɑː
چھٹپٹانا	t͡ʃʰ ə ʈ p ə ʈ ɑː n ɑː
چھٹی	t͡ʃʰ ʊ ʈː iː
چھڑکاؤ	t͡ʃʰ ɪ ɾ k ɑː oː
چھہ	t͡ʃʰ eː
چھینک	t͡ʃʰ ĩː k
چہارم	t͡ʃ ə ɦ ɑː ɾ ʊ m
چہرہ	t͡ʃ eː ɦ ɾ ɑː
چہرہ	t͡ʃ ɪ ɦ ɾ ɑː
چیز	t͡ʃ iː z
چین	t͡ʃ iː n
ڈ	ɖ
ڈ	ɖ ɑː l
ڈاک	ɖ ɑː k
ڈاکیہ	ɖ ɑː k ɪ j ɑː
ڈبہ	ɖ ə b b əᵊ
ڈبہ	ɖ ɪ b b əᵊ
ڈمرو	ɖ ə m ɾ uː
ڈنکرک	ɖ ə n k ə ɾ k
ڈنکی	ɖ ə ŋ k iː
ڈوری	ɖ oː ɾ iː
ڈکار	ɖ ə k ɑː ɾ
ڈھانپنا	ɖʱ ɑ̃ː p n ɑː
ڈھولک	ɖʱ oː l ə k
ڈھونڈھ	ɖʱ uː ɳ ɖʱ
ڈھيٹھ	ɖʱ iː ʈʰ
ڑ	ɽ
ڑ	ɽ eː
ژ	ʒ
ژ	ʒ eː
ژالہ	ʒ ɑː l ə
ک	k
ک	k ɑː f
کابل	k ɑː b ʊ l
کارا	k ɑː ɾ ɑː
کارن	k ɑː ɾ ə n
کاروبار	k ɑː ɾ oː b ɑː ɾ
کارکردگی	k ɑː ɾ k ə ɾ d̪ ə ɡ iː
کالا	k ɑː l ɑː
کام	k ɑː m
کانپنا	k ɑ̃ː p n ɑː
کاویہ	k ɑː ʋ j ə
کاڑھا	k ɑː ɽʱ ɑː
کبج	k ʊ b d͡ʒ
کتا	k ʊ t̪ t̪ ɑː
کتاب	k ɪ t̪ ɑː b
کتراپی	k ʊ t̪ ɾ ɑː p iː
کتره	k ʊ t̪ ɾᵊ
کتی	k ə t̪ iː
کدو	k ə d̪ d̪ uː
کدو	k ə d̪ uː
کردنت	k ɾ ɪ d̪ ə n t̪
کرشمہ	k ə ɾ ɪ ʃ m ɑː
کرن	k ɪ ɾ ə n
کرنا	k ə ɾ n ɑː
کروانا	k ə ɾ ʋ ɑː n ɑː
کری	k ə ɾ iː
کشدھا	k ʂ ʊ d̪ʱ ɑː
کشما	k ʂ ə m ɑː
کشیدگی	k ə ʃ iː d̪ ɡ iː
کعبہ	k ɑː b ɑː
کلاونت	k ə l ɑː ʋ ə n t̪
کلیسیا	k ə l iː s ɪ j ɑː
کمائی	k ə m ɑː iː
کمان	k ə m ɑː n
کمرہ	k ə m ɾ ɑː
کمل	k ə m ə l
کمپ	k ə m p
کمپت	k ə m p ɪ t̪
کمپن	k ə m p ə n
کمھڑا	k ʊ m ɦ ə ɽ ɑː
کمھڑا	k ʊ mʱ ə ɽ ɑː
کمی	k ə m iː
کنجی	k ʊ n d͡ʒ iː
کندرا	k ə n d̪ ə ɾ ɑː
کنواری	k ʊ̃ ʋ ɑː ɾ iː
کنگارو	k ə ŋ ɡ ɑː ɾ uː
کهان	kʰ ɑː n
کو	k oː
کوتا	k ə ʋ ɪ t̪ ɑː
کوشش	k oː ʃ ɪ ʃ
کون	k ɔː n
کوٹھی	k oː ʈʰ iː
کوکب	k ɔː k ə b
کٹی	k ə ʈ iː
کپاس	k ə p ɑː s
کپاسی	k ə p ɑː s iː
کپتان	k ə p t̪ ɑː n
کپوت	k ə p oː t̪
کپڑا	k ə p ɽ ɑː
کچھ	k ʊ t͡ʃʰ
ککش	k ə k ʃ
کھاتا	kʰ ɑː t̪ ɑː
کھانا	kʰ ɑː n ɑː
کھانگ	kʰ ɑː ŋ ɡ
کھانگ	kʰ ɑ̃ː ɡ
کھانی	kʰ ɑː n iː
کھاگ	kʰ ɑː ɡ
کھجلی	kʰ ə d͡ʒ ʊ l iː
کھجلی	kʰ ʊ d͡ʒ l iː
کھجور	kʰ ə d͡ʒ uː ɾ
کھدیوت	kʰ ə d̪ j oː t̪
کھرجو	kʰ ə ɾ d͡ʒ uː
کھنن	kʰ ə n ə n
کھنک	kʰ ə n ə k
کھنکنا	kʰ ə n ə k n ɑː
کھٹائی	kʰ ə ʈ ɑː iː
کھڑا	kʰ ə ɽ ɑː
کھڑی	kʰ ə ɽ iː
کھڑے	kʰ ə ɽ eː
کھیل	kʰ eː l
کھیلا	kʰ eː l ɑː
کھیلنا	kʰ eː l n ɑː
کہ	k eː
کہانی	k ə ɦ ɑː n iː
کہاوت	k ə ɦ ɑː ʋ ə t̪
کہرا	k ʊ ɦ ɾ ɑː
کہنا	k ə ɦ n ɑː
کیا	k j ɑː
کیا	k ɪ j ɑː
کیلئے	k eː l ɪ j eː
کیلا	k eː l ɑː
کیلی	k eː l iː
کیلے	k ɛː l eː
کیمرہ	k ɛː m ɾ ɑː
کیمیا	k iː m ɪ j ɑː
کیمیائی	k iː m ɪ j ɑː iː
کینسر	k æ n s ə ɾ
کینچلی	k ẽː t͡ʃ ʊ l iː
کیول	k eː ʋ ə l
کیڑا	k iː ɽ ɑː
گ	ɡ
گ	ɡ ɑː f
گاؤں	ɡ ɑː õː
گاؤں	ɡ ɑ̃ː oː
گائے	ɡ ɑː eː
گاتر	ɡ ɑː t̪ ɾᵊ
گانا	ɡ ɑː n ɑː
گانجا	ɡ ɑː n d͡ʒ ɑː
گاڑی	ɡ ɑː ɽ iː
گج	ɡ ə d͡ʒ
گجرات	ɡ ʊ d͡ʒᵊ ɾ ɑː t̪
گدا	ɡ ʊ d̪ ɑː
گدھ	ɡ ɪ d̪ d̪ʱ
گدھا	ɡ ə d̪ʱ ɑː
گذارنا	ɡ ʊ z ɑː ɾ n ɑː
گذراننا	ɡ ʊ z ɾ ɑː n n ɑː
گذرنا	ɡ ʊ z ə ɾ n ɑː
گرانا	ɡ ɪ ɾ ɑː n ɑː
گرجا	ɡ ɪ ɾ d͡ʒ ɑː
گرجنا	ɡ ə ɾ ə d͡ʒ n ɑː
گردن	ɡ ə ɾ d̪ ə n
گرمکھی	ɡ ʊ ɾ m ʊ kʰ iː
گرمیاں	ɡ ə ɾ m ɪ j ɑ̃ː
گرنا	ɡ ɪ ɾ n ɑː
گرڈ	ɡ ə ɾ ʊ ɖ
گرہن	ɡ ɾ ə ɦ ə n
گزارش	ɡ ʊ z ɑː ɾ ɪ ʃ
گلابی	ɡ ʊ l ɑː b iː
گلال	ɡ ʊ l ɑː l
گلانی	ɡ l ɑː n iː
گلو	ɡ ʊ l oː , ɡ ʊ l uː , ɡ ə l uː
گلہری	ɡ ɪ l ə ɦ ɾ iː
گمانا	ɡ ʊ m ɑː n ɑː
گمبھیر	ɡ ə m bʱ iː ɾ
گمنام	ɡ ʊ m n ɑː m
گنبذ	ɡ ʊ m b ə z
گنبھیر	ɡ ə̃ m bʱ iː ɾ
گنت	ɡ ə n ɪ t̪ ə
گنتی	ɡ ɪ n t̪ iː
گندمی	ɡ ə n d̪ ʊ m iː
گندہ	ɡ ə n d̪ ɑː
گنی	ɡ ɪ n iː
گنیش	ɡ ə ɳ eː ʃ
گورو	ɡ ɔː ɾ ə ʋ
گول	ɡ oː l
گوگرد	ɡ oː ɡ ɪ ɾ d̪
گڈا	ɡ ʊ ɖ ɖ ɑː
گڑیا	ɡ ʊ ɽ ɪ j ɑː
گگن	ɡ ə ɡ ə n
گھاو	ɡʱ ɑː ʋ
گھاٹا	ɡʱ ɑː ʈ ɑː
گھاٹا	ɡʱ ɑː ʈ ə
گھرانا	ɡʱ ə ɾ ɑː n ɑː
گھرنا	ɡʱ ɾ ɪ n ɑː
گھریلو	ɡʱ ə ɾ eː l uː
گھوڑا	ɡʱ oː ɽ ɑː
گھڑی	ɡʱ ə ɽ iː
گھڑیال	ɡʱ ə ɽ ɪ j ɑː l
گہرا	ɡ ə ɦ ɾ ɑː
گیا	ɡ ə j ɑː
گیلا	ɡ iː l ɑː
گیند	ɡ eː n d̪
گینڈا	ɡ eː ɳ ɖ ɑː
گینڈا	ɡ ɛː ɳ ɖ ɑː
گیہوں	ɡ eː ɦ ũː
گے	ɡ eː
ں	n uː n eː ‿ ɣ ʊ n n ɑː
ں	n uː n ‿ ɣ ʊ n n ɑː
ں	◌̃
ھ	d̪ oː t͡ʃ ə ʃ m iː ‿ ɦ eː
ھ	ʰ
ھ	ʱ
ہ	t͡ʃʰ oː ʈ iː ‿ ɦ eː
ہ	ɑː
ہ	ɦ
ہاتھ	ɦ ɑː t̪ʰ
ہاتھی	ɦ ɑː t̪ʰ iː
ہار	ɦ ɑː ɾ
ہانک	ɦ ɑ̃ː k
ہانکنا	ɦ ɑː ŋ k n ɑː
ہاں	ɦ ɑ̃ː
ہتھیار	ɦ ə t̪ʰ ɪ j ɑː ɾ
ہتھیلی	ɦ ə t̪ʰ eː l iː
ہتیارا	ɦ ə t̪ j ɑː ɾ ɑː
ہرانا	ɦ ə ɾ ɑː n ɑː
ہسپانیہ	ɦ ə s p ɑː n ɪ j ə ɦ
ہفتہ	ɦ ə f t̪ ɑː ɦ
ہم	ɦ ə m
ہمارا	ɦ ə m ɑː ɾ ɑː
ہماہمی	ɦ ə m ɑː ɦ ə m iː
ہمسفر	ɦ ə m s ə f ə ɾ
ہمنوائی	ɦ ə m ‿ n ə ʋ ɑː iː
ہمیشگی	ɦ ə m eː ʃ ɡ iː
ہمیں	ɦ ə m ẽː
ہند	ɦ ɪ n d̪
ہندو	ɦ ɪ n d̪ uː
ہندوستان	ɦ ɪ n d̪ uː s t̪ ɑː n
ہندوستان	ɦ ɪ n d̪ ʊ s t̪ ɑː n
ہندوستانی	ɦ ɪ n d̪ ʊ s t̪ ɑː n iː
ہنسا	ɦ ɪ n s ɑː
ہنساتمک	ɦ ɪ̃ n s ɑː t̪ m ə k
ہنڈی	ɦ ʊ n ɖ iː
ہوا	ɦ ə ʋ ɑː
ہوس	ɦ ə ʋ ə s
ہوشیار	ɦ oː ʃ ɪ j ɑː ɾ
ہونا	ɦ oː n ɑː
ہونٹھ	ɦ õː ʈʰ
ہوٹل	ɦ oː ʈ ə l
ہچکنا	ɦ ɪ t͡ʃ ə k n ɑː
ہچکی	ɦ ɪ t͡ʃ k iː
ہکا	ɦ ɪ k k ɑː
ہیک	ɦ iː k
ہے	ɛː
ہے	ɦ ɛː
ی	eː
ی	iː
ی	j
ی	t͡ʃʰ oː ʈ iː ‿ j eː
ی	ɛː
یا	j ɑː
یات	ɪ j ɑː t̪
یار	j ɑː ɾ
یت	j ʊ t̪
یت	ɪ j ə t̪
یرمیاہ	j ɪ ɾ m ɪ j ɑː ɦ
یروشلم	j ə ɾ oː ʃ ə l ə m
یروشلم	j ə ɾ uː ʃ ə l ə m
یسعیاہ	j ə s ɑː ʔ j ɑː ɦ
یعنی	j ɑː ʔ n iː
یقینا	j ə q iː n ə n
یمن	j ə m ə n
ین	iː n
یورپ	j oː ɾ ə p
یونان	j uː n ɑː n
یوکرین	j uː k ɾ eː n
یہ	j eː
یہود	j ə ɦ uː d̪
یہودنی	j ə ɦ uː d̪ n iː
یہودنی	j ə ɦ uː d̪ ɪ n iː
ے	b ə ɽ iː ‿ j eː
ے	eː
ے	ɛː
