กก	k o k̚
กรัด	k r ʌ t̚
กรา	k r a
กลาเม	k l a m e
กอมมวง	k ɔ m m u ə̯ ŋ
กะ	k ʌ ʔ
กะกฺีนี	k ʌ ʔ ɡ i n i
กะกฺีเตอ	k ʌ ʔ ɡ i t ɤ
กันตูกัน	k ʌ n t u k ʌ n
กากี	k a k i
กาจัก	k a c ʌ k̚
กาจัก	k a t͡ɕ ʌ k̚
กาจักปาญัก	k a c ʌ k̚
กาจักปาญัก	k a t͡ɕ ʌ k̚ p a ɲ ʌ k̚
กานัน	k a n ʌ n
กาปัยฮ	k a p ʌ i̯ h
กามี	k a m i
กามุง	k a m u ŋ
กายู	k a j u
การัก	k a r ʌ k̚
การักเทียม	k a r ʌ k̚ tʰ i ə̯ m
กาเญา	k a ɲ ʌ w
กาเตาะ	k a t ɔ ʔ
กาเม	k a m e
กาเยด	k a j e t̚
กาเยด	k a j ɪ t̚
กาเยน	k a j e n
กาเยน	k a j ɪ n
กาเลา	k a l ʌ w
กาแคก	k a kʰ ɛ k̚
กาโบยจ	k a b o i̯ ʔ
กาโบยจ	k a b ʊ i̯ ʔ
กาโยะฮ	k a j o h
กาโยะฮ	k a j ʊ h
กิก	k ɪ k̚
กีตา	k i t a
กีรี	k i r i
กีลากี	k i l a k i
กู	k u
กูกู	k u k u
กูญา	k u ɲ a
กูดา	k u d a
กูนิง	k u n ɪ ŋ
กูปี	k u p i
กูรา	k u r a
กูเญะ	k u ɲ e ʔ
กูเญะ	k u ɲ ɪ ʔ
กูเมอ	k u m ɤ
กูเละ	k u l e ʔ
กูเละ	k u l ɪ ʔ
กูแซะ	k u s ɛ ʔ
กูแญะ	k u ɲ ɛ ʔ
กฺาซี	ɡ a s i
กฺารอยจ	ɡ a r ɔ i̯ ʔ
กฺารับ	ɡ a r ʌ p̚
กฺารี	ɡ a r i
กฺาวน	ɡ a w o n
กฺาวะ	ɡ a w ʌ ʔ
กฺาโดะฮ	ɡ a d o h
กฺาโดะฮ	ɡ a d ʊ h
กฺีกฺี	ɡ i ɡ i
กฺีนี	ɡ i n i
กฺีปากฺี	ɡ i p a ɡ i
กฺีเตอ	ɡ i t ɤ
กฺูตล	ɡ u t ʊ ɭ
กฺูรี	ɡ u r i
กฺูลา	ɡ u l a
กฺูเตอ	ɡ u t ɤ
คอด	kʰ ɔ t̚
คีม	kʰ i m
งางา	ŋ a ŋ a
งาจิ	ŋ a c ɪ ʔ
งาตอยจ	ŋ a t ɔ i̯ ʔ
งารอยจ	ŋ a r ɔ i̯ ʔ
งาเญน	ŋ a ɲ e n
งาเญน	ŋ a ɲ ɪ n
งาเญาะฮ	ŋ a ɲ ɔ h
งาแญน	ŋ a ɲ ɛ n
งูเตะ	ŋ u t e ʔ
งูเตะ	ŋ u t ɪ ʔ
จะจะ	c ʌ ʔ c ʌ ʔ
จะจะ	t͡ɕ ʌ ʔ t͡ɕ ʌ ʔ
จะจิก	c ʌ ʔ c ɪ k̚
จะจิก	t͡ɕ ʌ ʔ t͡ɕ ɪ k̚
จับ	c ʌ p̚
จับ	t͡ɕ ʌ p̚
จัยจ	c ʌ i̯ ʔ
จัยจ	t͡ɕ ʌ i̯ ʔ
จารา	c a r a
จารา	t͡ɕ a r a
จาเระ	c a r e ʔ
จาเระ	c a r ɪ ʔ
จาเระ	t͡ɕ a r e ʔ
จาเระ	t͡ɕ a r ɪ ʔ
จีเจด	c i c e t̚
จีเจด	c i c ɪ t̚
จีเจด	t͡ɕ i t͡ɕ e t̚
จีเจด	t͡ɕ i t͡ɕ ɪ t̚
จูโจะฮ	c u c o h
จูโจะฮ	c u c ʊ h
จูโจะฮ	t͡ɕ u t͡ɕ o h
จูโจะฮ	t͡ɕ u t͡ɕ ʊ h
ซรัย	s r ʌ j
ซา	s a
ซากฺี	s a ɡ i
ซาตัด	s a t ʌ t̚
ซาปัก	s a p ʌ k̚
ซาปา	s a p a
ซามา	s a m a
ซายัก	s a j ʌ k̚
ซารัก	s a r ʌ k̚
ซาละฮ	s a l ʌ h
ซาวารา	s a w a r a
ซาเบะ	s a b e ʔ
ซาเบะ	s a b ɪ ʔ
ซาเราะ	s a r ɔ ʔ
ซาเลด	s a l e t̚
ซาเลด	s a l ɪ t̚
ซาโมยจ	s a m o i̯ ʔ
ซาโวะฮ	s a w o h
ซี	s i
ซีกู	s i k u
ซีงะฮ	s i ŋ ʌ h
ซีงี	s i ŋ i
ซีดี	s i d i
ซีตา	s i t a
ซีปากู	s i p a k u
ซีเซ	s i s e
ซีเระฮ	s i r e h
ซีเระฮ	s i r ɪ h
ซีโปยจ	s i p o i̯ ʔ
ซูกา	s u k a
ซูดะฮ	s u d ʌ h
ซูดู	s u d u
ซูรัยจ	s u r ʌ i̯ ʔ
ซูวัยจ	s u w ʌ i̯ ʔ
ซูโงะฮ	s u ŋ o h
ซูโงะฮ	s u ŋ ʊ h
ซูโรยจ	s u r o i̯ ʔ
ซูโระฮ	s u r o h
ซูโระฮ	s u r ʊ h
ญา	ɲ a
ญาญี	ɲ a ɲ i
ญามัน	ɲ a m ʌ n
ญาวา	ɲ a w a
ญาเมาะ	ɲ a m ɔ ʔ
ญาเวาะ	ɲ a w ɔ ʔ
ญาแญะ	ɲ a ɲ ɛ ʔ
ญาแระ	ɲ a r ɛ ʔ
ญาโตะ	ɲ a t o ʔ
ดะฮ	d ʌ h
ดักดัก	d ʌ k̚ d ʌ k̚
ดากฺู	d a ɡ u
ดาดา	d a d a
ดาปิก	d a p ɪ k̚
ดามัล	d a m ʌ ɭ
ดาระฮ	d a r ʌ h
ดาลับ	d a l ʌ p̚
ดาวัย	d a w ʌ j
ดาเมอ	d a m ɤ
ดาโวด	d a w o t̚
ดาโวด	d a w ʊ t̚
ดีฮา	d i h a
ดือนียา	d ə n i j a
ดือนียา	d ɨ n i j a
ดูลี	d u l i
ดูลู	d u l u
ดูวา	d u w a
ดูวาปูโละฮ	d u w a p u l o h
ดูวาปูโละฮ	p u l ʊ h
ดูวาเบอลัยฮ	d u w a b ə l ʌ i̯ h
ดูเวะ	d u w e ʔ
ดูเวะ	d u w ɪ ʔ
ดูโดะ	d u d o ʔ
ดูโดะ	d u d ʊ ʔ
ตรก	t r o k̚
ตรก	t r ʊ k̚
ตลีงา	t l i ŋ a
ตัง	t ʌ ŋ
ตางัน	t a ŋ ʌ n
ตาญก	t a ɲ o k̚
ตาญา	t a ɲ a
ตานะฮ	t a n ʌ h
ตานา	t a n a
ตาปิฮ	t a p ɪ h
ตาปี	t a p i
ตารา	t a r a
ตารี	t a r i
ตาลับ	t a l ʌ p̚
ตาลี	t a l i
ตาฮด	t a h o t̚
ตาฮด	t a h ʊ t̚
ตาฮู	t a h u
ตาแมะ	t a m ɛ ʔ
ตาโกยจ	t a k o i̯ ʔ
ตาโระ	t a r o ʔ
ตาโระ	t a r ʊ ʔ
ตาโระฮ	t a r o h
ตาโระฮ	t a r ʊ h
ตีกอ	t i k ɔ
ตีกฺา	t i ɡ a
ตีกฺาปูโละฮ	p u l ʊ h
ตีกฺาปูโละฮ	t i ɡ a p u l o h
ตีกฺาเบอลัยฮ	t i ɡ a b ə l ʌ i̯ h
ตีมอน	t i m ɔ n
ตีมอนกายู	t i m ɔ n k a j u
ตีมะฮ	t i m ʌ h
ตีเมอ	t i m ɤ
ตีเมา	t i m ʌ w
ตีโนะ	t i n o ʔ
ตีโนะ	t i n ʊ ʔ
ตูดก	t u d o k̚
ตูดก	t u d ʊ k̚
ตูนู	t u n u
ตูบา	t u b a
ตูปัย	t u p ʌ j
ตูรด	t u r o t̚
ตูรด	t u r ʊ t̚
ตูลก	t u l o k̚
ตูลก	t u l ʊ k̚
ตูลัก	t u l ʌ k̚
ตูลี	t u l i
ตูฮัด	t u h ʌ t̚
ตูฮา	t u h a
ตูโดก	t u d o k̚
ตูโดก	t u d ʊ k̚
ตูโปะ	t u p o ʔ
ตูโปะ	t u p ʊ ʔ
ตูโยฺะฮ	t u d͡ʒ o h
ตูโยฺะฮ	t u d͡ʒ ʊ h
ตูโยฺะฮ	t u ɟ o h
ตูโยฺะฮ	t u ɟ ʊ h
ตูโยฺะฮปูโละฮ	p u l ʊ h
ตูโยฺะฮปูโละฮ	t u d͡ʒ o h
ตูโยฺะฮปูโละฮ	t u d͡ʒ ʊ h p u l o h
ตูโยฺะฮปูโละฮ	t u ɟ o h
ตูโยฺะฮปูโละฮ	t u ɟ ʊ h
ตูโยฺะฮเบอลัยฮ	t u d͡ʒ o h
ตูโยฺะฮเบอลัยฮ	t u d͡ʒ ʊ h b ə l ʌ i̯ h
ตูโยฺะฮเบอลัยฮ	t u ɟ o h
ตูโยฺะฮเบอลัยฮ	t u ɟ ʊ h
ตูโรยจ	t u r o i̯ ʔ
ตูโรยจ	t u r ʊ i̯ ʔ
ตูโฮะ	t u h o ʔ
ตูโฮะ	t u h ʊ ʔ
ทก	tʰ o k̚
ทานี	tʰ a n i
ทายุ	tʰ a j u ʔ
ทาโยะ	tʰ a j o ʔ
ทาโยะ	tʰ a j ʊ ʔ
ทุย	tʰ ʊ j
นอ	n ɔ
นะ	n ʌ ʔ
นังกฺรี	n ʌ ŋ ɡ r i
นังนัยฮ	n ʌ ŋ n ʌ i̯ h
นัม	n ʌ m
นัมปูโละฮ	n ʌ m p u l o h
นัมปูโละฮ	p u l ʊ h
นัมเบอลัยฮ	n ʌ m b ə l ʌ i̯ h
นากา	n a k a
นาซี	n a s i
นาตี	n a t i
นานะ	n a n ʌ ʔ
นามา	n a m a
นารี	n a r i
นาแงะฮ	n a ŋ ɛ h
นีกะฮ	n i k ʌ h
นีบีนี	n i b i n i
นีปิฮ	n i p ɪ h
นีเดะฮ	n i d e h
นีเดะฮ	n i d ɪ h
นุยฮ	n u i̯ h
นูตู	n u t u
นูนัง	n u n ʌ ŋ
บรัยฮ	b r ʌ i̯ h
บราซา	b r a s a
บรานี	b r a n i
บรี	b r i
บรีบรี	b r i b r i
บรูตัด	b r u t ʌ t̚
บรูวัก	b r u w ʌ k̚
บลาเยอ	b l a j ɤ
บลูมา	b l u m a
บวยจ	b u ə̯ i̯ ʔ
บัยจ	b ʌ i̯ ʔ
บากัก	b a k ʌ k̚
บางัยจ	b a ŋ ʌ i̯ ʔ
บาจัด	b a c ʌ t̚
บาจา	b a c a
บาจา	b a t͡ɕ a
บาญะ	b a ɲ ʌ ʔ
บาตัน	b a t ʌ n
บาตู	b a t u
บานา	b a n a
บาบี	b a b i
บายฺิ	b a d͡ʒ ɪ ʔ
บายฺิ	b a ɟ ɪ ʔ
บารัก	b a r ʌ k̚
บารัยจ	b a r ʌ i̯ ʔ
บารี	b a r i
บารู	b a r u
บาลัก	b a l ʌ k̚
บาลัย	b a l ʌ j
บาลิ	b a l ɪ ʔ
บาวะฮ	b a w ʌ h
บาวักปูเตะฮ	b a w ʌ k̚ p u t e h
บาวักปูเตะฮ	p u t ɪ h
บาวักมีระฮ	b a w ʌ k̚ m i r ʌ h
บาวา	b a w a
บาฮายา	b a h a j a
บาฮู	b a h u
บาเกะ	b a k e ʔ
บาเกะ	b a k ɪ ʔ
บาเตน	b a t e n
บาเตน	b a t ɪ n
บาโฮะ	b a h o ʔ
บีดิก	b i d ɪ k̚
บีตัก	b i t ʌ k̚
บีนี	b i n i
บีเบ	b i b e
บูกัด	b u k ʌ t̚
บูกิ	b u k ɪ ʔ
บูกุยฮ	b u k u i̯ h
บูกู	b u k u
บูงา	b u ŋ a
บูงี	b u ŋ i
บูบู	b u b u
บูมอ	b u m ɔ
บูมอล	b u m ɔ ɭ
บูรก	b u r o k̚
บูรก	b u r ʊ k̚
บูริ	b u r ɪ ʔ
บูลัด	b u l ʌ t̚
บูลี	b u l i
บูลู	b u l u
บูวะฮ	b u w ʌ h
บูเกะ	b u k e ʔ
บูเกะ	b u k ɪ ʔ
บูเลอ	b u l ɤ
บูโระ	b u r o ʔ
บูโระ	b u r ʊ ʔ
บูโละฮ	b u l o h
บูโละฮ	b u l ʊ h
ปรัก	p r ʌ k̚
ปราฮู	p r a h u
ปลาโนะ	p l a n o ʔ
ปลีตา	p l i t a
ปะ	p ʌ ʔ
ปัยจ	p ʌ i̯ ʔ
ปัยจปูโละฮ	p u l ʊ h
ปัยจปูโละฮ	p ʌ i̯ ʔ p u l o h
ปัยจเบอลัยฮ	p ʌ i̯ ʔ b ə l ʌ i̯ h
ปากฺี	p a ɡ i
ปาคัยจ	p a kʰ ʌ i̯ ʔ
ปาจัก	p a c ʌ k̚
ปาซัก	p a s ʌ k̚
ปาญัก	p a ɲ ʌ k̚
ปาดัก	p a d ʌ k̚
ปาดี	p a d i
ปาตัย	p a t ʌ j
ปานะฮ	p a n ʌ h
ปาปัด	p a p ʌ t̚
ปารัก	p a r ʌ k̚
ปารี	p a r i
ปาลัยฮ	p a l ʌ i̯ h
ปาลา	p a l a
ปาลู	p a l u
ปาฮาฆิ	p a h a ɡ ɪ ʔ
ปี	p i
ปีงัก	p i ŋ ʌ k̚
ปีซัก	p i s ʌ k̚
ปีตู	p i t u
ปีนัง	p i n ʌ ŋ
ปีปี	p i p i
ปีระ	p i r ʌ ʔ
ปีเกาะ	p i k ɔ ʔ
ปีเซา	p i s ʌ w
ปูกัยจ	p u k ʌ i̯ ʔ
ปูซัยจ	p u s ʌ i̯ ʔ
ปูตุยฮ	p u t u i̯ h
ปูลัก	p u l ʌ k̚
ปูเตะฮ	p u t e h
ปูเตะฮ	p u t ɪ h
ปูเลา	p u l ʌ w
ปูเลานีปิฮ	p u l ʌ w n i p ɪ h
ปูโฮด	p u h o t̚
ปูโฮด	p u h ʊ t̚
พลอก	pʰ l ɔ k̚
พากฺิ	pʰ a ɡ ɪ ʔ
พาซา	pʰ a s a
พาดัก	pʰ a d ʌ k̚
พาเพะ	pʰ a pʰ e ʔ
พาเพะ	pʰ a pʰ ɪ ʔ
พุพุ	pʰ u ʔ pʰ u ʔ
ฟีม	f i m
มรับ	m r ʌ p̚
มรากะ	m r a k ʌ ʔ
มราตะ	m r a t ʌ ʔ
มรีงัย	m r i ŋ ʌ j
มะ	m ʌ ʔ
มะฮปากฺี	m ʌ h p a ɡ i
มัยฮ	m ʌ i̯ h
มากัด	m a k ʌ t̚
มาจัก	m a c ʌ k̚
มาซะ	m a s ʌ ʔ
มาซับ	m a s ʌ p̚
มาตะฮ	m a t ʌ h
มาตา	m a t a
มาตากาเยน	k a j ɪ n
มาตากาเยน	m a t a k a j e n
มาตาอารี	m a t a ʔ a r i
มาทู	m a tʰ u
มานี	m a n i
มาลับ	m a l ʌ p̚
มาเซด	m a s e t̚
มาเซด	m a s ɪ t̚
มาเรอมา	m a r ə m a
มาแระฮ	m a r ɛ h
มาโกะ	m a k o ʔ
มาโกะ	m a k ʊ ʔ
มาโซะ	m a s o ʔ
มาโซะ	m a s ʊ ʔ
มีญะ	m i ɲ ʌ ʔ
มีตา	m i t a
มียา	m i j a
มีระฮ	m i r ʌ h
มือนาแงฮ	m ə n a ŋ ɛ h
มือนาแงฮ	m ɨ n a ŋ ɛ h
มูคา	m u kʰ a
มูดา	m u d a
มูมู	m u m u
มูโลยจ	m u l o i̯ ʔ
มูโลยจ	m u l ʊ i̯ ʔ
ยับ	j ʌ p̚
ยางัน	j a ŋ ʌ n
ยาตก	j a t o k
ยาตก	j a t ʊ k
ยาลา	j a l a
ยาโกฺะ	j a ɡ o ʔ
ยฺราวัยจ	d͡ʒ r a w ʌ i̯ ʔ
ยฺราวัยจ	ɟ r a w ʌ i̯ ʔ
ยฺัวะ	ɟ u ə̯ ʔ
ยฺางัน	d͡ʒ a ŋ ʌ n
ยฺางัน	ɟ a ŋ ʌ n
ยฺาดี	ɟ a d i
ยฺารบ	d͡ʒ a r o p̚
ยฺารบ	d͡ʒ a r ʊ p̚
ยฺารบ	ɟ a r o p̚
ยฺารบ	ɟ a r ʊ p̚
ยฺารี	d͡ʒ a r i
ยฺารี	ɟ a r i
ยฺาลัด	ɟ a l ʌ t̚
ยฺาฮัยจ	d͡ʒ a h ʌ i̯ ʔ
ยฺาฮัยจ	ɟ a h ʌ i̯ ʔ
ยฺูกฺา	ɟ u ɡ a
รอยจ	r ɔ i̯ ʔ
รากฺา	r a ɡ a
ราซา	r a s a
ราดารา	r a d a r a
ราตุยฮ	r a t ʊ i̯ h
รามัย	r a m ʌ j
ราโมยจ	r a m o i̯ ʔ
รีฮัน	r i h ʌ n
รีโบยจ	r i b o i̯ ʔ
รีโบยจ	r i b ʊ i̯ ʔ
รูมด	r u m o t̚
รูมด	r u m ʊ t̚
รูมะฮ	r u m ʌ h
รูเงก	r u ŋ e k̚
รูเงก	r u ŋ ɪ k̚
รูโซะ	r u s o ʔ
รูโซะ	r u s ʊ ʔ
รูโปยจ	r u p o i̯ ʔ
รูโปยจ	r u p ʊ i̯ ʔ
ละอูละ	l ʌ ʔ ʔ u l ʌ ʔ
ลัมโพง	l ʌ m pʰ o ŋ
ลัยจ	l ʌ i̯ ʔ
ลัวะ	l u ə̯ ʔ
ลากี	l a k i
ลากฺี	l a ɡ i
ลากฺู	l a ɡ u
ลาดา	l a d a
ลาปัด	l a p ʌ t̚
ลาปัดปูโละฮ	l a p ʌ t̚ p u l o h
ลาปัดปูโละฮ	p u l ʊ h
ลาปัดเบอลัยฮ	l a p ʌ t̚ b ə l ʌ i̯ h
ลามูลา	l a m u l a
ลายัล	l a j ʌ ɭ
ลาเงา	l a ŋ ʌ w
ลาเปอ	l a p ɤ
ลาเยอ	l a j ɤ
ลาแงะ	l a ŋ ɛ ʔ
ลาโวยจ	l a w o i̯ ʔ
ลาโวะ	l a w o ʔ
ลาโวะ	l a w ʊ ʔ
ลิด	l i t̚
ลิด	l ɪ t̚
ลีดะฮ	l i d ʌ h
ลีปัด	l i p ʌ t̚
ลีมา	l i m a
ลีมาปูโละฮ	l i m a p u l o h
ลีมาปูโละฮ	p u l ʊ h
ลีมาเบอลัยฮ	l i m a b ə l ʌ i̯ h
ลีฮัยจ	l i h ʌ i̯ ʔ
ลีเมา	l i m ʌ w
ลีเลด	l i l e t̚
ลีเลด	l i l ɪ t̚
ลูนัยฮ	l u n ʌ i̯ h
ลูปา	l u p a
ลูมัยจ	l u m ʌ i̯ ʔ
ลูเปอ	l u p ɤ
ลูเมาะฮ	l u m ɔ h
ลูเมาะฮลาโวยจ	l u m ɔ h l a w o i̯ ʔ
ลูโตยจ	l u t o i̯ ʔ
ลูโตยจ	l u t ʊ i̯ ʔ
วะตู	w ʌ ʔ t u
วัยจ	w ʌ i̯ ʔ
วายัก	w a j ʌ k̚
วี	w i
อาซะ	ʔ a s ʌ ʔ
อาซู	ʔ a s u
อาดา	ʔ a d a
อาตัยจ	ʔ a t ʌ i̯ ʔ
อาตัยฮ	ʔ a t ʌ i̯ h
อาปัล	a p ʌ ɭ
อาปี	ʔ a p i
อารอก	ʔ a r ɔ k̚
อาระ	ʔ a r ʌ ʔ
อารี	ʔ a r i
อาเกอ	ʔ a k ɤ
อาเกะ	ʔ a k e ʔ
อาเกะ	ʔ a k ɪ ʔ
อาเปอ	a p ɤ
อาเมด	ʔ a m e t̚
อาเมด	ʔ a m ɪ t̚
อาเย	ʔ a j e
อาเยน	a j e n
อาเยน	a j ɪ n
อาแงน	ʔ a ŋ ɛ n
อีกัด	ʔ i k ʌ t̚
อีกัยจ	ʔ i k ʌ i̯ ʔ
อีงัยจ	ʔ i ŋ ʌ i̯ ʔ
อีซี	ʔ i s i
อีตัด	ʔ i t ʌ t̚
อีติ	ʔ i t ɪ ʔ
อีริ	ʔ i r ɪ ʔ
อีเกอ	ʔ i k ɤ
อูจะ	ʔ u c ʌ ʔ
อูซิ	ʔ u s ɪ ʔ
อูตก	ʔ u t o k̚
อูปัด	ʔ u p ʌ t̚
อูมอล	ʔ u m ɔ l
อูมะ	ʔ u m ʌ ʔ
อูรัก	ʔ u r ʌ k̚
อูรักลาโวยจ	ʔ u r ʌ k̚ l a w o i̯ ʔ
อูรัยจ	ʔ u r ʌ i̯ ʔ
อูเลอ	ʔ u l ɤ
อูแยะ	ʔ u j ɛ ʔ
อูโดะฮ	u d o h
อูโดะฮ	u d ʊ h
ฮยู	h j u
ฮยูเบอเซอ	h j u b ə s ɤ
ฮลอด	h l ɔ t̚
ฮลัก	h l ʌ k̚
ฮวยจ	h u ə̯ i̯ ʔ
ฮอย	h ɔ j
ฮางัยจ	h a ŋ ʌ i̯ ʔ
ฮาญอยจ	h a ɲ ɔ i̯ ʔ
ฮาดะ	h a d ʌ ʔ
ฮาตี	h a t i
ฮาตู	h a t u
ฮาบิฮ	h a b ɪ h
ฮาบู	h a b u
ฮายับ	h a j ʌ p̚
ฮารัก	h a r ʌ k̚
ฮาลุยฮ	h a l u i̯ h
ฮาลู	h a l u
ฮีดก	h i d o k̚
ฮีดก	h i d ʊ k̚
ฮีตับ	h i t ʌ p̚
ฮีโดะ	h i d o ʔ
ฮีโดะ	h i d ʊ ʔ
ฮูตัด	h u t ʌ t̚
ฮูยฺัด	h u ɟ ʌ t̚
ฮูรัก	h u r ʌ k̚
ฮูลู	h u l u
เกรอเบา	k r ə b ʌ w
เกอญิ	k ə ɲ ɪ ʔ
เกอดัย	k ə d ʌ j
เกอตับ	k ə t ʌ p̚
เกอมัก	k ə m ʌ k̚
เกอมูดี	k ə m u d i
เกอเมียน	k ə m i ə̯ n
เกา	k ʌ w
เกฺอตาวะ	ɡ ə t a w ʌ ʔ
เกฺอนัก	ɡ ə n ʌ k̚
เกฺอนีรา	ɡ ə n i r a
เคก	kʰ e k̚
เคอนัม	kʰ ə n ʌ m
เจรอปู	c r ə p u
เจรอปู	t͡ɕ r ə p u
เจรอเมน	c r ə m e n
เจรอเมน	c r ə m ɪ n
เจรอเมน	t͡ɕ r ə m e n
เจรอเมน	t͡ɕ r ə m ɪ n
เจอบุ	c ə b u ʔ
เจอบุ	t͡ɕ ə b u ʔ
เจอมางี	c ə m a ŋ i
เจอมางี	t͡ɕ ə m a ŋ i
เจอลุ	c ə l u ʔ
เจอลุ	t͡ɕ ə l u ʔ
เชอนีง	cʰ ə n ɪ ŋ
เชอนีง	t͡ɕʰ ə n ɪ ŋ
เซอกัยจ	s ə k ʌ i̯ ʔ
เซองะ	s ə ŋ ʌ ʔ
เซอปูโละฮ	s ə p u l o h
เซอปูโละฮ	s ə p u l ʊ h
เซอมะฮ	s ə m ʌ h
เซอมียา	s ə m i j a
เซอมีลัด	s ə m i l ʌ t̚
เซอมีลัดปูโละฮ	p u l ʊ h
เซอมีลัดปูโละฮ	s ə m i l ʌ t̚ p u l o h
เซอมีลัดเบอลัยฮ	s ə m i l ʌ t̚ b ə l ʌ i̯ h
เซอเบอลัยฮ	s ə b ə l ʌ i̯ h
เซอโนะ	s ə n o ʔ
เซาะ	s ɔ ʔ
เดอนัก	d ə n ʌ k̚
เดอปา	d ə p a
เดอเงอ	d ə ŋ ɤ
เดะ	d e ʔ
เดะ	d ɪ ʔ
เดียด	d i ə̯ t̚
เตด	t e t̚
เตด	t ɪ t̚
เตอกฺีรี	t ə ɡ i r i
เตองะฮ	t ə ŋ ʌ h
เตอบัก	t ə b ʌ k̚
เตอบู	t ə b u
เตอเบะ	t ə b e ʔ
เตอเบะ	t ə b ɪ ʔ
เตอเลอ	t ə l ɤ
เตอโละ	t ə l o ʔ
เตอโละ	t ə l ʊ ʔ
เบอกาจะ	b ə k a c ʌ ʔ
เบอกฺาญะ	b ə ɡ a ɲ ʌ ʔ
เบอซี	b ə s i
เบอติฮ	b ə t ɪ h
เบอนัว	b ə n u ə̯
เบอนาตัก	b ə n a t ʌ k̚
เบอปากัย	b ə p a k ʌ i̯ ʔ
เบอลี	b ə l i
เบอเกฺาะ	b ə ɡ ɔ ʔ
เบอเซอ	b ə s ɤ
เบอเละฮ	b ə l e h
เบอเละฮ	b ə l ɪ h
เบอแยะ	b ə j ɛ ʔ
เบาะฮ	b ɔ h
เปอกฺัก	p ə ɡ ʌ k̚
เปอจะฮ	p ə c ʌ h
เปอญู	p ə ɲ u
เปอนานา	p ə n a n a
เปอโดะ	p ə d o ʔ
เปอโดะ	p ə d ʊ ʔ
เฟด	f e t̚
เมอเลา	m ə l ʌ w
เมียว	m i ə̯ w
เยฺรา	d͡ʒ r ʌ w
เยฺรา	ɟ r ʌ w
เรอนัก	r ə n ʌ k̚
เลองัน	l ə ŋ ʌ n
เลอปัยจ	l ə p ʌ i̯ ʔ
เลอมู	l ə m u
แกฺรก	ɡ r ɛ k̚
แคะ	kʰ ɛ ʔ
แจ	c ɛ
แจ	t͡ɕ ɛ
แดด	d ɛ t̚
แบะ	b ɛ ʔ
แฟบ	f ɛ p̚
แระกฺีแระ	r ɛ ʔ ɡ i r ɛ ʔ
แอบเปิน	ʔ ɛ p̚ p ɤ n
แฮ	h ɛ
โกก	k o k̚
โกปี	k o p i
โกย	k o j
โจะบัด	c o ʔ b ʌ t̚
โจะบัด	t͡ɕ o ʔ b ʌ t̚
โบะ	b o ʔ
โบะ	b ʊ ʔ
โปรยจ	p r o i̯ ʔ
โปรยจ	p r ʊ i̯ ʔ
โมะ	m o ʔ
โมะ	m ʊ ʔ
โยะฮ	j o h
โอะ	ʔ o ʔ
โอะ	ʔ ʊ ʔ
