ae	ʔ a i ˨˦
aek	ʔ a k ˥
aemq	ʔ a m ˧˥
aen	ʔ a n ˨˦
aen gyacizgvanh cehsim sevei cujyi	ʔ a n ˨˦ kʲ a ˨˦ ɕ i ˧˩ kʷ aː n ˧ ɕ e ˧ θ i m ˨˦ θ e ˨˦ β e i ˨˦ ɕ u ˥ j i ˨˦
aennou	ʔ a n ˨˦ n o u ˨˦
aenvih	ʔ a n ˨˦ β i ˧
aep	ʔ a p ˥
aeu	ʔ a u ˨˦
aeuroengz	ʔ a u ˨˦ ɣ o ŋ ˧˩
aiswhbing	ʔ aː i ˧˥ θ ɯ ˧ p i ŋ ˧˥
aj	ʔ a ˥
ajaeu	ʔ a ˥ ʔ a u ˨˦
ajcaeuz	ʔ a ˥ ɕ a u ˧˩
alungz	ʔ a ˨˦ l u ŋ ˧˩
anax	ʔ a ˨˦ n a ˦˨
ancienz	ʔ aː n ˨˦ ɕ iː n ˧˩
angq	ʔ aː ŋ ˧˥
anhveih	ʔ aː n ˧ β e i ˧
asoi	ʔ a ˨˦ θ oː i ˨˦
aucouh	ʔ aː u ˧˥ ɕ o u ˧
audaliya	ʔ aː u ˧˥ t a ˧˥ l i ˧˥ j a ˧˥
aumwnz	ʔ aː u ˧˥ m ɯ n ˧˩
aux ma dox haeb	ʔ aː u ˦˨ m a ˨˦ t o ˦˨ h a p ˧
ayuzvuengz	ʔ a ˨˦ j u ˧˩ β uː ŋ ˧˩
bae	p a i ˨˦
baed	p a t ˧
baeg	p a k ˧
baek	p a k ˥
baekging	p a k ˥ k i ŋ ˨˦
baengzyoux	p a ŋ ˧˩ j o u ˦˨
baeu	p a u ˨˦
bag	p aː k ˧
bahgihswhdanj	p a ˧ k i ˧ θ ɯ ˧ t aː n ˥
baicuzsoj	p aː i ˧˥ ɕ u ˧˩ θ o ˥
baih	p aː i ˧
bak	p aː k ˧˥
baksaek	p aː k ˧˥ θ a k ˥
banfunghgen bancizminzdi sevei	p aː n ˧˥ f u ŋ ˧ k eː n ˧˥ p aː n ˧˥ ɕ i ˧˩ m i n ˧˩ t i ˧˥ θ e ˧˥ β e i ˧˥
banh	p aː n ˧
banhfap	p aː n ˧ f aː p ˧˥
banjgienz	p aː n ˥ k iː n ˧˩
banringz	p aː n ˨˦ ɣ i ŋ ˧˩
bat	p aː t ˧˥
baujciz	p aː u ˥ ɕ i ˧˩
bauqceij	p aː u ˧˥ ɕ e i ˥
baux	p aː u ˦˨
bazsiujsiz gunghcozci	p a ˧˩ θ i u ˥ θ i ˧˩ k u ŋ ˧ ɕ o ˧˩ ɕ i ˧˥
beg	p eː k ˧
beghag	p eː k ˧ h aː k ˧
beix	p e i ˦˨
beixnuengx	p e i ˦˨ n uː ŋ ˦˨
beixsau	p e i ˦˨ θ aː u ˨˦
beksingq	p eː k ˧˥ θ i ŋ ˧˥
beng	p eː ŋ ˨˦
bengcag	p eː ŋ ˨˦ ɕ aː k ˧
bengz	p eː ŋ ˧˩
bet	p eː t ˧˥
bet nyied cibngux	p eː t ˧˥ ɲ iː t ˧ ɕ i p ˧ ŋ u ˦˨
beuq	p eː u ˧˥
beuzgeng	p eː u ˧˩ k eː ŋ ˨˦
bi	p i ˨˦
bid	p i t ˧
biek	p iː k ˧˥
biengzbeih	p iː ŋ ˧˩ p e i ˧
bienzngeiz	p iː n ˧˩ ŋ e i ˧˩
bing	p i ŋ ˨˦
bingh	p i ŋ ˧
bingh'aiswhbing	p i ŋ ˧ ʔ aː i ˧˥ θ ɯ ˧ p i ŋ ˧˥
binghdoeg	p i ŋ ˧ t o k ˧
binghmabag	p i ŋ ˧ m a ˨˦ p aː k ˧
binghsiengh	p i ŋ ˧ θ iː ŋ ˧
bingz	p i ŋ ˧˩
bingzdaengj	p i ŋ ˧˩ t a ŋ ˥
biqrengh	p i ˧˥ ɣ eː ŋ ˧
bit	p i t ˥
biuj	p i u ˥
biz	p i ˧˩
bo	p o ˨˦
boemx	p o m ˦˨
boh	p o ˧
bohloz	p o ˧ l o ˧˩
bohmeh	p o ˧ m e ˧
boi	p oː i ˨˦
boux	p o u ˦˨
boux boux	p o u ˦˨ p o u ˦˨
bouxboux	p o u ˦˨ p o u ˦˨
bouxcuengh	p o u ˦˨ ɕ uː ŋ ˧
bouxdaez	p o u ˦˨ t a i ˧˩
bouxdoj	p o u ˦˨ t o ˥
bouxganqbingh	p o u ˦˨ k aː n ˧˥ p i ŋ ˧
bouxguhnaz	p o u ˦˨ k u ˧ n a ˧˩
bouxgun	p o u ˦˨ k u n ˨˦
bouxhek	p o u ˦˨ h eː k ˧˥
bouxlawz	p o u ˦˨ l a ɯ ˧˩
bouxmiuz	p o u ˦˨ m i u ˧˩
bouxsai	p o u ˦˨ θ aː i ˨˦
bouxyaej	p o u ˦˨ j a i ˥
buh	p u ˧
buhbeu	p u ˧ p eː u ˨˦
buhbing	p u ˧ p i ŋ ˨˦
buhdakhanh	p u ˧ t aː k ˧˥ h aː n ˧
bujdunghva	p u ˥ t u ŋ ˧ β a ˨˦
buzdauzdangz	p u ˧˩ t aː u ˧˩ t aː ŋ ˧˩
buzdauzyaz	p u ˧˩ t aː u ˧˩ j a ˧˩
bwn	p ɯ n ˨˦
bwt	p ɯ t ˥
bwtbingh binghdoeg gvanhcang yienghmoq	p ɯ t ˥ p i ŋ ˧ p i ŋ ˧ t o k ˧ kʷ aː n ˧ ɕ aː ŋ ˨˦ j iː ŋ ˧ m o ˧˥
bwz	p ɯ ˧˩
bwzgingh	p ɯ ˧˩ k i ŋ ˧
bwzhaij	p ɯ ˧˩ h aː i ˥
bwzswz	p ɯ ˧˩ θ ɯ ˧˩
bya	pʲ a ˨˦
bya'ndoek	pʲ a ˨˦ ɗ o k ˥
byacaek	pʲ a ˨˦ ɕ a k ˥
byaek	pʲ a k ˥
byaekbohcaiq	pʲ a k ˥ p o ˧ ɕ aː i ˧˥
byaeklinzgaeq	pʲ a k ˥ l i n ˧˩ k a i ˧˥
byaekmbungj	pʲ a k ˥ ɓ u ŋ ˥
byagaq	pʲ a ˨˦ k a ˧˥
byagim	pʲ a ˨˦ k i m ˨˦
byahaux	pʲ a ˨˦ h aː u ˦˨
byaij	pʲ aː i ˥
byaj	pʲ a ˥
byalae	pʲ a ˨˦ l a i ˨˦
byaleix	pʲ a ˨˦ l e i ˦˨
byalingz	pʲ a ˨˦ l i ŋ ˧˩
byanouq	pʲ a ˨˦ n o u ˧˥
byaraiz	pʲ a ˨˦ ɣ aː i ˧˩
byavanx	pʲ a ˨˦ β aː n ˦˨
byayouzyiz	pʲ a ˨˦ j o u ˧˩ j i ˧˩
byoem	pʲ o m ˨˦
byoengq hangx saez	pʲ o ŋ ˧˥ h aː ŋ ˦˨ θ a i ˧˩
byoenh	pʲ o n ˧
cabceiq	ɕ aː p ˧ ɕ e i ˧˥
caekhaex	ɕ a k ˥ h a i ˦˨
caem	ɕ a m ˨˦
caencik	ɕ a n ˨˦ ɕ i k ˥
caet	ɕ a t ˥
caeuq	ɕ a u ˧˥
caezgya	ɕ a i ˧˩ kʲ a ˨˦
cag	ɕ aː k ˧
cam	ɕ aː m ˨˦
camhgyah	ɕ aː m ˧ kʲ a ˧
cancwngh	ɕ aː n ˨˦ ɕ ɯ ŋ ˧
cangh	ɕ aː ŋ ˧
canghfwen	ɕ aː ŋ ˧ f ɯː n ˨˦
canghyw	ɕ aː ŋ ˧ j ɯ ˨˦
cangz	ɕ aː ŋ ˧˩
cangzcunh	ɕ aː ŋ ˧˩ ɕ u n ˧
cangzsah	ɕ aː ŋ ˧˩ θ a ˧
cauhsi	ɕ aː u ˧ θ i ˧˥
cauj	ɕ aː u ˥
caux	ɕ aː u ˦˨
cauzsenh	ɕ aː u ˧˩ θ eː n ˧
cawx	ɕ a ɯ ˦˨
cax	ɕ a ˦˨
caz	ɕ a ˧˩
ced	ɕ eː t ˧
ceh	ɕ e ˧
ceih	ɕ e i ˧
ceij	ɕ e i ˥
ceiq	ɕ e i ˧˥
cej	ɕ e ˥
cengh	ɕ eː ŋ ˧
cenh	ɕ eː n ˧
ceuq	ɕ eː u ˧˥
cezgyangh	ɕ e ˧˩ kʲ aː ŋ ˧
ci	ɕ i ˨˦
cib	ɕ i p ˧
cib bet	ɕ i p ˧ p eː t ˧˥
cib caet	ɕ i p ˧ ɕ a t ˥
cib gouj	ɕ i p ˧ k o u ˥
cib haj	ɕ i p ˧ h a ˥
cib it	ɕ i p ˧ ʔ i t ˥
cib loeg	ɕ i p ˧ l o k ˧
cib ngeih	ɕ i p ˧ ŋ e i ˧
cib sam	ɕ i p ˧ θ aː m ˨˦
cib seiq	ɕ i p ˧ θ e i ˧˥
cibuh	ɕ i ˨˦ p u ˧
cien	ɕ iː n ˨˦
ciencwng	ɕ iː n ˨˦ ɕ ɯ ŋ ˨˦
cieng	ɕ iː ŋ ˨˦
ciengh	ɕ iː ŋ ˧
ciengq	ɕ iː ŋ ˧˥
ciengqyouz	ɕ iː ŋ ˧˥ j o u ˧˩
ciengz	ɕ iː ŋ ˧˩
cienh	ɕ iː n ˧
cienz	ɕ iː n ˧˩
cienzngaenz	ɕ iː n ˧˩ ŋ a n ˧˩
cifeiz	ɕ i ˨˦ f e i ˧˩
cih	ɕ i ˧
cihsaw	ɕ i ˧ θ a ɯ ˨˦
cij	ɕ i ˥
cijgaeng	ɕ i ˥ k a ŋ ˨˦
cijvaiz	ɕ i ˥ β aː i ˧˩
cik	ɕ i k ˥
cim	ɕ i m ˨˦
cinanz	ɕ i ˧˥ n aː n ˧˩
cinghhaij	ɕ i ŋ ˧ h aː i ˥
cingjsoq	ɕ i ŋ ˥ θ o ˧˥
cinz	ɕ i n ˧˩
ciq	ɕ i ˧˥
ciz	ɕ i ˧˩
coemx	ɕ o m ˦˨
coeng	ɕ o ŋ ˨˦
coenz	ɕ o n ˧˩
cogya	ɕ o ˨˦ kʲ a ˨˦
coh	ɕ o ˧
coihnaj	ɕ oː i ˧ n a ˥
congh	ɕ oː ŋ ˧
conghcueng	ɕ oː ŋ ˧ ɕ uː ŋ ˨˦
conghhaex	ɕ oː ŋ ˧ h a i ˦˨
conghlaep	ɕ oː ŋ ˧ l a p ˥
conghndaeng	ɕ oː ŋ ˧ ɗ a ŋ ˨˦
conghrwz	ɕ oː ŋ ˧ ɣ ɯ ˧˩
congz	ɕ oː ŋ ˧˩
congzrok	ɕ oː ŋ ˧˩ ɣ oː k ˧˥
cou	ɕ o u ˨˦
couh	ɕ o u ˧
couj	ɕ o u ˥
cueng	ɕ uː ŋ ˨˦
cuengh	ɕ uː ŋ ˧
cuk	ɕ u k ˥
cukgiuz	ɕ u k ˥ k i u ˧˩
cung	ɕ u ŋ ˨˦
cungguek	ɕ u ŋ ˨˦ k uː k ˧˥
cungguek gungcanjdangj	ɕ u ŋ ˨˦ k uː k ˧˥ k u ŋ ˨˦ ɕ aː n ˥ t aː ŋ ˥
cunghgoz	ɕ u ŋ ˧ k o ˧˩
cunghvaz	ɕ u ŋ ˧ β a ˧˩
cunghvaz yinzminz gunghozgoz	ɕ u ŋ ˧ β a ˧˩ j i n ˧˩ m i n ˧˩ k u ŋ ˧˥ h o ˧˩ k o ˧˩
cunghyoz	ɕ u ŋ ˧ j o ˧˩
cungq	ɕ u ŋ ˧˥
cungsim	ɕ u ŋ ˨˦ θ i m ˨˦
cungzcoj	ɕ u ŋ ˧˩ ɕ o ˥
cungzging	ɕ u ŋ ˧˩ k i ŋ ˧˥
cunhyenz	ɕ u n ˧ j eː n ˧˩
cuzbanj	ɕ u ˧˩ p aː n ˥
cuzbanjse	ɕ u ˧˩ p aː n ˥ θ e ˧˥
cwngci	ɕ ɯ ŋ ˧˥ ɕ i ˧˥
cwngciyoz	ɕ ɯ ŋ ˧˥ ɕ i ˧˥ j o ˧˩
cwngcouh	ɕ ɯ ŋ ˧˥ ɕ o u ˧
cwngcwz	ɕ ɯ ŋ ˨˦ ɕ ɯ ˧˩
cwngfuj	ɕ ɯ ŋ ˨˦ f u ˥
cwngzcizdanh	ɕ ɯ ŋ ˧˩ ɕ i ˧˩ t aː n ˧
cwngzduh	ɕ ɯ ŋ ˧˩ t u ˧
cwz	ɕ ɯ ˧˩
cwzyoz	ɕ ɯ ˧˩ j o ˧˩
da	t a ˨˦
daeg	t a k ˧
daegsaek	t a k ˧ θ a k ˥
daehbuh	t a i ˧ p u ˧
daek	t a k ˥
daekdaeq	t a k ˥ t a i ˧˥
daekmax	t a k ˥ m a ˦˨
daemq	t a m ˧˥
daemz	t a m ˧˩
daengloengz	t a ŋ ˨˦ l o ŋ ˧˩
daengngoenz	t a ŋ ˨˦ ŋ o n ˧˩
daengq	t a ŋ ˧˥
daengz	t a ŋ ˧˩
daep	t a p ˥
daeuh	t a u ˧
daeuhfouh	t a u ˧ f o u ˧
daeuj	t a u ˥
daeuq	t a u ˧˥
dah	t a ˧
dahmbwn	t a ˧ ɓ ɯ n ˨˦
dai	t aː i ˨˦
daibingzyangz	t aː i ˨˦ p i ŋ ˧˩ j aː ŋ ˧˩
daigoz	t aː i ˨˦ k o ˧˩
daih	t aː i ˧
daihhag	t aː i ˧ h aː k ˧
daihyangz	t aː i ˧ j aː ŋ ˧˩
daiq	t aː i ˧˥
daiyenz	t aː i ˧˥ j eː n ˧˩
daiz	t aː i ˧˩
daizbwz	t aː i ˧˩ p ɯ ˧˩
daizvanh	t aː i ˧˩ β aː n ˧
daj	t a ˥
dajcim	t a ˥ ɕ i m ˨˦
dajdoeng	t a ˥ t o ŋ ˨˦
danci	t aː n ˨˦ ɕ i ˨˦
danghnaeuz	t aː ŋ ˧ n a u ˧˩
dangq	t aː ŋ ˧˥
dangqdaeuj	t aː ŋ ˧˥ t a u ˥
dangz	t aː ŋ ˧˩
dangzrwi	t aː ŋ ˧˩ ɣ ɯː i ˨˦
danq	t aː n ˧˥
dansuijvahozvuz	t aː n ˧˥ θ uː i ˥ β a ˧˥ h o ˧˩ β u ˧˩
danz	t aː n ˧˩
dauj	t aː u ˥
dava	t a ˨˦ β a ˨˦
dawh	t a ɯ ˧
daxmeh	t a ˦˨ m e ˧
dayoz	t a ˧˥ j o ˧˩
de	t e ˨˦
deih	t e i ˧
dem	t eː m ˨˦
dem gyaeuj dem rieng	t eː m ˨˦ kʲ a u ˥ t eː m ˨˦ ɣ iː ŋ ˨˦
demh	t eː m ˧
deng	t eː ŋ ˨˦
denhcinh	t eː n ˧ ɕ i n ˧
denhvwnz	t eː n ˧ β ɯ n ˧˩
dennauj	t eː n ˨˦ n aː u ˥
densi	t eː n ˧˥ θ i ˧˥
denva	t eː n ˧˥ β a ˧˥
denyingj	t eː n ˧˥ j i ŋ ˥
di	t i ˨˦
dicuj	t i ˧˥ ɕ u ˥
dieg	t iː k ˧
diegyouq	t iː k ˧ j o u ˧˥
diemj	t iː m ˥
diemq	t iː m ˧˥
diemz	t iː m ˧˩
diengzhaex	t iː ŋ ˧˩ h a i ˦˨
dienh	t iː n ˧
diet	t iː t ˧˥
dijyuz	t i ˥ j u ˧˩
din	t i n ˨˦
dinghmeg	t i ŋ ˧ m eː k ˧
dinj	t i n ˥
dinz	t i n ˧˩
diuz	t i u ˧˩
doeg	t o k ˧
doek	t o k ˥
doem	t o m ˨˦
doeng	t o ŋ ˨˦
doengh	t o ŋ ˧
doenghduz	t o ŋ ˧ t u ˧˩
doenghgo	t o ŋ ˧ k o ˨˦
doenghyiengh	t o ŋ ˧ j iː ŋ ˧
doengj	t o ŋ ˥
doengxhaemh	t o ŋ ˦˨ h a m ˧
doengxhaet	t o ŋ ˦˨ h a t ˥
doengxhwnz	t o ŋ ˦˨ h ɯ n ˧˩
doengxngoenz	t o ŋ ˦˨ ŋ o n ˧˩
doengz	t o ŋ ˧˩
doengzeiq	t o ŋ ˧˩ ʔ e i ˧˥
doj	t o ˥
doq	t o ˧˥
dou	t o u ˨˦
doxdax	t o ˦˨ t a ˦˨
doxgaiq	t o ˦˨ k aː i ˧˥
dub	t u p ˧
duh	t u ˧
duix	t uː i ˦˨
dungcuz	t u ŋ ˨˦ ɕ u ˧˩
dungx	t u ŋ ˦˨
dungzci	t u ŋ ˧˩ ɕ i ˧˥
duz	t u ˧˩
duzbeuq	t u ˧˩ p eː u ˧˥
duzciengh	t u ˧˩ ɕ iː ŋ ˧
duzdoengz	t u ˧˩ t o ŋ ˧˩
duzdoq	t u ˧˩ t o ˧˥
duzfix	t u ˧˩ f i ˦˨
duzgyau	t u ˧˩ kʲ aː u ˨˦
duzmbangq	t u ˧˩ ɓ aː ŋ ˧˥
duznou	t u ˧˩ n o u ˨˦
duzrug	t u ˧˩ ɣ u k ˧
duzsuhgvanj	t u ˧˩ θ u ˧ kʷ aː n ˥
duzyiuh	t u ˧˩ j i u ˧
dwg	t ɯ k ˧
dwk	t ɯ k ˥
dwknyaen	t ɯ k ˥ ɲ a n ˨˦
dwzgoz	t ɯ ˧˩ k o ˧˩
eij	ʔ e i ˥
eiseng	ʔ e i ˨˦ θ eː ŋ ˨˦
ek	ʔ eː k ˧˥
ep	ʔ eː p ˧˥
ep meuz gwn meiq	ʔ eː p ˧˥ m eː u ˧˩ k ɯ n ˨˦ m e i ˧˥
faen	f a n ˨˦
faencung	f a n ˨˦ ɕ u ŋ ˨˦
faenz	f a n ˧˩
faeqfwj	f a i ˧˥ f ɯ ˥
faex	f a i ˦˨
faexcuk	f a i ˦˨ ɕ u k ˥
faiq	f aː i ˧˥
fangz	f aː ŋ ˧˩
fangzcwngzgangj	f aː ŋ ˧˩ ɕ ɯ ŋ ˧˩ k aː ŋ ˥
fanh	f aː n ˧
faplwd	f aː p ˧˥ l ɯ t ˧
fatcaiz	f aː t ˧˥ ɕ aː i ˧˩
fatseng	f aː t ˧˥ θ eː ŋ ˨˦
fatyaem	f aː t ˧˥ j a m ˨˦
fax	f a ˦˨
faz	f a ˧˩
fazgoz	f a ˧˩ k o ˧˩
fazyen	f a ˧˩ j eː n ˧˥
feih	f e i ˧
feihcouh	f e i ˧ ɕ o u ˧
feihgih	f e i ˧ k i ˧
feihlizbinh	f e i ˧ l i ˧˩ p i n ˧
feiyenz	f e i ˧˥ j eː n ˧˩
feiz	f e i ˧˩
fouj	f o u ˥
fouq	f o u ˧˥
fouz	f o u ˧˩
fuengbienh	f uː ŋ ˨˦ p iː n ˧
fuengz	f uː ŋ ˧˩
fungbau	f u ŋ ˨˦ p aː u ˨˦
fungh	f u ŋ ˧
funghvuengz	f u ŋ ˧ β uː ŋ ˧˩
fuz	f u ˧˩
fuzcouh	f u ˧˩ ɕ o u ˧
fuzgen	f u ˧˩ k eː n ˧˥
fuzgyau	f u ˧˩ kʲ aː u ˧˥
fuzsanh	f u ˧˩ θ aː n ˧
fw	f ɯ ˨˦
fwed	f ɯː t ˧
fwen	f ɯː n ˨˦
fwj	f ɯ ˥
fwn	f ɯ n ˨˦
fwngz	f ɯ ŋ ˧˩
fwngzyinx	f ɯ ŋ ˧˩ j i n ˦˨
ga	k a ˨˦
gaej	k a i ˥
gaemmeg	k a m ˨˦ m eː k ˧
gaemxgienz	k a m ˦˨ k iː n ˧˩
gaeng	k a ŋ ˨˦
gaenh	k a n ˧
gaeq	k a i ˧˥
gaeqboux	k a i ˧˥ p o u ˦˨
gaeqhangh	k a i ˧˥ h aː ŋ ˧
gaeqmeh	k a i ˧˥ m e ˧
gaeqseng	k a i ˧˥ θ eː ŋ ˨˦
gaeu	k a u ˨˦
gag	k aː k ˧
gaggaj	k aː k ˧ k a ˥
gahfeih	k a ˧ f e i ˧
gai	k aː i ˨˦
gaijfang	k aː i ˥ f aː ŋ ˧˥
gaiq	k aː i ˧˥
gaiq gaiq	k aː i ˧˥ k aː i ˧˥
gaiqgaiq	k aː i ˧˥ k aː i ˧˥
gaj	k a ˥
gajlaeng	k a ˥ l a ŋ ˨˦
gakcungj	k aː k ˧˥ ɕ u ŋ ˥
gamj	k aː m ˥
gamjcingz	k aː m ˥ ɕ i ŋ ˧˩
gangdij	k aː ŋ ˧˥ t i ˥
gangj	k aː ŋ ˥
gangjbi	k aː ŋ ˥ p i ˧˥
gangyenz	k aː ŋ ˧˥ j eː n ˧˩
ganhsuz	k aː n ˧ θ u ˧˩
gatsat	k aː t ˧˥ θ aː t ˧˥
gauhgiz	k aː u ˧ k i ˧˩
gauhgiz cunghyoz	k aː u ˧ k i ˧˩ ɕ u ŋ ˧ j o ˧˩
gaujvaq	k aː u ˥ β a ˧˥
gawq	k a ɯ ˧˥
geijlai	k e i ˥ l aː i ˨˦
geiz	k e i ˧˩
geizciengh	k e i ˧˩ ɕ iː ŋ ˧
geizdiuq	k e i ˧˩ t i u ˧˥
geizhanh	k e i ˧˩ h aː n ˧
gemj	k eː m ˥
gen	k eː n ˨˦
genzli	k eː n ˧˩ l i ˧˥
geuz	k eː u ˧˩
gi'gvanh	k i ˨˦ kʷ aː n ˧
giceh	k i ˧˥ ɕ e ˧
gieng	k iː ŋ ˨˦
gienz	k iː n ˧˩
gig	k i k ˧
gih	k i ˧
gihgiyinz	k i ˧ k i ˧˥ j i n ˧˩
gihgvanh	k i ˧ kʷ aː n ˧
gij	k i ˥
gijgwn	k i ˥ k ɯ n ˨˦
gijmaz	k i ˥ m a ˧˩
gijngoz	k i ˥ ŋ o ˧˩
gik	k i k ˥
gim	k i m ˨˦
gimqcij	k i m ˧˥ ɕ i ˥
ginghcuz	k i ŋ ˧ ɕ u ˧˩
gingj	k i ŋ ˥
gingj boemx loengx	k i ŋ ˥ p o m ˦˨ l o ŋ ˦˨
gingjcaz	k i ŋ ˥ ɕ a ˧˩
gingoz	k i ˧˥ ŋ o ˧˩
gingqda	k i ŋ ˧˥ t a ˨˦
gingsingz	k i ŋ ˨˦ θ i ŋ ˧˩
ginhcouh	k i n ˧ ɕ o u ˧
ginzcaiq	k i n ˧˩ ɕ aː i ˧˥
gisongih	k i ˨˦ θ oː n ˨˦ k i ˧
giujdin	k i u ˥ t i n ˨˦
giuz	k i u ˧˩
giz	k i ˧˩
gizcangj	k i ˧˩ ɕ aː ŋ ˥
gizdah	k i ˧˩ t a ˧
gizhaenx	k i ˧˩ h a n ˦˨
gizlinz	k i ˧˩ l i n ˧˩
gizneix	k i ˧˩ n e i ˦˨
go	k o ˨˦
godumh	k o ˨˦ t u m ˧
goemz	k o m ˧˩
goeng	k o ŋ ˨˦
goengda	k o ŋ ˨˦ t a ˨˦
goengleix	k o ŋ ˨˦ l e i ˦˨
goep	k o p ˥
gohyoz	k o ˧ j o ˧˩
goj	k o ˥
gojsiz	k o ˥ θ i ˧˩
golinxvaiz	k o ˨˦ l i n ˦˨ β aː i ˧˩
golinzgaeq	k o ˨˦ l i n ˧˩ k a i ˧˥
got	k oː t ˧˥
gou	k o u ˨˦
gouh	k o u ˧
gouj	k o u ˥
goujcau	k o u ˥ ɕ aː u ˧˥
goujyanghdangz	k o u ˥ j aː ŋ ˧ t aː ŋ ˧˩
gozciz	k o ˧˩ ɕ i ˧˩
guek	k uː k ˧˥
guekcoj	k uː k ˧˥ ɕ o ˥
guekgya	k uː k ˧˥ kʲ a ˨˦
guengjdoeng	k uː ŋ ˥ t o ŋ ˨˦
guengjsae	k uː ŋ ˥ θ a i ˨˦
guenjleix	k uː n ˥ l e i ˦˨
guh	k u ˧
guhduh	k u ˧ t u ˧
guk	k u k ˥
gun	k u n ˨˦
gung	k u ŋ ˨˦
gungcanj	k u ŋ ˧˥ ɕ aː n ˥
gungcanjcujyi	k u ŋ ˧˥ ɕ aː n ˥ ɕ u ˥ j i ˧˥
gungcanjcujyicej	k u ŋ ˧˥ ɕ aː n ˥ ɕ u ˥ j i ˧˥ ɕ e ˥
gungcanjdangj	k u ŋ ˧˥ ɕ aː n ˥ t aː ŋ ˥
gungh'anhgiz	k u ŋ ˧ ʔ aː n ˧ k i ˧˩
gunghcoz	k u ŋ ˧ ɕ o ˧˩
gunghminz	k u ŋ ˧ m i n ˧˩
gunghozgoz	k u ŋ ˧˥ h o ˧˩ k o ˧˩
gunghswh	k u ŋ ˧ θ ɯ ˧
gungjcoz	k u ŋ ˥ ɕ o ˧˩
gungq	k u ŋ ˧˥
gunhmingz	k u n ˧ m i ŋ ˧˩
gva	kʷ a ˨˦
gvak	kʷ aː k ˧˥
gvangj	kʷ aː ŋ ˥
gvangjcouh	kʷ aː ŋ ˥ ɕ o u ˧
gvangjdungh	kʷ aː ŋ ˥ t u ŋ ˧
gvangjsih	kʷ aː ŋ ˥ θ i ˧
gvangq	kʷ aː ŋ ˧˥
gvaq	kʷ a ˧˥
gvaz	kʷ a ˧˩
gve	kʷ e ˨˦
gvehoengz	kʷ e ˨˦ h o ŋ ˧˩
gveicouh	kʷ e i ˧˥ ɕ o u ˧
gveigangj	kʷ e i ˧˥ k aː ŋ ˥
gveilinz	kʷ e i ˧˥ l i n ˧˩
gveiyangz	kʷ e i ˧˥ j aː ŋ ˧˩
gvej	kʷ e ˥
gvi	kʷ i ˨˦
gwd	k ɯ t ˧
gwh	k ɯ ˧
gwih	k ɯː i ˧
gwn	k ɯ n ˨˦
gwn haeux rog	k ɯ n ˨˦ h a u ˦˨ ɣ oː k ˧
gwnz	k ɯ n ˧˩
gwz	k ɯ ˧˩
gwzlaujcuz	k ɯ ˧˩ l aː u ˥ ɕ u ˧˩
gwzlujgizya	k ɯ ˧˩ l u ˥ k i ˧˩ j a ˨˦
gyae	kʲ a i ˨˦
gyaep	kʲ a p ˥
gyaeq	kʲ a i ˧˥
gyaeqhak	kʲ a i ˧˥ h aː k ˧˥
gyaeqhenj	kʲ a i ˧˥ h eː n ˥
gyaeu	kʲ a u ˨˦
gyaeuj	kʲ a u ˥
gyaeujhoq	kʲ a u ˥ h o ˧˥
gyaez	kʲ a i ˧˩
gyahfeih	kʲ a ˧ f e i ˧
gyahnazda	kʲ a ˧ n a ˧˩ t a ˧˥
gyahyouzcan	kʲ a ˧ j o u ˧˩ ɕ aː n ˨˦
gyanghaemh	kʲ aː ŋ ˨˦ h a m ˧
gyanghsih	kʲ aː ŋ ˧ θ i ˧
gyanghsuh	kʲ aː ŋ ˧ θ u ˧
gyanghwnz	kʲ aː ŋ ˨˦ h ɯ n ˧˩
gyangngoenz	kʲ aː ŋ ˨˦ ŋ o n ˧˩
gyaq	kʲ a ˧˥
gyau	kʲ aː u ˨˦
gyauvei	kʲ aː u ˧˥ β e i ˧˥
gyauyuz	kʲ aː u ˨˦ j u ˧˩
gyawj	kʲ a ɯ ˥
gyoengq	kʲ o ŋ ˧˥
gyoengqde	kʲ o ŋ ˧˥ t e ˨˦
gyoij	kʲ oː i ˥
gyong	kʲ oː ŋ ˨˦
gyu	kʲ u ˨˦
ha	h a ˨˦
haemh	h a m ˧
haemhneix	h a m ˧ n e i ˦˨
haemz	h a m ˧˩
haenx	h a n ˦˨
haeuj	h a u ˥
haeux	h a u ˦˨
haeuxyangz	h a u ˦˨ j aː ŋ ˧˩
haex	h a i ˦˨
hagdangz	h aː k ˧ t aː ŋ ˧˩
hagseng	h aː k ˧ θ eː ŋ ˨˦
hah'wjbinh	h a ˧ ʔ ɯ ˥ p i n ˧
hai	h aː i ˨˦
haih	h aː i ˧
haij	h aː i ˥
haijdai	h aː i ˥ t aː i ˨˦
haijgouj	h aː i ˥ k o u ˥
haijnanz	h aː i ˥ n aː n ˧˩
haiz	h aː i ˧˩
haj	h a ˥
hangh	h aː ŋ ˧
hangz	h aː ŋ ˧˩
hangzcouh	h aː ŋ ˧˩ ɕ o u ˧
hanq	h aː n ˧˥
hanzgoz	h aː n ˧˩ k o ˧˩
hau	h aː u ˨˦
hauh	h aː u ˧
hauxseng	h aː u ˦˨ θ eː ŋ ˨˦
hawj	h a ɯ ˥
hawq	h a ɯ ˧˥
hawsingz	h a ɯ ˨˦ θ i ŋ ˧˩
hawsingz guenjleix	h a ɯ ˨˦ θ i ŋ ˧˩ k uː n ˥ l e i ˦˨
heiq	h e i ˧˥
heiqhaeuh	h e i ˧˥ h a u ˧
hek	h eː k ˧˥
heu	h eː u ˨˦
heuh	h eː u ˧
heuj	h eː u ˥
hing	h i ŋ ˨˦
hix	h i ˦˨
ho	h o ˨˦
hocouh	h o ˧˥ ɕ o u ˧
hoengjlungz	h o ŋ ˥ l u ŋ ˧˩
hoengq	h o ŋ ˧˥
hoengz	h o ŋ ˧˩
hoenx	h o n ˦˨
hoiq	h oː i ˧˥
hoiz	h oː i ˧˩
hoj	h o ˥
hojceh	h o ˥ ɕ e ˧
hong	h oː ŋ ˨˦
hoz	h o ˧˩
hozbwz	h o ˧˩ p ɯ ˧˩
hozciz	h o ˧˩ ɕ i ˧˩
hozfeiz	h o ˧˩ f e i ˧˩
hozlanz	h o ˧˩ l aː n ˧˩
hoznamz	h o ˧˩ n aː m ˧˩
hoznanz	h o ˧˩ n aː n ˧˩
hucau	h u ˨˦ ɕ aː u ˨˦
huhhozhaudwz	h u ˧ h o ˧˩ h aː u ˨˦ t ɯ ˧˩
hung	h u ŋ ˨˦
husw	h u ˧˥ θ ɯ ˧˥
huz	h u ˧˩
huzbwz	h u ˧˩ p ɯ ˧˩
huznamz	h u ˧˩ n aː m ˧˩
huznanz	h u ˧˩ n aː n ˧˩
hwet	h ɯː t ˧˥
hwk	h ɯ k ˥
hwnj	h ɯ n ˥
hwnz	h ɯ n ˧˩
hwzlungzgyangh	h ɯ ˧˩ l u ŋ ˧˩ kʲ aː ŋ ˧
ien	ʔ iː n ˨˦
imq	ʔ i m ˧˥
iq	ʔ i ˧˥
it	ʔ i t ˥
itdingh	ʔ i t ˥ t i ŋ ˧
ityiengh	ʔ i t ˥ j iː ŋ ˧
iucij	ʔ i u ˨˦ ɕ i ˥
lab	l aː p ˧
laeg	l a k ˧
laehcei	l a i ˧ ɕ e i ˨˦
laeng	l a ŋ ˨˦
laep	l a p ˥
laeuj	l a u ˥
laeujbizciuj	l a u ˥ p i ˧˩ ɕ i u ˥
lahsaz	l a ˧ θ a ˧˩
lai	l aː i ˨˦
laizbinh	l aː i ˧˩ p i n ˧
laj	l a ˥
lajmbwn	l a ˥ ɓ ɯ n ˨˦
lan	l aː n ˨˦
langh bit roengz raemx	l aː ŋ ˧ p i t ˥ ɣ o ŋ ˧˩ ɣ a m ˦˨
lanmbwk	l aː n ˨˦ ɓ ɯ k ˥
lansai	l aː n ˨˦ θ aː i ˨˦
lanz	l aː n ˧˩
lanzcouh	l aː n ˧˩ ɕ o u ˧
laujvoh	l aː u ˥ β o ˧
lauxbaeg	l aː u ˦˨ p a k ˧
lauxbaeghoengz	l aː u ˦˨ p a k ˧ h o ŋ ˧˩
lauxsae	l aː u ˦˨ θ a i ˨˦
lauz	l aː u ˧˩
lawh	l a ɯ ˧
lawz	l a ɯ ˧˩
leixseih	l e i ˦˨ θ e i ˧
lek	l eː k ˧˥
lenzbangh	l eː n ˧˩ p aː ŋ ˧
lenzhozgoz	l eː n ˧˩ h o ˧˩ k o ˧˩
leq	l e ˧˥
lexhe	l e ˦˨ h e ˨˦
lieng	l iː ŋ ˨˦
liengz	l iː ŋ ˧˩
liengzhaiz	l iː ŋ ˧˩ h aː i ˧˩
liengzsim	l iː ŋ ˧˩ θ i m ˨˦
lienh	l iː n ˧
lienzhab	l iː n ˧˩ h aː p ˧
liggaeuq	l i k ˧ k a u ˧˥
lij	l i ˥
lijbai	l i ˥ p aː i ˧˥
lijsing	l i ˥ θ i ŋ ˧˥
lik	l i k ˥
lingq	l i ŋ ˧˥
lingz	l i ŋ ˧˩
linh	l i n ˧
linx	l i n ˦˨
linz	l i n ˧˩
linzgvei	l i n ˧˩ kʷ e i ˧˥
liujcouh	l i u ˥ ɕ o u ˧
liz	l i ˧˩
lizsij	l i ˧˩ θ i ˥
lizswh	l i ˧˩ θ ɯ ˧
lo	l o ˨˦
loeg	l o k ˧
loeghozraez	l o k ˧ h o ˧˩ ɣ a i ˧˩
loek	l o k ˥
loekraemx	l o k ˥ ɣ a m ˦˨
loengx	l o ŋ ˦˨
loh	l o ˧
loq	l o ˧˥
loqsiengj	l o ˧˥ θ iː ŋ ˥
loxlez	l o ˦˨ l e ˧˩
loz	l o ˧˩
lozcwngz	l o ˧˩ ɕ ɯ ŋ ˧˩
lozdoz	l o ˧˩ t o ˧˩
lozmajnizya	l o ˧˩ m a ˥ n i ˧˩ j a ˨˦
lueg	l uː k ˧
luengz	l uː ŋ ˧˩
lumj	l u m ˥
lumz	l u m ˧˩
lungz	l u ŋ ˧˩
lungzanh	l u ŋ ˧˩ ʔ aː n ˧
lwed	l ɯː t ˧
lwg	l ɯ k ˧
lwgbaed	l ɯ k ˧ p a t ˧
lwgbag	l ɯ k ˧ p aː k ˧
lwgbieng	l ɯ k ˧ p iː ŋ ˨˦
lwgdin	l ɯ k ˧ t i n ˨˦
lwgdumh	l ɯ k ˧ t u m ˧
lwgfwngz	l ɯ k ˧ f ɯ ŋ ˧˩
lwgfwngzcaemj	l ɯ k ˧ f ɯ ŋ ˧˩ ɕ a m ˥
lwgfwngzcod	l ɯ k ˧ f ɯ ŋ ˧˩ ɕ oː t ˧
lwgfwngzgyang	l ɯ k ˧ f ɯ ŋ ˧˩ kʲ aː ŋ ˨˦
lwgfwngzyinx	l ɯ k ˧ f ɯ ŋ ˧˩ j i n ˦˨
lwggaet	l ɯ k ˧ k a t ˥
lwggva	l ɯ k ˧ kʷ a ˨˦
lwggwz	l ɯ k ˧ k ɯ ˧˩
lwghaemz	l ɯ k ˧ h a m ˧˩
lwglan	l ɯ k ˧ l aː n ˨˦
lwgmanh	l ɯ k ˧ m aː n ˧
lwgnyez	l ɯ k ˧ ɲ e ˧˩
lwgraz	l ɯ k ˧ ɣ a ˧˩
lwgsai	l ɯ k ˧ θ aː i ˨˦
lwgsau	l ɯ k ˧ θ aː u ˨˦
lwgvuengz	l ɯ k ˧ β uː ŋ ˧˩
lwi	l ɯː i ˨˦
ma	m a ˨˦
ma dai maet caez dai	m a ˨˦ t aː i ˨˦ m a t ˥ ɕ a i ˧˩ t aː i ˨˦
mabag	m a ˨˦ p aː k ˧
madwknyaen	m a ˨˦ t ɯ k ˥ ɲ a n ˨˦
maenz	m a n ˧˩
maenzgat	m a n ˧˩ k aː t ˧˥
maet	m a t ˥
maiq	m aː i ˧˥
majlaizsihya	m a ˥ l aː i ˧˩ θ i ˧ j a ˧˥
majlingzsuz	m a ˥ l i ŋ ˧˩ θ u ˧˩
mak	m aː k ˧˥
makbingzgoj	m aː k ˧˥ p i ŋ ˧˩ k o ˥
makbinzgoj	m aː k ˧˥ p i n ˧˩ k o ˥
makbug	m aː k ˧˥ p u k ˧
makdumh	m aː k ˧˥ t u m ˧
makit	m aː k ˧˥ ʔ i t ˥
makmaenj	m aː k ˧˥ m a n ˥
makmanghgoj	m aː k ˧˥ m aː ŋ ˧ k o ˥
maknam	m aː k ˧˥ n aː m ˨˦
maknganx	m aː k ˧˥ ŋ aː n ˦˨
makningzmungx	m aː k ˧˥ n i ŋ ˧˩ m u ŋ ˦˨
makyungz	m aː k ˧˥ j u ŋ ˧˩
manaez	m a ˨˦ n a i ˧˩
mang	m aː ŋ ˨˦
manh	m aː n ˧
mauh	m aː u ˧
maux	m aː u ˦˨
mauznanzcuz	m aː u ˧˩ n aː n ˧˩ ɕ u ˧˩
max	m a ˦˨
maxgai	m a ˦˨ k aː i ˨˦
maxlaeuz	m a ˦˨ l a u ˧˩
maxlangzgangz	m a ˦˨ l aː ŋ ˧˩ k aː ŋ ˧˩
maxloeg	m a ˦˨ l o k ˧
maz	m a ˧˩
mazcoz	m a ˧˩ ɕ o ˧˩
mbaengq	ɓ a ŋ ˧˥
mbaeq	ɓ a i ˧˥
mbaeu	ɓ a u ˨˦
mbaj	ɓ a ˥
mbang	ɓ aː ŋ ˨˦
mbanj	ɓ aː n ˥
mbaq	ɓ a ˧˥
mbaw	ɓ a ɯ ˨˦
mbei	ɓ e i ˨˦
mbin	ɓ i n ˨˦
mbinj	ɓ i n ˥
mboengqneix	ɓ o ŋ ˧˥ n e i ˦˨
mbonq	ɓ oː n ˧˥
mboq	ɓ o ˧˥
mboqraemxraeuj	ɓ o ˧˥ ɣ a m ˦˨ ɣ a u ˥
mbouj	ɓ o u ˥
mbungqmbaj	ɓ u ŋ ˧˥ ɓ a ˥
mbwk	ɓ ɯ k ˥
mbwn	ɓ ɯ n ˨˦
mbwnnamh	ɓ ɯ n ˨˦ n aː m ˧
meh	m e ˧
mehfwngz	m e ˧ f ɯ ŋ ˧˩
mehmbwk	m e ˧ ɓ ɯ k ˥
meijgoz	m e i ˥ k o ˧˩
meiq	m e i ˧˥
menbauh	m eː n ˧˥ p aː u ˧
mengz	m eː ŋ ˧˩
menjden	m eː n ˥ t eː n ˧˥
meuz	m eː u ˧˩
mi	m i ˨˦
mienh	m iː n ˧
mienhbau	m iː n ˧ p aː u ˨˦
mimiz	m i ˧˥ m i ˧˩
minzcuj	m i n ˧˩ ɕ u ˥
minzcuz	m i n ˧˩ ɕ u ˧˩
minzgoeng	m i n ˧˩ k o ŋ ˧˥
miux	m i u ˦˨
miz	m i ˧˩
miznaj	m i ˧˩ n a ˥
mizyauq	m i ˧˩ j aː u ˧˥
moeb	m o p ˧
moed	m o t ˧
moeggva	m o k ˧ kʷ a ˨˦
moegsawz	m o k ˧ θ a ɯ ˧˩
moengj	m o ŋ ˥
mohdozceh	m o ˧ t o ˧˩ ɕ e ˧
moix	m oː i ˦˨
mok	m oː k ˧˥
mokfaenx	m oː k ˧˥ f a n ˦˨
moq	m o ˧˥
mou	m o u ˨˦
mounoh	m o u ˨˦ n o ˧
mouraq	m o u ˨˦ ɣ a ˧˥
moz	m o ˧˩
muengx	m uː ŋ ˦˨
mui	m uː i ˨˦
mulaujcuz	m u ˧˥ l aː u ˥ ɕ u ˧˩
mumh	m u m ˧
munggyahlahgoz	m u ŋ ˧˥ kʲ a ˧ l a ˧ k o ˧˩
mungzguj	m u ŋ ˧˩ k u ˥
mwngz	m ɯ ŋ ˧˩
mwngz ndei	m ɯ ŋ ˧˩ ɗ e i ˨˦
mwz	m ɯ ˧˩
myauzcuz	mʲ aː u ˧˩ ɕ u ˧˩
myonzlieng	mʲ oː n ˧˩ l iː ŋ ˨˦
na	n a ˨˦
nae	n a i ˨˦
naehang	n a i ˨˦ h aː ŋ ˨˦
naek	n a k ˥
naemj	n a m ˥
naeng	n a ŋ ˨˦
naengh	n a ŋ ˧
naenz	n a n ˧˩
naeuh	n a u ˧
naeuz	n a u ˧˩
nag	n aː k ˧
naijsoemj	n aː i ˥ θ o m ˥
naijyouz	n aː i ˥ j o u ˧˩
naiq	n aː i ˧˥
naj	n a ˥
najbyak	n a ˥ pʲ aː k ˧˥
namh	n aː m ˧
namz	n aː m ˧˩
namzging	n aː m ˧˩ k i ŋ ˨˦
namzgva	n aː m ˧˩ kʷ a ˨˦
namzningz	n aː m ˧˩ n i ŋ ˧˩
nanzcangh	n aː n ˧˩ ɕ aː ŋ ˧
nanzgingh	n aː n ˧˩ k i ŋ ˧
naz	n a ˧˩
ndaej	ɗ a i ˥
ndaej dangj vuengzdaeq sieng dangj sien	ɗ a i ˥ t aː ŋ ˥ β uː ŋ ˧˩ t a i ˧˥ θ iː ŋ ˨˦ t aː ŋ ˥ θ iː n ˨˦
ndaem	ɗ a m ˨˦
ndaeng	ɗ a ŋ ˨˦
ndaengq	ɗ a ŋ ˧˥
ndaep	ɗ a p ˥
ndaij	ɗ aː i ˥
ndang	ɗ aː ŋ ˨˦
ndat	ɗ aː t ˧˥
ndaundeiq	ɗ aː u ˨˦ ɗ e i ˧˥
ndaw	ɗ a ɯ ˨˦
ndei	ɗ e i ˨˦
ndeu	ɗ eː u ˨˦
nding	ɗ i ŋ ˨˦
ndo	ɗ o ˨˦
ndoeng	ɗ o ŋ ˨˦
ndoengfaex	ɗ o ŋ ˨˦ f a i ˦˨
ndok	ɗ oː k ˧˥
nduk	ɗ u k ˥
ndwen	ɗ ɯː n ˨˦
neimungzguj	n e i ˧˥ m u ŋ ˧˩ k u ˥
neix	n e i ˦˨
nengz	n eː ŋ ˧˩
nengzgengz	n eː ŋ ˧˩ k eː ŋ ˧˩
nengzgoemj	n eː ŋ ˧˩ k o m ˥
nengznyaen	n eː ŋ ˧˩ ɲ a n ˨˦
neq	n e ˧˥
neux	n eː u ˦˨
ngaenz	ŋ a n ˧˩
ngaenzhangz	ŋ a n ˧˩ h aː ŋ ˧˩
ngaeux	ŋ a u ˦˨
ngawz	ŋ a ɯ ˧˩
ngazcat	ŋ a ˧˩ ɕ aː t ˧˥
ngeih	ŋ e i ˧
ngeih cib	ŋ e i ˧ ɕ i p ˧
ngeihyienz	ŋ e i ˧ j iː n ˧˩
ngieg	ŋ iː k ˧
ngoenz	ŋ o n ˧˩
ngoenzbyug	ŋ o n ˧˩ pʲ u k ˧
ngoenzcog	ŋ o n ˧˩ ɕ oː k ˧
ngoenzgoeng	ŋ o n ˧˩ k o ŋ ˨˦
ngoenzhong	ŋ o n ˧˩ h oː ŋ ˨˦
ngoenzlijbai	ŋ o n ˧˩ l i ˥ p aː i ˧˥
ngoenzlwenz	ŋ o n ˧˩ l ɯː n ˧˩
ngoenzneix	ŋ o n ˧˩ n e i ˦˨
ngoenzsinghgiz	ŋ o n ˧˩ θ i ŋ ˧ k i ˧˩
ngoh	ŋ o ˧
ngozlozswh	ŋ o ˧˩ l o ˧˩ θ ɯ ˧
ngux	ŋ u ˦˨
ngux nyied co'ngux	ŋ u ˦˨ ɲ iː t ˧ ɕ o ˨˦ ŋ u ˦˨
ngwnz	ŋ ɯ n ˧˩
ngwz	ŋ ɯ ˧˩
ngwzdoeg	ŋ ɯ ˧˩ t o k ˧
nienz	n iː n ˧˩
nij	n i ˥
ningq	n i ŋ ˧˥
ningz	n i ŋ ˧˩
ningzya	n i ŋ ˧˩ j a ˧˥
ninz	n i n ˧˩
noh	n o ˧
noix	n oː i ˦˨
nou	n o u ˨˦
noucoengz	n o u ˨˦ ɕ o ŋ ˧˩
nuem	n uː m ˨˦
nuengx	n uː ŋ ˦˨
nungzminz	n u ŋ ˧˩ m i n ˧˩
nwx	n ɯ ˦˥˧
nyaeb maet haeuj ndang	ɲ a p ˧ m a t ˥ h a u ˥ ɗ aː ŋ ˨˦
nyaen	ɲ a n ˨˦
nyaengq	ɲ a ŋ ˧˥
nyaenmeuz	ɲ a n ˨˦ m eː u ˧˩
nyamx	ɲ aː m ˦˨
nyauh	ɲ aː u ˧
nyauj	ɲ aː u ˥
nyib	ɲ i p ˧
nyied	ɲ iː t ˧
nyieg	ɲ iː k ˧
nyouh	ɲ o u ˧
nyued	ɲ uː t ˧
nyungz	ɲ u ŋ ˧˩
nywj	ɲ ɯ ˥
oij	ʔ oː i ˥
ok	ʔ oː k ˧˥
okdaeuj	ʔ oː k ˧˥ t a u ˥
onj	ʔ oː n ˥
ouhcouh	ʔ o u ˧ ɕ o u ˧
ra	ɣ a ˨˦
raemj	ɣ a m ˥
raemx	h a m ⁴
raemx	l a m ⁴
raemx	n a m ⁴
raemx	n oː m ⁴
raemx	r a m ⁴
raemx	s a m ⁴
raemx	z a m ⁴
raemx	ɣ a m ³
raemx	ɣ a m ˦˨
raemx	ɣ a m ⁴
raemxda	ɣ a m ˦˨ t a ˨˦
raemxhom	ɣ a m ˦˨ h oː m ˨˦
raemxsaw	ɣ a m ˦˨ θ a ɯ ˨˦
raen	ɣ a n ˨˦
raeu	ɣ a u ˨˦
raeuq	ɣ a u ˧˥
raeuz	ɣ a u ˧˩
raez	ɣ a i ˧˩
rag	ɣ aː k ˧
ranz	ɣ aː n ˧˩
raq	ɣ a ˧˥
rauq	ɣ aː u ˧˥
reih	ɣ e i ˧
rengj	ɣ eː ŋ ˥
rengx	ɣ eː ŋ ˦˨
rib	ɣ i p ˧
rieng	ɣ iː ŋ ˨˦
rij	ɣ i ˥
rim	ɣ i m ˨˦
rin	ɣ i n ˨˦
riuj	ɣ i u ˥
riuj haizcauj	ɣ i u ˥ h aː i ˧˩ ɕ aː u ˥
riunyumj	ɣ i u ˨˦ ɲ u m ˥
roeg	ɣ o k ˧
roegam	ɣ o k ˧ ʔ aː m ˨˦
roegbeghag	ɣ o k ˧ p eː k ˧ h aː k ˧
roegbit	ɣ o k ˧ p i t ˥
roegcaeuq	ɣ o k ˧ ɕ a u ˧˥
roegdingfaex	ɣ o k ˧ t i ŋ ˨˦ f a i ˦˨
roegdoxgap	ɣ o k ˧ t o ˦˨ k aː p ˧˥
roegenq	ɣ o k ˧ ʔ eː n ˧˥
roegfek	ɣ o k ˧ f eː k ˧˥
roegga	ɣ o k ˧ k a ˨˦
roeggacak	ɣ o k ˧ k a ˨˦ ɕ aː k ˧˥
roeggae	ɣ o k ˧ k a i ˨˦
roeggeuq	ɣ o k ˧ k eː u ˧˥
roeggumj	ɣ o k ˧ k u m ˥
roeggungjcoz	ɣ o k ˧ k u ŋ ˥ ɕ o ˧˩
roeggyaeujmeuz	ɣ o k ˧ kʲ a u ˥ m eː u ˧˩
roeghenj	ɣ o k ˧ h eː n ˥
roeglaej	ɣ o k ˧ l a i ˥
roegraeu	ɣ o k ˧ ɣ a u ˨˦
roegyaemyieng	ɣ o k ˧ j a m ˨˦ j iː ŋ ˨˦
roegyengj	ɣ o k ˧ j eː ŋ ˥
roek	ɣ o k ˥
roen	ɣ o n ˨˦
roengq	ɣ o ŋ ˧˥
roet	ɣ o t ˥
romh	ɣ oː m ˧
rongh	ɣ oː ŋ ˧
ronghndwen	ɣ oː ŋ ˧ ɗ ɯː n ˨˦
ronghrib	ɣ oː ŋ ˧ ɣ i p ˧
rongz	ɣ oː ŋ ˧˩
rongzgyau	ɣ oː ŋ ˧˩ kʲ aː u ˨˦
rox	ɣ o ˦˨
rueg	ɣ uː k ˧
ruenz	ɣ uː n ˧˩
rumz	ɣ u m ˧˩
rumzhwx	ɣ u m ˧˩ h ɯ ˦˨
ruz	ɣ u ˧˩
rwed	ɣ ɯː t ˧
rwet	ɣ ɯː t ˧˥
rwi	ɣ ɯː i ˨˦
rwz	ɣ ɯ ˧˩
sa	θ a ˨˦
sae	θ a i ˨˦
saeceij	θ a i ˨˦ ɕ e i ˥
saedyienh	θ a t ˧ j iː n ˧
saek	θ a k ˥
saen	θ a n ˨˦
saen saelanz	θ a n ˨˦ θ a i ˨˦ l aː n ˧˩
saenz	θ a n ˧˩
saeq	θ a i ˧˥
saeu	θ a u ˨˦
sai	θ aː i ˨˦
saidoengz	θ aː i ˨˦ t o ŋ ˧˩
sam	θ aː m ˨˦
san	θ aː n ˨˦
sang	θ aː ŋ ˨˦
sanghaij	θ aː ŋ ˧˥ h aː i ˥
sanhdungh	θ aː n ˧ t u ŋ ˧
sanhsih	θ aː n ˧ θ i ˧
sanjsih	θ aː n ˥ θ i ˧
sap	θ aː p ˧˥
sau	θ aː u ˨˦
saw	θ a ɯ ˨˦
sawcuengh	θ a ɯ ˨˦ ɕ uː ŋ ˧
sawgun	θ a ɯ ˨˦ k u n ˨˦
sawloih	θ a ɯ ˨˦ l oː i ˧
sawndip	θ a ɯ ˨˦ ɗ i p ˥
sei	θ e i ˨˦
seiq	θ e i ˧˥
seiqgyaiq	θ e i ˧˥ kʲ aː i ˧˥
seng	θ eː ŋ ˨˦
sengj	θ eː ŋ ˥
sevei	θ e ˧˥ β e i ˧˥
seveicujyi	θ e ˧˥ β e i ˧˥ ɕ u ˥ j i ˧˥
si	θ i ˧˥
sien	θ iː n ˨˦
siengj	θ iː ŋ ˥
siet	θ iː t ˧˥
sih	θ i ˧
sih'anh	θ i ˧ ʔ aː n ˧
sihbanhyaz	θ i ˧ p aː n ˧ j a ˧˩
sihcang	θ i ˧ ɕ aː ŋ ˧˥
sihgvah	θ i ˧ kʷ a ˧
sihningz	θ i ˧ n i ŋ ˧˩
sik	θ i k ˥
sim	θ i m ˨˦
simhai	θ i m ˨˦ h aː i ˨˦
singhgiz	θ i ŋ ˧ k i ˧˩
singhgizhaj	θ i ŋ ˧ k i ˧˩ h a ˥
singhgizit	θ i ŋ ˧ k i ˧˩ ʔ i t ˥
singhgizngeih	θ i ŋ ˧ k i ˧˩ ŋ e i ˧
singhgizroek	θ i ŋ ˧ k i ˧˩ ɣ o k ˥
singhgizsam	θ i ŋ ˧ k i ˧˩ θ aː m ˨˦
singhgizseiq	θ i ŋ ˧ k i ˧˩ θ e i ˧˥
singqmingz	θ i ŋ ˧˥ m i ŋ ˧˩
singz	θ i ŋ ˧˩
sinhgyahboh	θ i n ˧ kʲ a ˧ p o ˧
sinhgyangh	θ i n ˧ kʲ aː ŋ ˧
sinhsihlanz	θ i n ˧ θ i ˧ l aː n ˧˩
sinhvwnz	θ i n ˧ β ɯ n ˧˩
sinjyangz	θ i n ˥ j aː ŋ ˧˩
sinq	θ i n ˧˥
siujyoz	θ i u ˥ j o ˧˩
sizgyahcangh	θ i ˧˩ kʲ a ˧ ɕ aː ŋ ˧
soemj	θ o m ˥
soh	θ o ˧
sojmiz	θ o ˥ m i ˧˩
sok	θ oː k ˧˥
son	θ oː n ˨˦
song	θ oː ŋ ˨˦
sou	θ o u ˨˦
soujduh	θ o u ˥ t u ˧
soujgih	θ o u ˥ k i ˧
suen	θ uː n ˨˦
suenq	θ uː n ˧˥
suijcuz	θ uː i ˥ ɕ u ˧˩
suiz	θ uː i ˧˩
suj	θ u ˥
suliu	θ u ˧˥ l i u ˧˥
suyoz	θ u ˧˥ j o ˧˩
sw	θ ɯ ˨˦
swcicouh	θ ɯ ˧˥ ɕ i ˧˥ ɕ o u ˧
swcigih	θ ɯ ˧˥ ɕ i ˧˥ k i ˧
swconh	θ ɯ ˧˥ ɕ oː n ˧
swhyienz	θ ɯ ˧ j iː n ˧˩
swix	θ ɯː i ˦˨
swiz	θ ɯː i ˧˩
swnggingh	θ ɯ ŋ ˧˥ k i ŋ ˧
swnghvuz	θ ɯ ŋ ˧ β u ˧˩
swngj	θ ɯ ŋ ˥
swt	θ ɯ t ˥
swyouz	θ ɯ ˧˥ j o u ˧˩
swyouzcujyi	θ ɯ ˧˥ j o u ˧˩ ɕ u ˥ j i ˧˥
swz	θ ɯ ˧˩
swzdenj	θ ɯ ˧˩ t eː n ˥
uk	ʔ u k ˥
uq	ʔ u ˧˥
va	β a ˨˦
vah	β a ˧
vahcuengh	β a ˧ ɕ uː ŋ ˧
vahdoj	β a ˧ t o ˥
vahgun	β a ˧ k u n ˨˦
vahmbanj	β a ˧ ɓ aː n ˥
vaihfaij	β aː i ˧ f aː i ˥
vaiz	β aː i ˧˩
vamaedlaeh	β a ˨˦ m a t ˧ l a i ˧
vangz	β aː ŋ ˧˩
vangzgoz	β aː ŋ ˧˩ k o ˧˩
vax	β a ˦˨
vayoz	β a ˨˦ j o ˧˩
veijyenzvei	β e i ˥ j eː n ˧˩ β e i ˧˥
veisingh	β e i ˨˦ θ i ŋ ˧
veiz	β e i ˧˩
veizcuz	β e i ˧˩ ɕ u ˧˩
vih	β i ˧
viz	β i ˧˩
vuengz	β uː ŋ ˧˩
vuengzdaeq	β uː ŋ ˧˩ t a i ˧˥
vuenyungz	β uː n ˨˦ j u ŋ ˧˩
vuhlujmuzciz	β u ˧ l u ˥ m u ˧˩ ɕ i ˧˩
vuj	β u ˥
vujhan	β u ˥ h aː n ˨˦
vujmingz	β u ˥ m i ŋ ˧˩
vumzvauz	β u m ˧˩ β aː u ˧˩
vunqdiz	β u n ˧˥ t i ˧˩
vunz	β u n ˧˩
vunzguhnaz	β u n ˧˩ k u ˧ n a ˧˩
vunzsoq	β u n ˧˩ θ o ˧˥
vuz	β u ˧˩
vuzcouh	β u ˧˩ ɕ o u ˧
vuzcwngfujcujyi	β u ˧˩ ɕ ɯ ŋ ˧˥ f u ˥ ɕ u ˥ j i ˧˥
vwnhgohvaz	β ɯ n ˧ k o ˧ β a ˧˩
vwnzva	β ɯ n ˧˩ β a ˧˥
vwnzyoz	β ɯ n ˧˩ j o ˧˩
w	ʔ ɯ ˨˦
wngdang	ʔ ɯ ŋ ˨˦ t aː ŋ ˨˦
wyangjvadan	ʔ ɯ ˧˥ j aː ŋ ˥ β a ˧˥ t aː n ˧˥
yacouh	j a ˧˥ ɕ o u ˧
yaekseiz	j a k ˥ θ e i ˧˩
yaem	j a m ˨˦
yaeuh	j a u ˧
yaeuj	j a u ˥
yah	j a ˧
yahmaiq	j a ˧ m aː i ˧˥
yameijnizya	j a ˨˦ m e i ˥ n i ˧˩ j a ˨˦
yanghgangj	j aː ŋ ˧ k aː ŋ ˥
yangj	j aː ŋ ˥
yangz	j aː ŋ ˧˩
yangzcoeng	j aː ŋ ˧˩ ɕ o ŋ ˨˦
yauzcuz	j aː u ˧˩ ɕ u ˧˩
yawj	j a ɯ ˥
yehsuh	j e ˧ θ u ˧
yehsuh gihduz	j e ˧ θ u ˧ k i ˧ t u ˧˩
yen	j eː n ˧˥
yenfaz	j eː n ˧˥ f a ˧˩
yeznanz	j e ˧˩ n aː n ˧˩
yidali	j i ˧˥ t a ˧˥ l i ˧˥
yieb	j iː p ˧
yiebdaeuz	j iː p ˧ t a u ˧˩
yiemzsih	j iː m ˧˩ θ i ˧
yiengh	j iː ŋ ˧
yiengz	j iː ŋ ˧˩
yienhsiengq	j iː n ˧ θ iː ŋ ˧˥
yienz	j iː n ˧˩
yihlahgwz	j i ˧ l a ˧ k ɯ ˧˩
yihlangj	j i ˧ l aː ŋ ˥
yihswhlanzgyau	j i ˧ θ ɯ ˧ l aː n ˧˩ kʲ aː u ˧˥
yihswngh	j i ˧ θ ɯ ŋ ˧
yihyen	j i ˧ j eː n ˧˥
yijfaz	j i ˥ f a ˧˩
yijmauzgiuz	j i ˥ m aː u ˧˩ k i u ˧˩
yijvwnz	j i ˥ β ɯ n ˧˩
yijyenz	j i ˥ j eː n ˧˩
yijyenzyoz	j i ˥ j eː n ˧˩ j o ˧˩
yilinz	j i ˧˥ l i n ˧˩
yindu	j i n ˧˥ t u ˧˥
yinghgoz	j i ŋ ˧ k o ˧˩
yinhyoz	j i n ˧ j o ˧˩
yinz	j i n ˧˩
yinzconh	j i n ˧˩ ɕ oː n ˧
yinzgouj	j i n ˧˩ k o u ˥
yinzhangz	j i n ˧˩ h aː ŋ ˧˩
yinzminz	j i n ˧˩ m i n ˧˩
yinzminzbi	j i n ˧˩ m i n ˧˩ p i ˧˥
yinznanz	j i n ˧˩ n aː n ˧˩
yiuh	j i u ˧
yiuhrumz	j i u ˧ ɣ u m ˧˩
yizbwnj	j i ˧˩ p ɯ n ˥
yizcingz	j i ˧˩ ɕ i ŋ ˧˩
yizcuz	j i ˧˩ ɕ u ˧˩
yizmyauz	j i ˧˩ mʲ aː u ˧˩
youq	j o u ˧˥
youx	j o u ˦˨
youz	j o u ˧˩
yozvei	j o ˧˩ β e i ˧˥
yozyau	j o ˧˩ j aː u ˧˥
yungh	j u ŋ ˧
yunghyazli	j u ŋ ˧ j a ˧˩ l i ˨˦
yw	j ɯ ˨˦
ywgikrengz	j ɯ ˨˦ k i k ˥ ɣ eː ŋ ˧˩
ywraemx	j ɯ ˨˦ ɣ a m ˦˨
