abantu	a ɓ áː n t u
amabele	a m á ɓ eː l é
amabele	á m a ɓ éː l e
amabhanqa	á m a b áːᵑ ǃ a
amafutha	á m a f ûː tʰ a
amagcino	a m áᶢ ǀʱ iː n o
amahlebezi	a m á ɬ e ɓ eː z í
amahloni	á m a ɬ ôː n i
amakha	á m aː kʰ á
amakhaza	á m a kʰ âː z a
amakhosi	á m áꜜ kʰ óː s í
amakhwezikhwezi	á m a kʰ w e z i kʰ w êː z i
amala	a m áː l a
amandla	a m áː n ɮ a
amanga	a m áː n ɡ a
amanqamu	a m áᵑ ǃ aː m ú
amanyala	a m á ɲ aː l á
amanzi	á m áː n z i
amatata	a m á t aː t á
amathe	á m aː tʰ é
ayina	ʔ a j iː n a
bana	ɓ áː n a
bayede	ɓ a j éː d e
be	ɓ e
bona	ɓ oː n á
botswana	ɓ ôː t͡sʼʷ aː n a
buhlungu	ɓ u ɬ ûː n ɡ u
c	ǀ
cha	ǀʰ á
cishe	ǀ íː ʃ e
cwala	ǀ w aː l a
cwecwa	ǀ w eː ǀ w a
cwila	ǀ w iː l a
cwilisa	ǀ w i l iː s a
dabuka	d a ɓ uː ɠ a
dana	d aː n a
dla	ɮ a
dladla	ɮʱ aː ɮ a
dlala	ɮʱ aː l a
dlamini	ɮʱ a m iː n i
dlwengula	ɮ w e n ɡ uː l a
duma	d úː m a
dwa	d w a
ebula	e ɓ uː l a
ebuza	e ɓ uː z a
eluka	e l uː ɠ a
engeza	e n ɡ eː z a
ethwasa	e tʰ w aː s a
fa	f á
funa	f ûː n a
futhi	f uː tʰ i
futhi	f úː tʰ i
fuya	f úː j a
gaya	ɡ aː j a
gcoba	ᶢǀʱ ôː ɓ a
gcwalisa	ᶢǀʱ w a l íː s a
gqagqa	ᶢǃʱ áːᶢ ǃʱ a
gqagqaza	ᶢǃʱ aᶢ ǃʱ áː z a
gqaja	ᶢǃʱ aː d ʒ a
gqama	ᶢǃʱ aː m a
gqamuka	ᶢǃʱ a m úː ɠ a
gqekeza	ᶢǃʱ e ɠ eː z a
gqola	ᶢǃʱ oː l a
gqula	ᶢǃʱ uː l a
gqwala	ᶢǃʱ w aː l a
gwansa	ɡ w aː n s a
gwavuma	ɡ w a v uː m a
gwaza	ɡ w áː z a
gwedla	ɡ w eː ɮ a
gwema	ɡ w éː m a
gwinqa	ɡ w iːᵑ ǃ a
gwinya	ɡ w iː ɲ a
gxeka	ᶢǁʱ eː ɠ a
gxila	ᶢǁʱ iː l a
hamba kahle	h á m b a ɠ aː ɬ é
hambani kahle	h a m b á n i ɠ aː ɬ é
hawu	h ǎː w u
hlafuna	ɬ a f uː n a
hleka	ɬ eː ɠ a
hleze	ɬ éː z e
hlikihla	ɬ i ɠ iː ɬ a
hlobonga	ɬ o ɓ oː n ɡ a
hlonipha	ɬ o n íː pʰ a
ibala	îː ɓ âː l a
ibandla	í ɓ âː n ɮ a
ibele	îː ɓ éː l e
ibhaka	íː b aː ɠ á
ibhakede	iː b a ɠ êː d e
ibhala	îː b áː l a
ibhanoyi	îː b a n óː j i
ibhantshi	îː b áː ɲ t ʃ i
ibhasi	îː b áː s i
ibhayibheli	îː b a j í b eː l i
ibhayisikili	îː b a j i s í k iː l i
ibhayisikobho	îː b a j í s i k óː b o
ibhaza	îː b a z âː
ibhentshi	îː b éː ɲ t ʃ i
ibhimbi	îː b îː m b i
ibhodi	îː b ôː d i
ibhodlela	iː b ó ɮ eː l a
ibhodlo	íː b oː ɮ o
ibhodwe	íː b oː d w é
ibhokisi	iː b o ɠ îː s i
ibhola	îː b óː l a
ibhomu	îː b ôː m u
ibhotela	îː b o t êː l a
ibhubesi	iː b u ɓ êː s i
ibhudla	îː b ûː ɮ a
ibhuku	îː b ûː ɠ u
ibhulakufesi	îː b u l a ɠ ú f eː s i
ibhulashi	îː b u l áː ʃ i
ibhuleki	îː b u l éː ɠ i
ibhulukwe	îː b u l úː ɠ w e
ibhungane	îː b u n ɡ âː n e
ibhunu	îː b ûː n u
ibizo	îː ɓ îː z o
ibomvu	íː ɓ oː m v ú
ibululu	îː ɓ ú l uː l ú
ibumba	îː ɓ ûː m b a
ibunzi	îː ɓ úː n z i
icala	íː ǀ aː l á
icala	íː ǀ âː l a
icebo	îː ǀ éː ɓ o
icele	íː ǀ eː l é
ichibi	íː ǀʰ iː ɓ í
ichopho	íː ǀʰ oː pʰ o
ichwane	îː ǀʰ w áː n e
icici	îː ǀ íː ǀ i
icilongo	îː ǀ i l óː n ɡ o
icukazi	îː ǀ ú ɠ aː z i
iculo	íː ǀ uː l o
idada	íː d aː d a
idesiki	iː d e s îː ɠ i
idikazi	iː d i ɠ âː z i
idimoni	iː d i m ôː n i
idlaka	íː ɮ aː ɠ á
idlozi	íː ɮ oː z i
idolo	íː d oː l o
idolobha	iː d o l ôː b a
idube	îː d úː ɓ e
iduku	îː d ûː ɠ u
idwala	íː d w aː l á
idweshu	îː d w éː ʃ u
ifa	îː f á
ifilimu	iː f í l iː m u
ifleyistata	i f l e j i s t aː t a
ifosholo	iː f ó ʃ oː l o
ifotho	îː f óː tʰ o
ifu	íː f u
ifulentshi	îː f u l éː ɲ t ʃ i
igagasi	iː ɡ á ɡ aː s i
igalaji	iː ɡ a l âː d ʒ i
igalofu	iː ɡ a l ôː f u
igama	îː ɡ âː m a
iganu	íː ɡ aː n ú
igazi	íː ɡ aː z í
igceke	íːᶢ ǀʱ eː ɠ e
igciwane	íːᶢ ǀʱ i w áː n e
igcukumuva	íːᶢ ǀʱ u ɠ u m uː v á
igedlela	iː ɡ é ɮ eː l a
igeja	íː ɡ eː d ʒ a
igeza	íː ɡ eː z a
igilavu	îː ɡ i l âː v u
igilebhisi	îː ɡ i l é b iː s i
igobongo	îː ɡ o ɓ óː n ɡ o
igola	îː ɡ óː l a
igoli	îː ɡ óː l i
igolide	îː ɡ o l íː d e
igoqo	îː ɡ óː ǃ o
igqubu	íːᶢ ǃʱ uː ɓ ú
igquma	îːᶢ ǃʱ ûː m a
igqwetha	íːᶢ ǃʱ w eː tʰ á
igugu	íː ɡ uː ɡ u
igula	îː ɡ úː l a
igumbi	îː ɡ úː m b i
igundane	iː ɡ ú n d aː n e
igundwane	iː ɡ ú n d w aː n e
igwababa	îː ɡ w a ɓ áː ɓ a
igwala	íː ɡ w aː l á
igwebu	íː ɡ w eː ɓ u
igwenya	îː ɡ w êː ɲ a
igwinya	íː ɡ w iː ɲ á
igxolo	îːᶢ ǁʱ ôː l o
ihansi	îː h áː n s i
ihawa	îː h áː w a
ihembe	îː h éː m b e
ihhala	îː ɦ áː l a
ihhashi	îː ɦ áː ʃ i
ihhofu	îː ɦ óː f u
ihhoko	íː ɦ oː ɠ o
ihholo	îː ɦ óː l o
ihhotela	îː ɦ o t éː l a
ihhovisi	iː ɦ ó v iː s i
ihlahla	íː ɬ aː ɬ a
ihlakani	îː ɬ a ɠ âː n i
ihlathi	îː ɬ âː tʰ i
ihlaya	íː ɬ aː j á
ihlelo	íː ɬ eː l o
ihlezi	íː ɬ eː z i
ihlo	îː ɬ o
ihlobo	íː ɬ oː ɓ o
ihlombe	îː ɬ ôː m b e
ihlumela	îː ɬ ú m eː l á
iholide	iː h ó l iː d e
ihora	îː h óː r a
ihubo	íː h uː ɓ o
ijaji	îː d ʒ áː d ʒ i
ijazi	îː d ʒ áː z i
ijele	îː d ʒ êː l e
ijezi	íː d ʒ eː z í
ijokwe	îː d ʒ óː ɠ w e
ijongosi	iː d ʒ ó n ɡ oː s i
ijuba	íː d ʒ uː ɓ a
ijubane	îː d ʒ u ɓ âː n e
ikalikuni	íː k a l i k úː n i
ikamela	iː k á m eː l a
ikati	îː k áː t i
ikatshana	îː k á t ʃ aː n a
ikesi	îː k éː s i
ikewu	îː k éː w u
ikhabe	îː kʰ áː ɓ e
ikhabethe	iː kʰ á ɓ eː tʰ e
ikhala	íː kʰ aː l a
ikhalenda	iː kʰ á l eː n d a
ikhanda	îː kʰ âː n d a
ikhanjana	îː kʰ a ɲ d ʒ áː n a
ikhanzi	îː kʰ áː n z i
ikhaphethe	iː kʰ á pʰ eː tʰ e
ikhasi	íː kʰ aː s i
ikhasimende	îː kʰ a s i m éː n d e
ikhaya	îː kʰ âː j a
ikhefu	íː kʰ eː f u
ikhehla	íː kʰ eː ɬ á
ikheji	îː kʰ éː d ʒ i
ikhekhe	îː kʰ éː kʰ e
ikhekheba	îː kʰ e kʰ êː ɓ a
ikheli	îː kʰ éː l i
ikhemese	iː kʰ é m eː s e
ikhethini	iː kʰ é tʰ iː n i
ikhishi	íː kʰ iː ʃ i
ikholwase	îː kʰ o l w áː s e
ikhonsathi	iː kʰ ó n s aː tʰ i
ikhukhamba	îː kʰ u kʰ áː m b a
ikhukhu	íː kʰ uː kʰ u
ikhulu	îː kʰ ûː l u
ikhwapha	íː kʰ w aː pʰ á
ikhweza	îː kʰ w éː z a
ikhwezi	îː kʰ w êː z i
ikhwilithi	iː kʰ w í l iː tʰ i
ikilasi	îː k i l áː s i
ikilogo	îː k i l óː ɡ o
iklabishi	iː k x á ɓ iː ʃ i
iklwa	îː k x w á
ilahle	îː l âː ɬ e
ilanga	íː l aː n ɡ a
ilantshi	îː l áː ɲ t ʃ i
ilayisense	iː l a j í s eː n s e
ilayisi	iː l á j iː s i
ilembe	íː l eː m b é
ilisho	íː l iː ʃ ó
ilobolo	îː l o ɓ óː l o
ilokhuzane	i l o kʰ u z aː n e
ilokwe	îː l óː ɠ w e
iloli	íː l oː l í
ilulwane	îː l u l w âː n e
ilungelo	iː l ú n ɡ eː l o
imadlana	í m a ɮ áː n a
imali	í m aː l í
imamba	í m âː m b a
imayela	iː m á j eː l a
imbabala	í m b a ɓ aː l á
imbala	í m b âː l a
imbali	í m b aː l i
imbambe	í m b aː m b e
imbasa	í m b aː s a
imbazo	í m b aː z o
imbenge	í m b éː n ɡ e
imbewu	í m b êː w u
imbila	í m b iː l a
imbiza	í m b iː z á
imbizo	í m b íː z o
imbodla	í m b oː ɮ á
imbongi	í m b oː n ɡ i
imbongolo	i m b ó n ɡ oː l o
imboni	í m b óː n i
imbovane	í m b o v áː n e
imbube	í m b uː ɓ é
imbungulu	í m b ú n ɡ uː l ú
imbuya	í m b uː j a
imbuzana	í m b u z áː n a
imbuzane	i m b ú z aː n e
imbuzi	í m b ûː z i
imbuzikazi	í m b u z i ɠ âː z i
imelika	iː m é l iː ɠ a
imfene	í m f eː n e
imfihlo	í m f îː ɬ o
imfologo	i m f ó l oː ɡ o
imfoloko	i m f ó l oː ɠ o
imfolozi	í m f ó l oː z í
imfuluwenza	í m f u l u w éː n z a
imfundo	í m f úː n d o
imfuyo	í m f úː j o
imini	í m íː n i
iminithi	iː m í n iː tʰ i
imoto	í m óː t o
impahla	í m p aː ɬ a
impakama	í m p a ɠ áː m a
impakathi	í m p á ɠ aː tʰ í
impala	í m p aː l a
impalampala	i m p a l á m p aː l a
impambosi	í m p á m b oː s i
impande	í m p âː n d e
impangele	í m p a n ɡ êː l e
impela	íᵐ pʼ éː l a
impelesi	i m p é l eː s i
impempe	í m p éː m p e
impendulo	i m p é n d uː l o
impi	îː m p í
impilo	í m p iː l o
impisi	í m p îː s i
impofu	í m p ôː f u
impohlo	í m p oː ɬ o
impongo	í m p óː n ɡ o
impophoma	i m p ó pʰ oː m a
impoqo	í m p oː ǃ o
impuco	í m p uː ǀ o
impukane	í m p u ɠ áː n e
impumalanga	í m p u m á l aː n ɡ a
impumulo	i m p ú m uː l o
impungushe	í m p u n ɡ ûː ʃ e
impunzi	í m p ûː n z i
impuphu	í m p uː pʰ u
impusela	í m p ú s eː l á
imvama	í m v aː m á
imvamisa	í m v a m iː s á
imvana	í m v áː n a
imvelo	í m v eː l o
imvemvane	í m v e m v âː n é
imvu	îː m v ú
imvubu	í m v uː ɓ ú
imvukazi	í m v u ɠ âː z i
imvukusi	í m v u ɠ uː s í
imvula	í m v ûː l a
imvume	í m v úː m e
imvumo	í m v úː m o
inalithi	iː n á l iː tʰ i
incazo	íᵑ ǀ aː z o
inceku	íᵑ ǀ eː ɠ u
incingo	íᵑ ǀ iː n ɡ o
incombo	íᵑ ǀ oː m b ó
incuncu	íᵑ ǀ uːᵑ ǀ u
incwadi	íᵑ ǀ w aː d í
incwancwa	íᵑ ǀ w áːᵑ ǀ w a
incwincwi	íᵑ ǀ w iːᵑ ǀ w i
indaba	í n d aː ɓ a
indabushe	í n d a ɓ úː ʃ e
indandatho	i n d á n d aː tʰ o
indawo	í n d âː w o
indebe	í n d eː ɓ é
indima	í n d iː m á
indingilizi	í n d i n ɡ i l íː z i
indishi	í n d íː ʃ i
indlala	íⁿ ɮʱ aː l a
indlalifa	í n ɮ a l îː f a
indlamini	í n ɮ a m îː n i
indlamu	í n ɮ aː m ú
indlazi	í n ɮ aː z i
indle	îː n ɮ é
indlebe	í n ɮ eː ɓ é
indleko	í n ɮ êː ɠ o
indlela	í n ɮ eː l a
indlobho	í n ɮ oː b ó
indlondlo	íⁿ ɮʱ óːⁿ ɮʱ o
indlovu	íⁿ ɮʱ oː v u
indlovukazi	i n ɮ o v u ɠ âː z i
indlozi	í n ɮ ôː z i
indlu	íː n ɮ u
indlulamithi	í n ɮ u l á m iː tʰ í
indlwana	í n ɮ w aː n á
indoda	í n d oː d a
indodakazi	i n d o d a ɠ âː z i
indodana	i n d ó d aː n a
induku	í n d uː ɠ u
induna	í n d úː n a
indwandwe	í n d w âː n d w e
indwangu	í n d w aː n ɡ ú
inenevana	i n e n é v aː n a
inenevu	i n é n eː v u
ingadi	í n ɡ áː d i
ingalangala	i n ɡ a l á n ɡ aː l a
ingalo	í n ɡ aː l o
ingane	í n ɡ áː n e
inganeko	i n ɡ a n êː ɠ o
inganekwane	i n ɡ a n é ɠ w aː n e
ingcanga	íᵑ ǀʱ aː n ɡ a
ingcebo	íᵑ ǀʱ eː ɓ o
ingcosa	íᵑ ǀʱ oː s a
ingcwaba	îːᵑ ǀʱ w âː ɓ a
ingcwali	íᵑ ǀʱ w aː l i
ingcweti	íᵑ ǀʱ w eː t í
ingebe	í n ɡ êː ɓ e
ingede	í n ɡ éː d e
ingisi	îː n ɡ íː s i
ingobe	îː n ɡ óː ɓ e
ingoma	í n ɡ oː m a
ingonyama	i n ɡ o ɲ âː m a
ingoqokazi	í n ɡ o ǃ ó ɠ âː z i
ingozi	í n ɡ oː z i
ingqalasizinda	iᵑ ǃʱ a l a s i z iː n d a
ingqofa	íᵑ ǃʱ oː f a
ingqomfi	íᵑ ǃʱ oː m f í
ingqondo	íᵑ ǃʱ oː n d o
ingqumbi	íᵑ ǃʱ uː m b i
ingqunge	íᵑ ǃʱ úː n ɡ e
ingquza	íᵑ ǃʱ uː z a
ingubo	í n ɡ uː ɓ o
ingulube	i n ɡ u l ûː ɓ e
ingulule	í n ɡ u l uː l é
ingungumbane	i n ɡ u n ɡ ú m b aː n e
ingwane	í n ɡ w aː n e
ingwe	íː n ɡ w e
ingwedli	í n ɡ w eː ɮ i
ingwenya	í n ɡ w eː ɲ a
ingwenya	íᵑ ɡʷ eː ɲ a
ingxabano	íᵑ ǁʱ a ɓ áː n o
ingxenye	íᵑ ǁʱ éː ɲ e
ingxi	íːᵑ ǁʱ i
ingxobongo	íᵑ ǁʱ o ɓ óː n ɡ o
ingxotha	íᵑ ǁʱ oː tʰ a
ingxoxo	íᵑ ǁʱ oː ǁ o
ingxubano	iᵑ ǁʱ u ɓ âː n o
ingxubevange	íᵑ ǁʱ u ɓ é v aː n ɡ é
inhlaba	í n ɬ âː ɓ a
inhlabathi	í n ɬ a ɓ âː tʰ i
inhlahla	í n ɬ aː ɬ a
inhlaka	í n ɬ aː ɠ á
inhlakanipho	i n ɬ a ɠ á n iː pʰ o
inhlalakahle	í n ɬ a l a ɠ aː ɬ é
inhlalo	í n ɬ aː l o
inhlamvu	í n ɬ âː m v u
inhlamvukazi	í n ɬ a m v u ɠ âː z i
inhlangano	i n ɬ á n ɡ aː n o
inhlanhla	í n ɬ aː n ɬ a
inhlansi	í n ɬ áː n s i
inhlanzi	í n ɬ aː n z i
inhlaziyo	í n ɬ a z íː j o
inhlekisa	i n ɬ é ɠ iː s a
inhlelo	í n ɬ eː l o
inhliziyo	í n ɬ i z íː j o
inhlobo	í n ɬ oː ɓ o
inhloko	í n ɬ óː ɠ o
inhloli	í n ɬ ôː l i
inhloso	í n ɬ óː s o
inhlwathi	í n ɬ w aː tʰ i
iningi	îː n îː n ɡ i
iningizimu	í n i n ɡ í z îː m u
inja	îː ɲ d ʒ á
injemane	í ɲ d ʒ e m aː n é
injingwenikazi	i ɲ d ʒ i n ɡ w e n í ɠ aː z i
injobo	í ɲ d ʒ ôː ɓ o
injolikazi	í ɲ d ʒ o l í ɠ aː z i
injongo	í ɲ d ʒ óː n ɡ o
injula	í ɲ d ʒ uː l a
inkabi	í n k âː ɓ i
inkala	í n k aː l a
inkambo	í n k áː m b o
inkampane	i n k á m p aː n e
inkanyezi	í n k a ɲ éː z i
inkathazo	í n k a tʰ áː z o
inkathi	í n k aː tʰ í
inkawu	í n k âː w u
inkehlo	í n k eː ɬ o
inkinga	í n k íː n ɡ a
inkohlisa	i n k ó ɬ iː s a
inkomba	í n k óː m b a
inkomo	í n k oː m ó
inkontileka	i n k o n t i l eː ɠ a
inkosana	í n k o s âː n a
inkosazana	í n k o s á z aː n a
inkosi	í n k ôː s i
inkosikazi	í n k o s í ɠ aː z i
inkotha	í n k óː tʰ a
inkuba	í n k úː ɓ a
inkukhu	í n k úː kʰ u
inkululeko	í n k u l ú l eː ɠ o
inkulungwane	í n k u l ú n ɡ w aː n é
inkumbulo	í n k u m b úː l o
inkundla	í n k ûː n ɮ a
inkungu	í n k uː n ɡ ú
inkunzana	í n k u n z áː n a
inkunzi	í n k ûː n z i
inkwali	í n k w aː l í
inkwashu	iᵑ kʷ aː ʃ u
inkwazi	í n k w âː z í
inkwindi	í n k w íː n d i
inqaba	íᵑ ǃ âː ɓ a
inqama	íᵑ ǃ aː m a
inqe	îːᵑ ǃ é
inqina	íᵑ ǃ iː n a
inqindi	íᵑ ǃ iː n d i
inqola	íᵑ ǃ óː l a
inqolobana	íᵑ ǃ o l ó ɓ aː n a
inqolobane	íᵑ ǃ o l ó ɓ aː n e
inqulu	íᵑ ǃ uː l u
inqumba	íᵑ ǃ uː m b a
inqwaba	íᵑ ǃ w aː ɓ a
insangu	í n s aː n ɡ ú
insele	í n s eː l e
insephe	í n s eː pʰ é
insimba	í n s îː m b a
insimbi	í n s îː m b i
insimu	í n s îː m u
insipho	í n s iː pʰ o
insizwa	í n s íː z w a
inso	îː n s ó
insundu	í n s ûː n d u
inswelakalo	í n s w e l á ɠ aː l o
inswelo	í n s w éː l o
intaba	í n t aː ɓ a
intaka	í n t aː ɠ a
intambo	í n t aː m b o
intamo	í n t aː m o
intandane	í n t a n d âː n e
intando	í n t âː n d o
intela	í n t eː l a
intengo	í n t éː n ɡ o
intethe	í n t eː tʰ e
intini	í n t iː n í
into	îː n t ó
intombazane	í n t o m b a z âː n e
intombi	í n t oː m b í
intonga	í n t oː n ɡ a
intsha	îː ɲ t ʃ á
intshe	îː ɲ t ʃ é
intshonalanga	í ɲ t ʃ o n á l aː n ɡ a
intshontsho	íː ɲ t ʃ oː ɲ t ʃ o
intshumayelo	í ɲ t ʃ u m á j eː l o
intshushiso	i ɲ t ʃ ú ʃ iː s o
intulo	í n t úː l o
intuthane	í n t ú tʰ aː n é
intuthu	í n t uː tʰ ú
intwala	í n t w áː l a
intwasahlobo	i n t w a s á ɬ oː ɓ o
intwentshe	í n t w eː ɲ t ʃ e
inungu	í n ûː n ɡ ú
inxa	iᵑ ǁ âː
inxaso	íᵑ ǁ áː s o
inxeba	íːᵑ ǁ eː ɓ a
inxele	îːᵑ ǁ êː l e
inxokovane	íᵑ ǁ o ɠ ó v aː n e
inyakatho	i ɲ á ɠ aː tʰ o
inyala	í ɲ aː l a
inyama	í ɲ aː m a
inyamazane	i ɲ a m á z aː n e
inyanga	í ɲ aː n ɡ a
inyanga	í ɲ aː n ɡ á
inyathi	í ɲ âː tʰ i
inyendle	í ɲ eː n ɮ é
inyoka	í ɲ ôː ɠ a
inyonga	í ɲ ôː n ɡ a
inyongo	í ɲ óː n ɡ o
inyoni	í ɲ oː n i
inyosi	í ɲ ôː s i
inyumba	í ɲ uː m b a
inzima	í n z iː m a
inzondo	í n z óː n d o
inzulu	í n z uː l ú
iphahla	íː pʰ aː ɬ a
iphakathi	îː pʰ á ɠ aː tʰ í
iphalamende	íː pʰ a l a m éː n d e
iphango	íː pʰ aː n ɡ o
iphaphu	íː pʰ aː pʰ ú
iphara	iː pʰ aː r a
iphasika	îː pʰ a s íː ɠ a
iphela	íː pʰ eː l a
iphepha	íː pʰ eː pʰ a
iphiko	íː pʰ iː ɠ o
iphoyisa	îː pʰ ó j iː s á
iphupho	íː pʰ uː pʰ o
iphutha	íː pʰ uː tʰ á
iphuzu	íː pʰ uː z ú
ipipi	îː p íː p i
ipiyano	îː p i j áː n o
ipulangwe	îː p u l áː n ɡ w e
ipulazi	îː p u l áː z i
iqabi	íː ǃ aː ɓ í
iqakala	iː ǃ á ɠ aː l a
iqanda	íː ǃ aː n d á
iqaqa	íː ǃ aː ǃ á
iqatha	îː ǃ âː tʰ a
iqembu	íː ǃ eː m b ú
iqeqeba	íː ǃ e ǃ éː ɓ a
iqhawe	îː ǃʰ áː w e
iqhezu	íː ǃʰ eː z ú
iqhina	íː ǃʰ iː n a
iqhinga	íː ǃʰ iː n ɡ a
iqhude	îː ǃʰ úː d e
iqhwa	íː ǃʰ w a
iqhwabazi	iː ǃʰ w á ɓ aː z i
iqhwana	íː ǃʰ w aː n a
iqili	îː ǃ íː l i
iqiniso	îː ǃ i n îː s o
iqola	îː ǃ óː l a
iqoqo	îː ǃ ôː ǃ o
iqwahhashi	íː ǃ w a ɦ áː ʃ i
iresiphi	iː r é s iː pʰ i
irobhothi	iː r ó b oː tʰ i
isabelo	i s á ɓ eː l o
isabizwana	í s a ɓ i z w âː n a
isala	í s aː l a
isalukazi	í s a l u ɠ áː z i
isambane	i s á m b aː n e
isanda	i s áː n d a
isandiso	i s á n d iː s o
isandla	i s áː n ɮ a
isando	i s áː n d o
isandu	í s aː n d ú
isangoma	i s á n ɡ oː m a
isapha	îː s áː pʰ a
isebi	í s êː ɓ i
isele	íː s eː l e
isende	íː s eː n d e
isendwishi	iː s é n d w iː ʃ i
isenzo	i s éː n z o
ishaka	íː ʃ aː ɠ a
ishayina	îː ʃ a j íː n a
ishinga	íː ʃ iː n ɡ a
ishiya	îː ʃ îː j a
ishongololo	íː ʃ o n ɡ o l ôː l o
ishumi	îː ʃ ûː m i
ishuminyaka	îː ʃ u m i ɲ âː ɠ a
ishungu	îː ʃ úː n ɡ u
ishwa	íː ʃ w a
isi	íː s i
isibabule	i s i ɓ á ɓ uː l e
isibaya	í s i ɓ âː j a
isibhakela	í s i b a ɠ êː l a
isibhaxelo	í s i b a ǁ êː l o
isibhedlela	i s i b é ɮ eː l a
isibhokodo	i s i b o ɠ ôː d o
isibhoza	i s í b oː z a
isibhunu	í s i b ûː n u
isibi	í s iː ɓ í
isibiba	i s í ɓ iː ɓ a
isibili	i s í ɓ iː l í
isibindi	í s i ɓ îː n d i
isibingelelo	i s i ɓ i n ɡ e l êː l o
isibomvu	i s í ɓ oː m v ú
isibongo	i s í ɓ oː n ɡ o
isibungu	i s í ɓ uː n ɡ ú
isibunu	í s i ɓ úː n u
isicathulo	i s i ǀ á tʰ uː l o
isicebi	i s í ǀ eː ɓ i
isichazamazwi	i s í ǀʰ a z a m aː z w í
isicholo	i s í ǀʰ oː l ó
isichotho	i s í ǀʰ oː tʰ o
isichwe	í s iː ǀʰ w é
isici	í s iː ǀ í
isicunulo	i s i ǀ ú n uː l o
isidakwa	i s í d aː ɠ w á
isidididi	i s i d í d iː d i
isidingo	i s í d iː n ɡ ó
isidla	í s iː ɮ á
isidleke	i s í ɮ eː ɠ é
isidlele	i s í ɮ eː l e
isidlo	í s iː ɮ ó
isidlokolo	i s i ɮ o ɠ ôː l o
isidudla	í s i d úː ɮ a
isidula	í s i d úː l a
isidumbu	i s í d uː m b ú
isidwaba	i s í d w aː ɓ a
isidwebo	í s i d w éː ɓ o
isifazane	í s i f a z áː n e
isifingqo	i s í f iːᵑ ǃʱ o
isifo	í s iː f ó
isifuba	í s i f ûː ɓ a
isifulentshi	í s i f u l éː ɲ t ʃ i
isifunda	í s i f ûː n d a
isifundo	í s i f úː n d o
isiga	í s iː ɡ á
isigcawu	i s íᶢ ǀʱ aː w ú
isigcibisholo	i s iᶢ ǀʱ i ɓ í ʃ oː l o
isigcino	i s íᶢ ǀʱ iː n o
isigebengu	i s í ɡ e ɓ éː n ɡ u
isigedla	i s í ɡ eː ɮ a
isigedlekazi	i s i ɡ e ɮ e ɠ âː z i
isigege	i s í ɡ eː ɡ e
isigidi	i s í ɡ iː d i
isigidigidi	i s i ɡ i d í ɡ iː d i
isigigaba	i s i ɡ í ɡ aː ɓ a
isigingci	í s i ɡ íːᵑ ǀʱ i
isigodi	i s í ɡ oː d í
isigqi	i s íːᶢ ǃʱ i
isigqiki	i s íᶢ ǃʱ iː ɠ í
isigqila	i s íᶢ ǃʱ iː l á
isigqizo	i s íᶢ ǃʱ iː z o
isigqoko	i s íᶢ ǃʱ oː ɠ o
isigubhu	í s i ɡ úː b u
isigwaca	i s í ɡ w aː ǀ a
isigwadlulo	i s i ɡ w á ɮ uː l o
isigwayi	i s í ɡ w aː j í
isigwedlo	i s í ɡ w eː ɮ o
isigwegwe	í s i ɡ w éː ɡ w e
isigxobo	i s íᶢ ǁʱ oː ɓ o
isihla	í s iː ɬ á
isihlabathi	í s i ɬ a ɓ âː tʰ i
isihlahla	i s í ɬ aː ɬ a
isihlakaniphi	i s i ɬ a ɠ á n iː pʰ i
isihlalo	i s í ɬ aː l o
isihlangu	i s í ɬ aː n ɡ ú
isihlanu	í s i ɬ áː n u
isihlathi	í s i ɬ âː tʰ i
isihlelo	i s í ɬ eː l o
isihlephu	i s í ɬ eː pʰ ú
isihlobo	i s í ɬ oː ɓ o
isihloko	í s i ɬ ôː ɠ o
isihlungu	í s i ɬ ûː n ɡ u
isijingi	i s í d ʒ iː n ɡ í
isijula	i s í d ʒ uː l a
isikebhe	í s i k éː b e
isikhala	i s í kʰ aː l a
isikhali	í s i kʰ áː l i
isikhashana	i s í kʰ a ʃ áː n a
isikhathi	i s í kʰ aː tʰ í
isikhindi	í s i kʰ íː n d i
isikhombisa	i s í kʰ o m b íː s a
isikhotha	i s í kʰ oː tʰ á
isikhulu	í s i kʰ ûː l u
isikhumba	i s í kʰ uː m b a
isikhumbuzo	í s i kʰ u m b úː z o
isikhundla	í s i kʰ ûː n ɮ a
isikhuphashe	i s i kʰ ú pʰ aː ʃ e
isikhwama	í s i kʰ w áː m a
isikhwehlela	í s i kʰ w é ɬ eː l á
isikhwenene	i s i kʰ w e n êː n e
isikhwili	i s í kʰ w iː l í
isiko	îː s íː ɠ o
isikole	í s i k óː l e
isikweleti	i s i k w é l eː t i
isikweletu	i s i k w é l eː t u
isikwenetu	i s i k w é n eː t u
isileti	i s í l eː t i
isilevu	i s í l eː v u
isilima	í s i l îː m a
isilisa	í s i l íː s a
isiliva	îː s i l íː v a
isilo	i s íː l o
isilonda	i s í l oː n d a
isilungu	i s í l uː n ɡ u
isilwane	i s í l w aː n e
isilwi	i s íː l w i
isimame	i s í mʱ aː mʱ é
isimangaliso	i s i m a n ɡ a l îː s o
isimba	íː s iː m b á
isimemo	í s i m êː m o
isimo	í s iː m ó
isinci	i s íːᵑ ǀ i
isinciphiso	í s iᵑ ǀ i pʰ íː s o
isine	i s íː n e
isingane	i s í n ɡ aː n e
isingci	i s íːᵑ ǀʱ i
isingisi	í s i n ɡ íː s i
isinguni	i s í n ɡ uː n í
isinkwa	i s íː n k w a
isinkwe	í s iː n k w é
isinqe	í s iːᵑ ǃ é
isinqumo	í s iᵑ ǃ úː m o
isintu	i s íː n t u
isinxele	í s iᵑ ǁ êː l e
isinye	í s iː ɲ é
isinzima	i s í n z iː m a
isiphambano	i s í pʰ a m b áː n o
isiphapha	i s í pʰ aː pʰ a
isiphawulo	i s i pʰ á w uː l o
isiphethe	i s í pʰ eː tʰ e
isiphetho	i s í pʰ eː tʰ o
isiphika	i s í pʰ iː ɠ a
isipho	í s iː pʰ ó
isiphukuphuku	i s i pʰ u ɠ ú pʰ uː ɠ u
isiphundu	i s í pʰ uː n d u
isiphuzi	í s i pʰ úː z i
isipinashi	i s i p í n aː ʃ i
isipunu	í s i p úː n u
isiqalo	í s i ǃ âː l o
isiqephu	i s í ǃ eː pʰ ú
isiqhaza	i s í ǃʰ aː z a
isiqhebeza	i s i ǃʰ é ɓ eː z a
isiqhephu	i s í ǃʰ eː pʰ ú
isiqhimu	í s i ǃʰ íː m u
isiqhingana	í s i ǃʰ í n ɡ aː n a
isiqhingi	í s i ǃʰ íː n ɡ i
isiqimu	í s i ǃ íː m u
isiqinti	i s í ǃ iː n t i
isiqithi	i s í ǃ iː tʰ i
isiqopha	i s í ǃ oː pʰ a
isiqoqo	í s i ǃ ôː ǃ o
isiquba	í s i ǃ úː ɓ a
isisebenzi	í s i s e ɓ éː n z i
isishayina	í s i ʃ a j íː n a
isishiyagalolunye	í s i ʃ í j a ɡ a l o l uː ɲ e
isishiyagalombili	í s i ʃ í j a ɡ a l o m b iː l í
isishuqulu	í s i ʃ ú ǃ uː l ú
isishushiso	i s i ʃ ú ʃ iː s o
isisu	i s íː s u
isisuthu	í s i s ûː tʰ u
isiswazi	i s í s w aː z i
isiswebhu	í s i s w éː b u
isitambu	í s i t áː m b u
isiteleka	i s í t e l éː ɠ a
isitha	í s iː tʰ á
isitha	íː s iː tʰ a
isithando	i s í tʰ aː n d o
isithandwa	í s i tʰ âː n d w a
isithathu	í s i tʰ âː tʰ u
isithelo	i s í tʰ eː l o
isithembiso	í s i tʰ é m b iː s o
isithixo	i s í tʰ iː ǁ o
isithole	i s í tʰ oː l e
isithombe	í s i tʰ óː m b e
isithunywa	í s i tʰ úː ɲ w a
isithupha	i s í tʰ uː pʰ a
isithutha	i s í tʰ uː tʰ á
isithuthuthu	i s i tʰ ú tʰ uː tʰ u
isithwalambiza	í s i tʰ w á l a m b iː z á
isithwathwa	i s í tʰ w aː tʰ w a
isitimela	i s i t í m eː l a
isitini	í s i t íː n i
isitofu	í s i t óː f u
isitsha	i s íː t ʃ a
isitshalo	í s i t ʃ áː l o
isitshwana	í s i t ʃ w áː n a
isitswana	í s i t s w áː n a
isitulo	í s i t úː l o
isivalo	i s í v aː l o
isivande	í s i v áː n d e
isivimbo	i s í v iː m b o
isixaxa	i s í ǁ aː ǁ a
isixazululo	i s i ǁ a z u l ûː l o
isixhosa	i s í ǁʰ oː s a
isixubho	i s í ǁ uː b o
isixuku	í s i ǁ ûː ɠ u
isixula	í s i ǁ úː l a
isiziba	i s í z iː ɓ a
isizulu	i s í z uː l u
isizwe	i s íː z w e
iso	îː s ó
isoka	íː s oː ɠ a
isondo	îː s ôː n d o
isono	í s ôː n o
isonto	íː s oː n t o
isosa	îː s óː s a
isu	íː s u
isundu	îː s ûː n d u
iswazi	íː s w aː z i
itafula	iː t á f uː l a
ithambo	îː tʰ âː m b o
ithanga	íː tʰ aː n ɡ a
ithanga	íː tʰ aː n ɡ á
itheketheke	iː tʰ e ɠ é tʰ eː ɠ e
itheku	îː tʰ êː ɠ u
ithemba	îː tʰ éː m b a
ithikithi	iː tʰ í ɠ iː tʰ i
ithuba	íː tʰ uː ɓ a
ithumbu	íː tʰ uː m b u
ithunga	îː tʰ ûː n ɡ a
ithusi	îː tʰ úː s i
ithwasa	îː tʰ w áː s a
itiye	îː t íː j e
itshe	íː t ʃ e
itshitshi	îː t ʃ íː t ʃ i
itswayi	íː t s w aː j í
iva	íː v a
ivaka	îː v âː ɠ a
ivesi	îː v éː s i
ivila	íː v iː l a
ivoti	îː v óː t i
ivukusi	íː v u ɠ uː s í
ivukuzi	íː v u ɠ uː z í
iwa	îː w á
iwayini	iː w á j iː n i
iwodi	îː w óː d i
ixhaphozi	iː ǁʰ á pʰ oː z i
ixhegu	íː ǁʰ eː ɡ u
ixhiba	íː ǁʰ iː ɓ a
ixhumela	iː ǁʰ ú m eː l a
ixilongo	îː ǁ i l óː n ɡ o
ixolo	îː ǁ ôː l o
ixoxo	íː ǁ oː ǁ o
ixuku	îː ǁ ûː ɠ u
iyadi	îː j áː d i
iyezi	íː j eː z í
izaba	í z aː ɓ á
izabulo	í z a ɓ úː l o
izala	íː z aː l a
izambane	iː z á m b aː n e
izembe	íː z eː m b e
izigqoko	ì z íᶢ ǃʱ ɔ̀ː ɠ ò
izihlalo	ì z ì ɬ âː l ò
iziko	îː z îː ɠ o
izimu	îː z îː m u
izinga	íː z iː n ɡ a
izinhloni	í z i n ɬ ôː n i
izinkabi	í z ì ŋ k âː ɓ ì
izinkamba	ì z ì ŋ k âː m b à
izinsizwa	í z ì n s íː z w à
izintini	i z i n t î n í
izintombi	ì z ì n t ôː m b í
izinyo	îː z îː ɲ o
izipho	íː z iː pʰ o
izitha	íː z iː tʰ á
izolo	íː z oː l o
izu	îː z ûː
izulu	íː z uː l u
izwamoya	îː z w a m ôː j a
izwe	íː z w e
izwekazi	íː z w e ɠ âː z i
izwi	îː z w í
jana	d ʒ aː n a
kade	k áː d e
kahle	ɠ aː ɬ é
kahleni	ɠ a ɬ éː n i
kakhulu	ɠ a kʰ ûː l u
kambe	k áː m b e
kamnandi	ɠ a m̩ n áː n d i
kanjani	ɠ á ɲ d ʒ aː n í
kanti	k a n t îː
kanye	ɠ aː ɲ e
ke	ɠ e
ke	ɠ é
khama	kʰ aː m a
khiqiza	kʰ i ǃ íː z a
khona	kʰ oː n á
khulu	kʰ ûː l u
khwehlela	kʰ w e ɬ éː l a
khweza	kʰ w éː z a
khwezela	kʰ w e z éː l a
kleza	k x eː z a
konje	k óː ɲ d ʒ e
kude	ɠ úː d e
kusasa	ɠ u s aː s a
kwazulu	ɠ w á z uː l u
kweleta	k w e l eː t a
la	l á
laba	l á ɓ a
labaya	l aː ɓ a j âː
labo	l áː ɓ o
lahla	l áː ɬ a
lala	l áː l a
lala kahle	l á l a ɠ aː ɬ é
lalani kahle	l a l á n i ɠ aː ɬ é
lapha	l áː pʰ a
lapho	l áː pʰ o
lawaya	l aː w a j âː
lawo	l áː w o
le	l é
leli	l é l i
leliya	l eː l i j âː
lelo	l éː l o
lenga	l eː n ɡ a
lesi	l é s i
lesiya	l eː s i j âː
leso	l éː s o
leyaya	l eː j a j âː
leyo	l éː j o
lezi	l é z i
leziya	l eː z i j âː
lezo	l éː z o
libala	l i ɓ aː l a
lo	l o
lo	l ó
loba	l oː ɓ a
lobo	l óː ɓ o
lobu	l ó ɓ u
lobuya	l oː ɓ u j âː
lokho	l óː kʰ o
lokhu	l ó kʰ u
lokhuya	l oː kʰ u j âː
lolo	l óː l o
lolu	l ó l u
loluya	l oː l u j âː
lona	l oː n á
lowaya	l oː w a j âː
lowo	l óː w o
luhlaza	l u ɬ âː z a
luma	l ûː m a
lwa	l w a
madlala	m a ɮʱ aː l a
mahhala	m a ɦ áː l a
maye	mʱ á jʱ êː
mema	m eː m a
mhla	m̩ ɬ a
mhlawumbe	m̩ ɬ a w ûː m b e
mhlophe	m̩ ɬ ôː pʰ e
mina	m iː n á
muntu	m ùː n t ù
musa	mʱ úː s a
na	n a
na	n á
nakanjani	n a ɠ á ɲ d ʒ aː n í
namhlanje	n á m̩ ɬ áː ɲ d ʒ é
nceda	ᵑǀ eː d a
ncedisa	ᵑǀ e d iː s a
ncelisa	ᵑǀ e l íː s a
ncibilika	ᵑǀ i ɓ i l íː ɠ a
ncika	ᵑǀ îː ɠ a
ncintisana	ᵑǀ i n t i s áː n a
ncipha	ᵑǀ îː pʰ a
nciphisa	ᵑǀ i pʰ íː s a
ncokola	ᵑǀ o ɠ oː l a
ndiza	n d iː z a
ndlovu	ⁿɮʱ oː v u
ngaphandle	n ɡ a pʰ âː n ɮ é
ngcola	ᵑǀʱ oː l a
ngcolisa	ᵑǀʱ o l íː s a
ngcwaba	ᵑǀʱ w âː ɓ a
ngeshwa	n ɡ éː ʃ w a
ngikhona	n ɡ i kʰ oː n á
ngiyabonga	n ɡ i j a ɓ oː n ɡ a
ngiyakuthanda	n ɡ i j a ɠ u tʰ áː n d a
ngiyaphila	n ɡ i j a pʰ iː l a
ngoba	n ɡ óː ɓ a
ngokuba	n ɡ o ɠ úː ɓ a
ngomuso	n ɡ o m ûː s ó
ngqongqoza	ᵑǃʱ oᵑ ǃʱ óː z a
nihambe kahle	n í h a m b e ɠ aː ɬ é
nilale kahle	n í l a l e ɠ aː ɬ é
nina	n iː n á
ningi	n îː n ɡ i
nisale kahle	n í s a l e ɠ aː ɬ é
njalo	ɲ d ʒ áː l o
njani	ɲ d ʒ aː n í
nke	n k e
noma	n óː m a
nqaba	ᵑǃ âː ɓ a
nqabela	ᵑǃ a ɓ éː l a
nqaka	ᵑǃ aː ɠ a
nqamuka	ᵑǃ a m úː ɠ a
nqamula	ᵑǃ a m úː l a
nqekuza	ᵑǃ e ɠ úː z a
nqikaza	ᵑǃ i ɠ áː z a
nqoba	ᵑǃ ôː ɓ a
nquma	ᵑǃ úː m a
nqunu	ᵑǃ úː n u
nqwabela	ᵑǃ w a ɓ éː l a
nxa	ᵑǁ âː
nxazonke	ᵑǁ a z óː n k e
nxephepha	ᵑǁ e pʰ éː pʰ a
nyakenye	ɲ a ɠ êː ɲ e
nyenyeza	ɲ e ɲ eː z a
oda	ʔ oː d a
phaka	pʰ aː ɠ a
phakathi	pʰ á ɠ aː tʰ í
phambili	pʰ á m b iː l i
phansi	pʰ âː n s í
phela	pʰ êː l a
phephisa	pʰ e pʰ íː s a
phesheya	pʰ é ʃ éː j a
phezolo	pʰ é z oː l o
phezu	pʰ éː z u
phezulu	pʰ é z uː l u
phinde	pʰ íː n d e
phola	pʰ óː l a
qabatheka	ǃ a ɓ a tʰ éː ɠ a
qabuka	ǃ a ɓ úː ɠ a
qabula	ǃ a ɓ úː l a
qagela	ǃ a ɡ éː l a
qala	ǃ âː l a
qalaza	ǃ a l áː z a
qamba	ǃ âː m b a
qamela	ǃ a m eː l a
qaphela	ǃ a pʰ éː l a
qaqa	ǃ aː ǃ a
qaqamba	ǃ a ǃ aː m b a
qatha	ǃ aː tʰ a
qathaka	ǃ a tʰ áː ɠ a
qeda	ǃ êː d a
qedakala	ǃ e d a ɠ áː l a
qede	ǃ êː d e
qeqebula	ǃ e ǃ e ɓ úː l a
qhakaza	ǃʰ a ɠ áː z a
qhamu	ǃʰ a m u
qhamuka	ǃʰ a m uː ɠ a
qhaqha	ǃʰ aː ǃʰ a
qhaqhazela	ǃʰ a ǃʰ a z eː l a
qhasha	ǃʰ aː ʃ a
qhathanisa	ǃʰ a tʰ a n íː s a
qhebeza	ǃʰ e ɓ eː z a
qhela	ǃʰ eː l a
qhelisa	ǃʰ e l íː s a
qhephuka	ǃʰ e pʰ uː ɠ a
qhesha	ǃʰ eː ʃ a
qhina	ǃʰ iː n a
qhiyama	ǃʰ i j aː m a
qhubeka	ǃʰ u ɓ éː ɠ a
qhuma	ǃʰ uː m a
qhutha	ǃʰ uː tʰ a
qhuthula	ǃʰ u tʰ úː l a
qhwaga	ǃʰ w aː ɡ a
qhwaya	ǃʰ w aː j a
qhweba	ǃʰ w eː ɓ a
qinisela	ǃ i n i s éː l a
qoba	ǃ oː ɓ a
qoka	ǃ oː ɠ a
qoma	ǃ oː m a
qomisa	ǃ o m íː s a
qonda	ǃ oː n d a
qondisa	ǃ o n d íː s a
qoqa	ǃ ôː ǃ a
quba	ǃ úː ɓ a
quleka	ǃ u l éː ɠ a
qumba	ǃ uː m b a
qwasha	ǃ w aː ʃ a
qwashaza	ǃ w a ʃ áː z a
sala kahle	s á l a ɠ aː ɬ é
salani kahle	s a l á n i ɠ aː ɬ é
sanibona	s a n i ɓ óː n a
sanibonani	s a n i ɓ o n áː n i
sawubona	s a w u ɓ óː n a
sebenza	s e ɓ éː n z a
shaqa	ʃ a ǃ a
shaqa	ʃ aː ǃ a
shaqeka	ʃ a ǃ eː ɠ a
shwabana	ʃ w a ɓ áː n a
singa	s iː n ɡ a
soka	s oː ɠ a
sombu	s o m b u
sombuluka	s o m b u l uː ɠ a
sombulula	s o m b u l uː l a
sona	s oː n á
swaca	s w aː ǀ a
swakama	s w a ɠ áː m a
teleka	t e l eː ɠ a
thathu	tʰ âː tʰ u
thetha	tʰ êː tʰ a
thina	tʰ iː n á
thukuthela	tʰ u ɠ u tʰ eː l a
thula	tʰ úː l a
thwala	tʰʷ áː l a
ubaba	ú ɓ aː ɓ á
ubabekazi	ú ɓ a ɓ é ɠ aː z i
ubala	ûː ɓ âː l a
ubambo	úː ɓ aː m b o
ubani	ú ɓ aː n í
ubasi	ú ɓ áː s i
ubhadi	ú b aː d í
ubhaka	ú b áː ɠ a
ubhanana	ú b a n áː n a
ubhavu	ú b áː v u
ubhejane	u b é d ʒ aː n e
ubheseni	u b e s êː n i
ubhiya	ú b iː j á
ubhiye	ú b iː j é
ubhobhobho	u b ó b oː b o
ubhoko	úː b oː ɠ o
ubhontshisi	u b o ɲ t ʃ îː s i
ubhoshobana	ú b o ʃ ó ɓ aː n a
ubhova	ú b oː v á
ubhozo	ú b oː z o
ubhusha	ú b uː ʃ á
ubhusha	ú b úː ʃ a
ubisi	ûː ɓ îː s i
ubolo	úː ɓ oː l o
ubomvu	úː ɓ oː m v ú
uboya	ú ɓ oː j á
ububanzi	u ɓ ú ɓ aː n z í
ububhibhi	u ɓ ú b iː b i
ububi	ú ɓ uː ɓ í
ububomvu	u ɓ ú ɓ oː m v ú
ubuchopho	u ɓ ú ǀʰ oː pʰ o
ubuciko	ú ɓ u ǀ îː ɠ o
ubudala	ú ɓ u d áː l a
ubude	u ɓ úː d e
ubudlelwane	ú ɓ u ɮ e l w âː n e
ubudoda	u ɓ ú d oː d a
ubugqila	u ɓ úᶢ ǃʱ iː l á
ubugwala	u ɓ ú ɡ w aː l á
ubuhlalu	u ɓ ú ɬ aː l ú
ubuhlanya	u ɓ ú ɬ aː ɲ a
ubuhlanzo	ú ɓ u ɬ âː n z o
ubuhle	ú ɓ uː ɬ é
ubuhleli	u ɓ ú ɬ eː l i
ubuhlobo	u ɓ ú ɬ oː ɓ o
ubuhlungu	ú ɓ u ɬ ûː n ɡ u
ubukhali	ú ɓ u kʰ áː l i
ubukhosazana	ú ɓ u kʰ o s á z aː n a
ubukhosikazi	ú ɓ u kʰ o s í ɠ aː z i
ubukhulu	ú ɓ u kʰ ûː l u
ubukhuphekhuphe	u ɓ u kʰ u pʰ é kʰ uː pʰ e
ubuluhlaza	ú ɓ u l u ɬ âː z a
ubumhlophe	ú ɓ u m̩ ɬ ôː pʰ e
ubumnene	ú ɓ u m̩ n êː n e
ubumnyama	ú ɓ u m̩ ɲ áː m a
ubumpi	ú ɓ uː m p í
ubumpofu	ú ɓ u m p ôː f u
ubumpohlo	u ɓ ú m p oː ɬ o
ubumtoti	ú ɓ u m̩ t ôː t i
ubuncane	ú ɓ uᵑ ǀ áː n e
ubundlalifa	ú ɓ u n ɮ a l îː f a
ubungane	u ɓ ú n ɡ aː n e
ubungane	ú ɓ u n ɡ áː n e
ubungcono	ú ɓ uᵑ ǀʱ óː n o
ubungqa	u ɓ úːᵑ ǃʱ a
ubungqo	u ɓ úːᵑ ǃʱ o
ubungqolokosho	u ɓ uᵑ ǃʱ o l ó ɠ oː ʃ o
ubuningi	ú ɓ u n îː n ɡ i
ubunjani	u ɓ ú ɲ d ʒ aː n í
ubunqunu	ú ɓ uᵑ ǃ úː n u
ubunsomi	ú ɓ u n s ôː m i
ubuntu	u ɓ úː n t u
ubuntwana	u ɓ ú n t w aː n a
ubunxele	ú ɓ uᵑ ǁ êː l e
ubunyakanyaka	u ɓ u ɲ a ɠ á ɲ aː ɠ a
ubunye	u ɓ úː ɲ e
ubuphansi	ú ɓ u pʰ âː n s i
ubuqhawe	ú ɓ u ǃʰ áː w e
ubuqotho	u ɓ ú ǃ oː tʰ o
ubusha	ú ɓ uː ʃ á
ubusika	ú ɓ u s îː ɠ a
ubuso	ú ɓ uː s ó
ubusuku	ú ɓ u s ûː ɠ u
ubutha	ú ɓ uː tʰ á
ubuthakathaka	ú ɓ u tʰ á ɠ a tʰ áː ɠ a
ubuthi	ú ɓ uː tʰ í
ubuthongo	u ɓ ú tʰ oː n ɡ o
ubuthuntu	u ɓ ú tʰ uː n t u
ubuthutha	u ɓ ú tʰ uː tʰ á
ubuvaka	ú ɓ u v âː ɠ a
ubuvila	u ɓ ú v iː l a
ubuxhegu	u ɓ ú ǁʰ eː ɡ u
ubuzimu	ú ɓ u z îː m u
ubuzwe	u ɓ úː z w e
uchakide	ú ǀʰ a ɠ íː d e
ucingo	úː ǀ iː n ɡ ó
ucwecwe	úː ǀ w eː ǀ w é
udaba	úː d aː ɓ a
udaka	úː d aː ɠ a
udlame	ûː ɮ̈ áː m e
udlawu	úː ɮ aː w u
udokotela	u d o ɠ ó t eː l a
udoli	ú d oː l í
udondolo	úː d o n d ôː l o
udonga	úː d oː n ɡ á
udoti	ú d óː t i
udwi	ú d w îː
ufezela	ú f e z éː l a
ufu	úː f u
ufudu	ûː f ûː d u
ugadi	ú ɡ áː d i
ugalo	úː ɡ aː l o
ugamthilini	ú ɡ a m tʰ i l íː n i
uganandela	ú ɡ a n a n d éː l a
ugazi	úː ɡ aː z í
ugesi	ú ɡ éː s i
ugigi	ú ɡ íː ɡ i
ugogo	ú ɡ óː ɡ o
ugologo	ú ɡ o l óː ɡ o
ugqozi	ûːᶢ ǃʱ ôː z i
ugu	úː ɡ u
ugwadule	ûː ɡ w a d ûː l e
ugwava	ú ɡ w aː v á
ugwayi	ú ɡ w aː j í
ugxa	úːᶢ ǁʱ a
uhabhu	ûː h áː b u
uhambe kahle	ú h a m b e ɠ aː ɬ é
uhambo	ûː h áː m b o
uhele	ûː h êː l e
uhhafu	ú ɦ áː f u
uhla	úː ɬ a
uhlaka	úː ɬ aː ɠ á
uhlamvu	ûː ɬ âː m v u
uhlangothi	ûː ɬ a n ɡ óː tʰ i
uhlanya	úː ɬ aː ɲ a
uhlaza	ûː ɬ âː z a
uhleko	úː ɬ eː ɠ o
uhlelo	úː ɬ eː l o
uhlobo	úː ɬ oː ɓ o
uhlu	úː ɬ u
uhulumeni	ú h u l u m éː n i
ujamu	ú d ʒ áː m u
ujehova	ú d ʒ e h óː v a
ujeke	ú d ʒ éː ɠ e
ujele	ú d ʒ êː l e
ujesu	ú d ʒ éː s u
ujinja	ú d ʒ íː ɲ d ʒ a
uju	úː d ʒ u
ujusi	ú d ʒ úː s i
ukhali	ú kʰ aː l í
ukhamba	úː kʰ aː m b a
ukhetho	úː kʰ eː tʰ o
ukhisimusi	u kʰ i s í m uː s i
ukhokho	ú kʰ óː kʰ o
ukholwase	ú kʰ ó l w aː s e
ukhongolose	ú kʰ o n ɡ o l ôː s e
ukhonkolo	u kʰ ó n k oː l o
ukhophe	úː kʰ oː pʰ e
ukhozi	ûː kʰ ôː z i
ukhuni	ûː kʰ ûː n i
ukhwathu	úː kʰ w aː tʰ u
ukhweshe	ú kʰ w eː ʃ e
ukhweshe	úː kʰ w eː ʃ e
ukoko	ú k óː k o
ukotini	u k ó t iː n i
ukubulala	ú ɠ u ɓ u l áː l a
ukucwila	u ɠ ú ǀ w iː l a
ukudla	ú ɠ uː ɮʱ á
ukudoba	ú ɠ u d ôː ɓ a
ukudweba	ú ɠ u d w éː ɓ a
ukufa	ú ɠ uː f á
ukugeza	u ɠ ú ɡ eː z a
ukugqwala	u ɠ úᶢ ǃʱ w aː l a
ukugula	u ɠ ú ɡ uː l a
ukugxeka	u ɠ úᶢ ǁʱ eː ɠ a
ukuhlamba	u ɠ ú ɬ aː m b a
ukuhlikihla	u ɠ u ɬ í ɠ iː ɬ a
ukuhlwa	u ɠ úː ɬ w a
ukukhanya	u ɠ ú kʰ aː ɲ a
ukulwa	u ɠ úː l w a
ukuma	ú ɠ uː m á
ukumangala	u ɠ u m á n ɡ aː l a
ukuna	u ɠ úː n a
ukuncoma	u ɠ úᵑ ǀ oː m a
ukunene	ú ɠ u n êː n e
ukungcola	u ɠ úᵑ ǀʱ oː l a
ukungenisa	ú ɠ u n ɡ e n íː s a
ukungqubuzana	u ɠ uᵑ ǃʱ u ɓ ú z aː n a
ukunqoba	ú ɠ uᵑ ǃ ôː ɓ a
ukunto	ú ɠ uː n t ó
ukuntshontsha	u ɠ ú ɲ t ʃ oː ɲ t ʃ a
ukunxele	ú ɠ uᵑ ǁ êː l e
ukunyenyeza	u ɠ u ɲ é ɲ eː z a
ukunyenyeza	u ɠ ú ɲ e ɲ éː z a
ukupela	ú ɠ u p éː l a
ukupheka	u ɠ ú pʰ eː ɠ a
ukuphela	ú ɠ u pʰ éː l a
ukuphoqa	u ɠ ú pʰ oː ǃ a
ukuphutha	u ɠ ú pʰ uː tʰ a
ukuqala	ú ɠ u ǃ âː l a
ukuqaphela	u ɠ u ǃ á pʰ eː l a
ukuqhuma	u ɠ ú ǃʰ uː m a
ukuqoma	u ɠ ú ǃ oː m a
ukusa	u ɠ úː s a
ukusa	ú ɠ uː s á
ukushisa	ú ɠ u ʃ íː s a
ukuthula	ú ɠ u tʰ úː l a
ukuze	u ɠ úː z e
ukuzibulala	ú ɠ u z i ɓ ú l áː l a
ukuzigqaja	u ɠ ú z iᶢ ǃʱ áː d ʒ a
ukwi	ûː k w í
ukwindla	ú ɠ w iː n ɮ á
ulale kahle	ú l a l e ɠ aː ɬ é
uletisi	ú l é t iː s i
ulimi	ûː l îː m i
ulwandle	ûː l w âː n ɮ e
ulwazi	úː l w aː z í
ulwesibili	ú l w e s í ɓ iː l í
ulwesihlanu	ú l w é s i ɬ áː n u
ulwesine	ú l w e s íː n e
ulwesithathu	ú l w é s i tʰ âː tʰ u
ulwezi	ú l w eː z í
ulwezi	úː l w eː z i
uma	úː m a
umabelo	u m á ɓ eː l o
umabi	u m áː ɓ i
umabo	u m áː ɓ o
umafikazisina	u m á f i ɠ a z i s íː n a
umakhelwane	ú m a kʰ é l w aː n e
umakhi	ú m âː kʰ i
umalukazi	u m á l u ɠ áː z i
umalume	ú m a l ûː m e
umama	ú mʱ áː m a
umame	ú m aː m é
umandulo	u m á n d uː l o
umaquba	ú m a ǃ úː ɓ a
umashiqela	ú m a ʃ i ǃ êː l a
umasingana	u m a s í n ɡ aː n a
umata	ú m áː t a
umbala	ú m̩ ɓ âː l a
umbaso	u ḿ̩ ɓ aː s o
umbayimbayi	ú m b a j i m b áː j i
umbhali	ú m̩ b âː l i
umbhalo	ú m̩ b âː l o
umbhede	ú m̩ b éː d e
umbhicongo	u ḿ̩ b i ǀ óː n ɡ o
umbhidli	u ḿ̩ b iː ɮ i
umbhubhudlo	ú m̩ b u b úː ɮ o
umbiko	ú m̩ ɓ íː ɠ o
umboko	ú m̩ ɓ ôː ɠ o
umbombo	u ḿ̩ ɓ oː m b ó
umbono	ú m̩ ɓ ôː n o
umbulali	ú m̩ ɓ u l áː l i
umcebo	u ḿ̩ ǀ eː ɓ o
umcubungulo	u m̩ ǀ u ɓ ú n ɡ uː l o
umculi	u ḿ̩ ǀ uː l i
umculo	u ḿ̩ ǀ uː l o
umcwaningi	u ḿ̩ ǀ w a n íː n ɡ i
umcwebo	u ḿ̩ ǀ w eː ɓ o
umdabu	u ḿ̩ d aː ɓ u
umdanso	u ḿ̩ d aː n s o
umdidi	ú m̩ d íː d i
umdlali	ú m̩ ɮ áː l i
umdlalo	ú m̩ ɮ âː l o
umdlwenguli	ú m̩ ɮ w é n ɡ uː l i
umduzu	u ḿ̩ d uː z u
umdwebo	ú m̩ d w éː ɓ o
umdweshu	ú m̩ d w éː ʃ u
umebo	ú m êː ɓ o
umelusi	u m é l uː s i
umendo	u m éː n d o
umenzi	u m éː n z i
umese	ú mʱ eː s e
umfana	ú m̩ f áː n a
umfanyana	ú m̩ f á ɲ aː n a
umfazi	ú m̩ f âː z i
umfelokazi	u ḿ̩ f e l o ɠ âː z i
umfino	ú m̩ f íː n o
umfokazana	ú m̩ f o ɠ á z aː n a
umfokazi	ú m̩ f ó ɠ aː z i
umfudlana	u m̩ f ú ɮ aː n a
umfula	u ḿ̩ f uː l a
umfumfu	ú m f uː m f ú
umfundi	ú m̩ f úː n d i
umfundisi	ú m̩ f u n d íː s i
umfundisi	ú m̩ f ú n d iː s i
umfuyi	ú m̩ f úː j i
umgankla	ú m̩ ɡ áː n k l a
umganu	u ḿ̩ ɡ aː n ú
umgcagco	u ḿ̩ᶢ ǀʱ aːᶢ ǀʱ o
umgede	ú m̩ ɡ éː d e
umgibeli	ú m̩ ɡ i ɓ éː l i
umgodi	u ḿ̩ ɡ oː d í
umgqibelo	u ḿ̩ᶢ ǃʱ i ɓ éː l o
umgqomo	ú mᶢ ǃʱ ôː m o
umgqulo	ú m̩ᶢ ǃʱ ûː l o
umgungundlovu	u m̩ ɡ u n ɡ ú n ɮ oː v u
umgwamanda	u ḿ̩ ɡ w a m aː n d á
umgwaqana	u m̩ ɡ w a ǃ âː n a
umgwaqo	u ḿ̩ ɡ w aː ǃ o
umgwebi	u ḿ̩ ɡ w eː ɓ i
umgwenya	ú m̩ ɡ w êː ɲ a
umgxala	u ḿ̩ᶢ ǁʱ aː l á
umhlaba	u ḿ̩ ɬ aː ɓ a
umhlaba	ú m̩ ɬ âː ɓ a
umhlabathi	ú m̩ ɬ a ɓ âː tʰ i
umhlane	u ḿ̩ ɬ aː n é
umhlanga	u ḿ̩ ɬ aː n ɡ a
umhlangano	u m̩ ɬ á n ɡ aː n o
umhlathi	ú m̩ ɬ âː tʰ i
umhlaza	ú m̩ ɬ âː z a
umhleli	u ḿ̩ ɬ eː l i
umhlengi	u ḿ̩ ɬ eː n ɡ i
umhlobo	u ḿ̩ ɬ oː ɓ o
umhloli	ú m̩ ɬ óː l i
umhlophe	ú m̩ ɬ ôː pʰ e
umhlophekazi	ú m̩ ɬ o pʰ é ɠ aː z i
umhlukazi	ú m̩ ɬ ú ɠ aː z i
umhluzi	u ḿ̩ ɬ uː z í
umhlwazi	ú m̩ ɬ w áː z i
umhuzulo	u m̩ h ú z uː l o
umhwebi	u ḿ̩ h w eː ɓ i
umhwebo	u ḿ̩ h w eː ɓ o
umisi	ú m íː s i
umjaho	u ḿ̩ d ʒ aː h o
umjondolo	u m̩ d ʒ ó n d oː l o
umjovo	u ḿ̩ d ʒ oː v o
umjuluko	u m̩ d ʒ u l ûː ɠ o
umkhabo	u ḿ̩ kʰ aː ɓ o
umkhathi	u ḿ̩ kʰ aː tʰ í
umkhawulo	u ḿ̩ kʰ a w úː l o
umkhaya	ú m̩ kʰ âː j a
umkhemese	u m kʰ é m eː s e
umkhetho	u ḿ̩ kʰ eː tʰ o
umkhomazi	u ḿ̩ kʰ o m áː z i
umkhombo	u ḿ̩ kʰ oː m b o
umkhomo	u ḿ̩ kʰ oː m ó
umkhono	ú m̩ kʰ ôː n o
umkhonto	ú m̩ kʰ óː n t o
umkhovu	ú m̩ kʰ óː v u
umkhuba	ú m̩ kʰ úː ɓ a
umkhulu	ú m̩ kʰ ûː l u
umkhumbi	ú m̩ kʰ ûː m b i
umkhumbimkhathi	ú m̩ kʰ u m b i ḿ̩ kʰ aː tʰ í
umkhwekazi	ú m̩ kʰ w é ɠ aː z i
umkhwelo	ú m̩ kʰ w éː l o
umkhwenyana	ú m̩ kʰ w é ɲ aː n a
umklomelo	u m̩ k x ó m eː l o
umlambo	u ḿ̩ l aː m b o
umlamu	ú m̩ l âː m u
umlenze	u ḿ̩ l eː n z e
umlilo	u ḿ̩ l iː l o
umlimi	u ḿ̩ l iː m i
umlisa	ú m̩ l íː s a
umlobi	ú m̩ l óː ɓ i
umlobokazi	ú m̩ l o ɓ o ɠ âː z i
umlomo	u ḿ̩ l oː m o
umlotha	u ḿ̩ l oː tʰ a
umlungu	u ḿ̩ l uː n ɡ u
ummbila	ú m̩ m b íː l a
ummese	u ḿ̩ m eː s é
umncintiswano	u m̩ᵑ ǀ i n t í s w aː n o
umndeni	u ḿ̩ n d eː n i
umnenke	u ḿ̩ n eː n k e
umngane	u ḿ̩ n ɡ aː n e
umngcwabo	ú m̩ᵑ ǀʱ w âː ɓ o
umngqithi	u ḿ̩ᵑ ǃʱ iː tʰ i
umngquphane	ú m̩ᵑ ǃʱ u pʰ âː n e
umnguni	u ḿ̩ n ɡ uː n í
umnqobi	ú mᵑ ǃ ôː ɓ i
umnqumo	u ḿ̩ᵑ ǃ uː m o
umntwana	u ḿ̩ n t w aː n a
umnyama	ú m̩ ɲ áː m a
umnyango	u ḿ̩ ɲ aː n ɡ o
umnyelele	u m̩ ɲ é l eː l e
umoba	ú m oː ɓ á
umona	ú m oː n á
umonya	úː m oː ɲ á
umoya	ú m ôː j a
umpetshisi	u m̩ p é t ʃ iː s i
umphakathi	ú m̩ pʰ á ɠ aː tʰ í
umphako	ú m̩ pʰ âː ɠ o
umphambili	ú m̩ pʰ á m b iː l i
umphansi	ú m̩ pʰ âː n s i
umphefumulo	u m̩ pʰ e f ú m uː l o
umpheki	u ḿ̩ pʰ eː ɠ i
umphimbo	ú m̩ pʰ îː m b o
umphumela	ú m̩ pʰ ú m eː l á
umqala	u ḿ̩ ǃ aː l a
umqali	ú m̩ ǃ âː l i
umqamelo	u m̩ ǃ á m eː l o
umqhele	u ḿ̩ ǃʰ eː l e
umqolo	ú m̩ ǃ ôː l o
umqondo	u ḿ̩ ǃ oː n d o
umqophi	u ḿ̩ ǃ oː pʰ i
umqotho	u ḿ̩ ǃ oː tʰ o
umquba	u ḿ̩ ǃ uː ɓ a
umqwakuza	u m̩ ǃ w á ɠ uː z a
umrawu	ú m̩ r âː w u
umsebenzi	ú m̩ s e ɓ éː n z i
umsebenzi	ú m̩ s e ɓ êː n z i
umsebenzisi	u ḿ̩ s e ɓ e n z íː s i
umshado	u ḿ̩ ʃ aː d o
umshana	ú m̩ ʃ áː n a
umshini	ú m̩ ʃ íː n i
umshiya	ú m̩ ʃ îː j a
umshumayeli	u ḿ̩ ʃ u m á j eː l i
umshushisi	u m̩ ʃ ú ʃ iː s i
umshushiso	u m̩ ʃ ú ʃ iː s o
umshwana	u ḿ̩ ʃ w aː n a
umsila	ú m̩ s îː l a
umsindo	ú m̩ s íː n d o
umsolwa	u ḿ̩ s oː l w a
umsombuluko	u m̩ s o m b u l ûː ɠ o
umsuka	u ḿ̩ s uː ɠ á
umsundu	ú m̩ s ûː n d u
umsuthu	ú m̩ s ûː tʰ u
umswakama	ú m̩ s w á ɠ aː m á
umtata	u ḿ̩ t aː t á
umthambo	ú m̩ tʰ áː m b o
umthamo	ú m̩ tʰ áː m o
umthandi	u ḿ̩ tʰ aː n d i
umthandi	ú m̩ tʰ âː n d i
umthembu	ú m̩ tʰ êː m b u
umthetho	ú m̩ tʰ êː tʰ o
umthofu	u ḿ̩ tʰ oː f u
umthombo	ú m̩ tʰ ôː m b o
umthunzi	ú m̩ tʰ ûː n z i
umthuqu	u ḿ̩ tʰ uː ǃ u
umthwalo	ú m̩ tʰ w áː l o
umtoti	ú m̩ t ôː t i
umtshwana	ú m̩ t ʃ w áː n a
umtswana	ú m̩ t s w áː n a
umtube	ú m̩ t úː ɓ e
umudwa	ú m uː d w á
umufi	ú m uː f í
umufo	ú m uː f ó
umuga	ú m uː ɡ á
umugqa	u m úːᶢ ǃʱ a
umuhla	ú m ûː ɬ a
umuhlwa	ú m uː ɬ w á
umukhwa	ú m uː kʰ w á
umukhwe	ú m uː kʰ w é
umumba	ú m uː m b á
umumbi	u m úː m b i
umumo	ú m uː m ó
umunca	úː m uːᵑ ǀ a
umunqa	u m úːᵑ ǃ a
umunswi	ú m uː n s w í
umuntu	u m úː n t u
umuntu ngumuntu ngabantu	u m u n t u n ɡ u m u n t u n ɡ a ɓ aː n t u
umunwe	u m úː n w e
umunyu	u m úː ɲ u
umusa	ú m uː s á
umusho	u m úː ʃ o
umusi	ú m uː s í
umuso	ú m uː s ó
umuthi	ú m uː tʰ í
umuthwa	ú m uː tʰ w á
umuva	ú m uː v á
umuvi	u m úː v i
umuwa	ú m uː w á
umuzi	u m úː z i
umuzwa	ú m uː z w á
umvimba	u ḿ̩ v iː m b a
umvingqi	ú m v íːᵑ ǃʱ i
umvithi	u ḿ̩ v iː tʰ i
umvoti	ú m̩ v óː t i
umvubu	u ḿ̩ v uː ɓ ú
umvundla	ú m̩ v ûː n ɮ a
umvuno	ú m̩ v ûː n o
umvuzi	u ḿ̩ v uː z i
umvuzo	u ḿ̩ v uː z o
umxhapho	u ḿ̩ ǁʰ aː pʰ o
umxhosa	u ḿ̩ ǁʰ oː s a
umyeni	u ḿ̩ j eː n i
umzala	ú m̩ z áː l a
umzali	ú m̩ z áː l i
umzamo	u ḿ̩ z aː m o
umzekelo	u m̩ z e ɠ êː l o
umzimba	ú m̩ z îː m b a
umzingeli	ú m̩ z i n ɡ éː l i
umzukulu	u ḿ̩ z u ɠ ûː l u
umzulu	u ḿ̩ z uː l u
umzuzu	u ḿ̩ z uː z ú
umzuzwana	u ḿ̩ z u z w áː n a
uncedo	úːᵑ ǀ eː d o
uncibijane	úᵑ ǀ i ɓ í d ʒ aː n é
uncwaba	úᵑ ǀ w áː ɓ a
undasa	ú n d aː s á
unesi	ú n éː s i
ungcede	úᵑ ǀʱ éː d e
ungqi	ǔːᵑ ǃʱ i
ungqo	ǔːᵑ ǃʱ o
ungqongqoshe	uᵑ ǃʱ óᵑ ǃʱ oː ʃ e
ungulazibuya	ú n ɡ u l a z i ɓ ûː j a
ungwaqa	ú n ɡ w aː ǃ a
unhlaba	ú n ɬ âː ɓ a
unhlangula	u n ɬ á n ɡ uː l a
unhlangulana	u n ɬ a n ɡ u l âː n a
unhlolanja	ú n ɬ ó l aː ɲ d ʒ á
unina	ú n iː n a
unkamisa	ú n k a m íː s a
unkulunkulu	ú n k u l ú n k uː l ú
unobhala	u n ó b aː l a
unogwaja	u n ó ɡ w aː d ʒ a
unohha	u nʱ óː ɦ a
unondwebu	ú n o n d w éː ɓ u
unqangi	úᵑ ǃ âː n ɡ i
unswinswinswi	ú n s w i n s w íː n s w i
untulikazi	u n t u l í ɠ aː z i
unwabu	ûː n w âː ɓ u
unwele	ûː n w éː l e
unya	úː ɲ a
unyaka	ú ɲ âː ɠ a
unyawo	úː ɲ aː w o
unyazi	úː ɲ aː z i
unyelele	uː ɲ é l eː l e
unyembezi	uː ɲ é m b eː z i
unyezi	ú ɲ eː z í
unyoko	ú ɲ oː ɠ o
unzo	ú n z ôː
unzoqhwishi	ú n z óː ǃʰ w iː ʃ i
upende	ú p éː n d e
uphahla	úː pʰ aː ɬ a
uphaphe	úː pʰ aː pʰ é
uphayinaphu	ú pʰ a j í n aː pʰ u
uphepha	ú pʰ éː pʰ a
uphephela	u pʰ é pʰ eː l a
uphondo	úː pʰ oː n d o
uqhezu	úː ǃʰ eː z ú
uqhoqhoqho	u ǃʰ ó ǃʰ oː ǃʰ o
uqhwishi	ú ǃʰ w iː ʃ i
uqobo	úː ǃ oː ɓ o
usale kahle	ú s a l e ɠ aː ɬ é
usana	ûː s áː n a
usapho	úː s aː pʰ o
usawoti	u s á w oː t i
usepthemba	u s e p tʰ eː m b a
ushaka	ú ʃ aː ɠ a
ushizi	ú ʃ iː z i
ushukela	u ʃ ú ɠ eː l a
usiba	ûː s íː ɓ a
usogekle	ú s ó ɡ eː k x e
usuku	ûː s ûː ɠ u
utamatisi	ú t a m á t iː s i
uthando	ûː tʰ âː n d o
uthango	ûː tʰ âː n ɡ o
uthi	ûː tʰ í
uthuli	i z iⁿ tʼ ûː l i
uthuli	úː tʰ uː l i
utshana	ú t ʃ aː n a
utshani	ú t ʃ âː n i
utshwala	ú t ʃ w aː l á
uvalo	úː v aː l o
uve	ûː v é
uvolo	ú v óː l o
uweta	ú w eː t á
uxamu	ú ǁ âː m u
uxolo	úː ǁ oː l o
uyihlo	ú j iː ɬ ó
uyise	ú j iː s é
uzamcolo	ú z a m̩ ǀ ôː l o
uzekamanzi	ú z e ɠ á m âː n z i
uzibandlela	u z i ɓ á n ɮ eː l a
uzibuthe	ú z i ɓ ûː tʰ e
uzipho	úː z iː pʰ o
uzulu	ú z uː l u
uzwane	úː z w aː n e
vuya	v uː j a
wena	w eː n á
wololo	w ó l o l ôː
wona	w oː n á
xega	ǁ eː ɡ a
xegisa	ǁ e ɡ iː s a
xhapha	ǁʰ aː pʰ a
xhasa	ǁʰ áː s a
xhuga	ǁʰ uː ɡ a
xhuma	ǁʰ uː m a
xokozela	ǁ o ɠ o z éː l a
xola	ǁ oː l a
xoxa	ǁ oː ǁ a
xuba	ǁ uː ɓ a
xubana	ǁ u ɓ aː n a
xubha	ǁ uː b a
xwaya	ǁ w áː j a
xwayisa	ǁ w a j íː s a
yebo	jʱ éː ɓ o
yeka	j eː ɠ a
yena	j eː n á
yona	j oː n á
za	z a
zala	z áː l a
ze	z e
ze	z é
zona	z oː n á
